[2026-05-24T13:29:19.623+0000] {processor.py:161} INFO - Started process (PID=4226) to work on /home/varn1t/ml-pipeline/venv/lib/python3.11/site-packages/airflow/example_dags/example_skip_dag.py
[2026-05-24T13:29:19.624+0000] {processor.py:830} INFO - Processing file /home/varn1t/ml-pipeline/venv/lib/python3.11/site-packages/airflow/example_dags/example_skip_dag.py for tasks to queue
[2026-05-24T13:29:19.625+0000] {logging_mixin.py:188} INFO - [2026-05-24T13:29:19.624+0000] {dagbag.py:545} INFO - Filling up the DagBag from /home/varn1t/ml-pipeline/venv/lib/python3.11/site-packages/airflow/example_dags/example_skip_dag.py
[2026-05-24T13:29:19.630+0000] {processor.py:840} INFO - DAG(s) 'example_skip_dag' retrieved from /home/varn1t/ml-pipeline/venv/lib/python3.11/site-packages/airflow/example_dags/example_skip_dag.py
[2026-05-24T13:29:19.680+0000] {logging_mixin.py:188} INFO - [2026-05-24T13:29:19.680+0000] {dag.py:3096} INFO - Sync 1 DAGs
[2026-05-24T13:29:19.788+0000] {logging_mixin.py:188} INFO - [2026-05-24T13:29:19.788+0000] {dag.py:3954} INFO - Setting next_dagrun for example_skip_dag to 2026-05-23 00:00:00+00:00, run_after=2026-05-24 00:00:00+00:00
[2026-05-24T13:29:19.801+0000] {processor.py:183} INFO - Processing /home/varn1t/ml-pipeline/venv/lib/python3.11/site-packages/airflow/example_dags/example_skip_dag.py took 0.181 seconds
[2026-05-24T13:30:10.315+0000] {processor.py:161} INFO - Started process (PID=4446) to work on /home/varn1t/ml-pipeline/venv/lib/python3.11/site-packages/airflow/example_dags/example_skip_dag.py
[2026-05-24T13:30:10.316+0000] {processor.py:830} INFO - Processing file /home/varn1t/ml-pipeline/venv/lib/python3.11/site-packages/airflow/example_dags/example_skip_dag.py for tasks to queue
[2026-05-24T13:30:10.317+0000] {logging_mixin.py:188} INFO - [2026-05-24T13:30:10.317+0000] {dagbag.py:545} INFO - Filling up the DagBag from /home/varn1t/ml-pipeline/venv/lib/python3.11/site-packages/airflow/example_dags/example_skip_dag.py
[2026-05-24T13:30:10.322+0000] {processor.py:840} INFO - DAG(s) 'example_skip_dag' retrieved from /home/varn1t/ml-pipeline/venv/lib/python3.11/site-packages/airflow/example_dags/example_skip_dag.py
[2026-05-24T13:30:10.333+0000] {logging_mixin.py:188} INFO - [2026-05-24T13:30:10.333+0000] {dag.py:3096} INFO - Sync 1 DAGs
[2026-05-24T13:30:10.345+0000] {logging_mixin.py:188} INFO - [2026-05-24T13:30:10.345+0000] {dag.py:3954} INFO - Setting next_dagrun for example_skip_dag to 2026-05-23 00:00:00+00:00, run_after=2026-05-24 00:00:00+00:00
[2026-05-24T13:30:10.467+0000] {processor.py:183} INFO - Processing /home/varn1t/ml-pipeline/venv/lib/python3.11/site-packages/airflow/example_dags/example_skip_dag.py took 0.157 seconds
[2026-05-24T13:31:17.453+0000] {processor.py:161} INFO - Started process (PID=4737) to work on /home/varn1t/ml-pipeline/venv/lib/python3.11/site-packages/airflow/example_dags/example_skip_dag.py
[2026-05-24T13:31:17.454+0000] {processor.py:830} INFO - Processing file /home/varn1t/ml-pipeline/venv/lib/python3.11/site-packages/airflow/example_dags/example_skip_dag.py for tasks to queue
[2026-05-24T13:31:17.455+0000] {logging_mixin.py:188} INFO - [2026-05-24T13:31:17.455+0000] {dagbag.py:545} INFO - Filling up the DagBag from /home/varn1t/ml-pipeline/venv/lib/python3.11/site-packages/airflow/example_dags/example_skip_dag.py
[2026-05-24T13:31:17.461+0000] {processor.py:840} INFO - DAG(s) 'example_skip_dag' retrieved from /home/varn1t/ml-pipeline/venv/lib/python3.11/site-packages/airflow/example_dags/example_skip_dag.py
[2026-05-24T13:31:17.473+0000] {logging_mixin.py:188} INFO - [2026-05-24T13:31:17.473+0000] {dag.py:3096} INFO - Sync 1 DAGs
[2026-05-24T13:31:17.486+0000] {logging_mixin.py:188} INFO - [2026-05-24T13:31:17.486+0000] {dag.py:3954} INFO - Setting next_dagrun for example_skip_dag to 2026-05-23 00:00:00+00:00, run_after=2026-05-24 00:00:00+00:00
[2026-05-24T13:31:17.500+0000] {processor.py:183} INFO - Processing /home/varn1t/ml-pipeline/venv/lib/python3.11/site-packages/airflow/example_dags/example_skip_dag.py took 0.051 seconds
[2026-05-24T13:32:16.089+0000] {processor.py:161} INFO - Started process (PID=5000) to work on /home/varn1t/ml-pipeline/venv/lib/python3.11/site-packages/airflow/example_dags/example_skip_dag.py
[2026-05-24T13:32:16.090+0000] {processor.py:830} INFO - Processing file /home/varn1t/ml-pipeline/venv/lib/python3.11/site-packages/airflow/example_dags/example_skip_dag.py for tasks to queue
[2026-05-24T13:32:16.091+0000] {logging_mixin.py:188} INFO - [2026-05-24T13:32:16.091+0000] {dagbag.py:545} INFO - Filling up the DagBag from /home/varn1t/ml-pipeline/venv/lib/python3.11/site-packages/airflow/example_dags/example_skip_dag.py
[2026-05-24T13:32:16.096+0000] {processor.py:840} INFO - DAG(s) 'example_skip_dag' retrieved from /home/varn1t/ml-pipeline/venv/lib/python3.11/site-packages/airflow/example_dags/example_skip_dag.py
[2026-05-24T13:32:16.106+0000] {logging_mixin.py:188} INFO - [2026-05-24T13:32:16.106+0000] {dag.py:3096} INFO - Sync 1 DAGs
[2026-05-24T13:32:16.121+0000] {logging_mixin.py:188} INFO - [2026-05-24T13:32:16.120+0000] {dag.py:3954} INFO - Setting next_dagrun for example_skip_dag to 2026-05-23 00:00:00+00:00, run_after=2026-05-24 00:00:00+00:00
[2026-05-24T13:32:16.140+0000] {processor.py:183} INFO - Processing /home/varn1t/ml-pipeline/venv/lib/python3.11/site-packages/airflow/example_dags/example_skip_dag.py took 0.055 seconds
[2026-05-24T13:33:14.784+0000] {processor.py:161} INFO - Started process (PID=5261) to work on /home/varn1t/ml-pipeline/venv/lib/python3.11/site-packages/airflow/example_dags/example_skip_dag.py
[2026-05-24T13:33:14.785+0000] {processor.py:830} INFO - Processing file /home/varn1t/ml-pipeline/venv/lib/python3.11/site-packages/airflow/example_dags/example_skip_dag.py for tasks to queue
[2026-05-24T13:33:14.787+0000] {logging_mixin.py:188} INFO - [2026-05-24T13:33:14.786+0000] {dagbag.py:545} INFO - Filling up the DagBag from /home/varn1t/ml-pipeline/venv/lib/python3.11/site-packages/airflow/example_dags/example_skip_dag.py
[2026-05-24T13:33:14.792+0000] {processor.py:840} INFO - DAG(s) 'example_skip_dag' retrieved from /home/varn1t/ml-pipeline/venv/lib/python3.11/site-packages/airflow/example_dags/example_skip_dag.py
[2026-05-24T13:33:14.802+0000] {logging_mixin.py:188} INFO - [2026-05-24T13:33:14.802+0000] {dag.py:3096} INFO - Sync 1 DAGs
[2026-05-24T13:33:14.817+0000] {logging_mixin.py:188} INFO - [2026-05-24T13:33:14.817+0000] {dag.py:3954} INFO - Setting next_dagrun for example_skip_dag to 2026-05-23 00:00:00+00:00, run_after=2026-05-24 00:00:00+00:00
[2026-05-24T13:33:14.854+0000] {processor.py:183} INFO - Processing /home/varn1t/ml-pipeline/venv/lib/python3.11/site-packages/airflow/example_dags/example_skip_dag.py took 0.074 seconds
[2026-05-24T13:34:10.226+0000] {processor.py:161} INFO - Started process (PID=5725) to work on /home/varn1t/ml-pipeline/venv/lib/python3.11/site-packages/airflow/example_dags/example_skip_dag.py
[2026-05-24T13:34:10.227+0000] {processor.py:830} INFO - Processing file /home/varn1t/ml-pipeline/venv/lib/python3.11/site-packages/airflow/example_dags/example_skip_dag.py for tasks to queue
[2026-05-24T13:34:10.228+0000] {logging_mixin.py:188} INFO - [2026-05-24T13:34:10.228+0000] {dagbag.py:545} INFO - Filling up the DagBag from /home/varn1t/ml-pipeline/venv/lib/python3.11/site-packages/airflow/example_dags/example_skip_dag.py
[2026-05-24T13:34:10.237+0000] {processor.py:840} INFO - DAG(s) 'example_skip_dag' retrieved from /home/varn1t/ml-pipeline/venv/lib/python3.11/site-packages/airflow/example_dags/example_skip_dag.py
[2026-05-24T13:34:10.253+0000] {logging_mixin.py:188} INFO - [2026-05-24T13:34:10.253+0000] {dag.py:3096} INFO - Sync 1 DAGs
[2026-05-24T13:34:10.269+0000] {logging_mixin.py:188} INFO - [2026-05-24T13:34:10.269+0000] {dag.py:3954} INFO - Setting next_dagrun for example_skip_dag to 2026-05-23 00:00:00+00:00, run_after=2026-05-24 00:00:00+00:00
[2026-05-24T13:34:10.288+0000] {processor.py:183} INFO - Processing /home/varn1t/ml-pipeline/venv/lib/python3.11/site-packages/airflow/example_dags/example_skip_dag.py took 0.067 seconds
[2026-05-24T13:35:07.839+0000] {processor.py:161} INFO - Started process (PID=6036) to work on /home/varn1t/ml-pipeline/venv/lib/python3.11/site-packages/airflow/example_dags/example_skip_dag.py
[2026-05-24T13:35:07.840+0000] {processor.py:830} INFO - Processing file /home/varn1t/ml-pipeline/venv/lib/python3.11/site-packages/airflow/example_dags/example_skip_dag.py for tasks to queue
[2026-05-24T13:35:07.841+0000] {logging_mixin.py:188} INFO - [2026-05-24T13:35:07.840+0000] {dagbag.py:545} INFO - Filling up the DagBag from /home/varn1t/ml-pipeline/venv/lib/python3.11/site-packages/airflow/example_dags/example_skip_dag.py
[2026-05-24T13:35:07.846+0000] {processor.py:840} INFO - DAG(s) 'example_skip_dag' retrieved from /home/varn1t/ml-pipeline/venv/lib/python3.11/site-packages/airflow/example_dags/example_skip_dag.py
[2026-05-24T13:35:07.859+0000] {logging_mixin.py:188} INFO - [2026-05-24T13:35:07.858+0000] {dag.py:3096} INFO - Sync 1 DAGs
[2026-05-24T13:35:07.872+0000] {logging_mixin.py:188} INFO - [2026-05-24T13:35:07.872+0000] {dag.py:3954} INFO - Setting next_dagrun for example_skip_dag to 2026-05-23 00:00:00+00:00, run_after=2026-05-24 00:00:00+00:00
[2026-05-24T13:35:07.886+0000] {processor.py:183} INFO - Processing /home/varn1t/ml-pipeline/venv/lib/python3.11/site-packages/airflow/example_dags/example_skip_dag.py took 0.052 seconds
[2026-05-24T13:36:06.589+0000] {processor.py:161} INFO - Started process (PID=6408) to work on /home/varn1t/ml-pipeline/venv/lib/python3.11/site-packages/airflow/example_dags/example_skip_dag.py
[2026-05-24T13:36:06.590+0000] {processor.py:830} INFO - Processing file /home/varn1t/ml-pipeline/venv/lib/python3.11/site-packages/airflow/example_dags/example_skip_dag.py for tasks to queue
[2026-05-24T13:36:06.590+0000] {logging_mixin.py:188} INFO - [2026-05-24T13:36:06.590+0000] {dagbag.py:545} INFO - Filling up the DagBag from /home/varn1t/ml-pipeline/venv/lib/python3.11/site-packages/airflow/example_dags/example_skip_dag.py
[2026-05-24T13:36:06.595+0000] {processor.py:840} INFO - DAG(s) 'example_skip_dag' retrieved from /home/varn1t/ml-pipeline/venv/lib/python3.11/site-packages/airflow/example_dags/example_skip_dag.py
[2026-05-24T13:36:06.605+0000] {logging_mixin.py:188} INFO - [2026-05-24T13:36:06.605+0000] {dag.py:3096} INFO - Sync 1 DAGs
[2026-05-24T13:36:06.616+0000] {logging_mixin.py:188} INFO - [2026-05-24T13:36:06.616+0000] {dag.py:3954} INFO - Setting next_dagrun for example_skip_dag to 2026-05-23 00:00:00+00:00, run_after=2026-05-24 00:00:00+00:00
[2026-05-24T13:36:06.629+0000] {processor.py:183} INFO - Processing /home/varn1t/ml-pipeline/venv/lib/python3.11/site-packages/airflow/example_dags/example_skip_dag.py took 0.044 seconds
[2026-05-24T13:37:16.979+0000] {processor.py:161} INFO - Started process (PID=7069) to work on /home/varn1t/ml-pipeline/venv/lib/python3.11/site-packages/airflow/example_dags/example_skip_dag.py
[2026-05-24T13:37:16.980+0000] {processor.py:830} INFO - Processing file /home/varn1t/ml-pipeline/venv/lib/python3.11/site-packages/airflow/example_dags/example_skip_dag.py for tasks to queue
[2026-05-24T13:37:16.981+0000] {logging_mixin.py:188} INFO - [2026-05-24T13:37:16.981+0000] {dagbag.py:545} INFO - Filling up the DagBag from /home/varn1t/ml-pipeline/venv/lib/python3.11/site-packages/airflow/example_dags/example_skip_dag.py
[2026-05-24T13:37:16.986+0000] {processor.py:840} INFO - DAG(s) 'example_skip_dag' retrieved from /home/varn1t/ml-pipeline/venv/lib/python3.11/site-packages/airflow/example_dags/example_skip_dag.py
[2026-05-24T13:37:16.998+0000] {logging_mixin.py:188} INFO - [2026-05-24T13:37:16.997+0000] {dag.py:3096} INFO - Sync 1 DAGs
[2026-05-24T13:37:17.011+0000] {logging_mixin.py:188} INFO - [2026-05-24T13:37:17.011+0000] {dag.py:3954} INFO - Setting next_dagrun for example_skip_dag to 2026-05-23 00:00:00+00:00, run_after=2026-05-24 00:00:00+00:00
[2026-05-24T13:37:17.028+0000] {processor.py:183} INFO - Processing /home/varn1t/ml-pipeline/venv/lib/python3.11/site-packages/airflow/example_dags/example_skip_dag.py took 0.053 seconds
[2026-05-24T13:38:05.518+0000] {processor.py:161} INFO - Started process (PID=7337) to work on /home/varn1t/ml-pipeline/venv/lib/python3.11/site-packages/airflow/example_dags/example_skip_dag.py
[2026-05-24T13:38:05.518+0000] {processor.py:830} INFO - Processing file /home/varn1t/ml-pipeline/venv/lib/python3.11/site-packages/airflow/example_dags/example_skip_dag.py for tasks to queue
[2026-05-24T13:38:05.519+0000] {logging_mixin.py:188} INFO - [2026-05-24T13:38:05.519+0000] {dagbag.py:545} INFO - Filling up the DagBag from /home/varn1t/ml-pipeline/venv/lib/python3.11/site-packages/airflow/example_dags/example_skip_dag.py
[2026-05-24T13:38:05.524+0000] {processor.py:840} INFO - DAG(s) 'example_skip_dag' retrieved from /home/varn1t/ml-pipeline/venv/lib/python3.11/site-packages/airflow/example_dags/example_skip_dag.py
[2026-05-24T13:38:05.537+0000] {logging_mixin.py:188} INFO - [2026-05-24T13:38:05.536+0000] {dag.py:3096} INFO - Sync 1 DAGs
[2026-05-24T13:38:05.548+0000] {logging_mixin.py:188} INFO - [2026-05-24T13:38:05.548+0000] {dag.py:3954} INFO - Setting next_dagrun for example_skip_dag to 2026-05-23 00:00:00+00:00, run_after=2026-05-24 00:00:00+00:00
[2026-05-24T13:38:05.561+0000] {processor.py:183} INFO - Processing /home/varn1t/ml-pipeline/venv/lib/python3.11/site-packages/airflow/example_dags/example_skip_dag.py took 0.048 seconds
[2026-05-24T13:39:01.605+0000] {processor.py:161} INFO - Started process (PID=7601) to work on /home/varn1t/ml-pipeline/venv/lib/python3.11/site-packages/airflow/example_dags/example_skip_dag.py
[2026-05-24T13:39:01.605+0000] {processor.py:830} INFO - Processing file /home/varn1t/ml-pipeline/venv/lib/python3.11/site-packages/airflow/example_dags/example_skip_dag.py for tasks to queue
[2026-05-24T13:39:01.606+0000] {logging_mixin.py:188} INFO - [2026-05-24T13:39:01.606+0000] {dagbag.py:545} INFO - Filling up the DagBag from /home/varn1t/ml-pipeline/venv/lib/python3.11/site-packages/airflow/example_dags/example_skip_dag.py
[2026-05-24T13:39:01.611+0000] {processor.py:840} INFO - DAG(s) 'example_skip_dag' retrieved from /home/varn1t/ml-pipeline/venv/lib/python3.11/site-packages/airflow/example_dags/example_skip_dag.py
[2026-05-24T13:39:01.622+0000] {logging_mixin.py:188} INFO - [2026-05-24T13:39:01.622+0000] {dag.py:3096} INFO - Sync 1 DAGs
[2026-05-24T13:39:01.633+0000] {logging_mixin.py:188} INFO - [2026-05-24T13:39:01.633+0000] {dag.py:3954} INFO - Setting next_dagrun for example_skip_dag to 2026-05-23 00:00:00+00:00, run_after=2026-05-24 00:00:00+00:00
[2026-05-24T13:39:01.646+0000] {processor.py:183} INFO - Processing /home/varn1t/ml-pipeline/venv/lib/python3.11/site-packages/airflow/example_dags/example_skip_dag.py took 0.045 seconds
[2026-05-24T13:40:03.407+0000] {processor.py:161} INFO - Started process (PID=7877) to work on /home/varn1t/ml-pipeline/venv/lib/python3.11/site-packages/airflow/example_dags/example_skip_dag.py
[2026-05-24T13:40:03.408+0000] {processor.py:830} INFO - Processing file /home/varn1t/ml-pipeline/venv/lib/python3.11/site-packages/airflow/example_dags/example_skip_dag.py for tasks to queue
[2026-05-24T13:40:03.408+0000] {logging_mixin.py:188} INFO - [2026-05-24T13:40:03.408+0000] {dagbag.py:545} INFO - Filling up the DagBag from /home/varn1t/ml-pipeline/venv/lib/python3.11/site-packages/airflow/example_dags/example_skip_dag.py
[2026-05-24T13:40:03.413+0000] {processor.py:840} INFO - DAG(s) 'example_skip_dag' retrieved from /home/varn1t/ml-pipeline/venv/lib/python3.11/site-packages/airflow/example_dags/example_skip_dag.py
[2026-05-24T13:40:03.423+0000] {logging_mixin.py:188} INFO - [2026-05-24T13:40:03.422+0000] {dag.py:3096} INFO - Sync 1 DAGs
[2026-05-24T13:40:03.434+0000] {logging_mixin.py:188} INFO - [2026-05-24T13:40:03.433+0000] {dag.py:3954} INFO - Setting next_dagrun for example_skip_dag to 2026-05-23 00:00:00+00:00, run_after=2026-05-24 00:00:00+00:00
[2026-05-24T13:40:03.450+0000] {processor.py:183} INFO - Processing /home/varn1t/ml-pipeline/venv/lib/python3.11/site-packages/airflow/example_dags/example_skip_dag.py took 0.047 seconds
[2026-05-24T13:41:01.496+0000] {processor.py:161} INFO - Started process (PID=8123) to work on /home/varn1t/ml-pipeline/venv/lib/python3.11/site-packages/airflow/example_dags/example_skip_dag.py
[2026-05-24T13:41:01.497+0000] {processor.py:830} INFO - Processing file /home/varn1t/ml-pipeline/venv/lib/python3.11/site-packages/airflow/example_dags/example_skip_dag.py for tasks to queue
[2026-05-24T13:41:01.497+0000] {logging_mixin.py:188} INFO - [2026-05-24T13:41:01.497+0000] {dagbag.py:545} INFO - Filling up the DagBag from /home/varn1t/ml-pipeline/venv/lib/python3.11/site-packages/airflow/example_dags/example_skip_dag.py
[2026-05-24T13:41:01.503+0000] {processor.py:840} INFO - DAG(s) 'example_skip_dag' retrieved from /home/varn1t/ml-pipeline/venv/lib/python3.11/site-packages/airflow/example_dags/example_skip_dag.py
[2026-05-24T13:41:01.515+0000] {logging_mixin.py:188} INFO - [2026-05-24T13:41:01.515+0000] {dag.py:3096} INFO - Sync 1 DAGs
[2026-05-24T13:41:01.531+0000] {logging_mixin.py:188} INFO - [2026-05-24T13:41:01.530+0000] {dag.py:3954} INFO - Setting next_dagrun for example_skip_dag to 2026-05-23 00:00:00+00:00, run_after=2026-05-24 00:00:00+00:00
[2026-05-24T13:41:01.546+0000] {processor.py:183} INFO - Processing /home/varn1t/ml-pipeline/venv/lib/python3.11/site-packages/airflow/example_dags/example_skip_dag.py took 0.054 seconds
[2026-05-24T13:42:00.880+0000] {processor.py:161} INFO - Started process (PID=8396) to work on /home/varn1t/ml-pipeline/venv/lib/python3.11/site-packages/airflow/example_dags/example_skip_dag.py
[2026-05-24T13:42:00.881+0000] {processor.py:830} INFO - Processing file /home/varn1t/ml-pipeline/venv/lib/python3.11/site-packages/airflow/example_dags/example_skip_dag.py for tasks to queue
[2026-05-24T13:42:00.881+0000] {logging_mixin.py:188} INFO - [2026-05-24T13:42:00.881+0000] {dagbag.py:545} INFO - Filling up the DagBag from /home/varn1t/ml-pipeline/venv/lib/python3.11/site-packages/airflow/example_dags/example_skip_dag.py
[2026-05-24T13:42:00.886+0000] {processor.py:840} INFO - DAG(s) 'example_skip_dag' retrieved from /home/varn1t/ml-pipeline/venv/lib/python3.11/site-packages/airflow/example_dags/example_skip_dag.py
[2026-05-24T13:42:00.898+0000] {logging_mixin.py:188} INFO - [2026-05-24T13:42:00.898+0000] {dag.py:3096} INFO - Sync 1 DAGs
[2026-05-24T13:42:00.912+0000] {logging_mixin.py:188} INFO - [2026-05-24T13:42:00.912+0000] {dag.py:3954} INFO - Setting next_dagrun for example_skip_dag to 2026-05-23 00:00:00+00:00, run_after=2026-05-24 00:00:00+00:00
[2026-05-24T13:42:00.926+0000] {processor.py:183} INFO - Processing /home/varn1t/ml-pipeline/venv/lib/python3.11/site-packages/airflow/example_dags/example_skip_dag.py took 0.050 seconds
[2026-05-24T13:43:04.781+0000] {processor.py:161} INFO - Started process (PID=8663) to work on /home/varn1t/ml-pipeline/venv/lib/python3.11/site-packages/airflow/example_dags/example_skip_dag.py
[2026-05-24T13:43:04.782+0000] {processor.py:830} INFO - Processing file /home/varn1t/ml-pipeline/venv/lib/python3.11/site-packages/airflow/example_dags/example_skip_dag.py for tasks to queue
[2026-05-24T13:43:04.783+0000] {logging_mixin.py:188} INFO - [2026-05-24T13:43:04.782+0000] {dagbag.py:545} INFO - Filling up the DagBag from /home/varn1t/ml-pipeline/venv/lib/python3.11/site-packages/airflow/example_dags/example_skip_dag.py
[2026-05-24T13:43:04.788+0000] {processor.py:840} INFO - DAG(s) 'example_skip_dag' retrieved from /home/varn1t/ml-pipeline/venv/lib/python3.11/site-packages/airflow/example_dags/example_skip_dag.py
[2026-05-24T13:43:04.798+0000] {logging_mixin.py:188} INFO - [2026-05-24T13:43:04.798+0000] {dag.py:3096} INFO - Sync 1 DAGs
[2026-05-24T13:43:04.810+0000] {logging_mixin.py:188} INFO - [2026-05-24T13:43:04.810+0000] {dag.py:3954} INFO - Setting next_dagrun for example_skip_dag to 2026-05-23 00:00:00+00:00, run_after=2026-05-24 00:00:00+00:00
[2026-05-24T13:43:04.824+0000] {processor.py:183} INFO - Processing /home/varn1t/ml-pipeline/venv/lib/python3.11/site-packages/airflow/example_dags/example_skip_dag.py took 0.047 seconds
[2026-05-24T13:44:07.151+0000] {processor.py:161} INFO - Started process (PID=8966) to work on /home/varn1t/ml-pipeline/venv/lib/python3.11/site-packages/airflow/example_dags/example_skip_dag.py
[2026-05-24T13:44:07.152+0000] {processor.py:830} INFO - Processing file /home/varn1t/ml-pipeline/venv/lib/python3.11/site-packages/airflow/example_dags/example_skip_dag.py for tasks to queue
[2026-05-24T13:44:07.153+0000] {logging_mixin.py:188} INFO - [2026-05-24T13:44:07.153+0000] {dagbag.py:545} INFO - Filling up the DagBag from /home/varn1t/ml-pipeline/venv/lib/python3.11/site-packages/airflow/example_dags/example_skip_dag.py
[2026-05-24T13:44:07.158+0000] {processor.py:840} INFO - DAG(s) 'example_skip_dag' retrieved from /home/varn1t/ml-pipeline/venv/lib/python3.11/site-packages/airflow/example_dags/example_skip_dag.py
[2026-05-24T13:44:07.171+0000] {logging_mixin.py:188} INFO - [2026-05-24T13:44:07.171+0000] {dag.py:3096} INFO - Sync 1 DAGs
[2026-05-24T13:44:07.185+0000] {logging_mixin.py:188} INFO - [2026-05-24T13:44:07.184+0000] {dag.py:3954} INFO - Setting next_dagrun for example_skip_dag to 2026-05-23 00:00:00+00:00, run_after=2026-05-24 00:00:00+00:00
[2026-05-24T13:44:07.200+0000] {processor.py:183} INFO - Processing /home/varn1t/ml-pipeline/venv/lib/python3.11/site-packages/airflow/example_dags/example_skip_dag.py took 0.054 seconds
[2026-05-24T13:45:12.219+0000] {processor.py:161} INFO - Started process (PID=9241) to work on /home/varn1t/ml-pipeline/venv/lib/python3.11/site-packages/airflow/example_dags/example_skip_dag.py
[2026-05-24T13:45:12.220+0000] {processor.py:830} INFO - Processing file /home/varn1t/ml-pipeline/venv/lib/python3.11/site-packages/airflow/example_dags/example_skip_dag.py for tasks to queue
[2026-05-24T13:45:12.220+0000] {logging_mixin.py:188} INFO - [2026-05-24T13:45:12.220+0000] {dagbag.py:545} INFO - Filling up the DagBag from /home/varn1t/ml-pipeline/venv/lib/python3.11/site-packages/airflow/example_dags/example_skip_dag.py
[2026-05-24T13:45:12.225+0000] {processor.py:840} INFO - DAG(s) 'example_skip_dag' retrieved from /home/varn1t/ml-pipeline/venv/lib/python3.11/site-packages/airflow/example_dags/example_skip_dag.py
[2026-05-24T13:45:12.241+0000] {logging_mixin.py:188} INFO - [2026-05-24T13:45:12.241+0000] {dag.py:3096} INFO - Sync 1 DAGs
[2026-05-24T13:45:12.258+0000] {logging_mixin.py:188} INFO - [2026-05-24T13:45:12.258+0000] {dag.py:3954} INFO - Setting next_dagrun for example_skip_dag to 2026-05-23 00:00:00+00:00, run_after=2026-05-24 00:00:00+00:00
[2026-05-24T13:45:12.274+0000] {processor.py:183} INFO - Processing /home/varn1t/ml-pipeline/venv/lib/python3.11/site-packages/airflow/example_dags/example_skip_dag.py took 0.060 seconds
[2026-05-24T13:46:14.978+0000] {processor.py:161} INFO - Started process (PID=9518) to work on /home/varn1t/ml-pipeline/venv/lib/python3.11/site-packages/airflow/example_dags/example_skip_dag.py
[2026-05-24T13:46:14.979+0000] {processor.py:830} INFO - Processing file /home/varn1t/ml-pipeline/venv/lib/python3.11/site-packages/airflow/example_dags/example_skip_dag.py for tasks to queue
[2026-05-24T13:46:14.979+0000] {logging_mixin.py:188} INFO - [2026-05-24T13:46:14.979+0000] {dagbag.py:545} INFO - Filling up the DagBag from /home/varn1t/ml-pipeline/venv/lib/python3.11/site-packages/airflow/example_dags/example_skip_dag.py
[2026-05-24T13:46:14.984+0000] {processor.py:840} INFO - DAG(s) 'example_skip_dag' retrieved from /home/varn1t/ml-pipeline/venv/lib/python3.11/site-packages/airflow/example_dags/example_skip_dag.py
[2026-05-24T13:46:14.994+0000] {logging_mixin.py:188} INFO - [2026-05-24T13:46:14.994+0000] {dag.py:3096} INFO - Sync 1 DAGs
[2026-05-24T13:46:15.005+0000] {logging_mixin.py:188} INFO - [2026-05-24T13:46:15.005+0000] {dag.py:3954} INFO - Setting next_dagrun for example_skip_dag to 2026-05-23 00:00:00+00:00, run_after=2026-05-24 00:00:00+00:00
[2026-05-24T13:46:15.018+0000] {processor.py:183} INFO - Processing /home/varn1t/ml-pipeline/venv/lib/python3.11/site-packages/airflow/example_dags/example_skip_dag.py took 0.044 seconds
[2026-05-24T13:47:22.401+0000] {processor.py:161} INFO - Started process (PID=9806) to work on /home/varn1t/ml-pipeline/venv/lib/python3.11/site-packages/airflow/example_dags/example_skip_dag.py
[2026-05-24T13:47:22.403+0000] {processor.py:830} INFO - Processing file /home/varn1t/ml-pipeline/venv/lib/python3.11/site-packages/airflow/example_dags/example_skip_dag.py for tasks to queue
[2026-05-24T13:47:22.403+0000] {logging_mixin.py:188} INFO - [2026-05-24T13:47:22.403+0000] {dagbag.py:545} INFO - Filling up the DagBag from /home/varn1t/ml-pipeline/venv/lib/python3.11/site-packages/airflow/example_dags/example_skip_dag.py
[2026-05-24T13:47:22.410+0000] {processor.py:840} INFO - DAG(s) 'example_skip_dag' retrieved from /home/varn1t/ml-pipeline/venv/lib/python3.11/site-packages/airflow/example_dags/example_skip_dag.py
[2026-05-24T13:47:22.424+0000] {logging_mixin.py:188} INFO - [2026-05-24T13:47:22.423+0000] {dag.py:3096} INFO - Sync 1 DAGs
[2026-05-24T13:47:22.438+0000] {logging_mixin.py:188} INFO - [2026-05-24T13:47:22.438+0000] {dag.py:3954} INFO - Setting next_dagrun for example_skip_dag to 2026-05-23 00:00:00+00:00, run_after=2026-05-24 00:00:00+00:00
[2026-05-24T13:47:22.454+0000] {processor.py:183} INFO - Processing /home/varn1t/ml-pipeline/venv/lib/python3.11/site-packages/airflow/example_dags/example_skip_dag.py took 0.058 seconds
[2026-05-24T13:48:24.231+0000] {processor.py:161} INFO - Started process (PID=10248) to work on /home/varn1t/ml-pipeline/venv/lib/python3.11/site-packages/airflow/example_dags/example_skip_dag.py
[2026-05-24T13:48:24.232+0000] {processor.py:830} INFO - Processing file /home/varn1t/ml-pipeline/venv/lib/python3.11/site-packages/airflow/example_dags/example_skip_dag.py for tasks to queue
[2026-05-24T13:48:24.232+0000] {logging_mixin.py:188} INFO - [2026-05-24T13:48:24.232+0000] {dagbag.py:545} INFO - Filling up the DagBag from /home/varn1t/ml-pipeline/venv/lib/python3.11/site-packages/airflow/example_dags/example_skip_dag.py
[2026-05-24T13:48:24.240+0000] {processor.py:840} INFO - DAG(s) 'example_skip_dag' retrieved from /home/varn1t/ml-pipeline/venv/lib/python3.11/site-packages/airflow/example_dags/example_skip_dag.py
[2026-05-24T13:48:24.257+0000] {logging_mixin.py:188} INFO - [2026-05-24T13:48:24.257+0000] {dag.py:3096} INFO - Sync 1 DAGs
[2026-05-24T13:48:24.278+0000] {logging_mixin.py:188} INFO - [2026-05-24T13:48:24.278+0000] {dag.py:3954} INFO - Setting next_dagrun for example_skip_dag to 2026-05-23 00:00:00+00:00, run_after=2026-05-24 00:00:00+00:00
[2026-05-24T13:48:24.298+0000] {processor.py:183} INFO - Processing /home/varn1t/ml-pipeline/venv/lib/python3.11/site-packages/airflow/example_dags/example_skip_dag.py took 0.073 seconds
[2026-05-24T13:49:25.213+0000] {processor.py:161} INFO - Started process (PID=10909) to work on /home/varn1t/ml-pipeline/venv/lib/python3.11/site-packages/airflow/example_dags/example_skip_dag.py
[2026-05-24T13:49:25.214+0000] {processor.py:830} INFO - Processing file /home/varn1t/ml-pipeline/venv/lib/python3.11/site-packages/airflow/example_dags/example_skip_dag.py for tasks to queue
[2026-05-24T13:49:25.215+0000] {logging_mixin.py:188} INFO - [2026-05-24T13:49:25.215+0000] {dagbag.py:545} INFO - Filling up the DagBag from /home/varn1t/ml-pipeline/venv/lib/python3.11/site-packages/airflow/example_dags/example_skip_dag.py
[2026-05-24T13:49:25.220+0000] {processor.py:840} INFO - DAG(s) 'example_skip_dag' retrieved from /home/varn1t/ml-pipeline/venv/lib/python3.11/site-packages/airflow/example_dags/example_skip_dag.py
[2026-05-24T13:49:25.230+0000] {logging_mixin.py:188} INFO - [2026-05-24T13:49:25.230+0000] {dag.py:3096} INFO - Sync 1 DAGs
[2026-05-24T13:49:25.242+0000] {logging_mixin.py:188} INFO - [2026-05-24T13:49:25.242+0000] {dag.py:3954} INFO - Setting next_dagrun for example_skip_dag to 2026-05-23 00:00:00+00:00, run_after=2026-05-24 00:00:00+00:00
[2026-05-24T13:49:25.255+0000] {processor.py:183} INFO - Processing /home/varn1t/ml-pipeline/venv/lib/python3.11/site-packages/airflow/example_dags/example_skip_dag.py took 0.047 seconds
[2026-05-24T13:50:26.480+0000] {processor.py:161} INFO - Started process (PID=11479) to work on /home/varn1t/ml-pipeline/venv/lib/python3.11/site-packages/airflow/example_dags/example_skip_dag.py
[2026-05-24T13:50:26.481+0000] {processor.py:830} INFO - Processing file /home/varn1t/ml-pipeline/venv/lib/python3.11/site-packages/airflow/example_dags/example_skip_dag.py for tasks to queue
[2026-05-24T13:50:26.481+0000] {logging_mixin.py:188} INFO - [2026-05-24T13:50:26.481+0000] {dagbag.py:545} INFO - Filling up the DagBag from /home/varn1t/ml-pipeline/venv/lib/python3.11/site-packages/airflow/example_dags/example_skip_dag.py
[2026-05-24T13:50:26.487+0000] {processor.py:840} INFO - DAG(s) 'example_skip_dag' retrieved from /home/varn1t/ml-pipeline/venv/lib/python3.11/site-packages/airflow/example_dags/example_skip_dag.py
[2026-05-24T13:50:26.500+0000] {logging_mixin.py:188} INFO - [2026-05-24T13:50:26.500+0000] {dag.py:3096} INFO - Sync 1 DAGs
[2026-05-24T13:50:26.516+0000] {logging_mixin.py:188} INFO - [2026-05-24T13:50:26.515+0000] {dag.py:3954} INFO - Setting next_dagrun for example_skip_dag to 2026-05-23 00:00:00+00:00, run_after=2026-05-24 00:00:00+00:00
[2026-05-24T13:50:26.531+0000] {processor.py:183} INFO - Processing /home/varn1t/ml-pipeline/venv/lib/python3.11/site-packages/airflow/example_dags/example_skip_dag.py took 0.055 seconds
[2026-05-24T13:51:26.609+0000] {processor.py:161} INFO - Started process (PID=11925) to work on /home/varn1t/ml-pipeline/venv/lib/python3.11/site-packages/airflow/example_dags/example_skip_dag.py
[2026-05-24T13:51:26.610+0000] {processor.py:830} INFO - Processing file /home/varn1t/ml-pipeline/venv/lib/python3.11/site-packages/airflow/example_dags/example_skip_dag.py for tasks to queue
[2026-05-24T13:51:26.610+0000] {logging_mixin.py:188} INFO - [2026-05-24T13:51:26.610+0000] {dagbag.py:545} INFO - Filling up the DagBag from /home/varn1t/ml-pipeline/venv/lib/python3.11/site-packages/airflow/example_dags/example_skip_dag.py
[2026-05-24T13:51:26.616+0000] {processor.py:840} INFO - DAG(s) 'example_skip_dag' retrieved from /home/varn1t/ml-pipeline/venv/lib/python3.11/site-packages/airflow/example_dags/example_skip_dag.py
[2026-05-24T13:51:26.628+0000] {logging_mixin.py:188} INFO - [2026-05-24T13:51:26.628+0000] {dag.py:3096} INFO - Sync 1 DAGs
[2026-05-24T13:51:26.641+0000] {logging_mixin.py:188} INFO - [2026-05-24T13:51:26.641+0000] {dag.py:3954} INFO - Setting next_dagrun for example_skip_dag to 2026-05-23 00:00:00+00:00, run_after=2026-05-24 00:00:00+00:00
[2026-05-24T13:51:26.662+0000] {processor.py:183} INFO - Processing /home/varn1t/ml-pipeline/venv/lib/python3.11/site-packages/airflow/example_dags/example_skip_dag.py took 0.057 seconds
[2026-05-24T13:52:26.743+0000] {processor.py:161} INFO - Started process (PID=12321) to work on /home/varn1t/ml-pipeline/venv/lib/python3.11/site-packages/airflow/example_dags/example_skip_dag.py
[2026-05-24T13:52:26.744+0000] {processor.py:830} INFO - Processing file /home/varn1t/ml-pipeline/venv/lib/python3.11/site-packages/airflow/example_dags/example_skip_dag.py for tasks to queue
[2026-05-24T13:52:26.745+0000] {logging_mixin.py:188} INFO - [2026-05-24T13:52:26.744+0000] {dagbag.py:545} INFO - Filling up the DagBag from /home/varn1t/ml-pipeline/venv/lib/python3.11/site-packages/airflow/example_dags/example_skip_dag.py
[2026-05-24T13:52:26.750+0000] {processor.py:840} INFO - DAG(s) 'example_skip_dag' retrieved from /home/varn1t/ml-pipeline/venv/lib/python3.11/site-packages/airflow/example_dags/example_skip_dag.py
[2026-05-24T13:52:26.764+0000] {logging_mixin.py:188} INFO - [2026-05-24T13:52:26.764+0000] {dag.py:3096} INFO - Sync 1 DAGs
[2026-05-24T13:52:26.778+0000] {logging_mixin.py:188} INFO - [2026-05-24T13:52:26.778+0000] {dag.py:3954} INFO - Setting next_dagrun for example_skip_dag to 2026-05-23 00:00:00+00:00, run_after=2026-05-24 00:00:00+00:00
[2026-05-24T13:52:26.793+0000] {processor.py:183} INFO - Processing /home/varn1t/ml-pipeline/venv/lib/python3.11/site-packages/airflow/example_dags/example_skip_dag.py took 0.054 seconds
[2026-05-24T13:53:33.382+0000] {processor.py:161} INFO - Started process (PID=12629) to work on /home/varn1t/ml-pipeline/venv/lib/python3.11/site-packages/airflow/example_dags/example_skip_dag.py
[2026-05-24T13:53:33.383+0000] {processor.py:830} INFO - Processing file /home/varn1t/ml-pipeline/venv/lib/python3.11/site-packages/airflow/example_dags/example_skip_dag.py for tasks to queue
[2026-05-24T13:53:33.383+0000] {logging_mixin.py:188} INFO - [2026-05-24T13:53:33.383+0000] {dagbag.py:545} INFO - Filling up the DagBag from /home/varn1t/ml-pipeline/venv/lib/python3.11/site-packages/airflow/example_dags/example_skip_dag.py
[2026-05-24T13:53:33.389+0000] {processor.py:840} INFO - DAG(s) 'example_skip_dag' retrieved from /home/varn1t/ml-pipeline/venv/lib/python3.11/site-packages/airflow/example_dags/example_skip_dag.py
[2026-05-24T13:53:33.400+0000] {logging_mixin.py:188} INFO - [2026-05-24T13:53:33.400+0000] {dag.py:3096} INFO - Sync 1 DAGs
[2026-05-24T13:53:33.411+0000] {logging_mixin.py:188} INFO - [2026-05-24T13:53:33.411+0000] {dag.py:3954} INFO - Setting next_dagrun for example_skip_dag to 2026-05-23 00:00:00+00:00, run_after=2026-05-24 00:00:00+00:00
[2026-05-24T13:53:33.425+0000] {processor.py:183} INFO - Processing /home/varn1t/ml-pipeline/venv/lib/python3.11/site-packages/airflow/example_dags/example_skip_dag.py took 0.047 seconds
[2026-05-24T13:54:34.015+0000] {processor.py:161} INFO - Started process (PID=12899) to work on /home/varn1t/ml-pipeline/venv/lib/python3.11/site-packages/airflow/example_dags/example_skip_dag.py
[2026-05-24T13:54:34.016+0000] {processor.py:830} INFO - Processing file /home/varn1t/ml-pipeline/venv/lib/python3.11/site-packages/airflow/example_dags/example_skip_dag.py for tasks to queue
[2026-05-24T13:54:34.016+0000] {logging_mixin.py:188} INFO - [2026-05-24T13:54:34.016+0000] {dagbag.py:545} INFO - Filling up the DagBag from /home/varn1t/ml-pipeline/venv/lib/python3.11/site-packages/airflow/example_dags/example_skip_dag.py
[2026-05-24T13:54:34.021+0000] {processor.py:840} INFO - DAG(s) 'example_skip_dag' retrieved from /home/varn1t/ml-pipeline/venv/lib/python3.11/site-packages/airflow/example_dags/example_skip_dag.py
[2026-05-24T13:54:34.031+0000] {logging_mixin.py:188} INFO - [2026-05-24T13:54:34.031+0000] {dag.py:3096} INFO - Sync 1 DAGs
[2026-05-24T13:54:34.042+0000] {logging_mixin.py:188} INFO - [2026-05-24T13:54:34.042+0000] {dag.py:3954} INFO - Setting next_dagrun for example_skip_dag to 2026-05-23 00:00:00+00:00, run_after=2026-05-24 00:00:00+00:00
[2026-05-24T13:54:34.055+0000] {processor.py:183} INFO - Processing /home/varn1t/ml-pipeline/venv/lib/python3.11/site-packages/airflow/example_dags/example_skip_dag.py took 0.043 seconds
[2026-05-24T13:55:33.176+0000] {processor.py:161} INFO - Started process (PID=13153) to work on /home/varn1t/ml-pipeline/venv/lib/python3.11/site-packages/airflow/example_dags/example_skip_dag.py
[2026-05-24T13:55:33.177+0000] {processor.py:830} INFO - Processing file /home/varn1t/ml-pipeline/venv/lib/python3.11/site-packages/airflow/example_dags/example_skip_dag.py for tasks to queue
[2026-05-24T13:55:33.178+0000] {logging_mixin.py:188} INFO - [2026-05-24T13:55:33.177+0000] {dagbag.py:545} INFO - Filling up the DagBag from /home/varn1t/ml-pipeline/venv/lib/python3.11/site-packages/airflow/example_dags/example_skip_dag.py
[2026-05-24T13:55:33.182+0000] {processor.py:840} INFO - DAG(s) 'example_skip_dag' retrieved from /home/varn1t/ml-pipeline/venv/lib/python3.11/site-packages/airflow/example_dags/example_skip_dag.py
[2026-05-24T13:55:33.194+0000] {logging_mixin.py:188} INFO - [2026-05-24T13:55:33.194+0000] {dag.py:3096} INFO - Sync 1 DAGs
[2026-05-24T13:55:33.206+0000] {logging_mixin.py:188} INFO - [2026-05-24T13:55:33.206+0000] {dag.py:3954} INFO - Setting next_dagrun for example_skip_dag to 2026-05-23 00:00:00+00:00, run_after=2026-05-24 00:00:00+00:00
[2026-05-24T13:55:33.223+0000] {processor.py:183} INFO - Processing /home/varn1t/ml-pipeline/venv/lib/python3.11/site-packages/airflow/example_dags/example_skip_dag.py took 0.051 seconds
[2026-05-24T13:56:29.643+0000] {processor.py:161} INFO - Started process (PID=13410) to work on /home/varn1t/ml-pipeline/venv/lib/python3.11/site-packages/airflow/example_dags/example_skip_dag.py
[2026-05-24T13:56:29.644+0000] {processor.py:830} INFO - Processing file /home/varn1t/ml-pipeline/venv/lib/python3.11/site-packages/airflow/example_dags/example_skip_dag.py for tasks to queue
[2026-05-24T13:56:29.645+0000] {logging_mixin.py:188} INFO - [2026-05-24T13:56:29.645+0000] {dagbag.py:545} INFO - Filling up the DagBag from /home/varn1t/ml-pipeline/venv/lib/python3.11/site-packages/airflow/example_dags/example_skip_dag.py
[2026-05-24T13:56:29.650+0000] {processor.py:840} INFO - DAG(s) 'example_skip_dag' retrieved from /home/varn1t/ml-pipeline/venv/lib/python3.11/site-packages/airflow/example_dags/example_skip_dag.py
[2026-05-24T13:56:29.661+0000] {logging_mixin.py:188} INFO - [2026-05-24T13:56:29.661+0000] {dag.py:3096} INFO - Sync 1 DAGs
[2026-05-24T13:56:29.674+0000] {logging_mixin.py:188} INFO - [2026-05-24T13:56:29.674+0000] {dag.py:3954} INFO - Setting next_dagrun for example_skip_dag to 2026-05-23 00:00:00+00:00, run_after=2026-05-24 00:00:00+00:00
[2026-05-24T13:56:29.687+0000] {processor.py:183} INFO - Processing /home/varn1t/ml-pipeline/venv/lib/python3.11/site-packages/airflow/example_dags/example_skip_dag.py took 0.047 seconds
[2026-05-24T13:57:37.553+0000] {processor.py:161} INFO - Started process (PID=13691) to work on /home/varn1t/ml-pipeline/venv/lib/python3.11/site-packages/airflow/example_dags/example_skip_dag.py
[2026-05-24T13:57:37.554+0000] {processor.py:830} INFO - Processing file /home/varn1t/ml-pipeline/venv/lib/python3.11/site-packages/airflow/example_dags/example_skip_dag.py for tasks to queue
[2026-05-24T13:57:37.554+0000] {logging_mixin.py:188} INFO - [2026-05-24T13:57:37.554+0000] {dagbag.py:545} INFO - Filling up the DagBag from /home/varn1t/ml-pipeline/venv/lib/python3.11/site-packages/airflow/example_dags/example_skip_dag.py
[2026-05-24T13:57:37.560+0000] {processor.py:840} INFO - DAG(s) 'example_skip_dag' retrieved from /home/varn1t/ml-pipeline/venv/lib/python3.11/site-packages/airflow/example_dags/example_skip_dag.py
[2026-05-24T13:57:37.572+0000] {logging_mixin.py:188} INFO - [2026-05-24T13:57:37.572+0000] {dag.py:3096} INFO - Sync 1 DAGs
[2026-05-24T13:57:37.585+0000] {logging_mixin.py:188} INFO - [2026-05-24T13:57:37.585+0000] {dag.py:3954} INFO - Setting next_dagrun for example_skip_dag to 2026-05-23 00:00:00+00:00, run_after=2026-05-24 00:00:00+00:00
[2026-05-24T13:57:37.603+0000] {processor.py:183} INFO - Processing /home/varn1t/ml-pipeline/venv/lib/python3.11/site-packages/airflow/example_dags/example_skip_dag.py took 0.054 seconds
[2026-05-24T13:58:38.986+0000] {processor.py:161} INFO - Started process (PID=13994) to work on /home/varn1t/ml-pipeline/venv/lib/python3.11/site-packages/airflow/example_dags/example_skip_dag.py
[2026-05-24T13:58:38.986+0000] {processor.py:830} INFO - Processing file /home/varn1t/ml-pipeline/venv/lib/python3.11/site-packages/airflow/example_dags/example_skip_dag.py for tasks to queue
[2026-05-24T13:58:38.987+0000] {logging_mixin.py:188} INFO - [2026-05-24T13:58:38.987+0000] {dagbag.py:545} INFO - Filling up the DagBag from /home/varn1t/ml-pipeline/venv/lib/python3.11/site-packages/airflow/example_dags/example_skip_dag.py
[2026-05-24T13:58:38.991+0000] {processor.py:840} INFO - DAG(s) 'example_skip_dag' retrieved from /home/varn1t/ml-pipeline/venv/lib/python3.11/site-packages/airflow/example_dags/example_skip_dag.py
[2026-05-24T13:58:39.002+0000] {logging_mixin.py:188} INFO - [2026-05-24T13:58:39.002+0000] {dag.py:3096} INFO - Sync 1 DAGs
[2026-05-24T13:58:39.014+0000] {logging_mixin.py:188} INFO - [2026-05-24T13:58:39.014+0000] {dag.py:3954} INFO - Setting next_dagrun for example_skip_dag to 2026-05-23 00:00:00+00:00, run_after=2026-05-24 00:00:00+00:00
[2026-05-24T13:58:39.030+0000] {processor.py:183} INFO - Processing /home/varn1t/ml-pipeline/venv/lib/python3.11/site-packages/airflow/example_dags/example_skip_dag.py took 0.050 seconds
[2026-05-24T13:59:43.601+0000] {processor.py:161} INFO - Started process (PID=14263) to work on /home/varn1t/ml-pipeline/venv/lib/python3.11/site-packages/airflow/example_dags/example_skip_dag.py
[2026-05-24T13:59:43.602+0000] {processor.py:830} INFO - Processing file /home/varn1t/ml-pipeline/venv/lib/python3.11/site-packages/airflow/example_dags/example_skip_dag.py for tasks to queue
[2026-05-24T13:59:43.603+0000] {logging_mixin.py:188} INFO - [2026-05-24T13:59:43.603+0000] {dagbag.py:545} INFO - Filling up the DagBag from /home/varn1t/ml-pipeline/venv/lib/python3.11/site-packages/airflow/example_dags/example_skip_dag.py
[2026-05-24T13:59:43.608+0000] {processor.py:840} INFO - DAG(s) 'example_skip_dag' retrieved from /home/varn1t/ml-pipeline/venv/lib/python3.11/site-packages/airflow/example_dags/example_skip_dag.py
[2026-05-24T13:59:43.619+0000] {logging_mixin.py:188} INFO - [2026-05-24T13:59:43.618+0000] {dag.py:3096} INFO - Sync 1 DAGs
[2026-05-24T13:59:43.632+0000] {logging_mixin.py:188} INFO - [2026-05-24T13:59:43.632+0000] {dag.py:3954} INFO - Setting next_dagrun for example_skip_dag to 2026-05-23 00:00:00+00:00, run_after=2026-05-24 00:00:00+00:00
[2026-05-24T13:59:43.649+0000] {processor.py:183} INFO - Processing /home/varn1t/ml-pipeline/venv/lib/python3.11/site-packages/airflow/example_dags/example_skip_dag.py took 0.051 seconds
[2026-05-24T14:00:42.892+0000] {processor.py:161} INFO - Started process (PID=14531) to work on /home/varn1t/ml-pipeline/venv/lib/python3.11/site-packages/airflow/example_dags/example_skip_dag.py
[2026-05-24T14:00:42.893+0000] {processor.py:830} INFO - Processing file /home/varn1t/ml-pipeline/venv/lib/python3.11/site-packages/airflow/example_dags/example_skip_dag.py for tasks to queue
[2026-05-24T14:00:42.894+0000] {logging_mixin.py:188} INFO - [2026-05-24T14:00:42.893+0000] {dagbag.py:545} INFO - Filling up the DagBag from /home/varn1t/ml-pipeline/venv/lib/python3.11/site-packages/airflow/example_dags/example_skip_dag.py
[2026-05-24T14:00:42.898+0000] {processor.py:840} INFO - DAG(s) 'example_skip_dag' retrieved from /home/varn1t/ml-pipeline/venv/lib/python3.11/site-packages/airflow/example_dags/example_skip_dag.py
[2026-05-24T14:00:42.908+0000] {logging_mixin.py:188} INFO - [2026-05-24T14:00:42.908+0000] {dag.py:3096} INFO - Sync 1 DAGs
[2026-05-24T14:00:42.918+0000] {logging_mixin.py:188} INFO - [2026-05-24T14:00:42.918+0000] {dag.py:3954} INFO - Setting next_dagrun for example_skip_dag to 2026-05-23 00:00:00+00:00, run_after=2026-05-24 00:00:00+00:00
[2026-05-24T14:00:42.931+0000] {processor.py:183} INFO - Processing /home/varn1t/ml-pipeline/venv/lib/python3.11/site-packages/airflow/example_dags/example_skip_dag.py took 0.042 seconds
[2026-05-24T14:01:41.079+0000] {processor.py:161} INFO - Started process (PID=14780) to work on /home/varn1t/ml-pipeline/venv/lib/python3.11/site-packages/airflow/example_dags/example_skip_dag.py
[2026-05-24T14:01:41.080+0000] {processor.py:830} INFO - Processing file /home/varn1t/ml-pipeline/venv/lib/python3.11/site-packages/airflow/example_dags/example_skip_dag.py for tasks to queue
[2026-05-24T14:01:41.080+0000] {logging_mixin.py:188} INFO - [2026-05-24T14:01:41.080+0000] {dagbag.py:545} INFO - Filling up the DagBag from /home/varn1t/ml-pipeline/venv/lib/python3.11/site-packages/airflow/example_dags/example_skip_dag.py
[2026-05-24T14:01:41.085+0000] {processor.py:840} INFO - DAG(s) 'example_skip_dag' retrieved from /home/varn1t/ml-pipeline/venv/lib/python3.11/site-packages/airflow/example_dags/example_skip_dag.py
[2026-05-24T14:01:41.095+0000] {logging_mixin.py:188} INFO - [2026-05-24T14:01:41.095+0000] {dag.py:3096} INFO - Sync 1 DAGs
[2026-05-24T14:01:41.105+0000] {logging_mixin.py:188} INFO - [2026-05-24T14:01:41.105+0000] {dag.py:3954} INFO - Setting next_dagrun for example_skip_dag to 2026-05-23 00:00:00+00:00, run_after=2026-05-24 00:00:00+00:00
[2026-05-24T14:01:41.118+0000] {processor.py:183} INFO - Processing /home/varn1t/ml-pipeline/venv/lib/python3.11/site-packages/airflow/example_dags/example_skip_dag.py took 0.043 seconds
[2026-05-24T14:02:41.520+0000] {processor.py:161} INFO - Started process (PID=15055) to work on /home/varn1t/ml-pipeline/venv/lib/python3.11/site-packages/airflow/example_dags/example_skip_dag.py
[2026-05-24T14:02:41.521+0000] {processor.py:830} INFO - Processing file /home/varn1t/ml-pipeline/venv/lib/python3.11/site-packages/airflow/example_dags/example_skip_dag.py for tasks to queue
[2026-05-24T14:02:41.521+0000] {logging_mixin.py:188} INFO - [2026-05-24T14:02:41.521+0000] {dagbag.py:545} INFO - Filling up the DagBag from /home/varn1t/ml-pipeline/venv/lib/python3.11/site-packages/airflow/example_dags/example_skip_dag.py
[2026-05-24T14:02:41.526+0000] {processor.py:840} INFO - DAG(s) 'example_skip_dag' retrieved from /home/varn1t/ml-pipeline/venv/lib/python3.11/site-packages/airflow/example_dags/example_skip_dag.py
[2026-05-24T14:02:41.537+0000] {logging_mixin.py:188} INFO - [2026-05-24T14:02:41.537+0000] {dag.py:3096} INFO - Sync 1 DAGs
[2026-05-24T14:02:41.548+0000] {logging_mixin.py:188} INFO - [2026-05-24T14:02:41.548+0000] {dag.py:3954} INFO - Setting next_dagrun for example_skip_dag to 2026-05-23 00:00:00+00:00, run_after=2026-05-24 00:00:00+00:00
[2026-05-24T14:02:41.566+0000] {processor.py:183} INFO - Processing /home/varn1t/ml-pipeline/venv/lib/python3.11/site-packages/airflow/example_dags/example_skip_dag.py took 0.051 seconds
[2026-05-24T14:03:42.101+0000] {processor.py:161} INFO - Started process (PID=15337) to work on /home/varn1t/ml-pipeline/venv/lib/python3.11/site-packages/airflow/example_dags/example_skip_dag.py
[2026-05-24T14:03:42.102+0000] {processor.py:830} INFO - Processing file /home/varn1t/ml-pipeline/venv/lib/python3.11/site-packages/airflow/example_dags/example_skip_dag.py for tasks to queue
[2026-05-24T14:03:42.103+0000] {logging_mixin.py:188} INFO - [2026-05-24T14:03:42.103+0000] {dagbag.py:545} INFO - Filling up the DagBag from /home/varn1t/ml-pipeline/venv/lib/python3.11/site-packages/airflow/example_dags/example_skip_dag.py
[2026-05-24T14:03:42.112+0000] {processor.py:840} INFO - DAG(s) 'example_skip_dag' retrieved from /home/varn1t/ml-pipeline/venv/lib/python3.11/site-packages/airflow/example_dags/example_skip_dag.py
[2026-05-24T14:03:42.136+0000] {logging_mixin.py:188} INFO - [2026-05-24T14:03:42.136+0000] {dag.py:3096} INFO - Sync 1 DAGs
[2026-05-24T14:03:42.161+0000] {logging_mixin.py:188} INFO - [2026-05-24T14:03:42.160+0000] {dag.py:3954} INFO - Setting next_dagrun for example_skip_dag to 2026-05-23 00:00:00+00:00, run_after=2026-05-24 00:00:00+00:00
[2026-05-24T14:03:42.195+0000] {processor.py:183} INFO - Processing /home/varn1t/ml-pipeline/venv/lib/python3.11/site-packages/airflow/example_dags/example_skip_dag.py took 0.103 seconds
[2026-05-24T14:04:44.418+0000] {processor.py:161} INFO - Started process (PID=15614) to work on /home/varn1t/ml-pipeline/venv/lib/python3.11/site-packages/airflow/example_dags/example_skip_dag.py
[2026-05-24T14:04:44.419+0000] {processor.py:830} INFO - Processing file /home/varn1t/ml-pipeline/venv/lib/python3.11/site-packages/airflow/example_dags/example_skip_dag.py for tasks to queue
[2026-05-24T14:04:44.419+0000] {logging_mixin.py:188} INFO - [2026-05-24T14:04:44.419+0000] {dagbag.py:545} INFO - Filling up the DagBag from /home/varn1t/ml-pipeline/venv/lib/python3.11/site-packages/airflow/example_dags/example_skip_dag.py
[2026-05-24T14:04:44.424+0000] {processor.py:840} INFO - DAG(s) 'example_skip_dag' retrieved from /home/varn1t/ml-pipeline/venv/lib/python3.11/site-packages/airflow/example_dags/example_skip_dag.py
[2026-05-24T14:04:44.435+0000] {logging_mixin.py:188} INFO - [2026-05-24T14:04:44.435+0000] {dag.py:3096} INFO - Sync 1 DAGs
[2026-05-24T14:04:44.448+0000] {logging_mixin.py:188} INFO - [2026-05-24T14:04:44.448+0000] {dag.py:3954} INFO - Setting next_dagrun for example_skip_dag to 2026-05-23 00:00:00+00:00, run_after=2026-05-24 00:00:00+00:00
[2026-05-24T14:04:44.462+0000] {processor.py:183} INFO - Processing /home/varn1t/ml-pipeline/venv/lib/python3.11/site-packages/airflow/example_dags/example_skip_dag.py took 0.049 seconds
[2026-05-24T14:05:45.100+0000] {processor.py:161} INFO - Started process (PID=15867) to work on /home/varn1t/ml-pipeline/venv/lib/python3.11/site-packages/airflow/example_dags/example_skip_dag.py
[2026-05-24T14:05:45.101+0000] {processor.py:830} INFO - Processing file /home/varn1t/ml-pipeline/venv/lib/python3.11/site-packages/airflow/example_dags/example_skip_dag.py for tasks to queue
[2026-05-24T14:05:45.102+0000] {logging_mixin.py:188} INFO - [2026-05-24T14:05:45.102+0000] {dagbag.py:545} INFO - Filling up the DagBag from /home/varn1t/ml-pipeline/venv/lib/python3.11/site-packages/airflow/example_dags/example_skip_dag.py
[2026-05-24T14:05:45.107+0000] {processor.py:840} INFO - DAG(s) 'example_skip_dag' retrieved from /home/varn1t/ml-pipeline/venv/lib/python3.11/site-packages/airflow/example_dags/example_skip_dag.py
[2026-05-24T14:05:45.120+0000] {logging_mixin.py:188} INFO - [2026-05-24T14:05:45.120+0000] {dag.py:3096} INFO - Sync 1 DAGs
[2026-05-24T14:05:45.135+0000] {logging_mixin.py:188} INFO - [2026-05-24T14:05:45.135+0000] {dag.py:3954} INFO - Setting next_dagrun for example_skip_dag to 2026-05-23 00:00:00+00:00, run_after=2026-05-24 00:00:00+00:00
[2026-05-24T14:05:45.151+0000] {processor.py:183} INFO - Processing /home/varn1t/ml-pipeline/venv/lib/python3.11/site-packages/airflow/example_dags/example_skip_dag.py took 0.055 seconds
[2026-05-24T14:06:49.825+0000] {processor.py:161} INFO - Started process (PID=16189) to work on /home/varn1t/ml-pipeline/venv/lib/python3.11/site-packages/airflow/example_dags/example_skip_dag.py
[2026-05-24T14:06:49.826+0000] {processor.py:830} INFO - Processing file /home/varn1t/ml-pipeline/venv/lib/python3.11/site-packages/airflow/example_dags/example_skip_dag.py for tasks to queue
[2026-05-24T14:06:49.826+0000] {logging_mixin.py:188} INFO - [2026-05-24T14:06:49.826+0000] {dagbag.py:545} INFO - Filling up the DagBag from /home/varn1t/ml-pipeline/venv/lib/python3.11/site-packages/airflow/example_dags/example_skip_dag.py
[2026-05-24T14:06:49.832+0000] {processor.py:840} INFO - DAG(s) 'example_skip_dag' retrieved from /home/varn1t/ml-pipeline/venv/lib/python3.11/site-packages/airflow/example_dags/example_skip_dag.py
[2026-05-24T14:06:49.843+0000] {logging_mixin.py:188} INFO - [2026-05-24T14:06:49.843+0000] {dag.py:3096} INFO - Sync 1 DAGs
[2026-05-24T14:06:49.858+0000] {logging_mixin.py:188} INFO - [2026-05-24T14:06:49.857+0000] {dag.py:3954} INFO - Setting next_dagrun for example_skip_dag to 2026-05-23 00:00:00+00:00, run_after=2026-05-24 00:00:00+00:00
[2026-05-24T14:06:49.873+0000] {processor.py:183} INFO - Processing /home/varn1t/ml-pipeline/venv/lib/python3.11/site-packages/airflow/example_dags/example_skip_dag.py took 0.053 seconds
[2026-05-24T14:07:55.442+0000] {processor.py:161} INFO - Started process (PID=16458) to work on /home/varn1t/ml-pipeline/venv/lib/python3.11/site-packages/airflow/example_dags/example_skip_dag.py
[2026-05-24T14:07:55.443+0000] {processor.py:830} INFO - Processing file /home/varn1t/ml-pipeline/venv/lib/python3.11/site-packages/airflow/example_dags/example_skip_dag.py for tasks to queue
[2026-05-24T14:07:55.443+0000] {logging_mixin.py:188} INFO - [2026-05-24T14:07:55.443+0000] {dagbag.py:545} INFO - Filling up the DagBag from /home/varn1t/ml-pipeline/venv/lib/python3.11/site-packages/airflow/example_dags/example_skip_dag.py
[2026-05-24T14:07:55.448+0000] {processor.py:840} INFO - DAG(s) 'example_skip_dag' retrieved from /home/varn1t/ml-pipeline/venv/lib/python3.11/site-packages/airflow/example_dags/example_skip_dag.py
[2026-05-24T14:07:55.458+0000] {logging_mixin.py:188} INFO - [2026-05-24T14:07:55.458+0000] {dag.py:3096} INFO - Sync 1 DAGs
[2026-05-24T14:07:55.472+0000] {logging_mixin.py:188} INFO - [2026-05-24T14:07:55.472+0000] {dag.py:3954} INFO - Setting next_dagrun for example_skip_dag to 2026-05-23 00:00:00+00:00, run_after=2026-05-24 00:00:00+00:00
[2026-05-24T14:07:55.486+0000] {processor.py:183} INFO - Processing /home/varn1t/ml-pipeline/venv/lib/python3.11/site-packages/airflow/example_dags/example_skip_dag.py took 0.048 seconds
[2026-05-24T14:08:55.081+0000] {processor.py:161} INFO - Started process (PID=16756) to work on /home/varn1t/ml-pipeline/venv/lib/python3.11/site-packages/airflow/example_dags/example_skip_dag.py
[2026-05-24T14:08:55.082+0000] {processor.py:830} INFO - Processing file /home/varn1t/ml-pipeline/venv/lib/python3.11/site-packages/airflow/example_dags/example_skip_dag.py for tasks to queue
[2026-05-24T14:08:55.082+0000] {logging_mixin.py:188} INFO - [2026-05-24T14:08:55.082+0000] {dagbag.py:545} INFO - Filling up the DagBag from /home/varn1t/ml-pipeline/venv/lib/python3.11/site-packages/airflow/example_dags/example_skip_dag.py
[2026-05-24T14:08:55.088+0000] {processor.py:840} INFO - DAG(s) 'example_skip_dag' retrieved from /home/varn1t/ml-pipeline/venv/lib/python3.11/site-packages/airflow/example_dags/example_skip_dag.py
[2026-05-24T14:08:55.100+0000] {logging_mixin.py:188} INFO - [2026-05-24T14:08:55.100+0000] {dag.py:3096} INFO - Sync 1 DAGs
[2026-05-24T14:08:55.110+0000] {logging_mixin.py:188} INFO - [2026-05-24T14:08:55.110+0000] {dag.py:3954} INFO - Setting next_dagrun for example_skip_dag to 2026-05-23 00:00:00+00:00, run_after=2026-05-24 00:00:00+00:00
[2026-05-24T14:08:55.122+0000] {processor.py:183} INFO - Processing /home/varn1t/ml-pipeline/venv/lib/python3.11/site-packages/airflow/example_dags/example_skip_dag.py took 0.045 seconds
[2026-05-24T14:09:57.200+0000] {processor.py:161} INFO - Started process (PID=17023) to work on /home/varn1t/ml-pipeline/venv/lib/python3.11/site-packages/airflow/example_dags/example_skip_dag.py
[2026-05-24T14:09:57.201+0000] {processor.py:830} INFO - Processing file /home/varn1t/ml-pipeline/venv/lib/python3.11/site-packages/airflow/example_dags/example_skip_dag.py for tasks to queue
[2026-05-24T14:09:57.201+0000] {logging_mixin.py:188} INFO - [2026-05-24T14:09:57.201+0000] {dagbag.py:545} INFO - Filling up the DagBag from /home/varn1t/ml-pipeline/venv/lib/python3.11/site-packages/airflow/example_dags/example_skip_dag.py
[2026-05-24T14:09:57.206+0000] {processor.py:840} INFO - DAG(s) 'example_skip_dag' retrieved from /home/varn1t/ml-pipeline/venv/lib/python3.11/site-packages/airflow/example_dags/example_skip_dag.py
[2026-05-24T14:09:57.216+0000] {logging_mixin.py:188} INFO - [2026-05-24T14:09:57.216+0000] {dag.py:3096} INFO - Sync 1 DAGs
[2026-05-24T14:09:57.226+0000] {logging_mixin.py:188} INFO - [2026-05-24T14:09:57.226+0000] {dag.py:3954} INFO - Setting next_dagrun for example_skip_dag to 2026-05-23 00:00:00+00:00, run_after=2026-05-24 00:00:00+00:00
[2026-05-24T14:09:57.241+0000] {processor.py:183} INFO - Processing /home/varn1t/ml-pipeline/venv/lib/python3.11/site-packages/airflow/example_dags/example_skip_dag.py took 0.045 seconds
[2026-05-24T14:10:59.027+0000] {processor.py:161} INFO - Started process (PID=17298) to work on /home/varn1t/ml-pipeline/venv/lib/python3.11/site-packages/airflow/example_dags/example_skip_dag.py
[2026-05-24T14:10:59.028+0000] {processor.py:830} INFO - Processing file /home/varn1t/ml-pipeline/venv/lib/python3.11/site-packages/airflow/example_dags/example_skip_dag.py for tasks to queue
[2026-05-24T14:10:59.029+0000] {logging_mixin.py:188} INFO - [2026-05-24T14:10:59.029+0000] {dagbag.py:545} INFO - Filling up the DagBag from /home/varn1t/ml-pipeline/venv/lib/python3.11/site-packages/airflow/example_dags/example_skip_dag.py
[2026-05-24T14:10:59.034+0000] {processor.py:840} INFO - DAG(s) 'example_skip_dag' retrieved from /home/varn1t/ml-pipeline/venv/lib/python3.11/site-packages/airflow/example_dags/example_skip_dag.py
[2026-05-24T14:10:59.044+0000] {logging_mixin.py:188} INFO - [2026-05-24T14:10:59.043+0000] {dag.py:3096} INFO - Sync 1 DAGs
[2026-05-24T14:10:59.056+0000] {logging_mixin.py:188} INFO - [2026-05-24T14:10:59.056+0000] {dag.py:3954} INFO - Setting next_dagrun for example_skip_dag to 2026-05-23 00:00:00+00:00, run_after=2026-05-24 00:00:00+00:00
[2026-05-24T14:10:59.069+0000] {processor.py:183} INFO - Processing /home/varn1t/ml-pipeline/venv/lib/python3.11/site-packages/airflow/example_dags/example_skip_dag.py took 0.046 seconds
[2026-05-24T14:12:00.950+0000] {processor.py:161} INFO - Started process (PID=17569) to work on /home/varn1t/ml-pipeline/venv/lib/python3.11/site-packages/airflow/example_dags/example_skip_dag.py
[2026-05-24T14:12:00.951+0000] {processor.py:830} INFO - Processing file /home/varn1t/ml-pipeline/venv/lib/python3.11/site-packages/airflow/example_dags/example_skip_dag.py for tasks to queue
[2026-05-24T14:12:00.952+0000] {logging_mixin.py:188} INFO - [2026-05-24T14:12:00.951+0000] {dagbag.py:545} INFO - Filling up the DagBag from /home/varn1t/ml-pipeline/venv/lib/python3.11/site-packages/airflow/example_dags/example_skip_dag.py
[2026-05-24T14:12:00.957+0000] {processor.py:840} INFO - DAG(s) 'example_skip_dag' retrieved from /home/varn1t/ml-pipeline/venv/lib/python3.11/site-packages/airflow/example_dags/example_skip_dag.py
[2026-05-24T14:12:00.970+0000] {logging_mixin.py:188} INFO - [2026-05-24T14:12:00.970+0000] {dag.py:3096} INFO - Sync 1 DAGs
[2026-05-24T14:12:00.987+0000] {logging_mixin.py:188} INFO - [2026-05-24T14:12:00.987+0000] {dag.py:3954} INFO - Setting next_dagrun for example_skip_dag to 2026-05-23 00:00:00+00:00, run_after=2026-05-24 00:00:00+00:00
[2026-05-24T14:12:01.006+0000] {processor.py:183} INFO - Processing /home/varn1t/ml-pipeline/venv/lib/python3.11/site-packages/airflow/example_dags/example_skip_dag.py took 0.062 seconds
[2026-05-24T14:12:59.520+0000] {processor.py:161} INFO - Started process (PID=17837) to work on /home/varn1t/ml-pipeline/venv/lib/python3.11/site-packages/airflow/example_dags/example_skip_dag.py
[2026-05-24T14:12:59.521+0000] {processor.py:830} INFO - Processing file /home/varn1t/ml-pipeline/venv/lib/python3.11/site-packages/airflow/example_dags/example_skip_dag.py for tasks to queue
[2026-05-24T14:12:59.522+0000] {logging_mixin.py:188} INFO - [2026-05-24T14:12:59.521+0000] {dagbag.py:545} INFO - Filling up the DagBag from /home/varn1t/ml-pipeline/venv/lib/python3.11/site-packages/airflow/example_dags/example_skip_dag.py
[2026-05-24T14:12:59.527+0000] {processor.py:840} INFO - DAG(s) 'example_skip_dag' retrieved from /home/varn1t/ml-pipeline/venv/lib/python3.11/site-packages/airflow/example_dags/example_skip_dag.py
[2026-05-24T14:12:59.539+0000] {logging_mixin.py:188} INFO - [2026-05-24T14:12:59.539+0000] {dag.py:3096} INFO - Sync 1 DAGs
[2026-05-24T14:12:59.550+0000] {logging_mixin.py:188} INFO - [2026-05-24T14:12:59.550+0000] {dag.py:3954} INFO - Setting next_dagrun for example_skip_dag to 2026-05-23 00:00:00+00:00, run_after=2026-05-24 00:00:00+00:00
[2026-05-24T14:12:59.565+0000] {processor.py:183} INFO - Processing /home/varn1t/ml-pipeline/venv/lib/python3.11/site-packages/airflow/example_dags/example_skip_dag.py took 0.049 seconds
[2026-05-24T14:14:00.310+0000] {processor.py:161} INFO - Started process (PID=18118) to work on /home/varn1t/ml-pipeline/venv/lib/python3.11/site-packages/airflow/example_dags/example_skip_dag.py
[2026-05-24T14:14:00.311+0000] {processor.py:830} INFO - Processing file /home/varn1t/ml-pipeline/venv/lib/python3.11/site-packages/airflow/example_dags/example_skip_dag.py for tasks to queue
[2026-05-24T14:14:00.311+0000] {logging_mixin.py:188} INFO - [2026-05-24T14:14:00.311+0000] {dagbag.py:545} INFO - Filling up the DagBag from /home/varn1t/ml-pipeline/venv/lib/python3.11/site-packages/airflow/example_dags/example_skip_dag.py
[2026-05-24T14:14:00.316+0000] {processor.py:840} INFO - DAG(s) 'example_skip_dag' retrieved from /home/varn1t/ml-pipeline/venv/lib/python3.11/site-packages/airflow/example_dags/example_skip_dag.py
[2026-05-24T14:14:00.327+0000] {logging_mixin.py:188} INFO - [2026-05-24T14:14:00.326+0000] {dag.py:3096} INFO - Sync 1 DAGs
[2026-05-24T14:14:00.338+0000] {logging_mixin.py:188} INFO - [2026-05-24T14:14:00.338+0000] {dag.py:3954} INFO - Setting next_dagrun for example_skip_dag to 2026-05-23 00:00:00+00:00, run_after=2026-05-24 00:00:00+00:00
[2026-05-24T14:14:00.353+0000] {processor.py:183} INFO - Processing /home/varn1t/ml-pipeline/venv/lib/python3.11/site-packages/airflow/example_dags/example_skip_dag.py took 0.047 seconds
[2026-05-24T14:15:03.239+0000] {processor.py:161} INFO - Started process (PID=18393) to work on /home/varn1t/ml-pipeline/venv/lib/python3.11/site-packages/airflow/example_dags/example_skip_dag.py
[2026-05-24T14:15:03.240+0000] {processor.py:830} INFO - Processing file /home/varn1t/ml-pipeline/venv/lib/python3.11/site-packages/airflow/example_dags/example_skip_dag.py for tasks to queue
[2026-05-24T14:15:03.241+0000] {logging_mixin.py:188} INFO - [2026-05-24T14:15:03.240+0000] {dagbag.py:545} INFO - Filling up the DagBag from /home/varn1t/ml-pipeline/venv/lib/python3.11/site-packages/airflow/example_dags/example_skip_dag.py
[2026-05-24T14:15:03.246+0000] {processor.py:840} INFO - DAG(s) 'example_skip_dag' retrieved from /home/varn1t/ml-pipeline/venv/lib/python3.11/site-packages/airflow/example_dags/example_skip_dag.py
[2026-05-24T14:15:03.257+0000] {logging_mixin.py:188} INFO - [2026-05-24T14:15:03.257+0000] {dag.py:3096} INFO - Sync 1 DAGs
[2026-05-24T14:15:03.270+0000] {logging_mixin.py:188} INFO - [2026-05-24T14:15:03.270+0000] {dag.py:3954} INFO - Setting next_dagrun for example_skip_dag to 2026-05-23 00:00:00+00:00, run_after=2026-05-24 00:00:00+00:00
[2026-05-24T14:15:03.286+0000] {processor.py:183} INFO - Processing /home/varn1t/ml-pipeline/venv/lib/python3.11/site-packages/airflow/example_dags/example_skip_dag.py took 0.051 seconds
[2026-05-24T14:16:20.905+0000] {processor.py:161} INFO - Started process (PID=18724) to work on /home/varn1t/ml-pipeline/venv/lib/python3.11/site-packages/airflow/example_dags/example_skip_dag.py
[2026-05-24T14:16:20.906+0000] {processor.py:830} INFO - Processing file /home/varn1t/ml-pipeline/venv/lib/python3.11/site-packages/airflow/example_dags/example_skip_dag.py for tasks to queue
[2026-05-24T14:16:20.906+0000] {logging_mixin.py:188} INFO - [2026-05-24T14:16:20.906+0000] {dagbag.py:545} INFO - Filling up the DagBag from /home/varn1t/ml-pipeline/venv/lib/python3.11/site-packages/airflow/example_dags/example_skip_dag.py
[2026-05-24T14:16:20.912+0000] {processor.py:840} INFO - DAG(s) 'example_skip_dag' retrieved from /home/varn1t/ml-pipeline/venv/lib/python3.11/site-packages/airflow/example_dags/example_skip_dag.py
[2026-05-24T14:16:20.927+0000] {logging_mixin.py:188} INFO - [2026-05-24T14:16:20.927+0000] {dag.py:3096} INFO - Sync 1 DAGs
[2026-05-24T14:16:20.943+0000] {logging_mixin.py:188} INFO - [2026-05-24T14:16:20.943+0000] {dag.py:3954} INFO - Setting next_dagrun for example_skip_dag to 2026-05-23 00:00:00+00:00, run_after=2026-05-24 00:00:00+00:00
[2026-05-24T14:16:20.964+0000] {processor.py:183} INFO - Processing /home/varn1t/ml-pipeline/venv/lib/python3.11/site-packages/airflow/example_dags/example_skip_dag.py took 0.065 seconds
[2026-05-24T14:17:43.685+0000] {processor.py:161} INFO - Started process (PID=19110) to work on /home/varn1t/ml-pipeline/venv/lib/python3.11/site-packages/airflow/example_dags/example_skip_dag.py
[2026-05-24T14:17:43.686+0000] {processor.py:830} INFO - Processing file /home/varn1t/ml-pipeline/venv/lib/python3.11/site-packages/airflow/example_dags/example_skip_dag.py for tasks to queue
[2026-05-24T14:17:43.687+0000] {logging_mixin.py:188} INFO - [2026-05-24T14:17:43.686+0000] {dagbag.py:545} INFO - Filling up the DagBag from /home/varn1t/ml-pipeline/venv/lib/python3.11/site-packages/airflow/example_dags/example_skip_dag.py
[2026-05-24T14:17:43.693+0000] {processor.py:840} INFO - DAG(s) 'example_skip_dag' retrieved from /home/varn1t/ml-pipeline/venv/lib/python3.11/site-packages/airflow/example_dags/example_skip_dag.py
[2026-05-24T14:17:43.704+0000] {logging_mixin.py:188} INFO - [2026-05-24T14:17:43.704+0000] {dag.py:3096} INFO - Sync 1 DAGs
[2026-05-24T14:17:43.715+0000] {logging_mixin.py:188} INFO - [2026-05-24T14:17:43.715+0000] {dag.py:3954} INFO - Setting next_dagrun for example_skip_dag to 2026-05-23 00:00:00+00:00, run_after=2026-05-24 00:00:00+00:00
[2026-05-24T14:17:43.738+0000] {processor.py:183} INFO - Processing /home/varn1t/ml-pipeline/venv/lib/python3.11/site-packages/airflow/example_dags/example_skip_dag.py took 0.058 seconds
[2026-05-24T14:18:51.597+0000] {processor.py:161} INFO - Started process (PID=19436) to work on /home/varn1t/ml-pipeline/venv/lib/python3.11/site-packages/airflow/example_dags/example_skip_dag.py
[2026-05-24T14:18:51.599+0000] {processor.py:830} INFO - Processing file /home/varn1t/ml-pipeline/venv/lib/python3.11/site-packages/airflow/example_dags/example_skip_dag.py for tasks to queue
[2026-05-24T14:18:51.600+0000] {logging_mixin.py:188} INFO - [2026-05-24T14:18:51.600+0000] {dagbag.py:545} INFO - Filling up the DagBag from /home/varn1t/ml-pipeline/venv/lib/python3.11/site-packages/airflow/example_dags/example_skip_dag.py
[2026-05-24T14:18:51.607+0000] {processor.py:840} INFO - DAG(s) 'example_skip_dag' retrieved from /home/varn1t/ml-pipeline/venv/lib/python3.11/site-packages/airflow/example_dags/example_skip_dag.py
[2026-05-24T14:18:51.624+0000] {logging_mixin.py:188} INFO - [2026-05-24T14:18:51.624+0000] {dag.py:3096} INFO - Sync 1 DAGs
[2026-05-24T14:18:51.641+0000] {logging_mixin.py:188} INFO - [2026-05-24T14:18:51.641+0000] {dag.py:3954} INFO - Setting next_dagrun for example_skip_dag to 2026-05-23 00:00:00+00:00, run_after=2026-05-24 00:00:00+00:00
[2026-05-24T14:18:51.660+0000] {processor.py:183} INFO - Processing /home/varn1t/ml-pipeline/venv/lib/python3.11/site-packages/airflow/example_dags/example_skip_dag.py took 0.069 seconds
[2026-05-24T14:19:53.753+0000] {processor.py:161} INFO - Started process (PID=19728) to work on /home/varn1t/ml-pipeline/venv/lib/python3.11/site-packages/airflow/example_dags/example_skip_dag.py
[2026-05-24T14:19:53.755+0000] {processor.py:830} INFO - Processing file /home/varn1t/ml-pipeline/venv/lib/python3.11/site-packages/airflow/example_dags/example_skip_dag.py for tasks to queue
[2026-05-24T14:19:53.755+0000] {logging_mixin.py:188} INFO - [2026-05-24T14:19:53.755+0000] {dagbag.py:545} INFO - Filling up the DagBag from /home/varn1t/ml-pipeline/venv/lib/python3.11/site-packages/airflow/example_dags/example_skip_dag.py
[2026-05-24T14:19:53.761+0000] {processor.py:840} INFO - DAG(s) 'example_skip_dag' retrieved from /home/varn1t/ml-pipeline/venv/lib/python3.11/site-packages/airflow/example_dags/example_skip_dag.py
[2026-05-24T14:19:53.777+0000] {logging_mixin.py:188} INFO - [2026-05-24T14:19:53.777+0000] {dag.py:3096} INFO - Sync 1 DAGs
[2026-05-24T14:19:53.792+0000] {logging_mixin.py:188} INFO - [2026-05-24T14:19:53.792+0000] {dag.py:3954} INFO - Setting next_dagrun for example_skip_dag to 2026-05-23 00:00:00+00:00, run_after=2026-05-24 00:00:00+00:00
[2026-05-24T14:19:53.812+0000] {processor.py:183} INFO - Processing /home/varn1t/ml-pipeline/venv/lib/python3.11/site-packages/airflow/example_dags/example_skip_dag.py took 0.064 seconds
[2026-05-24T14:20:56.826+0000] {processor.py:161} INFO - Started process (PID=20000) to work on /home/varn1t/ml-pipeline/venv/lib/python3.11/site-packages/airflow/example_dags/example_skip_dag.py
[2026-05-24T14:20:56.828+0000] {processor.py:830} INFO - Processing file /home/varn1t/ml-pipeline/venv/lib/python3.11/site-packages/airflow/example_dags/example_skip_dag.py for tasks to queue
[2026-05-24T14:20:56.829+0000] {logging_mixin.py:188} INFO - [2026-05-24T14:20:56.829+0000] {dagbag.py:545} INFO - Filling up the DagBag from /home/varn1t/ml-pipeline/venv/lib/python3.11/site-packages/airflow/example_dags/example_skip_dag.py
[2026-05-24T14:20:56.835+0000] {processor.py:840} INFO - DAG(s) 'example_skip_dag' retrieved from /home/varn1t/ml-pipeline/venv/lib/python3.11/site-packages/airflow/example_dags/example_skip_dag.py
[2026-05-24T14:20:56.849+0000] {logging_mixin.py:188} INFO - [2026-05-24T14:20:56.849+0000] {dag.py:3096} INFO - Sync 1 DAGs
[2026-05-24T14:20:56.863+0000] {logging_mixin.py:188} INFO - [2026-05-24T14:20:56.862+0000] {dag.py:3954} INFO - Setting next_dagrun for example_skip_dag to 2026-05-23 00:00:00+00:00, run_after=2026-05-24 00:00:00+00:00
[2026-05-24T14:20:56.878+0000] {processor.py:183} INFO - Processing /home/varn1t/ml-pipeline/venv/lib/python3.11/site-packages/airflow/example_dags/example_skip_dag.py took 0.057 seconds
[2026-05-24T14:21:59.200+0000] {processor.py:161} INFO - Started process (PID=20302) to work on /home/varn1t/ml-pipeline/venv/lib/python3.11/site-packages/airflow/example_dags/example_skip_dag.py
[2026-05-24T14:21:59.201+0000] {processor.py:830} INFO - Processing file /home/varn1t/ml-pipeline/venv/lib/python3.11/site-packages/airflow/example_dags/example_skip_dag.py for tasks to queue
[2026-05-24T14:21:59.202+0000] {logging_mixin.py:188} INFO - [2026-05-24T14:21:59.202+0000] {dagbag.py:545} INFO - Filling up the DagBag from /home/varn1t/ml-pipeline/venv/lib/python3.11/site-packages/airflow/example_dags/example_skip_dag.py
[2026-05-24T14:21:59.208+0000] {processor.py:840} INFO - DAG(s) 'example_skip_dag' retrieved from /home/varn1t/ml-pipeline/venv/lib/python3.11/site-packages/airflow/example_dags/example_skip_dag.py
[2026-05-24T14:21:59.223+0000] {logging_mixin.py:188} INFO - [2026-05-24T14:21:59.223+0000] {dag.py:3096} INFO - Sync 1 DAGs
[2026-05-24T14:21:59.237+0000] {logging_mixin.py:188} INFO - [2026-05-24T14:21:59.237+0000] {dag.py:3954} INFO - Setting next_dagrun for example_skip_dag to 2026-05-23 00:00:00+00:00, run_after=2026-05-24 00:00:00+00:00
[2026-05-24T14:21:59.258+0000] {processor.py:183} INFO - Processing /home/varn1t/ml-pipeline/venv/lib/python3.11/site-packages/airflow/example_dags/example_skip_dag.py took 0.064 seconds
[2026-05-24T14:23:04.923+0000] {processor.py:161} INFO - Started process (PID=20591) to work on /home/varn1t/ml-pipeline/venv/lib/python3.11/site-packages/airflow/example_dags/example_skip_dag.py
[2026-05-24T14:23:04.925+0000] {processor.py:830} INFO - Processing file /home/varn1t/ml-pipeline/venv/lib/python3.11/site-packages/airflow/example_dags/example_skip_dag.py for tasks to queue
[2026-05-24T14:23:04.926+0000] {logging_mixin.py:188} INFO - [2026-05-24T14:23:04.925+0000] {dagbag.py:545} INFO - Filling up the DagBag from /home/varn1t/ml-pipeline/venv/lib/python3.11/site-packages/airflow/example_dags/example_skip_dag.py
[2026-05-24T14:23:04.932+0000] {processor.py:840} INFO - DAG(s) 'example_skip_dag' retrieved from /home/varn1t/ml-pipeline/venv/lib/python3.11/site-packages/airflow/example_dags/example_skip_dag.py
[2026-05-24T14:23:04.945+0000] {logging_mixin.py:188} INFO - [2026-05-24T14:23:04.945+0000] {dag.py:3096} INFO - Sync 1 DAGs
[2026-05-24T14:23:04.959+0000] {logging_mixin.py:188} INFO - [2026-05-24T14:23:04.958+0000] {dag.py:3954} INFO - Setting next_dagrun for example_skip_dag to 2026-05-23 00:00:00+00:00, run_after=2026-05-24 00:00:00+00:00
[2026-05-24T14:23:04.981+0000] {processor.py:183} INFO - Processing /home/varn1t/ml-pipeline/venv/lib/python3.11/site-packages/airflow/example_dags/example_skip_dag.py took 0.063 seconds
[2026-05-24T14:24:05.486+0000] {processor.py:161} INFO - Started process (PID=20901) to work on /home/varn1t/ml-pipeline/venv/lib/python3.11/site-packages/airflow/example_dags/example_skip_dag.py
[2026-05-24T14:24:05.488+0000] {processor.py:830} INFO - Processing file /home/varn1t/ml-pipeline/venv/lib/python3.11/site-packages/airflow/example_dags/example_skip_dag.py for tasks to queue
[2026-05-24T14:24:05.489+0000] {logging_mixin.py:188} INFO - [2026-05-24T14:24:05.488+0000] {dagbag.py:545} INFO - Filling up the DagBag from /home/varn1t/ml-pipeline/venv/lib/python3.11/site-packages/airflow/example_dags/example_skip_dag.py
[2026-05-24T14:24:05.495+0000] {processor.py:840} INFO - DAG(s) 'example_skip_dag' retrieved from /home/varn1t/ml-pipeline/venv/lib/python3.11/site-packages/airflow/example_dags/example_skip_dag.py
[2026-05-24T14:24:05.516+0000] {logging_mixin.py:188} INFO - [2026-05-24T14:24:05.516+0000] {dag.py:3096} INFO - Sync 1 DAGs
[2026-05-24T14:24:05.539+0000] {logging_mixin.py:188} INFO - [2026-05-24T14:24:05.538+0000] {dag.py:3954} INFO - Setting next_dagrun for example_skip_dag to 2026-05-23 00:00:00+00:00, run_after=2026-05-24 00:00:00+00:00
[2026-05-24T14:24:05.563+0000] {processor.py:183} INFO - Processing /home/varn1t/ml-pipeline/venv/lib/python3.11/site-packages/airflow/example_dags/example_skip_dag.py took 0.082 seconds
[2026-05-24T14:25:04.287+0000] {processor.py:161} INFO - Started process (PID=21170) to work on /home/varn1t/ml-pipeline/venv/lib/python3.11/site-packages/airflow/example_dags/example_skip_dag.py
[2026-05-24T14:25:04.288+0000] {processor.py:830} INFO - Processing file /home/varn1t/ml-pipeline/venv/lib/python3.11/site-packages/airflow/example_dags/example_skip_dag.py for tasks to queue
[2026-05-24T14:25:04.288+0000] {logging_mixin.py:188} INFO - [2026-05-24T14:25:04.288+0000] {dagbag.py:545} INFO - Filling up the DagBag from /home/varn1t/ml-pipeline/venv/lib/python3.11/site-packages/airflow/example_dags/example_skip_dag.py
[2026-05-24T14:25:04.294+0000] {processor.py:840} INFO - DAG(s) 'example_skip_dag' retrieved from /home/varn1t/ml-pipeline/venv/lib/python3.11/site-packages/airflow/example_dags/example_skip_dag.py
[2026-05-24T14:25:04.305+0000] {logging_mixin.py:188} INFO - [2026-05-24T14:25:04.305+0000] {dag.py:3096} INFO - Sync 1 DAGs
[2026-05-24T14:25:04.316+0000] {logging_mixin.py:188} INFO - [2026-05-24T14:25:04.316+0000] {dag.py:3954} INFO - Setting next_dagrun for example_skip_dag to 2026-05-23 00:00:00+00:00, run_after=2026-05-24 00:00:00+00:00
[2026-05-24T14:25:04.332+0000] {processor.py:183} INFO - Processing /home/varn1t/ml-pipeline/venv/lib/python3.11/site-packages/airflow/example_dags/example_skip_dag.py took 0.049 seconds
[2026-05-24T14:26:06.886+0000] {processor.py:161} INFO - Started process (PID=21457) to work on /home/varn1t/ml-pipeline/venv/lib/python3.11/site-packages/airflow/example_dags/example_skip_dag.py
[2026-05-24T14:26:06.888+0000] {processor.py:830} INFO - Processing file /home/varn1t/ml-pipeline/venv/lib/python3.11/site-packages/airflow/example_dags/example_skip_dag.py for tasks to queue
[2026-05-24T14:26:06.889+0000] {logging_mixin.py:188} INFO - [2026-05-24T14:26:06.888+0000] {dagbag.py:545} INFO - Filling up the DagBag from /home/varn1t/ml-pipeline/venv/lib/python3.11/site-packages/airflow/example_dags/example_skip_dag.py
[2026-05-24T14:26:06.897+0000] {processor.py:840} INFO - DAG(s) 'example_skip_dag' retrieved from /home/varn1t/ml-pipeline/venv/lib/python3.11/site-packages/airflow/example_dags/example_skip_dag.py
[2026-05-24T14:26:06.916+0000] {logging_mixin.py:188} INFO - [2026-05-24T14:26:06.916+0000] {dag.py:3096} INFO - Sync 1 DAGs
[2026-05-24T14:26:06.931+0000] {logging_mixin.py:188} INFO - [2026-05-24T14:26:06.931+0000] {dag.py:3954} INFO - Setting next_dagrun for example_skip_dag to 2026-05-23 00:00:00+00:00, run_after=2026-05-24 00:00:00+00:00
[2026-05-24T14:26:06.953+0000] {processor.py:183} INFO - Processing /home/varn1t/ml-pipeline/venv/lib/python3.11/site-packages/airflow/example_dags/example_skip_dag.py took 0.072 seconds
[2026-05-24T14:27:04.553+0000] {processor.py:161} INFO - Started process (PID=21720) to work on /home/varn1t/ml-pipeline/venv/lib/python3.11/site-packages/airflow/example_dags/example_skip_dag.py
[2026-05-24T14:27:04.554+0000] {processor.py:830} INFO - Processing file /home/varn1t/ml-pipeline/venv/lib/python3.11/site-packages/airflow/example_dags/example_skip_dag.py for tasks to queue
[2026-05-24T14:27:04.555+0000] {logging_mixin.py:188} INFO - [2026-05-24T14:27:04.555+0000] {dagbag.py:545} INFO - Filling up the DagBag from /home/varn1t/ml-pipeline/venv/lib/python3.11/site-packages/airflow/example_dags/example_skip_dag.py
[2026-05-24T14:27:04.562+0000] {processor.py:840} INFO - DAG(s) 'example_skip_dag' retrieved from /home/varn1t/ml-pipeline/venv/lib/python3.11/site-packages/airflow/example_dags/example_skip_dag.py
[2026-05-24T14:27:04.578+0000] {logging_mixin.py:188} INFO - [2026-05-24T14:27:04.577+0000] {dag.py:3096} INFO - Sync 1 DAGs
[2026-05-24T14:27:04.594+0000] {logging_mixin.py:188} INFO - [2026-05-24T14:27:04.593+0000] {dag.py:3954} INFO - Setting next_dagrun for example_skip_dag to 2026-05-23 00:00:00+00:00, run_after=2026-05-24 00:00:00+00:00
[2026-05-24T14:27:04.610+0000] {processor.py:183} INFO - Processing /home/varn1t/ml-pipeline/venv/lib/python3.11/site-packages/airflow/example_dags/example_skip_dag.py took 0.063 seconds
[2026-05-24T14:28:04.523+0000] {processor.py:161} INFO - Started process (PID=21991) to work on /home/varn1t/ml-pipeline/venv/lib/python3.11/site-packages/airflow/example_dags/example_skip_dag.py
[2026-05-24T14:28:04.524+0000] {processor.py:830} INFO - Processing file /home/varn1t/ml-pipeline/venv/lib/python3.11/site-packages/airflow/example_dags/example_skip_dag.py for tasks to queue
[2026-05-24T14:28:04.525+0000] {logging_mixin.py:188} INFO - [2026-05-24T14:28:04.524+0000] {dagbag.py:545} INFO - Filling up the DagBag from /home/varn1t/ml-pipeline/venv/lib/python3.11/site-packages/airflow/example_dags/example_skip_dag.py
[2026-05-24T14:28:04.529+0000] {processor.py:840} INFO - DAG(s) 'example_skip_dag' retrieved from /home/varn1t/ml-pipeline/venv/lib/python3.11/site-packages/airflow/example_dags/example_skip_dag.py
[2026-05-24T14:28:04.541+0000] {logging_mixin.py:188} INFO - [2026-05-24T14:28:04.541+0000] {dag.py:3096} INFO - Sync 1 DAGs
[2026-05-24T14:28:04.553+0000] {logging_mixin.py:188} INFO - [2026-05-24T14:28:04.553+0000] {dag.py:3954} INFO - Setting next_dagrun for example_skip_dag to 2026-05-23 00:00:00+00:00, run_after=2026-05-24 00:00:00+00:00
[2026-05-24T14:28:04.569+0000] {processor.py:183} INFO - Processing /home/varn1t/ml-pipeline/venv/lib/python3.11/site-packages/airflow/example_dags/example_skip_dag.py took 0.052 seconds
[2026-05-24T14:29:12.397+0000] {processor.py:161} INFO - Started process (PID=22315) to work on /home/varn1t/ml-pipeline/venv/lib/python3.11/site-packages/airflow/example_dags/example_skip_dag.py
[2026-05-24T14:29:12.398+0000] {processor.py:830} INFO - Processing file /home/varn1t/ml-pipeline/venv/lib/python3.11/site-packages/airflow/example_dags/example_skip_dag.py for tasks to queue
[2026-05-24T14:29:12.399+0000] {logging_mixin.py:188} INFO - [2026-05-24T14:29:12.399+0000] {dagbag.py:545} INFO - Filling up the DagBag from /home/varn1t/ml-pipeline/venv/lib/python3.11/site-packages/airflow/example_dags/example_skip_dag.py
[2026-05-24T14:29:12.404+0000] {processor.py:840} INFO - DAG(s) 'example_skip_dag' retrieved from /home/varn1t/ml-pipeline/venv/lib/python3.11/site-packages/airflow/example_dags/example_skip_dag.py
[2026-05-24T14:29:12.415+0000] {logging_mixin.py:188} INFO - [2026-05-24T14:29:12.415+0000] {dag.py:3096} INFO - Sync 1 DAGs
[2026-05-24T14:29:12.430+0000] {logging_mixin.py:188} INFO - [2026-05-24T14:29:12.429+0000] {dag.py:3954} INFO - Setting next_dagrun for example_skip_dag to 2026-05-23 00:00:00+00:00, run_after=2026-05-24 00:00:00+00:00
[2026-05-24T14:29:12.444+0000] {processor.py:183} INFO - Processing /home/varn1t/ml-pipeline/venv/lib/python3.11/site-packages/airflow/example_dags/example_skip_dag.py took 0.054 seconds
[2026-05-24T14:30:12.092+0000] {processor.py:161} INFO - Started process (PID=22592) to work on /home/varn1t/ml-pipeline/venv/lib/python3.11/site-packages/airflow/example_dags/example_skip_dag.py
[2026-05-24T14:30:12.093+0000] {processor.py:830} INFO - Processing file /home/varn1t/ml-pipeline/venv/lib/python3.11/site-packages/airflow/example_dags/example_skip_dag.py for tasks to queue
[2026-05-24T14:30:12.093+0000] {logging_mixin.py:188} INFO - [2026-05-24T14:30:12.093+0000] {dagbag.py:545} INFO - Filling up the DagBag from /home/varn1t/ml-pipeline/venv/lib/python3.11/site-packages/airflow/example_dags/example_skip_dag.py
[2026-05-24T14:30:12.098+0000] {processor.py:840} INFO - DAG(s) 'example_skip_dag' retrieved from /home/varn1t/ml-pipeline/venv/lib/python3.11/site-packages/airflow/example_dags/example_skip_dag.py
[2026-05-24T14:30:12.109+0000] {logging_mixin.py:188} INFO - [2026-05-24T14:30:12.109+0000] {dag.py:3096} INFO - Sync 1 DAGs
[2026-05-24T14:30:12.120+0000] {logging_mixin.py:188} INFO - [2026-05-24T14:30:12.120+0000] {dag.py:3954} INFO - Setting next_dagrun for example_skip_dag to 2026-05-23 00:00:00+00:00, run_after=2026-05-24 00:00:00+00:00
[2026-05-24T14:30:12.134+0000] {processor.py:183} INFO - Processing /home/varn1t/ml-pipeline/venv/lib/python3.11/site-packages/airflow/example_dags/example_skip_dag.py took 0.047 seconds
[2026-05-24T14:31:13.718+0000] {processor.py:161} INFO - Started process (PID=22855) to work on /home/varn1t/ml-pipeline/venv/lib/python3.11/site-packages/airflow/example_dags/example_skip_dag.py
[2026-05-24T14:31:13.719+0000] {processor.py:830} INFO - Processing file /home/varn1t/ml-pipeline/venv/lib/python3.11/site-packages/airflow/example_dags/example_skip_dag.py for tasks to queue
[2026-05-24T14:31:13.719+0000] {logging_mixin.py:188} INFO - [2026-05-24T14:31:13.719+0000] {dagbag.py:545} INFO - Filling up the DagBag from /home/varn1t/ml-pipeline/venv/lib/python3.11/site-packages/airflow/example_dags/example_skip_dag.py
[2026-05-24T14:31:13.725+0000] {processor.py:840} INFO - DAG(s) 'example_skip_dag' retrieved from /home/varn1t/ml-pipeline/venv/lib/python3.11/site-packages/airflow/example_dags/example_skip_dag.py
[2026-05-24T14:31:13.737+0000] {logging_mixin.py:188} INFO - [2026-05-24T14:31:13.736+0000] {dag.py:3096} INFO - Sync 1 DAGs
[2026-05-24T14:31:13.750+0000] {logging_mixin.py:188} INFO - [2026-05-24T14:31:13.750+0000] {dag.py:3954} INFO - Setting next_dagrun for example_skip_dag to 2026-05-23 00:00:00+00:00, run_after=2026-05-24 00:00:00+00:00
[2026-05-24T14:31:13.765+0000] {processor.py:183} INFO - Processing /home/varn1t/ml-pipeline/venv/lib/python3.11/site-packages/airflow/example_dags/example_skip_dag.py took 0.052 seconds
[2026-05-24T14:32:15.144+0000] {processor.py:161} INFO - Started process (PID=23137) to work on /home/varn1t/ml-pipeline/venv/lib/python3.11/site-packages/airflow/example_dags/example_skip_dag.py
[2026-05-24T14:32:15.145+0000] {processor.py:830} INFO - Processing file /home/varn1t/ml-pipeline/venv/lib/python3.11/site-packages/airflow/example_dags/example_skip_dag.py for tasks to queue
[2026-05-24T14:32:15.145+0000] {logging_mixin.py:188} INFO - [2026-05-24T14:32:15.145+0000] {dagbag.py:545} INFO - Filling up the DagBag from /home/varn1t/ml-pipeline/venv/lib/python3.11/site-packages/airflow/example_dags/example_skip_dag.py
[2026-05-24T14:32:15.151+0000] {processor.py:840} INFO - DAG(s) 'example_skip_dag' retrieved from /home/varn1t/ml-pipeline/venv/lib/python3.11/site-packages/airflow/example_dags/example_skip_dag.py
[2026-05-24T14:32:15.162+0000] {logging_mixin.py:188} INFO - [2026-05-24T14:32:15.162+0000] {dag.py:3096} INFO - Sync 1 DAGs
[2026-05-24T14:32:15.174+0000] {logging_mixin.py:188} INFO - [2026-05-24T14:32:15.174+0000] {dag.py:3954} INFO - Setting next_dagrun for example_skip_dag to 2026-05-23 00:00:00+00:00, run_after=2026-05-24 00:00:00+00:00
[2026-05-24T14:32:15.187+0000] {processor.py:183} INFO - Processing /home/varn1t/ml-pipeline/venv/lib/python3.11/site-packages/airflow/example_dags/example_skip_dag.py took 0.047 seconds
[2026-05-24T14:33:19.872+0000] {processor.py:161} INFO - Started process (PID=23413) to work on /home/varn1t/ml-pipeline/venv/lib/python3.11/site-packages/airflow/example_dags/example_skip_dag.py
[2026-05-24T14:33:19.872+0000] {processor.py:830} INFO - Processing file /home/varn1t/ml-pipeline/venv/lib/python3.11/site-packages/airflow/example_dags/example_skip_dag.py for tasks to queue
[2026-05-24T14:33:19.873+0000] {logging_mixin.py:188} INFO - [2026-05-24T14:33:19.873+0000] {dagbag.py:545} INFO - Filling up the DagBag from /home/varn1t/ml-pipeline/venv/lib/python3.11/site-packages/airflow/example_dags/example_skip_dag.py
[2026-05-24T14:33:19.878+0000] {processor.py:840} INFO - DAG(s) 'example_skip_dag' retrieved from /home/varn1t/ml-pipeline/venv/lib/python3.11/site-packages/airflow/example_dags/example_skip_dag.py
[2026-05-24T14:33:19.892+0000] {logging_mixin.py:188} INFO - [2026-05-24T14:33:19.891+0000] {dag.py:3096} INFO - Sync 1 DAGs
[2026-05-24T14:33:19.905+0000] {logging_mixin.py:188} INFO - [2026-05-24T14:33:19.905+0000] {dag.py:3954} INFO - Setting next_dagrun for example_skip_dag to 2026-05-23 00:00:00+00:00, run_after=2026-05-24 00:00:00+00:00
[2026-05-24T14:33:19.921+0000] {processor.py:183} INFO - Processing /home/varn1t/ml-pipeline/venv/lib/python3.11/site-packages/airflow/example_dags/example_skip_dag.py took 0.053 seconds
[2026-05-24T14:34:20.580+0000] {processor.py:161} INFO - Started process (PID=23716) to work on /home/varn1t/ml-pipeline/venv/lib/python3.11/site-packages/airflow/example_dags/example_skip_dag.py
[2026-05-24T14:34:20.581+0000] {processor.py:830} INFO - Processing file /home/varn1t/ml-pipeline/venv/lib/python3.11/site-packages/airflow/example_dags/example_skip_dag.py for tasks to queue
[2026-05-24T14:34:20.581+0000] {logging_mixin.py:188} INFO - [2026-05-24T14:34:20.581+0000] {dagbag.py:545} INFO - Filling up the DagBag from /home/varn1t/ml-pipeline/venv/lib/python3.11/site-packages/airflow/example_dags/example_skip_dag.py
[2026-05-24T14:34:20.587+0000] {processor.py:840} INFO - DAG(s) 'example_skip_dag' retrieved from /home/varn1t/ml-pipeline/venv/lib/python3.11/site-packages/airflow/example_dags/example_skip_dag.py
[2026-05-24T14:34:20.600+0000] {logging_mixin.py:188} INFO - [2026-05-24T14:34:20.600+0000] {dag.py:3096} INFO - Sync 1 DAGs
[2026-05-24T14:34:20.618+0000] {logging_mixin.py:188} INFO - [2026-05-24T14:34:20.618+0000] {dag.py:3954} INFO - Setting next_dagrun for example_skip_dag to 2026-05-23 00:00:00+00:00, run_after=2026-05-24 00:00:00+00:00
[2026-05-24T14:34:20.634+0000] {processor.py:183} INFO - Processing /home/varn1t/ml-pipeline/venv/lib/python3.11/site-packages/airflow/example_dags/example_skip_dag.py took 0.059 seconds
[2026-05-24T14:35:23.533+0000] {processor.py:161} INFO - Started process (PID=23985) to work on /home/varn1t/ml-pipeline/venv/lib/python3.11/site-packages/airflow/example_dags/example_skip_dag.py
[2026-05-24T14:35:23.534+0000] {processor.py:830} INFO - Processing file /home/varn1t/ml-pipeline/venv/lib/python3.11/site-packages/airflow/example_dags/example_skip_dag.py for tasks to queue
[2026-05-24T14:35:23.534+0000] {logging_mixin.py:188} INFO - [2026-05-24T14:35:23.534+0000] {dagbag.py:545} INFO - Filling up the DagBag from /home/varn1t/ml-pipeline/venv/lib/python3.11/site-packages/airflow/example_dags/example_skip_dag.py
[2026-05-24T14:35:23.540+0000] {processor.py:840} INFO - DAG(s) 'example_skip_dag' retrieved from /home/varn1t/ml-pipeline/venv/lib/python3.11/site-packages/airflow/example_dags/example_skip_dag.py
[2026-05-24T14:35:23.555+0000] {logging_mixin.py:188} INFO - [2026-05-24T14:35:23.555+0000] {dag.py:3096} INFO - Sync 1 DAGs
[2026-05-24T14:35:23.572+0000] {logging_mixin.py:188} INFO - [2026-05-24T14:35:23.572+0000] {dag.py:3954} INFO - Setting next_dagrun for example_skip_dag to 2026-05-23 00:00:00+00:00, run_after=2026-05-24 00:00:00+00:00
[2026-05-24T14:35:23.591+0000] {processor.py:183} INFO - Processing /home/varn1t/ml-pipeline/venv/lib/python3.11/site-packages/airflow/example_dags/example_skip_dag.py took 0.063 seconds
[2026-05-24T14:36:26.939+0000] {processor.py:161} INFO - Started process (PID=24269) to work on /home/varn1t/ml-pipeline/venv/lib/python3.11/site-packages/airflow/example_dags/example_skip_dag.py
[2026-05-24T14:36:26.940+0000] {processor.py:830} INFO - Processing file /home/varn1t/ml-pipeline/venv/lib/python3.11/site-packages/airflow/example_dags/example_skip_dag.py for tasks to queue
[2026-05-24T14:36:26.941+0000] {logging_mixin.py:188} INFO - [2026-05-24T14:36:26.941+0000] {dagbag.py:545} INFO - Filling up the DagBag from /home/varn1t/ml-pipeline/venv/lib/python3.11/site-packages/airflow/example_dags/example_skip_dag.py
[2026-05-24T14:36:26.947+0000] {processor.py:840} INFO - DAG(s) 'example_skip_dag' retrieved from /home/varn1t/ml-pipeline/venv/lib/python3.11/site-packages/airflow/example_dags/example_skip_dag.py
[2026-05-24T14:36:26.962+0000] {logging_mixin.py:188} INFO - [2026-05-24T14:36:26.962+0000] {dag.py:3096} INFO - Sync 1 DAGs
[2026-05-24T14:36:26.984+0000] {logging_mixin.py:188} INFO - [2026-05-24T14:36:26.983+0000] {dag.py:3954} INFO - Setting next_dagrun for example_skip_dag to 2026-05-23 00:00:00+00:00, run_after=2026-05-24 00:00:00+00:00
[2026-05-24T14:36:27.007+0000] {processor.py:183} INFO - Processing /home/varn1t/ml-pipeline/venv/lib/python3.11/site-packages/airflow/example_dags/example_skip_dag.py took 0.072 seconds
[2026-05-24T14:37:28.524+0000] {processor.py:161} INFO - Started process (PID=24561) to work on /home/varn1t/ml-pipeline/venv/lib/python3.11/site-packages/airflow/example_dags/example_skip_dag.py
[2026-05-24T14:37:28.524+0000] {processor.py:830} INFO - Processing file /home/varn1t/ml-pipeline/venv/lib/python3.11/site-packages/airflow/example_dags/example_skip_dag.py for tasks to queue
[2026-05-24T14:37:28.525+0000] {logging_mixin.py:188} INFO - [2026-05-24T14:37:28.525+0000] {dagbag.py:545} INFO - Filling up the DagBag from /home/varn1t/ml-pipeline/venv/lib/python3.11/site-packages/airflow/example_dags/example_skip_dag.py
[2026-05-24T14:37:28.530+0000] {processor.py:840} INFO - DAG(s) 'example_skip_dag' retrieved from /home/varn1t/ml-pipeline/venv/lib/python3.11/site-packages/airflow/example_dags/example_skip_dag.py
[2026-05-24T14:37:28.540+0000] {logging_mixin.py:188} INFO - [2026-05-24T14:37:28.540+0000] {dag.py:3096} INFO - Sync 1 DAGs
[2026-05-24T14:37:28.551+0000] {logging_mixin.py:188} INFO - [2026-05-24T14:37:28.551+0000] {dag.py:3954} INFO - Setting next_dagrun for example_skip_dag to 2026-05-23 00:00:00+00:00, run_after=2026-05-24 00:00:00+00:00
[2026-05-24T14:37:28.567+0000] {processor.py:183} INFO - Processing /home/varn1t/ml-pipeline/venv/lib/python3.11/site-packages/airflow/example_dags/example_skip_dag.py took 0.048 seconds
[2026-05-24T14:38:29.096+0000] {processor.py:161} INFO - Started process (PID=24873) to work on /home/varn1t/ml-pipeline/venv/lib/python3.11/site-packages/airflow/example_dags/example_skip_dag.py
[2026-05-24T14:38:29.097+0000] {processor.py:830} INFO - Processing file /home/varn1t/ml-pipeline/venv/lib/python3.11/site-packages/airflow/example_dags/example_skip_dag.py for tasks to queue
[2026-05-24T14:38:29.097+0000] {logging_mixin.py:188} INFO - [2026-05-24T14:38:29.097+0000] {dagbag.py:545} INFO - Filling up the DagBag from /home/varn1t/ml-pipeline/venv/lib/python3.11/site-packages/airflow/example_dags/example_skip_dag.py
[2026-05-24T14:38:29.104+0000] {processor.py:840} INFO - DAG(s) 'example_skip_dag' retrieved from /home/varn1t/ml-pipeline/venv/lib/python3.11/site-packages/airflow/example_dags/example_skip_dag.py
[2026-05-24T14:38:29.115+0000] {logging_mixin.py:188} INFO - [2026-05-24T14:38:29.114+0000] {dag.py:3096} INFO - Sync 1 DAGs
[2026-05-24T14:38:29.127+0000] {logging_mixin.py:188} INFO - [2026-05-24T14:38:29.127+0000] {dag.py:3954} INFO - Setting next_dagrun for example_skip_dag to 2026-05-23 00:00:00+00:00, run_after=2026-05-24 00:00:00+00:00
[2026-05-24T14:38:29.143+0000] {processor.py:183} INFO - Processing /home/varn1t/ml-pipeline/venv/lib/python3.11/site-packages/airflow/example_dags/example_skip_dag.py took 0.052 seconds
[2026-05-24T14:39:28.677+0000] {processor.py:161} INFO - Started process (PID=25127) to work on /home/varn1t/ml-pipeline/venv/lib/python3.11/site-packages/airflow/example_dags/example_skip_dag.py
[2026-05-24T14:39:28.678+0000] {processor.py:830} INFO - Processing file /home/varn1t/ml-pipeline/venv/lib/python3.11/site-packages/airflow/example_dags/example_skip_dag.py for tasks to queue
[2026-05-24T14:39:28.678+0000] {logging_mixin.py:188} INFO - [2026-05-24T14:39:28.678+0000] {dagbag.py:545} INFO - Filling up the DagBag from /home/varn1t/ml-pipeline/venv/lib/python3.11/site-packages/airflow/example_dags/example_skip_dag.py
[2026-05-24T14:39:28.683+0000] {processor.py:840} INFO - DAG(s) 'example_skip_dag' retrieved from /home/varn1t/ml-pipeline/venv/lib/python3.11/site-packages/airflow/example_dags/example_skip_dag.py
[2026-05-24T14:39:28.693+0000] {logging_mixin.py:188} INFO - [2026-05-24T14:39:28.693+0000] {dag.py:3096} INFO - Sync 1 DAGs
[2026-05-24T14:39:28.705+0000] {logging_mixin.py:188} INFO - [2026-05-24T14:39:28.705+0000] {dag.py:3954} INFO - Setting next_dagrun for example_skip_dag to 2026-05-23 00:00:00+00:00, run_after=2026-05-24 00:00:00+00:00
[2026-05-24T14:39:28.725+0000] {processor.py:183} INFO - Processing /home/varn1t/ml-pipeline/venv/lib/python3.11/site-packages/airflow/example_dags/example_skip_dag.py took 0.052 seconds
[2026-05-24T14:40:35.157+0000] {processor.py:161} INFO - Started process (PID=25423) to work on /home/varn1t/ml-pipeline/venv/lib/python3.11/site-packages/airflow/example_dags/example_skip_dag.py
[2026-05-24T14:40:35.158+0000] {processor.py:830} INFO - Processing file /home/varn1t/ml-pipeline/venv/lib/python3.11/site-packages/airflow/example_dags/example_skip_dag.py for tasks to queue
[2026-05-24T14:40:35.159+0000] {logging_mixin.py:188} INFO - [2026-05-24T14:40:35.159+0000] {dagbag.py:545} INFO - Filling up the DagBag from /home/varn1t/ml-pipeline/venv/lib/python3.11/site-packages/airflow/example_dags/example_skip_dag.py
[2026-05-24T14:40:35.167+0000] {processor.py:840} INFO - DAG(s) 'example_skip_dag' retrieved from /home/varn1t/ml-pipeline/venv/lib/python3.11/site-packages/airflow/example_dags/example_skip_dag.py
[2026-05-24T14:40:35.182+0000] {logging_mixin.py:188} INFO - [2026-05-24T14:40:35.182+0000] {dag.py:3096} INFO - Sync 1 DAGs
[2026-05-24T14:40:35.193+0000] {logging_mixin.py:188} INFO - [2026-05-24T14:40:35.193+0000] {dag.py:3954} INFO - Setting next_dagrun for example_skip_dag to 2026-05-23 00:00:00+00:00, run_after=2026-05-24 00:00:00+00:00
[2026-05-24T14:40:35.209+0000] {processor.py:183} INFO - Processing /home/varn1t/ml-pipeline/venv/lib/python3.11/site-packages/airflow/example_dags/example_skip_dag.py took 0.055 seconds
[2026-05-24T14:41:46.174+0000] {processor.py:161} INFO - Started process (PID=25723) to work on /home/varn1t/ml-pipeline/venv/lib/python3.11/site-packages/airflow/example_dags/example_skip_dag.py
[2026-05-24T14:41:46.175+0000] {processor.py:830} INFO - Processing file /home/varn1t/ml-pipeline/venv/lib/python3.11/site-packages/airflow/example_dags/example_skip_dag.py for tasks to queue
[2026-05-24T14:41:46.176+0000] {logging_mixin.py:188} INFO - [2026-05-24T14:41:46.176+0000] {dagbag.py:545} INFO - Filling up the DagBag from /home/varn1t/ml-pipeline/venv/lib/python3.11/site-packages/airflow/example_dags/example_skip_dag.py
[2026-05-24T14:41:46.181+0000] {processor.py:840} INFO - DAG(s) 'example_skip_dag' retrieved from /home/varn1t/ml-pipeline/venv/lib/python3.11/site-packages/airflow/example_dags/example_skip_dag.py
[2026-05-24T14:41:46.193+0000] {logging_mixin.py:188} INFO - [2026-05-24T14:41:46.192+0000] {dag.py:3096} INFO - Sync 1 DAGs
[2026-05-24T14:41:46.207+0000] {logging_mixin.py:188} INFO - [2026-05-24T14:41:46.207+0000] {dag.py:3954} INFO - Setting next_dagrun for example_skip_dag to 2026-05-23 00:00:00+00:00, run_after=2026-05-24 00:00:00+00:00
[2026-05-24T14:41:46.227+0000] {processor.py:183} INFO - Processing /home/varn1t/ml-pipeline/venv/lib/python3.11/site-packages/airflow/example_dags/example_skip_dag.py took 0.057 seconds
[2026-05-24T14:42:57.279+0000] {processor.py:161} INFO - Started process (PID=26040) to work on /home/varn1t/ml-pipeline/venv/lib/python3.11/site-packages/airflow/example_dags/example_skip_dag.py
[2026-05-24T14:42:57.280+0000] {processor.py:830} INFO - Processing file /home/varn1t/ml-pipeline/venv/lib/python3.11/site-packages/airflow/example_dags/example_skip_dag.py for tasks to queue
[2026-05-24T14:42:57.281+0000] {logging_mixin.py:188} INFO - [2026-05-24T14:42:57.280+0000] {dagbag.py:545} INFO - Filling up the DagBag from /home/varn1t/ml-pipeline/venv/lib/python3.11/site-packages/airflow/example_dags/example_skip_dag.py
[2026-05-24T14:42:57.286+0000] {processor.py:840} INFO - DAG(s) 'example_skip_dag' retrieved from /home/varn1t/ml-pipeline/venv/lib/python3.11/site-packages/airflow/example_dags/example_skip_dag.py
[2026-05-24T14:42:57.299+0000] {logging_mixin.py:188} INFO - [2026-05-24T14:42:57.299+0000] {dag.py:3096} INFO - Sync 1 DAGs
[2026-05-24T14:42:57.313+0000] {logging_mixin.py:188} INFO - [2026-05-24T14:42:57.313+0000] {dag.py:3954} INFO - Setting next_dagrun for example_skip_dag to 2026-05-23 00:00:00+00:00, run_after=2026-05-24 00:00:00+00:00
[2026-05-24T14:42:57.331+0000] {processor.py:183} INFO - Processing /home/varn1t/ml-pipeline/venv/lib/python3.11/site-packages/airflow/example_dags/example_skip_dag.py took 0.057 seconds
[2026-05-24T14:43:57.828+0000] {processor.py:161} INFO - Started process (PID=26328) to work on /home/varn1t/ml-pipeline/venv/lib/python3.11/site-packages/airflow/example_dags/example_skip_dag.py
[2026-05-24T14:43:57.829+0000] {processor.py:830} INFO - Processing file /home/varn1t/ml-pipeline/venv/lib/python3.11/site-packages/airflow/example_dags/example_skip_dag.py for tasks to queue
[2026-05-24T14:43:57.830+0000] {logging_mixin.py:188} INFO - [2026-05-24T14:43:57.829+0000] {dagbag.py:545} INFO - Filling up the DagBag from /home/varn1t/ml-pipeline/venv/lib/python3.11/site-packages/airflow/example_dags/example_skip_dag.py
[2026-05-24T14:43:57.835+0000] {processor.py:840} INFO - DAG(s) 'example_skip_dag' retrieved from /home/varn1t/ml-pipeline/venv/lib/python3.11/site-packages/airflow/example_dags/example_skip_dag.py
[2026-05-24T14:43:57.848+0000] {logging_mixin.py:188} INFO - [2026-05-24T14:43:57.847+0000] {dag.py:3096} INFO - Sync 1 DAGs
[2026-05-24T14:43:57.866+0000] {logging_mixin.py:188} INFO - [2026-05-24T14:43:57.866+0000] {dag.py:3954} INFO - Setting next_dagrun for example_skip_dag to 2026-05-23 00:00:00+00:00, run_after=2026-05-24 00:00:00+00:00
[2026-05-24T14:43:57.886+0000] {processor.py:183} INFO - Processing /home/varn1t/ml-pipeline/venv/lib/python3.11/site-packages/airflow/example_dags/example_skip_dag.py took 0.062 seconds
[2026-05-24T14:44:59.414+0000] {processor.py:161} INFO - Started process (PID=26623) to work on /home/varn1t/ml-pipeline/venv/lib/python3.11/site-packages/airflow/example_dags/example_skip_dag.py
[2026-05-24T14:44:59.415+0000] {processor.py:830} INFO - Processing file /home/varn1t/ml-pipeline/venv/lib/python3.11/site-packages/airflow/example_dags/example_skip_dag.py for tasks to queue
[2026-05-24T14:44:59.416+0000] {logging_mixin.py:188} INFO - [2026-05-24T14:44:59.416+0000] {dagbag.py:545} INFO - Filling up the DagBag from /home/varn1t/ml-pipeline/venv/lib/python3.11/site-packages/airflow/example_dags/example_skip_dag.py
[2026-05-24T14:44:59.421+0000] {processor.py:840} INFO - DAG(s) 'example_skip_dag' retrieved from /home/varn1t/ml-pipeline/venv/lib/python3.11/site-packages/airflow/example_dags/example_skip_dag.py
[2026-05-24T14:44:59.432+0000] {logging_mixin.py:188} INFO - [2026-05-24T14:44:59.432+0000] {dag.py:3096} INFO - Sync 1 DAGs
[2026-05-24T14:44:59.443+0000] {logging_mixin.py:188} INFO - [2026-05-24T14:44:59.443+0000] {dag.py:3954} INFO - Setting next_dagrun for example_skip_dag to 2026-05-23 00:00:00+00:00, run_after=2026-05-24 00:00:00+00:00
[2026-05-24T14:44:59.459+0000] {processor.py:183} INFO - Processing /home/varn1t/ml-pipeline/venv/lib/python3.11/site-packages/airflow/example_dags/example_skip_dag.py took 0.049 seconds
[2026-05-24T14:46:03.242+0000] {processor.py:161} INFO - Started process (PID=26901) to work on /home/varn1t/ml-pipeline/venv/lib/python3.11/site-packages/airflow/example_dags/example_skip_dag.py
[2026-05-24T14:46:03.244+0000] {processor.py:830} INFO - Processing file /home/varn1t/ml-pipeline/venv/lib/python3.11/site-packages/airflow/example_dags/example_skip_dag.py for tasks to queue
[2026-05-24T14:46:03.245+0000] {logging_mixin.py:188} INFO - [2026-05-24T14:46:03.245+0000] {dagbag.py:545} INFO - Filling up the DagBag from /home/varn1t/ml-pipeline/venv/lib/python3.11/site-packages/airflow/example_dags/example_skip_dag.py
[2026-05-24T14:46:03.251+0000] {processor.py:840} INFO - DAG(s) 'example_skip_dag' retrieved from /home/varn1t/ml-pipeline/venv/lib/python3.11/site-packages/airflow/example_dags/example_skip_dag.py
[2026-05-24T14:46:03.265+0000] {logging_mixin.py:188} INFO - [2026-05-24T14:46:03.265+0000] {dag.py:3096} INFO - Sync 1 DAGs
[2026-05-24T14:46:03.280+0000] {logging_mixin.py:188} INFO - [2026-05-24T14:46:03.280+0000] {dag.py:3954} INFO - Setting next_dagrun for example_skip_dag to 2026-05-23 00:00:00+00:00, run_after=2026-05-24 00:00:00+00:00
[2026-05-24T14:46:03.297+0000] {processor.py:183} INFO - Processing /home/varn1t/ml-pipeline/venv/lib/python3.11/site-packages/airflow/example_dags/example_skip_dag.py took 0.059 seconds
[2026-05-24T14:47:06.159+0000] {processor.py:161} INFO - Started process (PID=27194) to work on /home/varn1t/ml-pipeline/venv/lib/python3.11/site-packages/airflow/example_dags/example_skip_dag.py
[2026-05-24T14:47:06.160+0000] {processor.py:830} INFO - Processing file /home/varn1t/ml-pipeline/venv/lib/python3.11/site-packages/airflow/example_dags/example_skip_dag.py for tasks to queue
[2026-05-24T14:47:06.161+0000] {logging_mixin.py:188} INFO - [2026-05-24T14:47:06.161+0000] {dagbag.py:545} INFO - Filling up the DagBag from /home/varn1t/ml-pipeline/venv/lib/python3.11/site-packages/airflow/example_dags/example_skip_dag.py
[2026-05-24T14:47:06.167+0000] {processor.py:840} INFO - DAG(s) 'example_skip_dag' retrieved from /home/varn1t/ml-pipeline/venv/lib/python3.11/site-packages/airflow/example_dags/example_skip_dag.py
[2026-05-24T14:47:06.179+0000] {logging_mixin.py:188} INFO - [2026-05-24T14:47:06.178+0000] {dag.py:3096} INFO - Sync 1 DAGs
[2026-05-24T14:47:06.191+0000] {logging_mixin.py:188} INFO - [2026-05-24T14:47:06.191+0000] {dag.py:3954} INFO - Setting next_dagrun for example_skip_dag to 2026-05-23 00:00:00+00:00, run_after=2026-05-24 00:00:00+00:00
[2026-05-24T14:47:06.207+0000] {processor.py:183} INFO - Processing /home/varn1t/ml-pipeline/venv/lib/python3.11/site-packages/airflow/example_dags/example_skip_dag.py took 0.054 seconds
[2026-05-24T14:48:10.481+0000] {processor.py:161} INFO - Started process (PID=27482) to work on /home/varn1t/ml-pipeline/venv/lib/python3.11/site-packages/airflow/example_dags/example_skip_dag.py
[2026-05-24T14:48:10.482+0000] {processor.py:830} INFO - Processing file /home/varn1t/ml-pipeline/venv/lib/python3.11/site-packages/airflow/example_dags/example_skip_dag.py for tasks to queue
[2026-05-24T14:48:10.483+0000] {logging_mixin.py:188} INFO - [2026-05-24T14:48:10.483+0000] {dagbag.py:545} INFO - Filling up the DagBag from /home/varn1t/ml-pipeline/venv/lib/python3.11/site-packages/airflow/example_dags/example_skip_dag.py
[2026-05-24T14:48:10.489+0000] {processor.py:840} INFO - DAG(s) 'example_skip_dag' retrieved from /home/varn1t/ml-pipeline/venv/lib/python3.11/site-packages/airflow/example_dags/example_skip_dag.py
[2026-05-24T14:48:10.499+0000] {logging_mixin.py:188} INFO - [2026-05-24T14:48:10.498+0000] {dag.py:3096} INFO - Sync 1 DAGs
[2026-05-24T14:48:10.509+0000] {logging_mixin.py:188} INFO - [2026-05-24T14:48:10.509+0000] {dag.py:3954} INFO - Setting next_dagrun for example_skip_dag to 2026-05-23 00:00:00+00:00, run_after=2026-05-24 00:00:00+00:00
[2026-05-24T14:48:10.524+0000] {processor.py:183} INFO - Processing /home/varn1t/ml-pipeline/venv/lib/python3.11/site-packages/airflow/example_dags/example_skip_dag.py took 0.047 seconds
[2026-05-24T14:49:08.569+0000] {processor.py:161} INFO - Started process (PID=27780) to work on /home/varn1t/ml-pipeline/venv/lib/python3.11/site-packages/airflow/example_dags/example_skip_dag.py
[2026-05-24T14:49:08.570+0000] {processor.py:830} INFO - Processing file /home/varn1t/ml-pipeline/venv/lib/python3.11/site-packages/airflow/example_dags/example_skip_dag.py for tasks to queue
[2026-05-24T14:49:08.571+0000] {logging_mixin.py:188} INFO - [2026-05-24T14:49:08.571+0000] {dagbag.py:545} INFO - Filling up the DagBag from /home/varn1t/ml-pipeline/venv/lib/python3.11/site-packages/airflow/example_dags/example_skip_dag.py
[2026-05-24T14:49:08.578+0000] {processor.py:840} INFO - DAG(s) 'example_skip_dag' retrieved from /home/varn1t/ml-pipeline/venv/lib/python3.11/site-packages/airflow/example_dags/example_skip_dag.py
[2026-05-24T14:49:08.591+0000] {logging_mixin.py:188} INFO - [2026-05-24T14:49:08.591+0000] {dag.py:3096} INFO - Sync 1 DAGs
[2026-05-24T14:49:08.603+0000] {logging_mixin.py:188} INFO - [2026-05-24T14:49:08.603+0000] {dag.py:3954} INFO - Setting next_dagrun for example_skip_dag to 2026-05-23 00:00:00+00:00, run_after=2026-05-24 00:00:00+00:00
[2026-05-24T14:49:08.622+0000] {processor.py:183} INFO - Processing /home/varn1t/ml-pipeline/venv/lib/python3.11/site-packages/airflow/example_dags/example_skip_dag.py took 0.058 seconds
[2026-05-24T14:50:08.914+0000] {processor.py:161} INFO - Started process (PID=28049) to work on /home/varn1t/ml-pipeline/venv/lib/python3.11/site-packages/airflow/example_dags/example_skip_dag.py
[2026-05-24T14:50:08.915+0000] {processor.py:830} INFO - Processing file /home/varn1t/ml-pipeline/venv/lib/python3.11/site-packages/airflow/example_dags/example_skip_dag.py for tasks to queue
[2026-05-24T14:50:08.916+0000] {logging_mixin.py:188} INFO - [2026-05-24T14:50:08.915+0000] {dagbag.py:545} INFO - Filling up the DagBag from /home/varn1t/ml-pipeline/venv/lib/python3.11/site-packages/airflow/example_dags/example_skip_dag.py
[2026-05-24T14:50:08.922+0000] {processor.py:840} INFO - DAG(s) 'example_skip_dag' retrieved from /home/varn1t/ml-pipeline/venv/lib/python3.11/site-packages/airflow/example_dags/example_skip_dag.py
[2026-05-24T14:50:08.935+0000] {logging_mixin.py:188} INFO - [2026-05-24T14:50:08.934+0000] {dag.py:3096} INFO - Sync 1 DAGs
[2026-05-24T14:50:08.949+0000] {logging_mixin.py:188} INFO - [2026-05-24T14:50:08.949+0000] {dag.py:3954} INFO - Setting next_dagrun for example_skip_dag to 2026-05-23 00:00:00+00:00, run_after=2026-05-24 00:00:00+00:00
[2026-05-24T14:50:08.966+0000] {processor.py:183} INFO - Processing /home/varn1t/ml-pipeline/venv/lib/python3.11/site-packages/airflow/example_dags/example_skip_dag.py took 0.058 seconds
[2026-05-24T14:51:12.875+0000] {processor.py:161} INFO - Started process (PID=28342) to work on /home/varn1t/ml-pipeline/venv/lib/python3.11/site-packages/airflow/example_dags/example_skip_dag.py
[2026-05-24T14:51:12.876+0000] {processor.py:830} INFO - Processing file /home/varn1t/ml-pipeline/venv/lib/python3.11/site-packages/airflow/example_dags/example_skip_dag.py for tasks to queue
[2026-05-24T14:51:12.877+0000] {logging_mixin.py:188} INFO - [2026-05-24T14:51:12.877+0000] {dagbag.py:545} INFO - Filling up the DagBag from /home/varn1t/ml-pipeline/venv/lib/python3.11/site-packages/airflow/example_dags/example_skip_dag.py
[2026-05-24T14:51:12.882+0000] {processor.py:840} INFO - DAG(s) 'example_skip_dag' retrieved from /home/varn1t/ml-pipeline/venv/lib/python3.11/site-packages/airflow/example_dags/example_skip_dag.py
[2026-05-24T14:51:12.894+0000] {logging_mixin.py:188} INFO - [2026-05-24T14:51:12.894+0000] {dag.py:3096} INFO - Sync 1 DAGs
[2026-05-24T14:51:12.908+0000] {logging_mixin.py:188} INFO - [2026-05-24T14:51:12.908+0000] {dag.py:3954} INFO - Setting next_dagrun for example_skip_dag to 2026-05-23 00:00:00+00:00, run_after=2026-05-24 00:00:00+00:00
[2026-05-24T14:51:12.924+0000] {processor.py:183} INFO - Processing /home/varn1t/ml-pipeline/venv/lib/python3.11/site-packages/airflow/example_dags/example_skip_dag.py took 0.053 seconds
[2026-05-24T14:52:20.928+0000] {processor.py:161} INFO - Started process (PID=28638) to work on /home/varn1t/ml-pipeline/venv/lib/python3.11/site-packages/airflow/example_dags/example_skip_dag.py
[2026-05-24T14:52:20.929+0000] {processor.py:830} INFO - Processing file /home/varn1t/ml-pipeline/venv/lib/python3.11/site-packages/airflow/example_dags/example_skip_dag.py for tasks to queue
[2026-05-24T14:52:20.930+0000] {logging_mixin.py:188} INFO - [2026-05-24T14:52:20.929+0000] {dagbag.py:545} INFO - Filling up the DagBag from /home/varn1t/ml-pipeline/venv/lib/python3.11/site-packages/airflow/example_dags/example_skip_dag.py
[2026-05-24T14:52:20.935+0000] {processor.py:840} INFO - DAG(s) 'example_skip_dag' retrieved from /home/varn1t/ml-pipeline/venv/lib/python3.11/site-packages/airflow/example_dags/example_skip_dag.py
[2026-05-24T14:52:20.947+0000] {logging_mixin.py:188} INFO - [2026-05-24T14:52:20.947+0000] {dag.py:3096} INFO - Sync 1 DAGs
[2026-05-24T14:52:20.961+0000] {logging_mixin.py:188} INFO - [2026-05-24T14:52:20.960+0000] {dag.py:3954} INFO - Setting next_dagrun for example_skip_dag to 2026-05-23 00:00:00+00:00, run_after=2026-05-24 00:00:00+00:00
[2026-05-24T14:52:20.980+0000] {processor.py:183} INFO - Processing /home/varn1t/ml-pipeline/venv/lib/python3.11/site-packages/airflow/example_dags/example_skip_dag.py took 0.055 seconds
[2026-05-24T14:53:19.161+0000] {processor.py:161} INFO - Started process (PID=28902) to work on /home/varn1t/ml-pipeline/venv/lib/python3.11/site-packages/airflow/example_dags/example_skip_dag.py
[2026-05-24T14:53:19.162+0000] {processor.py:830} INFO - Processing file /home/varn1t/ml-pipeline/venv/lib/python3.11/site-packages/airflow/example_dags/example_skip_dag.py for tasks to queue
[2026-05-24T14:53:19.162+0000] {logging_mixin.py:188} INFO - [2026-05-24T14:53:19.162+0000] {dagbag.py:545} INFO - Filling up the DagBag from /home/varn1t/ml-pipeline/venv/lib/python3.11/site-packages/airflow/example_dags/example_skip_dag.py
[2026-05-24T14:53:19.169+0000] {processor.py:840} INFO - DAG(s) 'example_skip_dag' retrieved from /home/varn1t/ml-pipeline/venv/lib/python3.11/site-packages/airflow/example_dags/example_skip_dag.py
[2026-05-24T14:53:19.180+0000] {logging_mixin.py:188} INFO - [2026-05-24T14:53:19.180+0000] {dag.py:3096} INFO - Sync 1 DAGs
[2026-05-24T14:53:19.194+0000] {logging_mixin.py:188} INFO - [2026-05-24T14:53:19.194+0000] {dag.py:3954} INFO - Setting next_dagrun for example_skip_dag to 2026-05-23 00:00:00+00:00, run_after=2026-05-24 00:00:00+00:00
[2026-05-24T14:53:19.211+0000] {processor.py:183} INFO - Processing /home/varn1t/ml-pipeline/venv/lib/python3.11/site-packages/airflow/example_dags/example_skip_dag.py took 0.057 seconds
[2026-05-24T14:54:19.535+0000] {processor.py:161} INFO - Started process (PID=29186) to work on /home/varn1t/ml-pipeline/venv/lib/python3.11/site-packages/airflow/example_dags/example_skip_dag.py
[2026-05-24T14:54:19.536+0000] {processor.py:830} INFO - Processing file /home/varn1t/ml-pipeline/venv/lib/python3.11/site-packages/airflow/example_dags/example_skip_dag.py for tasks to queue
[2026-05-24T14:54:19.536+0000] {logging_mixin.py:188} INFO - [2026-05-24T14:54:19.536+0000] {dagbag.py:545} INFO - Filling up the DagBag from /home/varn1t/ml-pipeline/venv/lib/python3.11/site-packages/airflow/example_dags/example_skip_dag.py
[2026-05-24T14:54:19.542+0000] {processor.py:840} INFO - DAG(s) 'example_skip_dag' retrieved from /home/varn1t/ml-pipeline/venv/lib/python3.11/site-packages/airflow/example_dags/example_skip_dag.py
[2026-05-24T14:54:19.552+0000] {logging_mixin.py:188} INFO - [2026-05-24T14:54:19.552+0000] {dag.py:3096} INFO - Sync 1 DAGs
[2026-05-24T14:54:19.565+0000] {logging_mixin.py:188} INFO - [2026-05-24T14:54:19.565+0000] {dag.py:3954} INFO - Setting next_dagrun for example_skip_dag to 2026-05-23 00:00:00+00:00, run_after=2026-05-24 00:00:00+00:00
[2026-05-24T14:54:19.582+0000] {processor.py:183} INFO - Processing /home/varn1t/ml-pipeline/venv/lib/python3.11/site-packages/airflow/example_dags/example_skip_dag.py took 0.052 seconds
[2026-05-24T14:55:23.389+0000] {processor.py:161} INFO - Started process (PID=29512) to work on /home/varn1t/ml-pipeline/venv/lib/python3.11/site-packages/airflow/example_dags/example_skip_dag.py
[2026-05-24T14:55:23.390+0000] {processor.py:830} INFO - Processing file /home/varn1t/ml-pipeline/venv/lib/python3.11/site-packages/airflow/example_dags/example_skip_dag.py for tasks to queue
[2026-05-24T14:55:23.391+0000] {logging_mixin.py:188} INFO - [2026-05-24T14:55:23.391+0000] {dagbag.py:545} INFO - Filling up the DagBag from /home/varn1t/ml-pipeline/venv/lib/python3.11/site-packages/airflow/example_dags/example_skip_dag.py
[2026-05-24T14:55:23.396+0000] {processor.py:840} INFO - DAG(s) 'example_skip_dag' retrieved from /home/varn1t/ml-pipeline/venv/lib/python3.11/site-packages/airflow/example_dags/example_skip_dag.py
[2026-05-24T14:55:23.407+0000] {logging_mixin.py:188} INFO - [2026-05-24T14:55:23.407+0000] {dag.py:3096} INFO - Sync 1 DAGs
[2026-05-24T14:55:23.418+0000] {logging_mixin.py:188} INFO - [2026-05-24T14:55:23.417+0000] {dag.py:3954} INFO - Setting next_dagrun for example_skip_dag to 2026-05-23 00:00:00+00:00, run_after=2026-05-24 00:00:00+00:00
[2026-05-24T14:55:23.432+0000] {processor.py:183} INFO - Processing /home/varn1t/ml-pipeline/venv/lib/python3.11/site-packages/airflow/example_dags/example_skip_dag.py took 0.047 seconds
[2026-05-24T14:56:27.549+0000] {processor.py:161} INFO - Started process (PID=29806) to work on /home/varn1t/ml-pipeline/venv/lib/python3.11/site-packages/airflow/example_dags/example_skip_dag.py
[2026-05-24T14:56:27.550+0000] {processor.py:830} INFO - Processing file /home/varn1t/ml-pipeline/venv/lib/python3.11/site-packages/airflow/example_dags/example_skip_dag.py for tasks to queue
[2026-05-24T14:56:27.551+0000] {logging_mixin.py:188} INFO - [2026-05-24T14:56:27.551+0000] {dagbag.py:545} INFO - Filling up the DagBag from /home/varn1t/ml-pipeline/venv/lib/python3.11/site-packages/airflow/example_dags/example_skip_dag.py
[2026-05-24T14:56:27.556+0000] {processor.py:840} INFO - DAG(s) 'example_skip_dag' retrieved from /home/varn1t/ml-pipeline/venv/lib/python3.11/site-packages/airflow/example_dags/example_skip_dag.py
[2026-05-24T14:56:27.568+0000] {logging_mixin.py:188} INFO - [2026-05-24T14:56:27.568+0000] {dag.py:3096} INFO - Sync 1 DAGs
[2026-05-24T14:56:27.580+0000] {logging_mixin.py:188} INFO - [2026-05-24T14:56:27.580+0000] {dag.py:3954} INFO - Setting next_dagrun for example_skip_dag to 2026-05-23 00:00:00+00:00, run_after=2026-05-24 00:00:00+00:00
[2026-05-24T14:56:27.595+0000] {processor.py:183} INFO - Processing /home/varn1t/ml-pipeline/venv/lib/python3.11/site-packages/airflow/example_dags/example_skip_dag.py took 0.050 seconds
[2026-05-24T14:57:19.297+0000] {processor.py:161} INFO - Started process (PID=30174) to work on /home/varn1t/ml-pipeline/venv/lib/python3.11/site-packages/airflow/example_dags/example_skip_dag.py
[2026-05-24T14:57:19.298+0000] {processor.py:830} INFO - Processing file /home/varn1t/ml-pipeline/venv/lib/python3.11/site-packages/airflow/example_dags/example_skip_dag.py for tasks to queue
[2026-05-24T14:57:19.298+0000] {logging_mixin.py:188} INFO - [2026-05-24T14:57:19.298+0000] {dagbag.py:545} INFO - Filling up the DagBag from /home/varn1t/ml-pipeline/venv/lib/python3.11/site-packages/airflow/example_dags/example_skip_dag.py
[2026-05-24T14:57:19.323+0000] {processor.py:840} INFO - DAG(s) 'example_skip_dag' retrieved from /home/varn1t/ml-pipeline/venv/lib/python3.11/site-packages/airflow/example_dags/example_skip_dag.py
[2026-05-24T14:57:19.385+0000] {logging_mixin.py:188} INFO - [2026-05-24T14:57:19.385+0000] {dag.py:3096} INFO - Sync 1 DAGs
[2026-05-24T14:57:19.440+0000] {logging_mixin.py:188} INFO - [2026-05-24T14:57:19.440+0000] {dag.py:3954} INFO - Setting next_dagrun for example_skip_dag to 2026-05-23 00:00:00+00:00, run_after=2026-05-24 00:00:00+00:00
[2026-05-24T14:57:19.481+0000] {processor.py:183} INFO - Processing /home/varn1t/ml-pipeline/venv/lib/python3.11/site-packages/airflow/example_dags/example_skip_dag.py took 0.197 seconds
[2026-05-24T14:58:23.962+0000] {processor.py:161} INFO - Started process (PID=30763) to work on /home/varn1t/ml-pipeline/venv/lib/python3.11/site-packages/airflow/example_dags/example_skip_dag.py
[2026-05-24T14:58:23.963+0000] {processor.py:830} INFO - Processing file /home/varn1t/ml-pipeline/venv/lib/python3.11/site-packages/airflow/example_dags/example_skip_dag.py for tasks to queue
[2026-05-24T14:58:23.964+0000] {logging_mixin.py:188} INFO - [2026-05-24T14:58:23.963+0000] {dagbag.py:545} INFO - Filling up the DagBag from /home/varn1t/ml-pipeline/venv/lib/python3.11/site-packages/airflow/example_dags/example_skip_dag.py
[2026-05-24T14:58:23.970+0000] {processor.py:840} INFO - DAG(s) 'example_skip_dag' retrieved from /home/varn1t/ml-pipeline/venv/lib/python3.11/site-packages/airflow/example_dags/example_skip_dag.py
[2026-05-24T14:58:23.984+0000] {logging_mixin.py:188} INFO - [2026-05-24T14:58:23.984+0000] {dag.py:3096} INFO - Sync 1 DAGs
[2026-05-24T14:58:24.001+0000] {logging_mixin.py:188} INFO - [2026-05-24T14:58:24.001+0000] {dag.py:3954} INFO - Setting next_dagrun for example_skip_dag to 2026-05-23 00:00:00+00:00, run_after=2026-05-24 00:00:00+00:00
[2026-05-24T14:58:24.019+0000] {processor.py:183} INFO - Processing /home/varn1t/ml-pipeline/venv/lib/python3.11/site-packages/airflow/example_dags/example_skip_dag.py took 0.064 seconds
[2026-05-24T14:59:27.752+0000] {processor.py:161} INFO - Started process (PID=31228) to work on /home/varn1t/ml-pipeline/venv/lib/python3.11/site-packages/airflow/example_dags/example_skip_dag.py
[2026-05-24T14:59:27.752+0000] {processor.py:830} INFO - Processing file /home/varn1t/ml-pipeline/venv/lib/python3.11/site-packages/airflow/example_dags/example_skip_dag.py for tasks to queue
[2026-05-24T14:59:27.753+0000] {logging_mixin.py:188} INFO - [2026-05-24T14:59:27.753+0000] {dagbag.py:545} INFO - Filling up the DagBag from /home/varn1t/ml-pipeline/venv/lib/python3.11/site-packages/airflow/example_dags/example_skip_dag.py
[2026-05-24T14:59:27.758+0000] {processor.py:840} INFO - DAG(s) 'example_skip_dag' retrieved from /home/varn1t/ml-pipeline/venv/lib/python3.11/site-packages/airflow/example_dags/example_skip_dag.py
[2026-05-24T14:59:27.769+0000] {logging_mixin.py:188} INFO - [2026-05-24T14:59:27.769+0000] {dag.py:3096} INFO - Sync 1 DAGs
[2026-05-24T14:59:27.780+0000] {logging_mixin.py:188} INFO - [2026-05-24T14:59:27.780+0000] {dag.py:3954} INFO - Setting next_dagrun for example_skip_dag to 2026-05-23 00:00:00+00:00, run_after=2026-05-24 00:00:00+00:00
[2026-05-24T14:59:27.794+0000] {processor.py:183} INFO - Processing /home/varn1t/ml-pipeline/venv/lib/python3.11/site-packages/airflow/example_dags/example_skip_dag.py took 0.047 seconds
[2026-05-24T15:00:29.396+0000] {processor.py:161} INFO - Started process (PID=31577) to work on /home/varn1t/ml-pipeline/venv/lib/python3.11/site-packages/airflow/example_dags/example_skip_dag.py
[2026-05-24T15:00:29.397+0000] {processor.py:830} INFO - Processing file /home/varn1t/ml-pipeline/venv/lib/python3.11/site-packages/airflow/example_dags/example_skip_dag.py for tasks to queue
[2026-05-24T15:00:29.398+0000] {logging_mixin.py:188} INFO - [2026-05-24T15:00:29.398+0000] {dagbag.py:545} INFO - Filling up the DagBag from /home/varn1t/ml-pipeline/venv/lib/python3.11/site-packages/airflow/example_dags/example_skip_dag.py
[2026-05-24T15:00:29.403+0000] {processor.py:840} INFO - DAG(s) 'example_skip_dag' retrieved from /home/varn1t/ml-pipeline/venv/lib/python3.11/site-packages/airflow/example_dags/example_skip_dag.py
[2026-05-24T15:00:29.413+0000] {logging_mixin.py:188} INFO - [2026-05-24T15:00:29.413+0000] {dag.py:3096} INFO - Sync 1 DAGs
[2026-05-24T15:00:29.423+0000] {logging_mixin.py:188} INFO - [2026-05-24T15:00:29.423+0000] {dag.py:3954} INFO - Setting next_dagrun for example_skip_dag to 2026-05-23 00:00:00+00:00, run_after=2026-05-24 00:00:00+00:00
[2026-05-24T15:00:29.436+0000] {processor.py:183} INFO - Processing /home/varn1t/ml-pipeline/venv/lib/python3.11/site-packages/airflow/example_dags/example_skip_dag.py took 0.045 seconds
[2026-05-24T15:01:26.519+0000] {processor.py:161} INFO - Started process (PID=31820) to work on /home/varn1t/ml-pipeline/venv/lib/python3.11/site-packages/airflow/example_dags/example_skip_dag.py
[2026-05-24T15:01:26.520+0000] {processor.py:830} INFO - Processing file /home/varn1t/ml-pipeline/venv/lib/python3.11/site-packages/airflow/example_dags/example_skip_dag.py for tasks to queue
[2026-05-24T15:01:26.520+0000] {logging_mixin.py:188} INFO - [2026-05-24T15:01:26.520+0000] {dagbag.py:545} INFO - Filling up the DagBag from /home/varn1t/ml-pipeline/venv/lib/python3.11/site-packages/airflow/example_dags/example_skip_dag.py
[2026-05-24T15:01:26.526+0000] {processor.py:840} INFO - DAG(s) 'example_skip_dag' retrieved from /home/varn1t/ml-pipeline/venv/lib/python3.11/site-packages/airflow/example_dags/example_skip_dag.py
[2026-05-24T15:01:26.538+0000] {logging_mixin.py:188} INFO - [2026-05-24T15:01:26.538+0000] {dag.py:3096} INFO - Sync 1 DAGs
[2026-05-24T15:01:26.550+0000] {logging_mixin.py:188} INFO - [2026-05-24T15:01:26.550+0000] {dag.py:3954} INFO - Setting next_dagrun for example_skip_dag to 2026-05-23 00:00:00+00:00, run_after=2026-05-24 00:00:00+00:00
[2026-05-24T15:01:26.566+0000] {processor.py:183} INFO - Processing /home/varn1t/ml-pipeline/venv/lib/python3.11/site-packages/airflow/example_dags/example_skip_dag.py took 0.054 seconds
[2026-05-24T15:02:27.646+0000] {processor.py:161} INFO - Started process (PID=32145) to work on /home/varn1t/ml-pipeline/venv/lib/python3.11/site-packages/airflow/example_dags/example_skip_dag.py
[2026-05-24T15:02:27.647+0000] {processor.py:830} INFO - Processing file /home/varn1t/ml-pipeline/venv/lib/python3.11/site-packages/airflow/example_dags/example_skip_dag.py for tasks to queue
[2026-05-24T15:02:27.647+0000] {logging_mixin.py:188} INFO - [2026-05-24T15:02:27.647+0000] {dagbag.py:545} INFO - Filling up the DagBag from /home/varn1t/ml-pipeline/venv/lib/python3.11/site-packages/airflow/example_dags/example_skip_dag.py
[2026-05-24T15:02:27.652+0000] {processor.py:840} INFO - DAG(s) 'example_skip_dag' retrieved from /home/varn1t/ml-pipeline/venv/lib/python3.11/site-packages/airflow/example_dags/example_skip_dag.py
[2026-05-24T15:02:27.664+0000] {logging_mixin.py:188} INFO - [2026-05-24T15:02:27.663+0000] {dag.py:3096} INFO - Sync 1 DAGs
[2026-05-24T15:02:27.676+0000] {logging_mixin.py:188} INFO - [2026-05-24T15:02:27.675+0000] {dag.py:3954} INFO - Setting next_dagrun for example_skip_dag to 2026-05-23 00:00:00+00:00, run_after=2026-05-24 00:00:00+00:00
[2026-05-24T15:02:27.692+0000] {processor.py:183} INFO - Processing /home/varn1t/ml-pipeline/venv/lib/python3.11/site-packages/airflow/example_dags/example_skip_dag.py took 0.053 seconds
[2026-05-24T15:03:31.033+0000] {processor.py:161} INFO - Started process (PID=32541) to work on /home/varn1t/ml-pipeline/venv/lib/python3.11/site-packages/airflow/example_dags/example_skip_dag.py
[2026-05-24T15:03:31.034+0000] {processor.py:830} INFO - Processing file /home/varn1t/ml-pipeline/venv/lib/python3.11/site-packages/airflow/example_dags/example_skip_dag.py for tasks to queue
[2026-05-24T15:03:31.034+0000] {logging_mixin.py:188} INFO - [2026-05-24T15:03:31.034+0000] {dagbag.py:545} INFO - Filling up the DagBag from /home/varn1t/ml-pipeline/venv/lib/python3.11/site-packages/airflow/example_dags/example_skip_dag.py
[2026-05-24T15:03:31.039+0000] {processor.py:840} INFO - DAG(s) 'example_skip_dag' retrieved from /home/varn1t/ml-pipeline/venv/lib/python3.11/site-packages/airflow/example_dags/example_skip_dag.py
[2026-05-24T15:03:31.052+0000] {logging_mixin.py:188} INFO - [2026-05-24T15:03:31.052+0000] {dag.py:3096} INFO - Sync 1 DAGs
[2026-05-24T15:03:31.069+0000] {logging_mixin.py:188} INFO - [2026-05-24T15:03:31.069+0000] {dag.py:3954} INFO - Setting next_dagrun for example_skip_dag to 2026-05-23 00:00:00+00:00, run_after=2026-05-24 00:00:00+00:00
[2026-05-24T15:03:31.091+0000] {processor.py:183} INFO - Processing /home/varn1t/ml-pipeline/venv/lib/python3.11/site-packages/airflow/example_dags/example_skip_dag.py took 0.064 seconds
[2026-05-24T15:04:31.626+0000] {processor.py:161} INFO - Started process (PID=32816) to work on /home/varn1t/ml-pipeline/venv/lib/python3.11/site-packages/airflow/example_dags/example_skip_dag.py
[2026-05-24T15:04:31.627+0000] {processor.py:830} INFO - Processing file /home/varn1t/ml-pipeline/venv/lib/python3.11/site-packages/airflow/example_dags/example_skip_dag.py for tasks to queue
[2026-05-24T15:04:31.628+0000] {logging_mixin.py:188} INFO - [2026-05-24T15:04:31.628+0000] {dagbag.py:545} INFO - Filling up the DagBag from /home/varn1t/ml-pipeline/venv/lib/python3.11/site-packages/airflow/example_dags/example_skip_dag.py
[2026-05-24T15:04:31.634+0000] {processor.py:840} INFO - DAG(s) 'example_skip_dag' retrieved from /home/varn1t/ml-pipeline/venv/lib/python3.11/site-packages/airflow/example_dags/example_skip_dag.py
[2026-05-24T15:04:31.645+0000] {logging_mixin.py:188} INFO - [2026-05-24T15:04:31.645+0000] {dag.py:3096} INFO - Sync 1 DAGs
[2026-05-24T15:04:31.656+0000] {logging_mixin.py:188} INFO - [2026-05-24T15:04:31.656+0000] {dag.py:3954} INFO - Setting next_dagrun for example_skip_dag to 2026-05-23 00:00:00+00:00, run_after=2026-05-24 00:00:00+00:00
[2026-05-24T15:04:31.673+0000] {processor.py:183} INFO - Processing /home/varn1t/ml-pipeline/venv/lib/python3.11/site-packages/airflow/example_dags/example_skip_dag.py took 0.054 seconds
[2026-05-24T15:05:31.385+0000] {processor.py:161} INFO - Started process (PID=33131) to work on /home/varn1t/ml-pipeline/venv/lib/python3.11/site-packages/airflow/example_dags/example_skip_dag.py
[2026-05-24T15:05:31.386+0000] {processor.py:830} INFO - Processing file /home/varn1t/ml-pipeline/venv/lib/python3.11/site-packages/airflow/example_dags/example_skip_dag.py for tasks to queue
[2026-05-24T15:05:31.387+0000] {logging_mixin.py:188} INFO - [2026-05-24T15:05:31.386+0000] {dagbag.py:545} INFO - Filling up the DagBag from /home/varn1t/ml-pipeline/venv/lib/python3.11/site-packages/airflow/example_dags/example_skip_dag.py
[2026-05-24T15:05:31.392+0000] {processor.py:840} INFO - DAG(s) 'example_skip_dag' retrieved from /home/varn1t/ml-pipeline/venv/lib/python3.11/site-packages/airflow/example_dags/example_skip_dag.py
[2026-05-24T15:05:31.403+0000] {logging_mixin.py:188} INFO - [2026-05-24T15:05:31.403+0000] {dag.py:3096} INFO - Sync 1 DAGs
[2026-05-24T15:05:31.416+0000] {logging_mixin.py:188} INFO - [2026-05-24T15:05:31.416+0000] {dag.py:3954} INFO - Setting next_dagrun for example_skip_dag to 2026-05-23 00:00:00+00:00, run_after=2026-05-24 00:00:00+00:00
[2026-05-24T15:05:31.430+0000] {processor.py:183} INFO - Processing /home/varn1t/ml-pipeline/venv/lib/python3.11/site-packages/airflow/example_dags/example_skip_dag.py took 0.052 seconds
[2026-05-24T15:06:34.224+0000] {processor.py:161} INFO - Started process (PID=33941) to work on /home/varn1t/ml-pipeline/venv/lib/python3.11/site-packages/airflow/example_dags/example_skip_dag.py
[2026-05-24T15:06:34.225+0000] {processor.py:830} INFO - Processing file /home/varn1t/ml-pipeline/venv/lib/python3.11/site-packages/airflow/example_dags/example_skip_dag.py for tasks to queue
[2026-05-24T15:06:34.225+0000] {logging_mixin.py:188} INFO - [2026-05-24T15:06:34.225+0000] {dagbag.py:545} INFO - Filling up the DagBag from /home/varn1t/ml-pipeline/venv/lib/python3.11/site-packages/airflow/example_dags/example_skip_dag.py
[2026-05-24T15:06:34.230+0000] {processor.py:840} INFO - DAG(s) 'example_skip_dag' retrieved from /home/varn1t/ml-pipeline/venv/lib/python3.11/site-packages/airflow/example_dags/example_skip_dag.py
[2026-05-24T15:06:34.241+0000] {logging_mixin.py:188} INFO - [2026-05-24T15:06:34.241+0000] {dag.py:3096} INFO - Sync 1 DAGs
[2026-05-24T15:06:34.254+0000] {logging_mixin.py:188} INFO - [2026-05-24T15:06:34.254+0000] {dag.py:3954} INFO - Setting next_dagrun for example_skip_dag to 2026-05-23 00:00:00+00:00, run_after=2026-05-24 00:00:00+00:00
[2026-05-24T15:06:34.269+0000] {processor.py:183} INFO - Processing /home/varn1t/ml-pipeline/venv/lib/python3.11/site-packages/airflow/example_dags/example_skip_dag.py took 0.052 seconds
[2026-05-24T15:07:36.319+0000] {processor.py:161} INFO - Started process (PID=34672) to work on /home/varn1t/ml-pipeline/venv/lib/python3.11/site-packages/airflow/example_dags/example_skip_dag.py
[2026-05-24T15:07:36.320+0000] {processor.py:830} INFO - Processing file /home/varn1t/ml-pipeline/venv/lib/python3.11/site-packages/airflow/example_dags/example_skip_dag.py for tasks to queue
[2026-05-24T15:07:36.320+0000] {logging_mixin.py:188} INFO - [2026-05-24T15:07:36.320+0000] {dagbag.py:545} INFO - Filling up the DagBag from /home/varn1t/ml-pipeline/venv/lib/python3.11/site-packages/airflow/example_dags/example_skip_dag.py
[2026-05-24T15:07:36.326+0000] {processor.py:840} INFO - DAG(s) 'example_skip_dag' retrieved from /home/varn1t/ml-pipeline/venv/lib/python3.11/site-packages/airflow/example_dags/example_skip_dag.py
[2026-05-24T15:07:36.341+0000] {logging_mixin.py:188} INFO - [2026-05-24T15:07:36.341+0000] {dag.py:3096} INFO - Sync 1 DAGs
[2026-05-24T15:07:36.424+0000] {logging_mixin.py:188} INFO - [2026-05-24T15:07:36.424+0000] {dag.py:3954} INFO - Setting next_dagrun for example_skip_dag to 2026-05-23 00:00:00+00:00, run_after=2026-05-24 00:00:00+00:00
[2026-05-24T15:07:36.470+0000] {processor.py:183} INFO - Processing /home/varn1t/ml-pipeline/venv/lib/python3.11/site-packages/airflow/example_dags/example_skip_dag.py took 0.160 seconds
[2026-05-24T15:08:40.869+0000] {processor.py:161} INFO - Started process (PID=35118) to work on /home/varn1t/ml-pipeline/venv/lib/python3.11/site-packages/airflow/example_dags/example_skip_dag.py
[2026-05-24T15:08:40.870+0000] {processor.py:830} INFO - Processing file /home/varn1t/ml-pipeline/venv/lib/python3.11/site-packages/airflow/example_dags/example_skip_dag.py for tasks to queue
[2026-05-24T15:08:40.870+0000] {logging_mixin.py:188} INFO - [2026-05-24T15:08:40.870+0000] {dagbag.py:545} INFO - Filling up the DagBag from /home/varn1t/ml-pipeline/venv/lib/python3.11/site-packages/airflow/example_dags/example_skip_dag.py
[2026-05-24T15:08:40.875+0000] {processor.py:840} INFO - DAG(s) 'example_skip_dag' retrieved from /home/varn1t/ml-pipeline/venv/lib/python3.11/site-packages/airflow/example_dags/example_skip_dag.py
[2026-05-24T15:08:40.885+0000] {logging_mixin.py:188} INFO - [2026-05-24T15:08:40.884+0000] {dag.py:3096} INFO - Sync 1 DAGs
[2026-05-24T15:08:40.895+0000] {logging_mixin.py:188} INFO - [2026-05-24T15:08:40.895+0000] {dag.py:3954} INFO - Setting next_dagrun for example_skip_dag to 2026-05-23 00:00:00+00:00, run_after=2026-05-24 00:00:00+00:00
[2026-05-24T15:08:40.908+0000] {processor.py:183} INFO - Processing /home/varn1t/ml-pipeline/venv/lib/python3.11/site-packages/airflow/example_dags/example_skip_dag.py took 0.046 seconds
[2026-05-24T15:09:45.382+0000] {processor.py:161} INFO - Started process (PID=35392) to work on /home/varn1t/ml-pipeline/venv/lib/python3.11/site-packages/airflow/example_dags/example_skip_dag.py
[2026-05-24T15:09:45.383+0000] {processor.py:830} INFO - Processing file /home/varn1t/ml-pipeline/venv/lib/python3.11/site-packages/airflow/example_dags/example_skip_dag.py for tasks to queue
[2026-05-24T15:09:45.384+0000] {logging_mixin.py:188} INFO - [2026-05-24T15:09:45.383+0000] {dagbag.py:545} INFO - Filling up the DagBag from /home/varn1t/ml-pipeline/venv/lib/python3.11/site-packages/airflow/example_dags/example_skip_dag.py
[2026-05-24T15:09:45.389+0000] {processor.py:840} INFO - DAG(s) 'example_skip_dag' retrieved from /home/varn1t/ml-pipeline/venv/lib/python3.11/site-packages/airflow/example_dags/example_skip_dag.py
[2026-05-24T15:09:45.402+0000] {logging_mixin.py:188} INFO - [2026-05-24T15:09:45.402+0000] {dag.py:3096} INFO - Sync 1 DAGs
[2026-05-24T15:09:45.417+0000] {logging_mixin.py:188} INFO - [2026-05-24T15:09:45.416+0000] {dag.py:3954} INFO - Setting next_dagrun for example_skip_dag to 2026-05-23 00:00:00+00:00, run_after=2026-05-24 00:00:00+00:00
[2026-05-24T15:09:45.433+0000] {processor.py:183} INFO - Processing /home/varn1t/ml-pipeline/venv/lib/python3.11/site-packages/airflow/example_dags/example_skip_dag.py took 0.058 seconds
[2026-05-24T15:10:49.675+0000] {processor.py:161} INFO - Started process (PID=35676) to work on /home/varn1t/ml-pipeline/venv/lib/python3.11/site-packages/airflow/example_dags/example_skip_dag.py
[2026-05-24T15:10:49.676+0000] {processor.py:830} INFO - Processing file /home/varn1t/ml-pipeline/venv/lib/python3.11/site-packages/airflow/example_dags/example_skip_dag.py for tasks to queue
[2026-05-24T15:10:49.677+0000] {logging_mixin.py:188} INFO - [2026-05-24T15:10:49.676+0000] {dagbag.py:545} INFO - Filling up the DagBag from /home/varn1t/ml-pipeline/venv/lib/python3.11/site-packages/airflow/example_dags/example_skip_dag.py
[2026-05-24T15:10:49.681+0000] {processor.py:840} INFO - DAG(s) 'example_skip_dag' retrieved from /home/varn1t/ml-pipeline/venv/lib/python3.11/site-packages/airflow/example_dags/example_skip_dag.py
[2026-05-24T15:10:49.691+0000] {logging_mixin.py:188} INFO - [2026-05-24T15:10:49.691+0000] {dag.py:3096} INFO - Sync 1 DAGs
[2026-05-24T15:10:49.704+0000] {logging_mixin.py:188} INFO - [2026-05-24T15:10:49.704+0000] {dag.py:3954} INFO - Setting next_dagrun for example_skip_dag to 2026-05-23 00:00:00+00:00, run_after=2026-05-24 00:00:00+00:00
[2026-05-24T15:10:49.720+0000] {processor.py:183} INFO - Processing /home/varn1t/ml-pipeline/venv/lib/python3.11/site-packages/airflow/example_dags/example_skip_dag.py took 0.052 seconds
[2026-05-24T15:11:51.604+0000] {processor.py:161} INFO - Started process (PID=35946) to work on /home/varn1t/ml-pipeline/venv/lib/python3.11/site-packages/airflow/example_dags/example_skip_dag.py
[2026-05-24T15:11:51.605+0000] {processor.py:830} INFO - Processing file /home/varn1t/ml-pipeline/venv/lib/python3.11/site-packages/airflow/example_dags/example_skip_dag.py for tasks to queue
[2026-05-24T15:11:51.606+0000] {logging_mixin.py:188} INFO - [2026-05-24T15:11:51.605+0000] {dagbag.py:545} INFO - Filling up the DagBag from /home/varn1t/ml-pipeline/venv/lib/python3.11/site-packages/airflow/example_dags/example_skip_dag.py
[2026-05-24T15:11:51.611+0000] {processor.py:840} INFO - DAG(s) 'example_skip_dag' retrieved from /home/varn1t/ml-pipeline/venv/lib/python3.11/site-packages/airflow/example_dags/example_skip_dag.py
[2026-05-24T15:11:51.622+0000] {logging_mixin.py:188} INFO - [2026-05-24T15:11:51.622+0000] {dag.py:3096} INFO - Sync 1 DAGs
[2026-05-24T15:11:51.637+0000] {logging_mixin.py:188} INFO - [2026-05-24T15:11:51.637+0000] {dag.py:3954} INFO - Setting next_dagrun for example_skip_dag to 2026-05-23 00:00:00+00:00, run_after=2026-05-24 00:00:00+00:00
[2026-05-24T15:11:51.655+0000] {processor.py:183} INFO - Processing /home/varn1t/ml-pipeline/venv/lib/python3.11/site-packages/airflow/example_dags/example_skip_dag.py took 0.059 seconds
[2026-05-24T15:12:55.972+0000] {processor.py:161} INFO - Started process (PID=36236) to work on /home/varn1t/ml-pipeline/venv/lib/python3.11/site-packages/airflow/example_dags/example_skip_dag.py
[2026-05-24T15:12:55.973+0000] {processor.py:830} INFO - Processing file /home/varn1t/ml-pipeline/venv/lib/python3.11/site-packages/airflow/example_dags/example_skip_dag.py for tasks to queue
[2026-05-24T15:12:55.973+0000] {logging_mixin.py:188} INFO - [2026-05-24T15:12:55.973+0000] {dagbag.py:545} INFO - Filling up the DagBag from /home/varn1t/ml-pipeline/venv/lib/python3.11/site-packages/airflow/example_dags/example_skip_dag.py
[2026-05-24T15:12:55.979+0000] {processor.py:840} INFO - DAG(s) 'example_skip_dag' retrieved from /home/varn1t/ml-pipeline/venv/lib/python3.11/site-packages/airflow/example_dags/example_skip_dag.py
[2026-05-24T15:12:55.990+0000] {logging_mixin.py:188} INFO - [2026-05-24T15:12:55.990+0000] {dag.py:3096} INFO - Sync 1 DAGs
[2026-05-24T15:12:56.002+0000] {logging_mixin.py:188} INFO - [2026-05-24T15:12:56.002+0000] {dag.py:3954} INFO - Setting next_dagrun for example_skip_dag to 2026-05-23 00:00:00+00:00, run_after=2026-05-24 00:00:00+00:00
[2026-05-24T15:12:56.018+0000] {processor.py:183} INFO - Processing /home/varn1t/ml-pipeline/venv/lib/python3.11/site-packages/airflow/example_dags/example_skip_dag.py took 0.052 seconds
[2026-05-24T15:13:57.763+0000] {processor.py:161} INFO - Started process (PID=36550) to work on /home/varn1t/ml-pipeline/venv/lib/python3.11/site-packages/airflow/example_dags/example_skip_dag.py
[2026-05-24T15:13:57.764+0000] {processor.py:830} INFO - Processing file /home/varn1t/ml-pipeline/venv/lib/python3.11/site-packages/airflow/example_dags/example_skip_dag.py for tasks to queue
[2026-05-24T15:13:57.764+0000] {logging_mixin.py:188} INFO - [2026-05-24T15:13:57.764+0000] {dagbag.py:545} INFO - Filling up the DagBag from /home/varn1t/ml-pipeline/venv/lib/python3.11/site-packages/airflow/example_dags/example_skip_dag.py
[2026-05-24T15:13:57.769+0000] {processor.py:840} INFO - DAG(s) 'example_skip_dag' retrieved from /home/varn1t/ml-pipeline/venv/lib/python3.11/site-packages/airflow/example_dags/example_skip_dag.py
[2026-05-24T15:13:57.782+0000] {logging_mixin.py:188} INFO - [2026-05-24T15:13:57.782+0000] {dag.py:3096} INFO - Sync 1 DAGs
[2026-05-24T15:13:57.795+0000] {logging_mixin.py:188} INFO - [2026-05-24T15:13:57.795+0000] {dag.py:3954} INFO - Setting next_dagrun for example_skip_dag to 2026-05-23 00:00:00+00:00, run_after=2026-05-24 00:00:00+00:00
[2026-05-24T15:13:57.811+0000] {processor.py:183} INFO - Processing /home/varn1t/ml-pipeline/venv/lib/python3.11/site-packages/airflow/example_dags/example_skip_dag.py took 0.054 seconds
[2026-05-24T15:14:55.380+0000] {processor.py:161} INFO - Started process (PID=36813) to work on /home/varn1t/ml-pipeline/venv/lib/python3.11/site-packages/airflow/example_dags/example_skip_dag.py
[2026-05-24T15:14:55.381+0000] {processor.py:830} INFO - Processing file /home/varn1t/ml-pipeline/venv/lib/python3.11/site-packages/airflow/example_dags/example_skip_dag.py for tasks to queue
[2026-05-24T15:14:55.382+0000] {logging_mixin.py:188} INFO - [2026-05-24T15:14:55.381+0000] {dagbag.py:545} INFO - Filling up the DagBag from /home/varn1t/ml-pipeline/venv/lib/python3.11/site-packages/airflow/example_dags/example_skip_dag.py
[2026-05-24T15:14:55.388+0000] {processor.py:840} INFO - DAG(s) 'example_skip_dag' retrieved from /home/varn1t/ml-pipeline/venv/lib/python3.11/site-packages/airflow/example_dags/example_skip_dag.py
[2026-05-24T15:14:55.402+0000] {logging_mixin.py:188} INFO - [2026-05-24T15:14:55.402+0000] {dag.py:3096} INFO - Sync 1 DAGs
[2026-05-24T15:14:55.417+0000] {logging_mixin.py:188} INFO - [2026-05-24T15:14:55.417+0000] {dag.py:3954} INFO - Setting next_dagrun for example_skip_dag to 2026-05-23 00:00:00+00:00, run_after=2026-05-24 00:00:00+00:00
[2026-05-24T15:14:55.434+0000] {processor.py:183} INFO - Processing /home/varn1t/ml-pipeline/venv/lib/python3.11/site-packages/airflow/example_dags/example_skip_dag.py took 0.063 seconds
[2026-05-24T15:15:54.778+0000] {processor.py:161} INFO - Started process (PID=37064) to work on /home/varn1t/ml-pipeline/venv/lib/python3.11/site-packages/airflow/example_dags/example_skip_dag.py
[2026-05-24T15:15:54.779+0000] {processor.py:830} INFO - Processing file /home/varn1t/ml-pipeline/venv/lib/python3.11/site-packages/airflow/example_dags/example_skip_dag.py for tasks to queue
[2026-05-24T15:15:54.779+0000] {logging_mixin.py:188} INFO - [2026-05-24T15:15:54.779+0000] {dagbag.py:545} INFO - Filling up the DagBag from /home/varn1t/ml-pipeline/venv/lib/python3.11/site-packages/airflow/example_dags/example_skip_dag.py
[2026-05-24T15:15:54.785+0000] {processor.py:840} INFO - DAG(s) 'example_skip_dag' retrieved from /home/varn1t/ml-pipeline/venv/lib/python3.11/site-packages/airflow/example_dags/example_skip_dag.py
[2026-05-24T15:15:54.797+0000] {logging_mixin.py:188} INFO - [2026-05-24T15:15:54.797+0000] {dag.py:3096} INFO - Sync 1 DAGs
[2026-05-24T15:15:54.810+0000] {logging_mixin.py:188} INFO - [2026-05-24T15:15:54.810+0000] {dag.py:3954} INFO - Setting next_dagrun for example_skip_dag to 2026-05-23 00:00:00+00:00, run_after=2026-05-24 00:00:00+00:00
[2026-05-24T15:15:54.826+0000] {processor.py:183} INFO - Processing /home/varn1t/ml-pipeline/venv/lib/python3.11/site-packages/airflow/example_dags/example_skip_dag.py took 0.053 seconds
[2026-05-24T15:16:55.133+0000] {processor.py:161} INFO - Started process (PID=37348) to work on /home/varn1t/ml-pipeline/venv/lib/python3.11/site-packages/airflow/example_dags/example_skip_dag.py
[2026-05-24T15:16:55.134+0000] {processor.py:830} INFO - Processing file /home/varn1t/ml-pipeline/venv/lib/python3.11/site-packages/airflow/example_dags/example_skip_dag.py for tasks to queue
[2026-05-24T15:16:55.135+0000] {logging_mixin.py:188} INFO - [2026-05-24T15:16:55.134+0000] {dagbag.py:545} INFO - Filling up the DagBag from /home/varn1t/ml-pipeline/venv/lib/python3.11/site-packages/airflow/example_dags/example_skip_dag.py
[2026-05-24T15:16:55.139+0000] {processor.py:840} INFO - DAG(s) 'example_skip_dag' retrieved from /home/varn1t/ml-pipeline/venv/lib/python3.11/site-packages/airflow/example_dags/example_skip_dag.py
[2026-05-24T15:16:55.149+0000] {logging_mixin.py:188} INFO - [2026-05-24T15:16:55.149+0000] {dag.py:3096} INFO - Sync 1 DAGs
[2026-05-24T15:16:55.161+0000] {logging_mixin.py:188} INFO - [2026-05-24T15:16:55.160+0000] {dag.py:3954} INFO - Setting next_dagrun for example_skip_dag to 2026-05-23 00:00:00+00:00, run_after=2026-05-24 00:00:00+00:00
[2026-05-24T15:16:55.175+0000] {processor.py:183} INFO - Processing /home/varn1t/ml-pipeline/venv/lib/python3.11/site-packages/airflow/example_dags/example_skip_dag.py took 0.047 seconds
[2026-05-24T15:17:55.161+0000] {processor.py:161} INFO - Started process (PID=37772) to work on /home/varn1t/ml-pipeline/venv/lib/python3.11/site-packages/airflow/example_dags/example_skip_dag.py
[2026-05-24T15:17:55.162+0000] {processor.py:830} INFO - Processing file /home/varn1t/ml-pipeline/venv/lib/python3.11/site-packages/airflow/example_dags/example_skip_dag.py for tasks to queue
[2026-05-24T15:17:55.163+0000] {logging_mixin.py:188} INFO - [2026-05-24T15:17:55.163+0000] {dagbag.py:545} INFO - Filling up the DagBag from /home/varn1t/ml-pipeline/venv/lib/python3.11/site-packages/airflow/example_dags/example_skip_dag.py
[2026-05-24T15:17:55.168+0000] {processor.py:840} INFO - DAG(s) 'example_skip_dag' retrieved from /home/varn1t/ml-pipeline/venv/lib/python3.11/site-packages/airflow/example_dags/example_skip_dag.py
[2026-05-24T15:17:55.179+0000] {logging_mixin.py:188} INFO - [2026-05-24T15:17:55.179+0000] {dag.py:3096} INFO - Sync 1 DAGs
[2026-05-24T15:17:55.191+0000] {logging_mixin.py:188} INFO - [2026-05-24T15:17:55.191+0000] {dag.py:3954} INFO - Setting next_dagrun for example_skip_dag to 2026-05-23 00:00:00+00:00, run_after=2026-05-24 00:00:00+00:00
[2026-05-24T15:17:55.207+0000] {processor.py:183} INFO - Processing /home/varn1t/ml-pipeline/venv/lib/python3.11/site-packages/airflow/example_dags/example_skip_dag.py took 0.054 seconds
[2026-05-24T15:18:53.172+0000] {processor.py:161} INFO - Started process (PID=38500) to work on /home/varn1t/ml-pipeline/venv/lib/python3.11/site-packages/airflow/example_dags/example_skip_dag.py
[2026-05-24T15:18:53.173+0000] {processor.py:830} INFO - Processing file /home/varn1t/ml-pipeline/venv/lib/python3.11/site-packages/airflow/example_dags/example_skip_dag.py for tasks to queue
[2026-05-24T15:18:53.173+0000] {logging_mixin.py:188} INFO - [2026-05-24T15:18:53.173+0000] {dagbag.py:545} INFO - Filling up the DagBag from /home/varn1t/ml-pipeline/venv/lib/python3.11/site-packages/airflow/example_dags/example_skip_dag.py
[2026-05-24T15:18:53.179+0000] {processor.py:840} INFO - DAG(s) 'example_skip_dag' retrieved from /home/varn1t/ml-pipeline/venv/lib/python3.11/site-packages/airflow/example_dags/example_skip_dag.py
[2026-05-24T15:18:53.191+0000] {logging_mixin.py:188} INFO - [2026-05-24T15:18:53.191+0000] {dag.py:3096} INFO - Sync 1 DAGs
[2026-05-24T15:18:53.204+0000] {logging_mixin.py:188} INFO - [2026-05-24T15:18:53.204+0000] {dag.py:3954} INFO - Setting next_dagrun for example_skip_dag to 2026-05-23 00:00:00+00:00, run_after=2026-05-24 00:00:00+00:00
[2026-05-24T15:18:53.219+0000] {processor.py:183} INFO - Processing /home/varn1t/ml-pipeline/venv/lib/python3.11/site-packages/airflow/example_dags/example_skip_dag.py took 0.052 seconds
[2026-05-24T15:19:54.741+0000] {processor.py:161} INFO - Started process (PID=38883) to work on /home/varn1t/ml-pipeline/venv/lib/python3.11/site-packages/airflow/example_dags/example_skip_dag.py
[2026-05-24T15:19:54.742+0000] {processor.py:830} INFO - Processing file /home/varn1t/ml-pipeline/venv/lib/python3.11/site-packages/airflow/example_dags/example_skip_dag.py for tasks to queue
[2026-05-24T15:19:54.743+0000] {logging_mixin.py:188} INFO - [2026-05-24T15:19:54.742+0000] {dagbag.py:545} INFO - Filling up the DagBag from /home/varn1t/ml-pipeline/venv/lib/python3.11/site-packages/airflow/example_dags/example_skip_dag.py
[2026-05-24T15:19:54.748+0000] {processor.py:840} INFO - DAG(s) 'example_skip_dag' retrieved from /home/varn1t/ml-pipeline/venv/lib/python3.11/site-packages/airflow/example_dags/example_skip_dag.py
[2026-05-24T15:19:54.759+0000] {logging_mixin.py:188} INFO - [2026-05-24T15:19:54.759+0000] {dag.py:3096} INFO - Sync 1 DAGs
[2026-05-24T15:19:54.770+0000] {logging_mixin.py:188} INFO - [2026-05-24T15:19:54.770+0000] {dag.py:3954} INFO - Setting next_dagrun for example_skip_dag to 2026-05-23 00:00:00+00:00, run_after=2026-05-24 00:00:00+00:00
[2026-05-24T15:19:54.786+0000] {processor.py:183} INFO - Processing /home/varn1t/ml-pipeline/venv/lib/python3.11/site-packages/airflow/example_dags/example_skip_dag.py took 0.050 seconds
[2026-05-24T15:20:59.247+0000] {processor.py:161} INFO - Started process (PID=39171) to work on /home/varn1t/ml-pipeline/venv/lib/python3.11/site-packages/airflow/example_dags/example_skip_dag.py
[2026-05-24T15:20:59.248+0000] {processor.py:830} INFO - Processing file /home/varn1t/ml-pipeline/venv/lib/python3.11/site-packages/airflow/example_dags/example_skip_dag.py for tasks to queue
[2026-05-24T15:20:59.248+0000] {logging_mixin.py:188} INFO - [2026-05-24T15:20:59.248+0000] {dagbag.py:545} INFO - Filling up the DagBag from /home/varn1t/ml-pipeline/venv/lib/python3.11/site-packages/airflow/example_dags/example_skip_dag.py
[2026-05-24T15:20:59.255+0000] {processor.py:840} INFO - DAG(s) 'example_skip_dag' retrieved from /home/varn1t/ml-pipeline/venv/lib/python3.11/site-packages/airflow/example_dags/example_skip_dag.py
[2026-05-24T15:20:59.267+0000] {logging_mixin.py:188} INFO - [2026-05-24T15:20:59.267+0000] {dag.py:3096} INFO - Sync 1 DAGs
[2026-05-24T15:20:59.277+0000] {logging_mixin.py:188} INFO - [2026-05-24T15:20:59.277+0000] {dag.py:3954} INFO - Setting next_dagrun for example_skip_dag to 2026-05-23 00:00:00+00:00, run_after=2026-05-24 00:00:00+00:00
[2026-05-24T15:20:59.291+0000] {processor.py:183} INFO - Processing /home/varn1t/ml-pipeline/venv/lib/python3.11/site-packages/airflow/example_dags/example_skip_dag.py took 0.051 seconds
[2026-05-24T15:21:58.385+0000] {processor.py:161} INFO - Started process (PID=39535) to work on /home/varn1t/ml-pipeline/venv/lib/python3.11/site-packages/airflow/example_dags/example_skip_dag.py
[2026-05-24T15:21:58.386+0000] {processor.py:830} INFO - Processing file /home/varn1t/ml-pipeline/venv/lib/python3.11/site-packages/airflow/example_dags/example_skip_dag.py for tasks to queue
[2026-05-24T15:21:58.386+0000] {logging_mixin.py:188} INFO - [2026-05-24T15:21:58.386+0000] {dagbag.py:545} INFO - Filling up the DagBag from /home/varn1t/ml-pipeline/venv/lib/python3.11/site-packages/airflow/example_dags/example_skip_dag.py
[2026-05-24T15:21:58.392+0000] {processor.py:840} INFO - DAG(s) 'example_skip_dag' retrieved from /home/varn1t/ml-pipeline/venv/lib/python3.11/site-packages/airflow/example_dags/example_skip_dag.py
[2026-05-24T15:21:58.403+0000] {logging_mixin.py:188} INFO - [2026-05-24T15:21:58.403+0000] {dag.py:3096} INFO - Sync 1 DAGs
[2026-05-24T15:21:58.417+0000] {logging_mixin.py:188} INFO - [2026-05-24T15:21:58.417+0000] {dag.py:3954} INFO - Setting next_dagrun for example_skip_dag to 2026-05-23 00:00:00+00:00, run_after=2026-05-24 00:00:00+00:00
[2026-05-24T15:21:58.434+0000] {processor.py:183} INFO - Processing /home/varn1t/ml-pipeline/venv/lib/python3.11/site-packages/airflow/example_dags/example_skip_dag.py took 0.055 seconds
[2026-05-24T15:22:59.313+0000] {processor.py:161} INFO - Started process (PID=40038) to work on /home/varn1t/ml-pipeline/venv/lib/python3.11/site-packages/airflow/example_dags/example_skip_dag.py
[2026-05-24T15:22:59.314+0000] {processor.py:830} INFO - Processing file /home/varn1t/ml-pipeline/venv/lib/python3.11/site-packages/airflow/example_dags/example_skip_dag.py for tasks to queue
[2026-05-24T15:22:59.314+0000] {logging_mixin.py:188} INFO - [2026-05-24T15:22:59.314+0000] {dagbag.py:545} INFO - Filling up the DagBag from /home/varn1t/ml-pipeline/venv/lib/python3.11/site-packages/airflow/example_dags/example_skip_dag.py
[2026-05-24T15:22:59.319+0000] {processor.py:840} INFO - DAG(s) 'example_skip_dag' retrieved from /home/varn1t/ml-pipeline/venv/lib/python3.11/site-packages/airflow/example_dags/example_skip_dag.py
[2026-05-24T15:22:59.330+0000] {logging_mixin.py:188} INFO - [2026-05-24T15:22:59.330+0000] {dag.py:3096} INFO - Sync 1 DAGs
[2026-05-24T15:22:59.342+0000] {logging_mixin.py:188} INFO - [2026-05-24T15:22:59.342+0000] {dag.py:3954} INFO - Setting next_dagrun for example_skip_dag to 2026-05-23 00:00:00+00:00, run_after=2026-05-24 00:00:00+00:00
[2026-05-24T15:22:59.356+0000] {processor.py:183} INFO - Processing /home/varn1t/ml-pipeline/venv/lib/python3.11/site-packages/airflow/example_dags/example_skip_dag.py took 0.049 seconds
[2026-05-24T15:24:02.693+0000] {processor.py:161} INFO - Started process (PID=40511) to work on /home/varn1t/ml-pipeline/venv/lib/python3.11/site-packages/airflow/example_dags/example_skip_dag.py
[2026-05-24T15:24:02.694+0000] {processor.py:830} INFO - Processing file /home/varn1t/ml-pipeline/venv/lib/python3.11/site-packages/airflow/example_dags/example_skip_dag.py for tasks to queue
[2026-05-24T15:24:02.695+0000] {logging_mixin.py:188} INFO - [2026-05-24T15:24:02.695+0000] {dagbag.py:545} INFO - Filling up the DagBag from /home/varn1t/ml-pipeline/venv/lib/python3.11/site-packages/airflow/example_dags/example_skip_dag.py
[2026-05-24T15:24:02.704+0000] {processor.py:840} INFO - DAG(s) 'example_skip_dag' retrieved from /home/varn1t/ml-pipeline/venv/lib/python3.11/site-packages/airflow/example_dags/example_skip_dag.py
[2026-05-24T15:24:02.724+0000] {logging_mixin.py:188} INFO - [2026-05-24T15:24:02.724+0000] {dag.py:3096} INFO - Sync 1 DAGs
[2026-05-24T15:24:02.745+0000] {logging_mixin.py:188} INFO - [2026-05-24T15:24:02.745+0000] {dag.py:3954} INFO - Setting next_dagrun for example_skip_dag to 2026-05-23 00:00:00+00:00, run_after=2026-05-24 00:00:00+00:00
[2026-05-24T15:24:02.770+0000] {processor.py:183} INFO - Processing /home/varn1t/ml-pipeline/venv/lib/python3.11/site-packages/airflow/example_dags/example_skip_dag.py took 0.093 seconds
[2026-05-24T15:25:49.989+0000] {processor.py:161} INFO - Started process (PID=42297) to work on /home/varn1t/ml-pipeline/venv/lib/python3.11/site-packages/airflow/example_dags/example_skip_dag.py
[2026-05-24T15:25:49.989+0000] {processor.py:830} INFO - Processing file /home/varn1t/ml-pipeline/venv/lib/python3.11/site-packages/airflow/example_dags/example_skip_dag.py for tasks to queue
[2026-05-24T15:25:49.990+0000] {logging_mixin.py:188} INFO - [2026-05-24T15:25:49.990+0000] {dagbag.py:545} INFO - Filling up the DagBag from /home/varn1t/ml-pipeline/venv/lib/python3.11/site-packages/airflow/example_dags/example_skip_dag.py
[2026-05-24T15:25:49.995+0000] {processor.py:840} INFO - DAG(s) 'example_skip_dag' retrieved from /home/varn1t/ml-pipeline/venv/lib/python3.11/site-packages/airflow/example_dags/example_skip_dag.py
[2026-05-24T15:25:50.006+0000] {logging_mixin.py:188} INFO - [2026-05-24T15:25:50.006+0000] {dag.py:3096} INFO - Sync 1 DAGs
[2026-05-24T15:25:50.017+0000] {logging_mixin.py:188} INFO - [2026-05-24T15:25:50.017+0000] {dag.py:3954} INFO - Setting next_dagrun for example_skip_dag to 2026-05-23 00:00:00+00:00, run_after=2026-05-24 00:00:00+00:00
[2026-05-24T15:25:50.030+0000] {processor.py:183} INFO - Processing /home/varn1t/ml-pipeline/venv/lib/python3.11/site-packages/airflow/example_dags/example_skip_dag.py took 0.047 seconds
[2026-05-24T15:26:46.469+0000] {processor.py:161} INFO - Started process (PID=42557) to work on /home/varn1t/ml-pipeline/venv/lib/python3.11/site-packages/airflow/example_dags/example_skip_dag.py
[2026-05-24T15:26:46.470+0000] {processor.py:830} INFO - Processing file /home/varn1t/ml-pipeline/venv/lib/python3.11/site-packages/airflow/example_dags/example_skip_dag.py for tasks to queue
[2026-05-24T15:26:46.471+0000] {logging_mixin.py:188} INFO - [2026-05-24T15:26:46.471+0000] {dagbag.py:545} INFO - Filling up the DagBag from /home/varn1t/ml-pipeline/venv/lib/python3.11/site-packages/airflow/example_dags/example_skip_dag.py
[2026-05-24T15:26:46.477+0000] {processor.py:840} INFO - DAG(s) 'example_skip_dag' retrieved from /home/varn1t/ml-pipeline/venv/lib/python3.11/site-packages/airflow/example_dags/example_skip_dag.py
[2026-05-24T15:26:46.488+0000] {logging_mixin.py:188} INFO - [2026-05-24T15:26:46.488+0000] {dag.py:3096} INFO - Sync 1 DAGs
[2026-05-24T15:26:46.501+0000] {logging_mixin.py:188} INFO - [2026-05-24T15:26:46.500+0000] {dag.py:3954} INFO - Setting next_dagrun for example_skip_dag to 2026-05-23 00:00:00+00:00, run_after=2026-05-24 00:00:00+00:00
[2026-05-24T15:26:46.516+0000] {processor.py:183} INFO - Processing /home/varn1t/ml-pipeline/venv/lib/python3.11/site-packages/airflow/example_dags/example_skip_dag.py took 0.053 seconds
[2026-05-24T15:27:51.593+0000] {processor.py:161} INFO - Started process (PID=42981) to work on /home/varn1t/ml-pipeline/venv/lib/python3.11/site-packages/airflow/example_dags/example_skip_dag.py
[2026-05-24T15:27:51.594+0000] {processor.py:830} INFO - Processing file /home/varn1t/ml-pipeline/venv/lib/python3.11/site-packages/airflow/example_dags/example_skip_dag.py for tasks to queue
[2026-05-24T15:27:51.594+0000] {logging_mixin.py:188} INFO - [2026-05-24T15:27:51.594+0000] {dagbag.py:545} INFO - Filling up the DagBag from /home/varn1t/ml-pipeline/venv/lib/python3.11/site-packages/airflow/example_dags/example_skip_dag.py
[2026-05-24T15:27:51.600+0000] {processor.py:840} INFO - DAG(s) 'example_skip_dag' retrieved from /home/varn1t/ml-pipeline/venv/lib/python3.11/site-packages/airflow/example_dags/example_skip_dag.py
[2026-05-24T15:27:51.611+0000] {logging_mixin.py:188} INFO - [2026-05-24T15:27:51.611+0000] {dag.py:3096} INFO - Sync 1 DAGs
[2026-05-24T15:27:51.624+0000] {logging_mixin.py:188} INFO - [2026-05-24T15:27:51.624+0000] {dag.py:3954} INFO - Setting next_dagrun for example_skip_dag to 2026-05-23 00:00:00+00:00, run_after=2026-05-24 00:00:00+00:00
[2026-05-24T15:27:51.640+0000] {processor.py:183} INFO - Processing /home/varn1t/ml-pipeline/venv/lib/python3.11/site-packages/airflow/example_dags/example_skip_dag.py took 0.055 seconds
[2026-05-24T15:29:46.049+0000] {processor.py:161} INFO - Started process (PID=43975) to work on /home/varn1t/ml-pipeline/venv/lib/python3.11/site-packages/airflow/example_dags/example_skip_dag.py
[2026-05-24T15:29:46.050+0000] {processor.py:830} INFO - Processing file /home/varn1t/ml-pipeline/venv/lib/python3.11/site-packages/airflow/example_dags/example_skip_dag.py for tasks to queue
[2026-05-24T15:29:46.050+0000] {logging_mixin.py:188} INFO - [2026-05-24T15:29:46.050+0000] {dagbag.py:545} INFO - Filling up the DagBag from /home/varn1t/ml-pipeline/venv/lib/python3.11/site-packages/airflow/example_dags/example_skip_dag.py
[2026-05-24T15:29:46.055+0000] {processor.py:840} INFO - DAG(s) 'example_skip_dag' retrieved from /home/varn1t/ml-pipeline/venv/lib/python3.11/site-packages/airflow/example_dags/example_skip_dag.py
[2026-05-24T15:29:46.065+0000] {logging_mixin.py:188} INFO - [2026-05-24T15:29:46.065+0000] {dag.py:3096} INFO - Sync 1 DAGs
[2026-05-24T15:29:46.077+0000] {logging_mixin.py:188} INFO - [2026-05-24T15:29:46.077+0000] {dag.py:3954} INFO - Setting next_dagrun for example_skip_dag to 2026-05-23 00:00:00+00:00, run_after=2026-05-24 00:00:00+00:00
[2026-05-24T15:29:46.093+0000] {processor.py:183} INFO - Processing /home/varn1t/ml-pipeline/venv/lib/python3.11/site-packages/airflow/example_dags/example_skip_dag.py took 0.051 seconds
[2026-05-24T15:30:58.971+0000] {processor.py:161} INFO - Started process (PID=44743) to work on /home/varn1t/ml-pipeline/venv/lib/python3.11/site-packages/airflow/example_dags/example_skip_dag.py
[2026-05-24T15:30:58.972+0000] {processor.py:830} INFO - Processing file /home/varn1t/ml-pipeline/venv/lib/python3.11/site-packages/airflow/example_dags/example_skip_dag.py for tasks to queue
[2026-05-24T15:30:58.972+0000] {logging_mixin.py:188} INFO - [2026-05-24T15:30:58.972+0000] {dagbag.py:545} INFO - Filling up the DagBag from /home/varn1t/ml-pipeline/venv/lib/python3.11/site-packages/airflow/example_dags/example_skip_dag.py
[2026-05-24T15:30:58.978+0000] {processor.py:840} INFO - DAG(s) 'example_skip_dag' retrieved from /home/varn1t/ml-pipeline/venv/lib/python3.11/site-packages/airflow/example_dags/example_skip_dag.py
[2026-05-24T15:30:58.989+0000] {logging_mixin.py:188} INFO - [2026-05-24T15:30:58.989+0000] {dag.py:3096} INFO - Sync 1 DAGs
[2026-05-24T15:30:59.002+0000] {logging_mixin.py:188} INFO - [2026-05-24T15:30:59.001+0000] {dag.py:3954} INFO - Setting next_dagrun for example_skip_dag to 2026-05-23 00:00:00+00:00, run_after=2026-05-24 00:00:00+00:00
[2026-05-24T15:30:59.016+0000] {processor.py:183} INFO - Processing /home/varn1t/ml-pipeline/venv/lib/python3.11/site-packages/airflow/example_dags/example_skip_dag.py took 0.051 seconds
[2026-05-24T15:32:01.034+0000] {processor.py:161} INFO - Started process (PID=45462) to work on /home/varn1t/ml-pipeline/venv/lib/python3.11/site-packages/airflow/example_dags/example_skip_dag.py
[2026-05-24T15:32:01.035+0000] {processor.py:830} INFO - Processing file /home/varn1t/ml-pipeline/venv/lib/python3.11/site-packages/airflow/example_dags/example_skip_dag.py for tasks to queue
[2026-05-24T15:32:01.035+0000] {logging_mixin.py:188} INFO - [2026-05-24T15:32:01.035+0000] {dagbag.py:545} INFO - Filling up the DagBag from /home/varn1t/ml-pipeline/venv/lib/python3.11/site-packages/airflow/example_dags/example_skip_dag.py
[2026-05-24T15:32:01.040+0000] {processor.py:840} INFO - DAG(s) 'example_skip_dag' retrieved from /home/varn1t/ml-pipeline/venv/lib/python3.11/site-packages/airflow/example_dags/example_skip_dag.py
[2026-05-24T15:32:01.050+0000] {logging_mixin.py:188} INFO - [2026-05-24T15:32:01.050+0000] {dag.py:3096} INFO - Sync 1 DAGs
[2026-05-24T15:32:01.060+0000] {logging_mixin.py:188} INFO - [2026-05-24T15:32:01.060+0000] {dag.py:3954} INFO - Setting next_dagrun for example_skip_dag to 2026-05-23 00:00:00+00:00, run_after=2026-05-24 00:00:00+00:00
[2026-05-24T15:32:01.078+0000] {processor.py:183} INFO - Processing /home/varn1t/ml-pipeline/venv/lib/python3.11/site-packages/airflow/example_dags/example_skip_dag.py took 0.050 seconds
[2026-05-24T15:33:10.487+0000] {processor.py:161} INFO - Started process (PID=45819) to work on /home/varn1t/ml-pipeline/venv/lib/python3.11/site-packages/airflow/example_dags/example_skip_dag.py
[2026-05-24T15:33:10.487+0000] {processor.py:830} INFO - Processing file /home/varn1t/ml-pipeline/venv/lib/python3.11/site-packages/airflow/example_dags/example_skip_dag.py for tasks to queue
[2026-05-24T15:33:10.488+0000] {logging_mixin.py:188} INFO - [2026-05-24T15:33:10.488+0000] {dagbag.py:545} INFO - Filling up the DagBag from /home/varn1t/ml-pipeline/venv/lib/python3.11/site-packages/airflow/example_dags/example_skip_dag.py
[2026-05-24T15:33:10.494+0000] {processor.py:840} INFO - DAG(s) 'example_skip_dag' retrieved from /home/varn1t/ml-pipeline/venv/lib/python3.11/site-packages/airflow/example_dags/example_skip_dag.py
[2026-05-24T15:33:10.507+0000] {logging_mixin.py:188} INFO - [2026-05-24T15:33:10.507+0000] {dag.py:3096} INFO - Sync 1 DAGs
[2026-05-24T15:33:10.520+0000] {logging_mixin.py:188} INFO - [2026-05-24T15:33:10.520+0000] {dag.py:3954} INFO - Setting next_dagrun for example_skip_dag to 2026-05-23 00:00:00+00:00, run_after=2026-05-24 00:00:00+00:00
[2026-05-24T15:33:10.536+0000] {processor.py:183} INFO - Processing /home/varn1t/ml-pipeline/venv/lib/python3.11/site-packages/airflow/example_dags/example_skip_dag.py took 0.055 seconds
[2026-05-24T15:34:15.012+0000] {processor.py:161} INFO - Started process (PID=46161) to work on /home/varn1t/ml-pipeline/venv/lib/python3.11/site-packages/airflow/example_dags/example_skip_dag.py
[2026-05-24T15:34:15.014+0000] {processor.py:830} INFO - Processing file /home/varn1t/ml-pipeline/venv/lib/python3.11/site-packages/airflow/example_dags/example_skip_dag.py for tasks to queue
[2026-05-24T15:34:15.014+0000] {logging_mixin.py:188} INFO - [2026-05-24T15:34:15.014+0000] {dagbag.py:545} INFO - Filling up the DagBag from /home/varn1t/ml-pipeline/venv/lib/python3.11/site-packages/airflow/example_dags/example_skip_dag.py
[2026-05-24T15:34:15.020+0000] {processor.py:840} INFO - DAG(s) 'example_skip_dag' retrieved from /home/varn1t/ml-pipeline/venv/lib/python3.11/site-packages/airflow/example_dags/example_skip_dag.py
[2026-05-24T15:34:15.030+0000] {logging_mixin.py:188} INFO - [2026-05-24T15:34:15.029+0000] {dag.py:3096} INFO - Sync 1 DAGs
[2026-05-24T15:34:15.041+0000] {logging_mixin.py:188} INFO - [2026-05-24T15:34:15.041+0000] {dag.py:3954} INFO - Setting next_dagrun for example_skip_dag to 2026-05-23 00:00:00+00:00, run_after=2026-05-24 00:00:00+00:00
[2026-05-24T15:34:15.056+0000] {processor.py:183} INFO - Processing /home/varn1t/ml-pipeline/venv/lib/python3.11/site-packages/airflow/example_dags/example_skip_dag.py took 0.050 seconds
[2026-05-24T15:42:13.964+0000] {processor.py:161} INFO - Started process (PID=2455) to work on /home/varn1t/ml-pipeline/venv/lib/python3.11/site-packages/airflow/example_dags/example_skip_dag.py
[2026-05-24T15:42:13.965+0000] {processor.py:830} INFO - Processing file /home/varn1t/ml-pipeline/venv/lib/python3.11/site-packages/airflow/example_dags/example_skip_dag.py for tasks to queue
[2026-05-24T15:42:13.966+0000] {logging_mixin.py:188} INFO - [2026-05-24T15:42:13.966+0000] {dagbag.py:545} INFO - Filling up the DagBag from /home/varn1t/ml-pipeline/venv/lib/python3.11/site-packages/airflow/example_dags/example_skip_dag.py
[2026-05-24T15:42:13.971+0000] {processor.py:840} INFO - DAG(s) 'example_skip_dag' retrieved from /home/varn1t/ml-pipeline/venv/lib/python3.11/site-packages/airflow/example_dags/example_skip_dag.py
[2026-05-24T15:42:13.986+0000] {logging_mixin.py:188} INFO - [2026-05-24T15:42:13.986+0000] {dag.py:3096} INFO - Sync 1 DAGs
[2026-05-24T15:42:14.002+0000] {logging_mixin.py:188} INFO - [2026-05-24T15:42:14.001+0000] {dag.py:3954} INFO - Setting next_dagrun for example_skip_dag to 2026-05-23 00:00:00+00:00, run_after=2026-05-24 00:00:00+00:00
[2026-05-24T15:42:14.018+0000] {processor.py:183} INFO - Processing /home/varn1t/ml-pipeline/venv/lib/python3.11/site-packages/airflow/example_dags/example_skip_dag.py took 0.059 seconds
[2026-05-24T15:43:20.679+0000] {processor.py:161} INFO - Started process (PID=2760) to work on /home/varn1t/ml-pipeline/venv/lib/python3.11/site-packages/airflow/example_dags/example_skip_dag.py
[2026-05-24T15:43:20.680+0000] {processor.py:830} INFO - Processing file /home/varn1t/ml-pipeline/venv/lib/python3.11/site-packages/airflow/example_dags/example_skip_dag.py for tasks to queue
[2026-05-24T15:43:20.682+0000] {logging_mixin.py:188} INFO - [2026-05-24T15:43:20.681+0000] {dagbag.py:545} INFO - Filling up the DagBag from /home/varn1t/ml-pipeline/venv/lib/python3.11/site-packages/airflow/example_dags/example_skip_dag.py
[2026-05-24T15:43:20.691+0000] {processor.py:840} INFO - DAG(s) 'example_skip_dag' retrieved from /home/varn1t/ml-pipeline/venv/lib/python3.11/site-packages/airflow/example_dags/example_skip_dag.py
[2026-05-24T15:43:20.718+0000] {logging_mixin.py:188} INFO - [2026-05-24T15:43:20.717+0000] {dag.py:3096} INFO - Sync 1 DAGs
[2026-05-24T15:43:20.753+0000] {logging_mixin.py:188} INFO - [2026-05-24T15:43:20.752+0000] {dag.py:3954} INFO - Setting next_dagrun for example_skip_dag to 2026-05-23 00:00:00+00:00, run_after=2026-05-24 00:00:00+00:00
[2026-05-24T15:43:20.899+0000] {processor.py:183} INFO - Processing /home/varn1t/ml-pipeline/venv/lib/python3.11/site-packages/airflow/example_dags/example_skip_dag.py took 0.227 seconds
[2026-05-24T15:44:15.040+0000] {processor.py:161} INFO - Started process (PID=3063) to work on /home/varn1t/ml-pipeline/venv/lib/python3.11/site-packages/airflow/example_dags/example_skip_dag.py
[2026-05-24T15:44:15.042+0000] {processor.py:830} INFO - Processing file /home/varn1t/ml-pipeline/venv/lib/python3.11/site-packages/airflow/example_dags/example_skip_dag.py for tasks to queue
[2026-05-24T15:44:15.043+0000] {logging_mixin.py:188} INFO - [2026-05-24T15:44:15.043+0000] {dagbag.py:545} INFO - Filling up the DagBag from /home/varn1t/ml-pipeline/venv/lib/python3.11/site-packages/airflow/example_dags/example_skip_dag.py
[2026-05-24T15:44:15.048+0000] {processor.py:840} INFO - DAG(s) 'example_skip_dag' retrieved from /home/varn1t/ml-pipeline/venv/lib/python3.11/site-packages/airflow/example_dags/example_skip_dag.py
[2026-05-24T15:44:15.061+0000] {logging_mixin.py:188} INFO - [2026-05-24T15:44:15.061+0000] {dag.py:3096} INFO - Sync 1 DAGs
[2026-05-24T15:44:15.073+0000] {logging_mixin.py:188} INFO - [2026-05-24T15:44:15.073+0000] {dag.py:3954} INFO - Setting next_dagrun for example_skip_dag to 2026-05-23 00:00:00+00:00, run_after=2026-05-24 00:00:00+00:00
[2026-05-24T15:44:15.090+0000] {processor.py:183} INFO - Processing /home/varn1t/ml-pipeline/venv/lib/python3.11/site-packages/airflow/example_dags/example_skip_dag.py took 0.054 seconds
[2026-05-24T15:45:14.753+0000] {processor.py:161} INFO - Started process (PID=3503) to work on /home/varn1t/ml-pipeline/venv/lib/python3.11/site-packages/airflow/example_dags/example_skip_dag.py
[2026-05-24T15:45:14.756+0000] {processor.py:830} INFO - Processing file /home/varn1t/ml-pipeline/venv/lib/python3.11/site-packages/airflow/example_dags/example_skip_dag.py for tasks to queue
[2026-05-24T15:45:14.759+0000] {logging_mixin.py:188} INFO - [2026-05-24T15:45:14.759+0000] {dagbag.py:545} INFO - Filling up the DagBag from /home/varn1t/ml-pipeline/venv/lib/python3.11/site-packages/airflow/example_dags/example_skip_dag.py
[2026-05-24T15:45:14.775+0000] {processor.py:840} INFO - DAG(s) 'example_skip_dag' retrieved from /home/varn1t/ml-pipeline/venv/lib/python3.11/site-packages/airflow/example_dags/example_skip_dag.py
[2026-05-24T15:45:14.806+0000] {logging_mixin.py:188} INFO - [2026-05-24T15:45:14.805+0000] {dag.py:3096} INFO - Sync 1 DAGs
[2026-05-24T15:45:14.850+0000] {logging_mixin.py:188} INFO - [2026-05-24T15:45:14.850+0000] {dag.py:3954} INFO - Setting next_dagrun for example_skip_dag to 2026-05-23 00:00:00+00:00, run_after=2026-05-24 00:00:00+00:00
[2026-05-24T15:45:14.885+0000] {processor.py:183} INFO - Processing /home/varn1t/ml-pipeline/venv/lib/python3.11/site-packages/airflow/example_dags/example_skip_dag.py took 0.149 seconds
[2026-05-24T15:46:14.341+0000] {processor.py:161} INFO - Started process (PID=3961) to work on /home/varn1t/ml-pipeline/venv/lib/python3.11/site-packages/airflow/example_dags/example_skip_dag.py
[2026-05-24T15:46:14.343+0000] {processor.py:830} INFO - Processing file /home/varn1t/ml-pipeline/venv/lib/python3.11/site-packages/airflow/example_dags/example_skip_dag.py for tasks to queue
[2026-05-24T15:46:14.346+0000] {logging_mixin.py:188} INFO - [2026-05-24T15:46:14.346+0000] {dagbag.py:545} INFO - Filling up the DagBag from /home/varn1t/ml-pipeline/venv/lib/python3.11/site-packages/airflow/example_dags/example_skip_dag.py
[2026-05-24T15:46:14.376+0000] {processor.py:840} INFO - DAG(s) 'example_skip_dag' retrieved from /home/varn1t/ml-pipeline/venv/lib/python3.11/site-packages/airflow/example_dags/example_skip_dag.py
[2026-05-24T15:46:14.414+0000] {logging_mixin.py:188} INFO - [2026-05-24T15:46:14.414+0000] {dag.py:3096} INFO - Sync 1 DAGs
[2026-05-24T15:46:14.463+0000] {logging_mixin.py:188} INFO - [2026-05-24T15:46:14.462+0000] {dag.py:3954} INFO - Setting next_dagrun for example_skip_dag to 2026-05-23 00:00:00+00:00, run_after=2026-05-24 00:00:00+00:00
[2026-05-24T15:46:14.508+0000] {processor.py:183} INFO - Processing /home/varn1t/ml-pipeline/venv/lib/python3.11/site-packages/airflow/example_dags/example_skip_dag.py took 0.175 seconds
[2026-05-24T15:47:30.758+0000] {processor.py:161} INFO - Started process (PID=4601) to work on /home/varn1t/ml-pipeline/venv/lib/python3.11/site-packages/airflow/example_dags/example_skip_dag.py
[2026-05-24T15:47:30.760+0000] {processor.py:830} INFO - Processing file /home/varn1t/ml-pipeline/venv/lib/python3.11/site-packages/airflow/example_dags/example_skip_dag.py for tasks to queue
[2026-05-24T15:47:30.763+0000] {logging_mixin.py:188} INFO - [2026-05-24T15:47:30.763+0000] {dagbag.py:545} INFO - Filling up the DagBag from /home/varn1t/ml-pipeline/venv/lib/python3.11/site-packages/airflow/example_dags/example_skip_dag.py
[2026-05-24T15:47:30.772+0000] {processor.py:840} INFO - DAG(s) 'example_skip_dag' retrieved from /home/varn1t/ml-pipeline/venv/lib/python3.11/site-packages/airflow/example_dags/example_skip_dag.py
[2026-05-24T15:47:30.799+0000] {logging_mixin.py:188} INFO - [2026-05-24T15:47:30.799+0000] {dag.py:3096} INFO - Sync 1 DAGs
[2026-05-24T15:47:30.821+0000] {logging_mixin.py:188} INFO - [2026-05-24T15:47:30.821+0000] {dag.py:3954} INFO - Setting next_dagrun for example_skip_dag to 2026-05-23 00:00:00+00:00, run_after=2026-05-24 00:00:00+00:00
[2026-05-24T15:47:30.854+0000] {processor.py:183} INFO - Processing /home/varn1t/ml-pipeline/venv/lib/python3.11/site-packages/airflow/example_dags/example_skip_dag.py took 0.106 seconds
[2026-05-24T15:48:23.929+0000] {processor.py:161} INFO - Started process (PID=5020) to work on /home/varn1t/ml-pipeline/venv/lib/python3.11/site-packages/airflow/example_dags/example_skip_dag.py
[2026-05-24T15:48:23.931+0000] {processor.py:830} INFO - Processing file /home/varn1t/ml-pipeline/venv/lib/python3.11/site-packages/airflow/example_dags/example_skip_dag.py for tasks to queue
[2026-05-24T15:48:23.933+0000] {logging_mixin.py:188} INFO - [2026-05-24T15:48:23.933+0000] {dagbag.py:545} INFO - Filling up the DagBag from /home/varn1t/ml-pipeline/venv/lib/python3.11/site-packages/airflow/example_dags/example_skip_dag.py
[2026-05-24T15:48:23.945+0000] {processor.py:840} INFO - DAG(s) 'example_skip_dag' retrieved from /home/varn1t/ml-pipeline/venv/lib/python3.11/site-packages/airflow/example_dags/example_skip_dag.py
[2026-05-24T15:48:23.965+0000] {logging_mixin.py:188} INFO - [2026-05-24T15:48:23.964+0000] {dag.py:3096} INFO - Sync 1 DAGs
[2026-05-24T15:48:23.981+0000] {logging_mixin.py:188} INFO - [2026-05-24T15:48:23.980+0000] {dag.py:3954} INFO - Setting next_dagrun for example_skip_dag to 2026-05-23 00:00:00+00:00, run_after=2026-05-24 00:00:00+00:00
[2026-05-24T15:48:24.008+0000] {processor.py:183} INFO - Processing /home/varn1t/ml-pipeline/venv/lib/python3.11/site-packages/airflow/example_dags/example_skip_dag.py took 0.088 seconds
[2026-05-24T15:49:34.209+0000] {processor.py:161} INFO - Started process (PID=5530) to work on /home/varn1t/ml-pipeline/venv/lib/python3.11/site-packages/airflow/example_dags/example_skip_dag.py
[2026-05-24T15:49:34.210+0000] {processor.py:830} INFO - Processing file /home/varn1t/ml-pipeline/venv/lib/python3.11/site-packages/airflow/example_dags/example_skip_dag.py for tasks to queue
[2026-05-24T15:49:34.211+0000] {logging_mixin.py:188} INFO - [2026-05-24T15:49:34.211+0000] {dagbag.py:545} INFO - Filling up the DagBag from /home/varn1t/ml-pipeline/venv/lib/python3.11/site-packages/airflow/example_dags/example_skip_dag.py
[2026-05-24T15:49:34.217+0000] {processor.py:840} INFO - DAG(s) 'example_skip_dag' retrieved from /home/varn1t/ml-pipeline/venv/lib/python3.11/site-packages/airflow/example_dags/example_skip_dag.py
[2026-05-24T15:49:34.232+0000] {logging_mixin.py:188} INFO - [2026-05-24T15:49:34.232+0000] {dag.py:3096} INFO - Sync 1 DAGs
[2026-05-24T15:49:34.245+0000] {logging_mixin.py:188} INFO - [2026-05-24T15:49:34.245+0000] {dag.py:3954} INFO - Setting next_dagrun for example_skip_dag to 2026-05-23 00:00:00+00:00, run_after=2026-05-24 00:00:00+00:00
[2026-05-24T15:49:34.267+0000] {processor.py:183} INFO - Processing /home/varn1t/ml-pipeline/venv/lib/python3.11/site-packages/airflow/example_dags/example_skip_dag.py took 0.063 seconds
[2026-05-24T15:50:36.315+0000] {processor.py:161} INFO - Started process (PID=6104) to work on /home/varn1t/ml-pipeline/venv/lib/python3.11/site-packages/airflow/example_dags/example_skip_dag.py
[2026-05-24T15:50:36.316+0000] {processor.py:830} INFO - Processing file /home/varn1t/ml-pipeline/venv/lib/python3.11/site-packages/airflow/example_dags/example_skip_dag.py for tasks to queue
[2026-05-24T15:50:36.317+0000] {logging_mixin.py:188} INFO - [2026-05-24T15:50:36.317+0000] {dagbag.py:545} INFO - Filling up the DagBag from /home/varn1t/ml-pipeline/venv/lib/python3.11/site-packages/airflow/example_dags/example_skip_dag.py
[2026-05-24T15:50:36.323+0000] {processor.py:840} INFO - DAG(s) 'example_skip_dag' retrieved from /home/varn1t/ml-pipeline/venv/lib/python3.11/site-packages/airflow/example_dags/example_skip_dag.py
[2026-05-24T15:50:36.335+0000] {logging_mixin.py:188} INFO - [2026-05-24T15:50:36.335+0000] {dag.py:3096} INFO - Sync 1 DAGs
[2026-05-24T15:50:36.349+0000] {logging_mixin.py:188} INFO - [2026-05-24T15:50:36.349+0000] {dag.py:3954} INFO - Setting next_dagrun for example_skip_dag to 2026-05-23 00:00:00+00:00, run_after=2026-05-24 00:00:00+00:00
[2026-05-24T15:50:36.366+0000] {processor.py:183} INFO - Processing /home/varn1t/ml-pipeline/venv/lib/python3.11/site-packages/airflow/example_dags/example_skip_dag.py took 0.056 seconds
[2026-05-24T15:51:43.642+0000] {processor.py:161} INFO - Started process (PID=6750) to work on /home/varn1t/ml-pipeline/venv/lib/python3.11/site-packages/airflow/example_dags/example_skip_dag.py
[2026-05-24T15:51:43.643+0000] {processor.py:830} INFO - Processing file /home/varn1t/ml-pipeline/venv/lib/python3.11/site-packages/airflow/example_dags/example_skip_dag.py for tasks to queue
[2026-05-24T15:51:43.646+0000] {logging_mixin.py:188} INFO - [2026-05-24T15:51:43.645+0000] {dagbag.py:545} INFO - Filling up the DagBag from /home/varn1t/ml-pipeline/venv/lib/python3.11/site-packages/airflow/example_dags/example_skip_dag.py
[2026-05-24T15:51:43.656+0000] {processor.py:840} INFO - DAG(s) 'example_skip_dag' retrieved from /home/varn1t/ml-pipeline/venv/lib/python3.11/site-packages/airflow/example_dags/example_skip_dag.py
[2026-05-24T15:51:43.686+0000] {logging_mixin.py:188} INFO - [2026-05-24T15:51:43.685+0000] {dag.py:3096} INFO - Sync 1 DAGs
[2026-05-24T15:51:43.723+0000] {logging_mixin.py:188} INFO - [2026-05-24T15:51:43.723+0000] {dag.py:3954} INFO - Setting next_dagrun for example_skip_dag to 2026-05-23 00:00:00+00:00, run_after=2026-05-24 00:00:00+00:00
[2026-05-24T15:51:43.758+0000] {processor.py:183} INFO - Processing /home/varn1t/ml-pipeline/venv/lib/python3.11/site-packages/airflow/example_dags/example_skip_dag.py took 0.129 seconds
[2026-05-24T15:52:51.220+0000] {processor.py:161} INFO - Started process (PID=7193) to work on /home/varn1t/ml-pipeline/venv/lib/python3.11/site-packages/airflow/example_dags/example_skip_dag.py
[2026-05-24T15:52:51.221+0000] {processor.py:830} INFO - Processing file /home/varn1t/ml-pipeline/venv/lib/python3.11/site-packages/airflow/example_dags/example_skip_dag.py for tasks to queue
[2026-05-24T15:52:51.223+0000] {logging_mixin.py:188} INFO - [2026-05-24T15:52:51.222+0000] {dagbag.py:545} INFO - Filling up the DagBag from /home/varn1t/ml-pipeline/venv/lib/python3.11/site-packages/airflow/example_dags/example_skip_dag.py
[2026-05-24T15:52:51.230+0000] {processor.py:840} INFO - DAG(s) 'example_skip_dag' retrieved from /home/varn1t/ml-pipeline/venv/lib/python3.11/site-packages/airflow/example_dags/example_skip_dag.py
[2026-05-24T15:52:51.246+0000] {logging_mixin.py:188} INFO - [2026-05-24T15:52:51.246+0000] {dag.py:3096} INFO - Sync 1 DAGs
[2026-05-24T15:52:51.263+0000] {logging_mixin.py:188} INFO - [2026-05-24T15:52:51.263+0000] {dag.py:3954} INFO - Setting next_dagrun for example_skip_dag to 2026-05-23 00:00:00+00:00, run_after=2026-05-24 00:00:00+00:00
[2026-05-24T15:52:51.295+0000] {processor.py:183} INFO - Processing /home/varn1t/ml-pipeline/venv/lib/python3.11/site-packages/airflow/example_dags/example_skip_dag.py took 0.080 seconds
[2026-05-24T15:54:03.528+0000] {processor.py:161} INFO - Started process (PID=8029) to work on /home/varn1t/ml-pipeline/venv/lib/python3.11/site-packages/airflow/example_dags/example_skip_dag.py
[2026-05-24T15:54:03.529+0000] {processor.py:830} INFO - Processing file /home/varn1t/ml-pipeline/venv/lib/python3.11/site-packages/airflow/example_dags/example_skip_dag.py for tasks to queue
[2026-05-24T15:54:03.530+0000] {logging_mixin.py:188} INFO - [2026-05-24T15:54:03.530+0000] {dagbag.py:545} INFO - Filling up the DagBag from /home/varn1t/ml-pipeline/venv/lib/python3.11/site-packages/airflow/example_dags/example_skip_dag.py
[2026-05-24T15:54:03.536+0000] {processor.py:840} INFO - DAG(s) 'example_skip_dag' retrieved from /home/varn1t/ml-pipeline/venv/lib/python3.11/site-packages/airflow/example_dags/example_skip_dag.py
[2026-05-24T15:54:03.548+0000] {logging_mixin.py:188} INFO - [2026-05-24T15:54:03.548+0000] {dag.py:3096} INFO - Sync 1 DAGs
[2026-05-24T15:54:03.562+0000] {logging_mixin.py:188} INFO - [2026-05-24T15:54:03.561+0000] {dag.py:3954} INFO - Setting next_dagrun for example_skip_dag to 2026-05-23 00:00:00+00:00, run_after=2026-05-24 00:00:00+00:00
[2026-05-24T15:54:03.578+0000] {processor.py:183} INFO - Processing /home/varn1t/ml-pipeline/venv/lib/python3.11/site-packages/airflow/example_dags/example_skip_dag.py took 0.055 seconds
[2026-05-24T15:55:09.959+0000] {processor.py:161} INFO - Started process (PID=8678) to work on /home/varn1t/ml-pipeline/venv/lib/python3.11/site-packages/airflow/example_dags/example_skip_dag.py
[2026-05-24T15:55:09.960+0000] {processor.py:830} INFO - Processing file /home/varn1t/ml-pipeline/venv/lib/python3.11/site-packages/airflow/example_dags/example_skip_dag.py for tasks to queue
[2026-05-24T15:55:09.961+0000] {logging_mixin.py:188} INFO - [2026-05-24T15:55:09.961+0000] {dagbag.py:545} INFO - Filling up the DagBag from /home/varn1t/ml-pipeline/venv/lib/python3.11/site-packages/airflow/example_dags/example_skip_dag.py
[2026-05-24T15:55:09.967+0000] {processor.py:840} INFO - DAG(s) 'example_skip_dag' retrieved from /home/varn1t/ml-pipeline/venv/lib/python3.11/site-packages/airflow/example_dags/example_skip_dag.py
[2026-05-24T15:55:09.985+0000] {logging_mixin.py:188} INFO - [2026-05-24T15:55:09.984+0000] {dag.py:3096} INFO - Sync 1 DAGs
[2026-05-24T15:55:10.001+0000] {logging_mixin.py:188} INFO - [2026-05-24T15:55:10.001+0000] {dag.py:3954} INFO - Setting next_dagrun for example_skip_dag to 2026-05-23 00:00:00+00:00, run_after=2026-05-24 00:00:00+00:00
[2026-05-24T15:55:10.027+0000] {processor.py:183} INFO - Processing /home/varn1t/ml-pipeline/venv/lib/python3.11/site-packages/airflow/example_dags/example_skip_dag.py took 0.074 seconds
[2026-05-24T15:56:17.115+0000] {processor.py:161} INFO - Started process (PID=9231) to work on /home/varn1t/ml-pipeline/venv/lib/python3.11/site-packages/airflow/example_dags/example_skip_dag.py
[2026-05-24T15:56:17.116+0000] {processor.py:830} INFO - Processing file /home/varn1t/ml-pipeline/venv/lib/python3.11/site-packages/airflow/example_dags/example_skip_dag.py for tasks to queue
[2026-05-24T15:56:17.118+0000] {logging_mixin.py:188} INFO - [2026-05-24T15:56:17.117+0000] {dagbag.py:545} INFO - Filling up the DagBag from /home/varn1t/ml-pipeline/venv/lib/python3.11/site-packages/airflow/example_dags/example_skip_dag.py
[2026-05-24T15:56:17.124+0000] {processor.py:840} INFO - DAG(s) 'example_skip_dag' retrieved from /home/varn1t/ml-pipeline/venv/lib/python3.11/site-packages/airflow/example_dags/example_skip_dag.py
[2026-05-24T15:56:17.140+0000] {logging_mixin.py:188} INFO - [2026-05-24T15:56:17.140+0000] {dag.py:3096} INFO - Sync 1 DAGs
[2026-05-24T15:56:17.156+0000] {logging_mixin.py:188} INFO - [2026-05-24T15:56:17.156+0000] {dag.py:3954} INFO - Setting next_dagrun for example_skip_dag to 2026-05-23 00:00:00+00:00, run_after=2026-05-24 00:00:00+00:00
[2026-05-24T15:56:17.181+0000] {processor.py:183} INFO - Processing /home/varn1t/ml-pipeline/venv/lib/python3.11/site-packages/airflow/example_dags/example_skip_dag.py took 0.071 seconds
[2026-05-24T15:57:25.076+0000] {processor.py:161} INFO - Started process (PID=10090) to work on /home/varn1t/ml-pipeline/venv/lib/python3.11/site-packages/airflow/example_dags/example_skip_dag.py
[2026-05-24T15:57:25.077+0000] {processor.py:830} INFO - Processing file /home/varn1t/ml-pipeline/venv/lib/python3.11/site-packages/airflow/example_dags/example_skip_dag.py for tasks to queue
[2026-05-24T15:57:25.079+0000] {logging_mixin.py:188} INFO - [2026-05-24T15:57:25.078+0000] {dagbag.py:545} INFO - Filling up the DagBag from /home/varn1t/ml-pipeline/venv/lib/python3.11/site-packages/airflow/example_dags/example_skip_dag.py
[2026-05-24T15:57:25.084+0000] {processor.py:840} INFO - DAG(s) 'example_skip_dag' retrieved from /home/varn1t/ml-pipeline/venv/lib/python3.11/site-packages/airflow/example_dags/example_skip_dag.py
[2026-05-24T15:57:25.095+0000] {logging_mixin.py:188} INFO - [2026-05-24T15:57:25.095+0000] {dag.py:3096} INFO - Sync 1 DAGs
[2026-05-24T15:57:25.106+0000] {logging_mixin.py:188} INFO - [2026-05-24T15:57:25.106+0000] {dag.py:3954} INFO - Setting next_dagrun for example_skip_dag to 2026-05-23 00:00:00+00:00, run_after=2026-05-24 00:00:00+00:00
[2026-05-24T15:57:25.125+0000] {processor.py:183} INFO - Processing /home/varn1t/ml-pipeline/venv/lib/python3.11/site-packages/airflow/example_dags/example_skip_dag.py took 0.054 seconds
[2026-05-24T15:58:35.649+0000] {processor.py:161} INFO - Started process (PID=10690) to work on /home/varn1t/ml-pipeline/venv/lib/python3.11/site-packages/airflow/example_dags/example_skip_dag.py
[2026-05-24T15:58:35.650+0000] {processor.py:830} INFO - Processing file /home/varn1t/ml-pipeline/venv/lib/python3.11/site-packages/airflow/example_dags/example_skip_dag.py for tasks to queue
[2026-05-24T15:58:35.654+0000] {logging_mixin.py:188} INFO - [2026-05-24T15:58:35.653+0000] {dagbag.py:545} INFO - Filling up the DagBag from /home/varn1t/ml-pipeline/venv/lib/python3.11/site-packages/airflow/example_dags/example_skip_dag.py
[2026-05-24T15:58:35.669+0000] {processor.py:840} INFO - DAG(s) 'example_skip_dag' retrieved from /home/varn1t/ml-pipeline/venv/lib/python3.11/site-packages/airflow/example_dags/example_skip_dag.py
[2026-05-24T15:58:35.687+0000] {logging_mixin.py:188} INFO - [2026-05-24T15:58:35.687+0000] {dag.py:3096} INFO - Sync 1 DAGs
[2026-05-24T15:58:35.712+0000] {logging_mixin.py:188} INFO - [2026-05-24T15:58:35.711+0000] {dag.py:3954} INFO - Setting next_dagrun for example_skip_dag to 2026-05-23 00:00:00+00:00, run_after=2026-05-24 00:00:00+00:00
[2026-05-24T15:58:35.732+0000] {processor.py:183} INFO - Processing /home/varn1t/ml-pipeline/venv/lib/python3.11/site-packages/airflow/example_dags/example_skip_dag.py took 0.096 seconds
[2026-05-24T15:59:51.380+0000] {processor.py:161} INFO - Started process (PID=11204) to work on /home/varn1t/ml-pipeline/venv/lib/python3.11/site-packages/airflow/example_dags/example_skip_dag.py
[2026-05-24T15:59:51.381+0000] {processor.py:830} INFO - Processing file /home/varn1t/ml-pipeline/venv/lib/python3.11/site-packages/airflow/example_dags/example_skip_dag.py for tasks to queue
[2026-05-24T15:59:51.383+0000] {logging_mixin.py:188} INFO - [2026-05-24T15:59:51.382+0000] {dagbag.py:545} INFO - Filling up the DagBag from /home/varn1t/ml-pipeline/venv/lib/python3.11/site-packages/airflow/example_dags/example_skip_dag.py
[2026-05-24T15:59:51.390+0000] {processor.py:840} INFO - DAG(s) 'example_skip_dag' retrieved from /home/varn1t/ml-pipeline/venv/lib/python3.11/site-packages/airflow/example_dags/example_skip_dag.py
[2026-05-24T15:59:51.402+0000] {logging_mixin.py:188} INFO - [2026-05-24T15:59:51.402+0000] {dag.py:3096} INFO - Sync 1 DAGs
[2026-05-24T15:59:51.413+0000] {logging_mixin.py:188} INFO - [2026-05-24T15:59:51.413+0000] {dag.py:3954} INFO - Setting next_dagrun for example_skip_dag to 2026-05-23 00:00:00+00:00, run_after=2026-05-24 00:00:00+00:00
[2026-05-24T15:59:51.430+0000] {processor.py:183} INFO - Processing /home/varn1t/ml-pipeline/venv/lib/python3.11/site-packages/airflow/example_dags/example_skip_dag.py took 0.054 seconds
[2026-05-24T16:00:54.497+0000] {processor.py:161} INFO - Started process (PID=11470) to work on /home/varn1t/ml-pipeline/venv/lib/python3.11/site-packages/airflow/example_dags/example_skip_dag.py
[2026-05-24T16:00:54.498+0000] {processor.py:830} INFO - Processing file /home/varn1t/ml-pipeline/venv/lib/python3.11/site-packages/airflow/example_dags/example_skip_dag.py for tasks to queue
[2026-05-24T16:00:54.500+0000] {logging_mixin.py:188} INFO - [2026-05-24T16:00:54.500+0000] {dagbag.py:545} INFO - Filling up the DagBag from /home/varn1t/ml-pipeline/venv/lib/python3.11/site-packages/airflow/example_dags/example_skip_dag.py
[2026-05-24T16:00:54.505+0000] {processor.py:840} INFO - DAG(s) 'example_skip_dag' retrieved from /home/varn1t/ml-pipeline/venv/lib/python3.11/site-packages/airflow/example_dags/example_skip_dag.py
[2026-05-24T16:00:54.517+0000] {logging_mixin.py:188} INFO - [2026-05-24T16:00:54.517+0000] {dag.py:3096} INFO - Sync 1 DAGs
[2026-05-24T16:00:54.529+0000] {logging_mixin.py:188} INFO - [2026-05-24T16:00:54.528+0000] {dag.py:3954} INFO - Setting next_dagrun for example_skip_dag to 2026-05-23 00:00:00+00:00, run_after=2026-05-24 00:00:00+00:00
[2026-05-24T16:00:54.547+0000] {processor.py:183} INFO - Processing /home/varn1t/ml-pipeline/venv/lib/python3.11/site-packages/airflow/example_dags/example_skip_dag.py took 0.055 seconds
[2026-05-24T16:01:54.017+0000] {processor.py:161} INFO - Started process (PID=11763) to work on /home/varn1t/ml-pipeline/venv/lib/python3.11/site-packages/airflow/example_dags/example_skip_dag.py
[2026-05-24T16:01:54.018+0000] {processor.py:830} INFO - Processing file /home/varn1t/ml-pipeline/venv/lib/python3.11/site-packages/airflow/example_dags/example_skip_dag.py for tasks to queue
[2026-05-24T16:01:54.020+0000] {logging_mixin.py:188} INFO - [2026-05-24T16:01:54.019+0000] {dagbag.py:545} INFO - Filling up the DagBag from /home/varn1t/ml-pipeline/venv/lib/python3.11/site-packages/airflow/example_dags/example_skip_dag.py
[2026-05-24T16:01:54.026+0000] {processor.py:840} INFO - DAG(s) 'example_skip_dag' retrieved from /home/varn1t/ml-pipeline/venv/lib/python3.11/site-packages/airflow/example_dags/example_skip_dag.py
[2026-05-24T16:01:54.040+0000] {logging_mixin.py:188} INFO - [2026-05-24T16:01:54.039+0000] {dag.py:3096} INFO - Sync 1 DAGs
[2026-05-24T16:01:54.056+0000] {logging_mixin.py:188} INFO - [2026-05-24T16:01:54.056+0000] {dag.py:3954} INFO - Setting next_dagrun for example_skip_dag to 2026-05-23 00:00:00+00:00, run_after=2026-05-24 00:00:00+00:00
[2026-05-24T16:01:54.076+0000] {processor.py:183} INFO - Processing /home/varn1t/ml-pipeline/venv/lib/python3.11/site-packages/airflow/example_dags/example_skip_dag.py took 0.064 seconds
[2026-05-24T16:04:06.373+0000] {processor.py:161} INFO - Started process (PID=14050) to work on /home/varn1t/ml-pipeline/venv/lib/python3.11/site-packages/airflow/example_dags/example_skip_dag.py
[2026-05-24T16:04:06.374+0000] {processor.py:830} INFO - Processing file /home/varn1t/ml-pipeline/venv/lib/python3.11/site-packages/airflow/example_dags/example_skip_dag.py for tasks to queue
[2026-05-24T16:04:06.376+0000] {logging_mixin.py:188} INFO - [2026-05-24T16:04:06.376+0000] {dagbag.py:545} INFO - Filling up the DagBag from /home/varn1t/ml-pipeline/venv/lib/python3.11/site-packages/airflow/example_dags/example_skip_dag.py
[2026-05-24T16:04:06.381+0000] {processor.py:840} INFO - DAG(s) 'example_skip_dag' retrieved from /home/varn1t/ml-pipeline/venv/lib/python3.11/site-packages/airflow/example_dags/example_skip_dag.py
[2026-05-24T16:04:06.392+0000] {logging_mixin.py:188} INFO - [2026-05-24T16:04:06.392+0000] {dag.py:3096} INFO - Sync 1 DAGs
[2026-05-24T16:04:06.405+0000] {logging_mixin.py:188} INFO - [2026-05-24T16:04:06.404+0000] {dag.py:3954} INFO - Setting next_dagrun for example_skip_dag to 2026-05-23 00:00:00+00:00, run_after=2026-05-24 00:00:00+00:00
[2026-05-24T16:04:06.421+0000] {processor.py:183} INFO - Processing /home/varn1t/ml-pipeline/venv/lib/python3.11/site-packages/airflow/example_dags/example_skip_dag.py took 0.053 seconds
[2026-05-24T16:05:12.766+0000] {processor.py:161} INFO - Started process (PID=14346) to work on /home/varn1t/ml-pipeline/venv/lib/python3.11/site-packages/airflow/example_dags/example_skip_dag.py
[2026-05-24T16:05:12.767+0000] {processor.py:830} INFO - Processing file /home/varn1t/ml-pipeline/venv/lib/python3.11/site-packages/airflow/example_dags/example_skip_dag.py for tasks to queue
[2026-05-24T16:05:12.768+0000] {logging_mixin.py:188} INFO - [2026-05-24T16:05:12.768+0000] {dagbag.py:545} INFO - Filling up the DagBag from /home/varn1t/ml-pipeline/venv/lib/python3.11/site-packages/airflow/example_dags/example_skip_dag.py
[2026-05-24T16:05:12.775+0000] {processor.py:840} INFO - DAG(s) 'example_skip_dag' retrieved from /home/varn1t/ml-pipeline/venv/lib/python3.11/site-packages/airflow/example_dags/example_skip_dag.py
[2026-05-24T16:05:12.791+0000] {logging_mixin.py:188} INFO - [2026-05-24T16:05:12.790+0000] {dag.py:3096} INFO - Sync 1 DAGs
[2026-05-24T16:05:12.809+0000] {logging_mixin.py:188} INFO - [2026-05-24T16:05:12.809+0000] {dag.py:3954} INFO - Setting next_dagrun for example_skip_dag to 2026-05-23 00:00:00+00:00, run_after=2026-05-24 00:00:00+00:00
[2026-05-24T16:05:12.831+0000] {processor.py:183} INFO - Processing /home/varn1t/ml-pipeline/venv/lib/python3.11/site-packages/airflow/example_dags/example_skip_dag.py took 0.070 seconds
[2026-05-24T16:06:15.814+0000] {processor.py:161} INFO - Started process (PID=14608) to work on /home/varn1t/ml-pipeline/venv/lib/python3.11/site-packages/airflow/example_dags/example_skip_dag.py
[2026-05-24T16:06:15.816+0000] {processor.py:830} INFO - Processing file /home/varn1t/ml-pipeline/venv/lib/python3.11/site-packages/airflow/example_dags/example_skip_dag.py for tasks to queue
[2026-05-24T16:06:15.818+0000] {logging_mixin.py:188} INFO - [2026-05-24T16:06:15.817+0000] {dagbag.py:545} INFO - Filling up the DagBag from /home/varn1t/ml-pipeline/venv/lib/python3.11/site-packages/airflow/example_dags/example_skip_dag.py
[2026-05-24T16:06:15.823+0000] {processor.py:840} INFO - DAG(s) 'example_skip_dag' retrieved from /home/varn1t/ml-pipeline/venv/lib/python3.11/site-packages/airflow/example_dags/example_skip_dag.py
[2026-05-24T16:06:15.836+0000] {logging_mixin.py:188} INFO - [2026-05-24T16:06:15.836+0000] {dag.py:3096} INFO - Sync 1 DAGs
[2026-05-24T16:06:15.851+0000] {logging_mixin.py:188} INFO - [2026-05-24T16:06:15.851+0000] {dag.py:3954} INFO - Setting next_dagrun for example_skip_dag to 2026-05-23 00:00:00+00:00, run_after=2026-05-24 00:00:00+00:00
[2026-05-24T16:06:15.869+0000] {processor.py:183} INFO - Processing /home/varn1t/ml-pipeline/venv/lib/python3.11/site-packages/airflow/example_dags/example_skip_dag.py took 0.061 seconds
[2026-05-24T16:07:15.586+0000] {processor.py:161} INFO - Started process (PID=14905) to work on /home/varn1t/ml-pipeline/venv/lib/python3.11/site-packages/airflow/example_dags/example_skip_dag.py
[2026-05-24T16:07:15.587+0000] {processor.py:830} INFO - Processing file /home/varn1t/ml-pipeline/venv/lib/python3.11/site-packages/airflow/example_dags/example_skip_dag.py for tasks to queue
[2026-05-24T16:07:15.589+0000] {logging_mixin.py:188} INFO - [2026-05-24T16:07:15.589+0000] {dagbag.py:545} INFO - Filling up the DagBag from /home/varn1t/ml-pipeline/venv/lib/python3.11/site-packages/airflow/example_dags/example_skip_dag.py
[2026-05-24T16:07:15.594+0000] {processor.py:840} INFO - DAG(s) 'example_skip_dag' retrieved from /home/varn1t/ml-pipeline/venv/lib/python3.11/site-packages/airflow/example_dags/example_skip_dag.py
[2026-05-24T16:07:15.606+0000] {logging_mixin.py:188} INFO - [2026-05-24T16:07:15.606+0000] {dag.py:3096} INFO - Sync 1 DAGs
[2026-05-24T16:07:15.618+0000] {logging_mixin.py:188} INFO - [2026-05-24T16:07:15.618+0000] {dag.py:3954} INFO - Setting next_dagrun for example_skip_dag to 2026-05-23 00:00:00+00:00, run_after=2026-05-24 00:00:00+00:00
[2026-05-24T16:07:15.637+0000] {processor.py:183} INFO - Processing /home/varn1t/ml-pipeline/venv/lib/python3.11/site-packages/airflow/example_dags/example_skip_dag.py took 0.056 seconds
[2026-05-24T16:08:16.121+0000] {processor.py:161} INFO - Started process (PID=15190) to work on /home/varn1t/ml-pipeline/venv/lib/python3.11/site-packages/airflow/example_dags/example_skip_dag.py
[2026-05-24T16:08:16.122+0000] {processor.py:830} INFO - Processing file /home/varn1t/ml-pipeline/venv/lib/python3.11/site-packages/airflow/example_dags/example_skip_dag.py for tasks to queue
[2026-05-24T16:08:16.123+0000] {logging_mixin.py:188} INFO - [2026-05-24T16:08:16.123+0000] {dagbag.py:545} INFO - Filling up the DagBag from /home/varn1t/ml-pipeline/venv/lib/python3.11/site-packages/airflow/example_dags/example_skip_dag.py
[2026-05-24T16:08:16.129+0000] {processor.py:840} INFO - DAG(s) 'example_skip_dag' retrieved from /home/varn1t/ml-pipeline/venv/lib/python3.11/site-packages/airflow/example_dags/example_skip_dag.py
[2026-05-24T16:08:16.140+0000] {logging_mixin.py:188} INFO - [2026-05-24T16:08:16.140+0000] {dag.py:3096} INFO - Sync 1 DAGs
[2026-05-24T16:08:16.152+0000] {logging_mixin.py:188} INFO - [2026-05-24T16:08:16.152+0000] {dag.py:3954} INFO - Setting next_dagrun for example_skip_dag to 2026-05-23 00:00:00+00:00, run_after=2026-05-24 00:00:00+00:00
[2026-05-24T16:08:16.169+0000] {processor.py:183} INFO - Processing /home/varn1t/ml-pipeline/venv/lib/python3.11/site-packages/airflow/example_dags/example_skip_dag.py took 0.053 seconds
[2026-05-24T16:09:22.893+0000] {processor.py:161} INFO - Started process (PID=15532) to work on /home/varn1t/ml-pipeline/venv/lib/python3.11/site-packages/airflow/example_dags/example_skip_dag.py
[2026-05-24T16:09:22.894+0000] {processor.py:830} INFO - Processing file /home/varn1t/ml-pipeline/venv/lib/python3.11/site-packages/airflow/example_dags/example_skip_dag.py for tasks to queue
[2026-05-24T16:09:22.895+0000] {logging_mixin.py:188} INFO - [2026-05-24T16:09:22.895+0000] {dagbag.py:545} INFO - Filling up the DagBag from /home/varn1t/ml-pipeline/venv/lib/python3.11/site-packages/airflow/example_dags/example_skip_dag.py
[2026-05-24T16:09:22.901+0000] {processor.py:840} INFO - DAG(s) 'example_skip_dag' retrieved from /home/varn1t/ml-pipeline/venv/lib/python3.11/site-packages/airflow/example_dags/example_skip_dag.py
[2026-05-24T16:09:22.915+0000] {logging_mixin.py:188} INFO - [2026-05-24T16:09:22.915+0000] {dag.py:3096} INFO - Sync 1 DAGs
[2026-05-24T16:09:22.933+0000] {logging_mixin.py:188} INFO - [2026-05-24T16:09:22.933+0000] {dag.py:3954} INFO - Setting next_dagrun for example_skip_dag to 2026-05-23 00:00:00+00:00, run_after=2026-05-24 00:00:00+00:00
[2026-05-24T16:09:22.956+0000] {processor.py:183} INFO - Processing /home/varn1t/ml-pipeline/venv/lib/python3.11/site-packages/airflow/example_dags/example_skip_dag.py took 0.068 seconds
[2026-05-24T16:10:26.827+0000] {processor.py:161} INFO - Started process (PID=15805) to work on /home/varn1t/ml-pipeline/venv/lib/python3.11/site-packages/airflow/example_dags/example_skip_dag.py
[2026-05-24T16:10:26.827+0000] {processor.py:830} INFO - Processing file /home/varn1t/ml-pipeline/venv/lib/python3.11/site-packages/airflow/example_dags/example_skip_dag.py for tasks to queue
[2026-05-24T16:10:26.829+0000] {logging_mixin.py:188} INFO - [2026-05-24T16:10:26.829+0000] {dagbag.py:545} INFO - Filling up the DagBag from /home/varn1t/ml-pipeline/venv/lib/python3.11/site-packages/airflow/example_dags/example_skip_dag.py
[2026-05-24T16:10:26.835+0000] {processor.py:840} INFO - DAG(s) 'example_skip_dag' retrieved from /home/varn1t/ml-pipeline/venv/lib/python3.11/site-packages/airflow/example_dags/example_skip_dag.py
[2026-05-24T16:10:26.847+0000] {logging_mixin.py:188} INFO - [2026-05-24T16:10:26.847+0000] {dag.py:3096} INFO - Sync 1 DAGs
[2026-05-24T16:10:26.859+0000] {logging_mixin.py:188} INFO - [2026-05-24T16:10:26.859+0000] {dag.py:3954} INFO - Setting next_dagrun for example_skip_dag to 2026-05-23 00:00:00+00:00, run_after=2026-05-24 00:00:00+00:00
[2026-05-24T16:10:26.877+0000] {processor.py:183} INFO - Processing /home/varn1t/ml-pipeline/venv/lib/python3.11/site-packages/airflow/example_dags/example_skip_dag.py took 0.056 seconds
[2026-05-24T16:11:32.663+0000] {processor.py:161} INFO - Started process (PID=16124) to work on /home/varn1t/ml-pipeline/venv/lib/python3.11/site-packages/airflow/example_dags/example_skip_dag.py
[2026-05-24T16:11:32.664+0000] {processor.py:830} INFO - Processing file /home/varn1t/ml-pipeline/venv/lib/python3.11/site-packages/airflow/example_dags/example_skip_dag.py for tasks to queue
[2026-05-24T16:11:32.666+0000] {logging_mixin.py:188} INFO - [2026-05-24T16:11:32.665+0000] {dagbag.py:545} INFO - Filling up the DagBag from /home/varn1t/ml-pipeline/venv/lib/python3.11/site-packages/airflow/example_dags/example_skip_dag.py
[2026-05-24T16:11:32.671+0000] {processor.py:840} INFO - DAG(s) 'example_skip_dag' retrieved from /home/varn1t/ml-pipeline/venv/lib/python3.11/site-packages/airflow/example_dags/example_skip_dag.py
[2026-05-24T16:11:32.684+0000] {logging_mixin.py:188} INFO - [2026-05-24T16:11:32.683+0000] {dag.py:3096} INFO - Sync 1 DAGs
[2026-05-24T16:11:32.698+0000] {logging_mixin.py:188} INFO - [2026-05-24T16:11:32.697+0000] {dag.py:3954} INFO - Setting next_dagrun for example_skip_dag to 2026-05-23 00:00:00+00:00, run_after=2026-05-24 00:00:00+00:00
[2026-05-24T16:11:32.715+0000] {processor.py:183} INFO - Processing /home/varn1t/ml-pipeline/venv/lib/python3.11/site-packages/airflow/example_dags/example_skip_dag.py took 0.057 seconds
[2026-05-24T16:12:37.399+0000] {processor.py:161} INFO - Started process (PID=16394) to work on /home/varn1t/ml-pipeline/venv/lib/python3.11/site-packages/airflow/example_dags/example_skip_dag.py
[2026-05-24T16:12:37.400+0000] {processor.py:830} INFO - Processing file /home/varn1t/ml-pipeline/venv/lib/python3.11/site-packages/airflow/example_dags/example_skip_dag.py for tasks to queue
[2026-05-24T16:12:37.401+0000] {logging_mixin.py:188} INFO - [2026-05-24T16:12:37.401+0000] {dagbag.py:545} INFO - Filling up the DagBag from /home/varn1t/ml-pipeline/venv/lib/python3.11/site-packages/airflow/example_dags/example_skip_dag.py
[2026-05-24T16:12:37.408+0000] {processor.py:840} INFO - DAG(s) 'example_skip_dag' retrieved from /home/varn1t/ml-pipeline/venv/lib/python3.11/site-packages/airflow/example_dags/example_skip_dag.py
[2026-05-24T16:12:37.422+0000] {logging_mixin.py:188} INFO - [2026-05-24T16:12:37.421+0000] {dag.py:3096} INFO - Sync 1 DAGs
[2026-05-24T16:12:37.435+0000] {logging_mixin.py:188} INFO - [2026-05-24T16:12:37.435+0000] {dag.py:3954} INFO - Setting next_dagrun for example_skip_dag to 2026-05-23 00:00:00+00:00, run_after=2026-05-24 00:00:00+00:00
[2026-05-24T16:12:37.456+0000] {processor.py:183} INFO - Processing /home/varn1t/ml-pipeline/venv/lib/python3.11/site-packages/airflow/example_dags/example_skip_dag.py took 0.061 seconds
[2026-05-24T16:13:41.093+0000] {processor.py:161} INFO - Started process (PID=16680) to work on /home/varn1t/ml-pipeline/venv/lib/python3.11/site-packages/airflow/example_dags/example_skip_dag.py
[2026-05-24T16:13:41.094+0000] {processor.py:830} INFO - Processing file /home/varn1t/ml-pipeline/venv/lib/python3.11/site-packages/airflow/example_dags/example_skip_dag.py for tasks to queue
[2026-05-24T16:13:41.095+0000] {logging_mixin.py:188} INFO - [2026-05-24T16:13:41.095+0000] {dagbag.py:545} INFO - Filling up the DagBag from /home/varn1t/ml-pipeline/venv/lib/python3.11/site-packages/airflow/example_dags/example_skip_dag.py
[2026-05-24T16:13:41.100+0000] {processor.py:840} INFO - DAG(s) 'example_skip_dag' retrieved from /home/varn1t/ml-pipeline/venv/lib/python3.11/site-packages/airflow/example_dags/example_skip_dag.py
[2026-05-24T16:13:41.110+0000] {logging_mixin.py:188} INFO - [2026-05-24T16:13:41.110+0000] {dag.py:3096} INFO - Sync 1 DAGs
[2026-05-24T16:13:41.120+0000] {logging_mixin.py:188} INFO - [2026-05-24T16:13:41.120+0000] {dag.py:3954} INFO - Setting next_dagrun for example_skip_dag to 2026-05-23 00:00:00+00:00, run_after=2026-05-24 00:00:00+00:00
[2026-05-24T16:13:41.136+0000] {processor.py:183} INFO - Processing /home/varn1t/ml-pipeline/venv/lib/python3.11/site-packages/airflow/example_dags/example_skip_dag.py took 0.047 seconds
[2026-05-24T16:14:45.864+0000] {processor.py:161} INFO - Started process (PID=16958) to work on /home/varn1t/ml-pipeline/venv/lib/python3.11/site-packages/airflow/example_dags/example_skip_dag.py
[2026-05-24T16:14:45.865+0000] {processor.py:830} INFO - Processing file /home/varn1t/ml-pipeline/venv/lib/python3.11/site-packages/airflow/example_dags/example_skip_dag.py for tasks to queue
[2026-05-24T16:14:45.867+0000] {logging_mixin.py:188} INFO - [2026-05-24T16:14:45.867+0000] {dagbag.py:545} INFO - Filling up the DagBag from /home/varn1t/ml-pipeline/venv/lib/python3.11/site-packages/airflow/example_dags/example_skip_dag.py
[2026-05-24T16:14:45.874+0000] {processor.py:840} INFO - DAG(s) 'example_skip_dag' retrieved from /home/varn1t/ml-pipeline/venv/lib/python3.11/site-packages/airflow/example_dags/example_skip_dag.py
[2026-05-24T16:14:45.889+0000] {logging_mixin.py:188} INFO - [2026-05-24T16:14:45.889+0000] {dag.py:3096} INFO - Sync 1 DAGs
[2026-05-24T16:14:45.903+0000] {logging_mixin.py:188} INFO - [2026-05-24T16:14:45.903+0000] {dag.py:3954} INFO - Setting next_dagrun for example_skip_dag to 2026-05-23 00:00:00+00:00, run_after=2026-05-24 00:00:00+00:00
[2026-05-24T16:14:45.921+0000] {processor.py:183} INFO - Processing /home/varn1t/ml-pipeline/venv/lib/python3.11/site-packages/airflow/example_dags/example_skip_dag.py took 0.064 seconds
[2026-05-24T16:15:49.384+0000] {processor.py:161} INFO - Started process (PID=17241) to work on /home/varn1t/ml-pipeline/venv/lib/python3.11/site-packages/airflow/example_dags/example_skip_dag.py
[2026-05-24T16:15:49.385+0000] {processor.py:830} INFO - Processing file /home/varn1t/ml-pipeline/venv/lib/python3.11/site-packages/airflow/example_dags/example_skip_dag.py for tasks to queue
[2026-05-24T16:15:49.387+0000] {logging_mixin.py:188} INFO - [2026-05-24T16:15:49.387+0000] {dagbag.py:545} INFO - Filling up the DagBag from /home/varn1t/ml-pipeline/venv/lib/python3.11/site-packages/airflow/example_dags/example_skip_dag.py
[2026-05-24T16:15:49.393+0000] {processor.py:840} INFO - DAG(s) 'example_skip_dag' retrieved from /home/varn1t/ml-pipeline/venv/lib/python3.11/site-packages/airflow/example_dags/example_skip_dag.py
[2026-05-24T16:15:49.404+0000] {logging_mixin.py:188} INFO - [2026-05-24T16:15:49.403+0000] {dag.py:3096} INFO - Sync 1 DAGs
[2026-05-24T16:15:49.417+0000] {logging_mixin.py:188} INFO - [2026-05-24T16:15:49.417+0000] {dag.py:3954} INFO - Setting next_dagrun for example_skip_dag to 2026-05-23 00:00:00+00:00, run_after=2026-05-24 00:00:00+00:00
[2026-05-24T16:15:49.435+0000] {processor.py:183} INFO - Processing /home/varn1t/ml-pipeline/venv/lib/python3.11/site-packages/airflow/example_dags/example_skip_dag.py took 0.056 seconds
[2026-05-24T16:16:51.878+0000] {processor.py:161} INFO - Started process (PID=17531) to work on /home/varn1t/ml-pipeline/venv/lib/python3.11/site-packages/airflow/example_dags/example_skip_dag.py
[2026-05-24T16:16:51.879+0000] {processor.py:830} INFO - Processing file /home/varn1t/ml-pipeline/venv/lib/python3.11/site-packages/airflow/example_dags/example_skip_dag.py for tasks to queue
[2026-05-24T16:16:51.881+0000] {logging_mixin.py:188} INFO - [2026-05-24T16:16:51.881+0000] {dagbag.py:545} INFO - Filling up the DagBag from /home/varn1t/ml-pipeline/venv/lib/python3.11/site-packages/airflow/example_dags/example_skip_dag.py
[2026-05-24T16:16:51.887+0000] {processor.py:840} INFO - DAG(s) 'example_skip_dag' retrieved from /home/varn1t/ml-pipeline/venv/lib/python3.11/site-packages/airflow/example_dags/example_skip_dag.py
[2026-05-24T16:16:51.901+0000] {logging_mixin.py:188} INFO - [2026-05-24T16:16:51.901+0000] {dag.py:3096} INFO - Sync 1 DAGs
[2026-05-24T16:16:51.915+0000] {logging_mixin.py:188} INFO - [2026-05-24T16:16:51.915+0000] {dag.py:3954} INFO - Setting next_dagrun for example_skip_dag to 2026-05-23 00:00:00+00:00, run_after=2026-05-24 00:00:00+00:00
[2026-05-24T16:16:51.932+0000] {processor.py:183} INFO - Processing /home/varn1t/ml-pipeline/venv/lib/python3.11/site-packages/airflow/example_dags/example_skip_dag.py took 0.058 seconds
[2026-05-24T16:17:52.206+0000] {processor.py:161} INFO - Started process (PID=17956) to work on /home/varn1t/ml-pipeline/venv/lib/python3.11/site-packages/airflow/example_dags/example_skip_dag.py
[2026-05-24T16:17:52.207+0000] {processor.py:830} INFO - Processing file /home/varn1t/ml-pipeline/venv/lib/python3.11/site-packages/airflow/example_dags/example_skip_dag.py for tasks to queue
[2026-05-24T16:17:52.208+0000] {logging_mixin.py:188} INFO - [2026-05-24T16:17:52.208+0000] {dagbag.py:545} INFO - Filling up the DagBag from /home/varn1t/ml-pipeline/venv/lib/python3.11/site-packages/airflow/example_dags/example_skip_dag.py
[2026-05-24T16:17:52.213+0000] {processor.py:840} INFO - DAG(s) 'example_skip_dag' retrieved from /home/varn1t/ml-pipeline/venv/lib/python3.11/site-packages/airflow/example_dags/example_skip_dag.py
[2026-05-24T16:17:52.223+0000] {logging_mixin.py:188} INFO - [2026-05-24T16:17:52.223+0000] {dag.py:3096} INFO - Sync 1 DAGs
[2026-05-24T16:17:52.235+0000] {logging_mixin.py:188} INFO - [2026-05-24T16:17:52.234+0000] {dag.py:3954} INFO - Setting next_dagrun for example_skip_dag to 2026-05-23 00:00:00+00:00, run_after=2026-05-24 00:00:00+00:00
[2026-05-24T16:17:52.249+0000] {processor.py:183} INFO - Processing /home/varn1t/ml-pipeline/venv/lib/python3.11/site-packages/airflow/example_dags/example_skip_dag.py took 0.047 seconds
[2026-05-24T16:18:53.988+0000] {processor.py:161} INFO - Started process (PID=18565) to work on /home/varn1t/ml-pipeline/venv/lib/python3.11/site-packages/airflow/example_dags/example_skip_dag.py
[2026-05-24T16:18:53.989+0000] {processor.py:830} INFO - Processing file /home/varn1t/ml-pipeline/venv/lib/python3.11/site-packages/airflow/example_dags/example_skip_dag.py for tasks to queue
[2026-05-24T16:18:53.990+0000] {logging_mixin.py:188} INFO - [2026-05-24T16:18:53.990+0000] {dagbag.py:545} INFO - Filling up the DagBag from /home/varn1t/ml-pipeline/venv/lib/python3.11/site-packages/airflow/example_dags/example_skip_dag.py
[2026-05-24T16:18:53.995+0000] {processor.py:840} INFO - DAG(s) 'example_skip_dag' retrieved from /home/varn1t/ml-pipeline/venv/lib/python3.11/site-packages/airflow/example_dags/example_skip_dag.py
[2026-05-24T16:18:54.007+0000] {logging_mixin.py:188} INFO - [2026-05-24T16:18:54.007+0000] {dag.py:3096} INFO - Sync 1 DAGs
[2026-05-24T16:18:54.018+0000] {logging_mixin.py:188} INFO - [2026-05-24T16:18:54.018+0000] {dag.py:3954} INFO - Setting next_dagrun for example_skip_dag to 2026-05-23 00:00:00+00:00, run_after=2026-05-24 00:00:00+00:00
[2026-05-24T16:18:54.042+0000] {processor.py:183} INFO - Processing /home/varn1t/ml-pipeline/venv/lib/python3.11/site-packages/airflow/example_dags/example_skip_dag.py took 0.060 seconds
[2026-05-24T16:20:00.384+0000] {processor.py:161} INFO - Started process (PID=18936) to work on /home/varn1t/ml-pipeline/venv/lib/python3.11/site-packages/airflow/example_dags/example_skip_dag.py
[2026-05-24T16:20:00.386+0000] {processor.py:830} INFO - Processing file /home/varn1t/ml-pipeline/venv/lib/python3.11/site-packages/airflow/example_dags/example_skip_dag.py for tasks to queue
[2026-05-24T16:20:00.387+0000] {logging_mixin.py:188} INFO - [2026-05-24T16:20:00.387+0000] {dagbag.py:545} INFO - Filling up the DagBag from /home/varn1t/ml-pipeline/venv/lib/python3.11/site-packages/airflow/example_dags/example_skip_dag.py
[2026-05-24T16:20:00.396+0000] {processor.py:840} INFO - DAG(s) 'example_skip_dag' retrieved from /home/varn1t/ml-pipeline/venv/lib/python3.11/site-packages/airflow/example_dags/example_skip_dag.py
[2026-05-24T16:20:00.410+0000] {logging_mixin.py:188} INFO - [2026-05-24T16:20:00.410+0000] {dag.py:3096} INFO - Sync 1 DAGs
[2026-05-24T16:20:00.426+0000] {logging_mixin.py:188} INFO - [2026-05-24T16:20:00.426+0000] {dag.py:3954} INFO - Setting next_dagrun for example_skip_dag to 2026-05-23 00:00:00+00:00, run_after=2026-05-24 00:00:00+00:00
[2026-05-24T16:20:00.443+0000] {processor.py:183} INFO - Processing /home/varn1t/ml-pipeline/venv/lib/python3.11/site-packages/airflow/example_dags/example_skip_dag.py took 0.066 seconds
[2026-05-24T16:21:05.600+0000] {processor.py:161} INFO - Started process (PID=19604) to work on /home/varn1t/ml-pipeline/venv/lib/python3.11/site-packages/airflow/example_dags/example_skip_dag.py
[2026-05-24T16:21:05.601+0000] {processor.py:830} INFO - Processing file /home/varn1t/ml-pipeline/venv/lib/python3.11/site-packages/airflow/example_dags/example_skip_dag.py for tasks to queue
[2026-05-24T16:21:05.603+0000] {logging_mixin.py:188} INFO - [2026-05-24T16:21:05.602+0000] {dagbag.py:545} INFO - Filling up the DagBag from /home/varn1t/ml-pipeline/venv/lib/python3.11/site-packages/airflow/example_dags/example_skip_dag.py
[2026-05-24T16:21:05.607+0000] {processor.py:840} INFO - DAG(s) 'example_skip_dag' retrieved from /home/varn1t/ml-pipeline/venv/lib/python3.11/site-packages/airflow/example_dags/example_skip_dag.py
[2026-05-24T16:21:05.619+0000] {logging_mixin.py:188} INFO - [2026-05-24T16:21:05.618+0000] {dag.py:3096} INFO - Sync 1 DAGs
[2026-05-24T16:21:05.631+0000] {logging_mixin.py:188} INFO - [2026-05-24T16:21:05.630+0000] {dag.py:3954} INFO - Setting next_dagrun for example_skip_dag to 2026-05-23 00:00:00+00:00, run_after=2026-05-24 00:00:00+00:00
[2026-05-24T16:21:05.650+0000] {processor.py:183} INFO - Processing /home/varn1t/ml-pipeline/venv/lib/python3.11/site-packages/airflow/example_dags/example_skip_dag.py took 0.055 seconds
[2026-05-24T16:22:05.418+0000] {processor.py:161} INFO - Started process (PID=19946) to work on /home/varn1t/ml-pipeline/venv/lib/python3.11/site-packages/airflow/example_dags/example_skip_dag.py
[2026-05-24T16:22:05.419+0000] {processor.py:830} INFO - Processing file /home/varn1t/ml-pipeline/venv/lib/python3.11/site-packages/airflow/example_dags/example_skip_dag.py for tasks to queue
[2026-05-24T16:22:05.421+0000] {logging_mixin.py:188} INFO - [2026-05-24T16:22:05.421+0000] {dagbag.py:545} INFO - Filling up the DagBag from /home/varn1t/ml-pipeline/venv/lib/python3.11/site-packages/airflow/example_dags/example_skip_dag.py
[2026-05-24T16:22:05.426+0000] {processor.py:840} INFO - DAG(s) 'example_skip_dag' retrieved from /home/varn1t/ml-pipeline/venv/lib/python3.11/site-packages/airflow/example_dags/example_skip_dag.py
[2026-05-24T16:22:05.438+0000] {logging_mixin.py:188} INFO - [2026-05-24T16:22:05.437+0000] {dag.py:3096} INFO - Sync 1 DAGs
[2026-05-24T16:22:05.454+0000] {logging_mixin.py:188} INFO - [2026-05-24T16:22:05.453+0000] {dag.py:3954} INFO - Setting next_dagrun for example_skip_dag to 2026-05-23 00:00:00+00:00, run_after=2026-05-24 00:00:00+00:00
[2026-05-24T16:22:05.472+0000] {processor.py:183} INFO - Processing /home/varn1t/ml-pipeline/venv/lib/python3.11/site-packages/airflow/example_dags/example_skip_dag.py took 0.058 seconds
[2026-05-24T16:23:08.583+0000] {processor.py:161} INFO - Started process (PID=20252) to work on /home/varn1t/ml-pipeline/venv/lib/python3.11/site-packages/airflow/example_dags/example_skip_dag.py
[2026-05-24T16:23:08.584+0000] {processor.py:830} INFO - Processing file /home/varn1t/ml-pipeline/venv/lib/python3.11/site-packages/airflow/example_dags/example_skip_dag.py for tasks to queue
[2026-05-24T16:23:08.586+0000] {logging_mixin.py:188} INFO - [2026-05-24T16:23:08.586+0000] {dagbag.py:545} INFO - Filling up the DagBag from /home/varn1t/ml-pipeline/venv/lib/python3.11/site-packages/airflow/example_dags/example_skip_dag.py
[2026-05-24T16:23:08.591+0000] {processor.py:840} INFO - DAG(s) 'example_skip_dag' retrieved from /home/varn1t/ml-pipeline/venv/lib/python3.11/site-packages/airflow/example_dags/example_skip_dag.py
[2026-05-24T16:23:08.605+0000] {logging_mixin.py:188} INFO - [2026-05-24T16:23:08.605+0000] {dag.py:3096} INFO - Sync 1 DAGs
[2026-05-24T16:23:08.618+0000] {logging_mixin.py:188} INFO - [2026-05-24T16:23:08.618+0000] {dag.py:3954} INFO - Setting next_dagrun for example_skip_dag to 2026-05-23 00:00:00+00:00, run_after=2026-05-24 00:00:00+00:00
[2026-05-24T16:23:08.634+0000] {processor.py:183} INFO - Processing /home/varn1t/ml-pipeline/venv/lib/python3.11/site-packages/airflow/example_dags/example_skip_dag.py took 0.056 seconds
[2026-05-24T16:24:10.500+0000] {processor.py:161} INFO - Started process (PID=20528) to work on /home/varn1t/ml-pipeline/venv/lib/python3.11/site-packages/airflow/example_dags/example_skip_dag.py
[2026-05-24T16:24:10.500+0000] {processor.py:830} INFO - Processing file /home/varn1t/ml-pipeline/venv/lib/python3.11/site-packages/airflow/example_dags/example_skip_dag.py for tasks to queue
[2026-05-24T16:24:10.502+0000] {logging_mixin.py:188} INFO - [2026-05-24T16:24:10.501+0000] {dagbag.py:545} INFO - Filling up the DagBag from /home/varn1t/ml-pipeline/venv/lib/python3.11/site-packages/airflow/example_dags/example_skip_dag.py
[2026-05-24T16:24:10.506+0000] {processor.py:840} INFO - DAG(s) 'example_skip_dag' retrieved from /home/varn1t/ml-pipeline/venv/lib/python3.11/site-packages/airflow/example_dags/example_skip_dag.py
[2026-05-24T16:24:10.517+0000] {logging_mixin.py:188} INFO - [2026-05-24T16:24:10.516+0000] {dag.py:3096} INFO - Sync 1 DAGs
[2026-05-24T16:24:10.529+0000] {logging_mixin.py:188} INFO - [2026-05-24T16:24:10.529+0000] {dag.py:3954} INFO - Setting next_dagrun for example_skip_dag to 2026-05-23 00:00:00+00:00, run_after=2026-05-24 00:00:00+00:00
[2026-05-24T16:24:10.545+0000] {processor.py:183} INFO - Processing /home/varn1t/ml-pipeline/venv/lib/python3.11/site-packages/airflow/example_dags/example_skip_dag.py took 0.049 seconds
[2026-05-24T16:25:16.849+0000] {processor.py:161} INFO - Started process (PID=20856) to work on /home/varn1t/ml-pipeline/venv/lib/python3.11/site-packages/airflow/example_dags/example_skip_dag.py
[2026-05-24T16:25:16.850+0000] {processor.py:830} INFO - Processing file /home/varn1t/ml-pipeline/venv/lib/python3.11/site-packages/airflow/example_dags/example_skip_dag.py for tasks to queue
[2026-05-24T16:25:16.851+0000] {logging_mixin.py:188} INFO - [2026-05-24T16:25:16.851+0000] {dagbag.py:545} INFO - Filling up the DagBag from /home/varn1t/ml-pipeline/venv/lib/python3.11/site-packages/airflow/example_dags/example_skip_dag.py
[2026-05-24T16:25:16.857+0000] {processor.py:840} INFO - DAG(s) 'example_skip_dag' retrieved from /home/varn1t/ml-pipeline/venv/lib/python3.11/site-packages/airflow/example_dags/example_skip_dag.py
[2026-05-24T16:25:16.873+0000] {logging_mixin.py:188} INFO - [2026-05-24T16:25:16.873+0000] {dag.py:3096} INFO - Sync 1 DAGs
[2026-05-24T16:25:16.888+0000] {logging_mixin.py:188} INFO - [2026-05-24T16:25:16.888+0000] {dag.py:3954} INFO - Setting next_dagrun for example_skip_dag to 2026-05-23 00:00:00+00:00, run_after=2026-05-24 00:00:00+00:00
[2026-05-24T16:25:16.906+0000] {processor.py:183} INFO - Processing /home/varn1t/ml-pipeline/venv/lib/python3.11/site-packages/airflow/example_dags/example_skip_dag.py took 0.064 seconds
[2026-05-24T16:26:21.474+0000] {processor.py:161} INFO - Started process (PID=21224) to work on /home/varn1t/ml-pipeline/venv/lib/python3.11/site-packages/airflow/example_dags/example_skip_dag.py
[2026-05-24T16:26:21.475+0000] {processor.py:830} INFO - Processing file /home/varn1t/ml-pipeline/venv/lib/python3.11/site-packages/airflow/example_dags/example_skip_dag.py for tasks to queue
[2026-05-24T16:26:21.476+0000] {logging_mixin.py:188} INFO - [2026-05-24T16:26:21.476+0000] {dagbag.py:545} INFO - Filling up the DagBag from /home/varn1t/ml-pipeline/venv/lib/python3.11/site-packages/airflow/example_dags/example_skip_dag.py
[2026-05-24T16:26:21.481+0000] {processor.py:840} INFO - DAG(s) 'example_skip_dag' retrieved from /home/varn1t/ml-pipeline/venv/lib/python3.11/site-packages/airflow/example_dags/example_skip_dag.py
[2026-05-24T16:26:21.493+0000] {logging_mixin.py:188} INFO - [2026-05-24T16:26:21.493+0000] {dag.py:3096} INFO - Sync 1 DAGs
[2026-05-24T16:26:21.503+0000] {logging_mixin.py:188} INFO - [2026-05-24T16:26:21.503+0000] {dag.py:3954} INFO - Setting next_dagrun for example_skip_dag to 2026-05-23 00:00:00+00:00, run_after=2026-05-24 00:00:00+00:00
[2026-05-24T16:26:21.516+0000] {processor.py:183} INFO - Processing /home/varn1t/ml-pipeline/venv/lib/python3.11/site-packages/airflow/example_dags/example_skip_dag.py took 0.046 seconds
[2026-05-24T16:27:27.629+0000] {processor.py:161} INFO - Started process (PID=21705) to work on /home/varn1t/ml-pipeline/venv/lib/python3.11/site-packages/airflow/example_dags/example_skip_dag.py
[2026-05-24T16:27:27.630+0000] {processor.py:830} INFO - Processing file /home/varn1t/ml-pipeline/venv/lib/python3.11/site-packages/airflow/example_dags/example_skip_dag.py for tasks to queue
[2026-05-24T16:27:27.632+0000] {logging_mixin.py:188} INFO - [2026-05-24T16:27:27.631+0000] {dagbag.py:545} INFO - Filling up the DagBag from /home/varn1t/ml-pipeline/venv/lib/python3.11/site-packages/airflow/example_dags/example_skip_dag.py
[2026-05-24T16:27:27.636+0000] {processor.py:840} INFO - DAG(s) 'example_skip_dag' retrieved from /home/varn1t/ml-pipeline/venv/lib/python3.11/site-packages/airflow/example_dags/example_skip_dag.py
[2026-05-24T16:27:27.646+0000] {logging_mixin.py:188} INFO - [2026-05-24T16:27:27.646+0000] {dag.py:3096} INFO - Sync 1 DAGs
[2026-05-24T16:27:27.656+0000] {logging_mixin.py:188} INFO - [2026-05-24T16:27:27.656+0000] {dag.py:3954} INFO - Setting next_dagrun for example_skip_dag to 2026-05-23 00:00:00+00:00, run_after=2026-05-24 00:00:00+00:00
[2026-05-24T16:27:27.672+0000] {processor.py:183} INFO - Processing /home/varn1t/ml-pipeline/venv/lib/python3.11/site-packages/airflow/example_dags/example_skip_dag.py took 0.046 seconds
[2026-05-24T16:28:31.291+0000] {processor.py:161} INFO - Started process (PID=22374) to work on /home/varn1t/ml-pipeline/venv/lib/python3.11/site-packages/airflow/example_dags/example_skip_dag.py
[2026-05-24T16:28:31.292+0000] {processor.py:830} INFO - Processing file /home/varn1t/ml-pipeline/venv/lib/python3.11/site-packages/airflow/example_dags/example_skip_dag.py for tasks to queue
[2026-05-24T16:28:31.293+0000] {logging_mixin.py:188} INFO - [2026-05-24T16:28:31.293+0000] {dagbag.py:545} INFO - Filling up the DagBag from /home/varn1t/ml-pipeline/venv/lib/python3.11/site-packages/airflow/example_dags/example_skip_dag.py
[2026-05-24T16:28:31.299+0000] {processor.py:840} INFO - DAG(s) 'example_skip_dag' retrieved from /home/varn1t/ml-pipeline/venv/lib/python3.11/site-packages/airflow/example_dags/example_skip_dag.py
[2026-05-24T16:28:31.311+0000] {logging_mixin.py:188} INFO - [2026-05-24T16:28:31.311+0000] {dag.py:3096} INFO - Sync 1 DAGs
[2026-05-24T16:28:31.325+0000] {logging_mixin.py:188} INFO - [2026-05-24T16:28:31.325+0000] {dag.py:3954} INFO - Setting next_dagrun for example_skip_dag to 2026-05-23 00:00:00+00:00, run_after=2026-05-24 00:00:00+00:00
[2026-05-24T16:28:31.343+0000] {processor.py:183} INFO - Processing /home/varn1t/ml-pipeline/venv/lib/python3.11/site-packages/airflow/example_dags/example_skip_dag.py took 0.058 seconds
[2026-05-24T16:29:33.947+0000] {processor.py:161} INFO - Started process (PID=22642) to work on /home/varn1t/ml-pipeline/venv/lib/python3.11/site-packages/airflow/example_dags/example_skip_dag.py
[2026-05-24T16:29:33.949+0000] {processor.py:830} INFO - Processing file /home/varn1t/ml-pipeline/venv/lib/python3.11/site-packages/airflow/example_dags/example_skip_dag.py for tasks to queue
[2026-05-24T16:29:33.951+0000] {logging_mixin.py:188} INFO - [2026-05-24T16:29:33.950+0000] {dagbag.py:545} INFO - Filling up the DagBag from /home/varn1t/ml-pipeline/venv/lib/python3.11/site-packages/airflow/example_dags/example_skip_dag.py
[2026-05-24T16:29:33.956+0000] {processor.py:840} INFO - DAG(s) 'example_skip_dag' retrieved from /home/varn1t/ml-pipeline/venv/lib/python3.11/site-packages/airflow/example_dags/example_skip_dag.py
[2026-05-24T16:29:33.968+0000] {logging_mixin.py:188} INFO - [2026-05-24T16:29:33.968+0000] {dag.py:3096} INFO - Sync 1 DAGs
[2026-05-24T16:29:33.983+0000] {logging_mixin.py:188} INFO - [2026-05-24T16:29:33.982+0000] {dag.py:3954} INFO - Setting next_dagrun for example_skip_dag to 2026-05-23 00:00:00+00:00, run_after=2026-05-24 00:00:00+00:00
[2026-05-24T16:29:34.002+0000] {processor.py:183} INFO - Processing /home/varn1t/ml-pipeline/venv/lib/python3.11/site-packages/airflow/example_dags/example_skip_dag.py took 0.061 seconds
[2026-05-24T16:30:42.857+0000] {processor.py:161} INFO - Started process (PID=22977) to work on /home/varn1t/ml-pipeline/venv/lib/python3.11/site-packages/airflow/example_dags/example_skip_dag.py
[2026-05-24T16:30:42.858+0000] {processor.py:830} INFO - Processing file /home/varn1t/ml-pipeline/venv/lib/python3.11/site-packages/airflow/example_dags/example_skip_dag.py for tasks to queue
[2026-05-24T16:30:42.860+0000] {logging_mixin.py:188} INFO - [2026-05-24T16:30:42.859+0000] {dagbag.py:545} INFO - Filling up the DagBag from /home/varn1t/ml-pipeline/venv/lib/python3.11/site-packages/airflow/example_dags/example_skip_dag.py
[2026-05-24T16:30:42.865+0000] {processor.py:840} INFO - DAG(s) 'example_skip_dag' retrieved from /home/varn1t/ml-pipeline/venv/lib/python3.11/site-packages/airflow/example_dags/example_skip_dag.py
[2026-05-24T16:30:42.876+0000] {logging_mixin.py:188} INFO - [2026-05-24T16:30:42.876+0000] {dag.py:3096} INFO - Sync 1 DAGs
[2026-05-24T16:30:42.890+0000] {logging_mixin.py:188} INFO - [2026-05-24T16:30:42.890+0000] {dag.py:3954} INFO - Setting next_dagrun for example_skip_dag to 2026-05-23 00:00:00+00:00, run_after=2026-05-24 00:00:00+00:00
[2026-05-24T16:30:42.907+0000] {processor.py:183} INFO - Processing /home/varn1t/ml-pipeline/venv/lib/python3.11/site-packages/airflow/example_dags/example_skip_dag.py took 0.055 seconds
[2026-05-24T16:31:44.764+0000] {processor.py:161} INFO - Started process (PID=23309) to work on /home/varn1t/ml-pipeline/venv/lib/python3.11/site-packages/airflow/example_dags/example_skip_dag.py
[2026-05-24T16:31:44.765+0000] {processor.py:830} INFO - Processing file /home/varn1t/ml-pipeline/venv/lib/python3.11/site-packages/airflow/example_dags/example_skip_dag.py for tasks to queue
[2026-05-24T16:31:44.767+0000] {logging_mixin.py:188} INFO - [2026-05-24T16:31:44.766+0000] {dagbag.py:545} INFO - Filling up the DagBag from /home/varn1t/ml-pipeline/venv/lib/python3.11/site-packages/airflow/example_dags/example_skip_dag.py
[2026-05-24T16:31:44.772+0000] {processor.py:840} INFO - DAG(s) 'example_skip_dag' retrieved from /home/varn1t/ml-pipeline/venv/lib/python3.11/site-packages/airflow/example_dags/example_skip_dag.py
[2026-05-24T16:31:44.786+0000] {logging_mixin.py:188} INFO - [2026-05-24T16:31:44.786+0000] {dag.py:3096} INFO - Sync 1 DAGs
[2026-05-24T16:31:44.799+0000] {logging_mixin.py:188} INFO - [2026-05-24T16:31:44.799+0000] {dag.py:3954} INFO - Setting next_dagrun for example_skip_dag to 2026-05-23 00:00:00+00:00, run_after=2026-05-24 00:00:00+00:00
[2026-05-24T16:31:44.817+0000] {processor.py:183} INFO - Processing /home/varn1t/ml-pipeline/venv/lib/python3.11/site-packages/airflow/example_dags/example_skip_dag.py took 0.059 seconds
[2026-05-24T16:32:56.712+0000] {processor.py:161} INFO - Started process (PID=23950) to work on /home/varn1t/ml-pipeline/venv/lib/python3.11/site-packages/airflow/example_dags/example_skip_dag.py
[2026-05-24T16:32:56.714+0000] {processor.py:830} INFO - Processing file /home/varn1t/ml-pipeline/venv/lib/python3.11/site-packages/airflow/example_dags/example_skip_dag.py for tasks to queue
[2026-05-24T16:32:56.721+0000] {logging_mixin.py:188} INFO - [2026-05-24T16:32:56.720+0000] {dagbag.py:545} INFO - Filling up the DagBag from /home/varn1t/ml-pipeline/venv/lib/python3.11/site-packages/airflow/example_dags/example_skip_dag.py
[2026-05-24T16:32:56.737+0000] {processor.py:840} INFO - DAG(s) 'example_skip_dag' retrieved from /home/varn1t/ml-pipeline/venv/lib/python3.11/site-packages/airflow/example_dags/example_skip_dag.py
[2026-05-24T16:32:56.768+0000] {logging_mixin.py:188} INFO - [2026-05-24T16:32:56.768+0000] {dag.py:3096} INFO - Sync 1 DAGs
[2026-05-24T16:32:56.791+0000] {logging_mixin.py:188} INFO - [2026-05-24T16:32:56.791+0000] {dag.py:3954} INFO - Setting next_dagrun for example_skip_dag to 2026-05-23 00:00:00+00:00, run_after=2026-05-24 00:00:00+00:00
[2026-05-24T16:32:56.816+0000] {processor.py:183} INFO - Processing /home/varn1t/ml-pipeline/venv/lib/python3.11/site-packages/airflow/example_dags/example_skip_dag.py took 0.120 seconds
[2026-05-24T16:34:05.373+0000] {processor.py:161} INFO - Started process (PID=24356) to work on /home/varn1t/ml-pipeline/venv/lib/python3.11/site-packages/airflow/example_dags/example_skip_dag.py
[2026-05-24T16:34:05.374+0000] {processor.py:830} INFO - Processing file /home/varn1t/ml-pipeline/venv/lib/python3.11/site-packages/airflow/example_dags/example_skip_dag.py for tasks to queue
[2026-05-24T16:34:05.376+0000] {logging_mixin.py:188} INFO - [2026-05-24T16:34:05.376+0000] {dagbag.py:545} INFO - Filling up the DagBag from /home/varn1t/ml-pipeline/venv/lib/python3.11/site-packages/airflow/example_dags/example_skip_dag.py
[2026-05-24T16:34:05.384+0000] {processor.py:840} INFO - DAG(s) 'example_skip_dag' retrieved from /home/varn1t/ml-pipeline/venv/lib/python3.11/site-packages/airflow/example_dags/example_skip_dag.py
[2026-05-24T16:34:05.401+0000] {logging_mixin.py:188} INFO - [2026-05-24T16:34:05.401+0000] {dag.py:3096} INFO - Sync 1 DAGs
[2026-05-24T16:34:05.420+0000] {logging_mixin.py:188} INFO - [2026-05-24T16:34:05.420+0000] {dag.py:3954} INFO - Setting next_dagrun for example_skip_dag to 2026-05-23 00:00:00+00:00, run_after=2026-05-24 00:00:00+00:00
[2026-05-24T16:34:05.444+0000] {processor.py:183} INFO - Processing /home/varn1t/ml-pipeline/venv/lib/python3.11/site-packages/airflow/example_dags/example_skip_dag.py took 0.077 seconds
[2026-05-24T16:35:03.864+0000] {processor.py:161} INFO - Started process (PID=24628) to work on /home/varn1t/ml-pipeline/venv/lib/python3.11/site-packages/airflow/example_dags/example_skip_dag.py
[2026-05-24T16:35:03.865+0000] {processor.py:830} INFO - Processing file /home/varn1t/ml-pipeline/venv/lib/python3.11/site-packages/airflow/example_dags/example_skip_dag.py for tasks to queue
[2026-05-24T16:35:03.866+0000] {logging_mixin.py:188} INFO - [2026-05-24T16:35:03.866+0000] {dagbag.py:545} INFO - Filling up the DagBag from /home/varn1t/ml-pipeline/venv/lib/python3.11/site-packages/airflow/example_dags/example_skip_dag.py
[2026-05-24T16:35:03.871+0000] {processor.py:840} INFO - DAG(s) 'example_skip_dag' retrieved from /home/varn1t/ml-pipeline/venv/lib/python3.11/site-packages/airflow/example_dags/example_skip_dag.py
[2026-05-24T16:35:03.882+0000] {logging_mixin.py:188} INFO - [2026-05-24T16:35:03.882+0000] {dag.py:3096} INFO - Sync 1 DAGs
[2026-05-24T16:35:03.893+0000] {logging_mixin.py:188} INFO - [2026-05-24T16:35:03.893+0000] {dag.py:3954} INFO - Setting next_dagrun for example_skip_dag to 2026-05-23 00:00:00+00:00, run_after=2026-05-24 00:00:00+00:00
[2026-05-24T16:35:03.910+0000] {processor.py:183} INFO - Processing /home/varn1t/ml-pipeline/venv/lib/python3.11/site-packages/airflow/example_dags/example_skip_dag.py took 0.050 seconds
[2026-05-24T16:36:10.586+0000] {processor.py:161} INFO - Started process (PID=24911) to work on /home/varn1t/ml-pipeline/venv/lib/python3.11/site-packages/airflow/example_dags/example_skip_dag.py
[2026-05-24T16:36:10.587+0000] {processor.py:830} INFO - Processing file /home/varn1t/ml-pipeline/venv/lib/python3.11/site-packages/airflow/example_dags/example_skip_dag.py for tasks to queue
[2026-05-24T16:36:10.588+0000] {logging_mixin.py:188} INFO - [2026-05-24T16:36:10.588+0000] {dagbag.py:545} INFO - Filling up the DagBag from /home/varn1t/ml-pipeline/venv/lib/python3.11/site-packages/airflow/example_dags/example_skip_dag.py
[2026-05-24T16:36:10.593+0000] {processor.py:840} INFO - DAG(s) 'example_skip_dag' retrieved from /home/varn1t/ml-pipeline/venv/lib/python3.11/site-packages/airflow/example_dags/example_skip_dag.py
[2026-05-24T16:36:10.604+0000] {logging_mixin.py:188} INFO - [2026-05-24T16:36:10.604+0000] {dag.py:3096} INFO - Sync 1 DAGs
[2026-05-24T16:36:10.614+0000] {logging_mixin.py:188} INFO - [2026-05-24T16:36:10.613+0000] {dag.py:3954} INFO - Setting next_dagrun for example_skip_dag to 2026-05-23 00:00:00+00:00, run_after=2026-05-24 00:00:00+00:00
[2026-05-24T16:36:10.627+0000] {processor.py:183} INFO - Processing /home/varn1t/ml-pipeline/venv/lib/python3.11/site-packages/airflow/example_dags/example_skip_dag.py took 0.044 seconds
[2026-05-24T16:37:14.966+0000] {processor.py:161} INFO - Started process (PID=25234) to work on /home/varn1t/ml-pipeline/venv/lib/python3.11/site-packages/airflow/example_dags/example_skip_dag.py
[2026-05-24T16:37:14.967+0000] {processor.py:830} INFO - Processing file /home/varn1t/ml-pipeline/venv/lib/python3.11/site-packages/airflow/example_dags/example_skip_dag.py for tasks to queue
[2026-05-24T16:37:14.968+0000] {logging_mixin.py:188} INFO - [2026-05-24T16:37:14.968+0000] {dagbag.py:545} INFO - Filling up the DagBag from /home/varn1t/ml-pipeline/venv/lib/python3.11/site-packages/airflow/example_dags/example_skip_dag.py
[2026-05-24T16:37:14.973+0000] {processor.py:840} INFO - DAG(s) 'example_skip_dag' retrieved from /home/varn1t/ml-pipeline/venv/lib/python3.11/site-packages/airflow/example_dags/example_skip_dag.py
[2026-05-24T16:37:14.985+0000] {logging_mixin.py:188} INFO - [2026-05-24T16:37:14.985+0000] {dag.py:3096} INFO - Sync 1 DAGs
[2026-05-24T16:37:14.998+0000] {logging_mixin.py:188} INFO - [2026-05-24T16:37:14.997+0000] {dag.py:3954} INFO - Setting next_dagrun for example_skip_dag to 2026-05-23 00:00:00+00:00, run_after=2026-05-24 00:00:00+00:00
[2026-05-24T16:37:15.015+0000] {processor.py:183} INFO - Processing /home/varn1t/ml-pipeline/venv/lib/python3.11/site-packages/airflow/example_dags/example_skip_dag.py took 0.054 seconds
[2026-05-24T16:38:21.995+0000] {processor.py:161} INFO - Started process (PID=25518) to work on /home/varn1t/ml-pipeline/venv/lib/python3.11/site-packages/airflow/example_dags/example_skip_dag.py
[2026-05-24T16:38:21.996+0000] {processor.py:830} INFO - Processing file /home/varn1t/ml-pipeline/venv/lib/python3.11/site-packages/airflow/example_dags/example_skip_dag.py for tasks to queue
[2026-05-24T16:38:21.997+0000] {logging_mixin.py:188} INFO - [2026-05-24T16:38:21.997+0000] {dagbag.py:545} INFO - Filling up the DagBag from /home/varn1t/ml-pipeline/venv/lib/python3.11/site-packages/airflow/example_dags/example_skip_dag.py
[2026-05-24T16:38:22.002+0000] {processor.py:840} INFO - DAG(s) 'example_skip_dag' retrieved from /home/varn1t/ml-pipeline/venv/lib/python3.11/site-packages/airflow/example_dags/example_skip_dag.py
[2026-05-24T16:38:22.011+0000] {logging_mixin.py:188} INFO - [2026-05-24T16:38:22.011+0000] {dag.py:3096} INFO - Sync 1 DAGs
[2026-05-24T16:38:22.022+0000] {logging_mixin.py:188} INFO - [2026-05-24T16:38:22.022+0000] {dag.py:3954} INFO - Setting next_dagrun for example_skip_dag to 2026-05-23 00:00:00+00:00, run_after=2026-05-24 00:00:00+00:00
[2026-05-24T16:38:22.035+0000] {processor.py:183} INFO - Processing /home/varn1t/ml-pipeline/venv/lib/python3.11/site-packages/airflow/example_dags/example_skip_dag.py took 0.044 seconds
[2026-05-24T16:39:26.068+0000] {processor.py:161} INFO - Started process (PID=25815) to work on /home/varn1t/ml-pipeline/venv/lib/python3.11/site-packages/airflow/example_dags/example_skip_dag.py
[2026-05-24T16:39:26.069+0000] {processor.py:830} INFO - Processing file /home/varn1t/ml-pipeline/venv/lib/python3.11/site-packages/airflow/example_dags/example_skip_dag.py for tasks to queue
[2026-05-24T16:39:26.070+0000] {logging_mixin.py:188} INFO - [2026-05-24T16:39:26.070+0000] {dagbag.py:545} INFO - Filling up the DagBag from /home/varn1t/ml-pipeline/venv/lib/python3.11/site-packages/airflow/example_dags/example_skip_dag.py
[2026-05-24T16:39:26.075+0000] {processor.py:840} INFO - DAG(s) 'example_skip_dag' retrieved from /home/varn1t/ml-pipeline/venv/lib/python3.11/site-packages/airflow/example_dags/example_skip_dag.py
[2026-05-24T16:39:26.085+0000] {logging_mixin.py:188} INFO - [2026-05-24T16:39:26.085+0000] {dag.py:3096} INFO - Sync 1 DAGs
[2026-05-24T16:39:26.096+0000] {logging_mixin.py:188} INFO - [2026-05-24T16:39:26.096+0000] {dag.py:3954} INFO - Setting next_dagrun for example_skip_dag to 2026-05-23 00:00:00+00:00, run_after=2026-05-24 00:00:00+00:00
[2026-05-24T16:39:26.114+0000] {processor.py:183} INFO - Processing /home/varn1t/ml-pipeline/venv/lib/python3.11/site-packages/airflow/example_dags/example_skip_dag.py took 0.050 seconds
[2026-05-24T16:40:29.002+0000] {processor.py:161} INFO - Started process (PID=26113) to work on /home/varn1t/ml-pipeline/venv/lib/python3.11/site-packages/airflow/example_dags/example_skip_dag.py
[2026-05-24T16:40:29.002+0000] {processor.py:830} INFO - Processing file /home/varn1t/ml-pipeline/venv/lib/python3.11/site-packages/airflow/example_dags/example_skip_dag.py for tasks to queue
[2026-05-24T16:40:29.004+0000] {logging_mixin.py:188} INFO - [2026-05-24T16:40:29.003+0000] {dagbag.py:545} INFO - Filling up the DagBag from /home/varn1t/ml-pipeline/venv/lib/python3.11/site-packages/airflow/example_dags/example_skip_dag.py
[2026-05-24T16:40:29.008+0000] {processor.py:840} INFO - DAG(s) 'example_skip_dag' retrieved from /home/varn1t/ml-pipeline/venv/lib/python3.11/site-packages/airflow/example_dags/example_skip_dag.py
[2026-05-24T16:40:29.018+0000] {logging_mixin.py:188} INFO - [2026-05-24T16:40:29.018+0000] {dag.py:3096} INFO - Sync 1 DAGs
[2026-05-24T16:40:29.029+0000] {logging_mixin.py:188} INFO - [2026-05-24T16:40:29.029+0000] {dag.py:3954} INFO - Setting next_dagrun for example_skip_dag to 2026-05-23 00:00:00+00:00, run_after=2026-05-24 00:00:00+00:00
[2026-05-24T16:40:29.044+0000] {processor.py:183} INFO - Processing /home/varn1t/ml-pipeline/venv/lib/python3.11/site-packages/airflow/example_dags/example_skip_dag.py took 0.046 seconds
[2026-05-24T16:41:30.007+0000] {processor.py:161} INFO - Started process (PID=26423) to work on /home/varn1t/ml-pipeline/venv/lib/python3.11/site-packages/airflow/example_dags/example_skip_dag.py
[2026-05-24T16:41:30.008+0000] {processor.py:830} INFO - Processing file /home/varn1t/ml-pipeline/venv/lib/python3.11/site-packages/airflow/example_dags/example_skip_dag.py for tasks to queue
[2026-05-24T16:41:30.010+0000] {logging_mixin.py:188} INFO - [2026-05-24T16:41:30.010+0000] {dagbag.py:545} INFO - Filling up the DagBag from /home/varn1t/ml-pipeline/venv/lib/python3.11/site-packages/airflow/example_dags/example_skip_dag.py
[2026-05-24T16:41:30.015+0000] {processor.py:840} INFO - DAG(s) 'example_skip_dag' retrieved from /home/varn1t/ml-pipeline/venv/lib/python3.11/site-packages/airflow/example_dags/example_skip_dag.py
[2026-05-24T16:41:30.025+0000] {logging_mixin.py:188} INFO - [2026-05-24T16:41:30.025+0000] {dag.py:3096} INFO - Sync 1 DAGs
[2026-05-24T16:41:30.035+0000] {logging_mixin.py:188} INFO - [2026-05-24T16:41:30.035+0000] {dag.py:3954} INFO - Setting next_dagrun for example_skip_dag to 2026-05-23 00:00:00+00:00, run_after=2026-05-24 00:00:00+00:00
[2026-05-24T16:41:30.050+0000] {processor.py:183} INFO - Processing /home/varn1t/ml-pipeline/venv/lib/python3.11/site-packages/airflow/example_dags/example_skip_dag.py took 0.048 seconds
[2026-05-24T16:42:29.844+0000] {processor.py:161} INFO - Started process (PID=26682) to work on /home/varn1t/ml-pipeline/venv/lib/python3.11/site-packages/airflow/example_dags/example_skip_dag.py
[2026-05-24T16:42:29.845+0000] {processor.py:830} INFO - Processing file /home/varn1t/ml-pipeline/venv/lib/python3.11/site-packages/airflow/example_dags/example_skip_dag.py for tasks to queue
[2026-05-24T16:42:29.846+0000] {logging_mixin.py:188} INFO - [2026-05-24T16:42:29.846+0000] {dagbag.py:545} INFO - Filling up the DagBag from /home/varn1t/ml-pipeline/venv/lib/python3.11/site-packages/airflow/example_dags/example_skip_dag.py
[2026-05-24T16:42:29.851+0000] {processor.py:840} INFO - DAG(s) 'example_skip_dag' retrieved from /home/varn1t/ml-pipeline/venv/lib/python3.11/site-packages/airflow/example_dags/example_skip_dag.py
[2026-05-24T16:42:29.861+0000] {logging_mixin.py:188} INFO - [2026-05-24T16:42:29.861+0000] {dag.py:3096} INFO - Sync 1 DAGs
[2026-05-24T16:42:29.875+0000] {logging_mixin.py:188} INFO - [2026-05-24T16:42:29.874+0000] {dag.py:3954} INFO - Setting next_dagrun for example_skip_dag to 2026-05-23 00:00:00+00:00, run_after=2026-05-24 00:00:00+00:00
[2026-05-24T16:42:29.890+0000] {processor.py:183} INFO - Processing /home/varn1t/ml-pipeline/venv/lib/python3.11/site-packages/airflow/example_dags/example_skip_dag.py took 0.050 seconds
[2026-05-24T16:43:37.644+0000] {processor.py:161} INFO - Started process (PID=26989) to work on /home/varn1t/ml-pipeline/venv/lib/python3.11/site-packages/airflow/example_dags/example_skip_dag.py
[2026-05-24T16:43:37.645+0000] {processor.py:830} INFO - Processing file /home/varn1t/ml-pipeline/venv/lib/python3.11/site-packages/airflow/example_dags/example_skip_dag.py for tasks to queue
[2026-05-24T16:43:37.646+0000] {logging_mixin.py:188} INFO - [2026-05-24T16:43:37.646+0000] {dagbag.py:545} INFO - Filling up the DagBag from /home/varn1t/ml-pipeline/venv/lib/python3.11/site-packages/airflow/example_dags/example_skip_dag.py
[2026-05-24T16:43:37.651+0000] {processor.py:840} INFO - DAG(s) 'example_skip_dag' retrieved from /home/varn1t/ml-pipeline/venv/lib/python3.11/site-packages/airflow/example_dags/example_skip_dag.py
[2026-05-24T16:43:37.661+0000] {logging_mixin.py:188} INFO - [2026-05-24T16:43:37.661+0000] {dag.py:3096} INFO - Sync 1 DAGs
[2026-05-24T16:43:37.671+0000] {logging_mixin.py:188} INFO - [2026-05-24T16:43:37.671+0000] {dag.py:3954} INFO - Setting next_dagrun for example_skip_dag to 2026-05-23 00:00:00+00:00, run_after=2026-05-24 00:00:00+00:00
[2026-05-24T16:43:37.686+0000] {processor.py:183} INFO - Processing /home/varn1t/ml-pipeline/venv/lib/python3.11/site-packages/airflow/example_dags/example_skip_dag.py took 0.046 seconds
[2026-05-24T16:44:44.692+0000] {processor.py:161} INFO - Started process (PID=27288) to work on /home/varn1t/ml-pipeline/venv/lib/python3.11/site-packages/airflow/example_dags/example_skip_dag.py
[2026-05-24T16:44:44.693+0000] {processor.py:830} INFO - Processing file /home/varn1t/ml-pipeline/venv/lib/python3.11/site-packages/airflow/example_dags/example_skip_dag.py for tasks to queue
[2026-05-24T16:44:44.694+0000] {logging_mixin.py:188} INFO - [2026-05-24T16:44:44.694+0000] {dagbag.py:545} INFO - Filling up the DagBag from /home/varn1t/ml-pipeline/venv/lib/python3.11/site-packages/airflow/example_dags/example_skip_dag.py
[2026-05-24T16:44:44.698+0000] {processor.py:840} INFO - DAG(s) 'example_skip_dag' retrieved from /home/varn1t/ml-pipeline/venv/lib/python3.11/site-packages/airflow/example_dags/example_skip_dag.py
[2026-05-24T16:44:44.708+0000] {logging_mixin.py:188} INFO - [2026-05-24T16:44:44.708+0000] {dag.py:3096} INFO - Sync 1 DAGs
[2026-05-24T16:44:44.718+0000] {logging_mixin.py:188} INFO - [2026-05-24T16:44:44.718+0000] {dag.py:3954} INFO - Setting next_dagrun for example_skip_dag to 2026-05-23 00:00:00+00:00, run_after=2026-05-24 00:00:00+00:00
[2026-05-24T16:44:44.734+0000] {processor.py:183} INFO - Processing /home/varn1t/ml-pipeline/venv/lib/python3.11/site-packages/airflow/example_dags/example_skip_dag.py took 0.046 seconds
[2026-05-24T16:45:52.675+0000] {processor.py:161} INFO - Started process (PID=27591) to work on /home/varn1t/ml-pipeline/venv/lib/python3.11/site-packages/airflow/example_dags/example_skip_dag.py
[2026-05-24T16:45:52.676+0000] {processor.py:830} INFO - Processing file /home/varn1t/ml-pipeline/venv/lib/python3.11/site-packages/airflow/example_dags/example_skip_dag.py for tasks to queue
[2026-05-24T16:45:52.677+0000] {logging_mixin.py:188} INFO - [2026-05-24T16:45:52.677+0000] {dagbag.py:545} INFO - Filling up the DagBag from /home/varn1t/ml-pipeline/venv/lib/python3.11/site-packages/airflow/example_dags/example_skip_dag.py
[2026-05-24T16:45:52.682+0000] {processor.py:840} INFO - DAG(s) 'example_skip_dag' retrieved from /home/varn1t/ml-pipeline/venv/lib/python3.11/site-packages/airflow/example_dags/example_skip_dag.py
[2026-05-24T16:45:52.691+0000] {logging_mixin.py:188} INFO - [2026-05-24T16:45:52.691+0000] {dag.py:3096} INFO - Sync 1 DAGs
[2026-05-24T16:45:52.702+0000] {logging_mixin.py:188} INFO - [2026-05-24T16:45:52.702+0000] {dag.py:3954} INFO - Setting next_dagrun for example_skip_dag to 2026-05-23 00:00:00+00:00, run_after=2026-05-24 00:00:00+00:00
[2026-05-24T16:45:52.718+0000] {processor.py:183} INFO - Processing /home/varn1t/ml-pipeline/venv/lib/python3.11/site-packages/airflow/example_dags/example_skip_dag.py took 0.047 seconds
[2026-05-24T17:09:17.828+0000] {processor.py:161} INFO - Started process (PID=27921) to work on /home/varn1t/ml-pipeline/venv/lib/python3.11/site-packages/airflow/example_dags/example_skip_dag.py
[2026-05-24T17:09:17.829+0000] {processor.py:830} INFO - Processing file /home/varn1t/ml-pipeline/venv/lib/python3.11/site-packages/airflow/example_dags/example_skip_dag.py for tasks to queue
[2026-05-24T17:09:17.830+0000] {logging_mixin.py:188} INFO - [2026-05-24T17:09:17.830+0000] {dagbag.py:545} INFO - Filling up the DagBag from /home/varn1t/ml-pipeline/venv/lib/python3.11/site-packages/airflow/example_dags/example_skip_dag.py
[2026-05-24T17:09:17.835+0000] {processor.py:840} INFO - DAG(s) 'example_skip_dag' retrieved from /home/varn1t/ml-pipeline/venv/lib/python3.11/site-packages/airflow/example_dags/example_skip_dag.py
[2026-05-24T17:09:17.844+0000] {logging_mixin.py:188} INFO - [2026-05-24T17:09:17.844+0000] {dag.py:3096} INFO - Sync 1 DAGs
[2026-05-24T17:09:17.854+0000] {logging_mixin.py:188} INFO - [2026-05-24T17:09:17.854+0000] {dag.py:3954} INFO - Setting next_dagrun for example_skip_dag to 2026-05-23 00:00:00+00:00, run_after=2026-05-24 00:00:00+00:00
[2026-05-24T17:09:17.867+0000] {processor.py:183} INFO - Processing /home/varn1t/ml-pipeline/venv/lib/python3.11/site-packages/airflow/example_dags/example_skip_dag.py took 0.043 seconds
[2026-05-24T17:10:19.907+0000] {processor.py:161} INFO - Started process (PID=28189) to work on /home/varn1t/ml-pipeline/venv/lib/python3.11/site-packages/airflow/example_dags/example_skip_dag.py
[2026-05-24T17:10:19.908+0000] {processor.py:830} INFO - Processing file /home/varn1t/ml-pipeline/venv/lib/python3.11/site-packages/airflow/example_dags/example_skip_dag.py for tasks to queue
[2026-05-24T17:10:19.909+0000] {logging_mixin.py:188} INFO - [2026-05-24T17:10:19.909+0000] {dagbag.py:545} INFO - Filling up the DagBag from /home/varn1t/ml-pipeline/venv/lib/python3.11/site-packages/airflow/example_dags/example_skip_dag.py
[2026-05-24T17:10:19.914+0000] {processor.py:840} INFO - DAG(s) 'example_skip_dag' retrieved from /home/varn1t/ml-pipeline/venv/lib/python3.11/site-packages/airflow/example_dags/example_skip_dag.py
[2026-05-24T17:10:19.925+0000] {logging_mixin.py:188} INFO - [2026-05-24T17:10:19.925+0000] {dag.py:3096} INFO - Sync 1 DAGs
[2026-05-24T17:10:19.936+0000] {logging_mixin.py:188} INFO - [2026-05-24T17:10:19.936+0000] {dag.py:3954} INFO - Setting next_dagrun for example_skip_dag to 2026-05-23 00:00:00+00:00, run_after=2026-05-24 00:00:00+00:00
[2026-05-24T17:10:19.953+0000] {processor.py:183} INFO - Processing /home/varn1t/ml-pipeline/venv/lib/python3.11/site-packages/airflow/example_dags/example_skip_dag.py took 0.050 seconds
[2026-05-24T17:11:25.843+0000] {processor.py:161} INFO - Started process (PID=28485) to work on /home/varn1t/ml-pipeline/venv/lib/python3.11/site-packages/airflow/example_dags/example_skip_dag.py
[2026-05-24T17:11:25.843+0000] {processor.py:830} INFO - Processing file /home/varn1t/ml-pipeline/venv/lib/python3.11/site-packages/airflow/example_dags/example_skip_dag.py for tasks to queue
[2026-05-24T17:11:25.845+0000] {logging_mixin.py:188} INFO - [2026-05-24T17:11:25.845+0000] {dagbag.py:545} INFO - Filling up the DagBag from /home/varn1t/ml-pipeline/venv/lib/python3.11/site-packages/airflow/example_dags/example_skip_dag.py
[2026-05-24T17:11:25.850+0000] {processor.py:840} INFO - DAG(s) 'example_skip_dag' retrieved from /home/varn1t/ml-pipeline/venv/lib/python3.11/site-packages/airflow/example_dags/example_skip_dag.py
[2026-05-24T17:11:25.862+0000] {logging_mixin.py:188} INFO - [2026-05-24T17:11:25.862+0000] {dag.py:3096} INFO - Sync 1 DAGs
[2026-05-24T17:11:25.876+0000] {logging_mixin.py:188} INFO - [2026-05-24T17:11:25.876+0000] {dag.py:3954} INFO - Setting next_dagrun for example_skip_dag to 2026-05-23 00:00:00+00:00, run_after=2026-05-24 00:00:00+00:00
[2026-05-24T17:11:25.894+0000] {processor.py:183} INFO - Processing /home/varn1t/ml-pipeline/venv/lib/python3.11/site-packages/airflow/example_dags/example_skip_dag.py took 0.056 seconds
[2026-05-24T17:12:28.613+0000] {processor.py:161} INFO - Started process (PID=28767) to work on /home/varn1t/ml-pipeline/venv/lib/python3.11/site-packages/airflow/example_dags/example_skip_dag.py
[2026-05-24T17:12:28.614+0000] {processor.py:830} INFO - Processing file /home/varn1t/ml-pipeline/venv/lib/python3.11/site-packages/airflow/example_dags/example_skip_dag.py for tasks to queue
[2026-05-24T17:12:28.616+0000] {logging_mixin.py:188} INFO - [2026-05-24T17:12:28.616+0000] {dagbag.py:545} INFO - Filling up the DagBag from /home/varn1t/ml-pipeline/venv/lib/python3.11/site-packages/airflow/example_dags/example_skip_dag.py
[2026-05-24T17:12:28.622+0000] {processor.py:840} INFO - DAG(s) 'example_skip_dag' retrieved from /home/varn1t/ml-pipeline/venv/lib/python3.11/site-packages/airflow/example_dags/example_skip_dag.py
[2026-05-24T17:12:28.635+0000] {logging_mixin.py:188} INFO - [2026-05-24T17:12:28.635+0000] {dag.py:3096} INFO - Sync 1 DAGs
[2026-05-24T17:12:28.651+0000] {logging_mixin.py:188} INFO - [2026-05-24T17:12:28.651+0000] {dag.py:3954} INFO - Setting next_dagrun for example_skip_dag to 2026-05-23 00:00:00+00:00, run_after=2026-05-24 00:00:00+00:00
[2026-05-24T17:12:28.668+0000] {processor.py:183} INFO - Processing /home/varn1t/ml-pipeline/venv/lib/python3.11/site-packages/airflow/example_dags/example_skip_dag.py took 0.061 seconds
[2026-05-24T17:13:32.028+0000] {processor.py:161} INFO - Started process (PID=29055) to work on /home/varn1t/ml-pipeline/venv/lib/python3.11/site-packages/airflow/example_dags/example_skip_dag.py
[2026-05-24T17:13:32.029+0000] {processor.py:830} INFO - Processing file /home/varn1t/ml-pipeline/venv/lib/python3.11/site-packages/airflow/example_dags/example_skip_dag.py for tasks to queue
[2026-05-24T17:13:32.031+0000] {logging_mixin.py:188} INFO - [2026-05-24T17:13:32.031+0000] {dagbag.py:545} INFO - Filling up the DagBag from /home/varn1t/ml-pipeline/venv/lib/python3.11/site-packages/airflow/example_dags/example_skip_dag.py
[2026-05-24T17:13:32.036+0000] {processor.py:840} INFO - DAG(s) 'example_skip_dag' retrieved from /home/varn1t/ml-pipeline/venv/lib/python3.11/site-packages/airflow/example_dags/example_skip_dag.py
[2026-05-24T17:13:32.048+0000] {logging_mixin.py:188} INFO - [2026-05-24T17:13:32.048+0000] {dag.py:3096} INFO - Sync 1 DAGs
[2026-05-24T17:13:32.059+0000] {logging_mixin.py:188} INFO - [2026-05-24T17:13:32.059+0000] {dag.py:3954} INFO - Setting next_dagrun for example_skip_dag to 2026-05-23 00:00:00+00:00, run_after=2026-05-24 00:00:00+00:00
[2026-05-24T17:13:32.073+0000] {processor.py:183} INFO - Processing /home/varn1t/ml-pipeline/venv/lib/python3.11/site-packages/airflow/example_dags/example_skip_dag.py took 0.048 seconds
[2026-05-24T17:14:32.886+0000] {processor.py:161} INFO - Started process (PID=29340) to work on /home/varn1t/ml-pipeline/venv/lib/python3.11/site-packages/airflow/example_dags/example_skip_dag.py
[2026-05-24T17:14:32.887+0000] {processor.py:830} INFO - Processing file /home/varn1t/ml-pipeline/venv/lib/python3.11/site-packages/airflow/example_dags/example_skip_dag.py for tasks to queue
[2026-05-24T17:14:32.888+0000] {logging_mixin.py:188} INFO - [2026-05-24T17:14:32.888+0000] {dagbag.py:545} INFO - Filling up the DagBag from /home/varn1t/ml-pipeline/venv/lib/python3.11/site-packages/airflow/example_dags/example_skip_dag.py
[2026-05-24T17:14:32.893+0000] {processor.py:840} INFO - DAG(s) 'example_skip_dag' retrieved from /home/varn1t/ml-pipeline/venv/lib/python3.11/site-packages/airflow/example_dags/example_skip_dag.py
[2026-05-24T17:14:32.905+0000] {logging_mixin.py:188} INFO - [2026-05-24T17:14:32.905+0000] {dag.py:3096} INFO - Sync 1 DAGs
[2026-05-24T17:14:32.916+0000] {logging_mixin.py:188} INFO - [2026-05-24T17:14:32.916+0000] {dag.py:3954} INFO - Setting next_dagrun for example_skip_dag to 2026-05-23 00:00:00+00:00, run_after=2026-05-24 00:00:00+00:00
[2026-05-24T17:14:32.932+0000] {processor.py:183} INFO - Processing /home/varn1t/ml-pipeline/venv/lib/python3.11/site-packages/airflow/example_dags/example_skip_dag.py took 0.051 seconds
[2026-05-24T17:15:44.344+0000] {processor.py:161} INFO - Started process (PID=29735) to work on /home/varn1t/ml-pipeline/venv/lib/python3.11/site-packages/airflow/example_dags/example_skip_dag.py
[2026-05-24T17:15:44.344+0000] {processor.py:830} INFO - Processing file /home/varn1t/ml-pipeline/venv/lib/python3.11/site-packages/airflow/example_dags/example_skip_dag.py for tasks to queue
[2026-05-24T17:15:44.346+0000] {logging_mixin.py:188} INFO - [2026-05-24T17:15:44.346+0000] {dagbag.py:545} INFO - Filling up the DagBag from /home/varn1t/ml-pipeline/venv/lib/python3.11/site-packages/airflow/example_dags/example_skip_dag.py
[2026-05-24T17:15:44.350+0000] {processor.py:840} INFO - DAG(s) 'example_skip_dag' retrieved from /home/varn1t/ml-pipeline/venv/lib/python3.11/site-packages/airflow/example_dags/example_skip_dag.py
[2026-05-24T17:15:44.360+0000] {logging_mixin.py:188} INFO - [2026-05-24T17:15:44.360+0000] {dag.py:3096} INFO - Sync 1 DAGs
[2026-05-24T17:15:44.371+0000] {logging_mixin.py:188} INFO - [2026-05-24T17:15:44.371+0000] {dag.py:3954} INFO - Setting next_dagrun for example_skip_dag to 2026-05-23 00:00:00+00:00, run_after=2026-05-24 00:00:00+00:00
[2026-05-24T17:15:44.385+0000] {processor.py:183} INFO - Processing /home/varn1t/ml-pipeline/venv/lib/python3.11/site-packages/airflow/example_dags/example_skip_dag.py took 0.046 seconds
[2026-05-24T17:16:46.798+0000] {processor.py:161} INFO - Started process (PID=30007) to work on /home/varn1t/ml-pipeline/venv/lib/python3.11/site-packages/airflow/example_dags/example_skip_dag.py
[2026-05-24T17:16:46.799+0000] {processor.py:830} INFO - Processing file /home/varn1t/ml-pipeline/venv/lib/python3.11/site-packages/airflow/example_dags/example_skip_dag.py for tasks to queue
[2026-05-24T17:16:46.800+0000] {logging_mixin.py:188} INFO - [2026-05-24T17:16:46.800+0000] {dagbag.py:545} INFO - Filling up the DagBag from /home/varn1t/ml-pipeline/venv/lib/python3.11/site-packages/airflow/example_dags/example_skip_dag.py
[2026-05-24T17:16:46.806+0000] {processor.py:840} INFO - DAG(s) 'example_skip_dag' retrieved from /home/varn1t/ml-pipeline/venv/lib/python3.11/site-packages/airflow/example_dags/example_skip_dag.py
[2026-05-24T17:16:46.817+0000] {logging_mixin.py:188} INFO - [2026-05-24T17:16:46.817+0000] {dag.py:3096} INFO - Sync 1 DAGs
[2026-05-24T17:16:46.829+0000] {logging_mixin.py:188} INFO - [2026-05-24T17:16:46.829+0000] {dag.py:3954} INFO - Setting next_dagrun for example_skip_dag to 2026-05-23 00:00:00+00:00, run_after=2026-05-24 00:00:00+00:00
[2026-05-24T17:16:46.848+0000] {processor.py:183} INFO - Processing /home/varn1t/ml-pipeline/venv/lib/python3.11/site-packages/airflow/example_dags/example_skip_dag.py took 0.054 seconds
[2026-05-24T17:17:59.463+0000] {processor.py:161} INFO - Started process (PID=30705) to work on /home/varn1t/ml-pipeline/venv/lib/python3.11/site-packages/airflow/example_dags/example_skip_dag.py
[2026-05-24T17:17:59.464+0000] {processor.py:830} INFO - Processing file /home/varn1t/ml-pipeline/venv/lib/python3.11/site-packages/airflow/example_dags/example_skip_dag.py for tasks to queue
[2026-05-24T17:17:59.466+0000] {logging_mixin.py:188} INFO - [2026-05-24T17:17:59.465+0000] {dagbag.py:545} INFO - Filling up the DagBag from /home/varn1t/ml-pipeline/venv/lib/python3.11/site-packages/airflow/example_dags/example_skip_dag.py
[2026-05-24T17:17:59.471+0000] {processor.py:840} INFO - DAG(s) 'example_skip_dag' retrieved from /home/varn1t/ml-pipeline/venv/lib/python3.11/site-packages/airflow/example_dags/example_skip_dag.py
[2026-05-24T17:17:59.484+0000] {logging_mixin.py:188} INFO - [2026-05-24T17:17:59.484+0000] {dag.py:3096} INFO - Sync 1 DAGs
[2026-05-24T17:17:59.498+0000] {logging_mixin.py:188} INFO - [2026-05-24T17:17:59.498+0000] {dag.py:3954} INFO - Setting next_dagrun for example_skip_dag to 2026-05-23 00:00:00+00:00, run_after=2026-05-24 00:00:00+00:00
[2026-05-24T17:17:59.516+0000] {processor.py:183} INFO - Processing /home/varn1t/ml-pipeline/venv/lib/python3.11/site-packages/airflow/example_dags/example_skip_dag.py took 0.060 seconds
[2026-05-24T17:19:04.866+0000] {processor.py:161} INFO - Started process (PID=31166) to work on /home/varn1t/ml-pipeline/venv/lib/python3.11/site-packages/airflow/example_dags/example_skip_dag.py
[2026-05-24T17:19:04.866+0000] {processor.py:830} INFO - Processing file /home/varn1t/ml-pipeline/venv/lib/python3.11/site-packages/airflow/example_dags/example_skip_dag.py for tasks to queue
[2026-05-24T17:19:04.868+0000] {logging_mixin.py:188} INFO - [2026-05-24T17:19:04.868+0000] {dagbag.py:545} INFO - Filling up the DagBag from /home/varn1t/ml-pipeline/venv/lib/python3.11/site-packages/airflow/example_dags/example_skip_dag.py
[2026-05-24T17:19:04.873+0000] {processor.py:840} INFO - DAG(s) 'example_skip_dag' retrieved from /home/varn1t/ml-pipeline/venv/lib/python3.11/site-packages/airflow/example_dags/example_skip_dag.py
[2026-05-24T17:19:04.884+0000] {logging_mixin.py:188} INFO - [2026-05-24T17:19:04.884+0000] {dag.py:3096} INFO - Sync 1 DAGs
[2026-05-24T17:19:04.895+0000] {logging_mixin.py:188} INFO - [2026-05-24T17:19:04.895+0000] {dag.py:3954} INFO - Setting next_dagrun for example_skip_dag to 2026-05-23 00:00:00+00:00, run_after=2026-05-24 00:00:00+00:00
[2026-05-24T17:19:05.002+0000] {processor.py:183} INFO - Processing /home/varn1t/ml-pipeline/venv/lib/python3.11/site-packages/airflow/example_dags/example_skip_dag.py took 0.141 seconds
[2026-05-24T17:20:13.655+0000] {processor.py:161} INFO - Started process (PID=31651) to work on /home/varn1t/ml-pipeline/venv/lib/python3.11/site-packages/airflow/example_dags/example_skip_dag.py
[2026-05-24T17:20:13.656+0000] {processor.py:830} INFO - Processing file /home/varn1t/ml-pipeline/venv/lib/python3.11/site-packages/airflow/example_dags/example_skip_dag.py for tasks to queue
[2026-05-24T17:20:13.658+0000] {logging_mixin.py:188} INFO - [2026-05-24T17:20:13.658+0000] {dagbag.py:545} INFO - Filling up the DagBag from /home/varn1t/ml-pipeline/venv/lib/python3.11/site-packages/airflow/example_dags/example_skip_dag.py
[2026-05-24T17:20:13.664+0000] {processor.py:840} INFO - DAG(s) 'example_skip_dag' retrieved from /home/varn1t/ml-pipeline/venv/lib/python3.11/site-packages/airflow/example_dags/example_skip_dag.py
[2026-05-24T17:20:13.675+0000] {logging_mixin.py:188} INFO - [2026-05-24T17:20:13.675+0000] {dag.py:3096} INFO - Sync 1 DAGs
[2026-05-24T17:20:13.686+0000] {logging_mixin.py:188} INFO - [2026-05-24T17:20:13.686+0000] {dag.py:3954} INFO - Setting next_dagrun for example_skip_dag to 2026-05-23 00:00:00+00:00, run_after=2026-05-24 00:00:00+00:00
[2026-05-24T17:20:13.708+0000] {processor.py:183} INFO - Processing /home/varn1t/ml-pipeline/venv/lib/python3.11/site-packages/airflow/example_dags/example_skip_dag.py took 0.058 seconds
[2026-05-24T17:21:20.250+0000] {processor.py:161} INFO - Started process (PID=32086) to work on /home/varn1t/ml-pipeline/venv/lib/python3.11/site-packages/airflow/example_dags/example_skip_dag.py
[2026-05-24T17:21:20.251+0000] {processor.py:830} INFO - Processing file /home/varn1t/ml-pipeline/venv/lib/python3.11/site-packages/airflow/example_dags/example_skip_dag.py for tasks to queue
[2026-05-24T17:21:20.252+0000] {logging_mixin.py:188} INFO - [2026-05-24T17:21:20.252+0000] {dagbag.py:545} INFO - Filling up the DagBag from /home/varn1t/ml-pipeline/venv/lib/python3.11/site-packages/airflow/example_dags/example_skip_dag.py
[2026-05-24T17:21:20.256+0000] {processor.py:840} INFO - DAG(s) 'example_skip_dag' retrieved from /home/varn1t/ml-pipeline/venv/lib/python3.11/site-packages/airflow/example_dags/example_skip_dag.py
[2026-05-24T17:21:20.266+0000] {logging_mixin.py:188} INFO - [2026-05-24T17:21:20.265+0000] {dag.py:3096} INFO - Sync 1 DAGs
[2026-05-24T17:21:20.278+0000] {logging_mixin.py:188} INFO - [2026-05-24T17:21:20.278+0000] {dag.py:3954} INFO - Setting next_dagrun for example_skip_dag to 2026-05-23 00:00:00+00:00, run_after=2026-05-24 00:00:00+00:00
[2026-05-24T17:21:20.292+0000] {processor.py:183} INFO - Processing /home/varn1t/ml-pipeline/venv/lib/python3.11/site-packages/airflow/example_dags/example_skip_dag.py took 0.045 seconds
[2026-05-24T17:22:25.233+0000] {processor.py:161} INFO - Started process (PID=32411) to work on /home/varn1t/ml-pipeline/venv/lib/python3.11/site-packages/airflow/example_dags/example_skip_dag.py
[2026-05-24T17:22:25.234+0000] {processor.py:830} INFO - Processing file /home/varn1t/ml-pipeline/venv/lib/python3.11/site-packages/airflow/example_dags/example_skip_dag.py for tasks to queue
[2026-05-24T17:22:25.235+0000] {logging_mixin.py:188} INFO - [2026-05-24T17:22:25.235+0000] {dagbag.py:545} INFO - Filling up the DagBag from /home/varn1t/ml-pipeline/venv/lib/python3.11/site-packages/airflow/example_dags/example_skip_dag.py
[2026-05-24T17:22:25.239+0000] {processor.py:840} INFO - DAG(s) 'example_skip_dag' retrieved from /home/varn1t/ml-pipeline/venv/lib/python3.11/site-packages/airflow/example_dags/example_skip_dag.py
[2026-05-24T17:22:25.250+0000] {logging_mixin.py:188} INFO - [2026-05-24T17:22:25.250+0000] {dag.py:3096} INFO - Sync 1 DAGs
[2026-05-24T17:22:25.259+0000] {logging_mixin.py:188} INFO - [2026-05-24T17:22:25.259+0000] {dag.py:3954} INFO - Setting next_dagrun for example_skip_dag to 2026-05-23 00:00:00+00:00, run_after=2026-05-24 00:00:00+00:00
[2026-05-24T17:22:25.272+0000] {processor.py:183} INFO - Processing /home/varn1t/ml-pipeline/venv/lib/python3.11/site-packages/airflow/example_dags/example_skip_dag.py took 0.043 seconds
[2026-05-24T17:23:34.100+0000] {processor.py:161} INFO - Started process (PID=32726) to work on /home/varn1t/ml-pipeline/venv/lib/python3.11/site-packages/airflow/example_dags/example_skip_dag.py
[2026-05-24T17:23:34.101+0000] {processor.py:830} INFO - Processing file /home/varn1t/ml-pipeline/venv/lib/python3.11/site-packages/airflow/example_dags/example_skip_dag.py for tasks to queue
[2026-05-24T17:23:34.103+0000] {logging_mixin.py:188} INFO - [2026-05-24T17:23:34.102+0000] {dagbag.py:545} INFO - Filling up the DagBag from /home/varn1t/ml-pipeline/venv/lib/python3.11/site-packages/airflow/example_dags/example_skip_dag.py
[2026-05-24T17:23:34.109+0000] {processor.py:840} INFO - DAG(s) 'example_skip_dag' retrieved from /home/varn1t/ml-pipeline/venv/lib/python3.11/site-packages/airflow/example_dags/example_skip_dag.py
[2026-05-24T17:23:34.121+0000] {logging_mixin.py:188} INFO - [2026-05-24T17:23:34.121+0000] {dag.py:3096} INFO - Sync 1 DAGs
[2026-05-24T17:23:34.131+0000] {logging_mixin.py:188} INFO - [2026-05-24T17:23:34.131+0000] {dag.py:3954} INFO - Setting next_dagrun for example_skip_dag to 2026-05-23 00:00:00+00:00, run_after=2026-05-24 00:00:00+00:00
[2026-05-24T17:23:34.144+0000] {processor.py:183} INFO - Processing /home/varn1t/ml-pipeline/venv/lib/python3.11/site-packages/airflow/example_dags/example_skip_dag.py took 0.051 seconds
[2026-05-24T17:24:36.815+0000] {processor.py:161} INFO - Started process (PID=33160) to work on /home/varn1t/ml-pipeline/venv/lib/python3.11/site-packages/airflow/example_dags/example_skip_dag.py
[2026-05-24T17:24:36.816+0000] {processor.py:830} INFO - Processing file /home/varn1t/ml-pipeline/venv/lib/python3.11/site-packages/airflow/example_dags/example_skip_dag.py for tasks to queue
[2026-05-24T17:24:36.817+0000] {logging_mixin.py:188} INFO - [2026-05-24T17:24:36.817+0000] {dagbag.py:545} INFO - Filling up the DagBag from /home/varn1t/ml-pipeline/venv/lib/python3.11/site-packages/airflow/example_dags/example_skip_dag.py
[2026-05-24T17:24:36.823+0000] {processor.py:840} INFO - DAG(s) 'example_skip_dag' retrieved from /home/varn1t/ml-pipeline/venv/lib/python3.11/site-packages/airflow/example_dags/example_skip_dag.py
[2026-05-24T17:24:36.834+0000] {logging_mixin.py:188} INFO - [2026-05-24T17:24:36.834+0000] {dag.py:3096} INFO - Sync 1 DAGs
[2026-05-24T17:24:36.850+0000] {logging_mixin.py:188} INFO - [2026-05-24T17:24:36.849+0000] {dag.py:3954} INFO - Setting next_dagrun for example_skip_dag to 2026-05-23 00:00:00+00:00, run_after=2026-05-24 00:00:00+00:00
[2026-05-24T17:24:36.871+0000] {processor.py:183} INFO - Processing /home/varn1t/ml-pipeline/venv/lib/python3.11/site-packages/airflow/example_dags/example_skip_dag.py took 0.062 seconds
[2026-05-24T17:25:44.803+0000] {processor.py:161} INFO - Started process (PID=33516) to work on /home/varn1t/ml-pipeline/venv/lib/python3.11/site-packages/airflow/example_dags/example_skip_dag.py
[2026-05-24T17:25:44.804+0000] {processor.py:830} INFO - Processing file /home/varn1t/ml-pipeline/venv/lib/python3.11/site-packages/airflow/example_dags/example_skip_dag.py for tasks to queue
[2026-05-24T17:25:44.805+0000] {logging_mixin.py:188} INFO - [2026-05-24T17:25:44.805+0000] {dagbag.py:545} INFO - Filling up the DagBag from /home/varn1t/ml-pipeline/venv/lib/python3.11/site-packages/airflow/example_dags/example_skip_dag.py
[2026-05-24T17:25:44.810+0000] {processor.py:840} INFO - DAG(s) 'example_skip_dag' retrieved from /home/varn1t/ml-pipeline/venv/lib/python3.11/site-packages/airflow/example_dags/example_skip_dag.py
[2026-05-24T17:25:44.821+0000] {logging_mixin.py:188} INFO - [2026-05-24T17:25:44.821+0000] {dag.py:3096} INFO - Sync 1 DAGs
[2026-05-24T17:25:44.833+0000] {logging_mixin.py:188} INFO - [2026-05-24T17:25:44.833+0000] {dag.py:3954} INFO - Setting next_dagrun for example_skip_dag to 2026-05-23 00:00:00+00:00, run_after=2026-05-24 00:00:00+00:00
[2026-05-24T17:25:44.849+0000] {processor.py:183} INFO - Processing /home/varn1t/ml-pipeline/venv/lib/python3.11/site-packages/airflow/example_dags/example_skip_dag.py took 0.052 seconds
