[2026-05-24T13:29:08.058+0000] {processor.py:161} INFO - Started process (PID=4175) to work on /home/varn1t/ml-pipeline/venv/lib/python3.11/site-packages/airflow/example_dags/example_branch_datetime_operator.py
[2026-05-24T13:29:08.059+0000] {processor.py:830} INFO - Processing file /home/varn1t/ml-pipeline/venv/lib/python3.11/site-packages/airflow/example_dags/example_branch_datetime_operator.py for tasks to queue
[2026-05-24T13:29:08.060+0000] {logging_mixin.py:188} INFO - [2026-05-24T13:29:08.060+0000] {dagbag.py:545} INFO - Filling up the DagBag from /home/varn1t/ml-pipeline/venv/lib/python3.11/site-packages/airflow/example_dags/example_branch_datetime_operator.py
[2026-05-24T13:29:08.066+0000] {processor.py:840} INFO - DAG(s) 'example_branch_datetime_operator_2', 'example_branch_datetime_operator', 'example_branch_datetime_operator_3' retrieved from /home/varn1t/ml-pipeline/venv/lib/python3.11/site-packages/airflow/example_dags/example_branch_datetime_operator.py
[2026-05-24T13:29:08.124+0000] {logging_mixin.py:188} INFO - [2026-05-24T13:29:08.124+0000] {dag.py:3096} INFO - Sync 3 DAGs
[2026-05-24T13:29:08.236+0000] {logging_mixin.py:188} INFO - [2026-05-24T13:29:08.236+0000] {dag.py:3954} INFO - Setting next_dagrun for example_branch_datetime_operator to 2026-05-23 00:00:00+00:00, run_after=2026-05-24 00:00:00+00:00
[2026-05-24T13:29:08.238+0000] {logging_mixin.py:188} INFO - [2026-05-24T13:29:08.238+0000] {dag.py:3954} INFO - Setting next_dagrun for example_branch_datetime_operator_2 to 2026-05-23 00:00:00+00:00, run_after=2026-05-24 00:00:00+00:00
[2026-05-24T13:29:08.239+0000] {logging_mixin.py:188} INFO - [2026-05-24T13:29:08.239+0000] {dag.py:3954} INFO - Setting next_dagrun for example_branch_datetime_operator_3 to 2026-05-23 00:00:00+00:00, run_after=2026-05-24 00:00:00+00:00
[2026-05-24T13:29:08.253+0000] {processor.py:183} INFO - Processing /home/varn1t/ml-pipeline/venv/lib/python3.11/site-packages/airflow/example_dags/example_branch_datetime_operator.py took 0.198 seconds
[2026-05-24T13:30:01.418+0000] {processor.py:161} INFO - Started process (PID=4405) to work on /home/varn1t/ml-pipeline/venv/lib/python3.11/site-packages/airflow/example_dags/example_branch_datetime_operator.py
[2026-05-24T13:30:01.419+0000] {processor.py:830} INFO - Processing file /home/varn1t/ml-pipeline/venv/lib/python3.11/site-packages/airflow/example_dags/example_branch_datetime_operator.py for tasks to queue
[2026-05-24T13:30:01.420+0000] {logging_mixin.py:188} INFO - [2026-05-24T13:30:01.419+0000] {dagbag.py:545} INFO - Filling up the DagBag from /home/varn1t/ml-pipeline/venv/lib/python3.11/site-packages/airflow/example_dags/example_branch_datetime_operator.py
[2026-05-24T13:30:01.426+0000] {processor.py:840} INFO - DAG(s) 'example_branch_datetime_operator_3', 'example_branch_datetime_operator', 'example_branch_datetime_operator_2' retrieved from /home/varn1t/ml-pipeline/venv/lib/python3.11/site-packages/airflow/example_dags/example_branch_datetime_operator.py
[2026-05-24T13:30:01.441+0000] {logging_mixin.py:188} INFO - [2026-05-24T13:30:01.440+0000] {dag.py:3096} INFO - Sync 3 DAGs
[2026-05-24T13:30:01.456+0000] {logging_mixin.py:188} INFO - [2026-05-24T13:30:01.456+0000] {dag.py:3954} INFO - Setting next_dagrun for example_branch_datetime_operator to 2026-05-23 00:00:00+00:00, run_after=2026-05-24 00:00:00+00:00
[2026-05-24T13:30:01.459+0000] {logging_mixin.py:188} INFO - [2026-05-24T13:30:01.459+0000] {dag.py:3954} INFO - Setting next_dagrun for example_branch_datetime_operator_2 to 2026-05-23 00:00:00+00:00, run_after=2026-05-24 00:00:00+00:00
[2026-05-24T13:30:01.460+0000] {logging_mixin.py:188} INFO - [2026-05-24T13:30:01.460+0000] {dag.py:3954} INFO - Setting next_dagrun for example_branch_datetime_operator_3 to 2026-05-23 00:00:00+00:00, run_after=2026-05-24 00:00:00+00:00
[2026-05-24T13:30:01.475+0000] {processor.py:183} INFO - Processing /home/varn1t/ml-pipeline/venv/lib/python3.11/site-packages/airflow/example_dags/example_branch_datetime_operator.py took 0.061 seconds
[2026-05-24T13:30:53.972+0000] {processor.py:161} INFO - Started process (PID=4630) to work on /home/varn1t/ml-pipeline/venv/lib/python3.11/site-packages/airflow/example_dags/example_branch_datetime_operator.py
[2026-05-24T13:30:53.973+0000] {processor.py:830} INFO - Processing file /home/varn1t/ml-pipeline/venv/lib/python3.11/site-packages/airflow/example_dags/example_branch_datetime_operator.py for tasks to queue
[2026-05-24T13:30:53.975+0000] {logging_mixin.py:188} INFO - [2026-05-24T13:30:53.974+0000] {dagbag.py:545} INFO - Filling up the DagBag from /home/varn1t/ml-pipeline/venv/lib/python3.11/site-packages/airflow/example_dags/example_branch_datetime_operator.py
[2026-05-24T13:30:53.983+0000] {processor.py:840} INFO - DAG(s) 'example_branch_datetime_operator', 'example_branch_datetime_operator_3', 'example_branch_datetime_operator_2' retrieved from /home/varn1t/ml-pipeline/venv/lib/python3.11/site-packages/airflow/example_dags/example_branch_datetime_operator.py
[2026-05-24T13:30:53.998+0000] {logging_mixin.py:188} INFO - [2026-05-24T13:30:53.998+0000] {dag.py:3096} INFO - Sync 3 DAGs
[2026-05-24T13:30:54.013+0000] {logging_mixin.py:188} INFO - [2026-05-24T13:30:54.013+0000] {dag.py:3954} INFO - Setting next_dagrun for example_branch_datetime_operator to 2026-05-23 00:00:00+00:00, run_after=2026-05-24 00:00:00+00:00
[2026-05-24T13:30:54.015+0000] {logging_mixin.py:188} INFO - [2026-05-24T13:30:54.015+0000] {dag.py:3954} INFO - Setting next_dagrun for example_branch_datetime_operator_2 to 2026-05-23 00:00:00+00:00, run_after=2026-05-24 00:00:00+00:00
[2026-05-24T13:30:54.016+0000] {logging_mixin.py:188} INFO - [2026-05-24T13:30:54.016+0000] {dag.py:3954} INFO - Setting next_dagrun for example_branch_datetime_operator_3 to 2026-05-23 00:00:00+00:00, run_after=2026-05-24 00:00:00+00:00
[2026-05-24T13:30:54.032+0000] {processor.py:183} INFO - Processing /home/varn1t/ml-pipeline/venv/lib/python3.11/site-packages/airflow/example_dags/example_branch_datetime_operator.py took 0.065 seconds
[2026-05-24T13:31:55.070+0000] {processor.py:161} INFO - Started process (PID=4912) to work on /home/varn1t/ml-pipeline/venv/lib/python3.11/site-packages/airflow/example_dags/example_branch_datetime_operator.py
[2026-05-24T13:31:55.071+0000] {processor.py:830} INFO - Processing file /home/varn1t/ml-pipeline/venv/lib/python3.11/site-packages/airflow/example_dags/example_branch_datetime_operator.py for tasks to queue
[2026-05-24T13:31:55.072+0000] {logging_mixin.py:188} INFO - [2026-05-24T13:31:55.072+0000] {dagbag.py:545} INFO - Filling up the DagBag from /home/varn1t/ml-pipeline/venv/lib/python3.11/site-packages/airflow/example_dags/example_branch_datetime_operator.py
[2026-05-24T13:31:55.080+0000] {processor.py:840} INFO - DAG(s) 'example_branch_datetime_operator_2', 'example_branch_datetime_operator_3', 'example_branch_datetime_operator' retrieved from /home/varn1t/ml-pipeline/venv/lib/python3.11/site-packages/airflow/example_dags/example_branch_datetime_operator.py
[2026-05-24T13:31:55.093+0000] {logging_mixin.py:188} INFO - [2026-05-24T13:31:55.093+0000] {dag.py:3096} INFO - Sync 3 DAGs
[2026-05-24T13:31:55.105+0000] {logging_mixin.py:188} INFO - [2026-05-24T13:31:55.105+0000] {dag.py:3954} INFO - Setting next_dagrun for example_branch_datetime_operator to 2026-05-23 00:00:00+00:00, run_after=2026-05-24 00:00:00+00:00
[2026-05-24T13:31:55.107+0000] {logging_mixin.py:188} INFO - [2026-05-24T13:31:55.107+0000] {dag.py:3954} INFO - Setting next_dagrun for example_branch_datetime_operator_2 to 2026-05-23 00:00:00+00:00, run_after=2026-05-24 00:00:00+00:00
[2026-05-24T13:31:55.108+0000] {logging_mixin.py:188} INFO - [2026-05-24T13:31:55.108+0000] {dag.py:3954} INFO - Setting next_dagrun for example_branch_datetime_operator_3 to 2026-05-23 00:00:00+00:00, run_after=2026-05-24 00:00:00+00:00
[2026-05-24T13:31:55.123+0000] {processor.py:183} INFO - Processing /home/varn1t/ml-pipeline/venv/lib/python3.11/site-packages/airflow/example_dags/example_branch_datetime_operator.py took 0.057 seconds
[2026-05-24T13:32:53.110+0000] {processor.py:161} INFO - Started process (PID=5162) to work on /home/varn1t/ml-pipeline/venv/lib/python3.11/site-packages/airflow/example_dags/example_branch_datetime_operator.py
[2026-05-24T13:32:53.111+0000] {processor.py:830} INFO - Processing file /home/varn1t/ml-pipeline/venv/lib/python3.11/site-packages/airflow/example_dags/example_branch_datetime_operator.py for tasks to queue
[2026-05-24T13:32:53.112+0000] {logging_mixin.py:188} INFO - [2026-05-24T13:32:53.112+0000] {dagbag.py:545} INFO - Filling up the DagBag from /home/varn1t/ml-pipeline/venv/lib/python3.11/site-packages/airflow/example_dags/example_branch_datetime_operator.py
[2026-05-24T13:32:53.119+0000] {processor.py:840} INFO - DAG(s) 'example_branch_datetime_operator_2', 'example_branch_datetime_operator', 'example_branch_datetime_operator_3' retrieved from /home/varn1t/ml-pipeline/venv/lib/python3.11/site-packages/airflow/example_dags/example_branch_datetime_operator.py
[2026-05-24T13:32:53.132+0000] {logging_mixin.py:188} INFO - [2026-05-24T13:32:53.132+0000] {dag.py:3096} INFO - Sync 3 DAGs
[2026-05-24T13:32:53.146+0000] {logging_mixin.py:188} INFO - [2026-05-24T13:32:53.145+0000] {dag.py:3954} INFO - Setting next_dagrun for example_branch_datetime_operator to 2026-05-23 00:00:00+00:00, run_after=2026-05-24 00:00:00+00:00
[2026-05-24T13:32:53.148+0000] {logging_mixin.py:188} INFO - [2026-05-24T13:32:53.148+0000] {dag.py:3954} INFO - Setting next_dagrun for example_branch_datetime_operator_2 to 2026-05-23 00:00:00+00:00, run_after=2026-05-24 00:00:00+00:00
[2026-05-24T13:32:53.149+0000] {logging_mixin.py:188} INFO - [2026-05-24T13:32:53.149+0000] {dag.py:3954} INFO - Setting next_dagrun for example_branch_datetime_operator_3 to 2026-05-23 00:00:00+00:00, run_after=2026-05-24 00:00:00+00:00
[2026-05-24T13:32:53.166+0000] {processor.py:183} INFO - Processing /home/varn1t/ml-pipeline/venv/lib/python3.11/site-packages/airflow/example_dags/example_branch_datetime_operator.py took 0.060 seconds
[2026-05-24T13:33:48.555+0000] {processor.py:161} INFO - Started process (PID=5502) to work on /home/varn1t/ml-pipeline/venv/lib/python3.11/site-packages/airflow/example_dags/example_branch_datetime_operator.py
[2026-05-24T13:33:48.556+0000] {processor.py:830} INFO - Processing file /home/varn1t/ml-pipeline/venv/lib/python3.11/site-packages/airflow/example_dags/example_branch_datetime_operator.py for tasks to queue
[2026-05-24T13:33:48.556+0000] {logging_mixin.py:188} INFO - [2026-05-24T13:33:48.556+0000] {dagbag.py:545} INFO - Filling up the DagBag from /home/varn1t/ml-pipeline/venv/lib/python3.11/site-packages/airflow/example_dags/example_branch_datetime_operator.py
[2026-05-24T13:33:48.563+0000] {processor.py:840} INFO - DAG(s) 'example_branch_datetime_operator_3', 'example_branch_datetime_operator_2', 'example_branch_datetime_operator' retrieved from /home/varn1t/ml-pipeline/venv/lib/python3.11/site-packages/airflow/example_dags/example_branch_datetime_operator.py
[2026-05-24T13:33:48.575+0000] {logging_mixin.py:188} INFO - [2026-05-24T13:33:48.575+0000] {dag.py:3096} INFO - Sync 3 DAGs
[2026-05-24T13:33:48.588+0000] {logging_mixin.py:188} INFO - [2026-05-24T13:33:48.588+0000] {dag.py:3954} INFO - Setting next_dagrun for example_branch_datetime_operator to 2026-05-23 00:00:00+00:00, run_after=2026-05-24 00:00:00+00:00
[2026-05-24T13:33:48.590+0000] {logging_mixin.py:188} INFO - [2026-05-24T13:33:48.590+0000] {dag.py:3954} INFO - Setting next_dagrun for example_branch_datetime_operator_2 to 2026-05-23 00:00:00+00:00, run_after=2026-05-24 00:00:00+00:00
[2026-05-24T13:33:48.591+0000] {logging_mixin.py:188} INFO - [2026-05-24T13:33:48.591+0000] {dag.py:3954} INFO - Setting next_dagrun for example_branch_datetime_operator_3 to 2026-05-23 00:00:00+00:00, run_after=2026-05-24 00:00:00+00:00
[2026-05-24T13:33:48.603+0000] {processor.py:183} INFO - Processing /home/varn1t/ml-pipeline/venv/lib/python3.11/site-packages/airflow/example_dags/example_branch_datetime_operator.py took 0.053 seconds
[2026-05-24T13:34:44.882+0000] {processor.py:161} INFO - Started process (PID=5909) to work on /home/varn1t/ml-pipeline/venv/lib/python3.11/site-packages/airflow/example_dags/example_branch_datetime_operator.py
[2026-05-24T13:34:44.883+0000] {processor.py:830} INFO - Processing file /home/varn1t/ml-pipeline/venv/lib/python3.11/site-packages/airflow/example_dags/example_branch_datetime_operator.py for tasks to queue
[2026-05-24T13:34:44.883+0000] {logging_mixin.py:188} INFO - [2026-05-24T13:34:44.883+0000] {dagbag.py:545} INFO - Filling up the DagBag from /home/varn1t/ml-pipeline/venv/lib/python3.11/site-packages/airflow/example_dags/example_branch_datetime_operator.py
[2026-05-24T13:34:44.889+0000] {processor.py:840} INFO - DAG(s) 'example_branch_datetime_operator_3', 'example_branch_datetime_operator', 'example_branch_datetime_operator_2' retrieved from /home/varn1t/ml-pipeline/venv/lib/python3.11/site-packages/airflow/example_dags/example_branch_datetime_operator.py
[2026-05-24T13:34:44.906+0000] {logging_mixin.py:188} INFO - [2026-05-24T13:34:44.906+0000] {dag.py:3096} INFO - Sync 3 DAGs
[2026-05-24T13:34:44.919+0000] {logging_mixin.py:188} INFO - [2026-05-24T13:34:44.919+0000] {dag.py:3954} INFO - Setting next_dagrun for example_branch_datetime_operator to 2026-05-23 00:00:00+00:00, run_after=2026-05-24 00:00:00+00:00
[2026-05-24T13:34:44.921+0000] {logging_mixin.py:188} INFO - [2026-05-24T13:34:44.921+0000] {dag.py:3954} INFO - Setting next_dagrun for example_branch_datetime_operator_2 to 2026-05-23 00:00:00+00:00, run_after=2026-05-24 00:00:00+00:00
[2026-05-24T13:34:44.922+0000] {logging_mixin.py:188} INFO - [2026-05-24T13:34:44.922+0000] {dag.py:3954} INFO - Setting next_dagrun for example_branch_datetime_operator_3 to 2026-05-23 00:00:00+00:00, run_after=2026-05-24 00:00:00+00:00
[2026-05-24T13:34:44.935+0000] {processor.py:183} INFO - Processing /home/varn1t/ml-pipeline/venv/lib/python3.11/site-packages/airflow/example_dags/example_branch_datetime_operator.py took 0.056 seconds
[2026-05-24T13:35:44.175+0000] {processor.py:161} INFO - Started process (PID=6296) to work on /home/varn1t/ml-pipeline/venv/lib/python3.11/site-packages/airflow/example_dags/example_branch_datetime_operator.py
[2026-05-24T13:35:44.176+0000] {processor.py:830} INFO - Processing file /home/varn1t/ml-pipeline/venv/lib/python3.11/site-packages/airflow/example_dags/example_branch_datetime_operator.py for tasks to queue
[2026-05-24T13:35:44.177+0000] {logging_mixin.py:188} INFO - [2026-05-24T13:35:44.176+0000] {dagbag.py:545} INFO - Filling up the DagBag from /home/varn1t/ml-pipeline/venv/lib/python3.11/site-packages/airflow/example_dags/example_branch_datetime_operator.py
[2026-05-24T13:35:44.184+0000] {processor.py:840} INFO - DAG(s) 'example_branch_datetime_operator_3', 'example_branch_datetime_operator', 'example_branch_datetime_operator_2' retrieved from /home/varn1t/ml-pipeline/venv/lib/python3.11/site-packages/airflow/example_dags/example_branch_datetime_operator.py
[2026-05-24T13:35:44.196+0000] {logging_mixin.py:188} INFO - [2026-05-24T13:35:44.196+0000] {dag.py:3096} INFO - Sync 3 DAGs
[2026-05-24T13:35:44.208+0000] {logging_mixin.py:188} INFO - [2026-05-24T13:35:44.208+0000] {dag.py:3954} INFO - Setting next_dagrun for example_branch_datetime_operator to 2026-05-23 00:00:00+00:00, run_after=2026-05-24 00:00:00+00:00
[2026-05-24T13:35:44.210+0000] {logging_mixin.py:188} INFO - [2026-05-24T13:35:44.210+0000] {dag.py:3954} INFO - Setting next_dagrun for example_branch_datetime_operator_2 to 2026-05-23 00:00:00+00:00, run_after=2026-05-24 00:00:00+00:00
[2026-05-24T13:35:44.210+0000] {logging_mixin.py:188} INFO - [2026-05-24T13:35:44.210+0000] {dag.py:3954} INFO - Setting next_dagrun for example_branch_datetime_operator_3 to 2026-05-23 00:00:00+00:00, run_after=2026-05-24 00:00:00+00:00
[2026-05-24T13:35:44.223+0000] {processor.py:183} INFO - Processing /home/varn1t/ml-pipeline/venv/lib/python3.11/site-packages/airflow/example_dags/example_branch_datetime_operator.py took 0.052 seconds
[2026-05-24T13:36:42.338+0000] {processor.py:161} INFO - Started process (PID=6575) to work on /home/varn1t/ml-pipeline/venv/lib/python3.11/site-packages/airflow/example_dags/example_branch_datetime_operator.py
[2026-05-24T13:36:42.339+0000] {processor.py:830} INFO - Processing file /home/varn1t/ml-pipeline/venv/lib/python3.11/site-packages/airflow/example_dags/example_branch_datetime_operator.py for tasks to queue
[2026-05-24T13:36:42.339+0000] {logging_mixin.py:188} INFO - [2026-05-24T13:36:42.339+0000] {dagbag.py:545} INFO - Filling up the DagBag from /home/varn1t/ml-pipeline/venv/lib/python3.11/site-packages/airflow/example_dags/example_branch_datetime_operator.py
[2026-05-24T13:36:42.345+0000] {processor.py:840} INFO - DAG(s) 'example_branch_datetime_operator', 'example_branch_datetime_operator_3', 'example_branch_datetime_operator_2' retrieved from /home/varn1t/ml-pipeline/venv/lib/python3.11/site-packages/airflow/example_dags/example_branch_datetime_operator.py
[2026-05-24T13:36:42.361+0000] {logging_mixin.py:188} INFO - [2026-05-24T13:36:42.361+0000] {dag.py:3096} INFO - Sync 3 DAGs
[2026-05-24T13:36:42.372+0000] {logging_mixin.py:188} INFO - [2026-05-24T13:36:42.372+0000] {dag.py:3954} INFO - Setting next_dagrun for example_branch_datetime_operator to 2026-05-23 00:00:00+00:00, run_after=2026-05-24 00:00:00+00:00
[2026-05-24T13:36:42.375+0000] {logging_mixin.py:188} INFO - [2026-05-24T13:36:42.374+0000] {dag.py:3954} INFO - Setting next_dagrun for example_branch_datetime_operator_2 to 2026-05-23 00:00:00+00:00, run_after=2026-05-24 00:00:00+00:00
[2026-05-24T13:36:42.375+0000] {logging_mixin.py:188} INFO - [2026-05-24T13:36:42.375+0000] {dag.py:3954} INFO - Setting next_dagrun for example_branch_datetime_operator_3 to 2026-05-23 00:00:00+00:00, run_after=2026-05-24 00:00:00+00:00
[2026-05-24T13:36:42.389+0000] {processor.py:183} INFO - Processing /home/varn1t/ml-pipeline/venv/lib/python3.11/site-packages/airflow/example_dags/example_branch_datetime_operator.py took 0.055 seconds
[2026-05-24T13:37:39.641+0000] {processor.py:161} INFO - Started process (PID=7216) to work on /home/varn1t/ml-pipeline/venv/lib/python3.11/site-packages/airflow/example_dags/example_branch_datetime_operator.py
[2026-05-24T13:37:39.642+0000] {processor.py:830} INFO - Processing file /home/varn1t/ml-pipeline/venv/lib/python3.11/site-packages/airflow/example_dags/example_branch_datetime_operator.py for tasks to queue
[2026-05-24T13:37:39.643+0000] {logging_mixin.py:188} INFO - [2026-05-24T13:37:39.642+0000] {dagbag.py:545} INFO - Filling up the DagBag from /home/varn1t/ml-pipeline/venv/lib/python3.11/site-packages/airflow/example_dags/example_branch_datetime_operator.py
[2026-05-24T13:37:39.649+0000] {processor.py:840} INFO - DAG(s) 'example_branch_datetime_operator_3', 'example_branch_datetime_operator_2', 'example_branch_datetime_operator' retrieved from /home/varn1t/ml-pipeline/venv/lib/python3.11/site-packages/airflow/example_dags/example_branch_datetime_operator.py
[2026-05-24T13:37:39.661+0000] {logging_mixin.py:188} INFO - [2026-05-24T13:37:39.661+0000] {dag.py:3096} INFO - Sync 3 DAGs
[2026-05-24T13:37:39.672+0000] {logging_mixin.py:188} INFO - [2026-05-24T13:37:39.671+0000] {dag.py:3954} INFO - Setting next_dagrun for example_branch_datetime_operator to 2026-05-23 00:00:00+00:00, run_after=2026-05-24 00:00:00+00:00
[2026-05-24T13:37:39.673+0000] {logging_mixin.py:188} INFO - [2026-05-24T13:37:39.673+0000] {dag.py:3954} INFO - Setting next_dagrun for example_branch_datetime_operator_2 to 2026-05-23 00:00:00+00:00, run_after=2026-05-24 00:00:00+00:00
[2026-05-24T13:37:39.674+0000] {logging_mixin.py:188} INFO - [2026-05-24T13:37:39.674+0000] {dag.py:3954} INFO - Setting next_dagrun for example_branch_datetime_operator_3 to 2026-05-23 00:00:00+00:00, run_after=2026-05-24 00:00:00+00:00
[2026-05-24T13:37:39.689+0000] {processor.py:183} INFO - Processing /home/varn1t/ml-pipeline/venv/lib/python3.11/site-packages/airflow/example_dags/example_branch_datetime_operator.py took 0.051 seconds
[2026-05-24T13:38:33.148+0000] {processor.py:161} INFO - Started process (PID=7489) to work on /home/varn1t/ml-pipeline/venv/lib/python3.11/site-packages/airflow/example_dags/example_branch_datetime_operator.py
[2026-05-24T13:38:33.149+0000] {processor.py:830} INFO - Processing file /home/varn1t/ml-pipeline/venv/lib/python3.11/site-packages/airflow/example_dags/example_branch_datetime_operator.py for tasks to queue
[2026-05-24T13:38:33.149+0000] {logging_mixin.py:188} INFO - [2026-05-24T13:38:33.149+0000] {dagbag.py:545} INFO - Filling up the DagBag from /home/varn1t/ml-pipeline/venv/lib/python3.11/site-packages/airflow/example_dags/example_branch_datetime_operator.py
[2026-05-24T13:38:33.156+0000] {processor.py:840} INFO - DAG(s) 'example_branch_datetime_operator', 'example_branch_datetime_operator_3', 'example_branch_datetime_operator_2' retrieved from /home/varn1t/ml-pipeline/venv/lib/python3.11/site-packages/airflow/example_dags/example_branch_datetime_operator.py
[2026-05-24T13:38:33.174+0000] {logging_mixin.py:188} INFO - [2026-05-24T13:38:33.173+0000] {dag.py:3096} INFO - Sync 3 DAGs
[2026-05-24T13:38:33.187+0000] {logging_mixin.py:188} INFO - [2026-05-24T13:38:33.187+0000] {dag.py:3954} INFO - Setting next_dagrun for example_branch_datetime_operator to 2026-05-23 00:00:00+00:00, run_after=2026-05-24 00:00:00+00:00
[2026-05-24T13:38:33.189+0000] {logging_mixin.py:188} INFO - [2026-05-24T13:38:33.189+0000] {dag.py:3954} INFO - Setting next_dagrun for example_branch_datetime_operator_2 to 2026-05-23 00:00:00+00:00, run_after=2026-05-24 00:00:00+00:00
[2026-05-24T13:38:33.191+0000] {logging_mixin.py:188} INFO - [2026-05-24T13:38:33.190+0000] {dag.py:3954} INFO - Setting next_dagrun for example_branch_datetime_operator_3 to 2026-05-23 00:00:00+00:00, run_after=2026-05-24 00:00:00+00:00
[2026-05-24T13:38:33.205+0000] {processor.py:183} INFO - Processing /home/varn1t/ml-pipeline/venv/lib/python3.11/site-packages/airflow/example_dags/example_branch_datetime_operator.py took 0.062 seconds
[2026-05-24T13:39:24.114+0000] {processor.py:161} INFO - Started process (PID=7707) to work on /home/varn1t/ml-pipeline/venv/lib/python3.11/site-packages/airflow/example_dags/example_branch_datetime_operator.py
[2026-05-24T13:39:24.115+0000] {processor.py:830} INFO - Processing file /home/varn1t/ml-pipeline/venv/lib/python3.11/site-packages/airflow/example_dags/example_branch_datetime_operator.py for tasks to queue
[2026-05-24T13:39:24.115+0000] {logging_mixin.py:188} INFO - [2026-05-24T13:39:24.115+0000] {dagbag.py:545} INFO - Filling up the DagBag from /home/varn1t/ml-pipeline/venv/lib/python3.11/site-packages/airflow/example_dags/example_branch_datetime_operator.py
[2026-05-24T13:39:24.122+0000] {processor.py:840} INFO - DAG(s) 'example_branch_datetime_operator_2', 'example_branch_datetime_operator', 'example_branch_datetime_operator_3' retrieved from /home/varn1t/ml-pipeline/venv/lib/python3.11/site-packages/airflow/example_dags/example_branch_datetime_operator.py
[2026-05-24T13:39:24.135+0000] {logging_mixin.py:188} INFO - [2026-05-24T13:39:24.135+0000] {dag.py:3096} INFO - Sync 3 DAGs
[2026-05-24T13:39:24.146+0000] {logging_mixin.py:188} INFO - [2026-05-24T13:39:24.146+0000] {dag.py:3954} INFO - Setting next_dagrun for example_branch_datetime_operator to 2026-05-23 00:00:00+00:00, run_after=2026-05-24 00:00:00+00:00
[2026-05-24T13:39:24.148+0000] {logging_mixin.py:188} INFO - [2026-05-24T13:39:24.148+0000] {dag.py:3954} INFO - Setting next_dagrun for example_branch_datetime_operator_2 to 2026-05-23 00:00:00+00:00, run_after=2026-05-24 00:00:00+00:00
[2026-05-24T13:39:24.149+0000] {logging_mixin.py:188} INFO - [2026-05-24T13:39:24.149+0000] {dag.py:3954} INFO - Setting next_dagrun for example_branch_datetime_operator_3 to 2026-05-23 00:00:00+00:00, run_after=2026-05-24 00:00:00+00:00
[2026-05-24T13:39:24.162+0000] {processor.py:183} INFO - Processing /home/varn1t/ml-pipeline/venv/lib/python3.11/site-packages/airflow/example_dags/example_branch_datetime_operator.py took 0.052 seconds
[2026-05-24T13:40:24.241+0000] {processor.py:161} INFO - Started process (PID=7961) to work on /home/varn1t/ml-pipeline/venv/lib/python3.11/site-packages/airflow/example_dags/example_branch_datetime_operator.py
[2026-05-24T13:40:24.242+0000] {processor.py:830} INFO - Processing file /home/varn1t/ml-pipeline/venv/lib/python3.11/site-packages/airflow/example_dags/example_branch_datetime_operator.py for tasks to queue
[2026-05-24T13:40:24.243+0000] {logging_mixin.py:188} INFO - [2026-05-24T13:40:24.242+0000] {dagbag.py:545} INFO - Filling up the DagBag from /home/varn1t/ml-pipeline/venv/lib/python3.11/site-packages/airflow/example_dags/example_branch_datetime_operator.py
[2026-05-24T13:40:24.249+0000] {processor.py:840} INFO - DAG(s) 'example_branch_datetime_operator', 'example_branch_datetime_operator_2', 'example_branch_datetime_operator_3' retrieved from /home/varn1t/ml-pipeline/venv/lib/python3.11/site-packages/airflow/example_dags/example_branch_datetime_operator.py
[2026-05-24T13:40:24.263+0000] {logging_mixin.py:188} INFO - [2026-05-24T13:40:24.262+0000] {dag.py:3096} INFO - Sync 3 DAGs
[2026-05-24T13:40:24.276+0000] {logging_mixin.py:188} INFO - [2026-05-24T13:40:24.276+0000] {dag.py:3954} INFO - Setting next_dagrun for example_branch_datetime_operator to 2026-05-23 00:00:00+00:00, run_after=2026-05-24 00:00:00+00:00
[2026-05-24T13:40:24.279+0000] {logging_mixin.py:188} INFO - [2026-05-24T13:40:24.279+0000] {dag.py:3954} INFO - Setting next_dagrun for example_branch_datetime_operator_2 to 2026-05-23 00:00:00+00:00, run_after=2026-05-24 00:00:00+00:00
[2026-05-24T13:40:24.280+0000] {logging_mixin.py:188} INFO - [2026-05-24T13:40:24.280+0000] {dag.py:3954} INFO - Setting next_dagrun for example_branch_datetime_operator_3 to 2026-05-23 00:00:00+00:00, run_after=2026-05-24 00:00:00+00:00
[2026-05-24T13:40:24.294+0000] {processor.py:183} INFO - Processing /home/varn1t/ml-pipeline/venv/lib/python3.11/site-packages/airflow/example_dags/example_branch_datetime_operator.py took 0.057 seconds
[2026-05-24T13:41:22.226+0000] {processor.py:161} INFO - Started process (PID=8221) to work on /home/varn1t/ml-pipeline/venv/lib/python3.11/site-packages/airflow/example_dags/example_branch_datetime_operator.py
[2026-05-24T13:41:22.227+0000] {processor.py:830} INFO - Processing file /home/varn1t/ml-pipeline/venv/lib/python3.11/site-packages/airflow/example_dags/example_branch_datetime_operator.py for tasks to queue
[2026-05-24T13:41:22.227+0000] {logging_mixin.py:188} INFO - [2026-05-24T13:41:22.227+0000] {dagbag.py:545} INFO - Filling up the DagBag from /home/varn1t/ml-pipeline/venv/lib/python3.11/site-packages/airflow/example_dags/example_branch_datetime_operator.py
[2026-05-24T13:41:22.233+0000] {processor.py:840} INFO - DAG(s) 'example_branch_datetime_operator_3', 'example_branch_datetime_operator', 'example_branch_datetime_operator_2' retrieved from /home/varn1t/ml-pipeline/venv/lib/python3.11/site-packages/airflow/example_dags/example_branch_datetime_operator.py
[2026-05-24T13:41:22.247+0000] {logging_mixin.py:188} INFO - [2026-05-24T13:41:22.247+0000] {dag.py:3096} INFO - Sync 3 DAGs
[2026-05-24T13:41:22.262+0000] {logging_mixin.py:188} INFO - [2026-05-24T13:41:22.262+0000] {dag.py:3954} INFO - Setting next_dagrun for example_branch_datetime_operator to 2026-05-23 00:00:00+00:00, run_after=2026-05-24 00:00:00+00:00
[2026-05-24T13:41:22.264+0000] {logging_mixin.py:188} INFO - [2026-05-24T13:41:22.264+0000] {dag.py:3954} INFO - Setting next_dagrun for example_branch_datetime_operator_2 to 2026-05-23 00:00:00+00:00, run_after=2026-05-24 00:00:00+00:00
[2026-05-24T13:41:22.265+0000] {logging_mixin.py:188} INFO - [2026-05-24T13:41:22.265+0000] {dag.py:3954} INFO - Setting next_dagrun for example_branch_datetime_operator_3 to 2026-05-23 00:00:00+00:00, run_after=2026-05-24 00:00:00+00:00
[2026-05-24T13:41:22.280+0000] {processor.py:183} INFO - Processing /home/varn1t/ml-pipeline/venv/lib/python3.11/site-packages/airflow/example_dags/example_branch_datetime_operator.py took 0.058 seconds
[2026-05-24T13:42:23.517+0000] {processor.py:161} INFO - Started process (PID=8484) to work on /home/varn1t/ml-pipeline/venv/lib/python3.11/site-packages/airflow/example_dags/example_branch_datetime_operator.py
[2026-05-24T13:42:23.518+0000] {processor.py:830} INFO - Processing file /home/varn1t/ml-pipeline/venv/lib/python3.11/site-packages/airflow/example_dags/example_branch_datetime_operator.py for tasks to queue
[2026-05-24T13:42:23.518+0000] {logging_mixin.py:188} INFO - [2026-05-24T13:42:23.518+0000] {dagbag.py:545} INFO - Filling up the DagBag from /home/varn1t/ml-pipeline/venv/lib/python3.11/site-packages/airflow/example_dags/example_branch_datetime_operator.py
[2026-05-24T13:42:23.525+0000] {processor.py:840} INFO - DAG(s) 'example_branch_datetime_operator_3', 'example_branch_datetime_operator', 'example_branch_datetime_operator_2' retrieved from /home/varn1t/ml-pipeline/venv/lib/python3.11/site-packages/airflow/example_dags/example_branch_datetime_operator.py
[2026-05-24T13:42:23.541+0000] {logging_mixin.py:188} INFO - [2026-05-24T13:42:23.541+0000] {dag.py:3096} INFO - Sync 3 DAGs
[2026-05-24T13:42:23.555+0000] {logging_mixin.py:188} INFO - [2026-05-24T13:42:23.554+0000] {dag.py:3954} INFO - Setting next_dagrun for example_branch_datetime_operator to 2026-05-23 00:00:00+00:00, run_after=2026-05-24 00:00:00+00:00
[2026-05-24T13:42:23.557+0000] {logging_mixin.py:188} INFO - [2026-05-24T13:42:23.557+0000] {dag.py:3954} INFO - Setting next_dagrun for example_branch_datetime_operator_2 to 2026-05-23 00:00:00+00:00, run_after=2026-05-24 00:00:00+00:00
[2026-05-24T13:42:23.558+0000] {logging_mixin.py:188} INFO - [2026-05-24T13:42:23.558+0000] {dag.py:3954} INFO - Setting next_dagrun for example_branch_datetime_operator_3 to 2026-05-23 00:00:00+00:00, run_after=2026-05-24 00:00:00+00:00
[2026-05-24T13:42:23.571+0000] {processor.py:183} INFO - Processing /home/varn1t/ml-pipeline/venv/lib/python3.11/site-packages/airflow/example_dags/example_branch_datetime_operator.py took 0.058 seconds
[2026-05-24T13:43:25.963+0000] {processor.py:161} INFO - Started process (PID=8788) to work on /home/varn1t/ml-pipeline/venv/lib/python3.11/site-packages/airflow/example_dags/example_branch_datetime_operator.py
[2026-05-24T13:43:25.964+0000] {processor.py:830} INFO - Processing file /home/varn1t/ml-pipeline/venv/lib/python3.11/site-packages/airflow/example_dags/example_branch_datetime_operator.py for tasks to queue
[2026-05-24T13:43:25.965+0000] {logging_mixin.py:188} INFO - [2026-05-24T13:43:25.964+0000] {dagbag.py:545} INFO - Filling up the DagBag from /home/varn1t/ml-pipeline/venv/lib/python3.11/site-packages/airflow/example_dags/example_branch_datetime_operator.py
[2026-05-24T13:43:25.970+0000] {processor.py:840} INFO - DAG(s) 'example_branch_datetime_operator_3', 'example_branch_datetime_operator', 'example_branch_datetime_operator_2' retrieved from /home/varn1t/ml-pipeline/venv/lib/python3.11/site-packages/airflow/example_dags/example_branch_datetime_operator.py
[2026-05-24T13:43:25.983+0000] {logging_mixin.py:188} INFO - [2026-05-24T13:43:25.983+0000] {dag.py:3096} INFO - Sync 3 DAGs
[2026-05-24T13:43:25.994+0000] {logging_mixin.py:188} INFO - [2026-05-24T13:43:25.994+0000] {dag.py:3954} INFO - Setting next_dagrun for example_branch_datetime_operator to 2026-05-23 00:00:00+00:00, run_after=2026-05-24 00:00:00+00:00
[2026-05-24T13:43:25.996+0000] {logging_mixin.py:188} INFO - [2026-05-24T13:43:25.996+0000] {dag.py:3954} INFO - Setting next_dagrun for example_branch_datetime_operator_2 to 2026-05-23 00:00:00+00:00, run_after=2026-05-24 00:00:00+00:00
[2026-05-24T13:43:25.997+0000] {logging_mixin.py:188} INFO - [2026-05-24T13:43:25.997+0000] {dag.py:3954} INFO - Setting next_dagrun for example_branch_datetime_operator_3 to 2026-05-23 00:00:00+00:00, run_after=2026-05-24 00:00:00+00:00
[2026-05-24T13:43:26.011+0000] {processor.py:183} INFO - Processing /home/varn1t/ml-pipeline/venv/lib/python3.11/site-packages/airflow/example_dags/example_branch_datetime_operator.py took 0.051 seconds
[2026-05-24T13:44:31.009+0000] {processor.py:161} INFO - Started process (PID=9061) to work on /home/varn1t/ml-pipeline/venv/lib/python3.11/site-packages/airflow/example_dags/example_branch_datetime_operator.py
[2026-05-24T13:44:31.010+0000] {processor.py:830} INFO - Processing file /home/varn1t/ml-pipeline/venv/lib/python3.11/site-packages/airflow/example_dags/example_branch_datetime_operator.py for tasks to queue
[2026-05-24T13:44:31.010+0000] {logging_mixin.py:188} INFO - [2026-05-24T13:44:31.010+0000] {dagbag.py:545} INFO - Filling up the DagBag from /home/varn1t/ml-pipeline/venv/lib/python3.11/site-packages/airflow/example_dags/example_branch_datetime_operator.py
[2026-05-24T13:44:31.016+0000] {processor.py:840} INFO - DAG(s) 'example_branch_datetime_operator_3', 'example_branch_datetime_operator_2', 'example_branch_datetime_operator' retrieved from /home/varn1t/ml-pipeline/venv/lib/python3.11/site-packages/airflow/example_dags/example_branch_datetime_operator.py
[2026-05-24T13:44:31.029+0000] {logging_mixin.py:188} INFO - [2026-05-24T13:44:31.029+0000] {dag.py:3096} INFO - Sync 3 DAGs
[2026-05-24T13:44:31.044+0000] {logging_mixin.py:188} INFO - [2026-05-24T13:44:31.044+0000] {dag.py:3954} INFO - Setting next_dagrun for example_branch_datetime_operator to 2026-05-23 00:00:00+00:00, run_after=2026-05-24 00:00:00+00:00
[2026-05-24T13:44:31.046+0000] {logging_mixin.py:188} INFO - [2026-05-24T13:44:31.046+0000] {dag.py:3954} INFO - Setting next_dagrun for example_branch_datetime_operator_2 to 2026-05-23 00:00:00+00:00, run_after=2026-05-24 00:00:00+00:00
[2026-05-24T13:44:31.047+0000] {logging_mixin.py:188} INFO - [2026-05-24T13:44:31.047+0000] {dag.py:3954} INFO - Setting next_dagrun for example_branch_datetime_operator_3 to 2026-05-23 00:00:00+00:00, run_after=2026-05-24 00:00:00+00:00
[2026-05-24T13:44:31.060+0000] {processor.py:183} INFO - Processing /home/varn1t/ml-pipeline/venv/lib/python3.11/site-packages/airflow/example_dags/example_branch_datetime_operator.py took 0.055 seconds
[2026-05-24T13:45:32.869+0000] {processor.py:161} INFO - Started process (PID=9339) to work on /home/varn1t/ml-pipeline/venv/lib/python3.11/site-packages/airflow/example_dags/example_branch_datetime_operator.py
[2026-05-24T13:45:32.871+0000] {processor.py:830} INFO - Processing file /home/varn1t/ml-pipeline/venv/lib/python3.11/site-packages/airflow/example_dags/example_branch_datetime_operator.py for tasks to queue
[2026-05-24T13:45:32.871+0000] {logging_mixin.py:188} INFO - [2026-05-24T13:45:32.871+0000] {dagbag.py:545} INFO - Filling up the DagBag from /home/varn1t/ml-pipeline/venv/lib/python3.11/site-packages/airflow/example_dags/example_branch_datetime_operator.py
[2026-05-24T13:45:32.879+0000] {processor.py:840} INFO - DAG(s) 'example_branch_datetime_operator', 'example_branch_datetime_operator_3', 'example_branch_datetime_operator_2' retrieved from /home/varn1t/ml-pipeline/venv/lib/python3.11/site-packages/airflow/example_dags/example_branch_datetime_operator.py
[2026-05-24T13:45:32.893+0000] {logging_mixin.py:188} INFO - [2026-05-24T13:45:32.893+0000] {dag.py:3096} INFO - Sync 3 DAGs
[2026-05-24T13:45:32.908+0000] {logging_mixin.py:188} INFO - [2026-05-24T13:45:32.907+0000] {dag.py:3954} INFO - Setting next_dagrun for example_branch_datetime_operator to 2026-05-23 00:00:00+00:00, run_after=2026-05-24 00:00:00+00:00
[2026-05-24T13:45:32.910+0000] {logging_mixin.py:188} INFO - [2026-05-24T13:45:32.910+0000] {dag.py:3954} INFO - Setting next_dagrun for example_branch_datetime_operator_2 to 2026-05-23 00:00:00+00:00, run_after=2026-05-24 00:00:00+00:00
[2026-05-24T13:45:32.911+0000] {logging_mixin.py:188} INFO - [2026-05-24T13:45:32.911+0000] {dag.py:3954} INFO - Setting next_dagrun for example_branch_datetime_operator_3 to 2026-05-23 00:00:00+00:00, run_after=2026-05-24 00:00:00+00:00
[2026-05-24T13:45:32.926+0000] {processor.py:183} INFO - Processing /home/varn1t/ml-pipeline/venv/lib/python3.11/site-packages/airflow/example_dags/example_branch_datetime_operator.py took 0.061 seconds
[2026-05-24T13:46:36.143+0000] {processor.py:161} INFO - Started process (PID=9613) to work on /home/varn1t/ml-pipeline/venv/lib/python3.11/site-packages/airflow/example_dags/example_branch_datetime_operator.py
[2026-05-24T13:46:36.144+0000] {processor.py:830} INFO - Processing file /home/varn1t/ml-pipeline/venv/lib/python3.11/site-packages/airflow/example_dags/example_branch_datetime_operator.py for tasks to queue
[2026-05-24T13:46:36.145+0000] {logging_mixin.py:188} INFO - [2026-05-24T13:46:36.145+0000] {dagbag.py:545} INFO - Filling up the DagBag from /home/varn1t/ml-pipeline/venv/lib/python3.11/site-packages/airflow/example_dags/example_branch_datetime_operator.py
[2026-05-24T13:46:36.152+0000] {processor.py:840} INFO - DAG(s) 'example_branch_datetime_operator', 'example_branch_datetime_operator_2', 'example_branch_datetime_operator_3' retrieved from /home/varn1t/ml-pipeline/venv/lib/python3.11/site-packages/airflow/example_dags/example_branch_datetime_operator.py
[2026-05-24T13:46:36.167+0000] {logging_mixin.py:188} INFO - [2026-05-24T13:46:36.167+0000] {dag.py:3096} INFO - Sync 3 DAGs
[2026-05-24T13:46:36.179+0000] {logging_mixin.py:188} INFO - [2026-05-24T13:46:36.179+0000] {dag.py:3954} INFO - Setting next_dagrun for example_branch_datetime_operator to 2026-05-23 00:00:00+00:00, run_after=2026-05-24 00:00:00+00:00
[2026-05-24T13:46:36.182+0000] {logging_mixin.py:188} INFO - [2026-05-24T13:46:36.182+0000] {dag.py:3954} INFO - Setting next_dagrun for example_branch_datetime_operator_2 to 2026-05-23 00:00:00+00:00, run_after=2026-05-24 00:00:00+00:00
[2026-05-24T13:46:36.183+0000] {logging_mixin.py:188} INFO - [2026-05-24T13:46:36.183+0000] {dag.py:3954} INFO - Setting next_dagrun for example_branch_datetime_operator_3 to 2026-05-23 00:00:00+00:00, run_after=2026-05-24 00:00:00+00:00
[2026-05-24T13:46:36.200+0000] {processor.py:183} INFO - Processing /home/varn1t/ml-pipeline/venv/lib/python3.11/site-packages/airflow/example_dags/example_branch_datetime_operator.py took 0.062 seconds
[2026-05-24T13:47:43.118+0000] {processor.py:161} INFO - Started process (PID=9903) to work on /home/varn1t/ml-pipeline/venv/lib/python3.11/site-packages/airflow/example_dags/example_branch_datetime_operator.py
[2026-05-24T13:47:43.119+0000] {processor.py:830} INFO - Processing file /home/varn1t/ml-pipeline/venv/lib/python3.11/site-packages/airflow/example_dags/example_branch_datetime_operator.py for tasks to queue
[2026-05-24T13:47:43.119+0000] {logging_mixin.py:188} INFO - [2026-05-24T13:47:43.119+0000] {dagbag.py:545} INFO - Filling up the DagBag from /home/varn1t/ml-pipeline/venv/lib/python3.11/site-packages/airflow/example_dags/example_branch_datetime_operator.py
[2026-05-24T13:47:43.127+0000] {processor.py:840} INFO - DAG(s) 'example_branch_datetime_operator_2', 'example_branch_datetime_operator_3', 'example_branch_datetime_operator' retrieved from /home/varn1t/ml-pipeline/venv/lib/python3.11/site-packages/airflow/example_dags/example_branch_datetime_operator.py
[2026-05-24T13:47:43.144+0000] {logging_mixin.py:188} INFO - [2026-05-24T13:47:43.144+0000] {dag.py:3096} INFO - Sync 3 DAGs
[2026-05-24T13:47:43.161+0000] {logging_mixin.py:188} INFO - [2026-05-24T13:47:43.161+0000] {dag.py:3954} INFO - Setting next_dagrun for example_branch_datetime_operator to 2026-05-23 00:00:00+00:00, run_after=2026-05-24 00:00:00+00:00
[2026-05-24T13:47:43.164+0000] {logging_mixin.py:188} INFO - [2026-05-24T13:47:43.164+0000] {dag.py:3954} INFO - Setting next_dagrun for example_branch_datetime_operator_2 to 2026-05-23 00:00:00+00:00, run_after=2026-05-24 00:00:00+00:00
[2026-05-24T13:47:43.165+0000] {logging_mixin.py:188} INFO - [2026-05-24T13:47:43.165+0000] {dag.py:3954} INFO - Setting next_dagrun for example_branch_datetime_operator_3 to 2026-05-23 00:00:00+00:00, run_after=2026-05-24 00:00:00+00:00
[2026-05-24T13:47:43.181+0000] {processor.py:183} INFO - Processing /home/varn1t/ml-pipeline/venv/lib/python3.11/site-packages/airflow/example_dags/example_branch_datetime_operator.py took 0.067 seconds
[2026-05-24T13:48:44.039+0000] {processor.py:161} INFO - Started process (PID=10462) to work on /home/varn1t/ml-pipeline/venv/lib/python3.11/site-packages/airflow/example_dags/example_branch_datetime_operator.py
[2026-05-24T13:48:44.040+0000] {processor.py:830} INFO - Processing file /home/varn1t/ml-pipeline/venv/lib/python3.11/site-packages/airflow/example_dags/example_branch_datetime_operator.py for tasks to queue
[2026-05-24T13:48:44.041+0000] {logging_mixin.py:188} INFO - [2026-05-24T13:48:44.041+0000] {dagbag.py:545} INFO - Filling up the DagBag from /home/varn1t/ml-pipeline/venv/lib/python3.11/site-packages/airflow/example_dags/example_branch_datetime_operator.py
[2026-05-24T13:48:44.050+0000] {processor.py:840} INFO - DAG(s) 'example_branch_datetime_operator_3', 'example_branch_datetime_operator', 'example_branch_datetime_operator_2' retrieved from /home/varn1t/ml-pipeline/venv/lib/python3.11/site-packages/airflow/example_dags/example_branch_datetime_operator.py
[2026-05-24T13:48:44.072+0000] {logging_mixin.py:188} INFO - [2026-05-24T13:48:44.071+0000] {dag.py:3096} INFO - Sync 3 DAGs
[2026-05-24T13:48:44.088+0000] {logging_mixin.py:188} INFO - [2026-05-24T13:48:44.088+0000] {dag.py:3954} INFO - Setting next_dagrun for example_branch_datetime_operator to 2026-05-23 00:00:00+00:00, run_after=2026-05-24 00:00:00+00:00
[2026-05-24T13:48:44.092+0000] {logging_mixin.py:188} INFO - [2026-05-24T13:48:44.092+0000] {dag.py:3954} INFO - Setting next_dagrun for example_branch_datetime_operator_2 to 2026-05-23 00:00:00+00:00, run_after=2026-05-24 00:00:00+00:00
[2026-05-24T13:48:44.093+0000] {logging_mixin.py:188} INFO - [2026-05-24T13:48:44.093+0000] {dag.py:3954} INFO - Setting next_dagrun for example_branch_datetime_operator_3 to 2026-05-23 00:00:00+00:00, run_after=2026-05-24 00:00:00+00:00
[2026-05-24T13:48:44.110+0000] {processor.py:183} INFO - Processing /home/varn1t/ml-pipeline/venv/lib/python3.11/site-packages/airflow/example_dags/example_branch_datetime_operator.py took 0.076 seconds
[2026-05-24T13:49:45.087+0000] {processor.py:161} INFO - Started process (PID=11249) to work on /home/varn1t/ml-pipeline/venv/lib/python3.11/site-packages/airflow/example_dags/example_branch_datetime_operator.py
[2026-05-24T13:49:45.087+0000] {processor.py:830} INFO - Processing file /home/varn1t/ml-pipeline/venv/lib/python3.11/site-packages/airflow/example_dags/example_branch_datetime_operator.py for tasks to queue
[2026-05-24T13:49:45.088+0000] {logging_mixin.py:188} INFO - [2026-05-24T13:49:45.088+0000] {dagbag.py:545} INFO - Filling up the DagBag from /home/varn1t/ml-pipeline/venv/lib/python3.11/site-packages/airflow/example_dags/example_branch_datetime_operator.py
[2026-05-24T13:49:45.094+0000] {processor.py:840} INFO - DAG(s) 'example_branch_datetime_operator', 'example_branch_datetime_operator_2', 'example_branch_datetime_operator_3' retrieved from /home/varn1t/ml-pipeline/venv/lib/python3.11/site-packages/airflow/example_dags/example_branch_datetime_operator.py
[2026-05-24T13:49:45.107+0000] {logging_mixin.py:188} INFO - [2026-05-24T13:49:45.107+0000] {dag.py:3096} INFO - Sync 3 DAGs
[2026-05-24T13:49:45.117+0000] {logging_mixin.py:188} INFO - [2026-05-24T13:49:45.117+0000] {dag.py:3954} INFO - Setting next_dagrun for example_branch_datetime_operator to 2026-05-23 00:00:00+00:00, run_after=2026-05-24 00:00:00+00:00
[2026-05-24T13:49:45.119+0000] {logging_mixin.py:188} INFO - [2026-05-24T13:49:45.119+0000] {dag.py:3954} INFO - Setting next_dagrun for example_branch_datetime_operator_2 to 2026-05-23 00:00:00+00:00, run_after=2026-05-24 00:00:00+00:00
[2026-05-24T13:49:45.120+0000] {logging_mixin.py:188} INFO - [2026-05-24T13:49:45.120+0000] {dag.py:3954} INFO - Setting next_dagrun for example_branch_datetime_operator_3 to 2026-05-23 00:00:00+00:00, run_after=2026-05-24 00:00:00+00:00
[2026-05-24T13:49:45.135+0000] {processor.py:183} INFO - Processing /home/varn1t/ml-pipeline/venv/lib/python3.11/site-packages/airflow/example_dags/example_branch_datetime_operator.py took 0.052 seconds
[2026-05-24T13:50:44.363+0000] {processor.py:161} INFO - Started process (PID=11614) to work on /home/varn1t/ml-pipeline/venv/lib/python3.11/site-packages/airflow/example_dags/example_branch_datetime_operator.py
[2026-05-24T13:50:44.364+0000] {processor.py:830} INFO - Processing file /home/varn1t/ml-pipeline/venv/lib/python3.11/site-packages/airflow/example_dags/example_branch_datetime_operator.py for tasks to queue
[2026-05-24T13:50:44.364+0000] {logging_mixin.py:188} INFO - [2026-05-24T13:50:44.364+0000] {dagbag.py:545} INFO - Filling up the DagBag from /home/varn1t/ml-pipeline/venv/lib/python3.11/site-packages/airflow/example_dags/example_branch_datetime_operator.py
[2026-05-24T13:50:44.371+0000] {processor.py:840} INFO - DAG(s) 'example_branch_datetime_operator_3', 'example_branch_datetime_operator_2', 'example_branch_datetime_operator' retrieved from /home/varn1t/ml-pipeline/venv/lib/python3.11/site-packages/airflow/example_dags/example_branch_datetime_operator.py
[2026-05-24T13:50:44.386+0000] {logging_mixin.py:188} INFO - [2026-05-24T13:50:44.386+0000] {dag.py:3096} INFO - Sync 3 DAGs
[2026-05-24T13:50:44.402+0000] {logging_mixin.py:188} INFO - [2026-05-24T13:50:44.401+0000] {dag.py:3954} INFO - Setting next_dagrun for example_branch_datetime_operator to 2026-05-23 00:00:00+00:00, run_after=2026-05-24 00:00:00+00:00
[2026-05-24T13:50:44.404+0000] {logging_mixin.py:188} INFO - [2026-05-24T13:50:44.404+0000] {dag.py:3954} INFO - Setting next_dagrun for example_branch_datetime_operator_2 to 2026-05-23 00:00:00+00:00, run_after=2026-05-24 00:00:00+00:00
[2026-05-24T13:50:44.405+0000] {logging_mixin.py:188} INFO - [2026-05-24T13:50:44.405+0000] {dag.py:3954} INFO - Setting next_dagrun for example_branch_datetime_operator_3 to 2026-05-23 00:00:00+00:00, run_after=2026-05-24 00:00:00+00:00
[2026-05-24T13:50:44.417+0000] {processor.py:183} INFO - Processing /home/varn1t/ml-pipeline/venv/lib/python3.11/site-packages/airflow/example_dags/example_branch_datetime_operator.py took 0.058 seconds
[2026-05-24T13:51:46.878+0000] {processor.py:161} INFO - Started process (PID=12086) to work on /home/varn1t/ml-pipeline/venv/lib/python3.11/site-packages/airflow/example_dags/example_branch_datetime_operator.py
[2026-05-24T13:51:46.880+0000] {processor.py:830} INFO - Processing file /home/varn1t/ml-pipeline/venv/lib/python3.11/site-packages/airflow/example_dags/example_branch_datetime_operator.py for tasks to queue
[2026-05-24T13:51:46.881+0000] {logging_mixin.py:188} INFO - [2026-05-24T13:51:46.880+0000] {dagbag.py:545} INFO - Filling up the DagBag from /home/varn1t/ml-pipeline/venv/lib/python3.11/site-packages/airflow/example_dags/example_branch_datetime_operator.py
[2026-05-24T13:51:46.889+0000] {processor.py:840} INFO - DAG(s) 'example_branch_datetime_operator_2', 'example_branch_datetime_operator', 'example_branch_datetime_operator_3' retrieved from /home/varn1t/ml-pipeline/venv/lib/python3.11/site-packages/airflow/example_dags/example_branch_datetime_operator.py
[2026-05-24T13:51:46.905+0000] {logging_mixin.py:188} INFO - [2026-05-24T13:51:46.904+0000] {dag.py:3096} INFO - Sync 3 DAGs
[2026-05-24T13:51:46.918+0000] {logging_mixin.py:188} INFO - [2026-05-24T13:51:46.918+0000] {dag.py:3954} INFO - Setting next_dagrun for example_branch_datetime_operator to 2026-05-23 00:00:00+00:00, run_after=2026-05-24 00:00:00+00:00
[2026-05-24T13:51:46.920+0000] {logging_mixin.py:188} INFO - [2026-05-24T13:51:46.920+0000] {dag.py:3954} INFO - Setting next_dagrun for example_branch_datetime_operator_2 to 2026-05-23 00:00:00+00:00, run_after=2026-05-24 00:00:00+00:00
[2026-05-24T13:51:46.921+0000] {logging_mixin.py:188} INFO - [2026-05-24T13:51:46.921+0000] {dag.py:3954} INFO - Setting next_dagrun for example_branch_datetime_operator_3 to 2026-05-23 00:00:00+00:00, run_after=2026-05-24 00:00:00+00:00
[2026-05-24T13:51:46.934+0000] {processor.py:183} INFO - Processing /home/varn1t/ml-pipeline/venv/lib/python3.11/site-packages/airflow/example_dags/example_branch_datetime_operator.py took 0.062 seconds
[2026-05-24T13:52:48.415+0000] {processor.py:161} INFO - Started process (PID=12408) to work on /home/varn1t/ml-pipeline/venv/lib/python3.11/site-packages/airflow/example_dags/example_branch_datetime_operator.py
[2026-05-24T13:52:48.416+0000] {processor.py:830} INFO - Processing file /home/varn1t/ml-pipeline/venv/lib/python3.11/site-packages/airflow/example_dags/example_branch_datetime_operator.py for tasks to queue
[2026-05-24T13:52:48.417+0000] {logging_mixin.py:188} INFO - [2026-05-24T13:52:48.416+0000] {dagbag.py:545} INFO - Filling up the DagBag from /home/varn1t/ml-pipeline/venv/lib/python3.11/site-packages/airflow/example_dags/example_branch_datetime_operator.py
[2026-05-24T13:52:48.423+0000] {processor.py:840} INFO - DAG(s) 'example_branch_datetime_operator_3', 'example_branch_datetime_operator_2', 'example_branch_datetime_operator' retrieved from /home/varn1t/ml-pipeline/venv/lib/python3.11/site-packages/airflow/example_dags/example_branch_datetime_operator.py
[2026-05-24T13:52:48.435+0000] {logging_mixin.py:188} INFO - [2026-05-24T13:52:48.435+0000] {dag.py:3096} INFO - Sync 3 DAGs
[2026-05-24T13:52:48.451+0000] {logging_mixin.py:188} INFO - [2026-05-24T13:52:48.451+0000] {dag.py:3954} INFO - Setting next_dagrun for example_branch_datetime_operator to 2026-05-23 00:00:00+00:00, run_after=2026-05-24 00:00:00+00:00
[2026-05-24T13:52:48.454+0000] {logging_mixin.py:188} INFO - [2026-05-24T13:52:48.454+0000] {dag.py:3954} INFO - Setting next_dagrun for example_branch_datetime_operator_2 to 2026-05-23 00:00:00+00:00, run_after=2026-05-24 00:00:00+00:00
[2026-05-24T13:52:48.455+0000] {logging_mixin.py:188} INFO - [2026-05-24T13:52:48.455+0000] {dag.py:3954} INFO - Setting next_dagrun for example_branch_datetime_operator_3 to 2026-05-23 00:00:00+00:00, run_after=2026-05-24 00:00:00+00:00
[2026-05-24T13:52:48.468+0000] {processor.py:183} INFO - Processing /home/varn1t/ml-pipeline/venv/lib/python3.11/site-packages/airflow/example_dags/example_branch_datetime_operator.py took 0.056 seconds
[2026-05-24T13:53:53.294+0000] {processor.py:161} INFO - Started process (PID=12720) to work on /home/varn1t/ml-pipeline/venv/lib/python3.11/site-packages/airflow/example_dags/example_branch_datetime_operator.py
[2026-05-24T13:53:53.295+0000] {processor.py:830} INFO - Processing file /home/varn1t/ml-pipeline/venv/lib/python3.11/site-packages/airflow/example_dags/example_branch_datetime_operator.py for tasks to queue
[2026-05-24T13:53:53.296+0000] {logging_mixin.py:188} INFO - [2026-05-24T13:53:53.296+0000] {dagbag.py:545} INFO - Filling up the DagBag from /home/varn1t/ml-pipeline/venv/lib/python3.11/site-packages/airflow/example_dags/example_branch_datetime_operator.py
[2026-05-24T13:53:53.303+0000] {processor.py:840} INFO - DAG(s) 'example_branch_datetime_operator', 'example_branch_datetime_operator_3', 'example_branch_datetime_operator_2' retrieved from /home/varn1t/ml-pipeline/venv/lib/python3.11/site-packages/airflow/example_dags/example_branch_datetime_operator.py
[2026-05-24T13:53:53.317+0000] {logging_mixin.py:188} INFO - [2026-05-24T13:53:53.317+0000] {dag.py:3096} INFO - Sync 3 DAGs
[2026-05-24T13:53:53.331+0000] {logging_mixin.py:188} INFO - [2026-05-24T13:53:53.331+0000] {dag.py:3954} INFO - Setting next_dagrun for example_branch_datetime_operator to 2026-05-23 00:00:00+00:00, run_after=2026-05-24 00:00:00+00:00
[2026-05-24T13:53:53.334+0000] {logging_mixin.py:188} INFO - [2026-05-24T13:53:53.334+0000] {dag.py:3954} INFO - Setting next_dagrun for example_branch_datetime_operator_2 to 2026-05-23 00:00:00+00:00, run_after=2026-05-24 00:00:00+00:00
[2026-05-24T13:53:53.335+0000] {logging_mixin.py:188} INFO - [2026-05-24T13:53:53.335+0000] {dag.py:3954} INFO - Setting next_dagrun for example_branch_datetime_operator_3 to 2026-05-23 00:00:00+00:00, run_after=2026-05-24 00:00:00+00:00
[2026-05-24T13:53:53.350+0000] {processor.py:183} INFO - Processing /home/varn1t/ml-pipeline/venv/lib/python3.11/site-packages/airflow/example_dags/example_branch_datetime_operator.py took 0.061 seconds
[2026-05-24T13:54:53.438+0000] {processor.py:161} INFO - Started process (PID=12979) to work on /home/varn1t/ml-pipeline/venv/lib/python3.11/site-packages/airflow/example_dags/example_branch_datetime_operator.py
[2026-05-24T13:54:53.439+0000] {processor.py:830} INFO - Processing file /home/varn1t/ml-pipeline/venv/lib/python3.11/site-packages/airflow/example_dags/example_branch_datetime_operator.py for tasks to queue
[2026-05-24T13:54:53.439+0000] {logging_mixin.py:188} INFO - [2026-05-24T13:54:53.439+0000] {dagbag.py:545} INFO - Filling up the DagBag from /home/varn1t/ml-pipeline/venv/lib/python3.11/site-packages/airflow/example_dags/example_branch_datetime_operator.py
[2026-05-24T13:54:53.447+0000] {processor.py:840} INFO - DAG(s) 'example_branch_datetime_operator', 'example_branch_datetime_operator_3', 'example_branch_datetime_operator_2' retrieved from /home/varn1t/ml-pipeline/venv/lib/python3.11/site-packages/airflow/example_dags/example_branch_datetime_operator.py
[2026-05-24T13:54:53.460+0000] {logging_mixin.py:188} INFO - [2026-05-24T13:54:53.459+0000] {dag.py:3096} INFO - Sync 3 DAGs
[2026-05-24T13:54:53.471+0000] {logging_mixin.py:188} INFO - [2026-05-24T13:54:53.471+0000] {dag.py:3954} INFO - Setting next_dagrun for example_branch_datetime_operator to 2026-05-23 00:00:00+00:00, run_after=2026-05-24 00:00:00+00:00
[2026-05-24T13:54:53.473+0000] {logging_mixin.py:188} INFO - [2026-05-24T13:54:53.473+0000] {dag.py:3954} INFO - Setting next_dagrun for example_branch_datetime_operator_2 to 2026-05-23 00:00:00+00:00, run_after=2026-05-24 00:00:00+00:00
[2026-05-24T13:54:53.474+0000] {logging_mixin.py:188} INFO - [2026-05-24T13:54:53.474+0000] {dag.py:3954} INFO - Setting next_dagrun for example_branch_datetime_operator_3 to 2026-05-23 00:00:00+00:00, run_after=2026-05-24 00:00:00+00:00
[2026-05-24T13:54:53.487+0000] {processor.py:183} INFO - Processing /home/varn1t/ml-pipeline/venv/lib/python3.11/site-packages/airflow/example_dags/example_branch_datetime_operator.py took 0.053 seconds
[2026-05-24T13:55:51.026+0000] {processor.py:161} INFO - Started process (PID=13236) to work on /home/varn1t/ml-pipeline/venv/lib/python3.11/site-packages/airflow/example_dags/example_branch_datetime_operator.py
[2026-05-24T13:55:51.027+0000] {processor.py:830} INFO - Processing file /home/varn1t/ml-pipeline/venv/lib/python3.11/site-packages/airflow/example_dags/example_branch_datetime_operator.py for tasks to queue
[2026-05-24T13:55:51.027+0000] {logging_mixin.py:188} INFO - [2026-05-24T13:55:51.027+0000] {dagbag.py:545} INFO - Filling up the DagBag from /home/varn1t/ml-pipeline/venv/lib/python3.11/site-packages/airflow/example_dags/example_branch_datetime_operator.py
[2026-05-24T13:55:51.033+0000] {processor.py:840} INFO - DAG(s) 'example_branch_datetime_operator', 'example_branch_datetime_operator_2', 'example_branch_datetime_operator_3' retrieved from /home/varn1t/ml-pipeline/venv/lib/python3.11/site-packages/airflow/example_dags/example_branch_datetime_operator.py
[2026-05-24T13:55:51.047+0000] {logging_mixin.py:188} INFO - [2026-05-24T13:55:51.047+0000] {dag.py:3096} INFO - Sync 3 DAGs
[2026-05-24T13:55:51.061+0000] {logging_mixin.py:188} INFO - [2026-05-24T13:55:51.061+0000] {dag.py:3954} INFO - Setting next_dagrun for example_branch_datetime_operator to 2026-05-23 00:00:00+00:00, run_after=2026-05-24 00:00:00+00:00
[2026-05-24T13:55:51.063+0000] {logging_mixin.py:188} INFO - [2026-05-24T13:55:51.063+0000] {dag.py:3954} INFO - Setting next_dagrun for example_branch_datetime_operator_2 to 2026-05-23 00:00:00+00:00, run_after=2026-05-24 00:00:00+00:00
[2026-05-24T13:55:51.064+0000] {logging_mixin.py:188} INFO - [2026-05-24T13:55:51.064+0000] {dag.py:3954} INFO - Setting next_dagrun for example_branch_datetime_operator_3 to 2026-05-23 00:00:00+00:00, run_after=2026-05-24 00:00:00+00:00
[2026-05-24T13:55:51.077+0000] {processor.py:183} INFO - Processing /home/varn1t/ml-pipeline/venv/lib/python3.11/site-packages/airflow/example_dags/example_branch_datetime_operator.py took 0.057 seconds
[2026-05-24T13:56:51.318+0000] {processor.py:161} INFO - Started process (PID=13497) to work on /home/varn1t/ml-pipeline/venv/lib/python3.11/site-packages/airflow/example_dags/example_branch_datetime_operator.py
[2026-05-24T13:56:51.319+0000] {processor.py:830} INFO - Processing file /home/varn1t/ml-pipeline/venv/lib/python3.11/site-packages/airflow/example_dags/example_branch_datetime_operator.py for tasks to queue
[2026-05-24T13:56:51.320+0000] {logging_mixin.py:188} INFO - [2026-05-24T13:56:51.320+0000] {dagbag.py:545} INFO - Filling up the DagBag from /home/varn1t/ml-pipeline/venv/lib/python3.11/site-packages/airflow/example_dags/example_branch_datetime_operator.py
[2026-05-24T13:56:51.327+0000] {processor.py:840} INFO - DAG(s) 'example_branch_datetime_operator_2', 'example_branch_datetime_operator_3', 'example_branch_datetime_operator' retrieved from /home/varn1t/ml-pipeline/venv/lib/python3.11/site-packages/airflow/example_dags/example_branch_datetime_operator.py
[2026-05-24T13:56:51.342+0000] {logging_mixin.py:188} INFO - [2026-05-24T13:56:51.342+0000] {dag.py:3096} INFO - Sync 3 DAGs
[2026-05-24T13:56:51.356+0000] {logging_mixin.py:188} INFO - [2026-05-24T13:56:51.356+0000] {dag.py:3954} INFO - Setting next_dagrun for example_branch_datetime_operator to 2026-05-23 00:00:00+00:00, run_after=2026-05-24 00:00:00+00:00
[2026-05-24T13:56:51.358+0000] {logging_mixin.py:188} INFO - [2026-05-24T13:56:51.358+0000] {dag.py:3954} INFO - Setting next_dagrun for example_branch_datetime_operator_2 to 2026-05-23 00:00:00+00:00, run_after=2026-05-24 00:00:00+00:00
[2026-05-24T13:56:51.359+0000] {logging_mixin.py:188} INFO - [2026-05-24T13:56:51.359+0000] {dag.py:3954} INFO - Setting next_dagrun for example_branch_datetime_operator_3 to 2026-05-23 00:00:00+00:00, run_after=2026-05-24 00:00:00+00:00
[2026-05-24T13:56:51.381+0000] {processor.py:183} INFO - Processing /home/varn1t/ml-pipeline/venv/lib/python3.11/site-packages/airflow/example_dags/example_branch_datetime_operator.py took 0.067 seconds
[2026-05-24T13:57:58.468+0000] {processor.py:161} INFO - Started process (PID=13788) to work on /home/varn1t/ml-pipeline/venv/lib/python3.11/site-packages/airflow/example_dags/example_branch_datetime_operator.py
[2026-05-24T13:57:58.469+0000] {processor.py:830} INFO - Processing file /home/varn1t/ml-pipeline/venv/lib/python3.11/site-packages/airflow/example_dags/example_branch_datetime_operator.py for tasks to queue
[2026-05-24T13:57:58.469+0000] {logging_mixin.py:188} INFO - [2026-05-24T13:57:58.469+0000] {dagbag.py:545} INFO - Filling up the DagBag from /home/varn1t/ml-pipeline/venv/lib/python3.11/site-packages/airflow/example_dags/example_branch_datetime_operator.py
[2026-05-24T13:57:58.476+0000] {processor.py:840} INFO - DAG(s) 'example_branch_datetime_operator_3', 'example_branch_datetime_operator', 'example_branch_datetime_operator_2' retrieved from /home/varn1t/ml-pipeline/venv/lib/python3.11/site-packages/airflow/example_dags/example_branch_datetime_operator.py
[2026-05-24T13:57:58.489+0000] {logging_mixin.py:188} INFO - [2026-05-24T13:57:58.489+0000] {dag.py:3096} INFO - Sync 3 DAGs
[2026-05-24T13:57:58.501+0000] {logging_mixin.py:188} INFO - [2026-05-24T13:57:58.501+0000] {dag.py:3954} INFO - Setting next_dagrun for example_branch_datetime_operator to 2026-05-23 00:00:00+00:00, run_after=2026-05-24 00:00:00+00:00
[2026-05-24T13:57:58.503+0000] {logging_mixin.py:188} INFO - [2026-05-24T13:57:58.503+0000] {dag.py:3954} INFO - Setting next_dagrun for example_branch_datetime_operator_2 to 2026-05-23 00:00:00+00:00, run_after=2026-05-24 00:00:00+00:00
[2026-05-24T13:57:58.504+0000] {logging_mixin.py:188} INFO - [2026-05-24T13:57:58.504+0000] {dag.py:3954} INFO - Setting next_dagrun for example_branch_datetime_operator_3 to 2026-05-23 00:00:00+00:00, run_after=2026-05-24 00:00:00+00:00
[2026-05-24T13:57:58.520+0000] {processor.py:183} INFO - Processing /home/varn1t/ml-pipeline/venv/lib/python3.11/site-packages/airflow/example_dags/example_branch_datetime_operator.py took 0.058 seconds
[2026-05-24T13:58:59.238+0000] {processor.py:161} INFO - Started process (PID=14074) to work on /home/varn1t/ml-pipeline/venv/lib/python3.11/site-packages/airflow/example_dags/example_branch_datetime_operator.py
[2026-05-24T13:58:59.239+0000] {processor.py:830} INFO - Processing file /home/varn1t/ml-pipeline/venv/lib/python3.11/site-packages/airflow/example_dags/example_branch_datetime_operator.py for tasks to queue
[2026-05-24T13:58:59.240+0000] {logging_mixin.py:188} INFO - [2026-05-24T13:58:59.240+0000] {dagbag.py:545} INFO - Filling up the DagBag from /home/varn1t/ml-pipeline/venv/lib/python3.11/site-packages/airflow/example_dags/example_branch_datetime_operator.py
[2026-05-24T13:58:59.246+0000] {processor.py:840} INFO - DAG(s) 'example_branch_datetime_operator_3', 'example_branch_datetime_operator_2', 'example_branch_datetime_operator' retrieved from /home/varn1t/ml-pipeline/venv/lib/python3.11/site-packages/airflow/example_dags/example_branch_datetime_operator.py
[2026-05-24T13:58:59.259+0000] {logging_mixin.py:188} INFO - [2026-05-24T13:58:59.259+0000] {dag.py:3096} INFO - Sync 3 DAGs
[2026-05-24T13:58:59.272+0000] {logging_mixin.py:188} INFO - [2026-05-24T13:58:59.271+0000] {dag.py:3954} INFO - Setting next_dagrun for example_branch_datetime_operator to 2026-05-23 00:00:00+00:00, run_after=2026-05-24 00:00:00+00:00
[2026-05-24T13:58:59.274+0000] {logging_mixin.py:188} INFO - [2026-05-24T13:58:59.274+0000] {dag.py:3954} INFO - Setting next_dagrun for example_branch_datetime_operator_2 to 2026-05-23 00:00:00+00:00, run_after=2026-05-24 00:00:00+00:00
[2026-05-24T13:58:59.275+0000] {logging_mixin.py:188} INFO - [2026-05-24T13:58:59.275+0000] {dag.py:3954} INFO - Setting next_dagrun for example_branch_datetime_operator_3 to 2026-05-23 00:00:00+00:00, run_after=2026-05-24 00:00:00+00:00
[2026-05-24T13:58:59.291+0000] {processor.py:183} INFO - Processing /home/varn1t/ml-pipeline/venv/lib/python3.11/site-packages/airflow/example_dags/example_branch_datetime_operator.py took 0.057 seconds
[2026-05-24T14:00:02.745+0000] {processor.py:161} INFO - Started process (PID=14358) to work on /home/varn1t/ml-pipeline/venv/lib/python3.11/site-packages/airflow/example_dags/example_branch_datetime_operator.py
[2026-05-24T14:00:02.746+0000] {processor.py:830} INFO - Processing file /home/varn1t/ml-pipeline/venv/lib/python3.11/site-packages/airflow/example_dags/example_branch_datetime_operator.py for tasks to queue
[2026-05-24T14:00:02.746+0000] {logging_mixin.py:188} INFO - [2026-05-24T14:00:02.746+0000] {dagbag.py:545} INFO - Filling up the DagBag from /home/varn1t/ml-pipeline/venv/lib/python3.11/site-packages/airflow/example_dags/example_branch_datetime_operator.py
[2026-05-24T14:00:02.752+0000] {processor.py:840} INFO - DAG(s) 'example_branch_datetime_operator', 'example_branch_datetime_operator_2', 'example_branch_datetime_operator_3' retrieved from /home/varn1t/ml-pipeline/venv/lib/python3.11/site-packages/airflow/example_dags/example_branch_datetime_operator.py
[2026-05-24T14:00:02.765+0000] {logging_mixin.py:188} INFO - [2026-05-24T14:00:02.765+0000] {dag.py:3096} INFO - Sync 3 DAGs
[2026-05-24T14:00:02.777+0000] {logging_mixin.py:188} INFO - [2026-05-24T14:00:02.777+0000] {dag.py:3954} INFO - Setting next_dagrun for example_branch_datetime_operator to 2026-05-23 00:00:00+00:00, run_after=2026-05-24 00:00:00+00:00
[2026-05-24T14:00:02.779+0000] {logging_mixin.py:188} INFO - [2026-05-24T14:00:02.779+0000] {dag.py:3954} INFO - Setting next_dagrun for example_branch_datetime_operator_2 to 2026-05-23 00:00:00+00:00, run_after=2026-05-24 00:00:00+00:00
[2026-05-24T14:00:02.780+0000] {logging_mixin.py:188} INFO - [2026-05-24T14:00:02.780+0000] {dag.py:3954} INFO - Setting next_dagrun for example_branch_datetime_operator_3 to 2026-05-23 00:00:00+00:00, run_after=2026-05-24 00:00:00+00:00
[2026-05-24T14:00:02.794+0000] {processor.py:183} INFO - Processing /home/varn1t/ml-pipeline/venv/lib/python3.11/site-packages/airflow/example_dags/example_branch_datetime_operator.py took 0.053 seconds
[2026-05-24T14:01:00.567+0000] {processor.py:161} INFO - Started process (PID=14604) to work on /home/varn1t/ml-pipeline/venv/lib/python3.11/site-packages/airflow/example_dags/example_branch_datetime_operator.py
[2026-05-24T14:01:00.568+0000] {processor.py:830} INFO - Processing file /home/varn1t/ml-pipeline/venv/lib/python3.11/site-packages/airflow/example_dags/example_branch_datetime_operator.py for tasks to queue
[2026-05-24T14:01:00.568+0000] {logging_mixin.py:188} INFO - [2026-05-24T14:01:00.568+0000] {dagbag.py:545} INFO - Filling up the DagBag from /home/varn1t/ml-pipeline/venv/lib/python3.11/site-packages/airflow/example_dags/example_branch_datetime_operator.py
[2026-05-24T14:01:00.574+0000] {processor.py:840} INFO - DAG(s) 'example_branch_datetime_operator_3', 'example_branch_datetime_operator', 'example_branch_datetime_operator_2' retrieved from /home/varn1t/ml-pipeline/venv/lib/python3.11/site-packages/airflow/example_dags/example_branch_datetime_operator.py
[2026-05-24T14:01:00.587+0000] {logging_mixin.py:188} INFO - [2026-05-24T14:01:00.587+0000] {dag.py:3096} INFO - Sync 3 DAGs
[2026-05-24T14:01:00.598+0000] {logging_mixin.py:188} INFO - [2026-05-24T14:01:00.598+0000] {dag.py:3954} INFO - Setting next_dagrun for example_branch_datetime_operator to 2026-05-23 00:00:00+00:00, run_after=2026-05-24 00:00:00+00:00
[2026-05-24T14:01:00.601+0000] {logging_mixin.py:188} INFO - [2026-05-24T14:01:00.601+0000] {dag.py:3954} INFO - Setting next_dagrun for example_branch_datetime_operator_2 to 2026-05-23 00:00:00+00:00, run_after=2026-05-24 00:00:00+00:00
[2026-05-24T14:01:00.601+0000] {logging_mixin.py:188} INFO - [2026-05-24T14:01:00.601+0000] {dag.py:3954} INFO - Setting next_dagrun for example_branch_datetime_operator_3 to 2026-05-23 00:00:00+00:00, run_after=2026-05-24 00:00:00+00:00
[2026-05-24T14:01:00.615+0000] {processor.py:183} INFO - Processing /home/varn1t/ml-pipeline/venv/lib/python3.11/site-packages/airflow/example_dags/example_branch_datetime_operator.py took 0.052 seconds
[2026-05-24T14:02:01.342+0000] {processor.py:161} INFO - Started process (PID=14879) to work on /home/varn1t/ml-pipeline/venv/lib/python3.11/site-packages/airflow/example_dags/example_branch_datetime_operator.py
[2026-05-24T14:02:01.343+0000] {processor.py:830} INFO - Processing file /home/varn1t/ml-pipeline/venv/lib/python3.11/site-packages/airflow/example_dags/example_branch_datetime_operator.py for tasks to queue
[2026-05-24T14:02:01.344+0000] {logging_mixin.py:188} INFO - [2026-05-24T14:02:01.344+0000] {dagbag.py:545} INFO - Filling up the DagBag from /home/varn1t/ml-pipeline/venv/lib/python3.11/site-packages/airflow/example_dags/example_branch_datetime_operator.py
[2026-05-24T14:02:01.356+0000] {processor.py:840} INFO - DAG(s) 'example_branch_datetime_operator_3', 'example_branch_datetime_operator', 'example_branch_datetime_operator_2' retrieved from /home/varn1t/ml-pipeline/venv/lib/python3.11/site-packages/airflow/example_dags/example_branch_datetime_operator.py
[2026-05-24T14:02:01.375+0000] {logging_mixin.py:188} INFO - [2026-05-24T14:02:01.374+0000] {dag.py:3096} INFO - Sync 3 DAGs
[2026-05-24T14:02:01.392+0000] {logging_mixin.py:188} INFO - [2026-05-24T14:02:01.392+0000] {dag.py:3954} INFO - Setting next_dagrun for example_branch_datetime_operator to 2026-05-23 00:00:00+00:00, run_after=2026-05-24 00:00:00+00:00
[2026-05-24T14:02:01.395+0000] {logging_mixin.py:188} INFO - [2026-05-24T14:02:01.395+0000] {dag.py:3954} INFO - Setting next_dagrun for example_branch_datetime_operator_2 to 2026-05-23 00:00:00+00:00, run_after=2026-05-24 00:00:00+00:00
[2026-05-24T14:02:01.396+0000] {logging_mixin.py:188} INFO - [2026-05-24T14:02:01.396+0000] {dag.py:3954} INFO - Setting next_dagrun for example_branch_datetime_operator_3 to 2026-05-23 00:00:00+00:00, run_after=2026-05-24 00:00:00+00:00
[2026-05-24T14:02:01.413+0000] {processor.py:183} INFO - Processing /home/varn1t/ml-pipeline/venv/lib/python3.11/site-packages/airflow/example_dags/example_branch_datetime_operator.py took 0.077 seconds
[2026-05-24T14:02:58.656+0000] {processor.py:161} INFO - Started process (PID=15124) to work on /home/varn1t/ml-pipeline/venv/lib/python3.11/site-packages/airflow/example_dags/example_branch_datetime_operator.py
[2026-05-24T14:02:58.657+0000] {processor.py:830} INFO - Processing file /home/varn1t/ml-pipeline/venv/lib/python3.11/site-packages/airflow/example_dags/example_branch_datetime_operator.py for tasks to queue
[2026-05-24T14:02:58.657+0000] {logging_mixin.py:188} INFO - [2026-05-24T14:02:58.657+0000] {dagbag.py:545} INFO - Filling up the DagBag from /home/varn1t/ml-pipeline/venv/lib/python3.11/site-packages/airflow/example_dags/example_branch_datetime_operator.py
[2026-05-24T14:02:58.666+0000] {processor.py:840} INFO - DAG(s) 'example_branch_datetime_operator', 'example_branch_datetime_operator_3', 'example_branch_datetime_operator_2' retrieved from /home/varn1t/ml-pipeline/venv/lib/python3.11/site-packages/airflow/example_dags/example_branch_datetime_operator.py
[2026-05-24T14:02:58.685+0000] {logging_mixin.py:188} INFO - [2026-05-24T14:02:58.685+0000] {dag.py:3096} INFO - Sync 3 DAGs
[2026-05-24T14:02:58.700+0000] {logging_mixin.py:188} INFO - [2026-05-24T14:02:58.700+0000] {dag.py:3954} INFO - Setting next_dagrun for example_branch_datetime_operator to 2026-05-23 00:00:00+00:00, run_after=2026-05-24 00:00:00+00:00
[2026-05-24T14:02:58.702+0000] {logging_mixin.py:188} INFO - [2026-05-24T14:02:58.702+0000] {dag.py:3954} INFO - Setting next_dagrun for example_branch_datetime_operator_2 to 2026-05-23 00:00:00+00:00, run_after=2026-05-24 00:00:00+00:00
[2026-05-24T14:02:58.703+0000] {logging_mixin.py:188} INFO - [2026-05-24T14:02:58.703+0000] {dag.py:3954} INFO - Setting next_dagrun for example_branch_datetime_operator_3 to 2026-05-23 00:00:00+00:00, run_after=2026-05-24 00:00:00+00:00
[2026-05-24T14:02:58.718+0000] {processor.py:183} INFO - Processing /home/varn1t/ml-pipeline/venv/lib/python3.11/site-packages/airflow/example_dags/example_branch_datetime_operator.py took 0.067 seconds
[2026-05-24T14:04:00.600+0000] {processor.py:161} INFO - Started process (PID=15428) to work on /home/varn1t/ml-pipeline/venv/lib/python3.11/site-packages/airflow/example_dags/example_branch_datetime_operator.py
[2026-05-24T14:04:00.601+0000] {processor.py:830} INFO - Processing file /home/varn1t/ml-pipeline/venv/lib/python3.11/site-packages/airflow/example_dags/example_branch_datetime_operator.py for tasks to queue
[2026-05-24T14:04:00.602+0000] {logging_mixin.py:188} INFO - [2026-05-24T14:04:00.602+0000] {dagbag.py:545} INFO - Filling up the DagBag from /home/varn1t/ml-pipeline/venv/lib/python3.11/site-packages/airflow/example_dags/example_branch_datetime_operator.py
[2026-05-24T14:04:00.609+0000] {processor.py:840} INFO - DAG(s) 'example_branch_datetime_operator_3', 'example_branch_datetime_operator', 'example_branch_datetime_operator_2' retrieved from /home/varn1t/ml-pipeline/venv/lib/python3.11/site-packages/airflow/example_dags/example_branch_datetime_operator.py
[2026-05-24T14:04:00.627+0000] {logging_mixin.py:188} INFO - [2026-05-24T14:04:00.627+0000] {dag.py:3096} INFO - Sync 3 DAGs
[2026-05-24T14:04:00.646+0000] {logging_mixin.py:188} INFO - [2026-05-24T14:04:00.646+0000] {dag.py:3954} INFO - Setting next_dagrun for example_branch_datetime_operator to 2026-05-23 00:00:00+00:00, run_after=2026-05-24 00:00:00+00:00
[2026-05-24T14:04:00.650+0000] {logging_mixin.py:188} INFO - [2026-05-24T14:04:00.650+0000] {dag.py:3954} INFO - Setting next_dagrun for example_branch_datetime_operator_2 to 2026-05-23 00:00:00+00:00, run_after=2026-05-24 00:00:00+00:00
[2026-05-24T14:04:00.651+0000] {logging_mixin.py:188} INFO - [2026-05-24T14:04:00.651+0000] {dag.py:3954} INFO - Setting next_dagrun for example_branch_datetime_operator_3 to 2026-05-23 00:00:00+00:00, run_after=2026-05-24 00:00:00+00:00
[2026-05-24T14:04:00.669+0000] {processor.py:183} INFO - Processing /home/varn1t/ml-pipeline/venv/lib/python3.11/site-packages/airflow/example_dags/example_branch_datetime_operator.py took 0.074 seconds
[2026-05-24T14:05:03.549+0000] {processor.py:161} INFO - Started process (PID=15688) to work on /home/varn1t/ml-pipeline/venv/lib/python3.11/site-packages/airflow/example_dags/example_branch_datetime_operator.py
[2026-05-24T14:05:03.550+0000] {processor.py:830} INFO - Processing file /home/varn1t/ml-pipeline/venv/lib/python3.11/site-packages/airflow/example_dags/example_branch_datetime_operator.py for tasks to queue
[2026-05-24T14:05:03.551+0000] {logging_mixin.py:188} INFO - [2026-05-24T14:05:03.551+0000] {dagbag.py:545} INFO - Filling up the DagBag from /home/varn1t/ml-pipeline/venv/lib/python3.11/site-packages/airflow/example_dags/example_branch_datetime_operator.py
[2026-05-24T14:05:03.559+0000] {processor.py:840} INFO - DAG(s) 'example_branch_datetime_operator_2', 'example_branch_datetime_operator_3', 'example_branch_datetime_operator' retrieved from /home/varn1t/ml-pipeline/venv/lib/python3.11/site-packages/airflow/example_dags/example_branch_datetime_operator.py
[2026-05-24T14:05:03.575+0000] {logging_mixin.py:188} INFO - [2026-05-24T14:05:03.575+0000] {dag.py:3096} INFO - Sync 3 DAGs
[2026-05-24T14:05:03.589+0000] {logging_mixin.py:188} INFO - [2026-05-24T14:05:03.589+0000] {dag.py:3954} INFO - Setting next_dagrun for example_branch_datetime_operator to 2026-05-23 00:00:00+00:00, run_after=2026-05-24 00:00:00+00:00
[2026-05-24T14:05:03.591+0000] {logging_mixin.py:188} INFO - [2026-05-24T14:05:03.591+0000] {dag.py:3954} INFO - Setting next_dagrun for example_branch_datetime_operator_2 to 2026-05-23 00:00:00+00:00, run_after=2026-05-24 00:00:00+00:00
[2026-05-24T14:05:03.592+0000] {logging_mixin.py:188} INFO - [2026-05-24T14:05:03.592+0000] {dag.py:3954} INFO - Setting next_dagrun for example_branch_datetime_operator_3 to 2026-05-23 00:00:00+00:00, run_after=2026-05-24 00:00:00+00:00
[2026-05-24T14:05:03.607+0000] {processor.py:183} INFO - Processing /home/varn1t/ml-pipeline/venv/lib/python3.11/site-packages/airflow/example_dags/example_branch_datetime_operator.py took 0.063 seconds
[2026-05-24T14:06:05.354+0000] {processor.py:161} INFO - Started process (PID=15964) to work on /home/varn1t/ml-pipeline/venv/lib/python3.11/site-packages/airflow/example_dags/example_branch_datetime_operator.py
[2026-05-24T14:06:05.355+0000] {processor.py:830} INFO - Processing file /home/varn1t/ml-pipeline/venv/lib/python3.11/site-packages/airflow/example_dags/example_branch_datetime_operator.py for tasks to queue
[2026-05-24T14:06:05.355+0000] {logging_mixin.py:188} INFO - [2026-05-24T14:06:05.355+0000] {dagbag.py:545} INFO - Filling up the DagBag from /home/varn1t/ml-pipeline/venv/lib/python3.11/site-packages/airflow/example_dags/example_branch_datetime_operator.py
[2026-05-24T14:06:05.361+0000] {processor.py:840} INFO - DAG(s) 'example_branch_datetime_operator_3', 'example_branch_datetime_operator', 'example_branch_datetime_operator_2' retrieved from /home/varn1t/ml-pipeline/venv/lib/python3.11/site-packages/airflow/example_dags/example_branch_datetime_operator.py
[2026-05-24T14:06:05.374+0000] {logging_mixin.py:188} INFO - [2026-05-24T14:06:05.374+0000] {dag.py:3096} INFO - Sync 3 DAGs
[2026-05-24T14:06:05.385+0000] {logging_mixin.py:188} INFO - [2026-05-24T14:06:05.385+0000] {dag.py:3954} INFO - Setting next_dagrun for example_branch_datetime_operator to 2026-05-23 00:00:00+00:00, run_after=2026-05-24 00:00:00+00:00
[2026-05-24T14:06:05.387+0000] {logging_mixin.py:188} INFO - [2026-05-24T14:06:05.387+0000] {dag.py:3954} INFO - Setting next_dagrun for example_branch_datetime_operator_2 to 2026-05-23 00:00:00+00:00, run_after=2026-05-24 00:00:00+00:00
[2026-05-24T14:06:05.388+0000] {logging_mixin.py:188} INFO - [2026-05-24T14:06:05.388+0000] {dag.py:3954} INFO - Setting next_dagrun for example_branch_datetime_operator_3 to 2026-05-23 00:00:00+00:00, run_after=2026-05-24 00:00:00+00:00
[2026-05-24T14:06:05.401+0000] {processor.py:183} INFO - Processing /home/varn1t/ml-pipeline/venv/lib/python3.11/site-packages/airflow/example_dags/example_branch_datetime_operator.py took 0.051 seconds
[2026-05-24T14:07:10.361+0000] {processor.py:161} INFO - Started process (PID=16269) to work on /home/varn1t/ml-pipeline/venv/lib/python3.11/site-packages/airflow/example_dags/example_branch_datetime_operator.py
[2026-05-24T14:07:10.362+0000] {processor.py:830} INFO - Processing file /home/varn1t/ml-pipeline/venv/lib/python3.11/site-packages/airflow/example_dags/example_branch_datetime_operator.py for tasks to queue
[2026-05-24T14:07:10.363+0000] {logging_mixin.py:188} INFO - [2026-05-24T14:07:10.363+0000] {dagbag.py:545} INFO - Filling up the DagBag from /home/varn1t/ml-pipeline/venv/lib/python3.11/site-packages/airflow/example_dags/example_branch_datetime_operator.py
[2026-05-24T14:07:10.369+0000] {processor.py:840} INFO - DAG(s) 'example_branch_datetime_operator_2', 'example_branch_datetime_operator_3', 'example_branch_datetime_operator' retrieved from /home/varn1t/ml-pipeline/venv/lib/python3.11/site-packages/airflow/example_dags/example_branch_datetime_operator.py
[2026-05-24T14:07:10.384+0000] {logging_mixin.py:188} INFO - [2026-05-24T14:07:10.384+0000] {dag.py:3096} INFO - Sync 3 DAGs
[2026-05-24T14:07:10.396+0000] {logging_mixin.py:188} INFO - [2026-05-24T14:07:10.396+0000] {dag.py:3954} INFO - Setting next_dagrun for example_branch_datetime_operator to 2026-05-23 00:00:00+00:00, run_after=2026-05-24 00:00:00+00:00
[2026-05-24T14:07:10.398+0000] {logging_mixin.py:188} INFO - [2026-05-24T14:07:10.398+0000] {dag.py:3954} INFO - Setting next_dagrun for example_branch_datetime_operator_2 to 2026-05-23 00:00:00+00:00, run_after=2026-05-24 00:00:00+00:00
[2026-05-24T14:07:10.399+0000] {logging_mixin.py:188} INFO - [2026-05-24T14:07:10.399+0000] {dag.py:3954} INFO - Setting next_dagrun for example_branch_datetime_operator_3 to 2026-05-23 00:00:00+00:00, run_after=2026-05-24 00:00:00+00:00
[2026-05-24T14:07:10.412+0000] {processor.py:183} INFO - Processing /home/varn1t/ml-pipeline/venv/lib/python3.11/site-packages/airflow/example_dags/example_branch_datetime_operator.py took 0.054 seconds
[2026-05-24T14:08:13.036+0000] {processor.py:161} INFO - Started process (PID=16547) to work on /home/varn1t/ml-pipeline/venv/lib/python3.11/site-packages/airflow/example_dags/example_branch_datetime_operator.py
[2026-05-24T14:08:13.037+0000] {processor.py:830} INFO - Processing file /home/varn1t/ml-pipeline/venv/lib/python3.11/site-packages/airflow/example_dags/example_branch_datetime_operator.py for tasks to queue
[2026-05-24T14:08:13.038+0000] {logging_mixin.py:188} INFO - [2026-05-24T14:08:13.037+0000] {dagbag.py:545} INFO - Filling up the DagBag from /home/varn1t/ml-pipeline/venv/lib/python3.11/site-packages/airflow/example_dags/example_branch_datetime_operator.py
[2026-05-24T14:08:13.045+0000] {processor.py:840} INFO - DAG(s) 'example_branch_datetime_operator', 'example_branch_datetime_operator_3', 'example_branch_datetime_operator_2' retrieved from /home/varn1t/ml-pipeline/venv/lib/python3.11/site-packages/airflow/example_dags/example_branch_datetime_operator.py
[2026-05-24T14:08:13.060+0000] {logging_mixin.py:188} INFO - [2026-05-24T14:08:13.060+0000] {dag.py:3096} INFO - Sync 3 DAGs
[2026-05-24T14:08:13.074+0000] {logging_mixin.py:188} INFO - [2026-05-24T14:08:13.073+0000] {dag.py:3954} INFO - Setting next_dagrun for example_branch_datetime_operator to 2026-05-23 00:00:00+00:00, run_after=2026-05-24 00:00:00+00:00
[2026-05-24T14:08:13.076+0000] {logging_mixin.py:188} INFO - [2026-05-24T14:08:13.076+0000] {dag.py:3954} INFO - Setting next_dagrun for example_branch_datetime_operator_2 to 2026-05-23 00:00:00+00:00, run_after=2026-05-24 00:00:00+00:00
[2026-05-24T14:08:13.077+0000] {logging_mixin.py:188} INFO - [2026-05-24T14:08:13.077+0000] {dag.py:3954} INFO - Setting next_dagrun for example_branch_datetime_operator_3 to 2026-05-23 00:00:00+00:00, run_after=2026-05-24 00:00:00+00:00
[2026-05-24T14:08:13.092+0000] {processor.py:183} INFO - Processing /home/varn1t/ml-pipeline/venv/lib/python3.11/site-packages/airflow/example_dags/example_branch_datetime_operator.py took 0.060 seconds
[2026-05-24T14:09:13.365+0000] {processor.py:161} INFO - Started process (PID=16830) to work on /home/varn1t/ml-pipeline/venv/lib/python3.11/site-packages/airflow/example_dags/example_branch_datetime_operator.py
[2026-05-24T14:09:13.366+0000] {processor.py:830} INFO - Processing file /home/varn1t/ml-pipeline/venv/lib/python3.11/site-packages/airflow/example_dags/example_branch_datetime_operator.py for tasks to queue
[2026-05-24T14:09:13.367+0000] {logging_mixin.py:188} INFO - [2026-05-24T14:09:13.367+0000] {dagbag.py:545} INFO - Filling up the DagBag from /home/varn1t/ml-pipeline/venv/lib/python3.11/site-packages/airflow/example_dags/example_branch_datetime_operator.py
[2026-05-24T14:09:13.375+0000] {processor.py:840} INFO - DAG(s) 'example_branch_datetime_operator_2', 'example_branch_datetime_operator', 'example_branch_datetime_operator_3' retrieved from /home/varn1t/ml-pipeline/venv/lib/python3.11/site-packages/airflow/example_dags/example_branch_datetime_operator.py
[2026-05-24T14:09:13.391+0000] {logging_mixin.py:188} INFO - [2026-05-24T14:09:13.391+0000] {dag.py:3096} INFO - Sync 3 DAGs
[2026-05-24T14:09:13.405+0000] {logging_mixin.py:188} INFO - [2026-05-24T14:09:13.405+0000] {dag.py:3954} INFO - Setting next_dagrun for example_branch_datetime_operator to 2026-05-23 00:00:00+00:00, run_after=2026-05-24 00:00:00+00:00
[2026-05-24T14:09:13.407+0000] {logging_mixin.py:188} INFO - [2026-05-24T14:09:13.407+0000] {dag.py:3954} INFO - Setting next_dagrun for example_branch_datetime_operator_2 to 2026-05-23 00:00:00+00:00, run_after=2026-05-24 00:00:00+00:00
[2026-05-24T14:09:13.408+0000] {logging_mixin.py:188} INFO - [2026-05-24T14:09:13.408+0000] {dag.py:3954} INFO - Setting next_dagrun for example_branch_datetime_operator_3 to 2026-05-23 00:00:00+00:00, run_after=2026-05-24 00:00:00+00:00
[2026-05-24T14:09:13.424+0000] {processor.py:183} INFO - Processing /home/varn1t/ml-pipeline/venv/lib/python3.11/site-packages/airflow/example_dags/example_branch_datetime_operator.py took 0.064 seconds
[2026-05-24T14:10:17.110+0000] {processor.py:161} INFO - Started process (PID=17113) to work on /home/varn1t/ml-pipeline/venv/lib/python3.11/site-packages/airflow/example_dags/example_branch_datetime_operator.py
[2026-05-24T14:10:17.111+0000] {processor.py:830} INFO - Processing file /home/varn1t/ml-pipeline/venv/lib/python3.11/site-packages/airflow/example_dags/example_branch_datetime_operator.py for tasks to queue
[2026-05-24T14:10:17.112+0000] {logging_mixin.py:188} INFO - [2026-05-24T14:10:17.111+0000] {dagbag.py:545} INFO - Filling up the DagBag from /home/varn1t/ml-pipeline/venv/lib/python3.11/site-packages/airflow/example_dags/example_branch_datetime_operator.py
[2026-05-24T14:10:17.119+0000] {processor.py:840} INFO - DAG(s) 'example_branch_datetime_operator', 'example_branch_datetime_operator_2', 'example_branch_datetime_operator_3' retrieved from /home/varn1t/ml-pipeline/venv/lib/python3.11/site-packages/airflow/example_dags/example_branch_datetime_operator.py
[2026-05-24T14:10:17.131+0000] {logging_mixin.py:188} INFO - [2026-05-24T14:10:17.131+0000] {dag.py:3096} INFO - Sync 3 DAGs
[2026-05-24T14:10:17.143+0000] {logging_mixin.py:188} INFO - [2026-05-24T14:10:17.143+0000] {dag.py:3954} INFO - Setting next_dagrun for example_branch_datetime_operator to 2026-05-23 00:00:00+00:00, run_after=2026-05-24 00:00:00+00:00
[2026-05-24T14:10:17.145+0000] {logging_mixin.py:188} INFO - [2026-05-24T14:10:17.145+0000] {dag.py:3954} INFO - Setting next_dagrun for example_branch_datetime_operator_2 to 2026-05-23 00:00:00+00:00, run_after=2026-05-24 00:00:00+00:00
[2026-05-24T14:10:17.146+0000] {logging_mixin.py:188} INFO - [2026-05-24T14:10:17.146+0000] {dag.py:3954} INFO - Setting next_dagrun for example_branch_datetime_operator_3 to 2026-05-23 00:00:00+00:00, run_after=2026-05-24 00:00:00+00:00
[2026-05-24T14:10:17.158+0000] {processor.py:183} INFO - Processing /home/varn1t/ml-pipeline/venv/lib/python3.11/site-packages/airflow/example_dags/example_branch_datetime_operator.py took 0.052 seconds
[2026-05-24T14:11:19.937+0000] {processor.py:161} INFO - Started process (PID=17392) to work on /home/varn1t/ml-pipeline/venv/lib/python3.11/site-packages/airflow/example_dags/example_branch_datetime_operator.py
[2026-05-24T14:11:19.938+0000] {processor.py:830} INFO - Processing file /home/varn1t/ml-pipeline/venv/lib/python3.11/site-packages/airflow/example_dags/example_branch_datetime_operator.py for tasks to queue
[2026-05-24T14:11:19.939+0000] {logging_mixin.py:188} INFO - [2026-05-24T14:11:19.939+0000] {dagbag.py:545} INFO - Filling up the DagBag from /home/varn1t/ml-pipeline/venv/lib/python3.11/site-packages/airflow/example_dags/example_branch_datetime_operator.py
[2026-05-24T14:11:19.945+0000] {processor.py:840} INFO - DAG(s) 'example_branch_datetime_operator', 'example_branch_datetime_operator_3', 'example_branch_datetime_operator_2' retrieved from /home/varn1t/ml-pipeline/venv/lib/python3.11/site-packages/airflow/example_dags/example_branch_datetime_operator.py
[2026-05-24T14:11:19.962+0000] {logging_mixin.py:188} INFO - [2026-05-24T14:11:19.962+0000] {dag.py:3096} INFO - Sync 3 DAGs
[2026-05-24T14:11:19.978+0000] {logging_mixin.py:188} INFO - [2026-05-24T14:11:19.978+0000] {dag.py:3954} INFO - Setting next_dagrun for example_branch_datetime_operator to 2026-05-23 00:00:00+00:00, run_after=2026-05-24 00:00:00+00:00
[2026-05-24T14:11:19.981+0000] {logging_mixin.py:188} INFO - [2026-05-24T14:11:19.981+0000] {dag.py:3954} INFO - Setting next_dagrun for example_branch_datetime_operator_2 to 2026-05-23 00:00:00+00:00, run_after=2026-05-24 00:00:00+00:00
[2026-05-24T14:11:19.982+0000] {logging_mixin.py:188} INFO - [2026-05-24T14:11:19.982+0000] {dag.py:3954} INFO - Setting next_dagrun for example_branch_datetime_operator_3 to 2026-05-23 00:00:00+00:00, run_after=2026-05-24 00:00:00+00:00
[2026-05-24T14:11:19.997+0000] {processor.py:183} INFO - Processing /home/varn1t/ml-pipeline/venv/lib/python3.11/site-packages/airflow/example_dags/example_branch_datetime_operator.py took 0.066 seconds
[2026-05-24T14:12:18.948+0000] {processor.py:161} INFO - Started process (PID=17658) to work on /home/varn1t/ml-pipeline/venv/lib/python3.11/site-packages/airflow/example_dags/example_branch_datetime_operator.py
[2026-05-24T14:12:18.949+0000] {processor.py:830} INFO - Processing file /home/varn1t/ml-pipeline/venv/lib/python3.11/site-packages/airflow/example_dags/example_branch_datetime_operator.py for tasks to queue
[2026-05-24T14:12:18.949+0000] {logging_mixin.py:188} INFO - [2026-05-24T14:12:18.949+0000] {dagbag.py:545} INFO - Filling up the DagBag from /home/varn1t/ml-pipeline/venv/lib/python3.11/site-packages/airflow/example_dags/example_branch_datetime_operator.py
[2026-05-24T14:12:18.956+0000] {processor.py:840} INFO - DAG(s) 'example_branch_datetime_operator_2', 'example_branch_datetime_operator_3', 'example_branch_datetime_operator' retrieved from /home/varn1t/ml-pipeline/venv/lib/python3.11/site-packages/airflow/example_dags/example_branch_datetime_operator.py
[2026-05-24T14:12:18.970+0000] {logging_mixin.py:188} INFO - [2026-05-24T14:12:18.970+0000] {dag.py:3096} INFO - Sync 3 DAGs
[2026-05-24T14:12:18.985+0000] {logging_mixin.py:188} INFO - [2026-05-24T14:12:18.984+0000] {dag.py:3954} INFO - Setting next_dagrun for example_branch_datetime_operator to 2026-05-23 00:00:00+00:00, run_after=2026-05-24 00:00:00+00:00
[2026-05-24T14:12:18.988+0000] {logging_mixin.py:188} INFO - [2026-05-24T14:12:18.988+0000] {dag.py:3954} INFO - Setting next_dagrun for example_branch_datetime_operator_2 to 2026-05-23 00:00:00+00:00, run_after=2026-05-24 00:00:00+00:00
[2026-05-24T14:12:18.989+0000] {logging_mixin.py:188} INFO - [2026-05-24T14:12:18.989+0000] {dag.py:3954} INFO - Setting next_dagrun for example_branch_datetime_operator_3 to 2026-05-23 00:00:00+00:00, run_after=2026-05-24 00:00:00+00:00
[2026-05-24T14:12:19.007+0000] {processor.py:183} INFO - Processing /home/varn1t/ml-pipeline/venv/lib/python3.11/site-packages/airflow/example_dags/example_branch_datetime_operator.py took 0.065 seconds
[2026-05-24T14:13:19.776+0000] {processor.py:161} INFO - Started process (PID=17917) to work on /home/varn1t/ml-pipeline/venv/lib/python3.11/site-packages/airflow/example_dags/example_branch_datetime_operator.py
[2026-05-24T14:13:19.777+0000] {processor.py:830} INFO - Processing file /home/varn1t/ml-pipeline/venv/lib/python3.11/site-packages/airflow/example_dags/example_branch_datetime_operator.py for tasks to queue
[2026-05-24T14:13:19.778+0000] {logging_mixin.py:188} INFO - [2026-05-24T14:13:19.778+0000] {dagbag.py:545} INFO - Filling up the DagBag from /home/varn1t/ml-pipeline/venv/lib/python3.11/site-packages/airflow/example_dags/example_branch_datetime_operator.py
[2026-05-24T14:13:19.784+0000] {processor.py:840} INFO - DAG(s) 'example_branch_datetime_operator_2', 'example_branch_datetime_operator', 'example_branch_datetime_operator_3' retrieved from /home/varn1t/ml-pipeline/venv/lib/python3.11/site-packages/airflow/example_dags/example_branch_datetime_operator.py
[2026-05-24T14:13:19.799+0000] {logging_mixin.py:188} INFO - [2026-05-24T14:13:19.798+0000] {dag.py:3096} INFO - Sync 3 DAGs
[2026-05-24T14:13:19.812+0000] {logging_mixin.py:188} INFO - [2026-05-24T14:13:19.812+0000] {dag.py:3954} INFO - Setting next_dagrun for example_branch_datetime_operator to 2026-05-23 00:00:00+00:00, run_after=2026-05-24 00:00:00+00:00
[2026-05-24T14:13:19.815+0000] {logging_mixin.py:188} INFO - [2026-05-24T14:13:19.815+0000] {dag.py:3954} INFO - Setting next_dagrun for example_branch_datetime_operator_2 to 2026-05-23 00:00:00+00:00, run_after=2026-05-24 00:00:00+00:00
[2026-05-24T14:13:19.816+0000] {logging_mixin.py:188} INFO - [2026-05-24T14:13:19.816+0000] {dag.py:3954} INFO - Setting next_dagrun for example_branch_datetime_operator_3 to 2026-05-23 00:00:00+00:00, run_after=2026-05-24 00:00:00+00:00
[2026-05-24T14:13:19.830+0000] {processor.py:183} INFO - Processing /home/varn1t/ml-pipeline/venv/lib/python3.11/site-packages/airflow/example_dags/example_branch_datetime_operator.py took 0.058 seconds
[2026-05-24T14:14:20.711+0000] {processor.py:161} INFO - Started process (PID=18213) to work on /home/varn1t/ml-pipeline/venv/lib/python3.11/site-packages/airflow/example_dags/example_branch_datetime_operator.py
[2026-05-24T14:14:20.711+0000] {processor.py:830} INFO - Processing file /home/varn1t/ml-pipeline/venv/lib/python3.11/site-packages/airflow/example_dags/example_branch_datetime_operator.py for tasks to queue
[2026-05-24T14:14:20.712+0000] {logging_mixin.py:188} INFO - [2026-05-24T14:14:20.712+0000] {dagbag.py:545} INFO - Filling up the DagBag from /home/varn1t/ml-pipeline/venv/lib/python3.11/site-packages/airflow/example_dags/example_branch_datetime_operator.py
[2026-05-24T14:14:20.719+0000] {processor.py:840} INFO - DAG(s) 'example_branch_datetime_operator', 'example_branch_datetime_operator_2', 'example_branch_datetime_operator_3' retrieved from /home/varn1t/ml-pipeline/venv/lib/python3.11/site-packages/airflow/example_dags/example_branch_datetime_operator.py
[2026-05-24T14:14:20.736+0000] {logging_mixin.py:188} INFO - [2026-05-24T14:14:20.736+0000] {dag.py:3096} INFO - Sync 3 DAGs
[2026-05-24T14:14:20.750+0000] {logging_mixin.py:188} INFO - [2026-05-24T14:14:20.749+0000] {dag.py:3954} INFO - Setting next_dagrun for example_branch_datetime_operator to 2026-05-23 00:00:00+00:00, run_after=2026-05-24 00:00:00+00:00
[2026-05-24T14:14:20.752+0000] {logging_mixin.py:188} INFO - [2026-05-24T14:14:20.752+0000] {dag.py:3954} INFO - Setting next_dagrun for example_branch_datetime_operator_2 to 2026-05-23 00:00:00+00:00, run_after=2026-05-24 00:00:00+00:00
[2026-05-24T14:14:20.753+0000] {logging_mixin.py:188} INFO - [2026-05-24T14:14:20.753+0000] {dag.py:3954} INFO - Setting next_dagrun for example_branch_datetime_operator_3 to 2026-05-23 00:00:00+00:00, run_after=2026-05-24 00:00:00+00:00
[2026-05-24T14:14:20.771+0000] {processor.py:183} INFO - Processing /home/varn1t/ml-pipeline/venv/lib/python3.11/site-packages/airflow/example_dags/example_branch_datetime_operator.py took 0.065 seconds
[2026-05-24T14:15:24.498+0000] {processor.py:161} INFO - Started process (PID=18477) to work on /home/varn1t/ml-pipeline/venv/lib/python3.11/site-packages/airflow/example_dags/example_branch_datetime_operator.py
[2026-05-24T14:15:24.507+0000] {processor.py:830} INFO - Processing file /home/varn1t/ml-pipeline/venv/lib/python3.11/site-packages/airflow/example_dags/example_branch_datetime_operator.py for tasks to queue
[2026-05-24T14:15:24.509+0000] {logging_mixin.py:188} INFO - [2026-05-24T14:15:24.508+0000] {dagbag.py:545} INFO - Filling up the DagBag from /home/varn1t/ml-pipeline/venv/lib/python3.11/site-packages/airflow/example_dags/example_branch_datetime_operator.py
[2026-05-24T14:15:24.583+0000] {processor.py:840} INFO - DAG(s) 'example_branch_datetime_operator_2', 'example_branch_datetime_operator_3', 'example_branch_datetime_operator' retrieved from /home/varn1t/ml-pipeline/venv/lib/python3.11/site-packages/airflow/example_dags/example_branch_datetime_operator.py
[2026-05-24T14:15:24.738+0000] {logging_mixin.py:188} INFO - [2026-05-24T14:15:24.738+0000] {dag.py:3096} INFO - Sync 3 DAGs
[2026-05-24T14:15:24.890+0000] {logging_mixin.py:188} INFO - [2026-05-24T14:15:24.889+0000] {dag.py:3954} INFO - Setting next_dagrun for example_branch_datetime_operator to 2026-05-23 00:00:00+00:00, run_after=2026-05-24 00:00:00+00:00
[2026-05-24T14:15:24.914+0000] {logging_mixin.py:188} INFO - [2026-05-24T14:15:24.913+0000] {dag.py:3954} INFO - Setting next_dagrun for example_branch_datetime_operator_2 to 2026-05-23 00:00:00+00:00, run_after=2026-05-24 00:00:00+00:00
[2026-05-24T14:15:24.925+0000] {logging_mixin.py:188} INFO - [2026-05-24T14:15:24.924+0000] {dag.py:3954} INFO - Setting next_dagrun for example_branch_datetime_operator_3 to 2026-05-23 00:00:00+00:00, run_after=2026-05-24 00:00:00+00:00
[2026-05-24T14:15:25.044+0000] {processor.py:183} INFO - Processing /home/varn1t/ml-pipeline/venv/lib/python3.11/site-packages/airflow/example_dags/example_branch_datetime_operator.py took 0.577 seconds
[2026-05-24T14:16:17.111+0000] {processor.py:161} INFO - Started process (PID=18709) to work on /home/varn1t/ml-pipeline/venv/lib/python3.11/site-packages/airflow/example_dags/example_branch_datetime_operator.py
[2026-05-24T14:16:17.112+0000] {processor.py:830} INFO - Processing file /home/varn1t/ml-pipeline/venv/lib/python3.11/site-packages/airflow/example_dags/example_branch_datetime_operator.py for tasks to queue
[2026-05-24T14:16:17.113+0000] {logging_mixin.py:188} INFO - [2026-05-24T14:16:17.113+0000] {dagbag.py:545} INFO - Filling up the DagBag from /home/varn1t/ml-pipeline/venv/lib/python3.11/site-packages/airflow/example_dags/example_branch_datetime_operator.py
[2026-05-24T14:16:17.121+0000] {processor.py:840} INFO - DAG(s) 'example_branch_datetime_operator_2', 'example_branch_datetime_operator_3', 'example_branch_datetime_operator' retrieved from /home/varn1t/ml-pipeline/venv/lib/python3.11/site-packages/airflow/example_dags/example_branch_datetime_operator.py
[2026-05-24T14:16:17.137+0000] {logging_mixin.py:188} INFO - [2026-05-24T14:16:17.137+0000] {dag.py:3096} INFO - Sync 3 DAGs
[2026-05-24T14:16:17.153+0000] {logging_mixin.py:188} INFO - [2026-05-24T14:16:17.153+0000] {dag.py:3954} INFO - Setting next_dagrun for example_branch_datetime_operator to 2026-05-23 00:00:00+00:00, run_after=2026-05-24 00:00:00+00:00
[2026-05-24T14:16:17.156+0000] {logging_mixin.py:188} INFO - [2026-05-24T14:16:17.156+0000] {dag.py:3954} INFO - Setting next_dagrun for example_branch_datetime_operator_2 to 2026-05-23 00:00:00+00:00, run_after=2026-05-24 00:00:00+00:00
[2026-05-24T14:16:17.157+0000] {logging_mixin.py:188} INFO - [2026-05-24T14:16:17.157+0000] {dag.py:3954} INFO - Setting next_dagrun for example_branch_datetime_operator_3 to 2026-05-23 00:00:00+00:00, run_after=2026-05-24 00:00:00+00:00
[2026-05-24T14:16:17.172+0000] {processor.py:183} INFO - Processing /home/varn1t/ml-pipeline/venv/lib/python3.11/site-packages/airflow/example_dags/example_branch_datetime_operator.py took 0.066 seconds
[2026-05-24T14:17:12.293+0000] {processor.py:161} INFO - Started process (PID=18965) to work on /home/varn1t/ml-pipeline/venv/lib/python3.11/site-packages/airflow/example_dags/example_branch_datetime_operator.py
[2026-05-24T14:17:12.295+0000] {processor.py:830} INFO - Processing file /home/varn1t/ml-pipeline/venv/lib/python3.11/site-packages/airflow/example_dags/example_branch_datetime_operator.py for tasks to queue
[2026-05-24T14:17:12.297+0000] {logging_mixin.py:188} INFO - [2026-05-24T14:17:12.296+0000] {dagbag.py:545} INFO - Filling up the DagBag from /home/varn1t/ml-pipeline/venv/lib/python3.11/site-packages/airflow/example_dags/example_branch_datetime_operator.py
[2026-05-24T14:17:12.317+0000] {processor.py:840} INFO - DAG(s) 'example_branch_datetime_operator_3', 'example_branch_datetime_operator_2', 'example_branch_datetime_operator' retrieved from /home/varn1t/ml-pipeline/venv/lib/python3.11/site-packages/airflow/example_dags/example_branch_datetime_operator.py
[2026-05-24T14:17:12.365+0000] {logging_mixin.py:188} INFO - [2026-05-24T14:17:12.365+0000] {dag.py:3096} INFO - Sync 3 DAGs
[2026-05-24T14:17:12.418+0000] {logging_mixin.py:188} INFO - [2026-05-24T14:17:12.418+0000] {dag.py:3954} INFO - Setting next_dagrun for example_branch_datetime_operator to 2026-05-23 00:00:00+00:00, run_after=2026-05-24 00:00:00+00:00
[2026-05-24T14:17:12.430+0000] {logging_mixin.py:188} INFO - [2026-05-24T14:17:12.429+0000] {dag.py:3954} INFO - Setting next_dagrun for example_branch_datetime_operator_2 to 2026-05-23 00:00:00+00:00, run_after=2026-05-24 00:00:00+00:00
[2026-05-24T14:17:12.435+0000] {logging_mixin.py:188} INFO - [2026-05-24T14:17:12.435+0000] {dag.py:3954} INFO - Setting next_dagrun for example_branch_datetime_operator_3 to 2026-05-23 00:00:00+00:00, run_after=2026-05-24 00:00:00+00:00
[2026-05-24T14:17:12.493+0000] {processor.py:183} INFO - Processing /home/varn1t/ml-pipeline/venv/lib/python3.11/site-packages/airflow/example_dags/example_branch_datetime_operator.py took 0.216 seconds
[2026-05-24T14:18:07.967+0000] {processor.py:161} INFO - Started process (PID=19214) to work on /home/varn1t/ml-pipeline/venv/lib/python3.11/site-packages/airflow/example_dags/example_branch_datetime_operator.py
[2026-05-24T14:18:07.969+0000] {processor.py:830} INFO - Processing file /home/varn1t/ml-pipeline/venv/lib/python3.11/site-packages/airflow/example_dags/example_branch_datetime_operator.py for tasks to queue
[2026-05-24T14:18:07.969+0000] {logging_mixin.py:188} INFO - [2026-05-24T14:18:07.969+0000] {dagbag.py:545} INFO - Filling up the DagBag from /home/varn1t/ml-pipeline/venv/lib/python3.11/site-packages/airflow/example_dags/example_branch_datetime_operator.py
[2026-05-24T14:18:07.977+0000] {processor.py:840} INFO - DAG(s) 'example_branch_datetime_operator_2', 'example_branch_datetime_operator', 'example_branch_datetime_operator_3' retrieved from /home/varn1t/ml-pipeline/venv/lib/python3.11/site-packages/airflow/example_dags/example_branch_datetime_operator.py
[2026-05-24T14:18:07.995+0000] {logging_mixin.py:188} INFO - [2026-05-24T14:18:07.995+0000] {dag.py:3096} INFO - Sync 3 DAGs
[2026-05-24T14:18:08.008+0000] {logging_mixin.py:188} INFO - [2026-05-24T14:18:08.007+0000] {dag.py:3954} INFO - Setting next_dagrun for example_branch_datetime_operator to 2026-05-23 00:00:00+00:00, run_after=2026-05-24 00:00:00+00:00
[2026-05-24T14:18:08.010+0000] {logging_mixin.py:188} INFO - [2026-05-24T14:18:08.010+0000] {dag.py:3954} INFO - Setting next_dagrun for example_branch_datetime_operator_2 to 2026-05-23 00:00:00+00:00, run_after=2026-05-24 00:00:00+00:00
[2026-05-24T14:18:08.011+0000] {logging_mixin.py:188} INFO - [2026-05-24T14:18:08.011+0000] {dag.py:3954} INFO - Setting next_dagrun for example_branch_datetime_operator_3 to 2026-05-23 00:00:00+00:00, run_after=2026-05-24 00:00:00+00:00
[2026-05-24T14:18:08.026+0000] {processor.py:183} INFO - Processing /home/varn1t/ml-pipeline/venv/lib/python3.11/site-packages/airflow/example_dags/example_branch_datetime_operator.py took 0.065 seconds
[2026-05-24T14:19:12.171+0000] {processor.py:161} INFO - Started process (PID=19537) to work on /home/varn1t/ml-pipeline/venv/lib/python3.11/site-packages/airflow/example_dags/example_branch_datetime_operator.py
[2026-05-24T14:19:12.172+0000] {processor.py:830} INFO - Processing file /home/varn1t/ml-pipeline/venv/lib/python3.11/site-packages/airflow/example_dags/example_branch_datetime_operator.py for tasks to queue
[2026-05-24T14:19:12.173+0000] {logging_mixin.py:188} INFO - [2026-05-24T14:19:12.173+0000] {dagbag.py:545} INFO - Filling up the DagBag from /home/varn1t/ml-pipeline/venv/lib/python3.11/site-packages/airflow/example_dags/example_branch_datetime_operator.py
[2026-05-24T14:19:12.182+0000] {processor.py:840} INFO - DAG(s) 'example_branch_datetime_operator_3', 'example_branch_datetime_operator', 'example_branch_datetime_operator_2' retrieved from /home/varn1t/ml-pipeline/venv/lib/python3.11/site-packages/airflow/example_dags/example_branch_datetime_operator.py
[2026-05-24T14:19:12.198+0000] {logging_mixin.py:188} INFO - [2026-05-24T14:19:12.198+0000] {dag.py:3096} INFO - Sync 3 DAGs
[2026-05-24T14:19:12.212+0000] {logging_mixin.py:188} INFO - [2026-05-24T14:19:12.212+0000] {dag.py:3954} INFO - Setting next_dagrun for example_branch_datetime_operator to 2026-05-23 00:00:00+00:00, run_after=2026-05-24 00:00:00+00:00
[2026-05-24T14:19:12.215+0000] {logging_mixin.py:188} INFO - [2026-05-24T14:19:12.215+0000] {dag.py:3954} INFO - Setting next_dagrun for example_branch_datetime_operator_2 to 2026-05-23 00:00:00+00:00, run_after=2026-05-24 00:00:00+00:00
[2026-05-24T14:19:12.216+0000] {logging_mixin.py:188} INFO - [2026-05-24T14:19:12.216+0000] {dag.py:3954} INFO - Setting next_dagrun for example_branch_datetime_operator_3 to 2026-05-23 00:00:00+00:00, run_after=2026-05-24 00:00:00+00:00
[2026-05-24T14:19:12.234+0000] {processor.py:183} INFO - Processing /home/varn1t/ml-pipeline/venv/lib/python3.11/site-packages/airflow/example_dags/example_branch_datetime_operator.py took 0.069 seconds
[2026-05-24T14:20:16.291+0000] {processor.py:161} INFO - Started process (PID=19823) to work on /home/varn1t/ml-pipeline/venv/lib/python3.11/site-packages/airflow/example_dags/example_branch_datetime_operator.py
[2026-05-24T14:20:16.292+0000] {processor.py:830} INFO - Processing file /home/varn1t/ml-pipeline/venv/lib/python3.11/site-packages/airflow/example_dags/example_branch_datetime_operator.py for tasks to queue
[2026-05-24T14:20:16.293+0000] {logging_mixin.py:188} INFO - [2026-05-24T14:20:16.293+0000] {dagbag.py:545} INFO - Filling up the DagBag from /home/varn1t/ml-pipeline/venv/lib/python3.11/site-packages/airflow/example_dags/example_branch_datetime_operator.py
[2026-05-24T14:20:16.301+0000] {processor.py:840} INFO - DAG(s) 'example_branch_datetime_operator_3', 'example_branch_datetime_operator_2', 'example_branch_datetime_operator' retrieved from /home/varn1t/ml-pipeline/venv/lib/python3.11/site-packages/airflow/example_dags/example_branch_datetime_operator.py
[2026-05-24T14:20:16.317+0000] {logging_mixin.py:188} INFO - [2026-05-24T14:20:16.317+0000] {dag.py:3096} INFO - Sync 3 DAGs
[2026-05-24T14:20:16.331+0000] {logging_mixin.py:188} INFO - [2026-05-24T14:20:16.331+0000] {dag.py:3954} INFO - Setting next_dagrun for example_branch_datetime_operator to 2026-05-23 00:00:00+00:00, run_after=2026-05-24 00:00:00+00:00
[2026-05-24T14:20:16.334+0000] {logging_mixin.py:188} INFO - [2026-05-24T14:20:16.334+0000] {dag.py:3954} INFO - Setting next_dagrun for example_branch_datetime_operator_2 to 2026-05-23 00:00:00+00:00, run_after=2026-05-24 00:00:00+00:00
[2026-05-24T14:20:16.335+0000] {logging_mixin.py:188} INFO - [2026-05-24T14:20:16.335+0000] {dag.py:3954} INFO - Setting next_dagrun for example_branch_datetime_operator_3 to 2026-05-23 00:00:00+00:00, run_after=2026-05-24 00:00:00+00:00
[2026-05-24T14:20:16.351+0000] {processor.py:183} INFO - Processing /home/varn1t/ml-pipeline/venv/lib/python3.11/site-packages/airflow/example_dags/example_branch_datetime_operator.py took 0.065 seconds
[2026-05-24T14:21:17.077+0000] {processor.py:161} INFO - Started process (PID=20103) to work on /home/varn1t/ml-pipeline/venv/lib/python3.11/site-packages/airflow/example_dags/example_branch_datetime_operator.py
[2026-05-24T14:21:17.078+0000] {processor.py:830} INFO - Processing file /home/varn1t/ml-pipeline/venv/lib/python3.11/site-packages/airflow/example_dags/example_branch_datetime_operator.py for tasks to queue
[2026-05-24T14:21:17.078+0000] {logging_mixin.py:188} INFO - [2026-05-24T14:21:17.078+0000] {dagbag.py:545} INFO - Filling up the DagBag from /home/varn1t/ml-pipeline/venv/lib/python3.11/site-packages/airflow/example_dags/example_branch_datetime_operator.py
[2026-05-24T14:21:17.086+0000] {processor.py:840} INFO - DAG(s) 'example_branch_datetime_operator', 'example_branch_datetime_operator_3', 'example_branch_datetime_operator_2' retrieved from /home/varn1t/ml-pipeline/venv/lib/python3.11/site-packages/airflow/example_dags/example_branch_datetime_operator.py
[2026-05-24T14:21:17.109+0000] {logging_mixin.py:188} INFO - [2026-05-24T14:21:17.109+0000] {dag.py:3096} INFO - Sync 3 DAGs
[2026-05-24T14:21:17.127+0000] {logging_mixin.py:188} INFO - [2026-05-24T14:21:17.127+0000] {dag.py:3954} INFO - Setting next_dagrun for example_branch_datetime_operator to 2026-05-23 00:00:00+00:00, run_after=2026-05-24 00:00:00+00:00
[2026-05-24T14:21:17.130+0000] {logging_mixin.py:188} INFO - [2026-05-24T14:21:17.130+0000] {dag.py:3954} INFO - Setting next_dagrun for example_branch_datetime_operator_2 to 2026-05-23 00:00:00+00:00, run_after=2026-05-24 00:00:00+00:00
[2026-05-24T14:21:17.131+0000] {logging_mixin.py:188} INFO - [2026-05-24T14:21:17.131+0000] {dag.py:3954} INFO - Setting next_dagrun for example_branch_datetime_operator_3 to 2026-05-23 00:00:00+00:00, run_after=2026-05-24 00:00:00+00:00
[2026-05-24T14:21:17.149+0000] {processor.py:183} INFO - Processing /home/varn1t/ml-pipeline/venv/lib/python3.11/site-packages/airflow/example_dags/example_branch_datetime_operator.py took 0.078 seconds
[2026-05-24T14:22:19.776+0000] {processor.py:161} INFO - Started process (PID=20386) to work on /home/varn1t/ml-pipeline/venv/lib/python3.11/site-packages/airflow/example_dags/example_branch_datetime_operator.py
[2026-05-24T14:22:19.777+0000] {processor.py:830} INFO - Processing file /home/varn1t/ml-pipeline/venv/lib/python3.11/site-packages/airflow/example_dags/example_branch_datetime_operator.py for tasks to queue
[2026-05-24T14:22:19.778+0000] {logging_mixin.py:188} INFO - [2026-05-24T14:22:19.778+0000] {dagbag.py:545} INFO - Filling up the DagBag from /home/varn1t/ml-pipeline/venv/lib/python3.11/site-packages/airflow/example_dags/example_branch_datetime_operator.py
[2026-05-24T14:22:19.786+0000] {processor.py:840} INFO - DAG(s) 'example_branch_datetime_operator_3', 'example_branch_datetime_operator_2', 'example_branch_datetime_operator' retrieved from /home/varn1t/ml-pipeline/venv/lib/python3.11/site-packages/airflow/example_dags/example_branch_datetime_operator.py
[2026-05-24T14:22:19.805+0000] {logging_mixin.py:188} INFO - [2026-05-24T14:22:19.805+0000] {dag.py:3096} INFO - Sync 3 DAGs
[2026-05-24T14:22:19.822+0000] {logging_mixin.py:188} INFO - [2026-05-24T14:22:19.822+0000] {dag.py:3954} INFO - Setting next_dagrun for example_branch_datetime_operator to 2026-05-23 00:00:00+00:00, run_after=2026-05-24 00:00:00+00:00
[2026-05-24T14:22:19.824+0000] {logging_mixin.py:188} INFO - [2026-05-24T14:22:19.824+0000] {dag.py:3954} INFO - Setting next_dagrun for example_branch_datetime_operator_2 to 2026-05-23 00:00:00+00:00, run_after=2026-05-24 00:00:00+00:00
[2026-05-24T14:22:19.825+0000] {logging_mixin.py:188} INFO - [2026-05-24T14:22:19.825+0000] {dag.py:3954} INFO - Setting next_dagrun for example_branch_datetime_operator_3 to 2026-05-23 00:00:00+00:00, run_after=2026-05-24 00:00:00+00:00
[2026-05-24T14:22:19.868+0000] {processor.py:183} INFO - Processing /home/varn1t/ml-pipeline/venv/lib/python3.11/site-packages/airflow/example_dags/example_branch_datetime_operator.py took 0.099 seconds
[2026-05-24T14:23:26.542+0000] {processor.py:161} INFO - Started process (PID=20724) to work on /home/varn1t/ml-pipeline/venv/lib/python3.11/site-packages/airflow/example_dags/example_branch_datetime_operator.py
[2026-05-24T14:23:26.544+0000] {processor.py:830} INFO - Processing file /home/varn1t/ml-pipeline/venv/lib/python3.11/site-packages/airflow/example_dags/example_branch_datetime_operator.py for tasks to queue
[2026-05-24T14:23:26.545+0000] {logging_mixin.py:188} INFO - [2026-05-24T14:23:26.544+0000] {dagbag.py:545} INFO - Filling up the DagBag from /home/varn1t/ml-pipeline/venv/lib/python3.11/site-packages/airflow/example_dags/example_branch_datetime_operator.py
[2026-05-24T14:23:26.552+0000] {processor.py:840} INFO - DAG(s) 'example_branch_datetime_operator_3', 'example_branch_datetime_operator', 'example_branch_datetime_operator_2' retrieved from /home/varn1t/ml-pipeline/venv/lib/python3.11/site-packages/airflow/example_dags/example_branch_datetime_operator.py
[2026-05-24T14:23:26.571+0000] {logging_mixin.py:188} INFO - [2026-05-24T14:23:26.571+0000] {dag.py:3096} INFO - Sync 3 DAGs
[2026-05-24T14:23:26.589+0000] {logging_mixin.py:188} INFO - [2026-05-24T14:23:26.589+0000] {dag.py:3954} INFO - Setting next_dagrun for example_branch_datetime_operator to 2026-05-23 00:00:00+00:00, run_after=2026-05-24 00:00:00+00:00
[2026-05-24T14:23:26.592+0000] {logging_mixin.py:188} INFO - [2026-05-24T14:23:26.592+0000] {dag.py:3954} INFO - Setting next_dagrun for example_branch_datetime_operator_2 to 2026-05-23 00:00:00+00:00, run_after=2026-05-24 00:00:00+00:00
[2026-05-24T14:23:26.593+0000] {logging_mixin.py:188} INFO - [2026-05-24T14:23:26.593+0000] {dag.py:3954} INFO - Setting next_dagrun for example_branch_datetime_operator_3 to 2026-05-23 00:00:00+00:00, run_after=2026-05-24 00:00:00+00:00
[2026-05-24T14:23:26.612+0000] {processor.py:183} INFO - Processing /home/varn1t/ml-pipeline/venv/lib/python3.11/site-packages/airflow/example_dags/example_branch_datetime_operator.py took 0.075 seconds
[2026-05-24T14:24:25.931+0000] {processor.py:161} INFO - Started process (PID=20985) to work on /home/varn1t/ml-pipeline/venv/lib/python3.11/site-packages/airflow/example_dags/example_branch_datetime_operator.py
[2026-05-24T14:24:25.933+0000] {processor.py:830} INFO - Processing file /home/varn1t/ml-pipeline/venv/lib/python3.11/site-packages/airflow/example_dags/example_branch_datetime_operator.py for tasks to queue
[2026-05-24T14:24:25.933+0000] {logging_mixin.py:188} INFO - [2026-05-24T14:24:25.933+0000] {dagbag.py:545} INFO - Filling up the DagBag from /home/varn1t/ml-pipeline/venv/lib/python3.11/site-packages/airflow/example_dags/example_branch_datetime_operator.py
[2026-05-24T14:24:25.941+0000] {processor.py:840} INFO - DAG(s) 'example_branch_datetime_operator', 'example_branch_datetime_operator_3', 'example_branch_datetime_operator_2' retrieved from /home/varn1t/ml-pipeline/venv/lib/python3.11/site-packages/airflow/example_dags/example_branch_datetime_operator.py
[2026-05-24T14:24:25.957+0000] {logging_mixin.py:188} INFO - [2026-05-24T14:24:25.956+0000] {dag.py:3096} INFO - Sync 3 DAGs
[2026-05-24T14:24:25.971+0000] {logging_mixin.py:188} INFO - [2026-05-24T14:24:25.970+0000] {dag.py:3954} INFO - Setting next_dagrun for example_branch_datetime_operator to 2026-05-23 00:00:00+00:00, run_after=2026-05-24 00:00:00+00:00
[2026-05-24T14:24:25.973+0000] {logging_mixin.py:188} INFO - [2026-05-24T14:24:25.973+0000] {dag.py:3954} INFO - Setting next_dagrun for example_branch_datetime_operator_2 to 2026-05-23 00:00:00+00:00, run_after=2026-05-24 00:00:00+00:00
[2026-05-24T14:24:25.974+0000] {logging_mixin.py:188} INFO - [2026-05-24T14:24:25.974+0000] {dag.py:3954} INFO - Setting next_dagrun for example_branch_datetime_operator_3 to 2026-05-23 00:00:00+00:00, run_after=2026-05-24 00:00:00+00:00
[2026-05-24T14:24:25.990+0000] {processor.py:183} INFO - Processing /home/varn1t/ml-pipeline/venv/lib/python3.11/site-packages/airflow/example_dags/example_branch_datetime_operator.py took 0.064 seconds
[2026-05-24T14:25:24.840+0000] {processor.py:161} INFO - Started process (PID=21266) to work on /home/varn1t/ml-pipeline/venv/lib/python3.11/site-packages/airflow/example_dags/example_branch_datetime_operator.py
[2026-05-24T14:25:24.841+0000] {processor.py:830} INFO - Processing file /home/varn1t/ml-pipeline/venv/lib/python3.11/site-packages/airflow/example_dags/example_branch_datetime_operator.py for tasks to queue
[2026-05-24T14:25:24.842+0000] {logging_mixin.py:188} INFO - [2026-05-24T14:25:24.841+0000] {dagbag.py:545} INFO - Filling up the DagBag from /home/varn1t/ml-pipeline/venv/lib/python3.11/site-packages/airflow/example_dags/example_branch_datetime_operator.py
[2026-05-24T14:25:24.848+0000] {processor.py:840} INFO - DAG(s) 'example_branch_datetime_operator_2', 'example_branch_datetime_operator_3', 'example_branch_datetime_operator' retrieved from /home/varn1t/ml-pipeline/venv/lib/python3.11/site-packages/airflow/example_dags/example_branch_datetime_operator.py
[2026-05-24T14:25:24.862+0000] {logging_mixin.py:188} INFO - [2026-05-24T14:25:24.862+0000] {dag.py:3096} INFO - Sync 3 DAGs
[2026-05-24T14:25:24.875+0000] {logging_mixin.py:188} INFO - [2026-05-24T14:25:24.875+0000] {dag.py:3954} INFO - Setting next_dagrun for example_branch_datetime_operator to 2026-05-23 00:00:00+00:00, run_after=2026-05-24 00:00:00+00:00
[2026-05-24T14:25:24.877+0000] {logging_mixin.py:188} INFO - [2026-05-24T14:25:24.877+0000] {dag.py:3954} INFO - Setting next_dagrun for example_branch_datetime_operator_2 to 2026-05-23 00:00:00+00:00, run_after=2026-05-24 00:00:00+00:00
[2026-05-24T14:25:24.878+0000] {logging_mixin.py:188} INFO - [2026-05-24T14:25:24.878+0000] {dag.py:3954} INFO - Setting next_dagrun for example_branch_datetime_operator_3 to 2026-05-23 00:00:00+00:00, run_after=2026-05-24 00:00:00+00:00
[2026-05-24T14:25:24.898+0000] {processor.py:183} INFO - Processing /home/varn1t/ml-pipeline/venv/lib/python3.11/site-packages/airflow/example_dags/example_branch_datetime_operator.py took 0.063 seconds
[2026-05-24T14:26:26.980+0000] {processor.py:161} INFO - Started process (PID=21541) to work on /home/varn1t/ml-pipeline/venv/lib/python3.11/site-packages/airflow/example_dags/example_branch_datetime_operator.py
[2026-05-24T14:26:26.982+0000] {processor.py:830} INFO - Processing file /home/varn1t/ml-pipeline/venv/lib/python3.11/site-packages/airflow/example_dags/example_branch_datetime_operator.py for tasks to queue
[2026-05-24T14:26:26.983+0000] {logging_mixin.py:188} INFO - [2026-05-24T14:26:26.982+0000] {dagbag.py:545} INFO - Filling up the DagBag from /home/varn1t/ml-pipeline/venv/lib/python3.11/site-packages/airflow/example_dags/example_branch_datetime_operator.py
[2026-05-24T14:26:26.990+0000] {processor.py:840} INFO - DAG(s) 'example_branch_datetime_operator_3', 'example_branch_datetime_operator_2', 'example_branch_datetime_operator' retrieved from /home/varn1t/ml-pipeline/venv/lib/python3.11/site-packages/airflow/example_dags/example_branch_datetime_operator.py
[2026-05-24T14:26:27.004+0000] {logging_mixin.py:188} INFO - [2026-05-24T14:26:27.004+0000] {dag.py:3096} INFO - Sync 3 DAGs
[2026-05-24T14:26:27.018+0000] {logging_mixin.py:188} INFO - [2026-05-24T14:26:27.018+0000] {dag.py:3954} INFO - Setting next_dagrun for example_branch_datetime_operator to 2026-05-23 00:00:00+00:00, run_after=2026-05-24 00:00:00+00:00
[2026-05-24T14:26:27.020+0000] {logging_mixin.py:188} INFO - [2026-05-24T14:26:27.020+0000] {dag.py:3954} INFO - Setting next_dagrun for example_branch_datetime_operator_2 to 2026-05-23 00:00:00+00:00, run_after=2026-05-24 00:00:00+00:00
[2026-05-24T14:26:27.021+0000] {logging_mixin.py:188} INFO - [2026-05-24T14:26:27.021+0000] {dag.py:3954} INFO - Setting next_dagrun for example_branch_datetime_operator_3 to 2026-05-23 00:00:00+00:00, run_after=2026-05-24 00:00:00+00:00
[2026-05-24T14:26:27.038+0000] {processor.py:183} INFO - Processing /home/varn1t/ml-pipeline/venv/lib/python3.11/site-packages/airflow/example_dags/example_branch_datetime_operator.py took 0.062 seconds
[2026-05-24T14:27:24.038+0000] {processor.py:161} INFO - Started process (PID=21812) to work on /home/varn1t/ml-pipeline/venv/lib/python3.11/site-packages/airflow/example_dags/example_branch_datetime_operator.py
[2026-05-24T14:27:24.039+0000] {processor.py:830} INFO - Processing file /home/varn1t/ml-pipeline/venv/lib/python3.11/site-packages/airflow/example_dags/example_branch_datetime_operator.py for tasks to queue
[2026-05-24T14:27:24.040+0000] {logging_mixin.py:188} INFO - [2026-05-24T14:27:24.039+0000] {dagbag.py:545} INFO - Filling up the DagBag from /home/varn1t/ml-pipeline/venv/lib/python3.11/site-packages/airflow/example_dags/example_branch_datetime_operator.py
[2026-05-24T14:27:24.049+0000] {processor.py:840} INFO - DAG(s) 'example_branch_datetime_operator', 'example_branch_datetime_operator_3', 'example_branch_datetime_operator_2' retrieved from /home/varn1t/ml-pipeline/venv/lib/python3.11/site-packages/airflow/example_dags/example_branch_datetime_operator.py
[2026-05-24T14:27:24.070+0000] {logging_mixin.py:188} INFO - [2026-05-24T14:27:24.070+0000] {dag.py:3096} INFO - Sync 3 DAGs
[2026-05-24T14:27:24.091+0000] {logging_mixin.py:188} INFO - [2026-05-24T14:27:24.091+0000] {dag.py:3954} INFO - Setting next_dagrun for example_branch_datetime_operator to 2026-05-23 00:00:00+00:00, run_after=2026-05-24 00:00:00+00:00
[2026-05-24T14:27:24.095+0000] {logging_mixin.py:188} INFO - [2026-05-24T14:27:24.094+0000] {dag.py:3954} INFO - Setting next_dagrun for example_branch_datetime_operator_2 to 2026-05-23 00:00:00+00:00, run_after=2026-05-24 00:00:00+00:00
[2026-05-24T14:27:24.096+0000] {logging_mixin.py:188} INFO - [2026-05-24T14:27:24.096+0000] {dag.py:3954} INFO - Setting next_dagrun for example_branch_datetime_operator_3 to 2026-05-23 00:00:00+00:00, run_after=2026-05-24 00:00:00+00:00
[2026-05-24T14:27:24.116+0000] {processor.py:183} INFO - Processing /home/varn1t/ml-pipeline/venv/lib/python3.11/site-packages/airflow/example_dags/example_branch_datetime_operator.py took 0.084 seconds
[2026-05-24T14:28:28.904+0000] {processor.py:161} INFO - Started process (PID=22120) to work on /home/varn1t/ml-pipeline/venv/lib/python3.11/site-packages/airflow/example_dags/example_branch_datetime_operator.py
[2026-05-24T14:28:28.906+0000] {processor.py:830} INFO - Processing file /home/varn1t/ml-pipeline/venv/lib/python3.11/site-packages/airflow/example_dags/example_branch_datetime_operator.py for tasks to queue
[2026-05-24T14:28:28.906+0000] {logging_mixin.py:188} INFO - [2026-05-24T14:28:28.906+0000] {dagbag.py:545} INFO - Filling up the DagBag from /home/varn1t/ml-pipeline/venv/lib/python3.11/site-packages/airflow/example_dags/example_branch_datetime_operator.py
[2026-05-24T14:28:28.913+0000] {processor.py:840} INFO - DAG(s) 'example_branch_datetime_operator_3', 'example_branch_datetime_operator', 'example_branch_datetime_operator_2' retrieved from /home/varn1t/ml-pipeline/venv/lib/python3.11/site-packages/airflow/example_dags/example_branch_datetime_operator.py
[2026-05-24T14:28:28.929+0000] {logging_mixin.py:188} INFO - [2026-05-24T14:28:28.929+0000] {dag.py:3096} INFO - Sync 3 DAGs
[2026-05-24T14:28:28.943+0000] {logging_mixin.py:188} INFO - [2026-05-24T14:28:28.943+0000] {dag.py:3954} INFO - Setting next_dagrun for example_branch_datetime_operator to 2026-05-23 00:00:00+00:00, run_after=2026-05-24 00:00:00+00:00
[2026-05-24T14:28:28.945+0000] {logging_mixin.py:188} INFO - [2026-05-24T14:28:28.945+0000] {dag.py:3954} INFO - Setting next_dagrun for example_branch_datetime_operator_2 to 2026-05-23 00:00:00+00:00, run_after=2026-05-24 00:00:00+00:00
[2026-05-24T14:28:28.947+0000] {logging_mixin.py:188} INFO - [2026-05-24T14:28:28.947+0000] {dag.py:3954} INFO - Setting next_dagrun for example_branch_datetime_operator_3 to 2026-05-23 00:00:00+00:00, run_after=2026-05-24 00:00:00+00:00
[2026-05-24T14:28:28.966+0000] {processor.py:183} INFO - Processing /home/varn1t/ml-pipeline/venv/lib/python3.11/site-packages/airflow/example_dags/example_branch_datetime_operator.py took 0.067 seconds
[2026-05-24T14:29:32.600+0000] {processor.py:161} INFO - Started process (PID=22415) to work on /home/varn1t/ml-pipeline/venv/lib/python3.11/site-packages/airflow/example_dags/example_branch_datetime_operator.py
[2026-05-24T14:29:32.600+0000] {processor.py:830} INFO - Processing file /home/varn1t/ml-pipeline/venv/lib/python3.11/site-packages/airflow/example_dags/example_branch_datetime_operator.py for tasks to queue
[2026-05-24T14:29:32.601+0000] {logging_mixin.py:188} INFO - [2026-05-24T14:29:32.601+0000] {dagbag.py:545} INFO - Filling up the DagBag from /home/varn1t/ml-pipeline/venv/lib/python3.11/site-packages/airflow/example_dags/example_branch_datetime_operator.py
[2026-05-24T14:29:32.607+0000] {processor.py:840} INFO - DAG(s) 'example_branch_datetime_operator', 'example_branch_datetime_operator_2', 'example_branch_datetime_operator_3' retrieved from /home/varn1t/ml-pipeline/venv/lib/python3.11/site-packages/airflow/example_dags/example_branch_datetime_operator.py
[2026-05-24T14:29:32.623+0000] {logging_mixin.py:188} INFO - [2026-05-24T14:29:32.623+0000] {dag.py:3096} INFO - Sync 3 DAGs
[2026-05-24T14:29:32.635+0000] {logging_mixin.py:188} INFO - [2026-05-24T14:29:32.635+0000] {dag.py:3954} INFO - Setting next_dagrun for example_branch_datetime_operator to 2026-05-23 00:00:00+00:00, run_after=2026-05-24 00:00:00+00:00
[2026-05-24T14:29:32.637+0000] {logging_mixin.py:188} INFO - [2026-05-24T14:29:32.637+0000] {dag.py:3954} INFO - Setting next_dagrun for example_branch_datetime_operator_2 to 2026-05-23 00:00:00+00:00, run_after=2026-05-24 00:00:00+00:00
[2026-05-24T14:29:32.638+0000] {logging_mixin.py:188} INFO - [2026-05-24T14:29:32.638+0000] {dag.py:3954} INFO - Setting next_dagrun for example_branch_datetime_operator_3 to 2026-05-23 00:00:00+00:00, run_after=2026-05-24 00:00:00+00:00
[2026-05-24T14:29:32.650+0000] {processor.py:183} INFO - Processing /home/varn1t/ml-pipeline/venv/lib/python3.11/site-packages/airflow/example_dags/example_branch_datetime_operator.py took 0.054 seconds
[2026-05-24T14:30:32.173+0000] {processor.py:161} INFO - Started process (PID=22669) to work on /home/varn1t/ml-pipeline/venv/lib/python3.11/site-packages/airflow/example_dags/example_branch_datetime_operator.py
[2026-05-24T14:30:32.174+0000] {processor.py:830} INFO - Processing file /home/varn1t/ml-pipeline/venv/lib/python3.11/site-packages/airflow/example_dags/example_branch_datetime_operator.py for tasks to queue
[2026-05-24T14:30:32.175+0000] {logging_mixin.py:188} INFO - [2026-05-24T14:30:32.175+0000] {dagbag.py:545} INFO - Filling up the DagBag from /home/varn1t/ml-pipeline/venv/lib/python3.11/site-packages/airflow/example_dags/example_branch_datetime_operator.py
[2026-05-24T14:30:32.183+0000] {processor.py:840} INFO - DAG(s) 'example_branch_datetime_operator', 'example_branch_datetime_operator_3', 'example_branch_datetime_operator_2' retrieved from /home/varn1t/ml-pipeline/venv/lib/python3.11/site-packages/airflow/example_dags/example_branch_datetime_operator.py
[2026-05-24T14:30:32.202+0000] {logging_mixin.py:188} INFO - [2026-05-24T14:30:32.202+0000] {dag.py:3096} INFO - Sync 3 DAGs
[2026-05-24T14:30:32.217+0000] {logging_mixin.py:188} INFO - [2026-05-24T14:30:32.217+0000] {dag.py:3954} INFO - Setting next_dagrun for example_branch_datetime_operator to 2026-05-23 00:00:00+00:00, run_after=2026-05-24 00:00:00+00:00
[2026-05-24T14:30:32.219+0000] {logging_mixin.py:188} INFO - [2026-05-24T14:30:32.219+0000] {dag.py:3954} INFO - Setting next_dagrun for example_branch_datetime_operator_2 to 2026-05-23 00:00:00+00:00, run_after=2026-05-24 00:00:00+00:00
[2026-05-24T14:30:32.220+0000] {logging_mixin.py:188} INFO - [2026-05-24T14:30:32.220+0000] {dag.py:3954} INFO - Setting next_dagrun for example_branch_datetime_operator_3 to 2026-05-23 00:00:00+00:00, run_after=2026-05-24 00:00:00+00:00
[2026-05-24T14:30:32.234+0000] {processor.py:183} INFO - Processing /home/varn1t/ml-pipeline/venv/lib/python3.11/site-packages/airflow/example_dags/example_branch_datetime_operator.py took 0.066 seconds
[2026-05-24T14:31:35.912+0000] {processor.py:161} INFO - Started process (PID=22958) to work on /home/varn1t/ml-pipeline/venv/lib/python3.11/site-packages/airflow/example_dags/example_branch_datetime_operator.py
[2026-05-24T14:31:35.913+0000] {processor.py:830} INFO - Processing file /home/varn1t/ml-pipeline/venv/lib/python3.11/site-packages/airflow/example_dags/example_branch_datetime_operator.py for tasks to queue
[2026-05-24T14:31:35.914+0000] {logging_mixin.py:188} INFO - [2026-05-24T14:31:35.913+0000] {dagbag.py:545} INFO - Filling up the DagBag from /home/varn1t/ml-pipeline/venv/lib/python3.11/site-packages/airflow/example_dags/example_branch_datetime_operator.py
[2026-05-24T14:31:35.920+0000] {processor.py:840} INFO - DAG(s) 'example_branch_datetime_operator_3', 'example_branch_datetime_operator', 'example_branch_datetime_operator_2' retrieved from /home/varn1t/ml-pipeline/venv/lib/python3.11/site-packages/airflow/example_dags/example_branch_datetime_operator.py
[2026-05-24T14:31:35.933+0000] {logging_mixin.py:188} INFO - [2026-05-24T14:31:35.933+0000] {dag.py:3096} INFO - Sync 3 DAGs
[2026-05-24T14:31:35.944+0000] {logging_mixin.py:188} INFO - [2026-05-24T14:31:35.944+0000] {dag.py:3954} INFO - Setting next_dagrun for example_branch_datetime_operator to 2026-05-23 00:00:00+00:00, run_after=2026-05-24 00:00:00+00:00
[2026-05-24T14:31:35.946+0000] {logging_mixin.py:188} INFO - [2026-05-24T14:31:35.946+0000] {dag.py:3954} INFO - Setting next_dagrun for example_branch_datetime_operator_2 to 2026-05-23 00:00:00+00:00, run_after=2026-05-24 00:00:00+00:00
[2026-05-24T14:31:35.947+0000] {logging_mixin.py:188} INFO - [2026-05-24T14:31:35.947+0000] {dag.py:3954} INFO - Setting next_dagrun for example_branch_datetime_operator_3 to 2026-05-23 00:00:00+00:00, run_after=2026-05-24 00:00:00+00:00
[2026-05-24T14:31:35.962+0000] {processor.py:183} INFO - Processing /home/varn1t/ml-pipeline/venv/lib/python3.11/site-packages/airflow/example_dags/example_branch_datetime_operator.py took 0.054 seconds
[2026-05-24T14:32:36.248+0000] {processor.py:161} INFO - Started process (PID=23225) to work on /home/varn1t/ml-pipeline/venv/lib/python3.11/site-packages/airflow/example_dags/example_branch_datetime_operator.py
[2026-05-24T14:32:36.249+0000] {processor.py:830} INFO - Processing file /home/varn1t/ml-pipeline/venv/lib/python3.11/site-packages/airflow/example_dags/example_branch_datetime_operator.py for tasks to queue
[2026-05-24T14:32:36.250+0000] {logging_mixin.py:188} INFO - [2026-05-24T14:32:36.249+0000] {dagbag.py:545} INFO - Filling up the DagBag from /home/varn1t/ml-pipeline/venv/lib/python3.11/site-packages/airflow/example_dags/example_branch_datetime_operator.py
[2026-05-24T14:32:36.256+0000] {processor.py:840} INFO - DAG(s) 'example_branch_datetime_operator_3', 'example_branch_datetime_operator_2', 'example_branch_datetime_operator' retrieved from /home/varn1t/ml-pipeline/venv/lib/python3.11/site-packages/airflow/example_dags/example_branch_datetime_operator.py
[2026-05-24T14:32:36.268+0000] {logging_mixin.py:188} INFO - [2026-05-24T14:32:36.268+0000] {dag.py:3096} INFO - Sync 3 DAGs
[2026-05-24T14:32:36.281+0000] {logging_mixin.py:188} INFO - [2026-05-24T14:32:36.280+0000] {dag.py:3954} INFO - Setting next_dagrun for example_branch_datetime_operator to 2026-05-23 00:00:00+00:00, run_after=2026-05-24 00:00:00+00:00
[2026-05-24T14:32:36.283+0000] {logging_mixin.py:188} INFO - [2026-05-24T14:32:36.283+0000] {dag.py:3954} INFO - Setting next_dagrun for example_branch_datetime_operator_2 to 2026-05-23 00:00:00+00:00, run_after=2026-05-24 00:00:00+00:00
[2026-05-24T14:32:36.284+0000] {logging_mixin.py:188} INFO - [2026-05-24T14:32:36.284+0000] {dag.py:3954} INFO - Setting next_dagrun for example_branch_datetime_operator_3 to 2026-05-23 00:00:00+00:00, run_after=2026-05-24 00:00:00+00:00
[2026-05-24T14:32:36.299+0000] {processor.py:183} INFO - Processing /home/varn1t/ml-pipeline/venv/lib/python3.11/site-packages/airflow/example_dags/example_branch_datetime_operator.py took 0.054 seconds
[2026-05-24T14:33:40.426+0000] {processor.py:161} INFO - Started process (PID=23539) to work on /home/varn1t/ml-pipeline/venv/lib/python3.11/site-packages/airflow/example_dags/example_branch_datetime_operator.py
[2026-05-24T14:33:40.427+0000] {processor.py:830} INFO - Processing file /home/varn1t/ml-pipeline/venv/lib/python3.11/site-packages/airflow/example_dags/example_branch_datetime_operator.py for tasks to queue
[2026-05-24T14:33:40.428+0000] {logging_mixin.py:188} INFO - [2026-05-24T14:33:40.427+0000] {dagbag.py:545} INFO - Filling up the DagBag from /home/varn1t/ml-pipeline/venv/lib/python3.11/site-packages/airflow/example_dags/example_branch_datetime_operator.py
[2026-05-24T14:33:40.434+0000] {processor.py:840} INFO - DAG(s) 'example_branch_datetime_operator_2', 'example_branch_datetime_operator', 'example_branch_datetime_operator_3' retrieved from /home/varn1t/ml-pipeline/venv/lib/python3.11/site-packages/airflow/example_dags/example_branch_datetime_operator.py
[2026-05-24T14:33:40.448+0000] {logging_mixin.py:188} INFO - [2026-05-24T14:33:40.448+0000] {dag.py:3096} INFO - Sync 3 DAGs
[2026-05-24T14:33:40.461+0000] {logging_mixin.py:188} INFO - [2026-05-24T14:33:40.461+0000] {dag.py:3954} INFO - Setting next_dagrun for example_branch_datetime_operator to 2026-05-23 00:00:00+00:00, run_after=2026-05-24 00:00:00+00:00
[2026-05-24T14:33:40.463+0000] {logging_mixin.py:188} INFO - [2026-05-24T14:33:40.463+0000] {dag.py:3954} INFO - Setting next_dagrun for example_branch_datetime_operator_2 to 2026-05-23 00:00:00+00:00, run_after=2026-05-24 00:00:00+00:00
[2026-05-24T14:33:40.464+0000] {logging_mixin.py:188} INFO - [2026-05-24T14:33:40.464+0000] {dag.py:3954} INFO - Setting next_dagrun for example_branch_datetime_operator_3 to 2026-05-23 00:00:00+00:00, run_after=2026-05-24 00:00:00+00:00
[2026-05-24T14:33:40.478+0000] {processor.py:183} INFO - Processing /home/varn1t/ml-pipeline/venv/lib/python3.11/site-packages/airflow/example_dags/example_branch_datetime_operator.py took 0.056 seconds
[2026-05-24T14:34:41.115+0000] {processor.py:161} INFO - Started process (PID=23798) to work on /home/varn1t/ml-pipeline/venv/lib/python3.11/site-packages/airflow/example_dags/example_branch_datetime_operator.py
[2026-05-24T14:34:41.116+0000] {processor.py:830} INFO - Processing file /home/varn1t/ml-pipeline/venv/lib/python3.11/site-packages/airflow/example_dags/example_branch_datetime_operator.py for tasks to queue
[2026-05-24T14:34:41.116+0000] {logging_mixin.py:188} INFO - [2026-05-24T14:34:41.116+0000] {dagbag.py:545} INFO - Filling up the DagBag from /home/varn1t/ml-pipeline/venv/lib/python3.11/site-packages/airflow/example_dags/example_branch_datetime_operator.py
[2026-05-24T14:34:41.122+0000] {processor.py:840} INFO - DAG(s) 'example_branch_datetime_operator_3', 'example_branch_datetime_operator_2', 'example_branch_datetime_operator' retrieved from /home/varn1t/ml-pipeline/venv/lib/python3.11/site-packages/airflow/example_dags/example_branch_datetime_operator.py
[2026-05-24T14:34:41.138+0000] {logging_mixin.py:188} INFO - [2026-05-24T14:34:41.138+0000] {dag.py:3096} INFO - Sync 3 DAGs
[2026-05-24T14:34:41.152+0000] {logging_mixin.py:188} INFO - [2026-05-24T14:34:41.152+0000] {dag.py:3954} INFO - Setting next_dagrun for example_branch_datetime_operator to 2026-05-23 00:00:00+00:00, run_after=2026-05-24 00:00:00+00:00
[2026-05-24T14:34:41.154+0000] {logging_mixin.py:188} INFO - [2026-05-24T14:34:41.154+0000] {dag.py:3954} INFO - Setting next_dagrun for example_branch_datetime_operator_2 to 2026-05-23 00:00:00+00:00, run_after=2026-05-24 00:00:00+00:00
[2026-05-24T14:34:41.155+0000] {logging_mixin.py:188} INFO - [2026-05-24T14:34:41.155+0000] {dag.py:3954} INFO - Setting next_dagrun for example_branch_datetime_operator_3 to 2026-05-23 00:00:00+00:00, run_after=2026-05-24 00:00:00+00:00
[2026-05-24T14:34:41.169+0000] {processor.py:183} INFO - Processing /home/varn1t/ml-pipeline/venv/lib/python3.11/site-packages/airflow/example_dags/example_branch_datetime_operator.py took 0.058 seconds
[2026-05-24T14:35:43.419+0000] {processor.py:161} INFO - Started process (PID=24078) to work on /home/varn1t/ml-pipeline/venv/lib/python3.11/site-packages/airflow/example_dags/example_branch_datetime_operator.py
[2026-05-24T14:35:43.420+0000] {processor.py:830} INFO - Processing file /home/varn1t/ml-pipeline/venv/lib/python3.11/site-packages/airflow/example_dags/example_branch_datetime_operator.py for tasks to queue
[2026-05-24T14:35:43.420+0000] {logging_mixin.py:188} INFO - [2026-05-24T14:35:43.420+0000] {dagbag.py:545} INFO - Filling up the DagBag from /home/varn1t/ml-pipeline/venv/lib/python3.11/site-packages/airflow/example_dags/example_branch_datetime_operator.py
[2026-05-24T14:35:43.427+0000] {processor.py:840} INFO - DAG(s) 'example_branch_datetime_operator', 'example_branch_datetime_operator_2', 'example_branch_datetime_operator_3' retrieved from /home/varn1t/ml-pipeline/venv/lib/python3.11/site-packages/airflow/example_dags/example_branch_datetime_operator.py
[2026-05-24T14:35:43.446+0000] {logging_mixin.py:188} INFO - [2026-05-24T14:35:43.446+0000] {dag.py:3096} INFO - Sync 3 DAGs
[2026-05-24T14:35:43.460+0000] {logging_mixin.py:188} INFO - [2026-05-24T14:35:43.460+0000] {dag.py:3954} INFO - Setting next_dagrun for example_branch_datetime_operator to 2026-05-23 00:00:00+00:00, run_after=2026-05-24 00:00:00+00:00
[2026-05-24T14:35:43.462+0000] {logging_mixin.py:188} INFO - [2026-05-24T14:35:43.462+0000] {dag.py:3954} INFO - Setting next_dagrun for example_branch_datetime_operator_2 to 2026-05-23 00:00:00+00:00, run_after=2026-05-24 00:00:00+00:00
[2026-05-24T14:35:43.463+0000] {logging_mixin.py:188} INFO - [2026-05-24T14:35:43.463+0000] {dag.py:3954} INFO - Setting next_dagrun for example_branch_datetime_operator_3 to 2026-05-23 00:00:00+00:00, run_after=2026-05-24 00:00:00+00:00
[2026-05-24T14:35:43.476+0000] {processor.py:183} INFO - Processing /home/varn1t/ml-pipeline/venv/lib/python3.11/site-packages/airflow/example_dags/example_branch_datetime_operator.py took 0.061 seconds
[2026-05-24T14:36:49.083+0000] {processor.py:161} INFO - Started process (PID=24362) to work on /home/varn1t/ml-pipeline/venv/lib/python3.11/site-packages/airflow/example_dags/example_branch_datetime_operator.py
[2026-05-24T14:36:49.084+0000] {processor.py:830} INFO - Processing file /home/varn1t/ml-pipeline/venv/lib/python3.11/site-packages/airflow/example_dags/example_branch_datetime_operator.py for tasks to queue
[2026-05-24T14:36:49.085+0000] {logging_mixin.py:188} INFO - [2026-05-24T14:36:49.085+0000] {dagbag.py:545} INFO - Filling up the DagBag from /home/varn1t/ml-pipeline/venv/lib/python3.11/site-packages/airflow/example_dags/example_branch_datetime_operator.py
[2026-05-24T14:36:49.092+0000] {processor.py:840} INFO - DAG(s) 'example_branch_datetime_operator', 'example_branch_datetime_operator_3', 'example_branch_datetime_operator_2' retrieved from /home/varn1t/ml-pipeline/venv/lib/python3.11/site-packages/airflow/example_dags/example_branch_datetime_operator.py
[2026-05-24T14:36:49.107+0000] {logging_mixin.py:188} INFO - [2026-05-24T14:36:49.107+0000] {dag.py:3096} INFO - Sync 3 DAGs
[2026-05-24T14:36:49.121+0000] {logging_mixin.py:188} INFO - [2026-05-24T14:36:49.121+0000] {dag.py:3954} INFO - Setting next_dagrun for example_branch_datetime_operator to 2026-05-23 00:00:00+00:00, run_after=2026-05-24 00:00:00+00:00
[2026-05-24T14:36:49.123+0000] {logging_mixin.py:188} INFO - [2026-05-24T14:36:49.123+0000] {dag.py:3954} INFO - Setting next_dagrun for example_branch_datetime_operator_2 to 2026-05-23 00:00:00+00:00, run_after=2026-05-24 00:00:00+00:00
[2026-05-24T14:36:49.124+0000] {logging_mixin.py:188} INFO - [2026-05-24T14:36:49.124+0000] {dag.py:3954} INFO - Setting next_dagrun for example_branch_datetime_operator_3 to 2026-05-23 00:00:00+00:00, run_after=2026-05-24 00:00:00+00:00
[2026-05-24T14:36:49.139+0000] {processor.py:183} INFO - Processing /home/varn1t/ml-pipeline/venv/lib/python3.11/site-packages/airflow/example_dags/example_branch_datetime_operator.py took 0.060 seconds
[2026-05-24T14:37:46.686+0000] {processor.py:161} INFO - Started process (PID=24655) to work on /home/varn1t/ml-pipeline/venv/lib/python3.11/site-packages/airflow/example_dags/example_branch_datetime_operator.py
[2026-05-24T14:37:46.687+0000] {processor.py:830} INFO - Processing file /home/varn1t/ml-pipeline/venv/lib/python3.11/site-packages/airflow/example_dags/example_branch_datetime_operator.py for tasks to queue
[2026-05-24T14:37:46.687+0000] {logging_mixin.py:188} INFO - [2026-05-24T14:37:46.687+0000] {dagbag.py:545} INFO - Filling up the DagBag from /home/varn1t/ml-pipeline/venv/lib/python3.11/site-packages/airflow/example_dags/example_branch_datetime_operator.py
[2026-05-24T14:37:46.694+0000] {processor.py:840} INFO - DAG(s) 'example_branch_datetime_operator_2', 'example_branch_datetime_operator', 'example_branch_datetime_operator_3' retrieved from /home/varn1t/ml-pipeline/venv/lib/python3.11/site-packages/airflow/example_dags/example_branch_datetime_operator.py
[2026-05-24T14:37:46.707+0000] {logging_mixin.py:188} INFO - [2026-05-24T14:37:46.707+0000] {dag.py:3096} INFO - Sync 3 DAGs
[2026-05-24T14:37:46.720+0000] {logging_mixin.py:188} INFO - [2026-05-24T14:37:46.720+0000] {dag.py:3954} INFO - Setting next_dagrun for example_branch_datetime_operator to 2026-05-23 00:00:00+00:00, run_after=2026-05-24 00:00:00+00:00
[2026-05-24T14:37:46.723+0000] {logging_mixin.py:188} INFO - [2026-05-24T14:37:46.723+0000] {dag.py:3954} INFO - Setting next_dagrun for example_branch_datetime_operator_2 to 2026-05-23 00:00:00+00:00, run_after=2026-05-24 00:00:00+00:00
[2026-05-24T14:37:46.724+0000] {logging_mixin.py:188} INFO - [2026-05-24T14:37:46.724+0000] {dag.py:3954} INFO - Setting next_dagrun for example_branch_datetime_operator_3 to 2026-05-23 00:00:00+00:00, run_after=2026-05-24 00:00:00+00:00
[2026-05-24T14:37:46.741+0000] {processor.py:183} INFO - Processing /home/varn1t/ml-pipeline/venv/lib/python3.11/site-packages/airflow/example_dags/example_branch_datetime_operator.py took 0.059 seconds
[2026-05-24T14:38:49.013+0000] {processor.py:161} INFO - Started process (PID=24948) to work on /home/varn1t/ml-pipeline/venv/lib/python3.11/site-packages/airflow/example_dags/example_branch_datetime_operator.py
[2026-05-24T14:38:49.014+0000] {processor.py:830} INFO - Processing file /home/varn1t/ml-pipeline/venv/lib/python3.11/site-packages/airflow/example_dags/example_branch_datetime_operator.py for tasks to queue
[2026-05-24T14:38:49.014+0000] {logging_mixin.py:188} INFO - [2026-05-24T14:38:49.014+0000] {dagbag.py:545} INFO - Filling up the DagBag from /home/varn1t/ml-pipeline/venv/lib/python3.11/site-packages/airflow/example_dags/example_branch_datetime_operator.py
[2026-05-24T14:38:49.022+0000] {processor.py:840} INFO - DAG(s) 'example_branch_datetime_operator_3', 'example_branch_datetime_operator', 'example_branch_datetime_operator_2' retrieved from /home/varn1t/ml-pipeline/venv/lib/python3.11/site-packages/airflow/example_dags/example_branch_datetime_operator.py
[2026-05-24T14:38:49.038+0000] {logging_mixin.py:188} INFO - [2026-05-24T14:38:49.038+0000] {dag.py:3096} INFO - Sync 3 DAGs
[2026-05-24T14:38:49.051+0000] {logging_mixin.py:188} INFO - [2026-05-24T14:38:49.051+0000] {dag.py:3954} INFO - Setting next_dagrun for example_branch_datetime_operator to 2026-05-23 00:00:00+00:00, run_after=2026-05-24 00:00:00+00:00
[2026-05-24T14:38:49.053+0000] {logging_mixin.py:188} INFO - [2026-05-24T14:38:49.053+0000] {dag.py:3954} INFO - Setting next_dagrun for example_branch_datetime_operator_2 to 2026-05-23 00:00:00+00:00, run_after=2026-05-24 00:00:00+00:00
[2026-05-24T14:38:49.054+0000] {logging_mixin.py:188} INFO - [2026-05-24T14:38:49.054+0000] {dag.py:3954} INFO - Setting next_dagrun for example_branch_datetime_operator_3 to 2026-05-23 00:00:00+00:00, run_after=2026-05-24 00:00:00+00:00
[2026-05-24T14:38:49.069+0000] {processor.py:183} INFO - Processing /home/varn1t/ml-pipeline/venv/lib/python3.11/site-packages/airflow/example_dags/example_branch_datetime_operator.py took 0.061 seconds
[2026-05-24T14:39:50.652+0000] {processor.py:161} INFO - Started process (PID=25228) to work on /home/varn1t/ml-pipeline/venv/lib/python3.11/site-packages/airflow/example_dags/example_branch_datetime_operator.py
[2026-05-24T14:39:50.653+0000] {processor.py:830} INFO - Processing file /home/varn1t/ml-pipeline/venv/lib/python3.11/site-packages/airflow/example_dags/example_branch_datetime_operator.py for tasks to queue
[2026-05-24T14:39:50.653+0000] {logging_mixin.py:188} INFO - [2026-05-24T14:39:50.653+0000] {dagbag.py:545} INFO - Filling up the DagBag from /home/varn1t/ml-pipeline/venv/lib/python3.11/site-packages/airflow/example_dags/example_branch_datetime_operator.py
[2026-05-24T14:39:50.663+0000] {processor.py:840} INFO - DAG(s) 'example_branch_datetime_operator_2', 'example_branch_datetime_operator', 'example_branch_datetime_operator_3' retrieved from /home/varn1t/ml-pipeline/venv/lib/python3.11/site-packages/airflow/example_dags/example_branch_datetime_operator.py
[2026-05-24T14:39:50.679+0000] {logging_mixin.py:188} INFO - [2026-05-24T14:39:50.679+0000] {dag.py:3096} INFO - Sync 3 DAGs
[2026-05-24T14:39:50.693+0000] {logging_mixin.py:188} INFO - [2026-05-24T14:39:50.693+0000] {dag.py:3954} INFO - Setting next_dagrun for example_branch_datetime_operator to 2026-05-23 00:00:00+00:00, run_after=2026-05-24 00:00:00+00:00
[2026-05-24T14:39:50.696+0000] {logging_mixin.py:188} INFO - [2026-05-24T14:39:50.695+0000] {dag.py:3954} INFO - Setting next_dagrun for example_branch_datetime_operator_2 to 2026-05-23 00:00:00+00:00, run_after=2026-05-24 00:00:00+00:00
[2026-05-24T14:39:50.697+0000] {logging_mixin.py:188} INFO - [2026-05-24T14:39:50.697+0000] {dag.py:3954} INFO - Setting next_dagrun for example_branch_datetime_operator_3 to 2026-05-23 00:00:00+00:00, run_after=2026-05-24 00:00:00+00:00
[2026-05-24T14:39:50.725+0000] {processor.py:183} INFO - Processing /home/varn1t/ml-pipeline/venv/lib/python3.11/site-packages/airflow/example_dags/example_branch_datetime_operator.py took 0.079 seconds
[2026-05-24T14:40:59.948+0000] {processor.py:161} INFO - Started process (PID=25521) to work on /home/varn1t/ml-pipeline/venv/lib/python3.11/site-packages/airflow/example_dags/example_branch_datetime_operator.py
[2026-05-24T14:40:59.949+0000] {processor.py:830} INFO - Processing file /home/varn1t/ml-pipeline/venv/lib/python3.11/site-packages/airflow/example_dags/example_branch_datetime_operator.py for tasks to queue
[2026-05-24T14:40:59.949+0000] {logging_mixin.py:188} INFO - [2026-05-24T14:40:59.949+0000] {dagbag.py:545} INFO - Filling up the DagBag from /home/varn1t/ml-pipeline/venv/lib/python3.11/site-packages/airflow/example_dags/example_branch_datetime_operator.py
[2026-05-24T14:40:59.956+0000] {processor.py:840} INFO - DAG(s) 'example_branch_datetime_operator_3', 'example_branch_datetime_operator_2', 'example_branch_datetime_operator' retrieved from /home/varn1t/ml-pipeline/venv/lib/python3.11/site-packages/airflow/example_dags/example_branch_datetime_operator.py
[2026-05-24T14:40:59.972+0000] {logging_mixin.py:188} INFO - [2026-05-24T14:40:59.972+0000] {dag.py:3096} INFO - Sync 3 DAGs
[2026-05-24T14:40:59.986+0000] {logging_mixin.py:188} INFO - [2026-05-24T14:40:59.986+0000] {dag.py:3954} INFO - Setting next_dagrun for example_branch_datetime_operator to 2026-05-23 00:00:00+00:00, run_after=2026-05-24 00:00:00+00:00
[2026-05-24T14:40:59.989+0000] {logging_mixin.py:188} INFO - [2026-05-24T14:40:59.989+0000] {dag.py:3954} INFO - Setting next_dagrun for example_branch_datetime_operator_2 to 2026-05-23 00:00:00+00:00, run_after=2026-05-24 00:00:00+00:00
[2026-05-24T14:40:59.990+0000] {logging_mixin.py:188} INFO - [2026-05-24T14:40:59.990+0000] {dag.py:3954} INFO - Setting next_dagrun for example_branch_datetime_operator_3 to 2026-05-23 00:00:00+00:00, run_after=2026-05-24 00:00:00+00:00
[2026-05-24T14:41:00.007+0000] {processor.py:183} INFO - Processing /home/varn1t/ml-pipeline/venv/lib/python3.11/site-packages/airflow/example_dags/example_branch_datetime_operator.py took 0.063 seconds
[2026-05-24T14:42:09.496+0000] {processor.py:161} INFO - Started process (PID=25838) to work on /home/varn1t/ml-pipeline/venv/lib/python3.11/site-packages/airflow/example_dags/example_branch_datetime_operator.py
[2026-05-24T14:42:09.497+0000] {processor.py:830} INFO - Processing file /home/varn1t/ml-pipeline/venv/lib/python3.11/site-packages/airflow/example_dags/example_branch_datetime_operator.py for tasks to queue
[2026-05-24T14:42:09.497+0000] {logging_mixin.py:188} INFO - [2026-05-24T14:42:09.497+0000] {dagbag.py:545} INFO - Filling up the DagBag from /home/varn1t/ml-pipeline/venv/lib/python3.11/site-packages/airflow/example_dags/example_branch_datetime_operator.py
[2026-05-24T14:42:09.504+0000] {processor.py:840} INFO - DAG(s) 'example_branch_datetime_operator', 'example_branch_datetime_operator_3', 'example_branch_datetime_operator_2' retrieved from /home/varn1t/ml-pipeline/venv/lib/python3.11/site-packages/airflow/example_dags/example_branch_datetime_operator.py
[2026-05-24T14:42:09.521+0000] {logging_mixin.py:188} INFO - [2026-05-24T14:42:09.521+0000] {dag.py:3096} INFO - Sync 3 DAGs
[2026-05-24T14:42:09.536+0000] {logging_mixin.py:188} INFO - [2026-05-24T14:42:09.536+0000] {dag.py:3954} INFO - Setting next_dagrun for example_branch_datetime_operator to 2026-05-23 00:00:00+00:00, run_after=2026-05-24 00:00:00+00:00
[2026-05-24T14:42:09.539+0000] {logging_mixin.py:188} INFO - [2026-05-24T14:42:09.539+0000] {dag.py:3954} INFO - Setting next_dagrun for example_branch_datetime_operator_2 to 2026-05-23 00:00:00+00:00, run_after=2026-05-24 00:00:00+00:00
[2026-05-24T14:42:09.540+0000] {logging_mixin.py:188} INFO - [2026-05-24T14:42:09.540+0000] {dag.py:3954} INFO - Setting next_dagrun for example_branch_datetime_operator_3 to 2026-05-23 00:00:00+00:00, run_after=2026-05-24 00:00:00+00:00
[2026-05-24T14:42:09.666+0000] {processor.py:183} INFO - Processing /home/varn1t/ml-pipeline/venv/lib/python3.11/site-packages/airflow/example_dags/example_branch_datetime_operator.py took 0.175 seconds
[2026-05-24T14:43:17.573+0000] {processor.py:161} INFO - Started process (PID=26123) to work on /home/varn1t/ml-pipeline/venv/lib/python3.11/site-packages/airflow/example_dags/example_branch_datetime_operator.py
[2026-05-24T14:43:17.574+0000] {processor.py:830} INFO - Processing file /home/varn1t/ml-pipeline/venv/lib/python3.11/site-packages/airflow/example_dags/example_branch_datetime_operator.py for tasks to queue
[2026-05-24T14:43:17.574+0000] {logging_mixin.py:188} INFO - [2026-05-24T14:43:17.574+0000] {dagbag.py:545} INFO - Filling up the DagBag from /home/varn1t/ml-pipeline/venv/lib/python3.11/site-packages/airflow/example_dags/example_branch_datetime_operator.py
[2026-05-24T14:43:17.580+0000] {processor.py:840} INFO - DAG(s) 'example_branch_datetime_operator_2', 'example_branch_datetime_operator_3', 'example_branch_datetime_operator' retrieved from /home/varn1t/ml-pipeline/venv/lib/python3.11/site-packages/airflow/example_dags/example_branch_datetime_operator.py
[2026-05-24T14:43:17.597+0000] {logging_mixin.py:188} INFO - [2026-05-24T14:43:17.596+0000] {dag.py:3096} INFO - Sync 3 DAGs
[2026-05-24T14:43:17.696+0000] {logging_mixin.py:188} INFO - [2026-05-24T14:43:17.696+0000] {dag.py:3954} INFO - Setting next_dagrun for example_branch_datetime_operator to 2026-05-23 00:00:00+00:00, run_after=2026-05-24 00:00:00+00:00
[2026-05-24T14:43:17.698+0000] {logging_mixin.py:188} INFO - [2026-05-24T14:43:17.698+0000] {dag.py:3954} INFO - Setting next_dagrun for example_branch_datetime_operator_2 to 2026-05-23 00:00:00+00:00, run_after=2026-05-24 00:00:00+00:00
[2026-05-24T14:43:17.699+0000] {logging_mixin.py:188} INFO - [2026-05-24T14:43:17.699+0000] {dag.py:3954} INFO - Setting next_dagrun for example_branch_datetime_operator_3 to 2026-05-23 00:00:00+00:00, run_after=2026-05-24 00:00:00+00:00
[2026-05-24T14:43:17.713+0000] {processor.py:183} INFO - Processing /home/varn1t/ml-pipeline/venv/lib/python3.11/site-packages/airflow/example_dags/example_branch_datetime_operator.py took 0.144 seconds
[2026-05-24T14:44:19.483+0000] {processor.py:161} INFO - Started process (PID=26440) to work on /home/varn1t/ml-pipeline/venv/lib/python3.11/site-packages/airflow/example_dags/example_branch_datetime_operator.py
[2026-05-24T14:44:19.484+0000] {processor.py:830} INFO - Processing file /home/varn1t/ml-pipeline/venv/lib/python3.11/site-packages/airflow/example_dags/example_branch_datetime_operator.py for tasks to queue
[2026-05-24T14:44:19.485+0000] {logging_mixin.py:188} INFO - [2026-05-24T14:44:19.485+0000] {dagbag.py:545} INFO - Filling up the DagBag from /home/varn1t/ml-pipeline/venv/lib/python3.11/site-packages/airflow/example_dags/example_branch_datetime_operator.py
[2026-05-24T14:44:19.492+0000] {processor.py:840} INFO - DAG(s) 'example_branch_datetime_operator_3', 'example_branch_datetime_operator_2', 'example_branch_datetime_operator' retrieved from /home/varn1t/ml-pipeline/venv/lib/python3.11/site-packages/airflow/example_dags/example_branch_datetime_operator.py
[2026-05-24T14:44:19.514+0000] {logging_mixin.py:188} INFO - [2026-05-24T14:44:19.514+0000] {dag.py:3096} INFO - Sync 3 DAGs
[2026-05-24T14:44:19.529+0000] {logging_mixin.py:188} INFO - [2026-05-24T14:44:19.529+0000] {dag.py:3954} INFO - Setting next_dagrun for example_branch_datetime_operator to 2026-05-23 00:00:00+00:00, run_after=2026-05-24 00:00:00+00:00
[2026-05-24T14:44:19.531+0000] {logging_mixin.py:188} INFO - [2026-05-24T14:44:19.531+0000] {dag.py:3954} INFO - Setting next_dagrun for example_branch_datetime_operator_2 to 2026-05-23 00:00:00+00:00, run_after=2026-05-24 00:00:00+00:00
[2026-05-24T14:44:19.532+0000] {logging_mixin.py:188} INFO - [2026-05-24T14:44:19.532+0000] {dag.py:3954} INFO - Setting next_dagrun for example_branch_datetime_operator_3 to 2026-05-23 00:00:00+00:00, run_after=2026-05-24 00:00:00+00:00
[2026-05-24T14:44:19.547+0000] {processor.py:183} INFO - Processing /home/varn1t/ml-pipeline/venv/lib/python3.11/site-packages/airflow/example_dags/example_branch_datetime_operator.py took 0.070 seconds
[2026-05-24T14:45:19.330+0000] {processor.py:161} INFO - Started process (PID=26699) to work on /home/varn1t/ml-pipeline/venv/lib/python3.11/site-packages/airflow/example_dags/example_branch_datetime_operator.py
[2026-05-24T14:45:19.331+0000] {processor.py:830} INFO - Processing file /home/varn1t/ml-pipeline/venv/lib/python3.11/site-packages/airflow/example_dags/example_branch_datetime_operator.py for tasks to queue
[2026-05-24T14:45:19.332+0000] {logging_mixin.py:188} INFO - [2026-05-24T14:45:19.331+0000] {dagbag.py:545} INFO - Filling up the DagBag from /home/varn1t/ml-pipeline/venv/lib/python3.11/site-packages/airflow/example_dags/example_branch_datetime_operator.py
[2026-05-24T14:45:19.339+0000] {processor.py:840} INFO - DAG(s) 'example_branch_datetime_operator', 'example_branch_datetime_operator_2', 'example_branch_datetime_operator_3' retrieved from /home/varn1t/ml-pipeline/venv/lib/python3.11/site-packages/airflow/example_dags/example_branch_datetime_operator.py
[2026-05-24T14:45:19.355+0000] {logging_mixin.py:188} INFO - [2026-05-24T14:45:19.355+0000] {dag.py:3096} INFO - Sync 3 DAGs
[2026-05-24T14:45:19.368+0000] {logging_mixin.py:188} INFO - [2026-05-24T14:45:19.368+0000] {dag.py:3954} INFO - Setting next_dagrun for example_branch_datetime_operator to 2026-05-23 00:00:00+00:00, run_after=2026-05-24 00:00:00+00:00
[2026-05-24T14:45:19.371+0000] {logging_mixin.py:188} INFO - [2026-05-24T14:45:19.371+0000] {dag.py:3954} INFO - Setting next_dagrun for example_branch_datetime_operator_2 to 2026-05-23 00:00:00+00:00, run_after=2026-05-24 00:00:00+00:00
[2026-05-24T14:45:19.372+0000] {logging_mixin.py:188} INFO - [2026-05-24T14:45:19.372+0000] {dag.py:3954} INFO - Setting next_dagrun for example_branch_datetime_operator_3 to 2026-05-23 00:00:00+00:00, run_after=2026-05-24 00:00:00+00:00
[2026-05-24T14:45:19.387+0000] {processor.py:183} INFO - Processing /home/varn1t/ml-pipeline/venv/lib/python3.11/site-packages/airflow/example_dags/example_branch_datetime_operator.py took 0.061 seconds
[2026-05-24T14:46:25.547+0000] {processor.py:161} INFO - Started process (PID=27002) to work on /home/varn1t/ml-pipeline/venv/lib/python3.11/site-packages/airflow/example_dags/example_branch_datetime_operator.py
[2026-05-24T14:46:25.549+0000] {processor.py:830} INFO - Processing file /home/varn1t/ml-pipeline/venv/lib/python3.11/site-packages/airflow/example_dags/example_branch_datetime_operator.py for tasks to queue
[2026-05-24T14:46:25.550+0000] {logging_mixin.py:188} INFO - [2026-05-24T14:46:25.550+0000] {dagbag.py:545} INFO - Filling up the DagBag from /home/varn1t/ml-pipeline/venv/lib/python3.11/site-packages/airflow/example_dags/example_branch_datetime_operator.py
[2026-05-24T14:46:25.557+0000] {processor.py:840} INFO - DAG(s) 'example_branch_datetime_operator_2', 'example_branch_datetime_operator_3', 'example_branch_datetime_operator' retrieved from /home/varn1t/ml-pipeline/venv/lib/python3.11/site-packages/airflow/example_dags/example_branch_datetime_operator.py
[2026-05-24T14:46:25.574+0000] {logging_mixin.py:188} INFO - [2026-05-24T14:46:25.574+0000] {dag.py:3096} INFO - Sync 3 DAGs
[2026-05-24T14:46:25.588+0000] {logging_mixin.py:188} INFO - [2026-05-24T14:46:25.588+0000] {dag.py:3954} INFO - Setting next_dagrun for example_branch_datetime_operator to 2026-05-23 00:00:00+00:00, run_after=2026-05-24 00:00:00+00:00
[2026-05-24T14:46:25.591+0000] {logging_mixin.py:188} INFO - [2026-05-24T14:46:25.591+0000] {dag.py:3954} INFO - Setting next_dagrun for example_branch_datetime_operator_2 to 2026-05-23 00:00:00+00:00, run_after=2026-05-24 00:00:00+00:00
[2026-05-24T14:46:25.592+0000] {logging_mixin.py:188} INFO - [2026-05-24T14:46:25.592+0000] {dag.py:3954} INFO - Setting next_dagrun for example_branch_datetime_operator_3 to 2026-05-23 00:00:00+00:00, run_after=2026-05-24 00:00:00+00:00
[2026-05-24T14:46:25.608+0000] {processor.py:183} INFO - Processing /home/varn1t/ml-pipeline/venv/lib/python3.11/site-packages/airflow/example_dags/example_branch_datetime_operator.py took 0.066 seconds
[2026-05-24T14:47:29.498+0000] {processor.py:161} INFO - Started process (PID=27290) to work on /home/varn1t/ml-pipeline/venv/lib/python3.11/site-packages/airflow/example_dags/example_branch_datetime_operator.py
[2026-05-24T14:47:29.500+0000] {processor.py:830} INFO - Processing file /home/varn1t/ml-pipeline/venv/lib/python3.11/site-packages/airflow/example_dags/example_branch_datetime_operator.py for tasks to queue
[2026-05-24T14:47:29.501+0000] {logging_mixin.py:188} INFO - [2026-05-24T14:47:29.501+0000] {dagbag.py:545} INFO - Filling up the DagBag from /home/varn1t/ml-pipeline/venv/lib/python3.11/site-packages/airflow/example_dags/example_branch_datetime_operator.py
[2026-05-24T14:47:29.508+0000] {processor.py:840} INFO - DAG(s) 'example_branch_datetime_operator_2', 'example_branch_datetime_operator', 'example_branch_datetime_operator_3' retrieved from /home/varn1t/ml-pipeline/venv/lib/python3.11/site-packages/airflow/example_dags/example_branch_datetime_operator.py
[2026-05-24T14:47:29.521+0000] {logging_mixin.py:188} INFO - [2026-05-24T14:47:29.521+0000] {dag.py:3096} INFO - Sync 3 DAGs
[2026-05-24T14:47:29.531+0000] {logging_mixin.py:188} INFO - [2026-05-24T14:47:29.531+0000] {dag.py:3954} INFO - Setting next_dagrun for example_branch_datetime_operator to 2026-05-23 00:00:00+00:00, run_after=2026-05-24 00:00:00+00:00
[2026-05-24T14:47:29.534+0000] {logging_mixin.py:188} INFO - [2026-05-24T14:47:29.533+0000] {dag.py:3954} INFO - Setting next_dagrun for example_branch_datetime_operator_2 to 2026-05-23 00:00:00+00:00, run_after=2026-05-24 00:00:00+00:00
[2026-05-24T14:47:29.534+0000] {logging_mixin.py:188} INFO - [2026-05-24T14:47:29.534+0000] {dag.py:3954} INFO - Setting next_dagrun for example_branch_datetime_operator_3 to 2026-05-23 00:00:00+00:00, run_after=2026-05-24 00:00:00+00:00
[2026-05-24T14:47:29.547+0000] {processor.py:183} INFO - Processing /home/varn1t/ml-pipeline/venv/lib/python3.11/site-packages/airflow/example_dags/example_branch_datetime_operator.py took 0.054 seconds
[2026-05-24T14:48:29.545+0000] {processor.py:161} INFO - Started process (PID=27602) to work on /home/varn1t/ml-pipeline/venv/lib/python3.11/site-packages/airflow/example_dags/example_branch_datetime_operator.py
[2026-05-24T14:48:29.546+0000] {processor.py:830} INFO - Processing file /home/varn1t/ml-pipeline/venv/lib/python3.11/site-packages/airflow/example_dags/example_branch_datetime_operator.py for tasks to queue
[2026-05-24T14:48:29.547+0000] {logging_mixin.py:188} INFO - [2026-05-24T14:48:29.547+0000] {dagbag.py:545} INFO - Filling up the DagBag from /home/varn1t/ml-pipeline/venv/lib/python3.11/site-packages/airflow/example_dags/example_branch_datetime_operator.py
[2026-05-24T14:48:29.554+0000] {processor.py:840} INFO - DAG(s) 'example_branch_datetime_operator_2', 'example_branch_datetime_operator', 'example_branch_datetime_operator_3' retrieved from /home/varn1t/ml-pipeline/venv/lib/python3.11/site-packages/airflow/example_dags/example_branch_datetime_operator.py
[2026-05-24T14:48:29.569+0000] {logging_mixin.py:188} INFO - [2026-05-24T14:48:29.569+0000] {dag.py:3096} INFO - Sync 3 DAGs
[2026-05-24T14:48:29.583+0000] {logging_mixin.py:188} INFO - [2026-05-24T14:48:29.582+0000] {dag.py:3954} INFO - Setting next_dagrun for example_branch_datetime_operator to 2026-05-23 00:00:00+00:00, run_after=2026-05-24 00:00:00+00:00
[2026-05-24T14:48:29.584+0000] {logging_mixin.py:188} INFO - [2026-05-24T14:48:29.584+0000] {dag.py:3954} INFO - Setting next_dagrun for example_branch_datetime_operator_2 to 2026-05-23 00:00:00+00:00, run_after=2026-05-24 00:00:00+00:00
[2026-05-24T14:48:29.585+0000] {logging_mixin.py:188} INFO - [2026-05-24T14:48:29.585+0000] {dag.py:3954} INFO - Setting next_dagrun for example_branch_datetime_operator_3 to 2026-05-23 00:00:00+00:00, run_after=2026-05-24 00:00:00+00:00
[2026-05-24T14:48:29.602+0000] {processor.py:183} INFO - Processing /home/varn1t/ml-pipeline/venv/lib/python3.11/site-packages/airflow/example_dags/example_branch_datetime_operator.py took 0.062 seconds
[2026-05-24T14:49:28.986+0000] {processor.py:161} INFO - Started process (PID=27864) to work on /home/varn1t/ml-pipeline/venv/lib/python3.11/site-packages/airflow/example_dags/example_branch_datetime_operator.py
[2026-05-24T14:49:28.987+0000] {processor.py:830} INFO - Processing file /home/varn1t/ml-pipeline/venv/lib/python3.11/site-packages/airflow/example_dags/example_branch_datetime_operator.py for tasks to queue
[2026-05-24T14:49:28.988+0000] {logging_mixin.py:188} INFO - [2026-05-24T14:49:28.988+0000] {dagbag.py:545} INFO - Filling up the DagBag from /home/varn1t/ml-pipeline/venv/lib/python3.11/site-packages/airflow/example_dags/example_branch_datetime_operator.py
[2026-05-24T14:49:28.995+0000] {processor.py:840} INFO - DAG(s) 'example_branch_datetime_operator_3', 'example_branch_datetime_operator', 'example_branch_datetime_operator_2' retrieved from /home/varn1t/ml-pipeline/venv/lib/python3.11/site-packages/airflow/example_dags/example_branch_datetime_operator.py
[2026-05-24T14:49:29.009+0000] {logging_mixin.py:188} INFO - [2026-05-24T14:49:29.009+0000] {dag.py:3096} INFO - Sync 3 DAGs
[2026-05-24T14:49:29.024+0000] {logging_mixin.py:188} INFO - [2026-05-24T14:49:29.023+0000] {dag.py:3954} INFO - Setting next_dagrun for example_branch_datetime_operator to 2026-05-23 00:00:00+00:00, run_after=2026-05-24 00:00:00+00:00
[2026-05-24T14:49:29.026+0000] {logging_mixin.py:188} INFO - [2026-05-24T14:49:29.026+0000] {dag.py:3954} INFO - Setting next_dagrun for example_branch_datetime_operator_2 to 2026-05-23 00:00:00+00:00, run_after=2026-05-24 00:00:00+00:00
[2026-05-24T14:49:29.027+0000] {logging_mixin.py:188} INFO - [2026-05-24T14:49:29.027+0000] {dag.py:3954} INFO - Setting next_dagrun for example_branch_datetime_operator_3 to 2026-05-23 00:00:00+00:00, run_after=2026-05-24 00:00:00+00:00
[2026-05-24T14:49:29.044+0000] {processor.py:183} INFO - Processing /home/varn1t/ml-pipeline/venv/lib/python3.11/site-packages/airflow/example_dags/example_branch_datetime_operator.py took 0.062 seconds
[2026-05-24T14:50:30.615+0000] {processor.py:161} INFO - Started process (PID=28155) to work on /home/varn1t/ml-pipeline/venv/lib/python3.11/site-packages/airflow/example_dags/example_branch_datetime_operator.py
[2026-05-24T14:50:30.616+0000] {processor.py:830} INFO - Processing file /home/varn1t/ml-pipeline/venv/lib/python3.11/site-packages/airflow/example_dags/example_branch_datetime_operator.py for tasks to queue
[2026-05-24T14:50:30.617+0000] {logging_mixin.py:188} INFO - [2026-05-24T14:50:30.617+0000] {dagbag.py:545} INFO - Filling up the DagBag from /home/varn1t/ml-pipeline/venv/lib/python3.11/site-packages/airflow/example_dags/example_branch_datetime_operator.py
[2026-05-24T14:50:30.624+0000] {processor.py:840} INFO - DAG(s) 'example_branch_datetime_operator', 'example_branch_datetime_operator_3', 'example_branch_datetime_operator_2' retrieved from /home/varn1t/ml-pipeline/venv/lib/python3.11/site-packages/airflow/example_dags/example_branch_datetime_operator.py
[2026-05-24T14:50:30.638+0000] {logging_mixin.py:188} INFO - [2026-05-24T14:50:30.638+0000] {dag.py:3096} INFO - Sync 3 DAGs
[2026-05-24T14:50:30.651+0000] {logging_mixin.py:188} INFO - [2026-05-24T14:50:30.651+0000] {dag.py:3954} INFO - Setting next_dagrun for example_branch_datetime_operator to 2026-05-23 00:00:00+00:00, run_after=2026-05-24 00:00:00+00:00
[2026-05-24T14:50:30.653+0000] {logging_mixin.py:188} INFO - [2026-05-24T14:50:30.653+0000] {dag.py:3954} INFO - Setting next_dagrun for example_branch_datetime_operator_2 to 2026-05-23 00:00:00+00:00, run_after=2026-05-24 00:00:00+00:00
[2026-05-24T14:50:30.654+0000] {logging_mixin.py:188} INFO - [2026-05-24T14:50:30.654+0000] {dag.py:3954} INFO - Setting next_dagrun for example_branch_datetime_operator_3 to 2026-05-23 00:00:00+00:00, run_after=2026-05-24 00:00:00+00:00
[2026-05-24T14:50:30.671+0000] {processor.py:183} INFO - Processing /home/varn1t/ml-pipeline/venv/lib/python3.11/site-packages/airflow/example_dags/example_branch_datetime_operator.py took 0.061 seconds
[2026-05-24T14:51:35.411+0000] {processor.py:161} INFO - Started process (PID=28434) to work on /home/varn1t/ml-pipeline/venv/lib/python3.11/site-packages/airflow/example_dags/example_branch_datetime_operator.py
[2026-05-24T14:51:35.412+0000] {processor.py:830} INFO - Processing file /home/varn1t/ml-pipeline/venv/lib/python3.11/site-packages/airflow/example_dags/example_branch_datetime_operator.py for tasks to queue
[2026-05-24T14:51:35.413+0000] {logging_mixin.py:188} INFO - [2026-05-24T14:51:35.413+0000] {dagbag.py:545} INFO - Filling up the DagBag from /home/varn1t/ml-pipeline/venv/lib/python3.11/site-packages/airflow/example_dags/example_branch_datetime_operator.py
[2026-05-24T14:51:35.420+0000] {processor.py:840} INFO - DAG(s) 'example_branch_datetime_operator_2', 'example_branch_datetime_operator_3', 'example_branch_datetime_operator' retrieved from /home/varn1t/ml-pipeline/venv/lib/python3.11/site-packages/airflow/example_dags/example_branch_datetime_operator.py
[2026-05-24T14:51:35.437+0000] {logging_mixin.py:188} INFO - [2026-05-24T14:51:35.437+0000] {dag.py:3096} INFO - Sync 3 DAGs
[2026-05-24T14:51:35.450+0000] {logging_mixin.py:188} INFO - [2026-05-24T14:51:35.450+0000] {dag.py:3954} INFO - Setting next_dagrun for example_branch_datetime_operator to 2026-05-23 00:00:00+00:00, run_after=2026-05-24 00:00:00+00:00
[2026-05-24T14:51:35.452+0000] {logging_mixin.py:188} INFO - [2026-05-24T14:51:35.452+0000] {dag.py:3954} INFO - Setting next_dagrun for example_branch_datetime_operator_2 to 2026-05-23 00:00:00+00:00, run_after=2026-05-24 00:00:00+00:00
[2026-05-24T14:51:35.453+0000] {logging_mixin.py:188} INFO - [2026-05-24T14:51:35.453+0000] {dag.py:3954} INFO - Setting next_dagrun for example_branch_datetime_operator_3 to 2026-05-23 00:00:00+00:00, run_after=2026-05-24 00:00:00+00:00
[2026-05-24T14:51:35.467+0000] {processor.py:183} INFO - Processing /home/varn1t/ml-pipeline/venv/lib/python3.11/site-packages/airflow/example_dags/example_branch_datetime_operator.py took 0.062 seconds
[2026-05-24T14:52:40.350+0000] {processor.py:161} INFO - Started process (PID=28730) to work on /home/varn1t/ml-pipeline/venv/lib/python3.11/site-packages/airflow/example_dags/example_branch_datetime_operator.py
[2026-05-24T14:52:40.351+0000] {processor.py:830} INFO - Processing file /home/varn1t/ml-pipeline/venv/lib/python3.11/site-packages/airflow/example_dags/example_branch_datetime_operator.py for tasks to queue
[2026-05-24T14:52:40.351+0000] {logging_mixin.py:188} INFO - [2026-05-24T14:52:40.351+0000] {dagbag.py:545} INFO - Filling up the DagBag from /home/varn1t/ml-pipeline/venv/lib/python3.11/site-packages/airflow/example_dags/example_branch_datetime_operator.py
[2026-05-24T14:52:40.358+0000] {processor.py:840} INFO - DAG(s) 'example_branch_datetime_operator_2', 'example_branch_datetime_operator', 'example_branch_datetime_operator_3' retrieved from /home/varn1t/ml-pipeline/venv/lib/python3.11/site-packages/airflow/example_dags/example_branch_datetime_operator.py
[2026-05-24T14:52:40.375+0000] {logging_mixin.py:188} INFO - [2026-05-24T14:52:40.375+0000] {dag.py:3096} INFO - Sync 3 DAGs
[2026-05-24T14:52:40.390+0000] {logging_mixin.py:188} INFO - [2026-05-24T14:52:40.390+0000] {dag.py:3954} INFO - Setting next_dagrun for example_branch_datetime_operator to 2026-05-23 00:00:00+00:00, run_after=2026-05-24 00:00:00+00:00
[2026-05-24T14:52:40.393+0000] {logging_mixin.py:188} INFO - [2026-05-24T14:52:40.393+0000] {dag.py:3954} INFO - Setting next_dagrun for example_branch_datetime_operator_2 to 2026-05-23 00:00:00+00:00, run_after=2026-05-24 00:00:00+00:00
[2026-05-24T14:52:40.394+0000] {logging_mixin.py:188} INFO - [2026-05-24T14:52:40.393+0000] {dag.py:3954} INFO - Setting next_dagrun for example_branch_datetime_operator_3 to 2026-05-23 00:00:00+00:00, run_after=2026-05-24 00:00:00+00:00
[2026-05-24T14:52:40.411+0000] {processor.py:183} INFO - Processing /home/varn1t/ml-pipeline/venv/lib/python3.11/site-packages/airflow/example_dags/example_branch_datetime_operator.py took 0.065 seconds
[2026-05-24T14:53:39.697+0000] {processor.py:161} INFO - Started process (PID=29013) to work on /home/varn1t/ml-pipeline/venv/lib/python3.11/site-packages/airflow/example_dags/example_branch_datetime_operator.py
[2026-05-24T14:53:39.698+0000] {processor.py:830} INFO - Processing file /home/varn1t/ml-pipeline/venv/lib/python3.11/site-packages/airflow/example_dags/example_branch_datetime_operator.py for tasks to queue
[2026-05-24T14:53:39.698+0000] {logging_mixin.py:188} INFO - [2026-05-24T14:53:39.698+0000] {dagbag.py:545} INFO - Filling up the DagBag from /home/varn1t/ml-pipeline/venv/lib/python3.11/site-packages/airflow/example_dags/example_branch_datetime_operator.py
[2026-05-24T14:53:39.705+0000] {processor.py:840} INFO - DAG(s) 'example_branch_datetime_operator_2', 'example_branch_datetime_operator', 'example_branch_datetime_operator_3' retrieved from /home/varn1t/ml-pipeline/venv/lib/python3.11/site-packages/airflow/example_dags/example_branch_datetime_operator.py
[2026-05-24T14:53:39.721+0000] {logging_mixin.py:188} INFO - [2026-05-24T14:53:39.721+0000] {dag.py:3096} INFO - Sync 3 DAGs
[2026-05-24T14:53:39.734+0000] {logging_mixin.py:188} INFO - [2026-05-24T14:53:39.734+0000] {dag.py:3954} INFO - Setting next_dagrun for example_branch_datetime_operator to 2026-05-23 00:00:00+00:00, run_after=2026-05-24 00:00:00+00:00
[2026-05-24T14:53:39.737+0000] {logging_mixin.py:188} INFO - [2026-05-24T14:53:39.737+0000] {dag.py:3954} INFO - Setting next_dagrun for example_branch_datetime_operator_2 to 2026-05-23 00:00:00+00:00, run_after=2026-05-24 00:00:00+00:00
[2026-05-24T14:53:39.738+0000] {logging_mixin.py:188} INFO - [2026-05-24T14:53:39.738+0000] {dag.py:3954} INFO - Setting next_dagrun for example_branch_datetime_operator_3 to 2026-05-23 00:00:00+00:00, run_after=2026-05-24 00:00:00+00:00
[2026-05-24T14:53:39.753+0000] {processor.py:183} INFO - Processing /home/varn1t/ml-pipeline/venv/lib/python3.11/site-packages/airflow/example_dags/example_branch_datetime_operator.py took 0.060 seconds
[2026-05-24T14:54:40.083+0000] {processor.py:161} INFO - Started process (PID=29283) to work on /home/varn1t/ml-pipeline/venv/lib/python3.11/site-packages/airflow/example_dags/example_branch_datetime_operator.py
[2026-05-24T14:54:40.084+0000] {processor.py:830} INFO - Processing file /home/varn1t/ml-pipeline/venv/lib/python3.11/site-packages/airflow/example_dags/example_branch_datetime_operator.py for tasks to queue
[2026-05-24T14:54:40.085+0000] {logging_mixin.py:188} INFO - [2026-05-24T14:54:40.084+0000] {dagbag.py:545} INFO - Filling up the DagBag from /home/varn1t/ml-pipeline/venv/lib/python3.11/site-packages/airflow/example_dags/example_branch_datetime_operator.py
[2026-05-24T14:54:40.091+0000] {processor.py:840} INFO - DAG(s) 'example_branch_datetime_operator_2', 'example_branch_datetime_operator', 'example_branch_datetime_operator_3' retrieved from /home/varn1t/ml-pipeline/venv/lib/python3.11/site-packages/airflow/example_dags/example_branch_datetime_operator.py
[2026-05-24T14:54:40.105+0000] {logging_mixin.py:188} INFO - [2026-05-24T14:54:40.105+0000] {dag.py:3096} INFO - Sync 3 DAGs
[2026-05-24T14:54:40.119+0000] {logging_mixin.py:188} INFO - [2026-05-24T14:54:40.119+0000] {dag.py:3954} INFO - Setting next_dagrun for example_branch_datetime_operator to 2026-05-23 00:00:00+00:00, run_after=2026-05-24 00:00:00+00:00
[2026-05-24T14:54:40.122+0000] {logging_mixin.py:188} INFO - [2026-05-24T14:54:40.121+0000] {dag.py:3954} INFO - Setting next_dagrun for example_branch_datetime_operator_2 to 2026-05-23 00:00:00+00:00, run_after=2026-05-24 00:00:00+00:00
[2026-05-24T14:54:40.123+0000] {logging_mixin.py:188} INFO - [2026-05-24T14:54:40.123+0000] {dag.py:3954} INFO - Setting next_dagrun for example_branch_datetime_operator_3 to 2026-05-23 00:00:00+00:00, run_after=2026-05-24 00:00:00+00:00
[2026-05-24T14:54:40.140+0000] {processor.py:183} INFO - Processing /home/varn1t/ml-pipeline/venv/lib/python3.11/site-packages/airflow/example_dags/example_branch_datetime_operator.py took 0.061 seconds
[2026-05-24T14:55:43.834+0000] {processor.py:161} INFO - Started process (PID=29596) to work on /home/varn1t/ml-pipeline/venv/lib/python3.11/site-packages/airflow/example_dags/example_branch_datetime_operator.py
[2026-05-24T14:55:43.835+0000] {processor.py:830} INFO - Processing file /home/varn1t/ml-pipeline/venv/lib/python3.11/site-packages/airflow/example_dags/example_branch_datetime_operator.py for tasks to queue
[2026-05-24T14:55:43.835+0000] {logging_mixin.py:188} INFO - [2026-05-24T14:55:43.835+0000] {dagbag.py:545} INFO - Filling up the DagBag from /home/varn1t/ml-pipeline/venv/lib/python3.11/site-packages/airflow/example_dags/example_branch_datetime_operator.py
[2026-05-24T14:55:43.841+0000] {processor.py:840} INFO - DAG(s) 'example_branch_datetime_operator', 'example_branch_datetime_operator_2', 'example_branch_datetime_operator_3' retrieved from /home/varn1t/ml-pipeline/venv/lib/python3.11/site-packages/airflow/example_dags/example_branch_datetime_operator.py
[2026-05-24T14:55:43.853+0000] {logging_mixin.py:188} INFO - [2026-05-24T14:55:43.853+0000] {dag.py:3096} INFO - Sync 3 DAGs
[2026-05-24T14:55:43.864+0000] {logging_mixin.py:188} INFO - [2026-05-24T14:55:43.864+0000] {dag.py:3954} INFO - Setting next_dagrun for example_branch_datetime_operator to 2026-05-23 00:00:00+00:00, run_after=2026-05-24 00:00:00+00:00
[2026-05-24T14:55:43.866+0000] {logging_mixin.py:188} INFO - [2026-05-24T14:55:43.866+0000] {dag.py:3954} INFO - Setting next_dagrun for example_branch_datetime_operator_2 to 2026-05-23 00:00:00+00:00, run_after=2026-05-24 00:00:00+00:00
[2026-05-24T14:55:43.867+0000] {logging_mixin.py:188} INFO - [2026-05-24T14:55:43.867+0000] {dag.py:3954} INFO - Setting next_dagrun for example_branch_datetime_operator_3 to 2026-05-23 00:00:00+00:00, run_after=2026-05-24 00:00:00+00:00
[2026-05-24T14:55:43.881+0000] {processor.py:183} INFO - Processing /home/varn1t/ml-pipeline/venv/lib/python3.11/site-packages/airflow/example_dags/example_branch_datetime_operator.py took 0.050 seconds
[2026-05-24T14:56:51.406+0000] {processor.py:161} INFO - Started process (PID=29982) to work on /home/varn1t/ml-pipeline/venv/lib/python3.11/site-packages/airflow/example_dags/example_branch_datetime_operator.py
[2026-05-24T14:56:51.413+0000] {processor.py:830} INFO - Processing file /home/varn1t/ml-pipeline/venv/lib/python3.11/site-packages/airflow/example_dags/example_branch_datetime_operator.py for tasks to queue
[2026-05-24T14:56:51.426+0000] {logging_mixin.py:188} INFO - [2026-05-24T14:56:51.418+0000] {dagbag.py:545} INFO - Filling up the DagBag from /home/varn1t/ml-pipeline/venv/lib/python3.11/site-packages/airflow/example_dags/example_branch_datetime_operator.py
[2026-05-24T14:56:51.459+0000] {processor.py:840} INFO - DAG(s) 'example_branch_datetime_operator_3', 'example_branch_datetime_operator_2', 'example_branch_datetime_operator' retrieved from /home/varn1t/ml-pipeline/venv/lib/python3.11/site-packages/airflow/example_dags/example_branch_datetime_operator.py
[2026-05-24T14:56:51.534+0000] {logging_mixin.py:188} INFO - [2026-05-24T14:56:51.534+0000] {dag.py:3096} INFO - Sync 3 DAGs
[2026-05-24T14:56:51.579+0000] {logging_mixin.py:188} INFO - [2026-05-24T14:56:51.579+0000] {dag.py:3954} INFO - Setting next_dagrun for example_branch_datetime_operator to 2026-05-23 00:00:00+00:00, run_after=2026-05-24 00:00:00+00:00
[2026-05-24T14:56:51.587+0000] {logging_mixin.py:188} INFO - [2026-05-24T14:56:51.587+0000] {dag.py:3954} INFO - Setting next_dagrun for example_branch_datetime_operator_2 to 2026-05-23 00:00:00+00:00, run_after=2026-05-24 00:00:00+00:00
[2026-05-24T14:56:51.589+0000] {logging_mixin.py:188} INFO - [2026-05-24T14:56:51.589+0000] {dag.py:3954} INFO - Setting next_dagrun for example_branch_datetime_operator_3 to 2026-05-23 00:00:00+00:00, run_after=2026-05-24 00:00:00+00:00
[2026-05-24T14:56:51.616+0000] {processor.py:183} INFO - Processing /home/varn1t/ml-pipeline/venv/lib/python3.11/site-packages/airflow/example_dags/example_branch_datetime_operator.py took 0.237 seconds
[2026-05-24T14:57:59.797+0000] {processor.py:161} INFO - Started process (PID=30511) to work on /home/varn1t/ml-pipeline/venv/lib/python3.11/site-packages/airflow/example_dags/example_branch_datetime_operator.py
[2026-05-24T14:57:59.798+0000] {processor.py:830} INFO - Processing file /home/varn1t/ml-pipeline/venv/lib/python3.11/site-packages/airflow/example_dags/example_branch_datetime_operator.py for tasks to queue
[2026-05-24T14:57:59.799+0000] {logging_mixin.py:188} INFO - [2026-05-24T14:57:59.799+0000] {dagbag.py:545} INFO - Filling up the DagBag from /home/varn1t/ml-pipeline/venv/lib/python3.11/site-packages/airflow/example_dags/example_branch_datetime_operator.py
[2026-05-24T14:57:59.806+0000] {processor.py:840} INFO - DAG(s) 'example_branch_datetime_operator', 'example_branch_datetime_operator_2', 'example_branch_datetime_operator_3' retrieved from /home/varn1t/ml-pipeline/venv/lib/python3.11/site-packages/airflow/example_dags/example_branch_datetime_operator.py
[2026-05-24T14:57:59.823+0000] {logging_mixin.py:188} INFO - [2026-05-24T14:57:59.823+0000] {dag.py:3096} INFO - Sync 3 DAGs
[2026-05-24T14:57:59.837+0000] {logging_mixin.py:188} INFO - [2026-05-24T14:57:59.837+0000] {dag.py:3954} INFO - Setting next_dagrun for example_branch_datetime_operator to 2026-05-23 00:00:00+00:00, run_after=2026-05-24 00:00:00+00:00
[2026-05-24T14:57:59.840+0000] {logging_mixin.py:188} INFO - [2026-05-24T14:57:59.840+0000] {dag.py:3954} INFO - Setting next_dagrun for example_branch_datetime_operator_2 to 2026-05-23 00:00:00+00:00, run_after=2026-05-24 00:00:00+00:00
[2026-05-24T14:57:59.842+0000] {logging_mixin.py:188} INFO - [2026-05-24T14:57:59.842+0000] {dag.py:3954} INFO - Setting next_dagrun for example_branch_datetime_operator_3 to 2026-05-23 00:00:00+00:00, run_after=2026-05-24 00:00:00+00:00
[2026-05-24T14:57:59.855+0000] {processor.py:183} INFO - Processing /home/varn1t/ml-pipeline/venv/lib/python3.11/site-packages/airflow/example_dags/example_branch_datetime_operator.py took 0.063 seconds
[2026-05-24T14:59:02.698+0000] {processor.py:161} INFO - Started process (PID=31078) to work on /home/varn1t/ml-pipeline/venv/lib/python3.11/site-packages/airflow/example_dags/example_branch_datetime_operator.py
[2026-05-24T14:59:02.699+0000] {processor.py:830} INFO - Processing file /home/varn1t/ml-pipeline/venv/lib/python3.11/site-packages/airflow/example_dags/example_branch_datetime_operator.py for tasks to queue
[2026-05-24T14:59:02.700+0000] {logging_mixin.py:188} INFO - [2026-05-24T14:59:02.699+0000] {dagbag.py:545} INFO - Filling up the DagBag from /home/varn1t/ml-pipeline/venv/lib/python3.11/site-packages/airflow/example_dags/example_branch_datetime_operator.py
[2026-05-24T14:59:02.706+0000] {processor.py:840} INFO - DAG(s) 'example_branch_datetime_operator_3', 'example_branch_datetime_operator', 'example_branch_datetime_operator_2' retrieved from /home/varn1t/ml-pipeline/venv/lib/python3.11/site-packages/airflow/example_dags/example_branch_datetime_operator.py
[2026-05-24T14:59:02.720+0000] {logging_mixin.py:188} INFO - [2026-05-24T14:59:02.720+0000] {dag.py:3096} INFO - Sync 3 DAGs
[2026-05-24T14:59:02.731+0000] {logging_mixin.py:188} INFO - [2026-05-24T14:59:02.731+0000] {dag.py:3954} INFO - Setting next_dagrun for example_branch_datetime_operator to 2026-05-23 00:00:00+00:00, run_after=2026-05-24 00:00:00+00:00
[2026-05-24T14:59:02.733+0000] {logging_mixin.py:188} INFO - [2026-05-24T14:59:02.733+0000] {dag.py:3954} INFO - Setting next_dagrun for example_branch_datetime_operator_2 to 2026-05-23 00:00:00+00:00, run_after=2026-05-24 00:00:00+00:00
[2026-05-24T14:59:02.734+0000] {logging_mixin.py:188} INFO - [2026-05-24T14:59:02.734+0000] {dag.py:3954} INFO - Setting next_dagrun for example_branch_datetime_operator_3 to 2026-05-23 00:00:00+00:00, run_after=2026-05-24 00:00:00+00:00
[2026-05-24T14:59:02.746+0000] {processor.py:183} INFO - Processing /home/varn1t/ml-pipeline/venv/lib/python3.11/site-packages/airflow/example_dags/example_branch_datetime_operator.py took 0.052 seconds
[2026-05-24T15:00:04.339+0000] {processor.py:161} INFO - Started process (PID=31463) to work on /home/varn1t/ml-pipeline/venv/lib/python3.11/site-packages/airflow/example_dags/example_branch_datetime_operator.py
[2026-05-24T15:00:04.340+0000] {processor.py:830} INFO - Processing file /home/varn1t/ml-pipeline/venv/lib/python3.11/site-packages/airflow/example_dags/example_branch_datetime_operator.py for tasks to queue
[2026-05-24T15:00:04.340+0000] {logging_mixin.py:188} INFO - [2026-05-24T15:00:04.340+0000] {dagbag.py:545} INFO - Filling up the DagBag from /home/varn1t/ml-pipeline/venv/lib/python3.11/site-packages/airflow/example_dags/example_branch_datetime_operator.py
[2026-05-24T15:00:04.346+0000] {processor.py:840} INFO - DAG(s) 'example_branch_datetime_operator_2', 'example_branch_datetime_operator', 'example_branch_datetime_operator_3' retrieved from /home/varn1t/ml-pipeline/venv/lib/python3.11/site-packages/airflow/example_dags/example_branch_datetime_operator.py
[2026-05-24T15:00:04.358+0000] {logging_mixin.py:188} INFO - [2026-05-24T15:00:04.358+0000] {dag.py:3096} INFO - Sync 3 DAGs
[2026-05-24T15:00:04.369+0000] {logging_mixin.py:188} INFO - [2026-05-24T15:00:04.369+0000] {dag.py:3954} INFO - Setting next_dagrun for example_branch_datetime_operator to 2026-05-23 00:00:00+00:00, run_after=2026-05-24 00:00:00+00:00
[2026-05-24T15:00:04.371+0000] {logging_mixin.py:188} INFO - [2026-05-24T15:00:04.371+0000] {dag.py:3954} INFO - Setting next_dagrun for example_branch_datetime_operator_2 to 2026-05-23 00:00:00+00:00, run_after=2026-05-24 00:00:00+00:00
[2026-05-24T15:00:04.372+0000] {logging_mixin.py:188} INFO - [2026-05-24T15:00:04.372+0000] {dag.py:3954} INFO - Setting next_dagrun for example_branch_datetime_operator_3 to 2026-05-23 00:00:00+00:00, run_after=2026-05-24 00:00:00+00:00
[2026-05-24T15:00:04.385+0000] {processor.py:183} INFO - Processing /home/varn1t/ml-pipeline/venv/lib/python3.11/site-packages/airflow/example_dags/example_branch_datetime_operator.py took 0.051 seconds
[2026-05-24T15:01:02.623+0000] {processor.py:161} INFO - Started process (PID=31730) to work on /home/varn1t/ml-pipeline/venv/lib/python3.11/site-packages/airflow/example_dags/example_branch_datetime_operator.py
[2026-05-24T15:01:02.623+0000] {processor.py:830} INFO - Processing file /home/varn1t/ml-pipeline/venv/lib/python3.11/site-packages/airflow/example_dags/example_branch_datetime_operator.py for tasks to queue
[2026-05-24T15:01:02.624+0000] {logging_mixin.py:188} INFO - [2026-05-24T15:01:02.624+0000] {dagbag.py:545} INFO - Filling up the DagBag from /home/varn1t/ml-pipeline/venv/lib/python3.11/site-packages/airflow/example_dags/example_branch_datetime_operator.py
[2026-05-24T15:01:02.631+0000] {processor.py:840} INFO - DAG(s) 'example_branch_datetime_operator_3', 'example_branch_datetime_operator_2', 'example_branch_datetime_operator' retrieved from /home/varn1t/ml-pipeline/venv/lib/python3.11/site-packages/airflow/example_dags/example_branch_datetime_operator.py
[2026-05-24T15:01:02.648+0000] {logging_mixin.py:188} INFO - [2026-05-24T15:01:02.648+0000] {dag.py:3096} INFO - Sync 3 DAGs
[2026-05-24T15:01:02.663+0000] {logging_mixin.py:188} INFO - [2026-05-24T15:01:02.663+0000] {dag.py:3954} INFO - Setting next_dagrun for example_branch_datetime_operator to 2026-05-23 00:00:00+00:00, run_after=2026-05-24 00:00:00+00:00
[2026-05-24T15:01:02.666+0000] {logging_mixin.py:188} INFO - [2026-05-24T15:01:02.666+0000] {dag.py:3954} INFO - Setting next_dagrun for example_branch_datetime_operator_2 to 2026-05-23 00:00:00+00:00, run_after=2026-05-24 00:00:00+00:00
[2026-05-24T15:01:02.667+0000] {logging_mixin.py:188} INFO - [2026-05-24T15:01:02.667+0000] {dag.py:3954} INFO - Setting next_dagrun for example_branch_datetime_operator_3 to 2026-05-23 00:00:00+00:00, run_after=2026-05-24 00:00:00+00:00
[2026-05-24T15:01:02.682+0000] {processor.py:183} INFO - Processing /home/varn1t/ml-pipeline/venv/lib/python3.11/site-packages/airflow/example_dags/example_branch_datetime_operator.py took 0.065 seconds
[2026-05-24T15:02:03.722+0000] {processor.py:161} INFO - Started process (PID=32033) to work on /home/varn1t/ml-pipeline/venv/lib/python3.11/site-packages/airflow/example_dags/example_branch_datetime_operator.py
[2026-05-24T15:02:03.723+0000] {processor.py:830} INFO - Processing file /home/varn1t/ml-pipeline/venv/lib/python3.11/site-packages/airflow/example_dags/example_branch_datetime_operator.py for tasks to queue
[2026-05-24T15:02:03.724+0000] {logging_mixin.py:188} INFO - [2026-05-24T15:02:03.723+0000] {dagbag.py:545} INFO - Filling up the DagBag from /home/varn1t/ml-pipeline/venv/lib/python3.11/site-packages/airflow/example_dags/example_branch_datetime_operator.py
[2026-05-24T15:02:03.730+0000] {processor.py:840} INFO - DAG(s) 'example_branch_datetime_operator_3', 'example_branch_datetime_operator_2', 'example_branch_datetime_operator' retrieved from /home/varn1t/ml-pipeline/venv/lib/python3.11/site-packages/airflow/example_dags/example_branch_datetime_operator.py
[2026-05-24T15:02:03.744+0000] {logging_mixin.py:188} INFO - [2026-05-24T15:02:03.744+0000] {dag.py:3096} INFO - Sync 3 DAGs
[2026-05-24T15:02:03.757+0000] {logging_mixin.py:188} INFO - [2026-05-24T15:02:03.756+0000] {dag.py:3954} INFO - Setting next_dagrun for example_branch_datetime_operator to 2026-05-23 00:00:00+00:00, run_after=2026-05-24 00:00:00+00:00
[2026-05-24T15:02:03.759+0000] {logging_mixin.py:188} INFO - [2026-05-24T15:02:03.759+0000] {dag.py:3954} INFO - Setting next_dagrun for example_branch_datetime_operator_2 to 2026-05-23 00:00:00+00:00, run_after=2026-05-24 00:00:00+00:00
[2026-05-24T15:02:03.760+0000] {logging_mixin.py:188} INFO - [2026-05-24T15:02:03.760+0000] {dag.py:3954} INFO - Setting next_dagrun for example_branch_datetime_operator_3 to 2026-05-23 00:00:00+00:00, run_after=2026-05-24 00:00:00+00:00
[2026-05-24T15:02:03.777+0000] {processor.py:183} INFO - Processing /home/varn1t/ml-pipeline/venv/lib/python3.11/site-packages/airflow/example_dags/example_branch_datetime_operator.py took 0.060 seconds
[2026-05-24T15:03:05.347+0000] {processor.py:161} INFO - Started process (PID=32368) to work on /home/varn1t/ml-pipeline/venv/lib/python3.11/site-packages/airflow/example_dags/example_branch_datetime_operator.py
[2026-05-24T15:03:05.348+0000] {processor.py:830} INFO - Processing file /home/varn1t/ml-pipeline/venv/lib/python3.11/site-packages/airflow/example_dags/example_branch_datetime_operator.py for tasks to queue
[2026-05-24T15:03:05.349+0000] {logging_mixin.py:188} INFO - [2026-05-24T15:03:05.349+0000] {dagbag.py:545} INFO - Filling up the DagBag from /home/varn1t/ml-pipeline/venv/lib/python3.11/site-packages/airflow/example_dags/example_branch_datetime_operator.py
[2026-05-24T15:03:05.355+0000] {processor.py:840} INFO - DAG(s) 'example_branch_datetime_operator_3', 'example_branch_datetime_operator_2', 'example_branch_datetime_operator' retrieved from /home/varn1t/ml-pipeline/venv/lib/python3.11/site-packages/airflow/example_dags/example_branch_datetime_operator.py
[2026-05-24T15:03:05.368+0000] {logging_mixin.py:188} INFO - [2026-05-24T15:03:05.368+0000] {dag.py:3096} INFO - Sync 3 DAGs
[2026-05-24T15:03:05.379+0000] {logging_mixin.py:188} INFO - [2026-05-24T15:03:05.379+0000] {dag.py:3954} INFO - Setting next_dagrun for example_branch_datetime_operator to 2026-05-23 00:00:00+00:00, run_after=2026-05-24 00:00:00+00:00
[2026-05-24T15:03:05.381+0000] {logging_mixin.py:188} INFO - [2026-05-24T15:03:05.381+0000] {dag.py:3954} INFO - Setting next_dagrun for example_branch_datetime_operator_2 to 2026-05-23 00:00:00+00:00, run_after=2026-05-24 00:00:00+00:00
[2026-05-24T15:03:05.382+0000] {logging_mixin.py:188} INFO - [2026-05-24T15:03:05.382+0000] {dag.py:3954} INFO - Setting next_dagrun for example_branch_datetime_operator_3 to 2026-05-23 00:00:00+00:00, run_after=2026-05-24 00:00:00+00:00
[2026-05-24T15:03:05.393+0000] {processor.py:183} INFO - Processing /home/varn1t/ml-pipeline/venv/lib/python3.11/site-packages/airflow/example_dags/example_branch_datetime_operator.py took 0.052 seconds
[2026-05-24T15:04:09.158+0000] {processor.py:161} INFO - Started process (PID=32711) to work on /home/varn1t/ml-pipeline/venv/lib/python3.11/site-packages/airflow/example_dags/example_branch_datetime_operator.py
[2026-05-24T15:04:09.159+0000] {processor.py:830} INFO - Processing file /home/varn1t/ml-pipeline/venv/lib/python3.11/site-packages/airflow/example_dags/example_branch_datetime_operator.py for tasks to queue
[2026-05-24T15:04:09.160+0000] {logging_mixin.py:188} INFO - [2026-05-24T15:04:09.159+0000] {dagbag.py:545} INFO - Filling up the DagBag from /home/varn1t/ml-pipeline/venv/lib/python3.11/site-packages/airflow/example_dags/example_branch_datetime_operator.py
[2026-05-24T15:04:09.167+0000] {processor.py:840} INFO - DAG(s) 'example_branch_datetime_operator_3', 'example_branch_datetime_operator', 'example_branch_datetime_operator_2' retrieved from /home/varn1t/ml-pipeline/venv/lib/python3.11/site-packages/airflow/example_dags/example_branch_datetime_operator.py
[2026-05-24T15:04:09.181+0000] {logging_mixin.py:188} INFO - [2026-05-24T15:04:09.181+0000] {dag.py:3096} INFO - Sync 3 DAGs
[2026-05-24T15:04:09.195+0000] {logging_mixin.py:188} INFO - [2026-05-24T15:04:09.195+0000] {dag.py:3954} INFO - Setting next_dagrun for example_branch_datetime_operator to 2026-05-23 00:00:00+00:00, run_after=2026-05-24 00:00:00+00:00
[2026-05-24T15:04:09.197+0000] {logging_mixin.py:188} INFO - [2026-05-24T15:04:09.197+0000] {dag.py:3954} INFO - Setting next_dagrun for example_branch_datetime_operator_2 to 2026-05-23 00:00:00+00:00, run_after=2026-05-24 00:00:00+00:00
[2026-05-24T15:04:09.199+0000] {logging_mixin.py:188} INFO - [2026-05-24T15:04:09.199+0000] {dag.py:3954} INFO - Setting next_dagrun for example_branch_datetime_operator_3 to 2026-05-23 00:00:00+00:00, run_after=2026-05-24 00:00:00+00:00
[2026-05-24T15:04:09.217+0000] {processor.py:183} INFO - Processing /home/varn1t/ml-pipeline/venv/lib/python3.11/site-packages/airflow/example_dags/example_branch_datetime_operator.py took 0.065 seconds
[2026-05-24T15:05:07.444+0000] {processor.py:161} INFO - Started process (PID=33034) to work on /home/varn1t/ml-pipeline/venv/lib/python3.11/site-packages/airflow/example_dags/example_branch_datetime_operator.py
[2026-05-24T15:05:07.445+0000] {processor.py:830} INFO - Processing file /home/varn1t/ml-pipeline/venv/lib/python3.11/site-packages/airflow/example_dags/example_branch_datetime_operator.py for tasks to queue
[2026-05-24T15:05:07.445+0000] {logging_mixin.py:188} INFO - [2026-05-24T15:05:07.445+0000] {dagbag.py:545} INFO - Filling up the DagBag from /home/varn1t/ml-pipeline/venv/lib/python3.11/site-packages/airflow/example_dags/example_branch_datetime_operator.py
[2026-05-24T15:05:07.452+0000] {processor.py:840} INFO - DAG(s) 'example_branch_datetime_operator_3', 'example_branch_datetime_operator', 'example_branch_datetime_operator_2' retrieved from /home/varn1t/ml-pipeline/venv/lib/python3.11/site-packages/airflow/example_dags/example_branch_datetime_operator.py
[2026-05-24T15:05:07.467+0000] {logging_mixin.py:188} INFO - [2026-05-24T15:05:07.467+0000] {dag.py:3096} INFO - Sync 3 DAGs
[2026-05-24T15:05:07.481+0000] {logging_mixin.py:188} INFO - [2026-05-24T15:05:07.481+0000] {dag.py:3954} INFO - Setting next_dagrun for example_branch_datetime_operator to 2026-05-23 00:00:00+00:00, run_after=2026-05-24 00:00:00+00:00
[2026-05-24T15:05:07.483+0000] {logging_mixin.py:188} INFO - [2026-05-24T15:05:07.483+0000] {dag.py:3954} INFO - Setting next_dagrun for example_branch_datetime_operator_2 to 2026-05-23 00:00:00+00:00, run_after=2026-05-24 00:00:00+00:00
[2026-05-24T15:05:07.484+0000] {logging_mixin.py:188} INFO - [2026-05-24T15:05:07.484+0000] {dag.py:3954} INFO - Setting next_dagrun for example_branch_datetime_operator_3 to 2026-05-23 00:00:00+00:00, run_after=2026-05-24 00:00:00+00:00
[2026-05-24T15:05:07.501+0000] {processor.py:183} INFO - Processing /home/varn1t/ml-pipeline/venv/lib/python3.11/site-packages/airflow/example_dags/example_branch_datetime_operator.py took 0.063 seconds
[2026-05-24T15:06:10.225+0000] {processor.py:161} INFO - Started process (PID=33596) to work on /home/varn1t/ml-pipeline/venv/lib/python3.11/site-packages/airflow/example_dags/example_branch_datetime_operator.py
[2026-05-24T15:06:10.226+0000] {processor.py:830} INFO - Processing file /home/varn1t/ml-pipeline/venv/lib/python3.11/site-packages/airflow/example_dags/example_branch_datetime_operator.py for tasks to queue
[2026-05-24T15:06:10.227+0000] {logging_mixin.py:188} INFO - [2026-05-24T15:06:10.226+0000] {dagbag.py:545} INFO - Filling up the DagBag from /home/varn1t/ml-pipeline/venv/lib/python3.11/site-packages/airflow/example_dags/example_branch_datetime_operator.py
[2026-05-24T15:06:10.233+0000] {processor.py:840} INFO - DAG(s) 'example_branch_datetime_operator_2', 'example_branch_datetime_operator_3', 'example_branch_datetime_operator' retrieved from /home/varn1t/ml-pipeline/venv/lib/python3.11/site-packages/airflow/example_dags/example_branch_datetime_operator.py
[2026-05-24T15:06:10.249+0000] {logging_mixin.py:188} INFO - [2026-05-24T15:06:10.248+0000] {dag.py:3096} INFO - Sync 3 DAGs
[2026-05-24T15:06:10.262+0000] {logging_mixin.py:188} INFO - [2026-05-24T15:06:10.262+0000] {dag.py:3954} INFO - Setting next_dagrun for example_branch_datetime_operator to 2026-05-23 00:00:00+00:00, run_after=2026-05-24 00:00:00+00:00
[2026-05-24T15:06:10.264+0000] {logging_mixin.py:188} INFO - [2026-05-24T15:06:10.264+0000] {dag.py:3954} INFO - Setting next_dagrun for example_branch_datetime_operator_2 to 2026-05-23 00:00:00+00:00, run_after=2026-05-24 00:00:00+00:00
[2026-05-24T15:06:10.265+0000] {logging_mixin.py:188} INFO - [2026-05-24T15:06:10.265+0000] {dag.py:3954} INFO - Setting next_dagrun for example_branch_datetime_operator_3 to 2026-05-23 00:00:00+00:00, run_after=2026-05-24 00:00:00+00:00
[2026-05-24T15:06:10.280+0000] {processor.py:183} INFO - Processing /home/varn1t/ml-pipeline/venv/lib/python3.11/site-packages/airflow/example_dags/example_branch_datetime_operator.py took 0.063 seconds
[2026-05-24T15:07:10.638+0000] {processor.py:161} INFO - Started process (PID=34343) to work on /home/varn1t/ml-pipeline/venv/lib/python3.11/site-packages/airflow/example_dags/example_branch_datetime_operator.py
[2026-05-24T15:07:10.639+0000] {processor.py:830} INFO - Processing file /home/varn1t/ml-pipeline/venv/lib/python3.11/site-packages/airflow/example_dags/example_branch_datetime_operator.py for tasks to queue
[2026-05-24T15:07:10.639+0000] {logging_mixin.py:188} INFO - [2026-05-24T15:07:10.639+0000] {dagbag.py:545} INFO - Filling up the DagBag from /home/varn1t/ml-pipeline/venv/lib/python3.11/site-packages/airflow/example_dags/example_branch_datetime_operator.py
[2026-05-24T15:07:10.645+0000] {processor.py:840} INFO - DAG(s) 'example_branch_datetime_operator_2', 'example_branch_datetime_operator_3', 'example_branch_datetime_operator' retrieved from /home/varn1t/ml-pipeline/venv/lib/python3.11/site-packages/airflow/example_dags/example_branch_datetime_operator.py
[2026-05-24T15:07:10.658+0000] {logging_mixin.py:188} INFO - [2026-05-24T15:07:10.657+0000] {dag.py:3096} INFO - Sync 3 DAGs
[2026-05-24T15:07:10.671+0000] {logging_mixin.py:188} INFO - [2026-05-24T15:07:10.671+0000] {dag.py:3954} INFO - Setting next_dagrun for example_branch_datetime_operator to 2026-05-23 00:00:00+00:00, run_after=2026-05-24 00:00:00+00:00
[2026-05-24T15:07:10.673+0000] {logging_mixin.py:188} INFO - [2026-05-24T15:07:10.673+0000] {dag.py:3954} INFO - Setting next_dagrun for example_branch_datetime_operator_2 to 2026-05-23 00:00:00+00:00, run_after=2026-05-24 00:00:00+00:00
[2026-05-24T15:07:10.674+0000] {logging_mixin.py:188} INFO - [2026-05-24T15:07:10.674+0000] {dag.py:3954} INFO - Setting next_dagrun for example_branch_datetime_operator_3 to 2026-05-23 00:00:00+00:00, run_after=2026-05-24 00:00:00+00:00
[2026-05-24T15:07:10.692+0000] {processor.py:183} INFO - Processing /home/varn1t/ml-pipeline/venv/lib/python3.11/site-packages/airflow/example_dags/example_branch_datetime_operator.py took 0.060 seconds
[2026-05-24T15:08:18.049+0000] {processor.py:161} INFO - Started process (PID=34940) to work on /home/varn1t/ml-pipeline/venv/lib/python3.11/site-packages/airflow/example_dags/example_branch_datetime_operator.py
[2026-05-24T15:08:18.050+0000] {processor.py:830} INFO - Processing file /home/varn1t/ml-pipeline/venv/lib/python3.11/site-packages/airflow/example_dags/example_branch_datetime_operator.py for tasks to queue
[2026-05-24T15:08:18.050+0000] {logging_mixin.py:188} INFO - [2026-05-24T15:08:18.050+0000] {dagbag.py:545} INFO - Filling up the DagBag from /home/varn1t/ml-pipeline/venv/lib/python3.11/site-packages/airflow/example_dags/example_branch_datetime_operator.py
[2026-05-24T15:08:18.056+0000] {processor.py:840} INFO - DAG(s) 'example_branch_datetime_operator', 'example_branch_datetime_operator_3', 'example_branch_datetime_operator_2' retrieved from /home/varn1t/ml-pipeline/venv/lib/python3.11/site-packages/airflow/example_dags/example_branch_datetime_operator.py
[2026-05-24T15:08:18.073+0000] {logging_mixin.py:188} INFO - [2026-05-24T15:08:18.073+0000] {dag.py:3096} INFO - Sync 3 DAGs
[2026-05-24T15:08:18.088+0000] {logging_mixin.py:188} INFO - [2026-05-24T15:08:18.087+0000] {dag.py:3954} INFO - Setting next_dagrun for example_branch_datetime_operator to 2026-05-23 00:00:00+00:00, run_after=2026-05-24 00:00:00+00:00
[2026-05-24T15:08:18.091+0000] {logging_mixin.py:188} INFO - [2026-05-24T15:08:18.091+0000] {dag.py:3954} INFO - Setting next_dagrun for example_branch_datetime_operator_2 to 2026-05-23 00:00:00+00:00, run_after=2026-05-24 00:00:00+00:00
[2026-05-24T15:08:18.092+0000] {logging_mixin.py:188} INFO - [2026-05-24T15:08:18.092+0000] {dag.py:3954} INFO - Setting next_dagrun for example_branch_datetime_operator_3 to 2026-05-23 00:00:00+00:00, run_after=2026-05-24 00:00:00+00:00
[2026-05-24T15:08:18.107+0000] {processor.py:183} INFO - Processing /home/varn1t/ml-pipeline/venv/lib/python3.11/site-packages/airflow/example_dags/example_branch_datetime_operator.py took 0.065 seconds
[2026-05-24T15:09:19.688+0000] {processor.py:161} INFO - Started process (PID=35284) to work on /home/varn1t/ml-pipeline/venv/lib/python3.11/site-packages/airflow/example_dags/example_branch_datetime_operator.py
[2026-05-24T15:09:19.689+0000] {processor.py:830} INFO - Processing file /home/varn1t/ml-pipeline/venv/lib/python3.11/site-packages/airflow/example_dags/example_branch_datetime_operator.py for tasks to queue
[2026-05-24T15:09:19.690+0000] {logging_mixin.py:188} INFO - [2026-05-24T15:09:19.690+0000] {dagbag.py:545} INFO - Filling up the DagBag from /home/varn1t/ml-pipeline/venv/lib/python3.11/site-packages/airflow/example_dags/example_branch_datetime_operator.py
[2026-05-24T15:09:19.698+0000] {processor.py:840} INFO - DAG(s) 'example_branch_datetime_operator_2', 'example_branch_datetime_operator_3', 'example_branch_datetime_operator' retrieved from /home/varn1t/ml-pipeline/venv/lib/python3.11/site-packages/airflow/example_dags/example_branch_datetime_operator.py
[2026-05-24T15:09:19.713+0000] {logging_mixin.py:188} INFO - [2026-05-24T15:09:19.713+0000] {dag.py:3096} INFO - Sync 3 DAGs
[2026-05-24T15:09:19.733+0000] {logging_mixin.py:188} INFO - [2026-05-24T15:09:19.733+0000] {dag.py:3954} INFO - Setting next_dagrun for example_branch_datetime_operator to 2026-05-23 00:00:00+00:00, run_after=2026-05-24 00:00:00+00:00
[2026-05-24T15:09:19.735+0000] {logging_mixin.py:188} INFO - [2026-05-24T15:09:19.735+0000] {dag.py:3954} INFO - Setting next_dagrun for example_branch_datetime_operator_2 to 2026-05-23 00:00:00+00:00, run_after=2026-05-24 00:00:00+00:00
[2026-05-24T15:09:19.736+0000] {logging_mixin.py:188} INFO - [2026-05-24T15:09:19.736+0000] {dag.py:3954} INFO - Setting next_dagrun for example_branch_datetime_operator_3 to 2026-05-23 00:00:00+00:00, run_after=2026-05-24 00:00:00+00:00
[2026-05-24T15:09:19.754+0000] {processor.py:183} INFO - Processing /home/varn1t/ml-pipeline/venv/lib/python3.11/site-packages/airflow/example_dags/example_branch_datetime_operator.py took 0.072 seconds
[2026-05-24T15:10:21.307+0000] {processor.py:161} INFO - Started process (PID=35548) to work on /home/varn1t/ml-pipeline/venv/lib/python3.11/site-packages/airflow/example_dags/example_branch_datetime_operator.py
[2026-05-24T15:10:21.308+0000] {processor.py:830} INFO - Processing file /home/varn1t/ml-pipeline/venv/lib/python3.11/site-packages/airflow/example_dags/example_branch_datetime_operator.py for tasks to queue
[2026-05-24T15:10:21.309+0000] {logging_mixin.py:188} INFO - [2026-05-24T15:10:21.308+0000] {dagbag.py:545} INFO - Filling up the DagBag from /home/varn1t/ml-pipeline/venv/lib/python3.11/site-packages/airflow/example_dags/example_branch_datetime_operator.py
[2026-05-24T15:10:21.317+0000] {processor.py:840} INFO - DAG(s) 'example_branch_datetime_operator', 'example_branch_datetime_operator_3', 'example_branch_datetime_operator_2' retrieved from /home/varn1t/ml-pipeline/venv/lib/python3.11/site-packages/airflow/example_dags/example_branch_datetime_operator.py
[2026-05-24T15:10:21.335+0000] {logging_mixin.py:188} INFO - [2026-05-24T15:10:21.335+0000] {dag.py:3096} INFO - Sync 3 DAGs
[2026-05-24T15:10:21.350+0000] {logging_mixin.py:188} INFO - [2026-05-24T15:10:21.349+0000] {dag.py:3954} INFO - Setting next_dagrun for example_branch_datetime_operator to 2026-05-23 00:00:00+00:00, run_after=2026-05-24 00:00:00+00:00
[2026-05-24T15:10:21.352+0000] {logging_mixin.py:188} INFO - [2026-05-24T15:10:21.352+0000] {dag.py:3954} INFO - Setting next_dagrun for example_branch_datetime_operator_2 to 2026-05-23 00:00:00+00:00, run_after=2026-05-24 00:00:00+00:00
[2026-05-24T15:10:21.353+0000] {logging_mixin.py:188} INFO - [2026-05-24T15:10:21.353+0000] {dag.py:3954} INFO - Setting next_dagrun for example_branch_datetime_operator_3 to 2026-05-23 00:00:00+00:00, run_after=2026-05-24 00:00:00+00:00
[2026-05-24T15:10:21.366+0000] {processor.py:183} INFO - Processing /home/varn1t/ml-pipeline/venv/lib/python3.11/site-packages/airflow/example_dags/example_branch_datetime_operator.py took 0.068 seconds
[2026-05-24T15:11:09.198+0000] {processor.py:161} INFO - Started process (PID=35752) to work on /home/varn1t/ml-pipeline/venv/lib/python3.11/site-packages/airflow/example_dags/example_branch_datetime_operator.py
[2026-05-24T15:11:09.199+0000] {processor.py:830} INFO - Processing file /home/varn1t/ml-pipeline/venv/lib/python3.11/site-packages/airflow/example_dags/example_branch_datetime_operator.py for tasks to queue
[2026-05-24T15:11:09.200+0000] {logging_mixin.py:188} INFO - [2026-05-24T15:11:09.199+0000] {dagbag.py:545} INFO - Filling up the DagBag from /home/varn1t/ml-pipeline/venv/lib/python3.11/site-packages/airflow/example_dags/example_branch_datetime_operator.py
[2026-05-24T15:11:09.207+0000] {processor.py:840} INFO - DAG(s) 'example_branch_datetime_operator_3', 'example_branch_datetime_operator_2', 'example_branch_datetime_operator' retrieved from /home/varn1t/ml-pipeline/venv/lib/python3.11/site-packages/airflow/example_dags/example_branch_datetime_operator.py
[2026-05-24T15:11:09.223+0000] {logging_mixin.py:188} INFO - [2026-05-24T15:11:09.222+0000] {dag.py:3096} INFO - Sync 3 DAGs
[2026-05-24T15:11:09.236+0000] {logging_mixin.py:188} INFO - [2026-05-24T15:11:09.236+0000] {dag.py:3954} INFO - Setting next_dagrun for example_branch_datetime_operator to 2026-05-23 00:00:00+00:00, run_after=2026-05-24 00:00:00+00:00
[2026-05-24T15:11:09.239+0000] {logging_mixin.py:188} INFO - [2026-05-24T15:11:09.239+0000] {dag.py:3954} INFO - Setting next_dagrun for example_branch_datetime_operator_2 to 2026-05-23 00:00:00+00:00, run_after=2026-05-24 00:00:00+00:00
[2026-05-24T15:11:09.240+0000] {logging_mixin.py:188} INFO - [2026-05-24T15:11:09.240+0000] {dag.py:3954} INFO - Setting next_dagrun for example_branch_datetime_operator_3 to 2026-05-23 00:00:00+00:00, run_after=2026-05-24 00:00:00+00:00
[2026-05-24T15:11:09.256+0000] {processor.py:183} INFO - Processing /home/varn1t/ml-pipeline/venv/lib/python3.11/site-packages/airflow/example_dags/example_branch_datetime_operator.py took 0.066 seconds
[2026-05-24T15:12:08.988+0000] {processor.py:161} INFO - Started process (PID=36031) to work on /home/varn1t/ml-pipeline/venv/lib/python3.11/site-packages/airflow/example_dags/example_branch_datetime_operator.py
[2026-05-24T15:12:08.990+0000] {processor.py:830} INFO - Processing file /home/varn1t/ml-pipeline/venv/lib/python3.11/site-packages/airflow/example_dags/example_branch_datetime_operator.py for tasks to queue
[2026-05-24T15:12:08.991+0000] {logging_mixin.py:188} INFO - [2026-05-24T15:12:08.990+0000] {dagbag.py:545} INFO - Filling up the DagBag from /home/varn1t/ml-pipeline/venv/lib/python3.11/site-packages/airflow/example_dags/example_branch_datetime_operator.py
[2026-05-24T15:12:08.997+0000] {processor.py:840} INFO - DAG(s) 'example_branch_datetime_operator', 'example_branch_datetime_operator_3', 'example_branch_datetime_operator_2' retrieved from /home/varn1t/ml-pipeline/venv/lib/python3.11/site-packages/airflow/example_dags/example_branch_datetime_operator.py
[2026-05-24T15:12:09.009+0000] {logging_mixin.py:188} INFO - [2026-05-24T15:12:09.008+0000] {dag.py:3096} INFO - Sync 3 DAGs
[2026-05-24T15:12:09.022+0000] {logging_mixin.py:188} INFO - [2026-05-24T15:12:09.022+0000] {dag.py:3954} INFO - Setting next_dagrun for example_branch_datetime_operator to 2026-05-23 00:00:00+00:00, run_after=2026-05-24 00:00:00+00:00
[2026-05-24T15:12:09.024+0000] {logging_mixin.py:188} INFO - [2026-05-24T15:12:09.024+0000] {dag.py:3954} INFO - Setting next_dagrun for example_branch_datetime_operator_2 to 2026-05-23 00:00:00+00:00, run_after=2026-05-24 00:00:00+00:00
[2026-05-24T15:12:09.025+0000] {logging_mixin.py:188} INFO - [2026-05-24T15:12:09.024+0000] {dag.py:3954} INFO - Setting next_dagrun for example_branch_datetime_operator_3 to 2026-05-23 00:00:00+00:00, run_after=2026-05-24 00:00:00+00:00
[2026-05-24T15:12:09.038+0000] {processor.py:183} INFO - Processing /home/varn1t/ml-pipeline/venv/lib/python3.11/site-packages/airflow/example_dags/example_branch_datetime_operator.py took 0.055 seconds
[2026-05-24T15:13:13.654+0000] {processor.py:161} INFO - Started process (PID=36333) to work on /home/varn1t/ml-pipeline/venv/lib/python3.11/site-packages/airflow/example_dags/example_branch_datetime_operator.py
[2026-05-24T15:13:13.655+0000] {processor.py:830} INFO - Processing file /home/varn1t/ml-pipeline/venv/lib/python3.11/site-packages/airflow/example_dags/example_branch_datetime_operator.py for tasks to queue
[2026-05-24T15:13:13.656+0000] {logging_mixin.py:188} INFO - [2026-05-24T15:13:13.655+0000] {dagbag.py:545} INFO - Filling up the DagBag from /home/varn1t/ml-pipeline/venv/lib/python3.11/site-packages/airflow/example_dags/example_branch_datetime_operator.py
[2026-05-24T15:13:13.663+0000] {processor.py:840} INFO - DAG(s) 'example_branch_datetime_operator_2', 'example_branch_datetime_operator_3', 'example_branch_datetime_operator' retrieved from /home/varn1t/ml-pipeline/venv/lib/python3.11/site-packages/airflow/example_dags/example_branch_datetime_operator.py
[2026-05-24T15:13:13.677+0000] {logging_mixin.py:188} INFO - [2026-05-24T15:13:13.677+0000] {dag.py:3096} INFO - Sync 3 DAGs
[2026-05-24T15:13:13.691+0000] {logging_mixin.py:188} INFO - [2026-05-24T15:13:13.691+0000] {dag.py:3954} INFO - Setting next_dagrun for example_branch_datetime_operator to 2026-05-23 00:00:00+00:00, run_after=2026-05-24 00:00:00+00:00
[2026-05-24T15:13:13.694+0000] {logging_mixin.py:188} INFO - [2026-05-24T15:13:13.694+0000] {dag.py:3954} INFO - Setting next_dagrun for example_branch_datetime_operator_2 to 2026-05-23 00:00:00+00:00, run_after=2026-05-24 00:00:00+00:00
[2026-05-24T15:13:13.695+0000] {logging_mixin.py:188} INFO - [2026-05-24T15:13:13.695+0000] {dag.py:3954} INFO - Setting next_dagrun for example_branch_datetime_operator_3 to 2026-05-23 00:00:00+00:00, run_after=2026-05-24 00:00:00+00:00
[2026-05-24T15:13:13.711+0000] {processor.py:183} INFO - Processing /home/varn1t/ml-pipeline/venv/lib/python3.11/site-packages/airflow/example_dags/example_branch_datetime_operator.py took 0.063 seconds
[2026-05-24T15:14:14.390+0000] {processor.py:161} INFO - Started process (PID=36633) to work on /home/varn1t/ml-pipeline/venv/lib/python3.11/site-packages/airflow/example_dags/example_branch_datetime_operator.py
[2026-05-24T15:14:14.391+0000] {processor.py:830} INFO - Processing file /home/varn1t/ml-pipeline/venv/lib/python3.11/site-packages/airflow/example_dags/example_branch_datetime_operator.py for tasks to queue
[2026-05-24T15:14:14.392+0000] {logging_mixin.py:188} INFO - [2026-05-24T15:14:14.391+0000] {dagbag.py:545} INFO - Filling up the DagBag from /home/varn1t/ml-pipeline/venv/lib/python3.11/site-packages/airflow/example_dags/example_branch_datetime_operator.py
[2026-05-24T15:14:14.399+0000] {processor.py:840} INFO - DAG(s) 'example_branch_datetime_operator_3', 'example_branch_datetime_operator_2', 'example_branch_datetime_operator' retrieved from /home/varn1t/ml-pipeline/venv/lib/python3.11/site-packages/airflow/example_dags/example_branch_datetime_operator.py
[2026-05-24T15:14:14.416+0000] {logging_mixin.py:188} INFO - [2026-05-24T15:14:14.416+0000] {dag.py:3096} INFO - Sync 3 DAGs
[2026-05-24T15:14:14.429+0000] {logging_mixin.py:188} INFO - [2026-05-24T15:14:14.429+0000] {dag.py:3954} INFO - Setting next_dagrun for example_branch_datetime_operator to 2026-05-23 00:00:00+00:00, run_after=2026-05-24 00:00:00+00:00
[2026-05-24T15:14:14.431+0000] {logging_mixin.py:188} INFO - [2026-05-24T15:14:14.431+0000] {dag.py:3954} INFO - Setting next_dagrun for example_branch_datetime_operator_2 to 2026-05-23 00:00:00+00:00, run_after=2026-05-24 00:00:00+00:00
[2026-05-24T15:14:14.433+0000] {logging_mixin.py:188} INFO - [2026-05-24T15:14:14.432+0000] {dag.py:3954} INFO - Setting next_dagrun for example_branch_datetime_operator_3 to 2026-05-23 00:00:00+00:00, run_after=2026-05-24 00:00:00+00:00
[2026-05-24T15:14:14.449+0000] {processor.py:183} INFO - Processing /home/varn1t/ml-pipeline/venv/lib/python3.11/site-packages/airflow/example_dags/example_branch_datetime_operator.py took 0.066 seconds
[2026-05-24T15:15:13.048+0000] {processor.py:161} INFO - Started process (PID=36881) to work on /home/varn1t/ml-pipeline/venv/lib/python3.11/site-packages/airflow/example_dags/example_branch_datetime_operator.py
[2026-05-24T15:15:13.049+0000] {processor.py:830} INFO - Processing file /home/varn1t/ml-pipeline/venv/lib/python3.11/site-packages/airflow/example_dags/example_branch_datetime_operator.py for tasks to queue
[2026-05-24T15:15:13.050+0000] {logging_mixin.py:188} INFO - [2026-05-24T15:15:13.050+0000] {dagbag.py:545} INFO - Filling up the DagBag from /home/varn1t/ml-pipeline/venv/lib/python3.11/site-packages/airflow/example_dags/example_branch_datetime_operator.py
[2026-05-24T15:15:13.058+0000] {processor.py:840} INFO - DAG(s) 'example_branch_datetime_operator_2', 'example_branch_datetime_operator', 'example_branch_datetime_operator_3' retrieved from /home/varn1t/ml-pipeline/venv/lib/python3.11/site-packages/airflow/example_dags/example_branch_datetime_operator.py
[2026-05-24T15:15:13.076+0000] {logging_mixin.py:188} INFO - [2026-05-24T15:15:13.076+0000] {dag.py:3096} INFO - Sync 3 DAGs
[2026-05-24T15:15:13.093+0000] {logging_mixin.py:188} INFO - [2026-05-24T15:15:13.093+0000] {dag.py:3954} INFO - Setting next_dagrun for example_branch_datetime_operator to 2026-05-23 00:00:00+00:00, run_after=2026-05-24 00:00:00+00:00
[2026-05-24T15:15:13.095+0000] {logging_mixin.py:188} INFO - [2026-05-24T15:15:13.095+0000] {dag.py:3954} INFO - Setting next_dagrun for example_branch_datetime_operator_2 to 2026-05-23 00:00:00+00:00, run_after=2026-05-24 00:00:00+00:00
[2026-05-24T15:15:13.096+0000] {logging_mixin.py:188} INFO - [2026-05-24T15:15:13.096+0000] {dag.py:3954} INFO - Setting next_dagrun for example_branch_datetime_operator_3 to 2026-05-23 00:00:00+00:00, run_after=2026-05-24 00:00:00+00:00
[2026-05-24T15:15:13.111+0000] {processor.py:183} INFO - Processing /home/varn1t/ml-pipeline/venv/lib/python3.11/site-packages/airflow/example_dags/example_branch_datetime_operator.py took 0.069 seconds
[2026-05-24T15:16:11.329+0000] {processor.py:161} INFO - Started process (PID=37150) to work on /home/varn1t/ml-pipeline/venv/lib/python3.11/site-packages/airflow/example_dags/example_branch_datetime_operator.py
[2026-05-24T15:16:11.330+0000] {processor.py:830} INFO - Processing file /home/varn1t/ml-pipeline/venv/lib/python3.11/site-packages/airflow/example_dags/example_branch_datetime_operator.py for tasks to queue
[2026-05-24T15:16:11.331+0000] {logging_mixin.py:188} INFO - [2026-05-24T15:16:11.331+0000] {dagbag.py:545} INFO - Filling up the DagBag from /home/varn1t/ml-pipeline/venv/lib/python3.11/site-packages/airflow/example_dags/example_branch_datetime_operator.py
[2026-05-24T15:16:11.338+0000] {processor.py:840} INFO - DAG(s) 'example_branch_datetime_operator_2', 'example_branch_datetime_operator_3', 'example_branch_datetime_operator' retrieved from /home/varn1t/ml-pipeline/venv/lib/python3.11/site-packages/airflow/example_dags/example_branch_datetime_operator.py
[2026-05-24T15:16:11.355+0000] {logging_mixin.py:188} INFO - [2026-05-24T15:16:11.355+0000] {dag.py:3096} INFO - Sync 3 DAGs
[2026-05-24T15:16:11.369+0000] {logging_mixin.py:188} INFO - [2026-05-24T15:16:11.369+0000] {dag.py:3954} INFO - Setting next_dagrun for example_branch_datetime_operator to 2026-05-23 00:00:00+00:00, run_after=2026-05-24 00:00:00+00:00
[2026-05-24T15:16:11.372+0000] {logging_mixin.py:188} INFO - [2026-05-24T15:16:11.372+0000] {dag.py:3954} INFO - Setting next_dagrun for example_branch_datetime_operator_2 to 2026-05-23 00:00:00+00:00, run_after=2026-05-24 00:00:00+00:00
[2026-05-24T15:16:11.373+0000] {logging_mixin.py:188} INFO - [2026-05-24T15:16:11.373+0000] {dag.py:3954} INFO - Setting next_dagrun for example_branch_datetime_operator_3 to 2026-05-23 00:00:00+00:00, run_after=2026-05-24 00:00:00+00:00
[2026-05-24T15:16:11.387+0000] {processor.py:183} INFO - Processing /home/varn1t/ml-pipeline/venv/lib/python3.11/site-packages/airflow/example_dags/example_branch_datetime_operator.py took 0.064 seconds
[2026-05-24T15:17:11.950+0000] {processor.py:161} INFO - Started process (PID=37544) to work on /home/varn1t/ml-pipeline/venv/lib/python3.11/site-packages/airflow/example_dags/example_branch_datetime_operator.py
[2026-05-24T15:17:11.951+0000] {processor.py:830} INFO - Processing file /home/varn1t/ml-pipeline/venv/lib/python3.11/site-packages/airflow/example_dags/example_branch_datetime_operator.py for tasks to queue
[2026-05-24T15:17:11.952+0000] {logging_mixin.py:188} INFO - [2026-05-24T15:17:11.952+0000] {dagbag.py:545} INFO - Filling up the DagBag from /home/varn1t/ml-pipeline/venv/lib/python3.11/site-packages/airflow/example_dags/example_branch_datetime_operator.py
[2026-05-24T15:17:11.958+0000] {processor.py:840} INFO - DAG(s) 'example_branch_datetime_operator_3', 'example_branch_datetime_operator_2', 'example_branch_datetime_operator' retrieved from /home/varn1t/ml-pipeline/venv/lib/python3.11/site-packages/airflow/example_dags/example_branch_datetime_operator.py
[2026-05-24T15:17:11.972+0000] {logging_mixin.py:188} INFO - [2026-05-24T15:17:11.971+0000] {dag.py:3096} INFO - Sync 3 DAGs
[2026-05-24T15:17:11.985+0000] {logging_mixin.py:188} INFO - [2026-05-24T15:17:11.985+0000] {dag.py:3954} INFO - Setting next_dagrun for example_branch_datetime_operator to 2026-05-23 00:00:00+00:00, run_after=2026-05-24 00:00:00+00:00
[2026-05-24T15:17:11.987+0000] {logging_mixin.py:188} INFO - [2026-05-24T15:17:11.987+0000] {dag.py:3954} INFO - Setting next_dagrun for example_branch_datetime_operator_2 to 2026-05-23 00:00:00+00:00, run_after=2026-05-24 00:00:00+00:00
[2026-05-24T15:17:11.988+0000] {logging_mixin.py:188} INFO - [2026-05-24T15:17:11.988+0000] {dag.py:3954} INFO - Setting next_dagrun for example_branch_datetime_operator_3 to 2026-05-23 00:00:00+00:00, run_after=2026-05-24 00:00:00+00:00
[2026-05-24T15:17:12.004+0000] {processor.py:183} INFO - Processing /home/varn1t/ml-pipeline/venv/lib/python3.11/site-packages/airflow/example_dags/example_branch_datetime_operator.py took 0.058 seconds
[2026-05-24T15:18:11.344+0000] {processor.py:161} INFO - Started process (PID=38024) to work on /home/varn1t/ml-pipeline/venv/lib/python3.11/site-packages/airflow/example_dags/example_branch_datetime_operator.py
[2026-05-24T15:18:11.344+0000] {processor.py:830} INFO - Processing file /home/varn1t/ml-pipeline/venv/lib/python3.11/site-packages/airflow/example_dags/example_branch_datetime_operator.py for tasks to queue
[2026-05-24T15:18:11.345+0000] {logging_mixin.py:188} INFO - [2026-05-24T15:18:11.345+0000] {dagbag.py:545} INFO - Filling up the DagBag from /home/varn1t/ml-pipeline/venv/lib/python3.11/site-packages/airflow/example_dags/example_branch_datetime_operator.py
[2026-05-24T15:18:11.352+0000] {processor.py:840} INFO - DAG(s) 'example_branch_datetime_operator_3', 'example_branch_datetime_operator_2', 'example_branch_datetime_operator' retrieved from /home/varn1t/ml-pipeline/venv/lib/python3.11/site-packages/airflow/example_dags/example_branch_datetime_operator.py
[2026-05-24T15:18:11.368+0000] {logging_mixin.py:188} INFO - [2026-05-24T15:18:11.367+0000] {dag.py:3096} INFO - Sync 3 DAGs
[2026-05-24T15:18:11.385+0000] {logging_mixin.py:188} INFO - [2026-05-24T15:18:11.385+0000] {dag.py:3954} INFO - Setting next_dagrun for example_branch_datetime_operator to 2026-05-23 00:00:00+00:00, run_after=2026-05-24 00:00:00+00:00
[2026-05-24T15:18:11.388+0000] {logging_mixin.py:188} INFO - [2026-05-24T15:18:11.388+0000] {dag.py:3954} INFO - Setting next_dagrun for example_branch_datetime_operator_2 to 2026-05-23 00:00:00+00:00, run_after=2026-05-24 00:00:00+00:00
[2026-05-24T15:18:11.389+0000] {logging_mixin.py:188} INFO - [2026-05-24T15:18:11.389+0000] {dag.py:3954} INFO - Setting next_dagrun for example_branch_datetime_operator_3 to 2026-05-23 00:00:00+00:00, run_after=2026-05-24 00:00:00+00:00
[2026-05-24T15:18:11.401+0000] {processor.py:183} INFO - Processing /home/varn1t/ml-pipeline/venv/lib/python3.11/site-packages/airflow/example_dags/example_branch_datetime_operator.py took 0.066 seconds
[2026-05-24T15:19:11.409+0000] {processor.py:161} INFO - Started process (PID=38629) to work on /home/varn1t/ml-pipeline/venv/lib/python3.11/site-packages/airflow/example_dags/example_branch_datetime_operator.py
[2026-05-24T15:19:11.410+0000] {processor.py:830} INFO - Processing file /home/varn1t/ml-pipeline/venv/lib/python3.11/site-packages/airflow/example_dags/example_branch_datetime_operator.py for tasks to queue
[2026-05-24T15:19:11.410+0000] {logging_mixin.py:188} INFO - [2026-05-24T15:19:11.410+0000] {dagbag.py:545} INFO - Filling up the DagBag from /home/varn1t/ml-pipeline/venv/lib/python3.11/site-packages/airflow/example_dags/example_branch_datetime_operator.py
[2026-05-24T15:19:11.417+0000] {processor.py:840} INFO - DAG(s) 'example_branch_datetime_operator_2', 'example_branch_datetime_operator_3', 'example_branch_datetime_operator' retrieved from /home/varn1t/ml-pipeline/venv/lib/python3.11/site-packages/airflow/example_dags/example_branch_datetime_operator.py
[2026-05-24T15:19:11.431+0000] {logging_mixin.py:188} INFO - [2026-05-24T15:19:11.431+0000] {dag.py:3096} INFO - Sync 3 DAGs
[2026-05-24T15:19:11.444+0000] {logging_mixin.py:188} INFO - [2026-05-24T15:19:11.444+0000] {dag.py:3954} INFO - Setting next_dagrun for example_branch_datetime_operator to 2026-05-23 00:00:00+00:00, run_after=2026-05-24 00:00:00+00:00
[2026-05-24T15:19:11.446+0000] {logging_mixin.py:188} INFO - [2026-05-24T15:19:11.446+0000] {dag.py:3954} INFO - Setting next_dagrun for example_branch_datetime_operator_2 to 2026-05-23 00:00:00+00:00, run_after=2026-05-24 00:00:00+00:00
[2026-05-24T15:19:11.447+0000] {logging_mixin.py:188} INFO - [2026-05-24T15:19:11.447+0000] {dag.py:3954} INFO - Setting next_dagrun for example_branch_datetime_operator_3 to 2026-05-23 00:00:00+00:00, run_after=2026-05-24 00:00:00+00:00
[2026-05-24T15:19:11.462+0000] {processor.py:183} INFO - Processing /home/varn1t/ml-pipeline/venv/lib/python3.11/site-packages/airflow/example_dags/example_branch_datetime_operator.py took 0.059 seconds
[2026-05-24T15:20:12.125+0000] {processor.py:161} INFO - Started process (PID=38968) to work on /home/varn1t/ml-pipeline/venv/lib/python3.11/site-packages/airflow/example_dags/example_branch_datetime_operator.py
[2026-05-24T15:20:12.126+0000] {processor.py:830} INFO - Processing file /home/varn1t/ml-pipeline/venv/lib/python3.11/site-packages/airflow/example_dags/example_branch_datetime_operator.py for tasks to queue
[2026-05-24T15:20:12.127+0000] {logging_mixin.py:188} INFO - [2026-05-24T15:20:12.126+0000] {dagbag.py:545} INFO - Filling up the DagBag from /home/varn1t/ml-pipeline/venv/lib/python3.11/site-packages/airflow/example_dags/example_branch_datetime_operator.py
[2026-05-24T15:20:12.132+0000] {processor.py:840} INFO - DAG(s) 'example_branch_datetime_operator_2', 'example_branch_datetime_operator_3', 'example_branch_datetime_operator' retrieved from /home/varn1t/ml-pipeline/venv/lib/python3.11/site-packages/airflow/example_dags/example_branch_datetime_operator.py
[2026-05-24T15:20:12.145+0000] {logging_mixin.py:188} INFO - [2026-05-24T15:20:12.145+0000] {dag.py:3096} INFO - Sync 3 DAGs
[2026-05-24T15:20:12.157+0000] {logging_mixin.py:188} INFO - [2026-05-24T15:20:12.157+0000] {dag.py:3954} INFO - Setting next_dagrun for example_branch_datetime_operator to 2026-05-23 00:00:00+00:00, run_after=2026-05-24 00:00:00+00:00
[2026-05-24T15:20:12.159+0000] {logging_mixin.py:188} INFO - [2026-05-24T15:20:12.159+0000] {dag.py:3954} INFO - Setting next_dagrun for example_branch_datetime_operator_2 to 2026-05-23 00:00:00+00:00, run_after=2026-05-24 00:00:00+00:00
[2026-05-24T15:20:12.160+0000] {logging_mixin.py:188} INFO - [2026-05-24T15:20:12.160+0000] {dag.py:3954} INFO - Setting next_dagrun for example_branch_datetime_operator_3 to 2026-05-23 00:00:00+00:00, run_after=2026-05-24 00:00:00+00:00
[2026-05-24T15:20:12.173+0000] {processor.py:183} INFO - Processing /home/varn1t/ml-pipeline/venv/lib/python3.11/site-packages/airflow/example_dags/example_branch_datetime_operator.py took 0.054 seconds
[2026-05-24T15:21:17.916+0000] {processor.py:161} INFO - Started process (PID=39248) to work on /home/varn1t/ml-pipeline/venv/lib/python3.11/site-packages/airflow/example_dags/example_branch_datetime_operator.py
[2026-05-24T15:21:17.917+0000] {processor.py:830} INFO - Processing file /home/varn1t/ml-pipeline/venv/lib/python3.11/site-packages/airflow/example_dags/example_branch_datetime_operator.py for tasks to queue
[2026-05-24T15:21:17.917+0000] {logging_mixin.py:188} INFO - [2026-05-24T15:21:17.917+0000] {dagbag.py:545} INFO - Filling up the DagBag from /home/varn1t/ml-pipeline/venv/lib/python3.11/site-packages/airflow/example_dags/example_branch_datetime_operator.py
[2026-05-24T15:21:17.924+0000] {processor.py:840} INFO - DAG(s) 'example_branch_datetime_operator_3', 'example_branch_datetime_operator', 'example_branch_datetime_operator_2' retrieved from /home/varn1t/ml-pipeline/venv/lib/python3.11/site-packages/airflow/example_dags/example_branch_datetime_operator.py
[2026-05-24T15:21:17.939+0000] {logging_mixin.py:188} INFO - [2026-05-24T15:21:17.939+0000] {dag.py:3096} INFO - Sync 3 DAGs
[2026-05-24T15:21:17.953+0000] {logging_mixin.py:188} INFO - [2026-05-24T15:21:17.953+0000] {dag.py:3954} INFO - Setting next_dagrun for example_branch_datetime_operator to 2026-05-23 00:00:00+00:00, run_after=2026-05-24 00:00:00+00:00
[2026-05-24T15:21:17.956+0000] {logging_mixin.py:188} INFO - [2026-05-24T15:21:17.956+0000] {dag.py:3954} INFO - Setting next_dagrun for example_branch_datetime_operator_2 to 2026-05-23 00:00:00+00:00, run_after=2026-05-24 00:00:00+00:00
[2026-05-24T15:21:17.957+0000] {logging_mixin.py:188} INFO - [2026-05-24T15:21:17.957+0000] {dag.py:3954} INFO - Setting next_dagrun for example_branch_datetime_operator_3 to 2026-05-23 00:00:00+00:00, run_after=2026-05-24 00:00:00+00:00
[2026-05-24T15:21:17.973+0000] {processor.py:183} INFO - Processing /home/varn1t/ml-pipeline/venv/lib/python3.11/site-packages/airflow/example_dags/example_branch_datetime_operator.py took 0.065 seconds
[2026-05-24T15:22:15.780+0000] {processor.py:161} INFO - Started process (PID=39705) to work on /home/varn1t/ml-pipeline/venv/lib/python3.11/site-packages/airflow/example_dags/example_branch_datetime_operator.py
[2026-05-24T15:22:15.781+0000] {processor.py:830} INFO - Processing file /home/varn1t/ml-pipeline/venv/lib/python3.11/site-packages/airflow/example_dags/example_branch_datetime_operator.py for tasks to queue
[2026-05-24T15:22:15.782+0000] {logging_mixin.py:188} INFO - [2026-05-24T15:22:15.782+0000] {dagbag.py:545} INFO - Filling up the DagBag from /home/varn1t/ml-pipeline/venv/lib/python3.11/site-packages/airflow/example_dags/example_branch_datetime_operator.py
[2026-05-24T15:22:15.788+0000] {processor.py:840} INFO - DAG(s) 'example_branch_datetime_operator', 'example_branch_datetime_operator_3', 'example_branch_datetime_operator_2' retrieved from /home/varn1t/ml-pipeline/venv/lib/python3.11/site-packages/airflow/example_dags/example_branch_datetime_operator.py
[2026-05-24T15:22:15.801+0000] {logging_mixin.py:188} INFO - [2026-05-24T15:22:15.801+0000] {dag.py:3096} INFO - Sync 3 DAGs
[2026-05-24T15:22:15.814+0000] {logging_mixin.py:188} INFO - [2026-05-24T15:22:15.814+0000] {dag.py:3954} INFO - Setting next_dagrun for example_branch_datetime_operator to 2026-05-23 00:00:00+00:00, run_after=2026-05-24 00:00:00+00:00
[2026-05-24T15:22:15.816+0000] {logging_mixin.py:188} INFO - [2026-05-24T15:22:15.816+0000] {dag.py:3954} INFO - Setting next_dagrun for example_branch_datetime_operator_2 to 2026-05-23 00:00:00+00:00, run_after=2026-05-24 00:00:00+00:00
[2026-05-24T15:22:15.817+0000] {logging_mixin.py:188} INFO - [2026-05-24T15:22:15.817+0000] {dag.py:3954} INFO - Setting next_dagrun for example_branch_datetime_operator_3 to 2026-05-23 00:00:00+00:00, run_after=2026-05-24 00:00:00+00:00
[2026-05-24T15:22:15.831+0000] {processor.py:183} INFO - Processing /home/varn1t/ml-pipeline/venv/lib/python3.11/site-packages/airflow/example_dags/example_branch_datetime_operator.py took 0.059 seconds
[2026-05-24T15:23:17.825+0000] {processor.py:161} INFO - Started process (PID=40223) to work on /home/varn1t/ml-pipeline/venv/lib/python3.11/site-packages/airflow/example_dags/example_branch_datetime_operator.py
[2026-05-24T15:23:17.827+0000] {processor.py:830} INFO - Processing file /home/varn1t/ml-pipeline/venv/lib/python3.11/site-packages/airflow/example_dags/example_branch_datetime_operator.py for tasks to queue
[2026-05-24T15:23:17.827+0000] {logging_mixin.py:188} INFO - [2026-05-24T15:23:17.827+0000] {dagbag.py:545} INFO - Filling up the DagBag from /home/varn1t/ml-pipeline/venv/lib/python3.11/site-packages/airflow/example_dags/example_branch_datetime_operator.py
[2026-05-24T15:23:17.835+0000] {processor.py:840} INFO - DAG(s) 'example_branch_datetime_operator', 'example_branch_datetime_operator_2', 'example_branch_datetime_operator_3' retrieved from /home/varn1t/ml-pipeline/venv/lib/python3.11/site-packages/airflow/example_dags/example_branch_datetime_operator.py
[2026-05-24T15:23:17.850+0000] {logging_mixin.py:188} INFO - [2026-05-24T15:23:17.850+0000] {dag.py:3096} INFO - Sync 3 DAGs
[2026-05-24T15:23:17.865+0000] {logging_mixin.py:188} INFO - [2026-05-24T15:23:17.865+0000] {dag.py:3954} INFO - Setting next_dagrun for example_branch_datetime_operator to 2026-05-23 00:00:00+00:00, run_after=2026-05-24 00:00:00+00:00
[2026-05-24T15:23:17.868+0000] {logging_mixin.py:188} INFO - [2026-05-24T15:23:17.868+0000] {dag.py:3954} INFO - Setting next_dagrun for example_branch_datetime_operator_2 to 2026-05-23 00:00:00+00:00, run_after=2026-05-24 00:00:00+00:00
[2026-05-24T15:23:17.869+0000] {logging_mixin.py:188} INFO - [2026-05-24T15:23:17.869+0000] {dag.py:3954} INFO - Setting next_dagrun for example_branch_datetime_operator_3 to 2026-05-23 00:00:00+00:00, run_after=2026-05-24 00:00:00+00:00
[2026-05-24T15:23:17.884+0000] {processor.py:183} INFO - Processing /home/varn1t/ml-pipeline/venv/lib/python3.11/site-packages/airflow/example_dags/example_branch_datetime_operator.py took 0.066 seconds
[2026-05-24T15:24:19.832+0000] {processor.py:161} INFO - Started process (PID=40608) to work on /home/varn1t/ml-pipeline/venv/lib/python3.11/site-packages/airflow/example_dags/example_branch_datetime_operator.py
[2026-05-24T15:24:19.833+0000] {processor.py:830} INFO - Processing file /home/varn1t/ml-pipeline/venv/lib/python3.11/site-packages/airflow/example_dags/example_branch_datetime_operator.py for tasks to queue
[2026-05-24T15:24:19.833+0000] {logging_mixin.py:188} INFO - [2026-05-24T15:24:19.833+0000] {dagbag.py:545} INFO - Filling up the DagBag from /home/varn1t/ml-pipeline/venv/lib/python3.11/site-packages/airflow/example_dags/example_branch_datetime_operator.py
[2026-05-24T15:24:19.840+0000] {processor.py:840} INFO - DAG(s) 'example_branch_datetime_operator', 'example_branch_datetime_operator_2', 'example_branch_datetime_operator_3' retrieved from /home/varn1t/ml-pipeline/venv/lib/python3.11/site-packages/airflow/example_dags/example_branch_datetime_operator.py
[2026-05-24T15:24:19.854+0000] {logging_mixin.py:188} INFO - [2026-05-24T15:24:19.854+0000] {dag.py:3096} INFO - Sync 3 DAGs
[2026-05-24T15:24:19.868+0000] {logging_mixin.py:188} INFO - [2026-05-24T15:24:19.868+0000] {dag.py:3954} INFO - Setting next_dagrun for example_branch_datetime_operator to 2026-05-23 00:00:00+00:00, run_after=2026-05-24 00:00:00+00:00
[2026-05-24T15:24:19.870+0000] {logging_mixin.py:188} INFO - [2026-05-24T15:24:19.870+0000] {dag.py:3954} INFO - Setting next_dagrun for example_branch_datetime_operator_2 to 2026-05-23 00:00:00+00:00, run_after=2026-05-24 00:00:00+00:00
[2026-05-24T15:24:19.871+0000] {logging_mixin.py:188} INFO - [2026-05-24T15:24:19.871+0000] {dag.py:3954} INFO - Setting next_dagrun for example_branch_datetime_operator_3 to 2026-05-23 00:00:00+00:00, run_after=2026-05-24 00:00:00+00:00
[2026-05-24T15:24:19.885+0000] {processor.py:183} INFO - Processing /home/varn1t/ml-pipeline/venv/lib/python3.11/site-packages/airflow/example_dags/example_branch_datetime_operator.py took 0.061 seconds
[2026-05-24T15:26:20.169+0000] {processor.py:161} INFO - Started process (PID=42430) to work on /home/varn1t/ml-pipeline/venv/lib/python3.11/site-packages/airflow/example_dags/example_branch_datetime_operator.py
[2026-05-24T15:26:20.170+0000] {processor.py:830} INFO - Processing file /home/varn1t/ml-pipeline/venv/lib/python3.11/site-packages/airflow/example_dags/example_branch_datetime_operator.py for tasks to queue
[2026-05-24T15:26:20.170+0000] {logging_mixin.py:188} INFO - [2026-05-24T15:26:20.170+0000] {dagbag.py:545} INFO - Filling up the DagBag from /home/varn1t/ml-pipeline/venv/lib/python3.11/site-packages/airflow/example_dags/example_branch_datetime_operator.py
[2026-05-24T15:26:20.176+0000] {processor.py:840} INFO - DAG(s) 'example_branch_datetime_operator_3', 'example_branch_datetime_operator_2', 'example_branch_datetime_operator' retrieved from /home/varn1t/ml-pipeline/venv/lib/python3.11/site-packages/airflow/example_dags/example_branch_datetime_operator.py
[2026-05-24T15:26:20.188+0000] {logging_mixin.py:188} INFO - [2026-05-24T15:26:20.188+0000] {dag.py:3096} INFO - Sync 3 DAGs
[2026-05-24T15:26:20.199+0000] {logging_mixin.py:188} INFO - [2026-05-24T15:26:20.199+0000] {dag.py:3954} INFO - Setting next_dagrun for example_branch_datetime_operator to 2026-05-23 00:00:00+00:00, run_after=2026-05-24 00:00:00+00:00
[2026-05-24T15:26:20.201+0000] {logging_mixin.py:188} INFO - [2026-05-24T15:26:20.201+0000] {dag.py:3954} INFO - Setting next_dagrun for example_branch_datetime_operator_2 to 2026-05-23 00:00:00+00:00, run_after=2026-05-24 00:00:00+00:00
[2026-05-24T15:26:20.202+0000] {logging_mixin.py:188} INFO - [2026-05-24T15:26:20.202+0000] {dag.py:3954} INFO - Setting next_dagrun for example_branch_datetime_operator_3 to 2026-05-23 00:00:00+00:00, run_after=2026-05-24 00:00:00+00:00
[2026-05-24T15:26:20.216+0000] {processor.py:183} INFO - Processing /home/varn1t/ml-pipeline/venv/lib/python3.11/site-packages/airflow/example_dags/example_branch_datetime_operator.py took 0.052 seconds
[2026-05-24T15:27:22.331+0000] {processor.py:161} INFO - Started process (PID=42816) to work on /home/varn1t/ml-pipeline/venv/lib/python3.11/site-packages/airflow/example_dags/example_branch_datetime_operator.py
[2026-05-24T15:27:22.332+0000] {processor.py:830} INFO - Processing file /home/varn1t/ml-pipeline/venv/lib/python3.11/site-packages/airflow/example_dags/example_branch_datetime_operator.py for tasks to queue
[2026-05-24T15:27:22.333+0000] {logging_mixin.py:188} INFO - [2026-05-24T15:27:22.333+0000] {dagbag.py:545} INFO - Filling up the DagBag from /home/varn1t/ml-pipeline/venv/lib/python3.11/site-packages/airflow/example_dags/example_branch_datetime_operator.py
[2026-05-24T15:27:22.340+0000] {processor.py:840} INFO - DAG(s) 'example_branch_datetime_operator_2', 'example_branch_datetime_operator_3', 'example_branch_datetime_operator' retrieved from /home/varn1t/ml-pipeline/venv/lib/python3.11/site-packages/airflow/example_dags/example_branch_datetime_operator.py
[2026-05-24T15:27:22.356+0000] {logging_mixin.py:188} INFO - [2026-05-24T15:27:22.356+0000] {dag.py:3096} INFO - Sync 3 DAGs
[2026-05-24T15:27:22.371+0000] {logging_mixin.py:188} INFO - [2026-05-24T15:27:22.371+0000] {dag.py:3954} INFO - Setting next_dagrun for example_branch_datetime_operator to 2026-05-23 00:00:00+00:00, run_after=2026-05-24 00:00:00+00:00
[2026-05-24T15:27:22.374+0000] {logging_mixin.py:188} INFO - [2026-05-24T15:27:22.374+0000] {dag.py:3954} INFO - Setting next_dagrun for example_branch_datetime_operator_2 to 2026-05-23 00:00:00+00:00, run_after=2026-05-24 00:00:00+00:00
[2026-05-24T15:27:22.375+0000] {logging_mixin.py:188} INFO - [2026-05-24T15:27:22.375+0000] {dag.py:3954} INFO - Setting next_dagrun for example_branch_datetime_operator_3 to 2026-05-23 00:00:00+00:00, run_after=2026-05-24 00:00:00+00:00
[2026-05-24T15:27:22.395+0000] {processor.py:183} INFO - Processing /home/varn1t/ml-pipeline/venv/lib/python3.11/site-packages/airflow/example_dags/example_branch_datetime_operator.py took 0.070 seconds
[2026-05-24T15:28:12.995+0000] {processor.py:161} INFO - Started process (PID=43080) to work on /home/varn1t/ml-pipeline/venv/lib/python3.11/site-packages/airflow/example_dags/example_branch_datetime_operator.py
[2026-05-24T15:28:12.996+0000] {processor.py:830} INFO - Processing file /home/varn1t/ml-pipeline/venv/lib/python3.11/site-packages/airflow/example_dags/example_branch_datetime_operator.py for tasks to queue
[2026-05-24T15:28:12.997+0000] {logging_mixin.py:188} INFO - [2026-05-24T15:28:12.996+0000] {dagbag.py:545} INFO - Filling up the DagBag from /home/varn1t/ml-pipeline/venv/lib/python3.11/site-packages/airflow/example_dags/example_branch_datetime_operator.py
[2026-05-24T15:28:13.003+0000] {processor.py:840} INFO - DAG(s) 'example_branch_datetime_operator', 'example_branch_datetime_operator_2', 'example_branch_datetime_operator_3' retrieved from /home/varn1t/ml-pipeline/venv/lib/python3.11/site-packages/airflow/example_dags/example_branch_datetime_operator.py
[2026-05-24T15:28:13.017+0000] {logging_mixin.py:188} INFO - [2026-05-24T15:28:13.017+0000] {dag.py:3096} INFO - Sync 3 DAGs
[2026-05-24T15:28:13.031+0000] {logging_mixin.py:188} INFO - [2026-05-24T15:28:13.031+0000] {dag.py:3954} INFO - Setting next_dagrun for example_branch_datetime_operator to 2026-05-23 00:00:00+00:00, run_after=2026-05-24 00:00:00+00:00
[2026-05-24T15:28:13.033+0000] {logging_mixin.py:188} INFO - [2026-05-24T15:28:13.033+0000] {dag.py:3954} INFO - Setting next_dagrun for example_branch_datetime_operator_2 to 2026-05-23 00:00:00+00:00, run_after=2026-05-24 00:00:00+00:00
[2026-05-24T15:28:13.034+0000] {logging_mixin.py:188} INFO - [2026-05-24T15:28:13.034+0000] {dag.py:3954} INFO - Setting next_dagrun for example_branch_datetime_operator_3 to 2026-05-23 00:00:00+00:00, run_after=2026-05-24 00:00:00+00:00
[2026-05-24T15:28:13.047+0000] {processor.py:183} INFO - Processing /home/varn1t/ml-pipeline/venv/lib/python3.11/site-packages/airflow/example_dags/example_branch_datetime_operator.py took 0.058 seconds
[2026-05-24T15:29:42.042+0000] {processor.py:161} INFO - Started process (PID=43947) to work on /home/varn1t/ml-pipeline/venv/lib/python3.11/site-packages/airflow/example_dags/example_branch_datetime_operator.py
[2026-05-24T15:29:42.043+0000] {processor.py:830} INFO - Processing file /home/varn1t/ml-pipeline/venv/lib/python3.11/site-packages/airflow/example_dags/example_branch_datetime_operator.py for tasks to queue
[2026-05-24T15:29:42.044+0000] {logging_mixin.py:188} INFO - [2026-05-24T15:29:42.043+0000] {dagbag.py:545} INFO - Filling up the DagBag from /home/varn1t/ml-pipeline/venv/lib/python3.11/site-packages/airflow/example_dags/example_branch_datetime_operator.py
[2026-05-24T15:29:42.051+0000] {processor.py:840} INFO - DAG(s) 'example_branch_datetime_operator', 'example_branch_datetime_operator_2', 'example_branch_datetime_operator_3' retrieved from /home/varn1t/ml-pipeline/venv/lib/python3.11/site-packages/airflow/example_dags/example_branch_datetime_operator.py
[2026-05-24T15:29:42.068+0000] {logging_mixin.py:188} INFO - [2026-05-24T15:29:42.068+0000] {dag.py:3096} INFO - Sync 3 DAGs
[2026-05-24T15:29:42.082+0000] {logging_mixin.py:188} INFO - [2026-05-24T15:29:42.082+0000] {dag.py:3954} INFO - Setting next_dagrun for example_branch_datetime_operator to 2026-05-23 00:00:00+00:00, run_after=2026-05-24 00:00:00+00:00
[2026-05-24T15:29:42.084+0000] {logging_mixin.py:188} INFO - [2026-05-24T15:29:42.084+0000] {dag.py:3954} INFO - Setting next_dagrun for example_branch_datetime_operator_2 to 2026-05-23 00:00:00+00:00, run_after=2026-05-24 00:00:00+00:00
[2026-05-24T15:29:42.085+0000] {logging_mixin.py:188} INFO - [2026-05-24T15:29:42.085+0000] {dag.py:3954} INFO - Setting next_dagrun for example_branch_datetime_operator_3 to 2026-05-23 00:00:00+00:00, run_after=2026-05-24 00:00:00+00:00
[2026-05-24T15:29:42.102+0000] {processor.py:183} INFO - Processing /home/varn1t/ml-pipeline/venv/lib/python3.11/site-packages/airflow/example_dags/example_branch_datetime_operator.py took 0.067 seconds
[2026-05-24T15:30:52.292+0000] {processor.py:161} INFO - Started process (PID=44654) to work on /home/varn1t/ml-pipeline/venv/lib/python3.11/site-packages/airflow/example_dags/example_branch_datetime_operator.py
[2026-05-24T15:30:52.293+0000] {processor.py:830} INFO - Processing file /home/varn1t/ml-pipeline/venv/lib/python3.11/site-packages/airflow/example_dags/example_branch_datetime_operator.py for tasks to queue
[2026-05-24T15:30:52.294+0000] {logging_mixin.py:188} INFO - [2026-05-24T15:30:52.293+0000] {dagbag.py:545} INFO - Filling up the DagBag from /home/varn1t/ml-pipeline/venv/lib/python3.11/site-packages/airflow/example_dags/example_branch_datetime_operator.py
[2026-05-24T15:30:52.300+0000] {processor.py:840} INFO - DAG(s) 'example_branch_datetime_operator_2', 'example_branch_datetime_operator', 'example_branch_datetime_operator_3' retrieved from /home/varn1t/ml-pipeline/venv/lib/python3.11/site-packages/airflow/example_dags/example_branch_datetime_operator.py
[2026-05-24T15:30:52.312+0000] {logging_mixin.py:188} INFO - [2026-05-24T15:30:52.312+0000] {dag.py:3096} INFO - Sync 3 DAGs
[2026-05-24T15:30:52.323+0000] {logging_mixin.py:188} INFO - [2026-05-24T15:30:52.322+0000] {dag.py:3954} INFO - Setting next_dagrun for example_branch_datetime_operator to 2026-05-23 00:00:00+00:00, run_after=2026-05-24 00:00:00+00:00
[2026-05-24T15:30:52.324+0000] {logging_mixin.py:188} INFO - [2026-05-24T15:30:52.324+0000] {dag.py:3954} INFO - Setting next_dagrun for example_branch_datetime_operator_2 to 2026-05-23 00:00:00+00:00, run_after=2026-05-24 00:00:00+00:00
[2026-05-24T15:30:52.325+0000] {logging_mixin.py:188} INFO - [2026-05-24T15:30:52.325+0000] {dag.py:3954} INFO - Setting next_dagrun for example_branch_datetime_operator_3 to 2026-05-23 00:00:00+00:00, run_after=2026-05-24 00:00:00+00:00
[2026-05-24T15:30:52.337+0000] {processor.py:183} INFO - Processing /home/varn1t/ml-pipeline/venv/lib/python3.11/site-packages/airflow/example_dags/example_branch_datetime_operator.py took 0.050 seconds
[2026-05-24T15:31:41.618+0000] {processor.py:161} INFO - Started process (PID=45179) to work on /home/varn1t/ml-pipeline/venv/lib/python3.11/site-packages/airflow/example_dags/example_branch_datetime_operator.py
[2026-05-24T15:31:41.620+0000] {processor.py:830} INFO - Processing file /home/varn1t/ml-pipeline/venv/lib/python3.11/site-packages/airflow/example_dags/example_branch_datetime_operator.py for tasks to queue
[2026-05-24T15:31:41.621+0000] {logging_mixin.py:188} INFO - [2026-05-24T15:31:41.621+0000] {dagbag.py:545} INFO - Filling up the DagBag from /home/varn1t/ml-pipeline/venv/lib/python3.11/site-packages/airflow/example_dags/example_branch_datetime_operator.py
[2026-05-24T15:31:41.628+0000] {processor.py:840} INFO - DAG(s) 'example_branch_datetime_operator_2', 'example_branch_datetime_operator', 'example_branch_datetime_operator_3' retrieved from /home/varn1t/ml-pipeline/venv/lib/python3.11/site-packages/airflow/example_dags/example_branch_datetime_operator.py
[2026-05-24T15:31:41.643+0000] {logging_mixin.py:188} INFO - [2026-05-24T15:31:41.643+0000] {dag.py:3096} INFO - Sync 3 DAGs
[2026-05-24T15:31:41.659+0000] {logging_mixin.py:188} INFO - [2026-05-24T15:31:41.659+0000] {dag.py:3954} INFO - Setting next_dagrun for example_branch_datetime_operator to 2026-05-23 00:00:00+00:00, run_after=2026-05-24 00:00:00+00:00
[2026-05-24T15:31:41.662+0000] {logging_mixin.py:188} INFO - [2026-05-24T15:31:41.661+0000] {dag.py:3954} INFO - Setting next_dagrun for example_branch_datetime_operator_2 to 2026-05-23 00:00:00+00:00, run_after=2026-05-24 00:00:00+00:00
[2026-05-24T15:31:41.663+0000] {logging_mixin.py:188} INFO - [2026-05-24T15:31:41.663+0000] {dag.py:3954} INFO - Setting next_dagrun for example_branch_datetime_operator_3 to 2026-05-23 00:00:00+00:00, run_after=2026-05-24 00:00:00+00:00
[2026-05-24T15:31:41.678+0000] {processor.py:183} INFO - Processing /home/varn1t/ml-pipeline/venv/lib/python3.11/site-packages/airflow/example_dags/example_branch_datetime_operator.py took 0.066 seconds
[2026-05-24T15:32:45.924+0000] {processor.py:161} INFO - Started process (PID=45705) to work on /home/varn1t/ml-pipeline/venv/lib/python3.11/site-packages/airflow/example_dags/example_branch_datetime_operator.py
[2026-05-24T15:32:45.925+0000] {processor.py:830} INFO - Processing file /home/varn1t/ml-pipeline/venv/lib/python3.11/site-packages/airflow/example_dags/example_branch_datetime_operator.py for tasks to queue
[2026-05-24T15:32:45.925+0000] {logging_mixin.py:188} INFO - [2026-05-24T15:32:45.925+0000] {dagbag.py:545} INFO - Filling up the DagBag from /home/varn1t/ml-pipeline/venv/lib/python3.11/site-packages/airflow/example_dags/example_branch_datetime_operator.py
[2026-05-24T15:32:45.933+0000] {processor.py:840} INFO - DAG(s) 'example_branch_datetime_operator', 'example_branch_datetime_operator_2', 'example_branch_datetime_operator_3' retrieved from /home/varn1t/ml-pipeline/venv/lib/python3.11/site-packages/airflow/example_dags/example_branch_datetime_operator.py
[2026-05-24T15:32:45.949+0000] {logging_mixin.py:188} INFO - [2026-05-24T15:32:45.949+0000] {dag.py:3096} INFO - Sync 3 DAGs
[2026-05-24T15:32:45.961+0000] {logging_mixin.py:188} INFO - [2026-05-24T15:32:45.961+0000] {dag.py:3954} INFO - Setting next_dagrun for example_branch_datetime_operator to 2026-05-23 00:00:00+00:00, run_after=2026-05-24 00:00:00+00:00
[2026-05-24T15:32:45.964+0000] {logging_mixin.py:188} INFO - [2026-05-24T15:32:45.964+0000] {dag.py:3954} INFO - Setting next_dagrun for example_branch_datetime_operator_2 to 2026-05-23 00:00:00+00:00, run_after=2026-05-24 00:00:00+00:00
[2026-05-24T15:32:45.965+0000] {logging_mixin.py:188} INFO - [2026-05-24T15:32:45.964+0000] {dag.py:3954} INFO - Setting next_dagrun for example_branch_datetime_operator_3 to 2026-05-23 00:00:00+00:00, run_after=2026-05-24 00:00:00+00:00
[2026-05-24T15:32:45.978+0000] {processor.py:183} INFO - Processing /home/varn1t/ml-pipeline/venv/lib/python3.11/site-packages/airflow/example_dags/example_branch_datetime_operator.py took 0.060 seconds
[2026-05-24T15:33:52.603+0000] {processor.py:161} INFO - Started process (PID=46010) to work on /home/varn1t/ml-pipeline/venv/lib/python3.11/site-packages/airflow/example_dags/example_branch_datetime_operator.py
[2026-05-24T15:33:52.604+0000] {processor.py:830} INFO - Processing file /home/varn1t/ml-pipeline/venv/lib/python3.11/site-packages/airflow/example_dags/example_branch_datetime_operator.py for tasks to queue
[2026-05-24T15:33:52.605+0000] {logging_mixin.py:188} INFO - [2026-05-24T15:33:52.605+0000] {dagbag.py:545} INFO - Filling up the DagBag from /home/varn1t/ml-pipeline/venv/lib/python3.11/site-packages/airflow/example_dags/example_branch_datetime_operator.py
[2026-05-24T15:33:52.613+0000] {processor.py:840} INFO - DAG(s) 'example_branch_datetime_operator_3', 'example_branch_datetime_operator', 'example_branch_datetime_operator_2' retrieved from /home/varn1t/ml-pipeline/venv/lib/python3.11/site-packages/airflow/example_dags/example_branch_datetime_operator.py
[2026-05-24T15:33:52.630+0000] {logging_mixin.py:188} INFO - [2026-05-24T15:33:52.630+0000] {dag.py:3096} INFO - Sync 3 DAGs
[2026-05-24T15:33:52.644+0000] {logging_mixin.py:188} INFO - [2026-05-24T15:33:52.644+0000] {dag.py:3954} INFO - Setting next_dagrun for example_branch_datetime_operator to 2026-05-23 00:00:00+00:00, run_after=2026-05-24 00:00:00+00:00
[2026-05-24T15:33:52.647+0000] {logging_mixin.py:188} INFO - [2026-05-24T15:33:52.647+0000] {dag.py:3954} INFO - Setting next_dagrun for example_branch_datetime_operator_2 to 2026-05-23 00:00:00+00:00, run_after=2026-05-24 00:00:00+00:00
[2026-05-24T15:33:52.648+0000] {logging_mixin.py:188} INFO - [2026-05-24T15:33:52.648+0000] {dag.py:3954} INFO - Setting next_dagrun for example_branch_datetime_operator_3 to 2026-05-23 00:00:00+00:00, run_after=2026-05-24 00:00:00+00:00
[2026-05-24T15:33:52.665+0000] {processor.py:183} INFO - Processing /home/varn1t/ml-pipeline/venv/lib/python3.11/site-packages/airflow/example_dags/example_branch_datetime_operator.py took 0.068 seconds
[2026-05-24T15:34:55.088+0000] {processor.py:161} INFO - Started process (PID=46339) to work on /home/varn1t/ml-pipeline/venv/lib/python3.11/site-packages/airflow/example_dags/example_branch_datetime_operator.py
[2026-05-24T15:34:55.090+0000] {processor.py:830} INFO - Processing file /home/varn1t/ml-pipeline/venv/lib/python3.11/site-packages/airflow/example_dags/example_branch_datetime_operator.py for tasks to queue
[2026-05-24T15:34:55.090+0000] {logging_mixin.py:188} INFO - [2026-05-24T15:34:55.090+0000] {dagbag.py:545} INFO - Filling up the DagBag from /home/varn1t/ml-pipeline/venv/lib/python3.11/site-packages/airflow/example_dags/example_branch_datetime_operator.py
[2026-05-24T15:34:55.097+0000] {processor.py:840} INFO - DAG(s) 'example_branch_datetime_operator_2', 'example_branch_datetime_operator', 'example_branch_datetime_operator_3' retrieved from /home/varn1t/ml-pipeline/venv/lib/python3.11/site-packages/airflow/example_dags/example_branch_datetime_operator.py
[2026-05-24T15:34:55.111+0000] {logging_mixin.py:188} INFO - [2026-05-24T15:34:55.111+0000] {dag.py:3096} INFO - Sync 3 DAGs
[2026-05-24T15:34:55.125+0000] {logging_mixin.py:188} INFO - [2026-05-24T15:34:55.125+0000] {dag.py:3954} INFO - Setting next_dagrun for example_branch_datetime_operator to 2026-05-23 00:00:00+00:00, run_after=2026-05-24 00:00:00+00:00
[2026-05-24T15:34:55.128+0000] {logging_mixin.py:188} INFO - [2026-05-24T15:34:55.128+0000] {dag.py:3954} INFO - Setting next_dagrun for example_branch_datetime_operator_2 to 2026-05-23 00:00:00+00:00, run_after=2026-05-24 00:00:00+00:00
[2026-05-24T15:34:55.129+0000] {logging_mixin.py:188} INFO - [2026-05-24T15:34:55.129+0000] {dag.py:3954} INFO - Setting next_dagrun for example_branch_datetime_operator_3 to 2026-05-23 00:00:00+00:00, run_after=2026-05-24 00:00:00+00:00
[2026-05-24T15:34:55.143+0000] {processor.py:183} INFO - Processing /home/varn1t/ml-pipeline/venv/lib/python3.11/site-packages/airflow/example_dags/example_branch_datetime_operator.py took 0.060 seconds
[2026-05-24T15:42:05.956+0000] {processor.py:161} INFO - Started process (PID=2325) to work on /home/varn1t/ml-pipeline/venv/lib/python3.11/site-packages/airflow/example_dags/example_branch_datetime_operator.py
[2026-05-24T15:42:05.958+0000] {processor.py:830} INFO - Processing file /home/varn1t/ml-pipeline/venv/lib/python3.11/site-packages/airflow/example_dags/example_branch_datetime_operator.py for tasks to queue
[2026-05-24T15:42:05.959+0000] {logging_mixin.py:188} INFO - [2026-05-24T15:42:05.959+0000] {dagbag.py:545} INFO - Filling up the DagBag from /home/varn1t/ml-pipeline/venv/lib/python3.11/site-packages/airflow/example_dags/example_branch_datetime_operator.py
[2026-05-24T15:42:05.966+0000] {processor.py:840} INFO - DAG(s) 'example_branch_datetime_operator', 'example_branch_datetime_operator_2', 'example_branch_datetime_operator_3' retrieved from /home/varn1t/ml-pipeline/venv/lib/python3.11/site-packages/airflow/example_dags/example_branch_datetime_operator.py
[2026-05-24T15:42:05.980+0000] {logging_mixin.py:188} INFO - [2026-05-24T15:42:05.980+0000] {dag.py:3096} INFO - Sync 3 DAGs
[2026-05-24T15:42:05.993+0000] {logging_mixin.py:188} INFO - [2026-05-24T15:42:05.993+0000] {dag.py:3954} INFO - Setting next_dagrun for example_branch_datetime_operator to 2026-05-23 00:00:00+00:00, run_after=2026-05-24 00:00:00+00:00
[2026-05-24T15:42:05.995+0000] {logging_mixin.py:188} INFO - [2026-05-24T15:42:05.995+0000] {dag.py:3954} INFO - Setting next_dagrun for example_branch_datetime_operator_2 to 2026-05-23 00:00:00+00:00, run_after=2026-05-24 00:00:00+00:00
[2026-05-24T15:42:05.997+0000] {logging_mixin.py:188} INFO - [2026-05-24T15:42:05.997+0000] {dag.py:3954} INFO - Setting next_dagrun for example_branch_datetime_operator_3 to 2026-05-23 00:00:00+00:00, run_after=2026-05-24 00:00:00+00:00
[2026-05-24T15:42:06.016+0000] {processor.py:183} INFO - Processing /home/varn1t/ml-pipeline/venv/lib/python3.11/site-packages/airflow/example_dags/example_branch_datetime_operator.py took 0.065 seconds
[2026-05-24T15:42:57.347+0000] {processor.py:161} INFO - Started process (PID=2649) to work on /home/varn1t/ml-pipeline/venv/lib/python3.11/site-packages/airflow/example_dags/example_branch_datetime_operator.py
[2026-05-24T15:42:57.349+0000] {processor.py:830} INFO - Processing file /home/varn1t/ml-pipeline/venv/lib/python3.11/site-packages/airflow/example_dags/example_branch_datetime_operator.py for tasks to queue
[2026-05-24T15:42:57.350+0000] {logging_mixin.py:188} INFO - [2026-05-24T15:42:57.350+0000] {dagbag.py:545} INFO - Filling up the DagBag from /home/varn1t/ml-pipeline/venv/lib/python3.11/site-packages/airflow/example_dags/example_branch_datetime_operator.py
[2026-05-24T15:42:57.356+0000] {processor.py:840} INFO - DAG(s) 'example_branch_datetime_operator', 'example_branch_datetime_operator_2', 'example_branch_datetime_operator_3' retrieved from /home/varn1t/ml-pipeline/venv/lib/python3.11/site-packages/airflow/example_dags/example_branch_datetime_operator.py
[2026-05-24T15:42:57.371+0000] {logging_mixin.py:188} INFO - [2026-05-24T15:42:57.371+0000] {dag.py:3096} INFO - Sync 3 DAGs
[2026-05-24T15:42:57.385+0000] {logging_mixin.py:188} INFO - [2026-05-24T15:42:57.385+0000] {dag.py:3954} INFO - Setting next_dagrun for example_branch_datetime_operator to 2026-05-23 00:00:00+00:00, run_after=2026-05-24 00:00:00+00:00
[2026-05-24T15:42:57.388+0000] {logging_mixin.py:188} INFO - [2026-05-24T15:42:57.388+0000] {dag.py:3954} INFO - Setting next_dagrun for example_branch_datetime_operator_2 to 2026-05-23 00:00:00+00:00, run_after=2026-05-24 00:00:00+00:00
[2026-05-24T15:42:57.389+0000] {logging_mixin.py:188} INFO - [2026-05-24T15:42:57.389+0000] {dag.py:3954} INFO - Setting next_dagrun for example_branch_datetime_operator_3 to 2026-05-23 00:00:00+00:00, run_after=2026-05-24 00:00:00+00:00
[2026-05-24T15:42:57.406+0000] {processor.py:183} INFO - Processing /home/varn1t/ml-pipeline/venv/lib/python3.11/site-packages/airflow/example_dags/example_branch_datetime_operator.py took 0.063 seconds
[2026-05-24T15:43:53.140+0000] {processor.py:161} INFO - Started process (PID=2930) to work on /home/varn1t/ml-pipeline/venv/lib/python3.11/site-packages/airflow/example_dags/example_branch_datetime_operator.py
[2026-05-24T15:43:53.141+0000] {processor.py:830} INFO - Processing file /home/varn1t/ml-pipeline/venv/lib/python3.11/site-packages/airflow/example_dags/example_branch_datetime_operator.py for tasks to queue
[2026-05-24T15:43:53.143+0000] {logging_mixin.py:188} INFO - [2026-05-24T15:43:53.143+0000] {dagbag.py:545} INFO - Filling up the DagBag from /home/varn1t/ml-pipeline/venv/lib/python3.11/site-packages/airflow/example_dags/example_branch_datetime_operator.py
[2026-05-24T15:43:53.149+0000] {processor.py:840} INFO - DAG(s) 'example_branch_datetime_operator_3', 'example_branch_datetime_operator_2', 'example_branch_datetime_operator' retrieved from /home/varn1t/ml-pipeline/venv/lib/python3.11/site-packages/airflow/example_dags/example_branch_datetime_operator.py
[2026-05-24T15:43:53.256+0000] {logging_mixin.py:188} INFO - [2026-05-24T15:43:53.255+0000] {dag.py:3096} INFO - Sync 3 DAGs
[2026-05-24T15:43:53.266+0000] {logging_mixin.py:188} INFO - [2026-05-24T15:43:53.266+0000] {dag.py:3954} INFO - Setting next_dagrun for example_branch_datetime_operator to 2026-05-23 00:00:00+00:00, run_after=2026-05-24 00:00:00+00:00
[2026-05-24T15:43:53.269+0000] {logging_mixin.py:188} INFO - [2026-05-24T15:43:53.269+0000] {dag.py:3954} INFO - Setting next_dagrun for example_branch_datetime_operator_2 to 2026-05-23 00:00:00+00:00, run_after=2026-05-24 00:00:00+00:00
[2026-05-24T15:43:53.270+0000] {logging_mixin.py:188} INFO - [2026-05-24T15:43:53.270+0000] {dag.py:3954} INFO - Setting next_dagrun for example_branch_datetime_operator_3 to 2026-05-23 00:00:00+00:00, run_after=2026-05-24 00:00:00+00:00
[2026-05-24T15:43:53.285+0000] {processor.py:183} INFO - Processing /home/varn1t/ml-pipeline/venv/lib/python3.11/site-packages/airflow/example_dags/example_branch_datetime_operator.py took 0.149 seconds
[2026-05-24T15:44:55.979+0000] {processor.py:161} INFO - Started process (PID=3337) to work on /home/varn1t/ml-pipeline/venv/lib/python3.11/site-packages/airflow/example_dags/example_branch_datetime_operator.py
[2026-05-24T15:44:55.980+0000] {processor.py:830} INFO - Processing file /home/varn1t/ml-pipeline/venv/lib/python3.11/site-packages/airflow/example_dags/example_branch_datetime_operator.py for tasks to queue
[2026-05-24T15:44:55.981+0000] {logging_mixin.py:188} INFO - [2026-05-24T15:44:55.981+0000] {dagbag.py:545} INFO - Filling up the DagBag from /home/varn1t/ml-pipeline/venv/lib/python3.11/site-packages/airflow/example_dags/example_branch_datetime_operator.py
[2026-05-24T15:44:55.992+0000] {processor.py:840} INFO - DAG(s) 'example_branch_datetime_operator_3', 'example_branch_datetime_operator', 'example_branch_datetime_operator_2' retrieved from /home/varn1t/ml-pipeline/venv/lib/python3.11/site-packages/airflow/example_dags/example_branch_datetime_operator.py
[2026-05-24T15:44:56.012+0000] {logging_mixin.py:188} INFO - [2026-05-24T15:44:56.012+0000] {dag.py:3096} INFO - Sync 3 DAGs
[2026-05-24T15:44:56.028+0000] {logging_mixin.py:188} INFO - [2026-05-24T15:44:56.028+0000] {dag.py:3954} INFO - Setting next_dagrun for example_branch_datetime_operator to 2026-05-23 00:00:00+00:00, run_after=2026-05-24 00:00:00+00:00
[2026-05-24T15:44:56.032+0000] {logging_mixin.py:188} INFO - [2026-05-24T15:44:56.032+0000] {dag.py:3954} INFO - Setting next_dagrun for example_branch_datetime_operator_2 to 2026-05-23 00:00:00+00:00, run_after=2026-05-24 00:00:00+00:00
[2026-05-24T15:44:56.033+0000] {logging_mixin.py:188} INFO - [2026-05-24T15:44:56.033+0000] {dag.py:3954} INFO - Setting next_dagrun for example_branch_datetime_operator_3 to 2026-05-23 00:00:00+00:00, run_after=2026-05-24 00:00:00+00:00
[2026-05-24T15:44:56.052+0000] {processor.py:183} INFO - Processing /home/varn1t/ml-pipeline/venv/lib/python3.11/site-packages/airflow/example_dags/example_branch_datetime_operator.py took 0.078 seconds
[2026-05-24T15:46:03.860+0000] {processor.py:161} INFO - Started process (PID=3886) to work on /home/varn1t/ml-pipeline/venv/lib/python3.11/site-packages/airflow/example_dags/example_branch_datetime_operator.py
[2026-05-24T15:46:03.864+0000] {processor.py:830} INFO - Processing file /home/varn1t/ml-pipeline/venv/lib/python3.11/site-packages/airflow/example_dags/example_branch_datetime_operator.py for tasks to queue
[2026-05-24T15:46:03.869+0000] {logging_mixin.py:188} INFO - [2026-05-24T15:46:03.868+0000] {dagbag.py:545} INFO - Filling up the DagBag from /home/varn1t/ml-pipeline/venv/lib/python3.11/site-packages/airflow/example_dags/example_branch_datetime_operator.py
[2026-05-24T15:46:03.909+0000] {processor.py:840} INFO - DAG(s) 'example_branch_datetime_operator_3', 'example_branch_datetime_operator', 'example_branch_datetime_operator_2' retrieved from /home/varn1t/ml-pipeline/venv/lib/python3.11/site-packages/airflow/example_dags/example_branch_datetime_operator.py
[2026-05-24T15:46:04.004+0000] {logging_mixin.py:188} INFO - [2026-05-24T15:46:04.003+0000] {dag.py:3096} INFO - Sync 3 DAGs
[2026-05-24T15:46:04.060+0000] {logging_mixin.py:188} INFO - [2026-05-24T15:46:04.059+0000] {dag.py:3954} INFO - Setting next_dagrun for example_branch_datetime_operator to 2026-05-23 00:00:00+00:00, run_after=2026-05-24 00:00:00+00:00
[2026-05-24T15:46:04.068+0000] {logging_mixin.py:188} INFO - [2026-05-24T15:46:04.068+0000] {dag.py:3954} INFO - Setting next_dagrun for example_branch_datetime_operator_2 to 2026-05-23 00:00:00+00:00, run_after=2026-05-24 00:00:00+00:00
[2026-05-24T15:46:04.070+0000] {logging_mixin.py:188} INFO - [2026-05-24T15:46:04.070+0000] {dag.py:3954} INFO - Setting next_dagrun for example_branch_datetime_operator_3 to 2026-05-23 00:00:00+00:00, run_after=2026-05-24 00:00:00+00:00
[2026-05-24T15:46:04.118+0000] {processor.py:183} INFO - Processing /home/varn1t/ml-pipeline/venv/lib/python3.11/site-packages/airflow/example_dags/example_branch_datetime_operator.py took 0.283 seconds
[2026-05-24T15:47:00.547+0000] {processor.py:161} INFO - Started process (PID=4357) to work on /home/varn1t/ml-pipeline/venv/lib/python3.11/site-packages/airflow/example_dags/example_branch_datetime_operator.py
[2026-05-24T15:47:00.548+0000] {processor.py:830} INFO - Processing file /home/varn1t/ml-pipeline/venv/lib/python3.11/site-packages/airflow/example_dags/example_branch_datetime_operator.py for tasks to queue
[2026-05-24T15:47:00.550+0000] {logging_mixin.py:188} INFO - [2026-05-24T15:47:00.549+0000] {dagbag.py:545} INFO - Filling up the DagBag from /home/varn1t/ml-pipeline/venv/lib/python3.11/site-packages/airflow/example_dags/example_branch_datetime_operator.py
[2026-05-24T15:47:00.565+0000] {processor.py:840} INFO - DAG(s) 'example_branch_datetime_operator_3', 'example_branch_datetime_operator', 'example_branch_datetime_operator_2' retrieved from /home/varn1t/ml-pipeline/venv/lib/python3.11/site-packages/airflow/example_dags/example_branch_datetime_operator.py
[2026-05-24T15:47:00.595+0000] {logging_mixin.py:188} INFO - [2026-05-24T15:47:00.595+0000] {dag.py:3096} INFO - Sync 3 DAGs
[2026-05-24T15:47:00.620+0000] {logging_mixin.py:188} INFO - [2026-05-24T15:47:00.620+0000] {dag.py:3954} INFO - Setting next_dagrun for example_branch_datetime_operator to 2026-05-23 00:00:00+00:00, run_after=2026-05-24 00:00:00+00:00
[2026-05-24T15:47:00.625+0000] {logging_mixin.py:188} INFO - [2026-05-24T15:47:00.624+0000] {dag.py:3954} INFO - Setting next_dagrun for example_branch_datetime_operator_2 to 2026-05-23 00:00:00+00:00, run_after=2026-05-24 00:00:00+00:00
[2026-05-24T15:47:00.628+0000] {logging_mixin.py:188} INFO - [2026-05-24T15:47:00.628+0000] {dag.py:3954} INFO - Setting next_dagrun for example_branch_datetime_operator_3 to 2026-05-23 00:00:00+00:00, run_after=2026-05-24 00:00:00+00:00
[2026-05-24T15:47:00.656+0000] {processor.py:183} INFO - Processing /home/varn1t/ml-pipeline/venv/lib/python3.11/site-packages/airflow/example_dags/example_branch_datetime_operator.py took 0.122 seconds
[2026-05-24T15:47:52.692+0000] {processor.py:161} INFO - Started process (PID=4767) to work on /home/varn1t/ml-pipeline/venv/lib/python3.11/site-packages/airflow/example_dags/example_branch_datetime_operator.py
[2026-05-24T15:47:52.693+0000] {processor.py:830} INFO - Processing file /home/varn1t/ml-pipeline/venv/lib/python3.11/site-packages/airflow/example_dags/example_branch_datetime_operator.py for tasks to queue
[2026-05-24T15:47:52.694+0000] {logging_mixin.py:188} INFO - [2026-05-24T15:47:52.694+0000] {dagbag.py:545} INFO - Filling up the DagBag from /home/varn1t/ml-pipeline/venv/lib/python3.11/site-packages/airflow/example_dags/example_branch_datetime_operator.py
[2026-05-24T15:47:52.706+0000] {processor.py:840} INFO - DAG(s) 'example_branch_datetime_operator', 'example_branch_datetime_operator_3', 'example_branch_datetime_operator_2' retrieved from /home/varn1t/ml-pipeline/venv/lib/python3.11/site-packages/airflow/example_dags/example_branch_datetime_operator.py
[2026-05-24T15:47:52.727+0000] {logging_mixin.py:188} INFO - [2026-05-24T15:47:52.727+0000] {dag.py:3096} INFO - Sync 3 DAGs
[2026-05-24T15:47:52.749+0000] {logging_mixin.py:188} INFO - [2026-05-24T15:47:52.749+0000] {dag.py:3954} INFO - Setting next_dagrun for example_branch_datetime_operator to 2026-05-23 00:00:00+00:00, run_after=2026-05-24 00:00:00+00:00
[2026-05-24T15:47:52.753+0000] {logging_mixin.py:188} INFO - [2026-05-24T15:47:52.753+0000] {dag.py:3954} INFO - Setting next_dagrun for example_branch_datetime_operator_2 to 2026-05-23 00:00:00+00:00, run_after=2026-05-24 00:00:00+00:00
[2026-05-24T15:47:52.755+0000] {logging_mixin.py:188} INFO - [2026-05-24T15:47:52.754+0000] {dag.py:3954} INFO - Setting next_dagrun for example_branch_datetime_operator_3 to 2026-05-23 00:00:00+00:00, run_after=2026-05-24 00:00:00+00:00
[2026-05-24T15:47:52.779+0000] {processor.py:183} INFO - Processing /home/varn1t/ml-pipeline/venv/lib/python3.11/site-packages/airflow/example_dags/example_branch_datetime_operator.py took 0.094 seconds
[2026-05-24T15:48:42.842+0000] {processor.py:161} INFO - Started process (PID=5167) to work on /home/varn1t/ml-pipeline/venv/lib/python3.11/site-packages/airflow/example_dags/example_branch_datetime_operator.py
[2026-05-24T15:48:42.843+0000] {processor.py:830} INFO - Processing file /home/varn1t/ml-pipeline/venv/lib/python3.11/site-packages/airflow/example_dags/example_branch_datetime_operator.py for tasks to queue
[2026-05-24T15:48:42.845+0000] {logging_mixin.py:188} INFO - [2026-05-24T15:48:42.845+0000] {dagbag.py:545} INFO - Filling up the DagBag from /home/varn1t/ml-pipeline/venv/lib/python3.11/site-packages/airflow/example_dags/example_branch_datetime_operator.py
[2026-05-24T15:48:42.859+0000] {processor.py:840} INFO - DAG(s) 'example_branch_datetime_operator', 'example_branch_datetime_operator_3', 'example_branch_datetime_operator_2' retrieved from /home/varn1t/ml-pipeline/venv/lib/python3.11/site-packages/airflow/example_dags/example_branch_datetime_operator.py
[2026-05-24T15:48:42.881+0000] {logging_mixin.py:188} INFO - [2026-05-24T15:48:42.880+0000] {dag.py:3096} INFO - Sync 3 DAGs
[2026-05-24T15:48:42.905+0000] {logging_mixin.py:188} INFO - [2026-05-24T15:48:42.905+0000] {dag.py:3954} INFO - Setting next_dagrun for example_branch_datetime_operator to 2026-05-23 00:00:00+00:00, run_after=2026-05-24 00:00:00+00:00
[2026-05-24T15:48:42.909+0000] {logging_mixin.py:188} INFO - [2026-05-24T15:48:42.909+0000] {dag.py:3954} INFO - Setting next_dagrun for example_branch_datetime_operator_2 to 2026-05-23 00:00:00+00:00, run_after=2026-05-24 00:00:00+00:00
[2026-05-24T15:48:42.911+0000] {logging_mixin.py:188} INFO - [2026-05-24T15:48:42.911+0000] {dag.py:3954} INFO - Setting next_dagrun for example_branch_datetime_operator_3 to 2026-05-23 00:00:00+00:00, run_after=2026-05-24 00:00:00+00:00
[2026-05-24T15:48:42.930+0000] {processor.py:183} INFO - Processing /home/varn1t/ml-pipeline/venv/lib/python3.11/site-packages/airflow/example_dags/example_branch_datetime_operator.py took 0.097 seconds
[2026-05-24T15:49:50.312+0000] {processor.py:161} INFO - Started process (PID=5750) to work on /home/varn1t/ml-pipeline/venv/lib/python3.11/site-packages/airflow/example_dags/example_branch_datetime_operator.py
[2026-05-24T15:49:50.314+0000] {processor.py:830} INFO - Processing file /home/varn1t/ml-pipeline/venv/lib/python3.11/site-packages/airflow/example_dags/example_branch_datetime_operator.py for tasks to queue
[2026-05-24T15:49:50.316+0000] {logging_mixin.py:188} INFO - [2026-05-24T15:49:50.315+0000] {dagbag.py:545} INFO - Filling up the DagBag from /home/varn1t/ml-pipeline/venv/lib/python3.11/site-packages/airflow/example_dags/example_branch_datetime_operator.py
[2026-05-24T15:49:50.330+0000] {processor.py:840} INFO - DAG(s) 'example_branch_datetime_operator_3', 'example_branch_datetime_operator_2', 'example_branch_datetime_operator' retrieved from /home/varn1t/ml-pipeline/venv/lib/python3.11/site-packages/airflow/example_dags/example_branch_datetime_operator.py
[2026-05-24T15:49:50.358+0000] {logging_mixin.py:188} INFO - [2026-05-24T15:49:50.357+0000] {dag.py:3096} INFO - Sync 3 DAGs
[2026-05-24T15:49:50.387+0000] {logging_mixin.py:188} INFO - [2026-05-24T15:49:50.387+0000] {dag.py:3954} INFO - Setting next_dagrun for example_branch_datetime_operator to 2026-05-23 00:00:00+00:00, run_after=2026-05-24 00:00:00+00:00
[2026-05-24T15:49:50.395+0000] {logging_mixin.py:188} INFO - [2026-05-24T15:49:50.395+0000] {dag.py:3954} INFO - Setting next_dagrun for example_branch_datetime_operator_2 to 2026-05-23 00:00:00+00:00, run_after=2026-05-24 00:00:00+00:00
[2026-05-24T15:49:50.397+0000] {logging_mixin.py:188} INFO - [2026-05-24T15:49:50.397+0000] {dag.py:3954} INFO - Setting next_dagrun for example_branch_datetime_operator_3 to 2026-05-23 00:00:00+00:00, run_after=2026-05-24 00:00:00+00:00
[2026-05-24T15:49:50.421+0000] {processor.py:183} INFO - Processing /home/varn1t/ml-pipeline/venv/lib/python3.11/site-packages/airflow/example_dags/example_branch_datetime_operator.py took 0.115 seconds
[2026-05-24T15:50:53.255+0000] {processor.py:161} INFO - Started process (PID=6292) to work on /home/varn1t/ml-pipeline/venv/lib/python3.11/site-packages/airflow/example_dags/example_branch_datetime_operator.py
[2026-05-24T15:50:53.256+0000] {processor.py:830} INFO - Processing file /home/varn1t/ml-pipeline/venv/lib/python3.11/site-packages/airflow/example_dags/example_branch_datetime_operator.py for tasks to queue
[2026-05-24T15:50:53.257+0000] {logging_mixin.py:188} INFO - [2026-05-24T15:50:53.257+0000] {dagbag.py:545} INFO - Filling up the DagBag from /home/varn1t/ml-pipeline/venv/lib/python3.11/site-packages/airflow/example_dags/example_branch_datetime_operator.py
[2026-05-24T15:50:53.265+0000] {processor.py:840} INFO - DAG(s) 'example_branch_datetime_operator', 'example_branch_datetime_operator_3', 'example_branch_datetime_operator_2' retrieved from /home/varn1t/ml-pipeline/venv/lib/python3.11/site-packages/airflow/example_dags/example_branch_datetime_operator.py
[2026-05-24T15:50:53.284+0000] {logging_mixin.py:188} INFO - [2026-05-24T15:50:53.284+0000] {dag.py:3096} INFO - Sync 3 DAGs
[2026-05-24T15:50:53.299+0000] {logging_mixin.py:188} INFO - [2026-05-24T15:50:53.299+0000] {dag.py:3954} INFO - Setting next_dagrun for example_branch_datetime_operator to 2026-05-23 00:00:00+00:00, run_after=2026-05-24 00:00:00+00:00
[2026-05-24T15:50:53.302+0000] {logging_mixin.py:188} INFO - [2026-05-24T15:50:53.302+0000] {dag.py:3954} INFO - Setting next_dagrun for example_branch_datetime_operator_2 to 2026-05-23 00:00:00+00:00, run_after=2026-05-24 00:00:00+00:00
[2026-05-24T15:50:53.303+0000] {logging_mixin.py:188} INFO - [2026-05-24T15:50:53.303+0000] {dag.py:3954} INFO - Setting next_dagrun for example_branch_datetime_operator_3 to 2026-05-23 00:00:00+00:00, run_after=2026-05-24 00:00:00+00:00
[2026-05-24T15:50:53.321+0000] {processor.py:183} INFO - Processing /home/varn1t/ml-pipeline/venv/lib/python3.11/site-packages/airflow/example_dags/example_branch_datetime_operator.py took 0.071 seconds
[2026-05-24T15:52:01.553+0000] {processor.py:161} INFO - Started process (PID=6908) to work on /home/varn1t/ml-pipeline/venv/lib/python3.11/site-packages/airflow/example_dags/example_branch_datetime_operator.py
[2026-05-24T15:52:01.555+0000] {processor.py:830} INFO - Processing file /home/varn1t/ml-pipeline/venv/lib/python3.11/site-packages/airflow/example_dags/example_branch_datetime_operator.py for tasks to queue
[2026-05-24T15:52:01.556+0000] {logging_mixin.py:188} INFO - [2026-05-24T15:52:01.556+0000] {dagbag.py:545} INFO - Filling up the DagBag from /home/varn1t/ml-pipeline/venv/lib/python3.11/site-packages/airflow/example_dags/example_branch_datetime_operator.py
[2026-05-24T15:52:01.567+0000] {processor.py:840} INFO - DAG(s) 'example_branch_datetime_operator_2', 'example_branch_datetime_operator_3', 'example_branch_datetime_operator' retrieved from /home/varn1t/ml-pipeline/venv/lib/python3.11/site-packages/airflow/example_dags/example_branch_datetime_operator.py
[2026-05-24T15:52:01.583+0000] {logging_mixin.py:188} INFO - [2026-05-24T15:52:01.582+0000] {dag.py:3096} INFO - Sync 3 DAGs
[2026-05-24T15:52:01.595+0000] {logging_mixin.py:188} INFO - [2026-05-24T15:52:01.595+0000] {dag.py:3954} INFO - Setting next_dagrun for example_branch_datetime_operator to 2026-05-23 00:00:00+00:00, run_after=2026-05-24 00:00:00+00:00
[2026-05-24T15:52:01.598+0000] {logging_mixin.py:188} INFO - [2026-05-24T15:52:01.598+0000] {dag.py:3954} INFO - Setting next_dagrun for example_branch_datetime_operator_2 to 2026-05-23 00:00:00+00:00, run_after=2026-05-24 00:00:00+00:00
[2026-05-24T15:52:01.599+0000] {logging_mixin.py:188} INFO - [2026-05-24T15:52:01.599+0000] {dag.py:3954} INFO - Setting next_dagrun for example_branch_datetime_operator_3 to 2026-05-23 00:00:00+00:00, run_after=2026-05-24 00:00:00+00:00
[2026-05-24T15:52:01.613+0000] {processor.py:183} INFO - Processing /home/varn1t/ml-pipeline/venv/lib/python3.11/site-packages/airflow/example_dags/example_branch_datetime_operator.py took 0.065 seconds
[2026-05-24T15:53:09.499+0000] {processor.py:161} INFO - Started process (PID=7304) to work on /home/varn1t/ml-pipeline/venv/lib/python3.11/site-packages/airflow/example_dags/example_branch_datetime_operator.py
[2026-05-24T15:53:09.500+0000] {processor.py:830} INFO - Processing file /home/varn1t/ml-pipeline/venv/lib/python3.11/site-packages/airflow/example_dags/example_branch_datetime_operator.py for tasks to queue
[2026-05-24T15:53:09.501+0000] {logging_mixin.py:188} INFO - [2026-05-24T15:53:09.501+0000] {dagbag.py:545} INFO - Filling up the DagBag from /home/varn1t/ml-pipeline/venv/lib/python3.11/site-packages/airflow/example_dags/example_branch_datetime_operator.py
[2026-05-24T15:53:09.507+0000] {processor.py:840} INFO - DAG(s) 'example_branch_datetime_operator_2', 'example_branch_datetime_operator', 'example_branch_datetime_operator_3' retrieved from /home/varn1t/ml-pipeline/venv/lib/python3.11/site-packages/airflow/example_dags/example_branch_datetime_operator.py
[2026-05-24T15:53:09.524+0000] {logging_mixin.py:188} INFO - [2026-05-24T15:53:09.524+0000] {dag.py:3096} INFO - Sync 3 DAGs
[2026-05-24T15:53:09.535+0000] {logging_mixin.py:188} INFO - [2026-05-24T15:53:09.534+0000] {dag.py:3954} INFO - Setting next_dagrun for example_branch_datetime_operator to 2026-05-23 00:00:00+00:00, run_after=2026-05-24 00:00:00+00:00
[2026-05-24T15:53:09.537+0000] {logging_mixin.py:188} INFO - [2026-05-24T15:53:09.537+0000] {dag.py:3954} INFO - Setting next_dagrun for example_branch_datetime_operator_2 to 2026-05-23 00:00:00+00:00, run_after=2026-05-24 00:00:00+00:00
[2026-05-24T15:53:09.538+0000] {logging_mixin.py:188} INFO - [2026-05-24T15:53:09.537+0000] {dag.py:3954} INFO - Setting next_dagrun for example_branch_datetime_operator_3 to 2026-05-23 00:00:00+00:00, run_after=2026-05-24 00:00:00+00:00
[2026-05-24T15:53:09.550+0000] {processor.py:183} INFO - Processing /home/varn1t/ml-pipeline/venv/lib/python3.11/site-packages/airflow/example_dags/example_branch_datetime_operator.py took 0.055 seconds
[2026-05-24T15:53:57.787+0000] {processor.py:161} INFO - Started process (PID=7940) to work on /home/varn1t/ml-pipeline/venv/lib/python3.11/site-packages/airflow/example_dags/example_branch_datetime_operator.py
[2026-05-24T15:53:57.788+0000] {processor.py:830} INFO - Processing file /home/varn1t/ml-pipeline/venv/lib/python3.11/site-packages/airflow/example_dags/example_branch_datetime_operator.py for tasks to queue
[2026-05-24T15:53:57.790+0000] {logging_mixin.py:188} INFO - [2026-05-24T15:53:57.790+0000] {dagbag.py:545} INFO - Filling up the DagBag from /home/varn1t/ml-pipeline/venv/lib/python3.11/site-packages/airflow/example_dags/example_branch_datetime_operator.py
[2026-05-24T15:53:57.798+0000] {processor.py:840} INFO - DAG(s) 'example_branch_datetime_operator_2', 'example_branch_datetime_operator_3', 'example_branch_datetime_operator' retrieved from /home/varn1t/ml-pipeline/venv/lib/python3.11/site-packages/airflow/example_dags/example_branch_datetime_operator.py
[2026-05-24T15:53:57.818+0000] {logging_mixin.py:188} INFO - [2026-05-24T15:53:57.817+0000] {dag.py:3096} INFO - Sync 3 DAGs
[2026-05-24T15:53:57.836+0000] {logging_mixin.py:188} INFO - [2026-05-24T15:53:57.836+0000] {dag.py:3954} INFO - Setting next_dagrun for example_branch_datetime_operator to 2026-05-23 00:00:00+00:00, run_after=2026-05-24 00:00:00+00:00
[2026-05-24T15:53:57.840+0000] {logging_mixin.py:188} INFO - [2026-05-24T15:53:57.840+0000] {dag.py:3954} INFO - Setting next_dagrun for example_branch_datetime_operator_2 to 2026-05-23 00:00:00+00:00, run_after=2026-05-24 00:00:00+00:00
[2026-05-24T15:53:57.842+0000] {logging_mixin.py:188} INFO - [2026-05-24T15:53:57.842+0000] {dag.py:3954} INFO - Setting next_dagrun for example_branch_datetime_operator_3 to 2026-05-23 00:00:00+00:00, run_after=2026-05-24 00:00:00+00:00
[2026-05-24T15:53:57.862+0000] {processor.py:183} INFO - Processing /home/varn1t/ml-pipeline/venv/lib/python3.11/site-packages/airflow/example_dags/example_branch_datetime_operator.py took 0.080 seconds
[2026-05-24T15:54:44.078+0000] {processor.py:161} INFO - Started process (PID=8213) to work on /home/varn1t/ml-pipeline/venv/lib/python3.11/site-packages/airflow/example_dags/example_branch_datetime_operator.py
[2026-05-24T15:54:44.079+0000] {processor.py:830} INFO - Processing file /home/varn1t/ml-pipeline/venv/lib/python3.11/site-packages/airflow/example_dags/example_branch_datetime_operator.py for tasks to queue
[2026-05-24T15:54:44.080+0000] {logging_mixin.py:188} INFO - [2026-05-24T15:54:44.080+0000] {dagbag.py:545} INFO - Filling up the DagBag from /home/varn1t/ml-pipeline/venv/lib/python3.11/site-packages/airflow/example_dags/example_branch_datetime_operator.py
[2026-05-24T15:54:44.088+0000] {processor.py:840} INFO - DAG(s) 'example_branch_datetime_operator_3', 'example_branch_datetime_operator', 'example_branch_datetime_operator_2' retrieved from /home/varn1t/ml-pipeline/venv/lib/python3.11/site-packages/airflow/example_dags/example_branch_datetime_operator.py
[2026-05-24T15:54:44.104+0000] {logging_mixin.py:188} INFO - [2026-05-24T15:54:44.104+0000] {dag.py:3096} INFO - Sync 3 DAGs
[2026-05-24T15:54:44.116+0000] {logging_mixin.py:188} INFO - [2026-05-24T15:54:44.116+0000] {dag.py:3954} INFO - Setting next_dagrun for example_branch_datetime_operator to 2026-05-23 00:00:00+00:00, run_after=2026-05-24 00:00:00+00:00
[2026-05-24T15:54:44.118+0000] {logging_mixin.py:188} INFO - [2026-05-24T15:54:44.118+0000] {dag.py:3954} INFO - Setting next_dagrun for example_branch_datetime_operator_2 to 2026-05-23 00:00:00+00:00, run_after=2026-05-24 00:00:00+00:00
[2026-05-24T15:54:44.119+0000] {logging_mixin.py:188} INFO - [2026-05-24T15:54:44.119+0000] {dag.py:3954} INFO - Setting next_dagrun for example_branch_datetime_operator_3 to 2026-05-23 00:00:00+00:00, run_after=2026-05-24 00:00:00+00:00
[2026-05-24T15:54:44.135+0000] {processor.py:183} INFO - Processing /home/varn1t/ml-pipeline/venv/lib/python3.11/site-packages/airflow/example_dags/example_branch_datetime_operator.py took 0.060 seconds
[2026-05-24T15:55:47.676+0000] {processor.py:161} INFO - Started process (PID=8905) to work on /home/varn1t/ml-pipeline/venv/lib/python3.11/site-packages/airflow/example_dags/example_branch_datetime_operator.py
[2026-05-24T15:55:47.677+0000] {processor.py:830} INFO - Processing file /home/varn1t/ml-pipeline/venv/lib/python3.11/site-packages/airflow/example_dags/example_branch_datetime_operator.py for tasks to queue
[2026-05-24T15:55:47.679+0000] {logging_mixin.py:188} INFO - [2026-05-24T15:55:47.678+0000] {dagbag.py:545} INFO - Filling up the DagBag from /home/varn1t/ml-pipeline/venv/lib/python3.11/site-packages/airflow/example_dags/example_branch_datetime_operator.py
[2026-05-24T15:55:47.685+0000] {processor.py:840} INFO - DAG(s) 'example_branch_datetime_operator', 'example_branch_datetime_operator_3', 'example_branch_datetime_operator_2' retrieved from /home/varn1t/ml-pipeline/venv/lib/python3.11/site-packages/airflow/example_dags/example_branch_datetime_operator.py
[2026-05-24T15:55:47.703+0000] {logging_mixin.py:188} INFO - [2026-05-24T15:55:47.702+0000] {dag.py:3096} INFO - Sync 3 DAGs
[2026-05-24T15:55:47.716+0000] {logging_mixin.py:188} INFO - [2026-05-24T15:55:47.716+0000] {dag.py:3954} INFO - Setting next_dagrun for example_branch_datetime_operator to 2026-05-23 00:00:00+00:00, run_after=2026-05-24 00:00:00+00:00
[2026-05-24T15:55:47.719+0000] {logging_mixin.py:188} INFO - [2026-05-24T15:55:47.718+0000] {dag.py:3954} INFO - Setting next_dagrun for example_branch_datetime_operator_2 to 2026-05-23 00:00:00+00:00, run_after=2026-05-24 00:00:00+00:00
[2026-05-24T15:55:47.720+0000] {logging_mixin.py:188} INFO - [2026-05-24T15:55:47.720+0000] {dag.py:3954} INFO - Setting next_dagrun for example_branch_datetime_operator_3 to 2026-05-23 00:00:00+00:00, run_after=2026-05-24 00:00:00+00:00
[2026-05-24T15:55:47.736+0000] {processor.py:183} INFO - Processing /home/varn1t/ml-pipeline/venv/lib/python3.11/site-packages/airflow/example_dags/example_branch_datetime_operator.py took 0.065 seconds
[2026-05-24T15:56:36.025+0000] {processor.py:161} INFO - Started process (PID=9713) to work on /home/varn1t/ml-pipeline/venv/lib/python3.11/site-packages/airflow/example_dags/example_branch_datetime_operator.py
[2026-05-24T15:56:36.026+0000] {processor.py:830} INFO - Processing file /home/varn1t/ml-pipeline/venv/lib/python3.11/site-packages/airflow/example_dags/example_branch_datetime_operator.py for tasks to queue
[2026-05-24T15:56:36.028+0000] {logging_mixin.py:188} INFO - [2026-05-24T15:56:36.027+0000] {dagbag.py:545} INFO - Filling up the DagBag from /home/varn1t/ml-pipeline/venv/lib/python3.11/site-packages/airflow/example_dags/example_branch_datetime_operator.py
[2026-05-24T15:56:36.035+0000] {processor.py:840} INFO - DAG(s) 'example_branch_datetime_operator_3', 'example_branch_datetime_operator_2', 'example_branch_datetime_operator' retrieved from /home/varn1t/ml-pipeline/venv/lib/python3.11/site-packages/airflow/example_dags/example_branch_datetime_operator.py
[2026-05-24T15:56:36.050+0000] {logging_mixin.py:188} INFO - [2026-05-24T15:56:36.050+0000] {dag.py:3096} INFO - Sync 3 DAGs
[2026-05-24T15:56:36.064+0000] {logging_mixin.py:188} INFO - [2026-05-24T15:56:36.064+0000] {dag.py:3954} INFO - Setting next_dagrun for example_branch_datetime_operator to 2026-05-23 00:00:00+00:00, run_after=2026-05-24 00:00:00+00:00
[2026-05-24T15:56:36.067+0000] {logging_mixin.py:188} INFO - [2026-05-24T15:56:36.067+0000] {dag.py:3954} INFO - Setting next_dagrun for example_branch_datetime_operator_2 to 2026-05-23 00:00:00+00:00, run_after=2026-05-24 00:00:00+00:00
[2026-05-24T15:56:36.068+0000] {logging_mixin.py:188} INFO - [2026-05-24T15:56:36.068+0000] {dag.py:3954} INFO - Setting next_dagrun for example_branch_datetime_operator_3 to 2026-05-23 00:00:00+00:00, run_after=2026-05-24 00:00:00+00:00
[2026-05-24T15:56:36.086+0000] {processor.py:183} INFO - Processing /home/varn1t/ml-pipeline/venv/lib/python3.11/site-packages/airflow/example_dags/example_branch_datetime_operator.py took 0.066 seconds
[2026-05-24T15:57:43.361+0000] {processor.py:161} INFO - Started process (PID=10257) to work on /home/varn1t/ml-pipeline/venv/lib/python3.11/site-packages/airflow/example_dags/example_branch_datetime_operator.py
[2026-05-24T15:57:43.362+0000] {processor.py:830} INFO - Processing file /home/varn1t/ml-pipeline/venv/lib/python3.11/site-packages/airflow/example_dags/example_branch_datetime_operator.py for tasks to queue
[2026-05-24T15:57:43.363+0000] {logging_mixin.py:188} INFO - [2026-05-24T15:57:43.363+0000] {dagbag.py:545} INFO - Filling up the DagBag from /home/varn1t/ml-pipeline/venv/lib/python3.11/site-packages/airflow/example_dags/example_branch_datetime_operator.py
[2026-05-24T15:57:43.371+0000] {processor.py:840} INFO - DAG(s) 'example_branch_datetime_operator_2', 'example_branch_datetime_operator_3', 'example_branch_datetime_operator' retrieved from /home/varn1t/ml-pipeline/venv/lib/python3.11/site-packages/airflow/example_dags/example_branch_datetime_operator.py
[2026-05-24T15:57:43.389+0000] {logging_mixin.py:188} INFO - [2026-05-24T15:57:43.388+0000] {dag.py:3096} INFO - Sync 3 DAGs
[2026-05-24T15:57:43.404+0000] {logging_mixin.py:188} INFO - [2026-05-24T15:57:43.404+0000] {dag.py:3954} INFO - Setting next_dagrun for example_branch_datetime_operator to 2026-05-23 00:00:00+00:00, run_after=2026-05-24 00:00:00+00:00
[2026-05-24T15:57:43.407+0000] {logging_mixin.py:188} INFO - [2026-05-24T15:57:43.407+0000] {dag.py:3954} INFO - Setting next_dagrun for example_branch_datetime_operator_2 to 2026-05-23 00:00:00+00:00, run_after=2026-05-24 00:00:00+00:00
[2026-05-24T15:57:43.408+0000] {logging_mixin.py:188} INFO - [2026-05-24T15:57:43.408+0000] {dag.py:3954} INFO - Setting next_dagrun for example_branch_datetime_operator_3 to 2026-05-23 00:00:00+00:00, run_after=2026-05-24 00:00:00+00:00
[2026-05-24T15:57:43.424+0000] {processor.py:183} INFO - Processing /home/varn1t/ml-pipeline/venv/lib/python3.11/site-packages/airflow/example_dags/example_branch_datetime_operator.py took 0.066 seconds
[2026-05-24T15:58:57.010+0000] {processor.py:161} INFO - Started process (PID=10866) to work on /home/varn1t/ml-pipeline/venv/lib/python3.11/site-packages/airflow/example_dags/example_branch_datetime_operator.py
[2026-05-24T15:58:57.012+0000] {processor.py:830} INFO - Processing file /home/varn1t/ml-pipeline/venv/lib/python3.11/site-packages/airflow/example_dags/example_branch_datetime_operator.py for tasks to queue
[2026-05-24T15:58:57.015+0000] {logging_mixin.py:188} INFO - [2026-05-24T15:58:57.015+0000] {dagbag.py:545} INFO - Filling up the DagBag from /home/varn1t/ml-pipeline/venv/lib/python3.11/site-packages/airflow/example_dags/example_branch_datetime_operator.py
[2026-05-24T15:58:57.035+0000] {processor.py:840} INFO - DAG(s) 'example_branch_datetime_operator_2', 'example_branch_datetime_operator_3', 'example_branch_datetime_operator' retrieved from /home/varn1t/ml-pipeline/venv/lib/python3.11/site-packages/airflow/example_dags/example_branch_datetime_operator.py
[2026-05-24T15:58:57.074+0000] {logging_mixin.py:188} INFO - [2026-05-24T15:58:57.074+0000] {dag.py:3096} INFO - Sync 3 DAGs
[2026-05-24T15:58:57.109+0000] {logging_mixin.py:188} INFO - [2026-05-24T15:58:57.109+0000] {dag.py:3954} INFO - Setting next_dagrun for example_branch_datetime_operator to 2026-05-23 00:00:00+00:00, run_after=2026-05-24 00:00:00+00:00
[2026-05-24T15:58:57.122+0000] {logging_mixin.py:188} INFO - [2026-05-24T15:58:57.121+0000] {dag.py:3954} INFO - Setting next_dagrun for example_branch_datetime_operator_2 to 2026-05-23 00:00:00+00:00, run_after=2026-05-24 00:00:00+00:00
[2026-05-24T15:58:57.125+0000] {logging_mixin.py:188} INFO - [2026-05-24T15:58:57.125+0000] {dag.py:3954} INFO - Setting next_dagrun for example_branch_datetime_operator_3 to 2026-05-23 00:00:00+00:00, run_after=2026-05-24 00:00:00+00:00
[2026-05-24T15:58:57.163+0000] {processor.py:183} INFO - Processing /home/varn1t/ml-pipeline/venv/lib/python3.11/site-packages/airflow/example_dags/example_branch_datetime_operator.py took 0.166 seconds
[2026-05-24T15:59:48.503+0000] {processor.py:161} INFO - Started process (PID=11195) to work on /home/varn1t/ml-pipeline/venv/lib/python3.11/site-packages/airflow/example_dags/example_branch_datetime_operator.py
[2026-05-24T15:59:48.504+0000] {processor.py:830} INFO - Processing file /home/varn1t/ml-pipeline/venv/lib/python3.11/site-packages/airflow/example_dags/example_branch_datetime_operator.py for tasks to queue
[2026-05-24T15:59:48.505+0000] {logging_mixin.py:188} INFO - [2026-05-24T15:59:48.505+0000] {dagbag.py:545} INFO - Filling up the DagBag from /home/varn1t/ml-pipeline/venv/lib/python3.11/site-packages/airflow/example_dags/example_branch_datetime_operator.py
[2026-05-24T15:59:48.511+0000] {processor.py:840} INFO - DAG(s) 'example_branch_datetime_operator', 'example_branch_datetime_operator_3', 'example_branch_datetime_operator_2' retrieved from /home/varn1t/ml-pipeline/venv/lib/python3.11/site-packages/airflow/example_dags/example_branch_datetime_operator.py
[2026-05-24T15:59:48.524+0000] {logging_mixin.py:188} INFO - [2026-05-24T15:59:48.524+0000] {dag.py:3096} INFO - Sync 3 DAGs
[2026-05-24T15:59:48.535+0000] {logging_mixin.py:188} INFO - [2026-05-24T15:59:48.535+0000] {dag.py:3954} INFO - Setting next_dagrun for example_branch_datetime_operator to 2026-05-23 00:00:00+00:00, run_after=2026-05-24 00:00:00+00:00
[2026-05-24T15:59:48.537+0000] {logging_mixin.py:188} INFO - [2026-05-24T15:59:48.537+0000] {dag.py:3954} INFO - Setting next_dagrun for example_branch_datetime_operator_2 to 2026-05-23 00:00:00+00:00, run_after=2026-05-24 00:00:00+00:00
[2026-05-24T15:59:48.538+0000] {logging_mixin.py:188} INFO - [2026-05-24T15:59:48.538+0000] {dag.py:3954} INFO - Setting next_dagrun for example_branch_datetime_operator_3 to 2026-05-23 00:00:00+00:00, run_after=2026-05-24 00:00:00+00:00
[2026-05-24T15:59:48.556+0000] {processor.py:183} INFO - Processing /home/varn1t/ml-pipeline/venv/lib/python3.11/site-packages/airflow/example_dags/example_branch_datetime_operator.py took 0.058 seconds
[2026-05-24T16:00:52.005+0000] {processor.py:161} INFO - Started process (PID=11458) to work on /home/varn1t/ml-pipeline/venv/lib/python3.11/site-packages/airflow/example_dags/example_branch_datetime_operator.py
[2026-05-24T16:00:52.006+0000] {processor.py:830} INFO - Processing file /home/varn1t/ml-pipeline/venv/lib/python3.11/site-packages/airflow/example_dags/example_branch_datetime_operator.py for tasks to queue
[2026-05-24T16:00:52.008+0000] {logging_mixin.py:188} INFO - [2026-05-24T16:00:52.007+0000] {dagbag.py:545} INFO - Filling up the DagBag from /home/varn1t/ml-pipeline/venv/lib/python3.11/site-packages/airflow/example_dags/example_branch_datetime_operator.py
[2026-05-24T16:00:52.014+0000] {processor.py:840} INFO - DAG(s) 'example_branch_datetime_operator', 'example_branch_datetime_operator_2', 'example_branch_datetime_operator_3' retrieved from /home/varn1t/ml-pipeline/venv/lib/python3.11/site-packages/airflow/example_dags/example_branch_datetime_operator.py
[2026-05-24T16:00:52.029+0000] {logging_mixin.py:188} INFO - [2026-05-24T16:00:52.029+0000] {dag.py:3096} INFO - Sync 3 DAGs
[2026-05-24T16:00:52.043+0000] {logging_mixin.py:188} INFO - [2026-05-24T16:00:52.043+0000] {dag.py:3954} INFO - Setting next_dagrun for example_branch_datetime_operator to 2026-05-23 00:00:00+00:00, run_after=2026-05-24 00:00:00+00:00
[2026-05-24T16:00:52.045+0000] {logging_mixin.py:188} INFO - [2026-05-24T16:00:52.045+0000] {dag.py:3954} INFO - Setting next_dagrun for example_branch_datetime_operator_2 to 2026-05-23 00:00:00+00:00, run_after=2026-05-24 00:00:00+00:00
[2026-05-24T16:00:52.046+0000] {logging_mixin.py:188} INFO - [2026-05-24T16:00:52.046+0000] {dag.py:3954} INFO - Setting next_dagrun for example_branch_datetime_operator_3 to 2026-05-23 00:00:00+00:00, run_after=2026-05-24 00:00:00+00:00
[2026-05-24T16:00:52.059+0000] {processor.py:183} INFO - Processing /home/varn1t/ml-pipeline/venv/lib/python3.11/site-packages/airflow/example_dags/example_branch_datetime_operator.py took 0.058 seconds
[2026-05-24T16:01:51.238+0000] {processor.py:161} INFO - Started process (PID=11754) to work on /home/varn1t/ml-pipeline/venv/lib/python3.11/site-packages/airflow/example_dags/example_branch_datetime_operator.py
[2026-05-24T16:01:51.239+0000] {processor.py:830} INFO - Processing file /home/varn1t/ml-pipeline/venv/lib/python3.11/site-packages/airflow/example_dags/example_branch_datetime_operator.py for tasks to queue
[2026-05-24T16:01:51.241+0000] {logging_mixin.py:188} INFO - [2026-05-24T16:01:51.240+0000] {dagbag.py:545} INFO - Filling up the DagBag from /home/varn1t/ml-pipeline/venv/lib/python3.11/site-packages/airflow/example_dags/example_branch_datetime_operator.py
[2026-05-24T16:01:51.250+0000] {processor.py:840} INFO - DAG(s) 'example_branch_datetime_operator', 'example_branch_datetime_operator_3', 'example_branch_datetime_operator_2' retrieved from /home/varn1t/ml-pipeline/venv/lib/python3.11/site-packages/airflow/example_dags/example_branch_datetime_operator.py
[2026-05-24T16:01:51.267+0000] {logging_mixin.py:188} INFO - [2026-05-24T16:01:51.267+0000] {dag.py:3096} INFO - Sync 3 DAGs
[2026-05-24T16:01:51.286+0000] {logging_mixin.py:188} INFO - [2026-05-24T16:01:51.285+0000] {dag.py:3954} INFO - Setting next_dagrun for example_branch_datetime_operator to 2026-05-23 00:00:00+00:00, run_after=2026-05-24 00:00:00+00:00
[2026-05-24T16:01:51.289+0000] {logging_mixin.py:188} INFO - [2026-05-24T16:01:51.289+0000] {dag.py:3954} INFO - Setting next_dagrun for example_branch_datetime_operator_2 to 2026-05-23 00:00:00+00:00, run_after=2026-05-24 00:00:00+00:00
[2026-05-24T16:01:51.290+0000] {logging_mixin.py:188} INFO - [2026-05-24T16:01:51.290+0000] {dag.py:3954} INFO - Setting next_dagrun for example_branch_datetime_operator_3 to 2026-05-23 00:00:00+00:00, run_after=2026-05-24 00:00:00+00:00
[2026-05-24T16:01:51.306+0000] {processor.py:183} INFO - Processing /home/varn1t/ml-pipeline/venv/lib/python3.11/site-packages/airflow/example_dags/example_branch_datetime_operator.py took 0.076 seconds
[2026-05-24T16:03:59.527+0000] {processor.py:161} INFO - Started process (PID=14019) to work on /home/varn1t/ml-pipeline/venv/lib/python3.11/site-packages/airflow/example_dags/example_branch_datetime_operator.py
[2026-05-24T16:03:59.528+0000] {processor.py:830} INFO - Processing file /home/varn1t/ml-pipeline/venv/lib/python3.11/site-packages/airflow/example_dags/example_branch_datetime_operator.py for tasks to queue
[2026-05-24T16:03:59.530+0000] {logging_mixin.py:188} INFO - [2026-05-24T16:03:59.530+0000] {dagbag.py:545} INFO - Filling up the DagBag from /home/varn1t/ml-pipeline/venv/lib/python3.11/site-packages/airflow/example_dags/example_branch_datetime_operator.py
[2026-05-24T16:03:59.537+0000] {processor.py:840} INFO - DAG(s) 'example_branch_datetime_operator_3', 'example_branch_datetime_operator_2', 'example_branch_datetime_operator' retrieved from /home/varn1t/ml-pipeline/venv/lib/python3.11/site-packages/airflow/example_dags/example_branch_datetime_operator.py
[2026-05-24T16:03:59.553+0000] {logging_mixin.py:188} INFO - [2026-05-24T16:03:59.553+0000] {dag.py:3096} INFO - Sync 3 DAGs
[2026-05-24T16:03:59.567+0000] {logging_mixin.py:188} INFO - [2026-05-24T16:03:59.567+0000] {dag.py:3954} INFO - Setting next_dagrun for example_branch_datetime_operator to 2026-05-23 00:00:00+00:00, run_after=2026-05-24 00:00:00+00:00
[2026-05-24T16:03:59.569+0000] {logging_mixin.py:188} INFO - [2026-05-24T16:03:59.569+0000] {dag.py:3954} INFO - Setting next_dagrun for example_branch_datetime_operator_2 to 2026-05-23 00:00:00+00:00, run_after=2026-05-24 00:00:00+00:00
[2026-05-24T16:03:59.570+0000] {logging_mixin.py:188} INFO - [2026-05-24T16:03:59.570+0000] {dag.py:3954} INFO - Setting next_dagrun for example_branch_datetime_operator_3 to 2026-05-23 00:00:00+00:00, run_after=2026-05-24 00:00:00+00:00
[2026-05-24T16:03:59.590+0000] {processor.py:183} INFO - Processing /home/varn1t/ml-pipeline/venv/lib/python3.11/site-packages/airflow/example_dags/example_branch_datetime_operator.py took 0.068 seconds
[2026-05-24T16:04:51.040+0000] {processor.py:161} INFO - Started process (PID=14242) to work on /home/varn1t/ml-pipeline/venv/lib/python3.11/site-packages/airflow/example_dags/example_branch_datetime_operator.py
[2026-05-24T16:04:51.041+0000] {processor.py:830} INFO - Processing file /home/varn1t/ml-pipeline/venv/lib/python3.11/site-packages/airflow/example_dags/example_branch_datetime_operator.py for tasks to queue
[2026-05-24T16:04:51.043+0000] {logging_mixin.py:188} INFO - [2026-05-24T16:04:51.043+0000] {dagbag.py:545} INFO - Filling up the DagBag from /home/varn1t/ml-pipeline/venv/lib/python3.11/site-packages/airflow/example_dags/example_branch_datetime_operator.py
[2026-05-24T16:04:51.052+0000] {processor.py:840} INFO - DAG(s) 'example_branch_datetime_operator', 'example_branch_datetime_operator_2', 'example_branch_datetime_operator_3' retrieved from /home/varn1t/ml-pipeline/venv/lib/python3.11/site-packages/airflow/example_dags/example_branch_datetime_operator.py
[2026-05-24T16:04:51.074+0000] {logging_mixin.py:188} INFO - [2026-05-24T16:04:51.074+0000] {dag.py:3096} INFO - Sync 3 DAGs
[2026-05-24T16:04:51.088+0000] {logging_mixin.py:188} INFO - [2026-05-24T16:04:51.088+0000] {dag.py:3954} INFO - Setting next_dagrun for example_branch_datetime_operator to 2026-05-23 00:00:00+00:00, run_after=2026-05-24 00:00:00+00:00
[2026-05-24T16:04:51.091+0000] {logging_mixin.py:188} INFO - [2026-05-24T16:04:51.091+0000] {dag.py:3954} INFO - Setting next_dagrun for example_branch_datetime_operator_2 to 2026-05-23 00:00:00+00:00, run_after=2026-05-24 00:00:00+00:00
[2026-05-24T16:04:51.092+0000] {logging_mixin.py:188} INFO - [2026-05-24T16:04:51.092+0000] {dag.py:3954} INFO - Setting next_dagrun for example_branch_datetime_operator_3 to 2026-05-23 00:00:00+00:00, run_after=2026-05-24 00:00:00+00:00
[2026-05-24T16:04:51.108+0000] {processor.py:183} INFO - Processing /home/varn1t/ml-pipeline/venv/lib/python3.11/site-packages/airflow/example_dags/example_branch_datetime_operator.py took 0.074 seconds
[2026-05-24T16:05:54.418+0000] {processor.py:161} INFO - Started process (PID=14526) to work on /home/varn1t/ml-pipeline/venv/lib/python3.11/site-packages/airflow/example_dags/example_branch_datetime_operator.py
[2026-05-24T16:05:54.419+0000] {processor.py:830} INFO - Processing file /home/varn1t/ml-pipeline/venv/lib/python3.11/site-packages/airflow/example_dags/example_branch_datetime_operator.py for tasks to queue
[2026-05-24T16:05:54.421+0000] {logging_mixin.py:188} INFO - [2026-05-24T16:05:54.420+0000] {dagbag.py:545} INFO - Filling up the DagBag from /home/varn1t/ml-pipeline/venv/lib/python3.11/site-packages/airflow/example_dags/example_branch_datetime_operator.py
[2026-05-24T16:05:54.428+0000] {processor.py:840} INFO - DAG(s) 'example_branch_datetime_operator_2', 'example_branch_datetime_operator', 'example_branch_datetime_operator_3' retrieved from /home/varn1t/ml-pipeline/venv/lib/python3.11/site-packages/airflow/example_dags/example_branch_datetime_operator.py
[2026-05-24T16:05:54.443+0000] {logging_mixin.py:188} INFO - [2026-05-24T16:05:54.443+0000] {dag.py:3096} INFO - Sync 3 DAGs
[2026-05-24T16:05:54.456+0000] {logging_mixin.py:188} INFO - [2026-05-24T16:05:54.455+0000] {dag.py:3954} INFO - Setting next_dagrun for example_branch_datetime_operator to 2026-05-23 00:00:00+00:00, run_after=2026-05-24 00:00:00+00:00
[2026-05-24T16:05:54.458+0000] {logging_mixin.py:188} INFO - [2026-05-24T16:05:54.458+0000] {dag.py:3954} INFO - Setting next_dagrun for example_branch_datetime_operator_2 to 2026-05-23 00:00:00+00:00, run_after=2026-05-24 00:00:00+00:00
[2026-05-24T16:05:54.459+0000] {logging_mixin.py:188} INFO - [2026-05-24T16:05:54.459+0000] {dag.py:3954} INFO - Setting next_dagrun for example_branch_datetime_operator_3 to 2026-05-23 00:00:00+00:00, run_after=2026-05-24 00:00:00+00:00
[2026-05-24T16:05:54.475+0000] {processor.py:183} INFO - Processing /home/varn1t/ml-pipeline/venv/lib/python3.11/site-packages/airflow/example_dags/example_branch_datetime_operator.py took 0.061 seconds
[2026-05-24T16:06:56.301+0000] {processor.py:161} INFO - Started process (PID=14815) to work on /home/varn1t/ml-pipeline/venv/lib/python3.11/site-packages/airflow/example_dags/example_branch_datetime_operator.py
[2026-05-24T16:06:56.302+0000] {processor.py:830} INFO - Processing file /home/varn1t/ml-pipeline/venv/lib/python3.11/site-packages/airflow/example_dags/example_branch_datetime_operator.py for tasks to queue
[2026-05-24T16:06:56.303+0000] {logging_mixin.py:188} INFO - [2026-05-24T16:06:56.303+0000] {dagbag.py:545} INFO - Filling up the DagBag from /home/varn1t/ml-pipeline/venv/lib/python3.11/site-packages/airflow/example_dags/example_branch_datetime_operator.py
[2026-05-24T16:06:56.309+0000] {processor.py:840} INFO - DAG(s) 'example_branch_datetime_operator_2', 'example_branch_datetime_operator_3', 'example_branch_datetime_operator' retrieved from /home/varn1t/ml-pipeline/venv/lib/python3.11/site-packages/airflow/example_dags/example_branch_datetime_operator.py
[2026-05-24T16:06:56.322+0000] {logging_mixin.py:188} INFO - [2026-05-24T16:06:56.322+0000] {dag.py:3096} INFO - Sync 3 DAGs
[2026-05-24T16:06:56.333+0000] {logging_mixin.py:188} INFO - [2026-05-24T16:06:56.333+0000] {dag.py:3954} INFO - Setting next_dagrun for example_branch_datetime_operator to 2026-05-23 00:00:00+00:00, run_after=2026-05-24 00:00:00+00:00
[2026-05-24T16:06:56.335+0000] {logging_mixin.py:188} INFO - [2026-05-24T16:06:56.335+0000] {dag.py:3954} INFO - Setting next_dagrun for example_branch_datetime_operator_2 to 2026-05-23 00:00:00+00:00, run_after=2026-05-24 00:00:00+00:00
[2026-05-24T16:06:56.336+0000] {logging_mixin.py:188} INFO - [2026-05-24T16:06:56.335+0000] {dag.py:3954} INFO - Setting next_dagrun for example_branch_datetime_operator_3 to 2026-05-23 00:00:00+00:00, run_after=2026-05-24 00:00:00+00:00
[2026-05-24T16:06:56.348+0000] {processor.py:183} INFO - Processing /home/varn1t/ml-pipeline/venv/lib/python3.11/site-packages/airflow/example_dags/example_branch_datetime_operator.py took 0.051 seconds
[2026-05-24T16:07:55.568+0000] {processor.py:161} INFO - Started process (PID=15109) to work on /home/varn1t/ml-pipeline/venv/lib/python3.11/site-packages/airflow/example_dags/example_branch_datetime_operator.py
[2026-05-24T16:07:55.568+0000] {processor.py:830} INFO - Processing file /home/varn1t/ml-pipeline/venv/lib/python3.11/site-packages/airflow/example_dags/example_branch_datetime_operator.py for tasks to queue
[2026-05-24T16:07:55.570+0000] {logging_mixin.py:188} INFO - [2026-05-24T16:07:55.569+0000] {dagbag.py:545} INFO - Filling up the DagBag from /home/varn1t/ml-pipeline/venv/lib/python3.11/site-packages/airflow/example_dags/example_branch_datetime_operator.py
[2026-05-24T16:07:55.577+0000] {processor.py:840} INFO - DAG(s) 'example_branch_datetime_operator_2', 'example_branch_datetime_operator_3', 'example_branch_datetime_operator' retrieved from /home/varn1t/ml-pipeline/venv/lib/python3.11/site-packages/airflow/example_dags/example_branch_datetime_operator.py
[2026-05-24T16:07:55.590+0000] {logging_mixin.py:188} INFO - [2026-05-24T16:07:55.589+0000] {dag.py:3096} INFO - Sync 3 DAGs
[2026-05-24T16:07:55.601+0000] {logging_mixin.py:188} INFO - [2026-05-24T16:07:55.601+0000] {dag.py:3954} INFO - Setting next_dagrun for example_branch_datetime_operator to 2026-05-23 00:00:00+00:00, run_after=2026-05-24 00:00:00+00:00
[2026-05-24T16:07:55.603+0000] {logging_mixin.py:188} INFO - [2026-05-24T16:07:55.603+0000] {dag.py:3954} INFO - Setting next_dagrun for example_branch_datetime_operator_2 to 2026-05-23 00:00:00+00:00, run_after=2026-05-24 00:00:00+00:00
[2026-05-24T16:07:55.604+0000] {logging_mixin.py:188} INFO - [2026-05-24T16:07:55.604+0000] {dag.py:3954} INFO - Setting next_dagrun for example_branch_datetime_operator_3 to 2026-05-23 00:00:00+00:00, run_after=2026-05-24 00:00:00+00:00
[2026-05-24T16:07:55.617+0000] {processor.py:183} INFO - Processing /home/varn1t/ml-pipeline/venv/lib/python3.11/site-packages/airflow/example_dags/example_branch_datetime_operator.py took 0.055 seconds
[2026-05-24T16:09:02.171+0000] {processor.py:161} INFO - Started process (PID=15434) to work on /home/varn1t/ml-pipeline/venv/lib/python3.11/site-packages/airflow/example_dags/example_branch_datetime_operator.py
[2026-05-24T16:09:02.172+0000] {processor.py:830} INFO - Processing file /home/varn1t/ml-pipeline/venv/lib/python3.11/site-packages/airflow/example_dags/example_branch_datetime_operator.py for tasks to queue
[2026-05-24T16:09:02.173+0000] {logging_mixin.py:188} INFO - [2026-05-24T16:09:02.173+0000] {dagbag.py:545} INFO - Filling up the DagBag from /home/varn1t/ml-pipeline/venv/lib/python3.11/site-packages/airflow/example_dags/example_branch_datetime_operator.py
[2026-05-24T16:09:02.181+0000] {processor.py:840} INFO - DAG(s) 'example_branch_datetime_operator_3', 'example_branch_datetime_operator', 'example_branch_datetime_operator_2' retrieved from /home/varn1t/ml-pipeline/venv/lib/python3.11/site-packages/airflow/example_dags/example_branch_datetime_operator.py
[2026-05-24T16:09:02.199+0000] {logging_mixin.py:188} INFO - [2026-05-24T16:09:02.199+0000] {dag.py:3096} INFO - Sync 3 DAGs
[2026-05-24T16:09:02.212+0000] {logging_mixin.py:188} INFO - [2026-05-24T16:09:02.212+0000] {dag.py:3954} INFO - Setting next_dagrun for example_branch_datetime_operator to 2026-05-23 00:00:00+00:00, run_after=2026-05-24 00:00:00+00:00
[2026-05-24T16:09:02.215+0000] {logging_mixin.py:188} INFO - [2026-05-24T16:09:02.214+0000] {dag.py:3954} INFO - Setting next_dagrun for example_branch_datetime_operator_2 to 2026-05-23 00:00:00+00:00, run_after=2026-05-24 00:00:00+00:00
[2026-05-24T16:09:02.216+0000] {logging_mixin.py:188} INFO - [2026-05-24T16:09:02.216+0000] {dag.py:3954} INFO - Setting next_dagrun for example_branch_datetime_operator_3 to 2026-05-23 00:00:00+00:00, run_after=2026-05-24 00:00:00+00:00
[2026-05-24T16:09:02.231+0000] {processor.py:183} INFO - Processing /home/varn1t/ml-pipeline/venv/lib/python3.11/site-packages/airflow/example_dags/example_branch_datetime_operator.py took 0.066 seconds
[2026-05-24T16:10:05.477+0000] {processor.py:161} INFO - Started process (PID=15722) to work on /home/varn1t/ml-pipeline/venv/lib/python3.11/site-packages/airflow/example_dags/example_branch_datetime_operator.py
[2026-05-24T16:10:05.478+0000] {processor.py:830} INFO - Processing file /home/varn1t/ml-pipeline/venv/lib/python3.11/site-packages/airflow/example_dags/example_branch_datetime_operator.py for tasks to queue
[2026-05-24T16:10:05.480+0000] {logging_mixin.py:188} INFO - [2026-05-24T16:10:05.479+0000] {dagbag.py:545} INFO - Filling up the DagBag from /home/varn1t/ml-pipeline/venv/lib/python3.11/site-packages/airflow/example_dags/example_branch_datetime_operator.py
[2026-05-24T16:10:05.487+0000] {processor.py:840} INFO - DAG(s) 'example_branch_datetime_operator', 'example_branch_datetime_operator_2', 'example_branch_datetime_operator_3' retrieved from /home/varn1t/ml-pipeline/venv/lib/python3.11/site-packages/airflow/example_dags/example_branch_datetime_operator.py
[2026-05-24T16:10:05.501+0000] {logging_mixin.py:188} INFO - [2026-05-24T16:10:05.501+0000] {dag.py:3096} INFO - Sync 3 DAGs
[2026-05-24T16:10:05.513+0000] {logging_mixin.py:188} INFO - [2026-05-24T16:10:05.512+0000] {dag.py:3954} INFO - Setting next_dagrun for example_branch_datetime_operator to 2026-05-23 00:00:00+00:00, run_after=2026-05-24 00:00:00+00:00
[2026-05-24T16:10:05.515+0000] {logging_mixin.py:188} INFO - [2026-05-24T16:10:05.515+0000] {dag.py:3954} INFO - Setting next_dagrun for example_branch_datetime_operator_2 to 2026-05-23 00:00:00+00:00, run_after=2026-05-24 00:00:00+00:00
[2026-05-24T16:10:05.516+0000] {logging_mixin.py:188} INFO - [2026-05-24T16:10:05.516+0000] {dag.py:3954} INFO - Setting next_dagrun for example_branch_datetime_operator_3 to 2026-05-23 00:00:00+00:00, run_after=2026-05-24 00:00:00+00:00
[2026-05-24T16:10:05.533+0000] {processor.py:183} INFO - Processing /home/varn1t/ml-pipeline/venv/lib/python3.11/site-packages/airflow/example_dags/example_branch_datetime_operator.py took 0.061 seconds
[2026-05-24T16:11:08.743+0000] {processor.py:161} INFO - Started process (PID=15984) to work on /home/varn1t/ml-pipeline/venv/lib/python3.11/site-packages/airflow/example_dags/example_branch_datetime_operator.py
[2026-05-24T16:11:08.744+0000] {processor.py:830} INFO - Processing file /home/varn1t/ml-pipeline/venv/lib/python3.11/site-packages/airflow/example_dags/example_branch_datetime_operator.py for tasks to queue
[2026-05-24T16:11:08.745+0000] {logging_mixin.py:188} INFO - [2026-05-24T16:11:08.745+0000] {dagbag.py:545} INFO - Filling up the DagBag from /home/varn1t/ml-pipeline/venv/lib/python3.11/site-packages/airflow/example_dags/example_branch_datetime_operator.py
[2026-05-24T16:11:08.751+0000] {processor.py:840} INFO - DAG(s) 'example_branch_datetime_operator_3', 'example_branch_datetime_operator', 'example_branch_datetime_operator_2' retrieved from /home/varn1t/ml-pipeline/venv/lib/python3.11/site-packages/airflow/example_dags/example_branch_datetime_operator.py
[2026-05-24T16:11:08.762+0000] {logging_mixin.py:188} INFO - [2026-05-24T16:11:08.762+0000] {dag.py:3096} INFO - Sync 3 DAGs
[2026-05-24T16:11:08.774+0000] {logging_mixin.py:188} INFO - [2026-05-24T16:11:08.774+0000] {dag.py:3954} INFO - Setting next_dagrun for example_branch_datetime_operator to 2026-05-23 00:00:00+00:00, run_after=2026-05-24 00:00:00+00:00
[2026-05-24T16:11:08.776+0000] {logging_mixin.py:188} INFO - [2026-05-24T16:11:08.776+0000] {dag.py:3954} INFO - Setting next_dagrun for example_branch_datetime_operator_2 to 2026-05-23 00:00:00+00:00, run_after=2026-05-24 00:00:00+00:00
[2026-05-24T16:11:08.777+0000] {logging_mixin.py:188} INFO - [2026-05-24T16:11:08.777+0000] {dag.py:3954} INFO - Setting next_dagrun for example_branch_datetime_operator_3 to 2026-05-23 00:00:00+00:00, run_after=2026-05-24 00:00:00+00:00
[2026-05-24T16:11:08.789+0000] {processor.py:183} INFO - Processing /home/varn1t/ml-pipeline/venv/lib/python3.11/site-packages/airflow/example_dags/example_branch_datetime_operator.py took 0.049 seconds
[2026-05-24T16:12:15.950+0000] {processor.py:161} INFO - Started process (PID=16309) to work on /home/varn1t/ml-pipeline/venv/lib/python3.11/site-packages/airflow/example_dags/example_branch_datetime_operator.py
[2026-05-24T16:12:15.951+0000] {processor.py:830} INFO - Processing file /home/varn1t/ml-pipeline/venv/lib/python3.11/site-packages/airflow/example_dags/example_branch_datetime_operator.py for tasks to queue
[2026-05-24T16:12:15.953+0000] {logging_mixin.py:188} INFO - [2026-05-24T16:12:15.952+0000] {dagbag.py:545} INFO - Filling up the DagBag from /home/varn1t/ml-pipeline/venv/lib/python3.11/site-packages/airflow/example_dags/example_branch_datetime_operator.py
[2026-05-24T16:12:15.961+0000] {processor.py:840} INFO - DAG(s) 'example_branch_datetime_operator_3', 'example_branch_datetime_operator', 'example_branch_datetime_operator_2' retrieved from /home/varn1t/ml-pipeline/venv/lib/python3.11/site-packages/airflow/example_dags/example_branch_datetime_operator.py
[2026-05-24T16:12:15.977+0000] {logging_mixin.py:188} INFO - [2026-05-24T16:12:15.977+0000] {dag.py:3096} INFO - Sync 3 DAGs
[2026-05-24T16:12:15.992+0000] {logging_mixin.py:188} INFO - [2026-05-24T16:12:15.992+0000] {dag.py:3954} INFO - Setting next_dagrun for example_branch_datetime_operator to 2026-05-23 00:00:00+00:00, run_after=2026-05-24 00:00:00+00:00
[2026-05-24T16:12:15.995+0000] {logging_mixin.py:188} INFO - [2026-05-24T16:12:15.995+0000] {dag.py:3954} INFO - Setting next_dagrun for example_branch_datetime_operator_2 to 2026-05-23 00:00:00+00:00, run_after=2026-05-24 00:00:00+00:00
[2026-05-24T16:12:15.996+0000] {logging_mixin.py:188} INFO - [2026-05-24T16:12:15.996+0000] {dag.py:3954} INFO - Setting next_dagrun for example_branch_datetime_operator_3 to 2026-05-23 00:00:00+00:00, run_after=2026-05-24 00:00:00+00:00
[2026-05-24T16:12:16.013+0000] {processor.py:183} INFO - Processing /home/varn1t/ml-pipeline/venv/lib/python3.11/site-packages/airflow/example_dags/example_branch_datetime_operator.py took 0.069 seconds
[2026-05-24T16:13:18.564+0000] {processor.py:161} INFO - Started process (PID=16576) to work on /home/varn1t/ml-pipeline/venv/lib/python3.11/site-packages/airflow/example_dags/example_branch_datetime_operator.py
[2026-05-24T16:13:18.565+0000] {processor.py:830} INFO - Processing file /home/varn1t/ml-pipeline/venv/lib/python3.11/site-packages/airflow/example_dags/example_branch_datetime_operator.py for tasks to queue
[2026-05-24T16:13:18.567+0000] {logging_mixin.py:188} INFO - [2026-05-24T16:13:18.567+0000] {dagbag.py:545} INFO - Filling up the DagBag from /home/varn1t/ml-pipeline/venv/lib/python3.11/site-packages/airflow/example_dags/example_branch_datetime_operator.py
[2026-05-24T16:13:18.576+0000] {processor.py:840} INFO - DAG(s) 'example_branch_datetime_operator', 'example_branch_datetime_operator_3', 'example_branch_datetime_operator_2' retrieved from /home/varn1t/ml-pipeline/venv/lib/python3.11/site-packages/airflow/example_dags/example_branch_datetime_operator.py
[2026-05-24T16:13:18.590+0000] {logging_mixin.py:188} INFO - [2026-05-24T16:13:18.590+0000] {dag.py:3096} INFO - Sync 3 DAGs
[2026-05-24T16:13:18.604+0000] {logging_mixin.py:188} INFO - [2026-05-24T16:13:18.604+0000] {dag.py:3954} INFO - Setting next_dagrun for example_branch_datetime_operator to 2026-05-23 00:00:00+00:00, run_after=2026-05-24 00:00:00+00:00
[2026-05-24T16:13:18.606+0000] {logging_mixin.py:188} INFO - [2026-05-24T16:13:18.606+0000] {dag.py:3954} INFO - Setting next_dagrun for example_branch_datetime_operator_2 to 2026-05-23 00:00:00+00:00, run_after=2026-05-24 00:00:00+00:00
[2026-05-24T16:13:18.607+0000] {logging_mixin.py:188} INFO - [2026-05-24T16:13:18.607+0000] {dag.py:3954} INFO - Setting next_dagrun for example_branch_datetime_operator_3 to 2026-05-23 00:00:00+00:00, run_after=2026-05-24 00:00:00+00:00
[2026-05-24T16:13:18.622+0000] {processor.py:183} INFO - Processing /home/varn1t/ml-pipeline/venv/lib/python3.11/site-packages/airflow/example_dags/example_branch_datetime_operator.py took 0.062 seconds
[2026-05-24T16:14:24.669+0000] {processor.py:161} INFO - Started process (PID=16867) to work on /home/varn1t/ml-pipeline/venv/lib/python3.11/site-packages/airflow/example_dags/example_branch_datetime_operator.py
[2026-05-24T16:14:24.670+0000] {processor.py:830} INFO - Processing file /home/varn1t/ml-pipeline/venv/lib/python3.11/site-packages/airflow/example_dags/example_branch_datetime_operator.py for tasks to queue
[2026-05-24T16:14:24.671+0000] {logging_mixin.py:188} INFO - [2026-05-24T16:14:24.671+0000] {dagbag.py:545} INFO - Filling up the DagBag from /home/varn1t/ml-pipeline/venv/lib/python3.11/site-packages/airflow/example_dags/example_branch_datetime_operator.py
[2026-05-24T16:14:24.678+0000] {processor.py:840} INFO - DAG(s) 'example_branch_datetime_operator', 'example_branch_datetime_operator_3', 'example_branch_datetime_operator_2' retrieved from /home/varn1t/ml-pipeline/venv/lib/python3.11/site-packages/airflow/example_dags/example_branch_datetime_operator.py
[2026-05-24T16:14:24.695+0000] {logging_mixin.py:188} INFO - [2026-05-24T16:14:24.695+0000] {dag.py:3096} INFO - Sync 3 DAGs
[2026-05-24T16:14:24.708+0000] {logging_mixin.py:188} INFO - [2026-05-24T16:14:24.707+0000] {dag.py:3954} INFO - Setting next_dagrun for example_branch_datetime_operator to 2026-05-23 00:00:00+00:00, run_after=2026-05-24 00:00:00+00:00
[2026-05-24T16:14:24.711+0000] {logging_mixin.py:188} INFO - [2026-05-24T16:14:24.711+0000] {dag.py:3954} INFO - Setting next_dagrun for example_branch_datetime_operator_2 to 2026-05-23 00:00:00+00:00, run_after=2026-05-24 00:00:00+00:00
[2026-05-24T16:14:24.712+0000] {logging_mixin.py:188} INFO - [2026-05-24T16:14:24.712+0000] {dag.py:3954} INFO - Setting next_dagrun for example_branch_datetime_operator_3 to 2026-05-23 00:00:00+00:00, run_after=2026-05-24 00:00:00+00:00
[2026-05-24T16:14:24.727+0000] {processor.py:183} INFO - Processing /home/varn1t/ml-pipeline/venv/lib/python3.11/site-packages/airflow/example_dags/example_branch_datetime_operator.py took 0.063 seconds
[2026-05-24T16:15:26.913+0000] {processor.py:161} INFO - Started process (PID=17137) to work on /home/varn1t/ml-pipeline/venv/lib/python3.11/site-packages/airflow/example_dags/example_branch_datetime_operator.py
[2026-05-24T16:15:26.914+0000] {processor.py:830} INFO - Processing file /home/varn1t/ml-pipeline/venv/lib/python3.11/site-packages/airflow/example_dags/example_branch_datetime_operator.py for tasks to queue
[2026-05-24T16:15:26.915+0000] {logging_mixin.py:188} INFO - [2026-05-24T16:15:26.915+0000] {dagbag.py:545} INFO - Filling up the DagBag from /home/varn1t/ml-pipeline/venv/lib/python3.11/site-packages/airflow/example_dags/example_branch_datetime_operator.py
[2026-05-24T16:15:26.922+0000] {processor.py:840} INFO - DAG(s) 'example_branch_datetime_operator', 'example_branch_datetime_operator_3', 'example_branch_datetime_operator_2' retrieved from /home/varn1t/ml-pipeline/venv/lib/python3.11/site-packages/airflow/example_dags/example_branch_datetime_operator.py
[2026-05-24T16:15:26.938+0000] {logging_mixin.py:188} INFO - [2026-05-24T16:15:26.937+0000] {dag.py:3096} INFO - Sync 3 DAGs
[2026-05-24T16:15:26.950+0000] {logging_mixin.py:188} INFO - [2026-05-24T16:15:26.950+0000] {dag.py:3954} INFO - Setting next_dagrun for example_branch_datetime_operator to 2026-05-23 00:00:00+00:00, run_after=2026-05-24 00:00:00+00:00
[2026-05-24T16:15:26.954+0000] {logging_mixin.py:188} INFO - [2026-05-24T16:15:26.954+0000] {dag.py:3954} INFO - Setting next_dagrun for example_branch_datetime_operator_2 to 2026-05-23 00:00:00+00:00, run_after=2026-05-24 00:00:00+00:00
[2026-05-24T16:15:26.955+0000] {logging_mixin.py:188} INFO - [2026-05-24T16:15:26.955+0000] {dag.py:3954} INFO - Setting next_dagrun for example_branch_datetime_operator_3 to 2026-05-23 00:00:00+00:00, run_after=2026-05-24 00:00:00+00:00
[2026-05-24T16:15:26.972+0000] {processor.py:183} INFO - Processing /home/varn1t/ml-pipeline/venv/lib/python3.11/site-packages/airflow/example_dags/example_branch_datetime_operator.py took 0.064 seconds
[2026-05-24T16:16:29.512+0000] {processor.py:161} INFO - Started process (PID=17441) to work on /home/varn1t/ml-pipeline/venv/lib/python3.11/site-packages/airflow/example_dags/example_branch_datetime_operator.py
[2026-05-24T16:16:29.513+0000] {processor.py:830} INFO - Processing file /home/varn1t/ml-pipeline/venv/lib/python3.11/site-packages/airflow/example_dags/example_branch_datetime_operator.py for tasks to queue
[2026-05-24T16:16:29.515+0000] {logging_mixin.py:188} INFO - [2026-05-24T16:16:29.515+0000] {dagbag.py:545} INFO - Filling up the DagBag from /home/varn1t/ml-pipeline/venv/lib/python3.11/site-packages/airflow/example_dags/example_branch_datetime_operator.py
[2026-05-24T16:16:29.523+0000] {processor.py:840} INFO - DAG(s) 'example_branch_datetime_operator_2', 'example_branch_datetime_operator', 'example_branch_datetime_operator_3' retrieved from /home/varn1t/ml-pipeline/venv/lib/python3.11/site-packages/airflow/example_dags/example_branch_datetime_operator.py
[2026-05-24T16:16:29.541+0000] {logging_mixin.py:188} INFO - [2026-05-24T16:16:29.541+0000] {dag.py:3096} INFO - Sync 3 DAGs
[2026-05-24T16:16:29.556+0000] {logging_mixin.py:188} INFO - [2026-05-24T16:16:29.556+0000] {dag.py:3954} INFO - Setting next_dagrun for example_branch_datetime_operator to 2026-05-23 00:00:00+00:00, run_after=2026-05-24 00:00:00+00:00
[2026-05-24T16:16:29.559+0000] {logging_mixin.py:188} INFO - [2026-05-24T16:16:29.559+0000] {dag.py:3954} INFO - Setting next_dagrun for example_branch_datetime_operator_2 to 2026-05-23 00:00:00+00:00, run_after=2026-05-24 00:00:00+00:00
[2026-05-24T16:16:29.560+0000] {logging_mixin.py:188} INFO - [2026-05-24T16:16:29.560+0000] {dag.py:3954} INFO - Setting next_dagrun for example_branch_datetime_operator_3 to 2026-05-23 00:00:00+00:00, run_after=2026-05-24 00:00:00+00:00
[2026-05-24T16:16:29.578+0000] {processor.py:183} INFO - Processing /home/varn1t/ml-pipeline/venv/lib/python3.11/site-packages/airflow/example_dags/example_branch_datetime_operator.py took 0.071 seconds
[2026-05-24T16:17:31.386+0000] {processor.py:161} INFO - Started process (PID=17707) to work on /home/varn1t/ml-pipeline/venv/lib/python3.11/site-packages/airflow/example_dags/example_branch_datetime_operator.py
[2026-05-24T16:17:31.387+0000] {processor.py:830} INFO - Processing file /home/varn1t/ml-pipeline/venv/lib/python3.11/site-packages/airflow/example_dags/example_branch_datetime_operator.py for tasks to queue
[2026-05-24T16:17:31.389+0000] {logging_mixin.py:188} INFO - [2026-05-24T16:17:31.388+0000] {dagbag.py:545} INFO - Filling up the DagBag from /home/varn1t/ml-pipeline/venv/lib/python3.11/site-packages/airflow/example_dags/example_branch_datetime_operator.py
[2026-05-24T16:17:31.396+0000] {processor.py:840} INFO - DAG(s) 'example_branch_datetime_operator_3', 'example_branch_datetime_operator_2', 'example_branch_datetime_operator' retrieved from /home/varn1t/ml-pipeline/venv/lib/python3.11/site-packages/airflow/example_dags/example_branch_datetime_operator.py
[2026-05-24T16:17:31.411+0000] {logging_mixin.py:188} INFO - [2026-05-24T16:17:31.410+0000] {dag.py:3096} INFO - Sync 3 DAGs
[2026-05-24T16:17:31.422+0000] {logging_mixin.py:188} INFO - [2026-05-24T16:17:31.422+0000] {dag.py:3954} INFO - Setting next_dagrun for example_branch_datetime_operator to 2026-05-23 00:00:00+00:00, run_after=2026-05-24 00:00:00+00:00
[2026-05-24T16:17:31.425+0000] {logging_mixin.py:188} INFO - [2026-05-24T16:17:31.425+0000] {dag.py:3954} INFO - Setting next_dagrun for example_branch_datetime_operator_2 to 2026-05-23 00:00:00+00:00, run_after=2026-05-24 00:00:00+00:00
[2026-05-24T16:17:31.426+0000] {logging_mixin.py:188} INFO - [2026-05-24T16:17:31.426+0000] {dag.py:3954} INFO - Setting next_dagrun for example_branch_datetime_operator_3 to 2026-05-23 00:00:00+00:00, run_after=2026-05-24 00:00:00+00:00
[2026-05-24T16:17:31.442+0000] {processor.py:183} INFO - Processing /home/varn1t/ml-pipeline/venv/lib/python3.11/site-packages/airflow/example_dags/example_branch_datetime_operator.py took 0.061 seconds
[2026-05-24T16:18:30.867+0000] {processor.py:161} INFO - Started process (PID=18192) to work on /home/varn1t/ml-pipeline/venv/lib/python3.11/site-packages/airflow/example_dags/example_branch_datetime_operator.py
[2026-05-24T16:18:30.867+0000] {processor.py:830} INFO - Processing file /home/varn1t/ml-pipeline/venv/lib/python3.11/site-packages/airflow/example_dags/example_branch_datetime_operator.py for tasks to queue
[2026-05-24T16:18:30.869+0000] {logging_mixin.py:188} INFO - [2026-05-24T16:18:30.869+0000] {dagbag.py:545} INFO - Filling up the DagBag from /home/varn1t/ml-pipeline/venv/lib/python3.11/site-packages/airflow/example_dags/example_branch_datetime_operator.py
[2026-05-24T16:18:30.876+0000] {processor.py:840} INFO - DAG(s) 'example_branch_datetime_operator_2', 'example_branch_datetime_operator', 'example_branch_datetime_operator_3' retrieved from /home/varn1t/ml-pipeline/venv/lib/python3.11/site-packages/airflow/example_dags/example_branch_datetime_operator.py
[2026-05-24T16:18:30.892+0000] {logging_mixin.py:188} INFO - [2026-05-24T16:18:30.892+0000] {dag.py:3096} INFO - Sync 3 DAGs
[2026-05-24T16:18:30.906+0000] {logging_mixin.py:188} INFO - [2026-05-24T16:18:30.906+0000] {dag.py:3954} INFO - Setting next_dagrun for example_branch_datetime_operator to 2026-05-23 00:00:00+00:00, run_after=2026-05-24 00:00:00+00:00
[2026-05-24T16:18:30.909+0000] {logging_mixin.py:188} INFO - [2026-05-24T16:18:30.909+0000] {dag.py:3954} INFO - Setting next_dagrun for example_branch_datetime_operator_2 to 2026-05-23 00:00:00+00:00, run_after=2026-05-24 00:00:00+00:00
[2026-05-24T16:18:30.910+0000] {logging_mixin.py:188} INFO - [2026-05-24T16:18:30.910+0000] {dag.py:3954} INFO - Setting next_dagrun for example_branch_datetime_operator_3 to 2026-05-23 00:00:00+00:00, run_after=2026-05-24 00:00:00+00:00
[2026-05-24T16:18:30.927+0000] {processor.py:183} INFO - Processing /home/varn1t/ml-pipeline/venv/lib/python3.11/site-packages/airflow/example_dags/example_branch_datetime_operator.py took 0.066 seconds
[2026-05-24T16:19:37.833+0000] {processor.py:161} INFO - Started process (PID=18767) to work on /home/varn1t/ml-pipeline/venv/lib/python3.11/site-packages/airflow/example_dags/example_branch_datetime_operator.py
[2026-05-24T16:19:37.834+0000] {processor.py:830} INFO - Processing file /home/varn1t/ml-pipeline/venv/lib/python3.11/site-packages/airflow/example_dags/example_branch_datetime_operator.py for tasks to queue
[2026-05-24T16:19:37.835+0000] {logging_mixin.py:188} INFO - [2026-05-24T16:19:37.835+0000] {dagbag.py:545} INFO - Filling up the DagBag from /home/varn1t/ml-pipeline/venv/lib/python3.11/site-packages/airflow/example_dags/example_branch_datetime_operator.py
[2026-05-24T16:19:37.842+0000] {processor.py:840} INFO - DAG(s) 'example_branch_datetime_operator_2', 'example_branch_datetime_operator', 'example_branch_datetime_operator_3' retrieved from /home/varn1t/ml-pipeline/venv/lib/python3.11/site-packages/airflow/example_dags/example_branch_datetime_operator.py
[2026-05-24T16:19:37.855+0000] {logging_mixin.py:188} INFO - [2026-05-24T16:19:37.855+0000] {dag.py:3096} INFO - Sync 3 DAGs
[2026-05-24T16:19:37.871+0000] {logging_mixin.py:188} INFO - [2026-05-24T16:19:37.871+0000] {dag.py:3954} INFO - Setting next_dagrun for example_branch_datetime_operator to 2026-05-23 00:00:00+00:00, run_after=2026-05-24 00:00:00+00:00
[2026-05-24T16:19:37.874+0000] {logging_mixin.py:188} INFO - [2026-05-24T16:19:37.874+0000] {dag.py:3954} INFO - Setting next_dagrun for example_branch_datetime_operator_2 to 2026-05-23 00:00:00+00:00, run_after=2026-05-24 00:00:00+00:00
[2026-05-24T16:19:37.875+0000] {logging_mixin.py:188} INFO - [2026-05-24T16:19:37.875+0000] {dag.py:3954} INFO - Setting next_dagrun for example_branch_datetime_operator_3 to 2026-05-23 00:00:00+00:00, run_after=2026-05-24 00:00:00+00:00
[2026-05-24T16:19:37.895+0000] {processor.py:183} INFO - Processing /home/varn1t/ml-pipeline/venv/lib/python3.11/site-packages/airflow/example_dags/example_branch_datetime_operator.py took 0.066 seconds
[2026-05-24T16:20:42.351+0000] {processor.py:161} INFO - Started process (PID=19395) to work on /home/varn1t/ml-pipeline/venv/lib/python3.11/site-packages/airflow/example_dags/example_branch_datetime_operator.py
[2026-05-24T16:20:42.351+0000] {processor.py:830} INFO - Processing file /home/varn1t/ml-pipeline/venv/lib/python3.11/site-packages/airflow/example_dags/example_branch_datetime_operator.py for tasks to queue
[2026-05-24T16:20:42.353+0000] {logging_mixin.py:188} INFO - [2026-05-24T16:20:42.352+0000] {dagbag.py:545} INFO - Filling up the DagBag from /home/varn1t/ml-pipeline/venv/lib/python3.11/site-packages/airflow/example_dags/example_branch_datetime_operator.py
[2026-05-24T16:20:42.359+0000] {processor.py:840} INFO - DAG(s) 'example_branch_datetime_operator_2', 'example_branch_datetime_operator', 'example_branch_datetime_operator_3' retrieved from /home/varn1t/ml-pipeline/venv/lib/python3.11/site-packages/airflow/example_dags/example_branch_datetime_operator.py
[2026-05-24T16:20:42.370+0000] {logging_mixin.py:188} INFO - [2026-05-24T16:20:42.370+0000] {dag.py:3096} INFO - Sync 3 DAGs
[2026-05-24T16:20:42.382+0000] {logging_mixin.py:188} INFO - [2026-05-24T16:20:42.382+0000] {dag.py:3954} INFO - Setting next_dagrun for example_branch_datetime_operator to 2026-05-23 00:00:00+00:00, run_after=2026-05-24 00:00:00+00:00
[2026-05-24T16:20:42.384+0000] {logging_mixin.py:188} INFO - [2026-05-24T16:20:42.384+0000] {dag.py:3954} INFO - Setting next_dagrun for example_branch_datetime_operator_2 to 2026-05-23 00:00:00+00:00, run_after=2026-05-24 00:00:00+00:00
[2026-05-24T16:20:42.385+0000] {logging_mixin.py:188} INFO - [2026-05-24T16:20:42.385+0000] {dag.py:3954} INFO - Setting next_dagrun for example_branch_datetime_operator_3 to 2026-05-23 00:00:00+00:00, run_after=2026-05-24 00:00:00+00:00
[2026-05-24T16:20:42.398+0000] {processor.py:183} INFO - Processing /home/varn1t/ml-pipeline/venv/lib/python3.11/site-packages/airflow/example_dags/example_branch_datetime_operator.py took 0.052 seconds
[2026-05-24T16:21:45.158+0000] {processor.py:161} INFO - Started process (PID=19804) to work on /home/varn1t/ml-pipeline/venv/lib/python3.11/site-packages/airflow/example_dags/example_branch_datetime_operator.py
[2026-05-24T16:21:45.158+0000] {processor.py:830} INFO - Processing file /home/varn1t/ml-pipeline/venv/lib/python3.11/site-packages/airflow/example_dags/example_branch_datetime_operator.py for tasks to queue
[2026-05-24T16:21:45.160+0000] {logging_mixin.py:188} INFO - [2026-05-24T16:21:45.160+0000] {dagbag.py:545} INFO - Filling up the DagBag from /home/varn1t/ml-pipeline/venv/lib/python3.11/site-packages/airflow/example_dags/example_branch_datetime_operator.py
[2026-05-24T16:21:45.166+0000] {processor.py:840} INFO - DAG(s) 'example_branch_datetime_operator_2', 'example_branch_datetime_operator_3', 'example_branch_datetime_operator' retrieved from /home/varn1t/ml-pipeline/venv/lib/python3.11/site-packages/airflow/example_dags/example_branch_datetime_operator.py
[2026-05-24T16:21:45.180+0000] {logging_mixin.py:188} INFO - [2026-05-24T16:21:45.180+0000] {dag.py:3096} INFO - Sync 3 DAGs
[2026-05-24T16:21:45.193+0000] {logging_mixin.py:188} INFO - [2026-05-24T16:21:45.193+0000] {dag.py:3954} INFO - Setting next_dagrun for example_branch_datetime_operator to 2026-05-23 00:00:00+00:00, run_after=2026-05-24 00:00:00+00:00
[2026-05-24T16:21:45.195+0000] {logging_mixin.py:188} INFO - [2026-05-24T16:21:45.195+0000] {dag.py:3954} INFO - Setting next_dagrun for example_branch_datetime_operator_2 to 2026-05-23 00:00:00+00:00, run_after=2026-05-24 00:00:00+00:00
[2026-05-24T16:21:45.196+0000] {logging_mixin.py:188} INFO - [2026-05-24T16:21:45.196+0000] {dag.py:3954} INFO - Setting next_dagrun for example_branch_datetime_operator_3 to 2026-05-23 00:00:00+00:00, run_after=2026-05-24 00:00:00+00:00
[2026-05-24T16:21:45.212+0000] {processor.py:183} INFO - Processing /home/varn1t/ml-pipeline/venv/lib/python3.11/site-packages/airflow/example_dags/example_branch_datetime_operator.py took 0.060 seconds
[2026-05-24T16:22:48.193+0000] {processor.py:161} INFO - Started process (PID=20175) to work on /home/varn1t/ml-pipeline/venv/lib/python3.11/site-packages/airflow/example_dags/example_branch_datetime_operator.py
[2026-05-24T16:22:48.194+0000] {processor.py:830} INFO - Processing file /home/varn1t/ml-pipeline/venv/lib/python3.11/site-packages/airflow/example_dags/example_branch_datetime_operator.py for tasks to queue
[2026-05-24T16:22:48.195+0000] {logging_mixin.py:188} INFO - [2026-05-24T16:22:48.195+0000] {dagbag.py:545} INFO - Filling up the DagBag from /home/varn1t/ml-pipeline/venv/lib/python3.11/site-packages/airflow/example_dags/example_branch_datetime_operator.py
[2026-05-24T16:22:48.201+0000] {processor.py:840} INFO - DAG(s) 'example_branch_datetime_operator', 'example_branch_datetime_operator_3', 'example_branch_datetime_operator_2' retrieved from /home/varn1t/ml-pipeline/venv/lib/python3.11/site-packages/airflow/example_dags/example_branch_datetime_operator.py
[2026-05-24T16:22:48.216+0000] {logging_mixin.py:188} INFO - [2026-05-24T16:22:48.216+0000] {dag.py:3096} INFO - Sync 3 DAGs
[2026-05-24T16:22:48.228+0000] {logging_mixin.py:188} INFO - [2026-05-24T16:22:48.228+0000] {dag.py:3954} INFO - Setting next_dagrun for example_branch_datetime_operator to 2026-05-23 00:00:00+00:00, run_after=2026-05-24 00:00:00+00:00
[2026-05-24T16:22:48.230+0000] {logging_mixin.py:188} INFO - [2026-05-24T16:22:48.230+0000] {dag.py:3954} INFO - Setting next_dagrun for example_branch_datetime_operator_2 to 2026-05-23 00:00:00+00:00, run_after=2026-05-24 00:00:00+00:00
[2026-05-24T16:22:48.231+0000] {logging_mixin.py:188} INFO - [2026-05-24T16:22:48.231+0000] {dag.py:3954} INFO - Setting next_dagrun for example_branch_datetime_operator_3 to 2026-05-23 00:00:00+00:00, run_after=2026-05-24 00:00:00+00:00
[2026-05-24T16:22:48.245+0000] {processor.py:183} INFO - Processing /home/varn1t/ml-pipeline/venv/lib/python3.11/site-packages/airflow/example_dags/example_branch_datetime_operator.py took 0.057 seconds
[2026-05-24T16:23:46.641+0000] {processor.py:161} INFO - Started process (PID=20422) to work on /home/varn1t/ml-pipeline/venv/lib/python3.11/site-packages/airflow/example_dags/example_branch_datetime_operator.py
[2026-05-24T16:23:46.642+0000] {processor.py:830} INFO - Processing file /home/varn1t/ml-pipeline/venv/lib/python3.11/site-packages/airflow/example_dags/example_branch_datetime_operator.py for tasks to queue
[2026-05-24T16:23:46.643+0000] {logging_mixin.py:188} INFO - [2026-05-24T16:23:46.643+0000] {dagbag.py:545} INFO - Filling up the DagBag from /home/varn1t/ml-pipeline/venv/lib/python3.11/site-packages/airflow/example_dags/example_branch_datetime_operator.py
[2026-05-24T16:23:46.650+0000] {processor.py:840} INFO - DAG(s) 'example_branch_datetime_operator_2', 'example_branch_datetime_operator_3', 'example_branch_datetime_operator' retrieved from /home/varn1t/ml-pipeline/venv/lib/python3.11/site-packages/airflow/example_dags/example_branch_datetime_operator.py
[2026-05-24T16:23:46.665+0000] {logging_mixin.py:188} INFO - [2026-05-24T16:23:46.665+0000] {dag.py:3096} INFO - Sync 3 DAGs
[2026-05-24T16:23:46.683+0000] {logging_mixin.py:188} INFO - [2026-05-24T16:23:46.683+0000] {dag.py:3954} INFO - Setting next_dagrun for example_branch_datetime_operator to 2026-05-23 00:00:00+00:00, run_after=2026-05-24 00:00:00+00:00
[2026-05-24T16:23:46.689+0000] {logging_mixin.py:188} INFO - [2026-05-24T16:23:46.688+0000] {dag.py:3954} INFO - Setting next_dagrun for example_branch_datetime_operator_2 to 2026-05-23 00:00:00+00:00, run_after=2026-05-24 00:00:00+00:00
[2026-05-24T16:23:46.690+0000] {logging_mixin.py:188} INFO - [2026-05-24T16:23:46.690+0000] {dag.py:3954} INFO - Setting next_dagrun for example_branch_datetime_operator_3 to 2026-05-23 00:00:00+00:00, run_after=2026-05-24 00:00:00+00:00
[2026-05-24T16:23:46.717+0000] {processor.py:183} INFO - Processing /home/varn1t/ml-pipeline/venv/lib/python3.11/site-packages/airflow/example_dags/example_branch_datetime_operator.py took 0.081 seconds
[2026-05-24T16:24:53.708+0000] {processor.py:161} INFO - Started process (PID=20719) to work on /home/varn1t/ml-pipeline/venv/lib/python3.11/site-packages/airflow/example_dags/example_branch_datetime_operator.py
[2026-05-24T16:24:53.709+0000] {processor.py:830} INFO - Processing file /home/varn1t/ml-pipeline/venv/lib/python3.11/site-packages/airflow/example_dags/example_branch_datetime_operator.py for tasks to queue
[2026-05-24T16:24:53.710+0000] {logging_mixin.py:188} INFO - [2026-05-24T16:24:53.710+0000] {dagbag.py:545} INFO - Filling up the DagBag from /home/varn1t/ml-pipeline/venv/lib/python3.11/site-packages/airflow/example_dags/example_branch_datetime_operator.py
[2026-05-24T16:24:53.716+0000] {processor.py:840} INFO - DAG(s) 'example_branch_datetime_operator', 'example_branch_datetime_operator_2', 'example_branch_datetime_operator_3' retrieved from /home/varn1t/ml-pipeline/venv/lib/python3.11/site-packages/airflow/example_dags/example_branch_datetime_operator.py
[2026-05-24T16:24:53.733+0000] {logging_mixin.py:188} INFO - [2026-05-24T16:24:53.733+0000] {dag.py:3096} INFO - Sync 3 DAGs
[2026-05-24T16:24:53.745+0000] {logging_mixin.py:188} INFO - [2026-05-24T16:24:53.745+0000] {dag.py:3954} INFO - Setting next_dagrun for example_branch_datetime_operator to 2026-05-23 00:00:00+00:00, run_after=2026-05-24 00:00:00+00:00
[2026-05-24T16:24:53.747+0000] {logging_mixin.py:188} INFO - [2026-05-24T16:24:53.747+0000] {dag.py:3954} INFO - Setting next_dagrun for example_branch_datetime_operator_2 to 2026-05-23 00:00:00+00:00, run_after=2026-05-24 00:00:00+00:00
[2026-05-24T16:24:53.748+0000] {logging_mixin.py:188} INFO - [2026-05-24T16:24:53.748+0000] {dag.py:3954} INFO - Setting next_dagrun for example_branch_datetime_operator_3 to 2026-05-23 00:00:00+00:00, run_after=2026-05-24 00:00:00+00:00
[2026-05-24T16:24:53.761+0000] {processor.py:183} INFO - Processing /home/varn1t/ml-pipeline/venv/lib/python3.11/site-packages/airflow/example_dags/example_branch_datetime_operator.py took 0.058 seconds
[2026-05-24T16:26:00.307+0000] {processor.py:161} INFO - Started process (PID=21069) to work on /home/varn1t/ml-pipeline/venv/lib/python3.11/site-packages/airflow/example_dags/example_branch_datetime_operator.py
[2026-05-24T16:26:00.309+0000] {processor.py:830} INFO - Processing file /home/varn1t/ml-pipeline/venv/lib/python3.11/site-packages/airflow/example_dags/example_branch_datetime_operator.py for tasks to queue
[2026-05-24T16:26:00.310+0000] {logging_mixin.py:188} INFO - [2026-05-24T16:26:00.310+0000] {dagbag.py:545} INFO - Filling up the DagBag from /home/varn1t/ml-pipeline/venv/lib/python3.11/site-packages/airflow/example_dags/example_branch_datetime_operator.py
[2026-05-24T16:26:00.316+0000] {processor.py:840} INFO - DAG(s) 'example_branch_datetime_operator_3', 'example_branch_datetime_operator_2', 'example_branch_datetime_operator' retrieved from /home/varn1t/ml-pipeline/venv/lib/python3.11/site-packages/airflow/example_dags/example_branch_datetime_operator.py
[2026-05-24T16:26:00.336+0000] {logging_mixin.py:188} INFO - [2026-05-24T16:26:00.336+0000] {dag.py:3096} INFO - Sync 3 DAGs
[2026-05-24T16:26:00.354+0000] {logging_mixin.py:188} INFO - [2026-05-24T16:26:00.354+0000] {dag.py:3954} INFO - Setting next_dagrun for example_branch_datetime_operator to 2026-05-23 00:00:00+00:00, run_after=2026-05-24 00:00:00+00:00
[2026-05-24T16:26:00.357+0000] {logging_mixin.py:188} INFO - [2026-05-24T16:26:00.356+0000] {dag.py:3954} INFO - Setting next_dagrun for example_branch_datetime_operator_2 to 2026-05-23 00:00:00+00:00, run_after=2026-05-24 00:00:00+00:00
[2026-05-24T16:26:00.358+0000] {logging_mixin.py:188} INFO - [2026-05-24T16:26:00.357+0000] {dag.py:3954} INFO - Setting next_dagrun for example_branch_datetime_operator_3 to 2026-05-23 00:00:00+00:00, run_after=2026-05-24 00:00:00+00:00
[2026-05-24T16:26:00.375+0000] {processor.py:183} INFO - Processing /home/varn1t/ml-pipeline/venv/lib/python3.11/site-packages/airflow/example_dags/example_branch_datetime_operator.py took 0.072 seconds
[2026-05-24T16:27:03.712+0000] {processor.py:161} INFO - Started process (PID=21460) to work on /home/varn1t/ml-pipeline/venv/lib/python3.11/site-packages/airflow/example_dags/example_branch_datetime_operator.py
[2026-05-24T16:27:03.713+0000] {processor.py:830} INFO - Processing file /home/varn1t/ml-pipeline/venv/lib/python3.11/site-packages/airflow/example_dags/example_branch_datetime_operator.py for tasks to queue
[2026-05-24T16:27:03.714+0000] {logging_mixin.py:188} INFO - [2026-05-24T16:27:03.714+0000] {dagbag.py:545} INFO - Filling up the DagBag from /home/varn1t/ml-pipeline/venv/lib/python3.11/site-packages/airflow/example_dags/example_branch_datetime_operator.py
[2026-05-24T16:27:03.723+0000] {processor.py:840} INFO - DAG(s) 'example_branch_datetime_operator_3', 'example_branch_datetime_operator', 'example_branch_datetime_operator_2' retrieved from /home/varn1t/ml-pipeline/venv/lib/python3.11/site-packages/airflow/example_dags/example_branch_datetime_operator.py
[2026-05-24T16:27:03.743+0000] {logging_mixin.py:188} INFO - [2026-05-24T16:27:03.743+0000] {dag.py:3096} INFO - Sync 3 DAGs
[2026-05-24T16:27:03.763+0000] {logging_mixin.py:188} INFO - [2026-05-24T16:27:03.763+0000] {dag.py:3954} INFO - Setting next_dagrun for example_branch_datetime_operator to 2026-05-23 00:00:00+00:00, run_after=2026-05-24 00:00:00+00:00
[2026-05-24T16:27:03.769+0000] {logging_mixin.py:188} INFO - [2026-05-24T16:27:03.769+0000] {dag.py:3954} INFO - Setting next_dagrun for example_branch_datetime_operator_2 to 2026-05-23 00:00:00+00:00, run_after=2026-05-24 00:00:00+00:00
[2026-05-24T16:27:03.770+0000] {logging_mixin.py:188} INFO - [2026-05-24T16:27:03.770+0000] {dag.py:3954} INFO - Setting next_dagrun for example_branch_datetime_operator_3 to 2026-05-23 00:00:00+00:00, run_after=2026-05-24 00:00:00+00:00
[2026-05-24T16:27:03.788+0000] {processor.py:183} INFO - Processing /home/varn1t/ml-pipeline/venv/lib/python3.11/site-packages/airflow/example_dags/example_branch_datetime_operator.py took 0.082 seconds
[2026-05-24T16:28:09.603+0000] {processor.py:161} INFO - Started process (PID=22055) to work on /home/varn1t/ml-pipeline/venv/lib/python3.11/site-packages/airflow/example_dags/example_branch_datetime_operator.py
[2026-05-24T16:28:09.604+0000] {processor.py:830} INFO - Processing file /home/varn1t/ml-pipeline/venv/lib/python3.11/site-packages/airflow/example_dags/example_branch_datetime_operator.py for tasks to queue
[2026-05-24T16:28:09.605+0000] {logging_mixin.py:188} INFO - [2026-05-24T16:28:09.605+0000] {dagbag.py:545} INFO - Filling up the DagBag from /home/varn1t/ml-pipeline/venv/lib/python3.11/site-packages/airflow/example_dags/example_branch_datetime_operator.py
[2026-05-24T16:28:09.611+0000] {processor.py:840} INFO - DAG(s) 'example_branch_datetime_operator_2', 'example_branch_datetime_operator_3', 'example_branch_datetime_operator' retrieved from /home/varn1t/ml-pipeline/venv/lib/python3.11/site-packages/airflow/example_dags/example_branch_datetime_operator.py
[2026-05-24T16:28:09.624+0000] {logging_mixin.py:188} INFO - [2026-05-24T16:28:09.623+0000] {dag.py:3096} INFO - Sync 3 DAGs
[2026-05-24T16:28:09.635+0000] {logging_mixin.py:188} INFO - [2026-05-24T16:28:09.635+0000] {dag.py:3954} INFO - Setting next_dagrun for example_branch_datetime_operator to 2026-05-23 00:00:00+00:00, run_after=2026-05-24 00:00:00+00:00
[2026-05-24T16:28:09.638+0000] {logging_mixin.py:188} INFO - [2026-05-24T16:28:09.637+0000] {dag.py:3954} INFO - Setting next_dagrun for example_branch_datetime_operator_2 to 2026-05-23 00:00:00+00:00, run_after=2026-05-24 00:00:00+00:00
[2026-05-24T16:28:09.638+0000] {logging_mixin.py:188} INFO - [2026-05-24T16:28:09.638+0000] {dag.py:3954} INFO - Setting next_dagrun for example_branch_datetime_operator_3 to 2026-05-23 00:00:00+00:00, run_after=2026-05-24 00:00:00+00:00
[2026-05-24T16:28:09.655+0000] {processor.py:183} INFO - Processing /home/varn1t/ml-pipeline/venv/lib/python3.11/site-packages/airflow/example_dags/example_branch_datetime_operator.py took 0.055 seconds
[2026-05-24T16:29:12.090+0000] {processor.py:161} INFO - Started process (PID=22553) to work on /home/varn1t/ml-pipeline/venv/lib/python3.11/site-packages/airflow/example_dags/example_branch_datetime_operator.py
[2026-05-24T16:29:12.092+0000] {processor.py:830} INFO - Processing file /home/varn1t/ml-pipeline/venv/lib/python3.11/site-packages/airflow/example_dags/example_branch_datetime_operator.py for tasks to queue
[2026-05-24T16:29:12.093+0000] {logging_mixin.py:188} INFO - [2026-05-24T16:29:12.093+0000] {dagbag.py:545} INFO - Filling up the DagBag from /home/varn1t/ml-pipeline/venv/lib/python3.11/site-packages/airflow/example_dags/example_branch_datetime_operator.py
[2026-05-24T16:29:12.100+0000] {processor.py:840} INFO - DAG(s) 'example_branch_datetime_operator', 'example_branch_datetime_operator_3', 'example_branch_datetime_operator_2' retrieved from /home/varn1t/ml-pipeline/venv/lib/python3.11/site-packages/airflow/example_dags/example_branch_datetime_operator.py
[2026-05-24T16:29:12.115+0000] {logging_mixin.py:188} INFO - [2026-05-24T16:29:12.115+0000] {dag.py:3096} INFO - Sync 3 DAGs
[2026-05-24T16:29:12.129+0000] {logging_mixin.py:188} INFO - [2026-05-24T16:29:12.129+0000] {dag.py:3954} INFO - Setting next_dagrun for example_branch_datetime_operator to 2026-05-23 00:00:00+00:00, run_after=2026-05-24 00:00:00+00:00
[2026-05-24T16:29:12.132+0000] {logging_mixin.py:188} INFO - [2026-05-24T16:29:12.132+0000] {dag.py:3954} INFO - Setting next_dagrun for example_branch_datetime_operator_2 to 2026-05-23 00:00:00+00:00, run_after=2026-05-24 00:00:00+00:00
[2026-05-24T16:29:12.133+0000] {logging_mixin.py:188} INFO - [2026-05-24T16:29:12.133+0000] {dag.py:3954} INFO - Setting next_dagrun for example_branch_datetime_operator_3 to 2026-05-23 00:00:00+00:00, run_after=2026-05-24 00:00:00+00:00
[2026-05-24T16:29:12.149+0000] {processor.py:183} INFO - Processing /home/varn1t/ml-pipeline/venv/lib/python3.11/site-packages/airflow/example_dags/example_branch_datetime_operator.py took 0.064 seconds
[2026-05-24T16:30:17.601+0000] {processor.py:161} INFO - Started process (PID=22832) to work on /home/varn1t/ml-pipeline/venv/lib/python3.11/site-packages/airflow/example_dags/example_branch_datetime_operator.py
[2026-05-24T16:30:17.602+0000] {processor.py:830} INFO - Processing file /home/varn1t/ml-pipeline/venv/lib/python3.11/site-packages/airflow/example_dags/example_branch_datetime_operator.py for tasks to queue
[2026-05-24T16:30:17.604+0000] {logging_mixin.py:188} INFO - [2026-05-24T16:30:17.603+0000] {dagbag.py:545} INFO - Filling up the DagBag from /home/varn1t/ml-pipeline/venv/lib/python3.11/site-packages/airflow/example_dags/example_branch_datetime_operator.py
[2026-05-24T16:30:17.612+0000] {processor.py:840} INFO - DAG(s) 'example_branch_datetime_operator_2', 'example_branch_datetime_operator_3', 'example_branch_datetime_operator' retrieved from /home/varn1t/ml-pipeline/venv/lib/python3.11/site-packages/airflow/example_dags/example_branch_datetime_operator.py
[2026-05-24T16:30:17.624+0000] {logging_mixin.py:188} INFO - [2026-05-24T16:30:17.624+0000] {dag.py:3096} INFO - Sync 3 DAGs
[2026-05-24T16:30:17.634+0000] {logging_mixin.py:188} INFO - [2026-05-24T16:30:17.634+0000] {dag.py:3954} INFO - Setting next_dagrun for example_branch_datetime_operator to 2026-05-23 00:00:00+00:00, run_after=2026-05-24 00:00:00+00:00
[2026-05-24T16:30:17.636+0000] {logging_mixin.py:188} INFO - [2026-05-24T16:30:17.636+0000] {dag.py:3954} INFO - Setting next_dagrun for example_branch_datetime_operator_2 to 2026-05-23 00:00:00+00:00, run_after=2026-05-24 00:00:00+00:00
[2026-05-24T16:30:17.637+0000] {logging_mixin.py:188} INFO - [2026-05-24T16:30:17.637+0000] {dag.py:3954} INFO - Setting next_dagrun for example_branch_datetime_operator_3 to 2026-05-23 00:00:00+00:00, run_after=2026-05-24 00:00:00+00:00
[2026-05-24T16:30:17.649+0000] {processor.py:183} INFO - Processing /home/varn1t/ml-pipeline/venv/lib/python3.11/site-packages/airflow/example_dags/example_branch_datetime_operator.py took 0.051 seconds
[2026-05-24T16:31:23.381+0000] {processor.py:161} INFO - Started process (PID=23195) to work on /home/varn1t/ml-pipeline/venv/lib/python3.11/site-packages/airflow/example_dags/example_branch_datetime_operator.py
[2026-05-24T16:31:23.382+0000] {processor.py:830} INFO - Processing file /home/varn1t/ml-pipeline/venv/lib/python3.11/site-packages/airflow/example_dags/example_branch_datetime_operator.py for tasks to queue
[2026-05-24T16:31:23.383+0000] {logging_mixin.py:188} INFO - [2026-05-24T16:31:23.383+0000] {dagbag.py:545} INFO - Filling up the DagBag from /home/varn1t/ml-pipeline/venv/lib/python3.11/site-packages/airflow/example_dags/example_branch_datetime_operator.py
[2026-05-24T16:31:23.390+0000] {processor.py:840} INFO - DAG(s) 'example_branch_datetime_operator', 'example_branch_datetime_operator_3', 'example_branch_datetime_operator_2' retrieved from /home/varn1t/ml-pipeline/venv/lib/python3.11/site-packages/airflow/example_dags/example_branch_datetime_operator.py
[2026-05-24T16:31:23.404+0000] {logging_mixin.py:188} INFO - [2026-05-24T16:31:23.404+0000] {dag.py:3096} INFO - Sync 3 DAGs
[2026-05-24T16:31:23.416+0000] {logging_mixin.py:188} INFO - [2026-05-24T16:31:23.416+0000] {dag.py:3954} INFO - Setting next_dagrun for example_branch_datetime_operator to 2026-05-23 00:00:00+00:00, run_after=2026-05-24 00:00:00+00:00
[2026-05-24T16:31:23.419+0000] {logging_mixin.py:188} INFO - [2026-05-24T16:31:23.418+0000] {dag.py:3954} INFO - Setting next_dagrun for example_branch_datetime_operator_2 to 2026-05-23 00:00:00+00:00, run_after=2026-05-24 00:00:00+00:00
[2026-05-24T16:31:23.420+0000] {logging_mixin.py:188} INFO - [2026-05-24T16:31:23.419+0000] {dag.py:3954} INFO - Setting next_dagrun for example_branch_datetime_operator_3 to 2026-05-23 00:00:00+00:00, run_after=2026-05-24 00:00:00+00:00
[2026-05-24T16:31:23.432+0000] {processor.py:183} INFO - Processing /home/varn1t/ml-pipeline/venv/lib/python3.11/site-packages/airflow/example_dags/example_branch_datetime_operator.py took 0.056 seconds
[2026-05-24T16:32:31.754+0000] {processor.py:161} INFO - Started process (PID=23710) to work on /home/varn1t/ml-pipeline/venv/lib/python3.11/site-packages/airflow/example_dags/example_branch_datetime_operator.py
[2026-05-24T16:32:31.755+0000] {processor.py:830} INFO - Processing file /home/varn1t/ml-pipeline/venv/lib/python3.11/site-packages/airflow/example_dags/example_branch_datetime_operator.py for tasks to queue
[2026-05-24T16:32:31.757+0000] {logging_mixin.py:188} INFO - [2026-05-24T16:32:31.757+0000] {dagbag.py:545} INFO - Filling up the DagBag from /home/varn1t/ml-pipeline/venv/lib/python3.11/site-packages/airflow/example_dags/example_branch_datetime_operator.py
[2026-05-24T16:32:31.771+0000] {processor.py:840} INFO - DAG(s) 'example_branch_datetime_operator_3', 'example_branch_datetime_operator_2', 'example_branch_datetime_operator' retrieved from /home/varn1t/ml-pipeline/venv/lib/python3.11/site-packages/airflow/example_dags/example_branch_datetime_operator.py
[2026-05-24T16:32:31.797+0000] {logging_mixin.py:188} INFO - [2026-05-24T16:32:31.797+0000] {dag.py:3096} INFO - Sync 3 DAGs
[2026-05-24T16:32:31.821+0000] {logging_mixin.py:188} INFO - [2026-05-24T16:32:31.821+0000] {dag.py:3954} INFO - Setting next_dagrun for example_branch_datetime_operator to 2026-05-23 00:00:00+00:00, run_after=2026-05-24 00:00:00+00:00
[2026-05-24T16:32:31.824+0000] {logging_mixin.py:188} INFO - [2026-05-24T16:32:31.824+0000] {dag.py:3954} INFO - Setting next_dagrun for example_branch_datetime_operator_2 to 2026-05-23 00:00:00+00:00, run_after=2026-05-24 00:00:00+00:00
[2026-05-24T16:32:31.826+0000] {logging_mixin.py:188} INFO - [2026-05-24T16:32:31.826+0000] {dag.py:3954} INFO - Setting next_dagrun for example_branch_datetime_operator_3 to 2026-05-23 00:00:00+00:00, run_after=2026-05-24 00:00:00+00:00
[2026-05-24T16:32:31.841+0000] {processor.py:183} INFO - Processing /home/varn1t/ml-pipeline/venv/lib/python3.11/site-packages/airflow/example_dags/example_branch_datetime_operator.py took 0.095 seconds
[2026-05-24T16:33:43.020+0000] {processor.py:161} INFO - Started process (PID=24256) to work on /home/varn1t/ml-pipeline/venv/lib/python3.11/site-packages/airflow/example_dags/example_branch_datetime_operator.py
[2026-05-24T16:33:43.021+0000] {processor.py:830} INFO - Processing file /home/varn1t/ml-pipeline/venv/lib/python3.11/site-packages/airflow/example_dags/example_branch_datetime_operator.py for tasks to queue
[2026-05-24T16:33:43.022+0000] {logging_mixin.py:188} INFO - [2026-05-24T16:33:43.022+0000] {dagbag.py:545} INFO - Filling up the DagBag from /home/varn1t/ml-pipeline/venv/lib/python3.11/site-packages/airflow/example_dags/example_branch_datetime_operator.py
[2026-05-24T16:33:43.028+0000] {processor.py:840} INFO - DAG(s) 'example_branch_datetime_operator_2', 'example_branch_datetime_operator_3', 'example_branch_datetime_operator' retrieved from /home/varn1t/ml-pipeline/venv/lib/python3.11/site-packages/airflow/example_dags/example_branch_datetime_operator.py
[2026-05-24T16:33:43.041+0000] {logging_mixin.py:188} INFO - [2026-05-24T16:33:43.041+0000] {dag.py:3096} INFO - Sync 3 DAGs
[2026-05-24T16:33:43.054+0000] {logging_mixin.py:188} INFO - [2026-05-24T16:33:43.054+0000] {dag.py:3954} INFO - Setting next_dagrun for example_branch_datetime_operator to 2026-05-23 00:00:00+00:00, run_after=2026-05-24 00:00:00+00:00
[2026-05-24T16:33:43.056+0000] {logging_mixin.py:188} INFO - [2026-05-24T16:33:43.056+0000] {dag.py:3954} INFO - Setting next_dagrun for example_branch_datetime_operator_2 to 2026-05-23 00:00:00+00:00, run_after=2026-05-24 00:00:00+00:00
[2026-05-24T16:33:43.057+0000] {logging_mixin.py:188} INFO - [2026-05-24T16:33:43.057+0000] {dag.py:3954} INFO - Setting next_dagrun for example_branch_datetime_operator_3 to 2026-05-23 00:00:00+00:00, run_after=2026-05-24 00:00:00+00:00
[2026-05-24T16:33:43.073+0000] {processor.py:183} INFO - Processing /home/varn1t/ml-pipeline/venv/lib/python3.11/site-packages/airflow/example_dags/example_branch_datetime_operator.py took 0.057 seconds
[2026-05-24T16:34:40.440+0000] {processor.py:161} INFO - Started process (PID=24519) to work on /home/varn1t/ml-pipeline/venv/lib/python3.11/site-packages/airflow/example_dags/example_branch_datetime_operator.py
[2026-05-24T16:34:40.440+0000] {processor.py:830} INFO - Processing file /home/varn1t/ml-pipeline/venv/lib/python3.11/site-packages/airflow/example_dags/example_branch_datetime_operator.py for tasks to queue
[2026-05-24T16:34:40.442+0000] {logging_mixin.py:188} INFO - [2026-05-24T16:34:40.442+0000] {dagbag.py:545} INFO - Filling up the DagBag from /home/varn1t/ml-pipeline/venv/lib/python3.11/site-packages/airflow/example_dags/example_branch_datetime_operator.py
[2026-05-24T16:34:40.448+0000] {processor.py:840} INFO - DAG(s) 'example_branch_datetime_operator_3', 'example_branch_datetime_operator', 'example_branch_datetime_operator_2' retrieved from /home/varn1t/ml-pipeline/venv/lib/python3.11/site-packages/airflow/example_dags/example_branch_datetime_operator.py
[2026-05-24T16:34:40.463+0000] {logging_mixin.py:188} INFO - [2026-05-24T16:34:40.463+0000] {dag.py:3096} INFO - Sync 3 DAGs
[2026-05-24T16:34:40.476+0000] {logging_mixin.py:188} INFO - [2026-05-24T16:34:40.476+0000] {dag.py:3954} INFO - Setting next_dagrun for example_branch_datetime_operator to 2026-05-23 00:00:00+00:00, run_after=2026-05-24 00:00:00+00:00
[2026-05-24T16:34:40.480+0000] {logging_mixin.py:188} INFO - [2026-05-24T16:34:40.479+0000] {dag.py:3954} INFO - Setting next_dagrun for example_branch_datetime_operator_2 to 2026-05-23 00:00:00+00:00, run_after=2026-05-24 00:00:00+00:00
[2026-05-24T16:34:40.481+0000] {logging_mixin.py:188} INFO - [2026-05-24T16:34:40.481+0000] {dag.py:3954} INFO - Setting next_dagrun for example_branch_datetime_operator_3 to 2026-05-23 00:00:00+00:00, run_after=2026-05-24 00:00:00+00:00
[2026-05-24T16:34:40.495+0000] {processor.py:183} INFO - Processing /home/varn1t/ml-pipeline/venv/lib/python3.11/site-packages/airflow/example_dags/example_branch_datetime_operator.py took 0.060 seconds
[2026-05-24T16:35:44.919+0000] {processor.py:161} INFO - Started process (PID=24809) to work on /home/varn1t/ml-pipeline/venv/lib/python3.11/site-packages/airflow/example_dags/example_branch_datetime_operator.py
[2026-05-24T16:35:44.919+0000] {processor.py:830} INFO - Processing file /home/varn1t/ml-pipeline/venv/lib/python3.11/site-packages/airflow/example_dags/example_branch_datetime_operator.py for tasks to queue
[2026-05-24T16:35:44.921+0000] {logging_mixin.py:188} INFO - [2026-05-24T16:35:44.920+0000] {dagbag.py:545} INFO - Filling up the DagBag from /home/varn1t/ml-pipeline/venv/lib/python3.11/site-packages/airflow/example_dags/example_branch_datetime_operator.py
[2026-05-24T16:35:44.927+0000] {processor.py:840} INFO - DAG(s) 'example_branch_datetime_operator', 'example_branch_datetime_operator_2', 'example_branch_datetime_operator_3' retrieved from /home/varn1t/ml-pipeline/venv/lib/python3.11/site-packages/airflow/example_dags/example_branch_datetime_operator.py
[2026-05-24T16:35:44.940+0000] {logging_mixin.py:188} INFO - [2026-05-24T16:35:44.940+0000] {dag.py:3096} INFO - Sync 3 DAGs
[2026-05-24T16:35:44.951+0000] {logging_mixin.py:188} INFO - [2026-05-24T16:35:44.950+0000] {dag.py:3954} INFO - Setting next_dagrun for example_branch_datetime_operator to 2026-05-23 00:00:00+00:00, run_after=2026-05-24 00:00:00+00:00
[2026-05-24T16:35:44.953+0000] {logging_mixin.py:188} INFO - [2026-05-24T16:35:44.953+0000] {dag.py:3954} INFO - Setting next_dagrun for example_branch_datetime_operator_2 to 2026-05-23 00:00:00+00:00, run_after=2026-05-24 00:00:00+00:00
[2026-05-24T16:35:44.954+0000] {logging_mixin.py:188} INFO - [2026-05-24T16:35:44.953+0000] {dag.py:3954} INFO - Setting next_dagrun for example_branch_datetime_operator_3 to 2026-05-23 00:00:00+00:00, run_after=2026-05-24 00:00:00+00:00
[2026-05-24T16:35:44.967+0000] {processor.py:183} INFO - Processing /home/varn1t/ml-pipeline/venv/lib/python3.11/site-packages/airflow/example_dags/example_branch_datetime_operator.py took 0.053 seconds
[2026-05-24T16:36:50.433+0000] {processor.py:161} INFO - Started process (PID=25118) to work on /home/varn1t/ml-pipeline/venv/lib/python3.11/site-packages/airflow/example_dags/example_branch_datetime_operator.py
[2026-05-24T16:36:50.434+0000] {processor.py:830} INFO - Processing file /home/varn1t/ml-pipeline/venv/lib/python3.11/site-packages/airflow/example_dags/example_branch_datetime_operator.py for tasks to queue
[2026-05-24T16:36:50.435+0000] {logging_mixin.py:188} INFO - [2026-05-24T16:36:50.435+0000] {dagbag.py:545} INFO - Filling up the DagBag from /home/varn1t/ml-pipeline/venv/lib/python3.11/site-packages/airflow/example_dags/example_branch_datetime_operator.py
[2026-05-24T16:36:50.441+0000] {processor.py:840} INFO - DAG(s) 'example_branch_datetime_operator', 'example_branch_datetime_operator_2', 'example_branch_datetime_operator_3' retrieved from /home/varn1t/ml-pipeline/venv/lib/python3.11/site-packages/airflow/example_dags/example_branch_datetime_operator.py
[2026-05-24T16:36:50.453+0000] {logging_mixin.py:188} INFO - [2026-05-24T16:36:50.453+0000] {dag.py:3096} INFO - Sync 3 DAGs
[2026-05-24T16:36:50.463+0000] {logging_mixin.py:188} INFO - [2026-05-24T16:36:50.463+0000] {dag.py:3954} INFO - Setting next_dagrun for example_branch_datetime_operator to 2026-05-23 00:00:00+00:00, run_after=2026-05-24 00:00:00+00:00
[2026-05-24T16:36:50.465+0000] {logging_mixin.py:188} INFO - [2026-05-24T16:36:50.465+0000] {dag.py:3954} INFO - Setting next_dagrun for example_branch_datetime_operator_2 to 2026-05-23 00:00:00+00:00, run_after=2026-05-24 00:00:00+00:00
[2026-05-24T16:36:50.466+0000] {logging_mixin.py:188} INFO - [2026-05-24T16:36:50.466+0000] {dag.py:3954} INFO - Setting next_dagrun for example_branch_datetime_operator_3 to 2026-05-23 00:00:00+00:00, run_after=2026-05-24 00:00:00+00:00
[2026-05-24T16:36:50.482+0000] {processor.py:183} INFO - Processing /home/varn1t/ml-pipeline/venv/lib/python3.11/site-packages/airflow/example_dags/example_branch_datetime_operator.py took 0.054 seconds
[2026-05-24T16:37:55.566+0000] {processor.py:161} INFO - Started process (PID=25414) to work on /home/varn1t/ml-pipeline/venv/lib/python3.11/site-packages/airflow/example_dags/example_branch_datetime_operator.py
[2026-05-24T16:37:55.567+0000] {processor.py:830} INFO - Processing file /home/varn1t/ml-pipeline/venv/lib/python3.11/site-packages/airflow/example_dags/example_branch_datetime_operator.py for tasks to queue
[2026-05-24T16:37:55.568+0000] {logging_mixin.py:188} INFO - [2026-05-24T16:37:55.568+0000] {dagbag.py:545} INFO - Filling up the DagBag from /home/varn1t/ml-pipeline/venv/lib/python3.11/site-packages/airflow/example_dags/example_branch_datetime_operator.py
[2026-05-24T16:37:55.574+0000] {processor.py:840} INFO - DAG(s) 'example_branch_datetime_operator_2', 'example_branch_datetime_operator', 'example_branch_datetime_operator_3' retrieved from /home/varn1t/ml-pipeline/venv/lib/python3.11/site-packages/airflow/example_dags/example_branch_datetime_operator.py
[2026-05-24T16:37:55.588+0000] {logging_mixin.py:188} INFO - [2026-05-24T16:37:55.588+0000] {dag.py:3096} INFO - Sync 3 DAGs
[2026-05-24T16:37:55.601+0000] {logging_mixin.py:188} INFO - [2026-05-24T16:37:55.601+0000] {dag.py:3954} INFO - Setting next_dagrun for example_branch_datetime_operator to 2026-05-23 00:00:00+00:00, run_after=2026-05-24 00:00:00+00:00
[2026-05-24T16:37:55.604+0000] {logging_mixin.py:188} INFO - [2026-05-24T16:37:55.604+0000] {dag.py:3954} INFO - Setting next_dagrun for example_branch_datetime_operator_2 to 2026-05-23 00:00:00+00:00, run_after=2026-05-24 00:00:00+00:00
[2026-05-24T16:37:55.605+0000] {logging_mixin.py:188} INFO - [2026-05-24T16:37:55.605+0000] {dag.py:3954} INFO - Setting next_dagrun for example_branch_datetime_operator_3 to 2026-05-23 00:00:00+00:00, run_after=2026-05-24 00:00:00+00:00
[2026-05-24T16:37:55.623+0000] {processor.py:183} INFO - Processing /home/varn1t/ml-pipeline/venv/lib/python3.11/site-packages/airflow/example_dags/example_branch_datetime_operator.py took 0.061 seconds
[2026-05-24T16:38:42.529+0000] {processor.py:161} INFO - Started process (PID=25619) to work on /home/varn1t/ml-pipeline/venv/lib/python3.11/site-packages/airflow/example_dags/example_branch_datetime_operator.py
[2026-05-24T16:38:42.529+0000] {processor.py:830} INFO - Processing file /home/varn1t/ml-pipeline/venv/lib/python3.11/site-packages/airflow/example_dags/example_branch_datetime_operator.py for tasks to queue
[2026-05-24T16:38:42.531+0000] {logging_mixin.py:188} INFO - [2026-05-24T16:38:42.530+0000] {dagbag.py:545} INFO - Filling up the DagBag from /home/varn1t/ml-pipeline/venv/lib/python3.11/site-packages/airflow/example_dags/example_branch_datetime_operator.py
[2026-05-24T16:38:42.537+0000] {processor.py:840} INFO - DAG(s) 'example_branch_datetime_operator_2', 'example_branch_datetime_operator_3', 'example_branch_datetime_operator' retrieved from /home/varn1t/ml-pipeline/venv/lib/python3.11/site-packages/airflow/example_dags/example_branch_datetime_operator.py
[2026-05-24T16:38:42.549+0000] {logging_mixin.py:188} INFO - [2026-05-24T16:38:42.549+0000] {dag.py:3096} INFO - Sync 3 DAGs
[2026-05-24T16:38:42.559+0000] {logging_mixin.py:188} INFO - [2026-05-24T16:38:42.559+0000] {dag.py:3954} INFO - Setting next_dagrun for example_branch_datetime_operator to 2026-05-23 00:00:00+00:00, run_after=2026-05-24 00:00:00+00:00
[2026-05-24T16:38:42.561+0000] {logging_mixin.py:188} INFO - [2026-05-24T16:38:42.561+0000] {dag.py:3954} INFO - Setting next_dagrun for example_branch_datetime_operator_2 to 2026-05-23 00:00:00+00:00, run_after=2026-05-24 00:00:00+00:00
[2026-05-24T16:38:42.562+0000] {logging_mixin.py:188} INFO - [2026-05-24T16:38:42.562+0000] {dag.py:3954} INFO - Setting next_dagrun for example_branch_datetime_operator_3 to 2026-05-23 00:00:00+00:00, run_after=2026-05-24 00:00:00+00:00
[2026-05-24T16:38:42.574+0000] {processor.py:183} INFO - Processing /home/varn1t/ml-pipeline/venv/lib/python3.11/site-packages/airflow/example_dags/example_branch_datetime_operator.py took 0.050 seconds
[2026-05-24T16:39:46.324+0000] {processor.py:161} INFO - Started process (PID=25922) to work on /home/varn1t/ml-pipeline/venv/lib/python3.11/site-packages/airflow/example_dags/example_branch_datetime_operator.py
[2026-05-24T16:39:46.325+0000] {processor.py:830} INFO - Processing file /home/varn1t/ml-pipeline/venv/lib/python3.11/site-packages/airflow/example_dags/example_branch_datetime_operator.py for tasks to queue
[2026-05-24T16:39:46.326+0000] {logging_mixin.py:188} INFO - [2026-05-24T16:39:46.326+0000] {dagbag.py:545} INFO - Filling up the DagBag from /home/varn1t/ml-pipeline/venv/lib/python3.11/site-packages/airflow/example_dags/example_branch_datetime_operator.py
[2026-05-24T16:39:46.331+0000] {processor.py:840} INFO - DAG(s) 'example_branch_datetime_operator', 'example_branch_datetime_operator_2', 'example_branch_datetime_operator_3' retrieved from /home/varn1t/ml-pipeline/venv/lib/python3.11/site-packages/airflow/example_dags/example_branch_datetime_operator.py
[2026-05-24T16:39:46.344+0000] {logging_mixin.py:188} INFO - [2026-05-24T16:39:46.344+0000] {dag.py:3096} INFO - Sync 3 DAGs
[2026-05-24T16:39:46.356+0000] {logging_mixin.py:188} INFO - [2026-05-24T16:39:46.356+0000] {dag.py:3954} INFO - Setting next_dagrun for example_branch_datetime_operator to 2026-05-23 00:00:00+00:00, run_after=2026-05-24 00:00:00+00:00
[2026-05-24T16:39:46.358+0000] {logging_mixin.py:188} INFO - [2026-05-24T16:39:46.358+0000] {dag.py:3954} INFO - Setting next_dagrun for example_branch_datetime_operator_2 to 2026-05-23 00:00:00+00:00, run_after=2026-05-24 00:00:00+00:00
[2026-05-24T16:39:46.359+0000] {logging_mixin.py:188} INFO - [2026-05-24T16:39:46.359+0000] {dag.py:3954} INFO - Setting next_dagrun for example_branch_datetime_operator_3 to 2026-05-23 00:00:00+00:00, run_after=2026-05-24 00:00:00+00:00
[2026-05-24T16:39:46.375+0000] {processor.py:183} INFO - Processing /home/varn1t/ml-pipeline/venv/lib/python3.11/site-packages/airflow/example_dags/example_branch_datetime_operator.py took 0.055 seconds
[2026-05-24T16:40:50.156+0000] {processor.py:161} INFO - Started process (PID=26220) to work on /home/varn1t/ml-pipeline/venv/lib/python3.11/site-packages/airflow/example_dags/example_branch_datetime_operator.py
[2026-05-24T16:40:50.157+0000] {processor.py:830} INFO - Processing file /home/varn1t/ml-pipeline/venv/lib/python3.11/site-packages/airflow/example_dags/example_branch_datetime_operator.py for tasks to queue
[2026-05-24T16:40:50.159+0000] {logging_mixin.py:188} INFO - [2026-05-24T16:40:50.159+0000] {dagbag.py:545} INFO - Filling up the DagBag from /home/varn1t/ml-pipeline/venv/lib/python3.11/site-packages/airflow/example_dags/example_branch_datetime_operator.py
[2026-05-24T16:40:50.165+0000] {processor.py:840} INFO - DAG(s) 'example_branch_datetime_operator_2', 'example_branch_datetime_operator', 'example_branch_datetime_operator_3' retrieved from /home/varn1t/ml-pipeline/venv/lib/python3.11/site-packages/airflow/example_dags/example_branch_datetime_operator.py
[2026-05-24T16:40:50.178+0000] {logging_mixin.py:188} INFO - [2026-05-24T16:40:50.178+0000] {dag.py:3096} INFO - Sync 3 DAGs
[2026-05-24T16:40:50.190+0000] {logging_mixin.py:188} INFO - [2026-05-24T16:40:50.190+0000] {dag.py:3954} INFO - Setting next_dagrun for example_branch_datetime_operator to 2026-05-23 00:00:00+00:00, run_after=2026-05-24 00:00:00+00:00
[2026-05-24T16:40:50.193+0000] {logging_mixin.py:188} INFO - [2026-05-24T16:40:50.193+0000] {dag.py:3954} INFO - Setting next_dagrun for example_branch_datetime_operator_2 to 2026-05-23 00:00:00+00:00, run_after=2026-05-24 00:00:00+00:00
[2026-05-24T16:40:50.194+0000] {logging_mixin.py:188} INFO - [2026-05-24T16:40:50.194+0000] {dag.py:3954} INFO - Setting next_dagrun for example_branch_datetime_operator_3 to 2026-05-23 00:00:00+00:00, run_after=2026-05-24 00:00:00+00:00
[2026-05-24T16:40:50.207+0000] {processor.py:183} INFO - Processing /home/varn1t/ml-pipeline/venv/lib/python3.11/site-packages/airflow/example_dags/example_branch_datetime_operator.py took 0.055 seconds
[2026-05-24T16:41:46.574+0000] {processor.py:161} INFO - Started process (PID=26493) to work on /home/varn1t/ml-pipeline/venv/lib/python3.11/site-packages/airflow/example_dags/example_branch_datetime_operator.py
[2026-05-24T16:41:46.575+0000] {processor.py:830} INFO - Processing file /home/varn1t/ml-pipeline/venv/lib/python3.11/site-packages/airflow/example_dags/example_branch_datetime_operator.py for tasks to queue
[2026-05-24T16:41:46.576+0000] {logging_mixin.py:188} INFO - [2026-05-24T16:41:46.576+0000] {dagbag.py:545} INFO - Filling up the DagBag from /home/varn1t/ml-pipeline/venv/lib/python3.11/site-packages/airflow/example_dags/example_branch_datetime_operator.py
[2026-05-24T16:41:46.582+0000] {processor.py:840} INFO - DAG(s) 'example_branch_datetime_operator_3', 'example_branch_datetime_operator_2', 'example_branch_datetime_operator' retrieved from /home/varn1t/ml-pipeline/venv/lib/python3.11/site-packages/airflow/example_dags/example_branch_datetime_operator.py
[2026-05-24T16:41:46.594+0000] {logging_mixin.py:188} INFO - [2026-05-24T16:41:46.594+0000] {dag.py:3096} INFO - Sync 3 DAGs
[2026-05-24T16:41:46.604+0000] {logging_mixin.py:188} INFO - [2026-05-24T16:41:46.604+0000] {dag.py:3954} INFO - Setting next_dagrun for example_branch_datetime_operator to 2026-05-23 00:00:00+00:00, run_after=2026-05-24 00:00:00+00:00
[2026-05-24T16:41:46.606+0000] {logging_mixin.py:188} INFO - [2026-05-24T16:41:46.606+0000] {dag.py:3954} INFO - Setting next_dagrun for example_branch_datetime_operator_2 to 2026-05-23 00:00:00+00:00, run_after=2026-05-24 00:00:00+00:00
[2026-05-24T16:41:46.607+0000] {logging_mixin.py:188} INFO - [2026-05-24T16:41:46.607+0000] {dag.py:3954} INFO - Setting next_dagrun for example_branch_datetime_operator_3 to 2026-05-23 00:00:00+00:00, run_after=2026-05-24 00:00:00+00:00
[2026-05-24T16:41:46.623+0000] {processor.py:183} INFO - Processing /home/varn1t/ml-pipeline/venv/lib/python3.11/site-packages/airflow/example_dags/example_branch_datetime_operator.py took 0.053 seconds
[2026-05-24T16:42:51.514+0000] {processor.py:161} INFO - Started process (PID=26789) to work on /home/varn1t/ml-pipeline/venv/lib/python3.11/site-packages/airflow/example_dags/example_branch_datetime_operator.py
[2026-05-24T16:42:51.515+0000] {processor.py:830} INFO - Processing file /home/varn1t/ml-pipeline/venv/lib/python3.11/site-packages/airflow/example_dags/example_branch_datetime_operator.py for tasks to queue
[2026-05-24T16:42:51.516+0000] {logging_mixin.py:188} INFO - [2026-05-24T16:42:51.516+0000] {dagbag.py:545} INFO - Filling up the DagBag from /home/varn1t/ml-pipeline/venv/lib/python3.11/site-packages/airflow/example_dags/example_branch_datetime_operator.py
[2026-05-24T16:42:51.523+0000] {processor.py:840} INFO - DAG(s) 'example_branch_datetime_operator_2', 'example_branch_datetime_operator', 'example_branch_datetime_operator_3' retrieved from /home/varn1t/ml-pipeline/venv/lib/python3.11/site-packages/airflow/example_dags/example_branch_datetime_operator.py
[2026-05-24T16:42:51.535+0000] {logging_mixin.py:188} INFO - [2026-05-24T16:42:51.535+0000] {dag.py:3096} INFO - Sync 3 DAGs
[2026-05-24T16:42:51.545+0000] {logging_mixin.py:188} INFO - [2026-05-24T16:42:51.545+0000] {dag.py:3954} INFO - Setting next_dagrun for example_branch_datetime_operator to 2026-05-23 00:00:00+00:00, run_after=2026-05-24 00:00:00+00:00
[2026-05-24T16:42:51.547+0000] {logging_mixin.py:188} INFO - [2026-05-24T16:42:51.547+0000] {dag.py:3954} INFO - Setting next_dagrun for example_branch_datetime_operator_2 to 2026-05-23 00:00:00+00:00, run_after=2026-05-24 00:00:00+00:00
[2026-05-24T16:42:51.548+0000] {logging_mixin.py:188} INFO - [2026-05-24T16:42:51.548+0000] {dag.py:3954} INFO - Setting next_dagrun for example_branch_datetime_operator_3 to 2026-05-23 00:00:00+00:00, run_after=2026-05-24 00:00:00+00:00
[2026-05-24T16:42:51.564+0000] {processor.py:183} INFO - Processing /home/varn1t/ml-pipeline/venv/lib/python3.11/site-packages/airflow/example_dags/example_branch_datetime_operator.py took 0.055 seconds
[2026-05-24T16:43:58.064+0000] {processor.py:161} INFO - Started process (PID=27072) to work on /home/varn1t/ml-pipeline/venv/lib/python3.11/site-packages/airflow/example_dags/example_branch_datetime_operator.py
[2026-05-24T16:43:58.065+0000] {processor.py:830} INFO - Processing file /home/varn1t/ml-pipeline/venv/lib/python3.11/site-packages/airflow/example_dags/example_branch_datetime_operator.py for tasks to queue
[2026-05-24T16:43:58.066+0000] {logging_mixin.py:188} INFO - [2026-05-24T16:43:58.066+0000] {dagbag.py:545} INFO - Filling up the DagBag from /home/varn1t/ml-pipeline/venv/lib/python3.11/site-packages/airflow/example_dags/example_branch_datetime_operator.py
[2026-05-24T16:43:58.072+0000] {processor.py:840} INFO - DAG(s) 'example_branch_datetime_operator_3', 'example_branch_datetime_operator', 'example_branch_datetime_operator_2' retrieved from /home/varn1t/ml-pipeline/venv/lib/python3.11/site-packages/airflow/example_dags/example_branch_datetime_operator.py
[2026-05-24T16:43:58.087+0000] {logging_mixin.py:188} INFO - [2026-05-24T16:43:58.087+0000] {dag.py:3096} INFO - Sync 3 DAGs
[2026-05-24T16:43:58.098+0000] {logging_mixin.py:188} INFO - [2026-05-24T16:43:58.098+0000] {dag.py:3954} INFO - Setting next_dagrun for example_branch_datetime_operator to 2026-05-23 00:00:00+00:00, run_after=2026-05-24 00:00:00+00:00
[2026-05-24T16:43:58.101+0000] {logging_mixin.py:188} INFO - [2026-05-24T16:43:58.101+0000] {dag.py:3954} INFO - Setting next_dagrun for example_branch_datetime_operator_2 to 2026-05-23 00:00:00+00:00, run_after=2026-05-24 00:00:00+00:00
[2026-05-24T16:43:58.102+0000] {logging_mixin.py:188} INFO - [2026-05-24T16:43:58.102+0000] {dag.py:3954} INFO - Setting next_dagrun for example_branch_datetime_operator_3 to 2026-05-23 00:00:00+00:00, run_after=2026-05-24 00:00:00+00:00
[2026-05-24T16:43:58.121+0000] {processor.py:183} INFO - Processing /home/varn1t/ml-pipeline/venv/lib/python3.11/site-packages/airflow/example_dags/example_branch_datetime_operator.py took 0.061 seconds
[2026-05-24T16:45:04.883+0000] {processor.py:161} INFO - Started process (PID=27378) to work on /home/varn1t/ml-pipeline/venv/lib/python3.11/site-packages/airflow/example_dags/example_branch_datetime_operator.py
[2026-05-24T16:45:04.883+0000] {processor.py:830} INFO - Processing file /home/varn1t/ml-pipeline/venv/lib/python3.11/site-packages/airflow/example_dags/example_branch_datetime_operator.py for tasks to queue
[2026-05-24T16:45:04.885+0000] {logging_mixin.py:188} INFO - [2026-05-24T16:45:04.885+0000] {dagbag.py:545} INFO - Filling up the DagBag from /home/varn1t/ml-pipeline/venv/lib/python3.11/site-packages/airflow/example_dags/example_branch_datetime_operator.py
[2026-05-24T16:45:04.892+0000] {processor.py:840} INFO - DAG(s) 'example_branch_datetime_operator_2', 'example_branch_datetime_operator', 'example_branch_datetime_operator_3' retrieved from /home/varn1t/ml-pipeline/venv/lib/python3.11/site-packages/airflow/example_dags/example_branch_datetime_operator.py
[2026-05-24T16:45:04.908+0000] {logging_mixin.py:188} INFO - [2026-05-24T16:45:04.908+0000] {dag.py:3096} INFO - Sync 3 DAGs
[2026-05-24T16:45:04.921+0000] {logging_mixin.py:188} INFO - [2026-05-24T16:45:04.921+0000] {dag.py:3954} INFO - Setting next_dagrun for example_branch_datetime_operator to 2026-05-23 00:00:00+00:00, run_after=2026-05-24 00:00:00+00:00
[2026-05-24T16:45:04.924+0000] {logging_mixin.py:188} INFO - [2026-05-24T16:45:04.924+0000] {dag.py:3954} INFO - Setting next_dagrun for example_branch_datetime_operator_2 to 2026-05-23 00:00:00+00:00, run_after=2026-05-24 00:00:00+00:00
[2026-05-24T16:45:04.926+0000] {logging_mixin.py:188} INFO - [2026-05-24T16:45:04.926+0000] {dag.py:3954} INFO - Setting next_dagrun for example_branch_datetime_operator_3 to 2026-05-23 00:00:00+00:00, run_after=2026-05-24 00:00:00+00:00
[2026-05-24T16:45:04.947+0000] {processor.py:183} INFO - Processing /home/varn1t/ml-pipeline/venv/lib/python3.11/site-packages/airflow/example_dags/example_branch_datetime_operator.py took 0.071 seconds
[2026-05-24T17:08:43.042+0000] {processor.py:161} INFO - Started process (PID=27730) to work on /home/varn1t/ml-pipeline/venv/lib/python3.11/site-packages/airflow/example_dags/example_branch_datetime_operator.py
[2026-05-24T17:08:43.043+0000] {processor.py:830} INFO - Processing file /home/varn1t/ml-pipeline/venv/lib/python3.11/site-packages/airflow/example_dags/example_branch_datetime_operator.py for tasks to queue
[2026-05-24T17:08:43.045+0000] {logging_mixin.py:188} INFO - [2026-05-24T17:08:43.044+0000] {dagbag.py:545} INFO - Filling up the DagBag from /home/varn1t/ml-pipeline/venv/lib/python3.11/site-packages/airflow/example_dags/example_branch_datetime_operator.py
[2026-05-24T17:08:43.054+0000] {processor.py:840} INFO - DAG(s) 'example_branch_datetime_operator', 'example_branch_datetime_operator_2', 'example_branch_datetime_operator_3' retrieved from /home/varn1t/ml-pipeline/venv/lib/python3.11/site-packages/airflow/example_dags/example_branch_datetime_operator.py
[2026-05-24T17:08:43.087+0000] {logging_mixin.py:188} INFO - [2026-05-24T17:08:43.086+0000] {dag.py:3096} INFO - Sync 3 DAGs
[2026-05-24T17:08:43.116+0000] {logging_mixin.py:188} INFO - [2026-05-24T17:08:43.116+0000] {dag.py:3954} INFO - Setting next_dagrun for example_branch_datetime_operator to 2026-05-23 00:00:00+00:00, run_after=2026-05-24 00:00:00+00:00
[2026-05-24T17:08:43.121+0000] {logging_mixin.py:188} INFO - [2026-05-24T17:08:43.120+0000] {dag.py:3954} INFO - Setting next_dagrun for example_branch_datetime_operator_2 to 2026-05-23 00:00:00+00:00, run_after=2026-05-24 00:00:00+00:00
[2026-05-24T17:08:43.123+0000] {logging_mixin.py:188} INFO - [2026-05-24T17:08:43.122+0000] {dag.py:3954} INFO - Setting next_dagrun for example_branch_datetime_operator_3 to 2026-05-23 00:00:00+00:00, run_after=2026-05-24 00:00:00+00:00
[2026-05-24T17:08:43.145+0000] {processor.py:183} INFO - Processing /home/varn1t/ml-pipeline/venv/lib/python3.11/site-packages/airflow/example_dags/example_branch_datetime_operator.py took 0.110 seconds
[2026-05-24T17:09:37.811+0000] {processor.py:161} INFO - Started process (PID=28007) to work on /home/varn1t/ml-pipeline/venv/lib/python3.11/site-packages/airflow/example_dags/example_branch_datetime_operator.py
[2026-05-24T17:09:37.811+0000] {processor.py:830} INFO - Processing file /home/varn1t/ml-pipeline/venv/lib/python3.11/site-packages/airflow/example_dags/example_branch_datetime_operator.py for tasks to queue
[2026-05-24T17:09:37.813+0000] {logging_mixin.py:188} INFO - [2026-05-24T17:09:37.813+0000] {dagbag.py:545} INFO - Filling up the DagBag from /home/varn1t/ml-pipeline/venv/lib/python3.11/site-packages/airflow/example_dags/example_branch_datetime_operator.py
[2026-05-24T17:09:37.820+0000] {processor.py:840} INFO - DAG(s) 'example_branch_datetime_operator_3', 'example_branch_datetime_operator', 'example_branch_datetime_operator_2' retrieved from /home/varn1t/ml-pipeline/venv/lib/python3.11/site-packages/airflow/example_dags/example_branch_datetime_operator.py
[2026-05-24T17:09:37.833+0000] {logging_mixin.py:188} INFO - [2026-05-24T17:09:37.833+0000] {dag.py:3096} INFO - Sync 3 DAGs
[2026-05-24T17:09:37.842+0000] {logging_mixin.py:188} INFO - [2026-05-24T17:09:37.842+0000] {dag.py:3954} INFO - Setting next_dagrun for example_branch_datetime_operator to 2026-05-23 00:00:00+00:00, run_after=2026-05-24 00:00:00+00:00
[2026-05-24T17:09:37.844+0000] {logging_mixin.py:188} INFO - [2026-05-24T17:09:37.844+0000] {dag.py:3954} INFO - Setting next_dagrun for example_branch_datetime_operator_2 to 2026-05-23 00:00:00+00:00, run_after=2026-05-24 00:00:00+00:00
[2026-05-24T17:09:37.845+0000] {logging_mixin.py:188} INFO - [2026-05-24T17:09:37.845+0000] {dag.py:3954} INFO - Setting next_dagrun for example_branch_datetime_operator_3 to 2026-05-23 00:00:00+00:00, run_after=2026-05-24 00:00:00+00:00
[2026-05-24T17:09:37.858+0000] {processor.py:183} INFO - Processing /home/varn1t/ml-pipeline/venv/lib/python3.11/site-packages/airflow/example_dags/example_branch_datetime_operator.py took 0.051 seconds
[2026-05-24T17:10:39.194+0000] {processor.py:161} INFO - Started process (PID=28285) to work on /home/varn1t/ml-pipeline/venv/lib/python3.11/site-packages/airflow/example_dags/example_branch_datetime_operator.py
[2026-05-24T17:10:39.195+0000] {processor.py:830} INFO - Processing file /home/varn1t/ml-pipeline/venv/lib/python3.11/site-packages/airflow/example_dags/example_branch_datetime_operator.py for tasks to queue
[2026-05-24T17:10:39.196+0000] {logging_mixin.py:188} INFO - [2026-05-24T17:10:39.196+0000] {dagbag.py:545} INFO - Filling up the DagBag from /home/varn1t/ml-pipeline/venv/lib/python3.11/site-packages/airflow/example_dags/example_branch_datetime_operator.py
[2026-05-24T17:10:39.204+0000] {processor.py:840} INFO - DAG(s) 'example_branch_datetime_operator_3', 'example_branch_datetime_operator', 'example_branch_datetime_operator_2' retrieved from /home/varn1t/ml-pipeline/venv/lib/python3.11/site-packages/airflow/example_dags/example_branch_datetime_operator.py
[2026-05-24T17:10:39.220+0000] {logging_mixin.py:188} INFO - [2026-05-24T17:10:39.220+0000] {dag.py:3096} INFO - Sync 3 DAGs
[2026-05-24T17:10:39.234+0000] {logging_mixin.py:188} INFO - [2026-05-24T17:10:39.234+0000] {dag.py:3954} INFO - Setting next_dagrun for example_branch_datetime_operator to 2026-05-23 00:00:00+00:00, run_after=2026-05-24 00:00:00+00:00
[2026-05-24T17:10:39.237+0000] {logging_mixin.py:188} INFO - [2026-05-24T17:10:39.237+0000] {dag.py:3954} INFO - Setting next_dagrun for example_branch_datetime_operator_2 to 2026-05-23 00:00:00+00:00, run_after=2026-05-24 00:00:00+00:00
[2026-05-24T17:10:39.238+0000] {logging_mixin.py:188} INFO - [2026-05-24T17:10:39.238+0000] {dag.py:3954} INFO - Setting next_dagrun for example_branch_datetime_operator_3 to 2026-05-23 00:00:00+00:00, run_after=2026-05-24 00:00:00+00:00
[2026-05-24T17:10:39.255+0000] {processor.py:183} INFO - Processing /home/varn1t/ml-pipeline/venv/lib/python3.11/site-packages/airflow/example_dags/example_branch_datetime_operator.py took 0.065 seconds
[2026-05-24T17:11:45.095+0000] {processor.py:161} INFO - Started process (PID=28566) to work on /home/varn1t/ml-pipeline/venv/lib/python3.11/site-packages/airflow/example_dags/example_branch_datetime_operator.py
[2026-05-24T17:11:45.096+0000] {processor.py:830} INFO - Processing file /home/varn1t/ml-pipeline/venv/lib/python3.11/site-packages/airflow/example_dags/example_branch_datetime_operator.py for tasks to queue
[2026-05-24T17:11:45.097+0000] {logging_mixin.py:188} INFO - [2026-05-24T17:11:45.097+0000] {dagbag.py:545} INFO - Filling up the DagBag from /home/varn1t/ml-pipeline/venv/lib/python3.11/site-packages/airflow/example_dags/example_branch_datetime_operator.py
[2026-05-24T17:11:45.103+0000] {processor.py:840} INFO - DAG(s) 'example_branch_datetime_operator_3', 'example_branch_datetime_operator', 'example_branch_datetime_operator_2' retrieved from /home/varn1t/ml-pipeline/venv/lib/python3.11/site-packages/airflow/example_dags/example_branch_datetime_operator.py
[2026-05-24T17:11:45.118+0000] {logging_mixin.py:188} INFO - [2026-05-24T17:11:45.117+0000] {dag.py:3096} INFO - Sync 3 DAGs
[2026-05-24T17:11:45.131+0000] {logging_mixin.py:188} INFO - [2026-05-24T17:11:45.130+0000] {dag.py:3954} INFO - Setting next_dagrun for example_branch_datetime_operator to 2026-05-23 00:00:00+00:00, run_after=2026-05-24 00:00:00+00:00
[2026-05-24T17:11:45.133+0000] {logging_mixin.py:188} INFO - [2026-05-24T17:11:45.133+0000] {dag.py:3954} INFO - Setting next_dagrun for example_branch_datetime_operator_2 to 2026-05-23 00:00:00+00:00, run_after=2026-05-24 00:00:00+00:00
[2026-05-24T17:11:45.134+0000] {logging_mixin.py:188} INFO - [2026-05-24T17:11:45.134+0000] {dag.py:3954} INFO - Setting next_dagrun for example_branch_datetime_operator_3 to 2026-05-23 00:00:00+00:00, run_after=2026-05-24 00:00:00+00:00
[2026-05-24T17:11:45.147+0000] {processor.py:183} INFO - Processing /home/varn1t/ml-pipeline/venv/lib/python3.11/site-packages/airflow/example_dags/example_branch_datetime_operator.py took 0.056 seconds
[2026-05-24T17:12:46.979+0000] {processor.py:161} INFO - Started process (PID=28857) to work on /home/varn1t/ml-pipeline/venv/lib/python3.11/site-packages/airflow/example_dags/example_branch_datetime_operator.py
[2026-05-24T17:12:46.980+0000] {processor.py:830} INFO - Processing file /home/varn1t/ml-pipeline/venv/lib/python3.11/site-packages/airflow/example_dags/example_branch_datetime_operator.py for tasks to queue
[2026-05-24T17:12:46.981+0000] {logging_mixin.py:188} INFO - [2026-05-24T17:12:46.981+0000] {dagbag.py:545} INFO - Filling up the DagBag from /home/varn1t/ml-pipeline/venv/lib/python3.11/site-packages/airflow/example_dags/example_branch_datetime_operator.py
[2026-05-24T17:12:46.988+0000] {processor.py:840} INFO - DAG(s) 'example_branch_datetime_operator_2', 'example_branch_datetime_operator_3', 'example_branch_datetime_operator' retrieved from /home/varn1t/ml-pipeline/venv/lib/python3.11/site-packages/airflow/example_dags/example_branch_datetime_operator.py
[2026-05-24T17:12:47.001+0000] {logging_mixin.py:188} INFO - [2026-05-24T17:12:47.001+0000] {dag.py:3096} INFO - Sync 3 DAGs
[2026-05-24T17:12:47.012+0000] {logging_mixin.py:188} INFO - [2026-05-24T17:12:47.011+0000] {dag.py:3954} INFO - Setting next_dagrun for example_branch_datetime_operator to 2026-05-23 00:00:00+00:00, run_after=2026-05-24 00:00:00+00:00
[2026-05-24T17:12:47.014+0000] {logging_mixin.py:188} INFO - [2026-05-24T17:12:47.014+0000] {dag.py:3954} INFO - Setting next_dagrun for example_branch_datetime_operator_2 to 2026-05-23 00:00:00+00:00, run_after=2026-05-24 00:00:00+00:00
[2026-05-24T17:12:47.015+0000] {logging_mixin.py:188} INFO - [2026-05-24T17:12:47.015+0000] {dag.py:3954} INFO - Setting next_dagrun for example_branch_datetime_operator_3 to 2026-05-23 00:00:00+00:00, run_after=2026-05-24 00:00:00+00:00
[2026-05-24T17:12:47.029+0000] {processor.py:183} INFO - Processing /home/varn1t/ml-pipeline/venv/lib/python3.11/site-packages/airflow/example_dags/example_branch_datetime_operator.py took 0.054 seconds
[2026-05-24T17:13:50.820+0000] {processor.py:161} INFO - Started process (PID=29129) to work on /home/varn1t/ml-pipeline/venv/lib/python3.11/site-packages/airflow/example_dags/example_branch_datetime_operator.py
[2026-05-24T17:13:50.821+0000] {processor.py:830} INFO - Processing file /home/varn1t/ml-pipeline/venv/lib/python3.11/site-packages/airflow/example_dags/example_branch_datetime_operator.py for tasks to queue
[2026-05-24T17:13:50.822+0000] {logging_mixin.py:188} INFO - [2026-05-24T17:13:50.822+0000] {dagbag.py:545} INFO - Filling up the DagBag from /home/varn1t/ml-pipeline/venv/lib/python3.11/site-packages/airflow/example_dags/example_branch_datetime_operator.py
[2026-05-24T17:13:50.829+0000] {processor.py:840} INFO - DAG(s) 'example_branch_datetime_operator', 'example_branch_datetime_operator_2', 'example_branch_datetime_operator_3' retrieved from /home/varn1t/ml-pipeline/venv/lib/python3.11/site-packages/airflow/example_dags/example_branch_datetime_operator.py
[2026-05-24T17:13:50.845+0000] {logging_mixin.py:188} INFO - [2026-05-24T17:13:50.845+0000] {dag.py:3096} INFO - Sync 3 DAGs
[2026-05-24T17:13:50.859+0000] {logging_mixin.py:188} INFO - [2026-05-24T17:13:50.859+0000] {dag.py:3954} INFO - Setting next_dagrun for example_branch_datetime_operator to 2026-05-23 00:00:00+00:00, run_after=2026-05-24 00:00:00+00:00
[2026-05-24T17:13:50.862+0000] {logging_mixin.py:188} INFO - [2026-05-24T17:13:50.862+0000] {dag.py:3954} INFO - Setting next_dagrun for example_branch_datetime_operator_2 to 2026-05-23 00:00:00+00:00, run_after=2026-05-24 00:00:00+00:00
[2026-05-24T17:13:50.863+0000] {logging_mixin.py:188} INFO - [2026-05-24T17:13:50.863+0000] {dag.py:3954} INFO - Setting next_dagrun for example_branch_datetime_operator_3 to 2026-05-23 00:00:00+00:00, run_after=2026-05-24 00:00:00+00:00
[2026-05-24T17:13:50.880+0000] {processor.py:183} INFO - Processing /home/varn1t/ml-pipeline/venv/lib/python3.11/site-packages/airflow/example_dags/example_branch_datetime_operator.py took 0.064 seconds
[2026-05-24T17:14:53.563+0000] {processor.py:161} INFO - Started process (PID=29438) to work on /home/varn1t/ml-pipeline/venv/lib/python3.11/site-packages/airflow/example_dags/example_branch_datetime_operator.py
[2026-05-24T17:14:53.564+0000] {processor.py:830} INFO - Processing file /home/varn1t/ml-pipeline/venv/lib/python3.11/site-packages/airflow/example_dags/example_branch_datetime_operator.py for tasks to queue
[2026-05-24T17:14:53.565+0000] {logging_mixin.py:188} INFO - [2026-05-24T17:14:53.565+0000] {dagbag.py:545} INFO - Filling up the DagBag from /home/varn1t/ml-pipeline/venv/lib/python3.11/site-packages/airflow/example_dags/example_branch_datetime_operator.py
[2026-05-24T17:14:53.570+0000] {processor.py:840} INFO - DAG(s) 'example_branch_datetime_operator', 'example_branch_datetime_operator_2', 'example_branch_datetime_operator_3' retrieved from /home/varn1t/ml-pipeline/venv/lib/python3.11/site-packages/airflow/example_dags/example_branch_datetime_operator.py
[2026-05-24T17:14:53.584+0000] {logging_mixin.py:188} INFO - [2026-05-24T17:14:53.583+0000] {dag.py:3096} INFO - Sync 3 DAGs
[2026-05-24T17:14:53.594+0000] {logging_mixin.py:188} INFO - [2026-05-24T17:14:53.594+0000] {dag.py:3954} INFO - Setting next_dagrun for example_branch_datetime_operator to 2026-05-23 00:00:00+00:00, run_after=2026-05-24 00:00:00+00:00
[2026-05-24T17:14:53.596+0000] {logging_mixin.py:188} INFO - [2026-05-24T17:14:53.596+0000] {dag.py:3954} INFO - Setting next_dagrun for example_branch_datetime_operator_2 to 2026-05-23 00:00:00+00:00, run_after=2026-05-24 00:00:00+00:00
[2026-05-24T17:14:53.597+0000] {logging_mixin.py:188} INFO - [2026-05-24T17:14:53.597+0000] {dag.py:3954} INFO - Setting next_dagrun for example_branch_datetime_operator_3 to 2026-05-23 00:00:00+00:00, run_after=2026-05-24 00:00:00+00:00
[2026-05-24T17:14:53.611+0000] {processor.py:183} INFO - Processing /home/varn1t/ml-pipeline/venv/lib/python3.11/site-packages/airflow/example_dags/example_branch_datetime_operator.py took 0.052 seconds
[2026-05-24T17:15:39.871+0000] {processor.py:161} INFO - Started process (PID=29719) to work on /home/varn1t/ml-pipeline/venv/lib/python3.11/site-packages/airflow/example_dags/example_branch_datetime_operator.py
[2026-05-24T17:15:39.872+0000] {processor.py:830} INFO - Processing file /home/varn1t/ml-pipeline/venv/lib/python3.11/site-packages/airflow/example_dags/example_branch_datetime_operator.py for tasks to queue
[2026-05-24T17:15:39.873+0000] {logging_mixin.py:188} INFO - [2026-05-24T17:15:39.873+0000] {dagbag.py:545} INFO - Filling up the DagBag from /home/varn1t/ml-pipeline/venv/lib/python3.11/site-packages/airflow/example_dags/example_branch_datetime_operator.py
[2026-05-24T17:15:39.879+0000] {processor.py:840} INFO - DAG(s) 'example_branch_datetime_operator_3', 'example_branch_datetime_operator', 'example_branch_datetime_operator_2' retrieved from /home/varn1t/ml-pipeline/venv/lib/python3.11/site-packages/airflow/example_dags/example_branch_datetime_operator.py
[2026-05-24T17:15:39.892+0000] {logging_mixin.py:188} INFO - [2026-05-24T17:15:39.892+0000] {dag.py:3096} INFO - Sync 3 DAGs
[2026-05-24T17:15:39.903+0000] {logging_mixin.py:188} INFO - [2026-05-24T17:15:39.903+0000] {dag.py:3954} INFO - Setting next_dagrun for example_branch_datetime_operator to 2026-05-23 00:00:00+00:00, run_after=2026-05-24 00:00:00+00:00
[2026-05-24T17:15:39.905+0000] {logging_mixin.py:188} INFO - [2026-05-24T17:15:39.905+0000] {dag.py:3954} INFO - Setting next_dagrun for example_branch_datetime_operator_2 to 2026-05-23 00:00:00+00:00, run_after=2026-05-24 00:00:00+00:00
[2026-05-24T17:15:39.906+0000] {logging_mixin.py:188} INFO - [2026-05-24T17:15:39.906+0000] {dag.py:3954} INFO - Setting next_dagrun for example_branch_datetime_operator_3 to 2026-05-23 00:00:00+00:00, run_after=2026-05-24 00:00:00+00:00
[2026-05-24T17:15:39.918+0000] {processor.py:183} INFO - Processing /home/varn1t/ml-pipeline/venv/lib/python3.11/site-packages/airflow/example_dags/example_branch_datetime_operator.py took 0.051 seconds
[2026-05-24T17:16:42.798+0000] {processor.py:161} INFO - Started process (PID=29988) to work on /home/varn1t/ml-pipeline/venv/lib/python3.11/site-packages/airflow/example_dags/example_branch_datetime_operator.py
[2026-05-24T17:16:42.799+0000] {processor.py:830} INFO - Processing file /home/varn1t/ml-pipeline/venv/lib/python3.11/site-packages/airflow/example_dags/example_branch_datetime_operator.py for tasks to queue
[2026-05-24T17:16:42.801+0000] {logging_mixin.py:188} INFO - [2026-05-24T17:16:42.801+0000] {dagbag.py:545} INFO - Filling up the DagBag from /home/varn1t/ml-pipeline/venv/lib/python3.11/site-packages/airflow/example_dags/example_branch_datetime_operator.py
[2026-05-24T17:16:42.808+0000] {processor.py:840} INFO - DAG(s) 'example_branch_datetime_operator', 'example_branch_datetime_operator_3', 'example_branch_datetime_operator_2' retrieved from /home/varn1t/ml-pipeline/venv/lib/python3.11/site-packages/airflow/example_dags/example_branch_datetime_operator.py
[2026-05-24T17:16:42.822+0000] {logging_mixin.py:188} INFO - [2026-05-24T17:16:42.822+0000] {dag.py:3096} INFO - Sync 3 DAGs
[2026-05-24T17:16:42.834+0000] {logging_mixin.py:188} INFO - [2026-05-24T17:16:42.834+0000] {dag.py:3954} INFO - Setting next_dagrun for example_branch_datetime_operator to 2026-05-23 00:00:00+00:00, run_after=2026-05-24 00:00:00+00:00
[2026-05-24T17:16:42.837+0000] {logging_mixin.py:188} INFO - [2026-05-24T17:16:42.837+0000] {dag.py:3954} INFO - Setting next_dagrun for example_branch_datetime_operator_2 to 2026-05-23 00:00:00+00:00, run_after=2026-05-24 00:00:00+00:00
[2026-05-24T17:16:42.838+0000] {logging_mixin.py:188} INFO - [2026-05-24T17:16:42.838+0000] {dag.py:3954} INFO - Setting next_dagrun for example_branch_datetime_operator_3 to 2026-05-23 00:00:00+00:00, run_after=2026-05-24 00:00:00+00:00
[2026-05-24T17:16:42.856+0000] {processor.py:183} INFO - Processing /home/varn1t/ml-pipeline/venv/lib/python3.11/site-packages/airflow/example_dags/example_branch_datetime_operator.py took 0.062 seconds
[2026-05-24T17:17:34.958+0000] {processor.py:161} INFO - Started process (PID=30560) to work on /home/varn1t/ml-pipeline/venv/lib/python3.11/site-packages/airflow/example_dags/example_branch_datetime_operator.py
[2026-05-24T17:17:34.959+0000] {processor.py:830} INFO - Processing file /home/varn1t/ml-pipeline/venv/lib/python3.11/site-packages/airflow/example_dags/example_branch_datetime_operator.py for tasks to queue
[2026-05-24T17:17:34.961+0000] {logging_mixin.py:188} INFO - [2026-05-24T17:17:34.961+0000] {dagbag.py:545} INFO - Filling up the DagBag from /home/varn1t/ml-pipeline/venv/lib/python3.11/site-packages/airflow/example_dags/example_branch_datetime_operator.py
[2026-05-24T17:17:34.968+0000] {processor.py:840} INFO - DAG(s) 'example_branch_datetime_operator', 'example_branch_datetime_operator_2', 'example_branch_datetime_operator_3' retrieved from /home/varn1t/ml-pipeline/venv/lib/python3.11/site-packages/airflow/example_dags/example_branch_datetime_operator.py
[2026-05-24T17:17:34.989+0000] {logging_mixin.py:188} INFO - [2026-05-24T17:17:34.989+0000] {dag.py:3096} INFO - Sync 3 DAGs
[2026-05-24T17:17:35.127+0000] {logging_mixin.py:188} INFO - [2026-05-24T17:17:35.126+0000] {dag.py:3954} INFO - Setting next_dagrun for example_branch_datetime_operator to 2026-05-23 00:00:00+00:00, run_after=2026-05-24 00:00:00+00:00
[2026-05-24T17:17:35.132+0000] {logging_mixin.py:188} INFO - [2026-05-24T17:17:35.132+0000] {dag.py:3954} INFO - Setting next_dagrun for example_branch_datetime_operator_2 to 2026-05-23 00:00:00+00:00, run_after=2026-05-24 00:00:00+00:00
[2026-05-24T17:17:35.134+0000] {logging_mixin.py:188} INFO - [2026-05-24T17:17:35.134+0000] {dag.py:3954} INFO - Setting next_dagrun for example_branch_datetime_operator_3 to 2026-05-23 00:00:00+00:00, run_after=2026-05-24 00:00:00+00:00
[2026-05-24T17:17:35.152+0000] {processor.py:183} INFO - Processing /home/varn1t/ml-pipeline/venv/lib/python3.11/site-packages/airflow/example_dags/example_branch_datetime_operator.py took 0.200 seconds
[2026-05-24T17:18:41.202+0000] {processor.py:161} INFO - Started process (PID=31042) to work on /home/varn1t/ml-pipeline/venv/lib/python3.11/site-packages/airflow/example_dags/example_branch_datetime_operator.py
[2026-05-24T17:18:41.203+0000] {processor.py:830} INFO - Processing file /home/varn1t/ml-pipeline/venv/lib/python3.11/site-packages/airflow/example_dags/example_branch_datetime_operator.py for tasks to queue
[2026-05-24T17:18:41.204+0000] {logging_mixin.py:188} INFO - [2026-05-24T17:18:41.204+0000] {dagbag.py:545} INFO - Filling up the DagBag from /home/varn1t/ml-pipeline/venv/lib/python3.11/site-packages/airflow/example_dags/example_branch_datetime_operator.py
[2026-05-24T17:18:41.210+0000] {processor.py:840} INFO - DAG(s) 'example_branch_datetime_operator_3', 'example_branch_datetime_operator_2', 'example_branch_datetime_operator' retrieved from /home/varn1t/ml-pipeline/venv/lib/python3.11/site-packages/airflow/example_dags/example_branch_datetime_operator.py
[2026-05-24T17:18:41.222+0000] {logging_mixin.py:188} INFO - [2026-05-24T17:18:41.222+0000] {dag.py:3096} INFO - Sync 3 DAGs
[2026-05-24T17:18:41.234+0000] {logging_mixin.py:188} INFO - [2026-05-24T17:18:41.234+0000] {dag.py:3954} INFO - Setting next_dagrun for example_branch_datetime_operator to 2026-05-23 00:00:00+00:00, run_after=2026-05-24 00:00:00+00:00
[2026-05-24T17:18:41.236+0000] {logging_mixin.py:188} INFO - [2026-05-24T17:18:41.236+0000] {dag.py:3954} INFO - Setting next_dagrun for example_branch_datetime_operator_2 to 2026-05-23 00:00:00+00:00, run_after=2026-05-24 00:00:00+00:00
[2026-05-24T17:18:41.236+0000] {logging_mixin.py:188} INFO - [2026-05-24T17:18:41.236+0000] {dag.py:3954} INFO - Setting next_dagrun for example_branch_datetime_operator_3 to 2026-05-23 00:00:00+00:00, run_after=2026-05-24 00:00:00+00:00
[2026-05-24T17:18:41.248+0000] {processor.py:183} INFO - Processing /home/varn1t/ml-pipeline/venv/lib/python3.11/site-packages/airflow/example_dags/example_branch_datetime_operator.py took 0.051 seconds
[2026-05-24T17:19:47.889+0000] {processor.py:161} INFO - Started process (PID=31531) to work on /home/varn1t/ml-pipeline/venv/lib/python3.11/site-packages/airflow/example_dags/example_branch_datetime_operator.py
[2026-05-24T17:19:47.890+0000] {processor.py:830} INFO - Processing file /home/varn1t/ml-pipeline/venv/lib/python3.11/site-packages/airflow/example_dags/example_branch_datetime_operator.py for tasks to queue
[2026-05-24T17:19:47.891+0000] {logging_mixin.py:188} INFO - [2026-05-24T17:19:47.891+0000] {dagbag.py:545} INFO - Filling up the DagBag from /home/varn1t/ml-pipeline/venv/lib/python3.11/site-packages/airflow/example_dags/example_branch_datetime_operator.py
[2026-05-24T17:19:47.897+0000] {processor.py:840} INFO - DAG(s) 'example_branch_datetime_operator_2', 'example_branch_datetime_operator', 'example_branch_datetime_operator_3' retrieved from /home/varn1t/ml-pipeline/venv/lib/python3.11/site-packages/airflow/example_dags/example_branch_datetime_operator.py
[2026-05-24T17:19:48.018+0000] {logging_mixin.py:188} INFO - [2026-05-24T17:19:48.018+0000] {dag.py:3096} INFO - Sync 3 DAGs
[2026-05-24T17:19:48.038+0000] {logging_mixin.py:188} INFO - [2026-05-24T17:19:48.038+0000] {dag.py:3954} INFO - Setting next_dagrun for example_branch_datetime_operator to 2026-05-23 00:00:00+00:00, run_after=2026-05-24 00:00:00+00:00
[2026-05-24T17:19:48.041+0000] {logging_mixin.py:188} INFO - [2026-05-24T17:19:48.041+0000] {dag.py:3954} INFO - Setting next_dagrun for example_branch_datetime_operator_2 to 2026-05-23 00:00:00+00:00, run_after=2026-05-24 00:00:00+00:00
[2026-05-24T17:19:48.042+0000] {logging_mixin.py:188} INFO - [2026-05-24T17:19:48.042+0000] {dag.py:3954} INFO - Setting next_dagrun for example_branch_datetime_operator_3 to 2026-05-23 00:00:00+00:00, run_after=2026-05-24 00:00:00+00:00
[2026-05-24T17:19:48.057+0000] {processor.py:183} INFO - Processing /home/varn1t/ml-pipeline/venv/lib/python3.11/site-packages/airflow/example_dags/example_branch_datetime_operator.py took 0.173 seconds
[2026-05-24T17:20:57.969+0000] {processor.py:161} INFO - Started process (PID=31997) to work on /home/varn1t/ml-pipeline/venv/lib/python3.11/site-packages/airflow/example_dags/example_branch_datetime_operator.py
[2026-05-24T17:20:57.970+0000] {processor.py:830} INFO - Processing file /home/varn1t/ml-pipeline/venv/lib/python3.11/site-packages/airflow/example_dags/example_branch_datetime_operator.py for tasks to queue
[2026-05-24T17:20:57.971+0000] {logging_mixin.py:188} INFO - [2026-05-24T17:20:57.971+0000] {dagbag.py:545} INFO - Filling up the DagBag from /home/varn1t/ml-pipeline/venv/lib/python3.11/site-packages/airflow/example_dags/example_branch_datetime_operator.py
[2026-05-24T17:20:57.978+0000] {processor.py:840} INFO - DAG(s) 'example_branch_datetime_operator', 'example_branch_datetime_operator_2', 'example_branch_datetime_operator_3' retrieved from /home/varn1t/ml-pipeline/venv/lib/python3.11/site-packages/airflow/example_dags/example_branch_datetime_operator.py
[2026-05-24T17:20:57.993+0000] {logging_mixin.py:188} INFO - [2026-05-24T17:20:57.993+0000] {dag.py:3096} INFO - Sync 3 DAGs
[2026-05-24T17:20:58.003+0000] {logging_mixin.py:188} INFO - [2026-05-24T17:20:58.003+0000] {dag.py:3954} INFO - Setting next_dagrun for example_branch_datetime_operator to 2026-05-23 00:00:00+00:00, run_after=2026-05-24 00:00:00+00:00
[2026-05-24T17:20:58.006+0000] {logging_mixin.py:188} INFO - [2026-05-24T17:20:58.005+0000] {dag.py:3954} INFO - Setting next_dagrun for example_branch_datetime_operator_2 to 2026-05-23 00:00:00+00:00, run_after=2026-05-24 00:00:00+00:00
[2026-05-24T17:20:58.006+0000] {logging_mixin.py:188} INFO - [2026-05-24T17:20:58.006+0000] {dag.py:3954} INFO - Setting next_dagrun for example_branch_datetime_operator_3 to 2026-05-23 00:00:00+00:00, run_after=2026-05-24 00:00:00+00:00
[2026-05-24T17:20:58.018+0000] {processor.py:183} INFO - Processing /home/varn1t/ml-pipeline/venv/lib/python3.11/site-packages/airflow/example_dags/example_branch_datetime_operator.py took 0.053 seconds
[2026-05-24T17:22:02.728+0000] {processor.py:161} INFO - Started process (PID=32302) to work on /home/varn1t/ml-pipeline/venv/lib/python3.11/site-packages/airflow/example_dags/example_branch_datetime_operator.py
[2026-05-24T17:22:02.730+0000] {processor.py:830} INFO - Processing file /home/varn1t/ml-pipeline/venv/lib/python3.11/site-packages/airflow/example_dags/example_branch_datetime_operator.py for tasks to queue
[2026-05-24T17:22:02.732+0000] {logging_mixin.py:188} INFO - [2026-05-24T17:22:02.732+0000] {dagbag.py:545} INFO - Filling up the DagBag from /home/varn1t/ml-pipeline/venv/lib/python3.11/site-packages/airflow/example_dags/example_branch_datetime_operator.py
[2026-05-24T17:22:02.741+0000] {processor.py:840} INFO - DAG(s) 'example_branch_datetime_operator_2', 'example_branch_datetime_operator', 'example_branch_datetime_operator_3' retrieved from /home/varn1t/ml-pipeline/venv/lib/python3.11/site-packages/airflow/example_dags/example_branch_datetime_operator.py
[2026-05-24T17:22:02.756+0000] {logging_mixin.py:188} INFO - [2026-05-24T17:22:02.756+0000] {dag.py:3096} INFO - Sync 3 DAGs
[2026-05-24T17:22:02.770+0000] {logging_mixin.py:188} INFO - [2026-05-24T17:22:02.769+0000] {dag.py:3954} INFO - Setting next_dagrun for example_branch_datetime_operator to 2026-05-23 00:00:00+00:00, run_after=2026-05-24 00:00:00+00:00
[2026-05-24T17:22:02.773+0000] {logging_mixin.py:188} INFO - [2026-05-24T17:22:02.773+0000] {dag.py:3954} INFO - Setting next_dagrun for example_branch_datetime_operator_2 to 2026-05-23 00:00:00+00:00, run_after=2026-05-24 00:00:00+00:00
[2026-05-24T17:22:02.774+0000] {logging_mixin.py:188} INFO - [2026-05-24T17:22:02.774+0000] {dag.py:3954} INFO - Setting next_dagrun for example_branch_datetime_operator_3 to 2026-05-23 00:00:00+00:00, run_after=2026-05-24 00:00:00+00:00
[2026-05-24T17:22:02.790+0000] {processor.py:183} INFO - Processing /home/varn1t/ml-pipeline/venv/lib/python3.11/site-packages/airflow/example_dags/example_branch_datetime_operator.py took 0.066 seconds
[2026-05-24T17:23:10.679+0000] {processor.py:161} INFO - Started process (PID=32635) to work on /home/varn1t/ml-pipeline/venv/lib/python3.11/site-packages/airflow/example_dags/example_branch_datetime_operator.py
[2026-05-24T17:23:10.680+0000] {processor.py:830} INFO - Processing file /home/varn1t/ml-pipeline/venv/lib/python3.11/site-packages/airflow/example_dags/example_branch_datetime_operator.py for tasks to queue
[2026-05-24T17:23:10.681+0000] {logging_mixin.py:188} INFO - [2026-05-24T17:23:10.681+0000] {dagbag.py:545} INFO - Filling up the DagBag from /home/varn1t/ml-pipeline/venv/lib/python3.11/site-packages/airflow/example_dags/example_branch_datetime_operator.py
[2026-05-24T17:23:10.687+0000] {processor.py:840} INFO - DAG(s) 'example_branch_datetime_operator_2', 'example_branch_datetime_operator', 'example_branch_datetime_operator_3' retrieved from /home/varn1t/ml-pipeline/venv/lib/python3.11/site-packages/airflow/example_dags/example_branch_datetime_operator.py
[2026-05-24T17:23:10.703+0000] {logging_mixin.py:188} INFO - [2026-05-24T17:23:10.703+0000] {dag.py:3096} INFO - Sync 3 DAGs
[2026-05-24T17:23:10.717+0000] {logging_mixin.py:188} INFO - [2026-05-24T17:23:10.717+0000] {dag.py:3954} INFO - Setting next_dagrun for example_branch_datetime_operator to 2026-05-23 00:00:00+00:00, run_after=2026-05-24 00:00:00+00:00
[2026-05-24T17:23:10.719+0000] {logging_mixin.py:188} INFO - [2026-05-24T17:23:10.719+0000] {dag.py:3954} INFO - Setting next_dagrun for example_branch_datetime_operator_2 to 2026-05-23 00:00:00+00:00, run_after=2026-05-24 00:00:00+00:00
[2026-05-24T17:23:10.720+0000] {logging_mixin.py:188} INFO - [2026-05-24T17:23:10.720+0000] {dag.py:3954} INFO - Setting next_dagrun for example_branch_datetime_operator_3 to 2026-05-23 00:00:00+00:00, run_after=2026-05-24 00:00:00+00:00
[2026-05-24T17:23:10.736+0000] {processor.py:183} INFO - Processing /home/varn1t/ml-pipeline/venv/lib/python3.11/site-packages/airflow/example_dags/example_branch_datetime_operator.py took 0.064 seconds
[2026-05-24T17:24:15.450+0000] {processor.py:161} INFO - Started process (PID=33028) to work on /home/varn1t/ml-pipeline/venv/lib/python3.11/site-packages/airflow/example_dags/example_branch_datetime_operator.py
[2026-05-24T17:24:15.451+0000] {processor.py:830} INFO - Processing file /home/varn1t/ml-pipeline/venv/lib/python3.11/site-packages/airflow/example_dags/example_branch_datetime_operator.py for tasks to queue
[2026-05-24T17:24:15.453+0000] {logging_mixin.py:188} INFO - [2026-05-24T17:24:15.452+0000] {dagbag.py:545} INFO - Filling up the DagBag from /home/varn1t/ml-pipeline/venv/lib/python3.11/site-packages/airflow/example_dags/example_branch_datetime_operator.py
[2026-05-24T17:24:15.461+0000] {processor.py:840} INFO - DAG(s) 'example_branch_datetime_operator_2', 'example_branch_datetime_operator', 'example_branch_datetime_operator_3' retrieved from /home/varn1t/ml-pipeline/venv/lib/python3.11/site-packages/airflow/example_dags/example_branch_datetime_operator.py
[2026-05-24T17:24:15.476+0000] {logging_mixin.py:188} INFO - [2026-05-24T17:24:15.476+0000] {dag.py:3096} INFO - Sync 3 DAGs
[2026-05-24T17:24:15.489+0000] {logging_mixin.py:188} INFO - [2026-05-24T17:24:15.489+0000] {dag.py:3954} INFO - Setting next_dagrun for example_branch_datetime_operator to 2026-05-23 00:00:00+00:00, run_after=2026-05-24 00:00:00+00:00
[2026-05-24T17:24:15.491+0000] {logging_mixin.py:188} INFO - [2026-05-24T17:24:15.491+0000] {dag.py:3954} INFO - Setting next_dagrun for example_branch_datetime_operator_2 to 2026-05-23 00:00:00+00:00, run_after=2026-05-24 00:00:00+00:00
[2026-05-24T17:24:15.492+0000] {logging_mixin.py:188} INFO - [2026-05-24T17:24:15.492+0000] {dag.py:3954} INFO - Setting next_dagrun for example_branch_datetime_operator_3 to 2026-05-23 00:00:00+00:00, run_after=2026-05-24 00:00:00+00:00
[2026-05-24T17:24:15.507+0000] {processor.py:183} INFO - Processing /home/varn1t/ml-pipeline/venv/lib/python3.11/site-packages/airflow/example_dags/example_branch_datetime_operator.py took 0.063 seconds
[2026-05-24T17:25:21.585+0000] {processor.py:161} INFO - Started process (PID=33393) to work on /home/varn1t/ml-pipeline/venv/lib/python3.11/site-packages/airflow/example_dags/example_branch_datetime_operator.py
[2026-05-24T17:25:21.586+0000] {processor.py:830} INFO - Processing file /home/varn1t/ml-pipeline/venv/lib/python3.11/site-packages/airflow/example_dags/example_branch_datetime_operator.py for tasks to queue
[2026-05-24T17:25:21.587+0000] {logging_mixin.py:188} INFO - [2026-05-24T17:25:21.587+0000] {dagbag.py:545} INFO - Filling up the DagBag from /home/varn1t/ml-pipeline/venv/lib/python3.11/site-packages/airflow/example_dags/example_branch_datetime_operator.py
[2026-05-24T17:25:21.592+0000] {processor.py:840} INFO - DAG(s) 'example_branch_datetime_operator_3', 'example_branch_datetime_operator_2', 'example_branch_datetime_operator' retrieved from /home/varn1t/ml-pipeline/venv/lib/python3.11/site-packages/airflow/example_dags/example_branch_datetime_operator.py
[2026-05-24T17:25:21.606+0000] {logging_mixin.py:188} INFO - [2026-05-24T17:25:21.606+0000] {dag.py:3096} INFO - Sync 3 DAGs
[2026-05-24T17:25:21.616+0000] {logging_mixin.py:188} INFO - [2026-05-24T17:25:21.616+0000] {dag.py:3954} INFO - Setting next_dagrun for example_branch_datetime_operator to 2026-05-23 00:00:00+00:00, run_after=2026-05-24 00:00:00+00:00
[2026-05-24T17:25:21.618+0000] {logging_mixin.py:188} INFO - [2026-05-24T17:25:21.618+0000] {dag.py:3954} INFO - Setting next_dagrun for example_branch_datetime_operator_2 to 2026-05-23 00:00:00+00:00, run_after=2026-05-24 00:00:00+00:00
[2026-05-24T17:25:21.618+0000] {logging_mixin.py:188} INFO - [2026-05-24T17:25:21.618+0000] {dag.py:3954} INFO - Setting next_dagrun for example_branch_datetime_operator_3 to 2026-05-23 00:00:00+00:00, run_after=2026-05-24 00:00:00+00:00
[2026-05-24T17:25:21.634+0000] {processor.py:183} INFO - Processing /home/varn1t/ml-pipeline/venv/lib/python3.11/site-packages/airflow/example_dags/example_branch_datetime_operator.py took 0.054 seconds
