[2026-05-24T13:28:37.631+0000] {processor.py:161} INFO - Started process (PID=3613) to work on /home/varn1t/ml-pipeline/venv/lib/python3.11/site-packages/airflow/example_dags/example_dynamic_task_mapping.py
[2026-05-24T13:28:37.632+0000] {processor.py:830} INFO - Processing file /home/varn1t/ml-pipeline/venv/lib/python3.11/site-packages/airflow/example_dags/example_dynamic_task_mapping.py for tasks to queue
[2026-05-24T13:28:37.634+0000] {logging_mixin.py:188} INFO - [2026-05-24T13:28:37.633+0000] {dagbag.py:545} INFO - Filling up the DagBag from /home/varn1t/ml-pipeline/venv/lib/python3.11/site-packages/airflow/example_dags/example_dynamic_task_mapping.py
[2026-05-24T13:28:37.641+0000] {processor.py:840} INFO - DAG(s) 'example_dynamic_task_mapping' retrieved from /home/varn1t/ml-pipeline/venv/lib/python3.11/site-packages/airflow/example_dags/example_dynamic_task_mapping.py
[2026-05-24T13:28:37.703+0000] {logging_mixin.py:188} INFO - [2026-05-24T13:28:37.703+0000] {dag.py:3096} INFO - Sync 1 DAGs
[2026-05-24T13:28:37.716+0000] {logging_mixin.py:188} INFO - [2026-05-24T13:28:37.715+0000] {dag.py:3954} INFO - Setting next_dagrun for example_dynamic_task_mapping to 2022-03-04 00:00:00+00:00, run_after=2022-03-05 00:00:00+00:00
[2026-05-24T13:28:37.734+0000] {processor.py:183} INFO - Processing /home/varn1t/ml-pipeline/venv/lib/python3.11/site-packages/airflow/example_dags/example_dynamic_task_mapping.py took 0.109 seconds
[2026-05-24T13:29:38.619+0000] {processor.py:161} INFO - Started process (PID=4317) to work on /home/varn1t/ml-pipeline/venv/lib/python3.11/site-packages/airflow/example_dags/example_dynamic_task_mapping.py
[2026-05-24T13:29:38.620+0000] {processor.py:830} INFO - Processing file /home/varn1t/ml-pipeline/venv/lib/python3.11/site-packages/airflow/example_dags/example_dynamic_task_mapping.py for tasks to queue
[2026-05-24T13:29:38.621+0000] {logging_mixin.py:188} INFO - [2026-05-24T13:29:38.621+0000] {dagbag.py:545} INFO - Filling up the DagBag from /home/varn1t/ml-pipeline/venv/lib/python3.11/site-packages/airflow/example_dags/example_dynamic_task_mapping.py
[2026-05-24T13:29:38.629+0000] {processor.py:840} INFO - DAG(s) 'example_dynamic_task_mapping' retrieved from /home/varn1t/ml-pipeline/venv/lib/python3.11/site-packages/airflow/example_dags/example_dynamic_task_mapping.py
[2026-05-24T13:29:38.641+0000] {logging_mixin.py:188} INFO - [2026-05-24T13:29:38.641+0000] {dag.py:3096} INFO - Sync 1 DAGs
[2026-05-24T13:29:38.655+0000] {logging_mixin.py:188} INFO - [2026-05-24T13:29:38.655+0000] {dag.py:3954} INFO - Setting next_dagrun for example_dynamic_task_mapping to 2022-03-04 00:00:00+00:00, run_after=2022-03-05 00:00:00+00:00
[2026-05-24T13:29:38.670+0000] {processor.py:183} INFO - Processing /home/varn1t/ml-pipeline/venv/lib/python3.11/site-packages/airflow/example_dags/example_dynamic_task_mapping.py took 0.056 seconds
[2026-05-24T13:30:25.429+0000] {processor.py:161} INFO - Started process (PID=4519) to work on /home/varn1t/ml-pipeline/venv/lib/python3.11/site-packages/airflow/example_dags/example_dynamic_task_mapping.py
[2026-05-24T13:30:25.431+0000] {processor.py:830} INFO - Processing file /home/varn1t/ml-pipeline/venv/lib/python3.11/site-packages/airflow/example_dags/example_dynamic_task_mapping.py for tasks to queue
[2026-05-24T13:30:25.433+0000] {logging_mixin.py:188} INFO - [2026-05-24T13:30:25.432+0000] {dagbag.py:545} INFO - Filling up the DagBag from /home/varn1t/ml-pipeline/venv/lib/python3.11/site-packages/airflow/example_dags/example_dynamic_task_mapping.py
[2026-05-24T13:30:25.440+0000] {processor.py:840} INFO - DAG(s) 'example_dynamic_task_mapping' retrieved from /home/varn1t/ml-pipeline/venv/lib/python3.11/site-packages/airflow/example_dags/example_dynamic_task_mapping.py
[2026-05-24T13:30:25.455+0000] {logging_mixin.py:188} INFO - [2026-05-24T13:30:25.454+0000] {dag.py:3096} INFO - Sync 1 DAGs
[2026-05-24T13:30:25.583+0000] {logging_mixin.py:188} INFO - [2026-05-24T13:30:25.582+0000] {dag.py:3954} INFO - Setting next_dagrun for example_dynamic_task_mapping to 2022-03-04 00:00:00+00:00, run_after=2022-03-05 00:00:00+00:00
[2026-05-24T13:30:25.598+0000] {processor.py:183} INFO - Processing /home/varn1t/ml-pipeline/venv/lib/python3.11/site-packages/airflow/example_dags/example_dynamic_task_mapping.py took 0.177 seconds
[2026-05-24T13:31:10.912+0000] {processor.py:161} INFO - Started process (PID=4712) to work on /home/varn1t/ml-pipeline/venv/lib/python3.11/site-packages/airflow/example_dags/example_dynamic_task_mapping.py
[2026-05-24T13:31:10.913+0000] {processor.py:830} INFO - Processing file /home/varn1t/ml-pipeline/venv/lib/python3.11/site-packages/airflow/example_dags/example_dynamic_task_mapping.py for tasks to queue
[2026-05-24T13:31:10.914+0000] {logging_mixin.py:188} INFO - [2026-05-24T13:31:10.914+0000] {dagbag.py:545} INFO - Filling up the DagBag from /home/varn1t/ml-pipeline/venv/lib/python3.11/site-packages/airflow/example_dags/example_dynamic_task_mapping.py
[2026-05-24T13:31:10.919+0000] {processor.py:840} INFO - DAG(s) 'example_dynamic_task_mapping' retrieved from /home/varn1t/ml-pipeline/venv/lib/python3.11/site-packages/airflow/example_dags/example_dynamic_task_mapping.py
[2026-05-24T13:31:10.931+0000] {logging_mixin.py:188} INFO - [2026-05-24T13:31:10.931+0000] {dag.py:3096} INFO - Sync 1 DAGs
[2026-05-24T13:31:10.944+0000] {logging_mixin.py:188} INFO - [2026-05-24T13:31:10.944+0000] {dag.py:3954} INFO - Setting next_dagrun for example_dynamic_task_mapping to 2022-03-04 00:00:00+00:00, run_after=2022-03-05 00:00:00+00:00
[2026-05-24T13:31:10.959+0000] {processor.py:183} INFO - Processing /home/varn1t/ml-pipeline/venv/lib/python3.11/site-packages/airflow/example_dags/example_dynamic_task_mapping.py took 0.051 seconds
[2026-05-24T13:31:59.096+0000] {processor.py:161} INFO - Started process (PID=4929) to work on /home/varn1t/ml-pipeline/venv/lib/python3.11/site-packages/airflow/example_dags/example_dynamic_task_mapping.py
[2026-05-24T13:31:59.097+0000] {processor.py:830} INFO - Processing file /home/varn1t/ml-pipeline/venv/lib/python3.11/site-packages/airflow/example_dags/example_dynamic_task_mapping.py for tasks to queue
[2026-05-24T13:31:59.098+0000] {logging_mixin.py:188} INFO - [2026-05-24T13:31:59.098+0000] {dagbag.py:545} INFO - Filling up the DagBag from /home/varn1t/ml-pipeline/venv/lib/python3.11/site-packages/airflow/example_dags/example_dynamic_task_mapping.py
[2026-05-24T13:31:59.104+0000] {processor.py:840} INFO - DAG(s) 'example_dynamic_task_mapping' retrieved from /home/varn1t/ml-pipeline/venv/lib/python3.11/site-packages/airflow/example_dags/example_dynamic_task_mapping.py
[2026-05-24T13:31:59.115+0000] {logging_mixin.py:188} INFO - [2026-05-24T13:31:59.115+0000] {dag.py:3096} INFO - Sync 1 DAGs
[2026-05-24T13:31:59.131+0000] {logging_mixin.py:188} INFO - [2026-05-24T13:31:59.131+0000] {dag.py:3954} INFO - Setting next_dagrun for example_dynamic_task_mapping to 2022-03-04 00:00:00+00:00, run_after=2022-03-05 00:00:00+00:00
[2026-05-24T13:31:59.152+0000] {processor.py:183} INFO - Processing /home/varn1t/ml-pipeline/venv/lib/python3.11/site-packages/airflow/example_dags/example_dynamic_task_mapping.py took 0.060 seconds
[2026-05-24T13:32:40.468+0000] {processor.py:161} INFO - Started process (PID=5107) to work on /home/varn1t/ml-pipeline/venv/lib/python3.11/site-packages/airflow/example_dags/example_dynamic_task_mapping.py
[2026-05-24T13:32:40.468+0000] {processor.py:830} INFO - Processing file /home/varn1t/ml-pipeline/venv/lib/python3.11/site-packages/airflow/example_dags/example_dynamic_task_mapping.py for tasks to queue
[2026-05-24T13:32:40.470+0000] {logging_mixin.py:188} INFO - [2026-05-24T13:32:40.469+0000] {dagbag.py:545} INFO - Filling up the DagBag from /home/varn1t/ml-pipeline/venv/lib/python3.11/site-packages/airflow/example_dags/example_dynamic_task_mapping.py
[2026-05-24T13:32:40.475+0000] {processor.py:840} INFO - DAG(s) 'example_dynamic_task_mapping' retrieved from /home/varn1t/ml-pipeline/venv/lib/python3.11/site-packages/airflow/example_dags/example_dynamic_task_mapping.py
[2026-05-24T13:32:40.485+0000] {logging_mixin.py:188} INFO - [2026-05-24T13:32:40.485+0000] {dag.py:3096} INFO - Sync 1 DAGs
[2026-05-24T13:32:40.496+0000] {logging_mixin.py:188} INFO - [2026-05-24T13:32:40.496+0000] {dag.py:3954} INFO - Setting next_dagrun for example_dynamic_task_mapping to 2022-03-04 00:00:00+00:00, run_after=2022-03-05 00:00:00+00:00
[2026-05-24T13:32:40.512+0000] {processor.py:183} INFO - Processing /home/varn1t/ml-pipeline/venv/lib/python3.11/site-packages/airflow/example_dags/example_dynamic_task_mapping.py took 0.048 seconds
[2026-05-24T13:33:18.978+0000] {processor.py:161} INFO - Started process (PID=5278) to work on /home/varn1t/ml-pipeline/venv/lib/python3.11/site-packages/airflow/example_dags/example_dynamic_task_mapping.py
[2026-05-24T13:33:18.979+0000] {processor.py:830} INFO - Processing file /home/varn1t/ml-pipeline/venv/lib/python3.11/site-packages/airflow/example_dags/example_dynamic_task_mapping.py for tasks to queue
[2026-05-24T13:33:18.980+0000] {logging_mixin.py:188} INFO - [2026-05-24T13:33:18.980+0000] {dagbag.py:545} INFO - Filling up the DagBag from /home/varn1t/ml-pipeline/venv/lib/python3.11/site-packages/airflow/example_dags/example_dynamic_task_mapping.py
[2026-05-24T13:33:18.985+0000] {processor.py:840} INFO - DAG(s) 'example_dynamic_task_mapping' retrieved from /home/varn1t/ml-pipeline/venv/lib/python3.11/site-packages/airflow/example_dags/example_dynamic_task_mapping.py
[2026-05-24T13:33:18.995+0000] {logging_mixin.py:188} INFO - [2026-05-24T13:33:18.995+0000] {dag.py:3096} INFO - Sync 1 DAGs
[2026-05-24T13:33:19.005+0000] {logging_mixin.py:188} INFO - [2026-05-24T13:33:19.005+0000] {dag.py:3954} INFO - Setting next_dagrun for example_dynamic_task_mapping to 2022-03-04 00:00:00+00:00, run_after=2022-03-05 00:00:00+00:00
[2026-05-24T13:33:19.018+0000] {processor.py:183} INFO - Processing /home/varn1t/ml-pipeline/venv/lib/python3.11/site-packages/airflow/example_dags/example_dynamic_task_mapping.py took 0.043 seconds
[2026-05-24T13:33:58.365+0000] {processor.py:161} INFO - Started process (PID=5606) to work on /home/varn1t/ml-pipeline/venv/lib/python3.11/site-packages/airflow/example_dags/example_dynamic_task_mapping.py
[2026-05-24T13:33:58.366+0000] {processor.py:830} INFO - Processing file /home/varn1t/ml-pipeline/venv/lib/python3.11/site-packages/airflow/example_dags/example_dynamic_task_mapping.py for tasks to queue
[2026-05-24T13:33:58.367+0000] {logging_mixin.py:188} INFO - [2026-05-24T13:33:58.366+0000] {dagbag.py:545} INFO - Filling up the DagBag from /home/varn1t/ml-pipeline/venv/lib/python3.11/site-packages/airflow/example_dags/example_dynamic_task_mapping.py
[2026-05-24T13:33:58.372+0000] {processor.py:840} INFO - DAG(s) 'example_dynamic_task_mapping' retrieved from /home/varn1t/ml-pipeline/venv/lib/python3.11/site-packages/airflow/example_dags/example_dynamic_task_mapping.py
[2026-05-24T13:33:58.381+0000] {logging_mixin.py:188} INFO - [2026-05-24T13:33:58.381+0000] {dag.py:3096} INFO - Sync 1 DAGs
[2026-05-24T13:33:58.394+0000] {logging_mixin.py:188} INFO - [2026-05-24T13:33:58.394+0000] {dag.py:3954} INFO - Setting next_dagrun for example_dynamic_task_mapping to 2022-03-04 00:00:00+00:00, run_after=2022-03-05 00:00:00+00:00
[2026-05-24T13:33:58.408+0000] {processor.py:183} INFO - Processing /home/varn1t/ml-pipeline/venv/lib/python3.11/site-packages/airflow/example_dags/example_dynamic_task_mapping.py took 0.047 seconds
[2026-05-24T13:34:37.122+0000] {processor.py:161} INFO - Started process (PID=5877) to work on /home/varn1t/ml-pipeline/venv/lib/python3.11/site-packages/airflow/example_dags/example_dynamic_task_mapping.py
[2026-05-24T13:34:37.123+0000] {processor.py:830} INFO - Processing file /home/varn1t/ml-pipeline/venv/lib/python3.11/site-packages/airflow/example_dags/example_dynamic_task_mapping.py for tasks to queue
[2026-05-24T13:34:37.123+0000] {logging_mixin.py:188} INFO - [2026-05-24T13:34:37.123+0000] {dagbag.py:545} INFO - Filling up the DagBag from /home/varn1t/ml-pipeline/venv/lib/python3.11/site-packages/airflow/example_dags/example_dynamic_task_mapping.py
[2026-05-24T13:34:37.129+0000] {processor.py:840} INFO - DAG(s) 'example_dynamic_task_mapping' retrieved from /home/varn1t/ml-pipeline/venv/lib/python3.11/site-packages/airflow/example_dags/example_dynamic_task_mapping.py
[2026-05-24T13:34:37.140+0000] {logging_mixin.py:188} INFO - [2026-05-24T13:34:37.139+0000] {dag.py:3096} INFO - Sync 1 DAGs
[2026-05-24T13:34:37.152+0000] {logging_mixin.py:188} INFO - [2026-05-24T13:34:37.152+0000] {dag.py:3954} INFO - Setting next_dagrun for example_dynamic_task_mapping to 2022-03-04 00:00:00+00:00, run_after=2022-03-05 00:00:00+00:00
[2026-05-24T13:34:37.171+0000] {processor.py:183} INFO - Processing /home/varn1t/ml-pipeline/venv/lib/python3.11/site-packages/airflow/example_dags/example_dynamic_task_mapping.py took 0.053 seconds
[2026-05-24T13:35:15.849+0000] {processor.py:161} INFO - Started process (PID=6092) to work on /home/varn1t/ml-pipeline/venv/lib/python3.11/site-packages/airflow/example_dags/example_dynamic_task_mapping.py
[2026-05-24T13:35:15.850+0000] {processor.py:830} INFO - Processing file /home/varn1t/ml-pipeline/venv/lib/python3.11/site-packages/airflow/example_dags/example_dynamic_task_mapping.py for tasks to queue
[2026-05-24T13:35:15.850+0000] {logging_mixin.py:188} INFO - [2026-05-24T13:35:15.850+0000] {dagbag.py:545} INFO - Filling up the DagBag from /home/varn1t/ml-pipeline/venv/lib/python3.11/site-packages/airflow/example_dags/example_dynamic_task_mapping.py
[2026-05-24T13:35:15.856+0000] {processor.py:840} INFO - DAG(s) 'example_dynamic_task_mapping' retrieved from /home/varn1t/ml-pipeline/venv/lib/python3.11/site-packages/airflow/example_dags/example_dynamic_task_mapping.py
[2026-05-24T13:35:15.867+0000] {logging_mixin.py:188} INFO - [2026-05-24T13:35:15.866+0000] {dag.py:3096} INFO - Sync 1 DAGs
[2026-05-24T13:35:15.878+0000] {logging_mixin.py:188} INFO - [2026-05-24T13:35:15.877+0000] {dag.py:3954} INFO - Setting next_dagrun for example_dynamic_task_mapping to 2022-03-04 00:00:00+00:00, run_after=2022-03-05 00:00:00+00:00
[2026-05-24T13:35:15.892+0000] {processor.py:183} INFO - Processing /home/varn1t/ml-pipeline/venv/lib/python3.11/site-packages/airflow/example_dags/example_dynamic_task_mapping.py took 0.047 seconds
[2026-05-24T13:35:55.192+0000] {processor.py:161} INFO - Started process (PID=6367) to work on /home/varn1t/ml-pipeline/venv/lib/python3.11/site-packages/airflow/example_dags/example_dynamic_task_mapping.py
[2026-05-24T13:35:55.193+0000] {processor.py:830} INFO - Processing file /home/varn1t/ml-pipeline/venv/lib/python3.11/site-packages/airflow/example_dags/example_dynamic_task_mapping.py for tasks to queue
[2026-05-24T13:35:55.194+0000] {logging_mixin.py:188} INFO - [2026-05-24T13:35:55.194+0000] {dagbag.py:545} INFO - Filling up the DagBag from /home/varn1t/ml-pipeline/venv/lib/python3.11/site-packages/airflow/example_dags/example_dynamic_task_mapping.py
[2026-05-24T13:35:55.200+0000] {processor.py:840} INFO - DAG(s) 'example_dynamic_task_mapping' retrieved from /home/varn1t/ml-pipeline/venv/lib/python3.11/site-packages/airflow/example_dags/example_dynamic_task_mapping.py
[2026-05-24T13:35:55.211+0000] {logging_mixin.py:188} INFO - [2026-05-24T13:35:55.211+0000] {dag.py:3096} INFO - Sync 1 DAGs
[2026-05-24T13:35:55.225+0000] {logging_mixin.py:188} INFO - [2026-05-24T13:35:55.224+0000] {dag.py:3954} INFO - Setting next_dagrun for example_dynamic_task_mapping to 2022-03-04 00:00:00+00:00, run_after=2022-03-05 00:00:00+00:00
[2026-05-24T13:35:55.237+0000] {processor.py:183} INFO - Processing /home/varn1t/ml-pipeline/venv/lib/python3.11/site-packages/airflow/example_dags/example_dynamic_task_mapping.py took 0.049 seconds
[2026-05-24T13:36:33.199+0000] {processor.py:161} INFO - Started process (PID=6536) to work on /home/varn1t/ml-pipeline/venv/lib/python3.11/site-packages/airflow/example_dags/example_dynamic_task_mapping.py
[2026-05-24T13:36:33.199+0000] {processor.py:830} INFO - Processing file /home/varn1t/ml-pipeline/venv/lib/python3.11/site-packages/airflow/example_dags/example_dynamic_task_mapping.py for tasks to queue
[2026-05-24T13:36:33.200+0000] {logging_mixin.py:188} INFO - [2026-05-24T13:36:33.200+0000] {dagbag.py:545} INFO - Filling up the DagBag from /home/varn1t/ml-pipeline/venv/lib/python3.11/site-packages/airflow/example_dags/example_dynamic_task_mapping.py
[2026-05-24T13:36:33.205+0000] {processor.py:840} INFO - DAG(s) 'example_dynamic_task_mapping' retrieved from /home/varn1t/ml-pipeline/venv/lib/python3.11/site-packages/airflow/example_dags/example_dynamic_task_mapping.py
[2026-05-24T13:36:33.215+0000] {logging_mixin.py:188} INFO - [2026-05-24T13:36:33.215+0000] {dag.py:3096} INFO - Sync 1 DAGs
[2026-05-24T13:36:33.229+0000] {logging_mixin.py:188} INFO - [2026-05-24T13:36:33.229+0000] {dag.py:3954} INFO - Setting next_dagrun for example_dynamic_task_mapping to 2022-03-04 00:00:00+00:00, run_after=2022-03-05 00:00:00+00:00
[2026-05-24T13:36:33.245+0000] {processor.py:183} INFO - Processing /home/varn1t/ml-pipeline/venv/lib/python3.11/site-packages/airflow/example_dags/example_dynamic_task_mapping.py took 0.050 seconds
[2026-05-24T13:37:25.983+0000] {processor.py:161} INFO - Started process (PID=7165) to work on /home/varn1t/ml-pipeline/venv/lib/python3.11/site-packages/airflow/example_dags/example_dynamic_task_mapping.py
[2026-05-24T13:37:25.983+0000] {processor.py:830} INFO - Processing file /home/varn1t/ml-pipeline/venv/lib/python3.11/site-packages/airflow/example_dags/example_dynamic_task_mapping.py for tasks to queue
[2026-05-24T13:37:25.984+0000] {logging_mixin.py:188} INFO - [2026-05-24T13:37:25.984+0000] {dagbag.py:545} INFO - Filling up the DagBag from /home/varn1t/ml-pipeline/venv/lib/python3.11/site-packages/airflow/example_dags/example_dynamic_task_mapping.py
[2026-05-24T13:37:25.990+0000] {processor.py:840} INFO - DAG(s) 'example_dynamic_task_mapping' retrieved from /home/varn1t/ml-pipeline/venv/lib/python3.11/site-packages/airflow/example_dags/example_dynamic_task_mapping.py
[2026-05-24T13:37:26.001+0000] {logging_mixin.py:188} INFO - [2026-05-24T13:37:26.001+0000] {dag.py:3096} INFO - Sync 1 DAGs
[2026-05-24T13:37:26.015+0000] {logging_mixin.py:188} INFO - [2026-05-24T13:37:26.015+0000] {dag.py:3954} INFO - Setting next_dagrun for example_dynamic_task_mapping to 2022-03-04 00:00:00+00:00, run_after=2022-03-05 00:00:00+00:00
[2026-05-24T13:37:26.031+0000] {processor.py:183} INFO - Processing /home/varn1t/ml-pipeline/venv/lib/python3.11/site-packages/airflow/example_dags/example_dynamic_task_mapping.py took 0.052 seconds
[2026-05-24T13:38:14.660+0000] {processor.py:161} INFO - Started process (PID=7371) to work on /home/varn1t/ml-pipeline/venv/lib/python3.11/site-packages/airflow/example_dags/example_dynamic_task_mapping.py
[2026-05-24T13:38:14.661+0000] {processor.py:830} INFO - Processing file /home/varn1t/ml-pipeline/venv/lib/python3.11/site-packages/airflow/example_dags/example_dynamic_task_mapping.py for tasks to queue
[2026-05-24T13:38:14.661+0000] {logging_mixin.py:188} INFO - [2026-05-24T13:38:14.661+0000] {dagbag.py:545} INFO - Filling up the DagBag from /home/varn1t/ml-pipeline/venv/lib/python3.11/site-packages/airflow/example_dags/example_dynamic_task_mapping.py
[2026-05-24T13:38:14.667+0000] {processor.py:840} INFO - DAG(s) 'example_dynamic_task_mapping' retrieved from /home/varn1t/ml-pipeline/venv/lib/python3.11/site-packages/airflow/example_dags/example_dynamic_task_mapping.py
[2026-05-24T13:38:14.679+0000] {logging_mixin.py:188} INFO - [2026-05-24T13:38:14.679+0000] {dag.py:3096} INFO - Sync 1 DAGs
[2026-05-24T13:38:14.690+0000] {logging_mixin.py:188} INFO - [2026-05-24T13:38:14.690+0000] {dag.py:3954} INFO - Setting next_dagrun for example_dynamic_task_mapping to 2022-03-04 00:00:00+00:00, run_after=2022-03-05 00:00:00+00:00
[2026-05-24T13:38:14.704+0000] {processor.py:183} INFO - Processing /home/varn1t/ml-pipeline/venv/lib/python3.11/site-packages/airflow/example_dags/example_dynamic_task_mapping.py took 0.049 seconds
[2026-05-24T13:39:11.257+0000] {processor.py:161} INFO - Started process (PID=7656) to work on /home/varn1t/ml-pipeline/venv/lib/python3.11/site-packages/airflow/example_dags/example_dynamic_task_mapping.py
[2026-05-24T13:39:11.258+0000] {processor.py:830} INFO - Processing file /home/varn1t/ml-pipeline/venv/lib/python3.11/site-packages/airflow/example_dags/example_dynamic_task_mapping.py for tasks to queue
[2026-05-24T13:39:11.259+0000] {logging_mixin.py:188} INFO - [2026-05-24T13:39:11.258+0000] {dagbag.py:545} INFO - Filling up the DagBag from /home/varn1t/ml-pipeline/venv/lib/python3.11/site-packages/airflow/example_dags/example_dynamic_task_mapping.py
[2026-05-24T13:39:11.264+0000] {processor.py:840} INFO - DAG(s) 'example_dynamic_task_mapping' retrieved from /home/varn1t/ml-pipeline/venv/lib/python3.11/site-packages/airflow/example_dags/example_dynamic_task_mapping.py
[2026-05-24T13:39:11.272+0000] {logging_mixin.py:188} INFO - [2026-05-24T13:39:11.272+0000] {dag.py:3096} INFO - Sync 1 DAGs
[2026-05-24T13:39:11.282+0000] {logging_mixin.py:188} INFO - [2026-05-24T13:39:11.282+0000] {dag.py:3954} INFO - Setting next_dagrun for example_dynamic_task_mapping to 2022-03-04 00:00:00+00:00, run_after=2022-03-05 00:00:00+00:00
[2026-05-24T13:39:11.296+0000] {processor.py:183} INFO - Processing /home/varn1t/ml-pipeline/venv/lib/python3.11/site-packages/airflow/example_dags/example_dynamic_task_mapping.py took 0.042 seconds
[2026-05-24T13:39:52.331+0000] {processor.py:161} INFO - Started process (PID=7835) to work on /home/varn1t/ml-pipeline/venv/lib/python3.11/site-packages/airflow/example_dags/example_dynamic_task_mapping.py
[2026-05-24T13:39:52.332+0000] {processor.py:830} INFO - Processing file /home/varn1t/ml-pipeline/venv/lib/python3.11/site-packages/airflow/example_dags/example_dynamic_task_mapping.py for tasks to queue
[2026-05-24T13:39:52.333+0000] {logging_mixin.py:188} INFO - [2026-05-24T13:39:52.333+0000] {dagbag.py:545} INFO - Filling up the DagBag from /home/varn1t/ml-pipeline/venv/lib/python3.11/site-packages/airflow/example_dags/example_dynamic_task_mapping.py
[2026-05-24T13:39:52.339+0000] {processor.py:840} INFO - DAG(s) 'example_dynamic_task_mapping' retrieved from /home/varn1t/ml-pipeline/venv/lib/python3.11/site-packages/airflow/example_dags/example_dynamic_task_mapping.py
[2026-05-24T13:39:52.352+0000] {logging_mixin.py:188} INFO - [2026-05-24T13:39:52.352+0000] {dag.py:3096} INFO - Sync 1 DAGs
[2026-05-24T13:39:52.364+0000] {logging_mixin.py:188} INFO - [2026-05-24T13:39:52.364+0000] {dag.py:3954} INFO - Setting next_dagrun for example_dynamic_task_mapping to 2022-03-04 00:00:00+00:00, run_after=2022-03-05 00:00:00+00:00
[2026-05-24T13:39:52.378+0000] {processor.py:183} INFO - Processing /home/varn1t/ml-pipeline/venv/lib/python3.11/site-packages/airflow/example_dags/example_dynamic_task_mapping.py took 0.051 seconds
[2026-05-24T13:40:32.306+0000] {processor.py:161} INFO - Started process (PID=8009) to work on /home/varn1t/ml-pipeline/venv/lib/python3.11/site-packages/airflow/example_dags/example_dynamic_task_mapping.py
[2026-05-24T13:40:32.307+0000] {processor.py:830} INFO - Processing file /home/varn1t/ml-pipeline/venv/lib/python3.11/site-packages/airflow/example_dags/example_dynamic_task_mapping.py for tasks to queue
[2026-05-24T13:40:32.307+0000] {logging_mixin.py:188} INFO - [2026-05-24T13:40:32.307+0000] {dagbag.py:545} INFO - Filling up the DagBag from /home/varn1t/ml-pipeline/venv/lib/python3.11/site-packages/airflow/example_dags/example_dynamic_task_mapping.py
[2026-05-24T13:40:32.313+0000] {processor.py:840} INFO - DAG(s) 'example_dynamic_task_mapping' retrieved from /home/varn1t/ml-pipeline/venv/lib/python3.11/site-packages/airflow/example_dags/example_dynamic_task_mapping.py
[2026-05-24T13:40:32.323+0000] {logging_mixin.py:188} INFO - [2026-05-24T13:40:32.323+0000] {dag.py:3096} INFO - Sync 1 DAGs
[2026-05-24T13:40:32.335+0000] {logging_mixin.py:188} INFO - [2026-05-24T13:40:32.335+0000] {dag.py:3954} INFO - Setting next_dagrun for example_dynamic_task_mapping to 2022-03-04 00:00:00+00:00, run_after=2022-03-05 00:00:00+00:00
[2026-05-24T13:40:32.350+0000] {processor.py:183} INFO - Processing /home/varn1t/ml-pipeline/venv/lib/python3.11/site-packages/airflow/example_dags/example_dynamic_task_mapping.py took 0.049 seconds
[2026-05-24T13:41:09.507+0000] {processor.py:161} INFO - Started process (PID=8172) to work on /home/varn1t/ml-pipeline/venv/lib/python3.11/site-packages/airflow/example_dags/example_dynamic_task_mapping.py
[2026-05-24T13:41:09.507+0000] {processor.py:830} INFO - Processing file /home/varn1t/ml-pipeline/venv/lib/python3.11/site-packages/airflow/example_dags/example_dynamic_task_mapping.py for tasks to queue
[2026-05-24T13:41:09.508+0000] {logging_mixin.py:188} INFO - [2026-05-24T13:41:09.508+0000] {dagbag.py:545} INFO - Filling up the DagBag from /home/varn1t/ml-pipeline/venv/lib/python3.11/site-packages/airflow/example_dags/example_dynamic_task_mapping.py
[2026-05-24T13:41:09.515+0000] {processor.py:840} INFO - DAG(s) 'example_dynamic_task_mapping' retrieved from /home/varn1t/ml-pipeline/venv/lib/python3.11/site-packages/airflow/example_dags/example_dynamic_task_mapping.py
[2026-05-24T13:41:09.529+0000] {logging_mixin.py:188} INFO - [2026-05-24T13:41:09.529+0000] {dag.py:3096} INFO - Sync 1 DAGs
[2026-05-24T13:41:09.546+0000] {logging_mixin.py:188} INFO - [2026-05-24T13:41:09.546+0000] {dag.py:3954} INFO - Setting next_dagrun for example_dynamic_task_mapping to 2022-03-04 00:00:00+00:00, run_after=2022-03-05 00:00:00+00:00
[2026-05-24T13:41:09.565+0000] {processor.py:183} INFO - Processing /home/varn1t/ml-pipeline/venv/lib/python3.11/site-packages/airflow/example_dags/example_dynamic_task_mapping.py took 0.062 seconds
[2026-05-24T13:41:49.486+0000] {processor.py:161} INFO - Started process (PID=8354) to work on /home/varn1t/ml-pipeline/venv/lib/python3.11/site-packages/airflow/example_dags/example_dynamic_task_mapping.py
[2026-05-24T13:41:49.487+0000] {processor.py:830} INFO - Processing file /home/varn1t/ml-pipeline/venv/lib/python3.11/site-packages/airflow/example_dags/example_dynamic_task_mapping.py for tasks to queue
[2026-05-24T13:41:49.488+0000] {logging_mixin.py:188} INFO - [2026-05-24T13:41:49.488+0000] {dagbag.py:545} INFO - Filling up the DagBag from /home/varn1t/ml-pipeline/venv/lib/python3.11/site-packages/airflow/example_dags/example_dynamic_task_mapping.py
[2026-05-24T13:41:49.493+0000] {processor.py:840} INFO - DAG(s) 'example_dynamic_task_mapping' retrieved from /home/varn1t/ml-pipeline/venv/lib/python3.11/site-packages/airflow/example_dags/example_dynamic_task_mapping.py
[2026-05-24T13:41:49.502+0000] {logging_mixin.py:188} INFO - [2026-05-24T13:41:49.502+0000] {dag.py:3096} INFO - Sync 1 DAGs
[2026-05-24T13:41:49.517+0000] {logging_mixin.py:188} INFO - [2026-05-24T13:41:49.517+0000] {dag.py:3954} INFO - Setting next_dagrun for example_dynamic_task_mapping to 2022-03-04 00:00:00+00:00, run_after=2022-03-05 00:00:00+00:00
[2026-05-24T13:41:49.531+0000] {processor.py:183} INFO - Processing /home/varn1t/ml-pipeline/venv/lib/python3.11/site-packages/airflow/example_dags/example_dynamic_task_mapping.py took 0.048 seconds
[2026-05-24T13:42:30.565+0000] {processor.py:161} INFO - Started process (PID=8532) to work on /home/varn1t/ml-pipeline/venv/lib/python3.11/site-packages/airflow/example_dags/example_dynamic_task_mapping.py
[2026-05-24T13:42:30.566+0000] {processor.py:830} INFO - Processing file /home/varn1t/ml-pipeline/venv/lib/python3.11/site-packages/airflow/example_dags/example_dynamic_task_mapping.py for tasks to queue
[2026-05-24T13:42:30.566+0000] {logging_mixin.py:188} INFO - [2026-05-24T13:42:30.566+0000] {dagbag.py:545} INFO - Filling up the DagBag from /home/varn1t/ml-pipeline/venv/lib/python3.11/site-packages/airflow/example_dags/example_dynamic_task_mapping.py
[2026-05-24T13:42:30.572+0000] {processor.py:840} INFO - DAG(s) 'example_dynamic_task_mapping' retrieved from /home/varn1t/ml-pipeline/venv/lib/python3.11/site-packages/airflow/example_dags/example_dynamic_task_mapping.py
[2026-05-24T13:42:30.584+0000] {logging_mixin.py:188} INFO - [2026-05-24T13:42:30.584+0000] {dag.py:3096} INFO - Sync 1 DAGs
[2026-05-24T13:42:30.600+0000] {logging_mixin.py:188} INFO - [2026-05-24T13:42:30.600+0000] {dag.py:3954} INFO - Setting next_dagrun for example_dynamic_task_mapping to 2022-03-04 00:00:00+00:00, run_after=2022-03-05 00:00:00+00:00
[2026-05-24T13:42:30.616+0000] {processor.py:183} INFO - Processing /home/varn1t/ml-pipeline/venv/lib/python3.11/site-packages/airflow/example_dags/example_dynamic_task_mapping.py took 0.055 seconds
[2026-05-24T13:43:13.947+0000] {processor.py:161} INFO - Started process (PID=8718) to work on /home/varn1t/ml-pipeline/venv/lib/python3.11/site-packages/airflow/example_dags/example_dynamic_task_mapping.py
[2026-05-24T13:43:13.948+0000] {processor.py:830} INFO - Processing file /home/varn1t/ml-pipeline/venv/lib/python3.11/site-packages/airflow/example_dags/example_dynamic_task_mapping.py for tasks to queue
[2026-05-24T13:43:13.949+0000] {logging_mixin.py:188} INFO - [2026-05-24T13:43:13.949+0000] {dagbag.py:545} INFO - Filling up the DagBag from /home/varn1t/ml-pipeline/venv/lib/python3.11/site-packages/airflow/example_dags/example_dynamic_task_mapping.py
[2026-05-24T13:43:13.955+0000] {processor.py:840} INFO - DAG(s) 'example_dynamic_task_mapping' retrieved from /home/varn1t/ml-pipeline/venv/lib/python3.11/site-packages/airflow/example_dags/example_dynamic_task_mapping.py
[2026-05-24T13:43:13.966+0000] {logging_mixin.py:188} INFO - [2026-05-24T13:43:13.966+0000] {dag.py:3096} INFO - Sync 1 DAGs
[2026-05-24T13:43:13.979+0000] {logging_mixin.py:188} INFO - [2026-05-24T13:43:13.979+0000] {dag.py:3954} INFO - Setting next_dagrun for example_dynamic_task_mapping to 2022-03-04 00:00:00+00:00, run_after=2022-03-05 00:00:00+00:00
[2026-05-24T13:43:13.994+0000] {processor.py:183} INFO - Processing /home/varn1t/ml-pipeline/venv/lib/python3.11/site-packages/airflow/example_dags/example_dynamic_task_mapping.py took 0.051 seconds
[2026-05-24T13:43:55.121+0000] {processor.py:161} INFO - Started process (PID=8924) to work on /home/varn1t/ml-pipeline/venv/lib/python3.11/site-packages/airflow/example_dags/example_dynamic_task_mapping.py
[2026-05-24T13:43:55.122+0000] {processor.py:830} INFO - Processing file /home/varn1t/ml-pipeline/venv/lib/python3.11/site-packages/airflow/example_dags/example_dynamic_task_mapping.py for tasks to queue
[2026-05-24T13:43:55.122+0000] {logging_mixin.py:188} INFO - [2026-05-24T13:43:55.122+0000] {dagbag.py:545} INFO - Filling up the DagBag from /home/varn1t/ml-pipeline/venv/lib/python3.11/site-packages/airflow/example_dags/example_dynamic_task_mapping.py
[2026-05-24T13:43:55.128+0000] {processor.py:840} INFO - DAG(s) 'example_dynamic_task_mapping' retrieved from /home/varn1t/ml-pipeline/venv/lib/python3.11/site-packages/airflow/example_dags/example_dynamic_task_mapping.py
[2026-05-24T13:43:55.138+0000] {logging_mixin.py:188} INFO - [2026-05-24T13:43:55.138+0000] {dag.py:3096} INFO - Sync 1 DAGs
[2026-05-24T13:43:55.150+0000] {logging_mixin.py:188} INFO - [2026-05-24T13:43:55.150+0000] {dag.py:3954} INFO - Setting next_dagrun for example_dynamic_task_mapping to 2022-03-04 00:00:00+00:00, run_after=2022-03-05 00:00:00+00:00
[2026-05-24T13:43:55.164+0000] {processor.py:183} INFO - Processing /home/varn1t/ml-pipeline/venv/lib/python3.11/site-packages/airflow/example_dags/example_dynamic_task_mapping.py took 0.048 seconds
[2026-05-24T13:44:37.887+0000] {processor.py:161} INFO - Started process (PID=9103) to work on /home/varn1t/ml-pipeline/venv/lib/python3.11/site-packages/airflow/example_dags/example_dynamic_task_mapping.py
[2026-05-24T13:44:37.888+0000] {processor.py:830} INFO - Processing file /home/varn1t/ml-pipeline/venv/lib/python3.11/site-packages/airflow/example_dags/example_dynamic_task_mapping.py for tasks to queue
[2026-05-24T13:44:37.888+0000] {logging_mixin.py:188} INFO - [2026-05-24T13:44:37.888+0000] {dagbag.py:545} INFO - Filling up the DagBag from /home/varn1t/ml-pipeline/venv/lib/python3.11/site-packages/airflow/example_dags/example_dynamic_task_mapping.py
[2026-05-24T13:44:37.893+0000] {processor.py:840} INFO - DAG(s) 'example_dynamic_task_mapping' retrieved from /home/varn1t/ml-pipeline/venv/lib/python3.11/site-packages/airflow/example_dags/example_dynamic_task_mapping.py
[2026-05-24T13:44:37.902+0000] {logging_mixin.py:188} INFO - [2026-05-24T13:44:37.902+0000] {dag.py:3096} INFO - Sync 1 DAGs
[2026-05-24T13:44:37.913+0000] {logging_mixin.py:188} INFO - [2026-05-24T13:44:37.913+0000] {dag.py:3954} INFO - Setting next_dagrun for example_dynamic_task_mapping to 2022-03-04 00:00:00+00:00, run_after=2022-03-05 00:00:00+00:00
[2026-05-24T13:44:37.930+0000] {processor.py:183} INFO - Processing /home/varn1t/ml-pipeline/venv/lib/python3.11/site-packages/airflow/example_dags/example_dynamic_task_mapping.py took 0.047 seconds
[2026-05-24T13:45:21.366+0000] {processor.py:161} INFO - Started process (PID=9291) to work on /home/varn1t/ml-pipeline/venv/lib/python3.11/site-packages/airflow/example_dags/example_dynamic_task_mapping.py
[2026-05-24T13:45:21.367+0000] {processor.py:830} INFO - Processing file /home/varn1t/ml-pipeline/venv/lib/python3.11/site-packages/airflow/example_dags/example_dynamic_task_mapping.py for tasks to queue
[2026-05-24T13:45:21.367+0000] {logging_mixin.py:188} INFO - [2026-05-24T13:45:21.367+0000] {dagbag.py:545} INFO - Filling up the DagBag from /home/varn1t/ml-pipeline/venv/lib/python3.11/site-packages/airflow/example_dags/example_dynamic_task_mapping.py
[2026-05-24T13:45:21.378+0000] {processor.py:840} INFO - DAG(s) 'example_dynamic_task_mapping' retrieved from /home/varn1t/ml-pipeline/venv/lib/python3.11/site-packages/airflow/example_dags/example_dynamic_task_mapping.py
[2026-05-24T13:45:21.388+0000] {logging_mixin.py:188} INFO - [2026-05-24T13:45:21.388+0000] {dag.py:3096} INFO - Sync 1 DAGs
[2026-05-24T13:45:21.401+0000] {logging_mixin.py:188} INFO - [2026-05-24T13:45:21.401+0000] {dag.py:3954} INFO - Setting next_dagrun for example_dynamic_task_mapping to 2022-03-04 00:00:00+00:00, run_after=2022-03-05 00:00:00+00:00
[2026-05-24T13:45:21.417+0000] {processor.py:183} INFO - Processing /home/varn1t/ml-pipeline/venv/lib/python3.11/site-packages/airflow/example_dags/example_dynamic_task_mapping.py took 0.055 seconds
[2026-05-24T13:46:02.446+0000] {processor.py:161} INFO - Started process (PID=9469) to work on /home/varn1t/ml-pipeline/venv/lib/python3.11/site-packages/airflow/example_dags/example_dynamic_task_mapping.py
[2026-05-24T13:46:02.447+0000] {processor.py:830} INFO - Processing file /home/varn1t/ml-pipeline/venv/lib/python3.11/site-packages/airflow/example_dags/example_dynamic_task_mapping.py for tasks to queue
[2026-05-24T13:46:02.448+0000] {logging_mixin.py:188} INFO - [2026-05-24T13:46:02.448+0000] {dagbag.py:545} INFO - Filling up the DagBag from /home/varn1t/ml-pipeline/venv/lib/python3.11/site-packages/airflow/example_dags/example_dynamic_task_mapping.py
[2026-05-24T13:46:02.454+0000] {processor.py:840} INFO - DAG(s) 'example_dynamic_task_mapping' retrieved from /home/varn1t/ml-pipeline/venv/lib/python3.11/site-packages/airflow/example_dags/example_dynamic_task_mapping.py
[2026-05-24T13:46:02.464+0000] {logging_mixin.py:188} INFO - [2026-05-24T13:46:02.464+0000] {dag.py:3096} INFO - Sync 1 DAGs
[2026-05-24T13:46:02.478+0000] {logging_mixin.py:188} INFO - [2026-05-24T13:46:02.478+0000] {dag.py:3954} INFO - Setting next_dagrun for example_dynamic_task_mapping to 2022-03-04 00:00:00+00:00, run_after=2022-03-05 00:00:00+00:00
[2026-05-24T13:46:02.496+0000] {processor.py:183} INFO - Processing /home/varn1t/ml-pipeline/venv/lib/python3.11/site-packages/airflow/example_dags/example_dynamic_task_mapping.py took 0.054 seconds
[2026-05-24T13:46:46.183+0000] {processor.py:161} INFO - Started process (PID=9662) to work on /home/varn1t/ml-pipeline/venv/lib/python3.11/site-packages/airflow/example_dags/example_dynamic_task_mapping.py
[2026-05-24T13:46:46.184+0000] {processor.py:830} INFO - Processing file /home/varn1t/ml-pipeline/venv/lib/python3.11/site-packages/airflow/example_dags/example_dynamic_task_mapping.py for tasks to queue
[2026-05-24T13:46:46.185+0000] {logging_mixin.py:188} INFO - [2026-05-24T13:46:46.185+0000] {dagbag.py:545} INFO - Filling up the DagBag from /home/varn1t/ml-pipeline/venv/lib/python3.11/site-packages/airflow/example_dags/example_dynamic_task_mapping.py
[2026-05-24T13:46:46.192+0000] {processor.py:840} INFO - DAG(s) 'example_dynamic_task_mapping' retrieved from /home/varn1t/ml-pipeline/venv/lib/python3.11/site-packages/airflow/example_dags/example_dynamic_task_mapping.py
[2026-05-24T13:46:46.202+0000] {logging_mixin.py:188} INFO - [2026-05-24T13:46:46.202+0000] {dag.py:3096} INFO - Sync 1 DAGs
[2026-05-24T13:46:46.213+0000] {logging_mixin.py:188} INFO - [2026-05-24T13:46:46.213+0000] {dag.py:3954} INFO - Setting next_dagrun for example_dynamic_task_mapping to 2022-03-04 00:00:00+00:00, run_after=2022-03-05 00:00:00+00:00
[2026-05-24T13:46:46.232+0000] {processor.py:183} INFO - Processing /home/varn1t/ml-pipeline/venv/lib/python3.11/site-packages/airflow/example_dags/example_dynamic_task_mapping.py took 0.052 seconds
[2026-05-24T13:47:31.862+0000] {processor.py:161} INFO - Started process (PID=9861) to work on /home/varn1t/ml-pipeline/venv/lib/python3.11/site-packages/airflow/example_dags/example_dynamic_task_mapping.py
[2026-05-24T13:47:31.863+0000] {processor.py:830} INFO - Processing file /home/varn1t/ml-pipeline/venv/lib/python3.11/site-packages/airflow/example_dags/example_dynamic_task_mapping.py for tasks to queue
[2026-05-24T13:47:31.863+0000] {logging_mixin.py:188} INFO - [2026-05-24T13:47:31.863+0000] {dagbag.py:545} INFO - Filling up the DagBag from /home/varn1t/ml-pipeline/venv/lib/python3.11/site-packages/airflow/example_dags/example_dynamic_task_mapping.py
[2026-05-24T13:47:31.870+0000] {processor.py:840} INFO - DAG(s) 'example_dynamic_task_mapping' retrieved from /home/varn1t/ml-pipeline/venv/lib/python3.11/site-packages/airflow/example_dags/example_dynamic_task_mapping.py
[2026-05-24T13:47:31.881+0000] {logging_mixin.py:188} INFO - [2026-05-24T13:47:31.881+0000] {dag.py:3096} INFO - Sync 1 DAGs
[2026-05-24T13:47:31.896+0000] {logging_mixin.py:188} INFO - [2026-05-24T13:47:31.896+0000] {dag.py:3954} INFO - Setting next_dagrun for example_dynamic_task_mapping to 2022-03-04 00:00:00+00:00, run_after=2022-03-05 00:00:00+00:00
[2026-05-24T13:47:31.914+0000] {processor.py:183} INFO - Processing /home/varn1t/ml-pipeline/venv/lib/python3.11/site-packages/airflow/example_dags/example_dynamic_task_mapping.py took 0.058 seconds
[2026-05-24T13:48:13.942+0000] {processor.py:161} INFO - Started process (PID=10133) to work on /home/varn1t/ml-pipeline/venv/lib/python3.11/site-packages/airflow/example_dags/example_dynamic_task_mapping.py
[2026-05-24T13:48:13.943+0000] {processor.py:830} INFO - Processing file /home/varn1t/ml-pipeline/venv/lib/python3.11/site-packages/airflow/example_dags/example_dynamic_task_mapping.py for tasks to queue
[2026-05-24T13:48:13.943+0000] {logging_mixin.py:188} INFO - [2026-05-24T13:48:13.943+0000] {dagbag.py:545} INFO - Filling up the DagBag from /home/varn1t/ml-pipeline/venv/lib/python3.11/site-packages/airflow/example_dags/example_dynamic_task_mapping.py
[2026-05-24T13:48:13.949+0000] {processor.py:840} INFO - DAG(s) 'example_dynamic_task_mapping' retrieved from /home/varn1t/ml-pipeline/venv/lib/python3.11/site-packages/airflow/example_dags/example_dynamic_task_mapping.py
[2026-05-24T13:48:13.959+0000] {logging_mixin.py:188} INFO - [2026-05-24T13:48:13.959+0000] {dag.py:3096} INFO - Sync 1 DAGs
[2026-05-24T13:48:13.971+0000] {logging_mixin.py:188} INFO - [2026-05-24T13:48:13.971+0000] {dag.py:3954} INFO - Setting next_dagrun for example_dynamic_task_mapping to 2022-03-04 00:00:00+00:00, run_after=2022-03-05 00:00:00+00:00
[2026-05-24T13:48:13.989+0000] {processor.py:183} INFO - Processing /home/varn1t/ml-pipeline/venv/lib/python3.11/site-packages/airflow/example_dags/example_dynamic_task_mapping.py took 0.051 seconds
[2026-05-24T13:48:54.163+0000] {processor.py:161} INFO - Started process (PID=10606) to work on /home/varn1t/ml-pipeline/venv/lib/python3.11/site-packages/airflow/example_dags/example_dynamic_task_mapping.py
[2026-05-24T13:48:54.164+0000] {processor.py:830} INFO - Processing file /home/varn1t/ml-pipeline/venv/lib/python3.11/site-packages/airflow/example_dags/example_dynamic_task_mapping.py for tasks to queue
[2026-05-24T13:48:54.164+0000] {logging_mixin.py:188} INFO - [2026-05-24T13:48:54.164+0000] {dagbag.py:545} INFO - Filling up the DagBag from /home/varn1t/ml-pipeline/venv/lib/python3.11/site-packages/airflow/example_dags/example_dynamic_task_mapping.py
[2026-05-24T13:48:54.172+0000] {processor.py:840} INFO - DAG(s) 'example_dynamic_task_mapping' retrieved from /home/varn1t/ml-pipeline/venv/lib/python3.11/site-packages/airflow/example_dags/example_dynamic_task_mapping.py
[2026-05-24T13:48:54.189+0000] {logging_mixin.py:188} INFO - [2026-05-24T13:48:54.189+0000] {dag.py:3096} INFO - Sync 1 DAGs
[2026-05-24T13:48:54.205+0000] {logging_mixin.py:188} INFO - [2026-05-24T13:48:54.205+0000] {dag.py:3954} INFO - Setting next_dagrun for example_dynamic_task_mapping to 2022-03-04 00:00:00+00:00, run_after=2022-03-05 00:00:00+00:00
[2026-05-24T13:48:54.224+0000] {processor.py:183} INFO - Processing /home/varn1t/ml-pipeline/venv/lib/python3.11/site-packages/airflow/example_dags/example_dynamic_task_mapping.py took 0.067 seconds
[2026-05-24T13:49:34.822+0000] {processor.py:161} INFO - Started process (PID=11208) to work on /home/varn1t/ml-pipeline/venv/lib/python3.11/site-packages/airflow/example_dags/example_dynamic_task_mapping.py
[2026-05-24T13:49:34.823+0000] {processor.py:830} INFO - Processing file /home/varn1t/ml-pipeline/venv/lib/python3.11/site-packages/airflow/example_dags/example_dynamic_task_mapping.py for tasks to queue
[2026-05-24T13:49:34.823+0000] {logging_mixin.py:188} INFO - [2026-05-24T13:49:34.823+0000] {dagbag.py:545} INFO - Filling up the DagBag from /home/varn1t/ml-pipeline/venv/lib/python3.11/site-packages/airflow/example_dags/example_dynamic_task_mapping.py
[2026-05-24T13:49:34.828+0000] {processor.py:840} INFO - DAG(s) 'example_dynamic_task_mapping' retrieved from /home/varn1t/ml-pipeline/venv/lib/python3.11/site-packages/airflow/example_dags/example_dynamic_task_mapping.py
[2026-05-24T13:49:34.838+0000] {logging_mixin.py:188} INFO - [2026-05-24T13:49:34.838+0000] {dag.py:3096} INFO - Sync 1 DAGs
[2026-05-24T13:49:34.852+0000] {logging_mixin.py:188} INFO - [2026-05-24T13:49:34.852+0000] {dag.py:3954} INFO - Setting next_dagrun for example_dynamic_task_mapping to 2022-03-04 00:00:00+00:00, run_after=2022-03-05 00:00:00+00:00
[2026-05-24T13:49:34.870+0000] {processor.py:183} INFO - Processing /home/varn1t/ml-pipeline/venv/lib/python3.11/site-packages/airflow/example_dags/example_dynamic_task_mapping.py took 0.051 seconds
[2026-05-24T13:50:15.885+0000] {processor.py:161} INFO - Started process (PID=11387) to work on /home/varn1t/ml-pipeline/venv/lib/python3.11/site-packages/airflow/example_dags/example_dynamic_task_mapping.py
[2026-05-24T13:50:15.886+0000] {processor.py:830} INFO - Processing file /home/varn1t/ml-pipeline/venv/lib/python3.11/site-packages/airflow/example_dags/example_dynamic_task_mapping.py for tasks to queue
[2026-05-24T13:50:15.886+0000] {logging_mixin.py:188} INFO - [2026-05-24T13:50:15.886+0000] {dagbag.py:545} INFO - Filling up the DagBag from /home/varn1t/ml-pipeline/venv/lib/python3.11/site-packages/airflow/example_dags/example_dynamic_task_mapping.py
[2026-05-24T13:50:15.893+0000] {processor.py:840} INFO - DAG(s) 'example_dynamic_task_mapping' retrieved from /home/varn1t/ml-pipeline/venv/lib/python3.11/site-packages/airflow/example_dags/example_dynamic_task_mapping.py
[2026-05-24T13:50:15.903+0000] {logging_mixin.py:188} INFO - [2026-05-24T13:50:15.903+0000] {dag.py:3096} INFO - Sync 1 DAGs
[2026-05-24T13:50:15.913+0000] {logging_mixin.py:188} INFO - [2026-05-24T13:50:15.913+0000] {dag.py:3954} INFO - Setting next_dagrun for example_dynamic_task_mapping to 2022-03-04 00:00:00+00:00, run_after=2022-03-05 00:00:00+00:00
[2026-05-24T13:50:15.926+0000] {processor.py:183} INFO - Processing /home/varn1t/ml-pipeline/venv/lib/python3.11/site-packages/airflow/example_dags/example_dynamic_task_mapping.py took 0.045 seconds
[2026-05-24T13:50:53.497+0000] {processor.py:161} INFO - Started process (PID=11694) to work on /home/varn1t/ml-pipeline/venv/lib/python3.11/site-packages/airflow/example_dags/example_dynamic_task_mapping.py
[2026-05-24T13:50:53.498+0000] {processor.py:830} INFO - Processing file /home/varn1t/ml-pipeline/venv/lib/python3.11/site-packages/airflow/example_dags/example_dynamic_task_mapping.py for tasks to queue
[2026-05-24T13:50:53.498+0000] {logging_mixin.py:188} INFO - [2026-05-24T13:50:53.498+0000] {dagbag.py:545} INFO - Filling up the DagBag from /home/varn1t/ml-pipeline/venv/lib/python3.11/site-packages/airflow/example_dags/example_dynamic_task_mapping.py
[2026-05-24T13:50:53.504+0000] {processor.py:840} INFO - DAG(s) 'example_dynamic_task_mapping' retrieved from /home/varn1t/ml-pipeline/venv/lib/python3.11/site-packages/airflow/example_dags/example_dynamic_task_mapping.py
[2026-05-24T13:50:53.517+0000] {logging_mixin.py:188} INFO - [2026-05-24T13:50:53.517+0000] {dag.py:3096} INFO - Sync 1 DAGs
[2026-05-24T13:50:53.531+0000] {logging_mixin.py:188} INFO - [2026-05-24T13:50:53.531+0000] {dag.py:3954} INFO - Setting next_dagrun for example_dynamic_task_mapping to 2022-03-04 00:00:00+00:00, run_after=2022-03-05 00:00:00+00:00
[2026-05-24T13:50:53.548+0000] {processor.py:183} INFO - Processing /home/varn1t/ml-pipeline/venv/lib/python3.11/site-packages/airflow/example_dags/example_dynamic_task_mapping.py took 0.055 seconds
[2026-05-24T13:51:35.598+0000] {processor.py:161} INFO - Started process (PID=12004) to work on /home/varn1t/ml-pipeline/venv/lib/python3.11/site-packages/airflow/example_dags/example_dynamic_task_mapping.py
[2026-05-24T13:51:35.599+0000] {processor.py:830} INFO - Processing file /home/varn1t/ml-pipeline/venv/lib/python3.11/site-packages/airflow/example_dags/example_dynamic_task_mapping.py for tasks to queue
[2026-05-24T13:51:35.599+0000] {logging_mixin.py:188} INFO - [2026-05-24T13:51:35.599+0000] {dagbag.py:545} INFO - Filling up the DagBag from /home/varn1t/ml-pipeline/venv/lib/python3.11/site-packages/airflow/example_dags/example_dynamic_task_mapping.py
[2026-05-24T13:51:35.608+0000] {processor.py:840} INFO - DAG(s) 'example_dynamic_task_mapping' retrieved from /home/varn1t/ml-pipeline/venv/lib/python3.11/site-packages/airflow/example_dags/example_dynamic_task_mapping.py
[2026-05-24T13:51:35.620+0000] {logging_mixin.py:188} INFO - [2026-05-24T13:51:35.620+0000] {dag.py:3096} INFO - Sync 1 DAGs
[2026-05-24T13:51:35.636+0000] {logging_mixin.py:188} INFO - [2026-05-24T13:51:35.635+0000] {dag.py:3954} INFO - Setting next_dagrun for example_dynamic_task_mapping to 2022-03-04 00:00:00+00:00, run_after=2022-03-05 00:00:00+00:00
[2026-05-24T13:51:35.652+0000] {processor.py:183} INFO - Processing /home/varn1t/ml-pipeline/venv/lib/python3.11/site-packages/airflow/example_dags/example_dynamic_task_mapping.py took 0.059 seconds
[2026-05-24T13:52:15.416+0000] {processor.py:161} INFO - Started process (PID=12279) to work on /home/varn1t/ml-pipeline/venv/lib/python3.11/site-packages/airflow/example_dags/example_dynamic_task_mapping.py
[2026-05-24T13:52:15.417+0000] {processor.py:830} INFO - Processing file /home/varn1t/ml-pipeline/venv/lib/python3.11/site-packages/airflow/example_dags/example_dynamic_task_mapping.py for tasks to queue
[2026-05-24T13:52:15.417+0000] {logging_mixin.py:188} INFO - [2026-05-24T13:52:15.417+0000] {dagbag.py:545} INFO - Filling up the DagBag from /home/varn1t/ml-pipeline/venv/lib/python3.11/site-packages/airflow/example_dags/example_dynamic_task_mapping.py
[2026-05-24T13:52:15.422+0000] {processor.py:840} INFO - DAG(s) 'example_dynamic_task_mapping' retrieved from /home/varn1t/ml-pipeline/venv/lib/python3.11/site-packages/airflow/example_dags/example_dynamic_task_mapping.py
[2026-05-24T13:52:15.431+0000] {logging_mixin.py:188} INFO - [2026-05-24T13:52:15.431+0000] {dag.py:3096} INFO - Sync 1 DAGs
[2026-05-24T13:52:15.441+0000] {logging_mixin.py:188} INFO - [2026-05-24T13:52:15.441+0000] {dag.py:3954} INFO - Setting next_dagrun for example_dynamic_task_mapping to 2022-03-04 00:00:00+00:00, run_after=2022-03-05 00:00:00+00:00
[2026-05-24T13:52:15.455+0000] {processor.py:183} INFO - Processing /home/varn1t/ml-pipeline/venv/lib/python3.11/site-packages/airflow/example_dags/example_dynamic_task_mapping.py took 0.043 seconds
[2026-05-24T13:52:58.693+0000] {processor.py:161} INFO - Started process (PID=12464) to work on /home/varn1t/ml-pipeline/venv/lib/python3.11/site-packages/airflow/example_dags/example_dynamic_task_mapping.py
[2026-05-24T13:52:58.694+0000] {processor.py:830} INFO - Processing file /home/varn1t/ml-pipeline/venv/lib/python3.11/site-packages/airflow/example_dags/example_dynamic_task_mapping.py for tasks to queue
[2026-05-24T13:52:58.694+0000] {logging_mixin.py:188} INFO - [2026-05-24T13:52:58.694+0000] {dagbag.py:545} INFO - Filling up the DagBag from /home/varn1t/ml-pipeline/venv/lib/python3.11/site-packages/airflow/example_dags/example_dynamic_task_mapping.py
[2026-05-24T13:52:58.700+0000] {processor.py:840} INFO - DAG(s) 'example_dynamic_task_mapping' retrieved from /home/varn1t/ml-pipeline/venv/lib/python3.11/site-packages/airflow/example_dags/example_dynamic_task_mapping.py
[2026-05-24T13:52:58.713+0000] {logging_mixin.py:188} INFO - [2026-05-24T13:52:58.713+0000] {dag.py:3096} INFO - Sync 1 DAGs
[2026-05-24T13:52:58.728+0000] {logging_mixin.py:188} INFO - [2026-05-24T13:52:58.727+0000] {dag.py:3954} INFO - Setting next_dagrun for example_dynamic_task_mapping to 2022-03-04 00:00:00+00:00, run_after=2022-03-05 00:00:00+00:00
[2026-05-24T13:52:58.744+0000] {processor.py:183} INFO - Processing /home/varn1t/ml-pipeline/venv/lib/python3.11/site-packages/airflow/example_dags/example_dynamic_task_mapping.py took 0.056 seconds
[2026-05-24T13:53:41.967+0000] {processor.py:161} INFO - Started process (PID=12679) to work on /home/varn1t/ml-pipeline/venv/lib/python3.11/site-packages/airflow/example_dags/example_dynamic_task_mapping.py
[2026-05-24T13:53:41.968+0000] {processor.py:830} INFO - Processing file /home/varn1t/ml-pipeline/venv/lib/python3.11/site-packages/airflow/example_dags/example_dynamic_task_mapping.py for tasks to queue
[2026-05-24T13:53:41.968+0000] {logging_mixin.py:188} INFO - [2026-05-24T13:53:41.968+0000] {dagbag.py:545} INFO - Filling up the DagBag from /home/varn1t/ml-pipeline/venv/lib/python3.11/site-packages/airflow/example_dags/example_dynamic_task_mapping.py
[2026-05-24T13:53:41.973+0000] {processor.py:840} INFO - DAG(s) 'example_dynamic_task_mapping' retrieved from /home/varn1t/ml-pipeline/venv/lib/python3.11/site-packages/airflow/example_dags/example_dynamic_task_mapping.py
[2026-05-24T13:53:41.983+0000] {logging_mixin.py:188} INFO - [2026-05-24T13:53:41.982+0000] {dag.py:3096} INFO - Sync 1 DAGs
[2026-05-24T13:53:41.993+0000] {logging_mixin.py:188} INFO - [2026-05-24T13:53:41.993+0000] {dag.py:3954} INFO - Setting next_dagrun for example_dynamic_task_mapping to 2022-03-04 00:00:00+00:00, run_after=2022-03-05 00:00:00+00:00
[2026-05-24T13:53:42.005+0000] {processor.py:183} INFO - Processing /home/varn1t/ml-pipeline/venv/lib/python3.11/site-packages/airflow/example_dags/example_dynamic_task_mapping.py took 0.042 seconds
[2026-05-24T13:54:23.643+0000] {processor.py:161} INFO - Started process (PID=12857) to work on /home/varn1t/ml-pipeline/venv/lib/python3.11/site-packages/airflow/example_dags/example_dynamic_task_mapping.py
[2026-05-24T13:54:23.644+0000] {processor.py:830} INFO - Processing file /home/varn1t/ml-pipeline/venv/lib/python3.11/site-packages/airflow/example_dags/example_dynamic_task_mapping.py for tasks to queue
[2026-05-24T13:54:23.644+0000] {logging_mixin.py:188} INFO - [2026-05-24T13:54:23.644+0000] {dagbag.py:545} INFO - Filling up the DagBag from /home/varn1t/ml-pipeline/venv/lib/python3.11/site-packages/airflow/example_dags/example_dynamic_task_mapping.py
[2026-05-24T13:54:23.650+0000] {processor.py:840} INFO - DAG(s) 'example_dynamic_task_mapping' retrieved from /home/varn1t/ml-pipeline/venv/lib/python3.11/site-packages/airflow/example_dags/example_dynamic_task_mapping.py
[2026-05-24T13:54:23.664+0000] {logging_mixin.py:188} INFO - [2026-05-24T13:54:23.664+0000] {dag.py:3096} INFO - Sync 1 DAGs
[2026-05-24T13:54:23.677+0000] {logging_mixin.py:188} INFO - [2026-05-24T13:54:23.676+0000] {dag.py:3954} INFO - Setting next_dagrun for example_dynamic_task_mapping to 2022-03-04 00:00:00+00:00, run_after=2022-03-05 00:00:00+00:00
[2026-05-24T13:54:23.690+0000] {processor.py:183} INFO - Processing /home/varn1t/ml-pipeline/venv/lib/python3.11/site-packages/airflow/example_dags/example_dynamic_task_mapping.py took 0.051 seconds
[2026-05-24T13:55:02.598+0000] {processor.py:161} INFO - Started process (PID=13029) to work on /home/varn1t/ml-pipeline/venv/lib/python3.11/site-packages/airflow/example_dags/example_dynamic_task_mapping.py
[2026-05-24T13:55:02.599+0000] {processor.py:830} INFO - Processing file /home/varn1t/ml-pipeline/venv/lib/python3.11/site-packages/airflow/example_dags/example_dynamic_task_mapping.py for tasks to queue
[2026-05-24T13:55:02.599+0000] {logging_mixin.py:188} INFO - [2026-05-24T13:55:02.599+0000] {dagbag.py:545} INFO - Filling up the DagBag from /home/varn1t/ml-pipeline/venv/lib/python3.11/site-packages/airflow/example_dags/example_dynamic_task_mapping.py
[2026-05-24T13:55:02.605+0000] {processor.py:840} INFO - DAG(s) 'example_dynamic_task_mapping' retrieved from /home/varn1t/ml-pipeline/venv/lib/python3.11/site-packages/airflow/example_dags/example_dynamic_task_mapping.py
[2026-05-24T13:55:02.615+0000] {logging_mixin.py:188} INFO - [2026-05-24T13:55:02.614+0000] {dag.py:3096} INFO - Sync 1 DAGs
[2026-05-24T13:55:02.626+0000] {logging_mixin.py:188} INFO - [2026-05-24T13:55:02.625+0000] {dag.py:3954} INFO - Setting next_dagrun for example_dynamic_task_mapping to 2022-03-04 00:00:00+00:00, run_after=2022-03-05 00:00:00+00:00
[2026-05-24T13:55:02.642+0000] {processor.py:183} INFO - Processing /home/varn1t/ml-pipeline/venv/lib/python3.11/site-packages/airflow/example_dags/example_dynamic_task_mapping.py took 0.049 seconds
[2026-05-24T13:55:41.186+0000] {processor.py:161} INFO - Started process (PID=13202) to work on /home/varn1t/ml-pipeline/venv/lib/python3.11/site-packages/airflow/example_dags/example_dynamic_task_mapping.py
[2026-05-24T13:55:41.187+0000] {processor.py:830} INFO - Processing file /home/varn1t/ml-pipeline/venv/lib/python3.11/site-packages/airflow/example_dags/example_dynamic_task_mapping.py for tasks to queue
[2026-05-24T13:55:41.187+0000] {logging_mixin.py:188} INFO - [2026-05-24T13:55:41.187+0000] {dagbag.py:545} INFO - Filling up the DagBag from /home/varn1t/ml-pipeline/venv/lib/python3.11/site-packages/airflow/example_dags/example_dynamic_task_mapping.py
[2026-05-24T13:55:41.193+0000] {processor.py:840} INFO - DAG(s) 'example_dynamic_task_mapping' retrieved from /home/varn1t/ml-pipeline/venv/lib/python3.11/site-packages/airflow/example_dags/example_dynamic_task_mapping.py
[2026-05-24T13:55:41.204+0000] {logging_mixin.py:188} INFO - [2026-05-24T13:55:41.203+0000] {dag.py:3096} INFO - Sync 1 DAGs
[2026-05-24T13:55:41.216+0000] {logging_mixin.py:188} INFO - [2026-05-24T13:55:41.216+0000] {dag.py:3954} INFO - Setting next_dagrun for example_dynamic_task_mapping to 2022-03-04 00:00:00+00:00, run_after=2022-03-05 00:00:00+00:00
[2026-05-24T13:55:41.233+0000] {processor.py:183} INFO - Processing /home/varn1t/ml-pipeline/venv/lib/python3.11/site-packages/airflow/example_dags/example_dynamic_task_mapping.py took 0.052 seconds
[2026-05-24T13:56:38.790+0000] {processor.py:161} INFO - Started process (PID=13449) to work on /home/varn1t/ml-pipeline/venv/lib/python3.11/site-packages/airflow/example_dags/example_dynamic_task_mapping.py
[2026-05-24T13:56:38.791+0000] {processor.py:830} INFO - Processing file /home/varn1t/ml-pipeline/venv/lib/python3.11/site-packages/airflow/example_dags/example_dynamic_task_mapping.py for tasks to queue
[2026-05-24T13:56:38.792+0000] {logging_mixin.py:188} INFO - [2026-05-24T13:56:38.791+0000] {dagbag.py:545} INFO - Filling up the DagBag from /home/varn1t/ml-pipeline/venv/lib/python3.11/site-packages/airflow/example_dags/example_dynamic_task_mapping.py
[2026-05-24T13:56:38.797+0000] {processor.py:840} INFO - DAG(s) 'example_dynamic_task_mapping' retrieved from /home/varn1t/ml-pipeline/venv/lib/python3.11/site-packages/airflow/example_dags/example_dynamic_task_mapping.py
[2026-05-24T13:56:38.806+0000] {logging_mixin.py:188} INFO - [2026-05-24T13:56:38.806+0000] {dag.py:3096} INFO - Sync 1 DAGs
[2026-05-24T13:56:38.819+0000] {logging_mixin.py:188} INFO - [2026-05-24T13:56:38.819+0000] {dag.py:3954} INFO - Setting next_dagrun for example_dynamic_task_mapping to 2022-03-04 00:00:00+00:00, run_after=2022-03-05 00:00:00+00:00
[2026-05-24T13:56:38.841+0000] {processor.py:183} INFO - Processing /home/varn1t/ml-pipeline/venv/lib/python3.11/site-packages/airflow/example_dags/example_dynamic_task_mapping.py took 0.054 seconds
[2026-05-24T13:57:23.886+0000] {processor.py:161} INFO - Started process (PID=13635) to work on /home/varn1t/ml-pipeline/venv/lib/python3.11/site-packages/airflow/example_dags/example_dynamic_task_mapping.py
[2026-05-24T13:57:23.887+0000] {processor.py:830} INFO - Processing file /home/varn1t/ml-pipeline/venv/lib/python3.11/site-packages/airflow/example_dags/example_dynamic_task_mapping.py for tasks to queue
[2026-05-24T13:57:23.887+0000] {logging_mixin.py:188} INFO - [2026-05-24T13:57:23.887+0000] {dagbag.py:545} INFO - Filling up the DagBag from /home/varn1t/ml-pipeline/venv/lib/python3.11/site-packages/airflow/example_dags/example_dynamic_task_mapping.py
[2026-05-24T13:57:23.893+0000] {processor.py:840} INFO - DAG(s) 'example_dynamic_task_mapping' retrieved from /home/varn1t/ml-pipeline/venv/lib/python3.11/site-packages/airflow/example_dags/example_dynamic_task_mapping.py
[2026-05-24T13:57:23.907+0000] {logging_mixin.py:188} INFO - [2026-05-24T13:57:23.907+0000] {dag.py:3096} INFO - Sync 1 DAGs
[2026-05-24T13:57:23.919+0000] {logging_mixin.py:188} INFO - [2026-05-24T13:57:23.919+0000] {dag.py:3954} INFO - Setting next_dagrun for example_dynamic_task_mapping to 2022-03-04 00:00:00+00:00, run_after=2022-03-05 00:00:00+00:00
[2026-05-24T13:57:23.936+0000] {processor.py:183} INFO - Processing /home/varn1t/ml-pipeline/venv/lib/python3.11/site-packages/airflow/example_dags/example_dynamic_task_mapping.py took 0.054 seconds
[2026-05-24T13:58:08.263+0000] {processor.py:161} INFO - Started process (PID=13828) to work on /home/varn1t/ml-pipeline/venv/lib/python3.11/site-packages/airflow/example_dags/example_dynamic_task_mapping.py
[2026-05-24T13:58:08.263+0000] {processor.py:830} INFO - Processing file /home/varn1t/ml-pipeline/venv/lib/python3.11/site-packages/airflow/example_dags/example_dynamic_task_mapping.py for tasks to queue
[2026-05-24T13:58:08.264+0000] {logging_mixin.py:188} INFO - [2026-05-24T13:58:08.264+0000] {dagbag.py:545} INFO - Filling up the DagBag from /home/varn1t/ml-pipeline/venv/lib/python3.11/site-packages/airflow/example_dags/example_dynamic_task_mapping.py
[2026-05-24T13:58:08.269+0000] {processor.py:840} INFO - DAG(s) 'example_dynamic_task_mapping' retrieved from /home/varn1t/ml-pipeline/venv/lib/python3.11/site-packages/airflow/example_dags/example_dynamic_task_mapping.py
[2026-05-24T13:58:08.280+0000] {logging_mixin.py:188} INFO - [2026-05-24T13:58:08.280+0000] {dag.py:3096} INFO - Sync 1 DAGs
[2026-05-24T13:58:08.293+0000] {logging_mixin.py:188} INFO - [2026-05-24T13:58:08.293+0000] {dag.py:3954} INFO - Setting next_dagrun for example_dynamic_task_mapping to 2022-03-04 00:00:00+00:00, run_after=2022-03-05 00:00:00+00:00
[2026-05-24T13:58:08.311+0000] {processor.py:183} INFO - Processing /home/varn1t/ml-pipeline/venv/lib/python3.11/site-packages/airflow/example_dags/example_dynamic_task_mapping.py took 0.056 seconds
[2026-05-24T13:58:48.217+0000] {processor.py:161} INFO - Started process (PID=14027) to work on /home/varn1t/ml-pipeline/venv/lib/python3.11/site-packages/airflow/example_dags/example_dynamic_task_mapping.py
[2026-05-24T13:58:48.218+0000] {processor.py:830} INFO - Processing file /home/varn1t/ml-pipeline/venv/lib/python3.11/site-packages/airflow/example_dags/example_dynamic_task_mapping.py for tasks to queue
[2026-05-24T13:58:48.218+0000] {logging_mixin.py:188} INFO - [2026-05-24T13:58:48.218+0000] {dagbag.py:545} INFO - Filling up the DagBag from /home/varn1t/ml-pipeline/venv/lib/python3.11/site-packages/airflow/example_dags/example_dynamic_task_mapping.py
[2026-05-24T13:58:48.224+0000] {processor.py:840} INFO - DAG(s) 'example_dynamic_task_mapping' retrieved from /home/varn1t/ml-pipeline/venv/lib/python3.11/site-packages/airflow/example_dags/example_dynamic_task_mapping.py
[2026-05-24T13:58:48.233+0000] {logging_mixin.py:188} INFO - [2026-05-24T13:58:48.233+0000] {dag.py:3096} INFO - Sync 1 DAGs
[2026-05-24T13:58:48.244+0000] {logging_mixin.py:188} INFO - [2026-05-24T13:58:48.244+0000] {dag.py:3954} INFO - Setting next_dagrun for example_dynamic_task_mapping to 2022-03-04 00:00:00+00:00, run_after=2022-03-05 00:00:00+00:00
[2026-05-24T13:58:48.258+0000] {processor.py:183} INFO - Processing /home/varn1t/ml-pipeline/venv/lib/python3.11/site-packages/airflow/example_dags/example_dynamic_task_mapping.py took 0.045 seconds
[2026-05-24T13:59:31.857+0000] {processor.py:161} INFO - Started process (PID=14219) to work on /home/varn1t/ml-pipeline/venv/lib/python3.11/site-packages/airflow/example_dags/example_dynamic_task_mapping.py
[2026-05-24T13:59:31.857+0000] {processor.py:830} INFO - Processing file /home/varn1t/ml-pipeline/venv/lib/python3.11/site-packages/airflow/example_dags/example_dynamic_task_mapping.py for tasks to queue
[2026-05-24T13:59:31.858+0000] {logging_mixin.py:188} INFO - [2026-05-24T13:59:31.858+0000] {dagbag.py:545} INFO - Filling up the DagBag from /home/varn1t/ml-pipeline/venv/lib/python3.11/site-packages/airflow/example_dags/example_dynamic_task_mapping.py
[2026-05-24T13:59:31.863+0000] {processor.py:840} INFO - DAG(s) 'example_dynamic_task_mapping' retrieved from /home/varn1t/ml-pipeline/venv/lib/python3.11/site-packages/airflow/example_dags/example_dynamic_task_mapping.py
[2026-05-24T13:59:31.873+0000] {logging_mixin.py:188} INFO - [2026-05-24T13:59:31.873+0000] {dag.py:3096} INFO - Sync 1 DAGs
[2026-05-24T13:59:31.885+0000] {logging_mixin.py:188} INFO - [2026-05-24T13:59:31.885+0000] {dag.py:3954} INFO - Setting next_dagrun for example_dynamic_task_mapping to 2022-03-04 00:00:00+00:00, run_after=2022-03-05 00:00:00+00:00
[2026-05-24T13:59:31.898+0000] {processor.py:183} INFO - Processing /home/varn1t/ml-pipeline/venv/lib/python3.11/site-packages/airflow/example_dags/example_dynamic_task_mapping.py took 0.047 seconds
[2026-05-24T14:00:12.746+0000] {processor.py:161} INFO - Started process (PID=14392) to work on /home/varn1t/ml-pipeline/venv/lib/python3.11/site-packages/airflow/example_dags/example_dynamic_task_mapping.py
[2026-05-24T14:00:12.747+0000] {processor.py:830} INFO - Processing file /home/varn1t/ml-pipeline/venv/lib/python3.11/site-packages/airflow/example_dags/example_dynamic_task_mapping.py for tasks to queue
[2026-05-24T14:00:12.747+0000] {logging_mixin.py:188} INFO - [2026-05-24T14:00:12.747+0000] {dagbag.py:545} INFO - Filling up the DagBag from /home/varn1t/ml-pipeline/venv/lib/python3.11/site-packages/airflow/example_dags/example_dynamic_task_mapping.py
[2026-05-24T14:00:12.752+0000] {processor.py:840} INFO - DAG(s) 'example_dynamic_task_mapping' retrieved from /home/varn1t/ml-pipeline/venv/lib/python3.11/site-packages/airflow/example_dags/example_dynamic_task_mapping.py
[2026-05-24T14:00:12.761+0000] {logging_mixin.py:188} INFO - [2026-05-24T14:00:12.761+0000] {dag.py:3096} INFO - Sync 1 DAGs
[2026-05-24T14:00:12.773+0000] {logging_mixin.py:188} INFO - [2026-05-24T14:00:12.773+0000] {dag.py:3954} INFO - Setting next_dagrun for example_dynamic_task_mapping to 2022-03-04 00:00:00+00:00, run_after=2022-03-05 00:00:00+00:00
[2026-05-24T14:00:12.789+0000] {processor.py:183} INFO - Processing /home/varn1t/ml-pipeline/venv/lib/python3.11/site-packages/airflow/example_dags/example_dynamic_task_mapping.py took 0.047 seconds
[2026-05-24T14:00:51.642+0000] {processor.py:161} INFO - Started process (PID=14564) to work on /home/varn1t/ml-pipeline/venv/lib/python3.11/site-packages/airflow/example_dags/example_dynamic_task_mapping.py
[2026-05-24T14:00:51.642+0000] {processor.py:830} INFO - Processing file /home/varn1t/ml-pipeline/venv/lib/python3.11/site-packages/airflow/example_dags/example_dynamic_task_mapping.py for tasks to queue
[2026-05-24T14:00:51.643+0000] {logging_mixin.py:188} INFO - [2026-05-24T14:00:51.643+0000] {dagbag.py:545} INFO - Filling up the DagBag from /home/varn1t/ml-pipeline/venv/lib/python3.11/site-packages/airflow/example_dags/example_dynamic_task_mapping.py
[2026-05-24T14:00:51.648+0000] {processor.py:840} INFO - DAG(s) 'example_dynamic_task_mapping' retrieved from /home/varn1t/ml-pipeline/venv/lib/python3.11/site-packages/airflow/example_dags/example_dynamic_task_mapping.py
[2026-05-24T14:00:51.659+0000] {logging_mixin.py:188} INFO - [2026-05-24T14:00:51.658+0000] {dag.py:3096} INFO - Sync 1 DAGs
[2026-05-24T14:00:51.670+0000] {logging_mixin.py:188} INFO - [2026-05-24T14:00:51.670+0000] {dag.py:3954} INFO - Setting next_dagrun for example_dynamic_task_mapping to 2022-03-04 00:00:00+00:00, run_after=2022-03-05 00:00:00+00:00
[2026-05-24T14:00:51.684+0000] {processor.py:183} INFO - Processing /home/varn1t/ml-pipeline/venv/lib/python3.11/site-packages/airflow/example_dags/example_dynamic_task_mapping.py took 0.047 seconds
[2026-05-24T14:01:29.410+0000] {processor.py:161} INFO - Started process (PID=14738) to work on /home/varn1t/ml-pipeline/venv/lib/python3.11/site-packages/airflow/example_dags/example_dynamic_task_mapping.py
[2026-05-24T14:01:29.411+0000] {processor.py:830} INFO - Processing file /home/varn1t/ml-pipeline/venv/lib/python3.11/site-packages/airflow/example_dags/example_dynamic_task_mapping.py for tasks to queue
[2026-05-24T14:01:29.412+0000] {logging_mixin.py:188} INFO - [2026-05-24T14:01:29.412+0000] {dagbag.py:545} INFO - Filling up the DagBag from /home/varn1t/ml-pipeline/venv/lib/python3.11/site-packages/airflow/example_dags/example_dynamic_task_mapping.py
[2026-05-24T14:01:29.417+0000] {processor.py:840} INFO - DAG(s) 'example_dynamic_task_mapping' retrieved from /home/varn1t/ml-pipeline/venv/lib/python3.11/site-packages/airflow/example_dags/example_dynamic_task_mapping.py
[2026-05-24T14:01:29.428+0000] {logging_mixin.py:188} INFO - [2026-05-24T14:01:29.428+0000] {dag.py:3096} INFO - Sync 1 DAGs
[2026-05-24T14:01:29.441+0000] {logging_mixin.py:188} INFO - [2026-05-24T14:01:29.441+0000] {dag.py:3954} INFO - Setting next_dagrun for example_dynamic_task_mapping to 2022-03-04 00:00:00+00:00, run_after=2022-03-05 00:00:00+00:00
[2026-05-24T14:01:29.459+0000] {processor.py:183} INFO - Processing /home/varn1t/ml-pipeline/venv/lib/python3.11/site-packages/airflow/example_dags/example_dynamic_task_mapping.py took 0.052 seconds
[2026-05-24T14:02:11.221+0000] {processor.py:161} INFO - Started process (PID=14919) to work on /home/varn1t/ml-pipeline/venv/lib/python3.11/site-packages/airflow/example_dags/example_dynamic_task_mapping.py
[2026-05-24T14:02:11.223+0000] {processor.py:830} INFO - Processing file /home/varn1t/ml-pipeline/venv/lib/python3.11/site-packages/airflow/example_dags/example_dynamic_task_mapping.py for tasks to queue
[2026-05-24T14:02:11.225+0000] {logging_mixin.py:188} INFO - [2026-05-24T14:02:11.224+0000] {dagbag.py:545} INFO - Filling up the DagBag from /home/varn1t/ml-pipeline/venv/lib/python3.11/site-packages/airflow/example_dags/example_dynamic_task_mapping.py
[2026-05-24T14:02:11.231+0000] {processor.py:840} INFO - DAG(s) 'example_dynamic_task_mapping' retrieved from /home/varn1t/ml-pipeline/venv/lib/python3.11/site-packages/airflow/example_dags/example_dynamic_task_mapping.py
[2026-05-24T14:02:11.242+0000] {logging_mixin.py:188} INFO - [2026-05-24T14:02:11.242+0000] {dag.py:3096} INFO - Sync 1 DAGs
[2026-05-24T14:02:11.254+0000] {logging_mixin.py:188} INFO - [2026-05-24T14:02:11.254+0000] {dag.py:3954} INFO - Setting next_dagrun for example_dynamic_task_mapping to 2022-03-04 00:00:00+00:00, run_after=2022-03-05 00:00:00+00:00
[2026-05-24T14:02:11.271+0000] {processor.py:183} INFO - Processing /home/varn1t/ml-pipeline/venv/lib/python3.11/site-packages/airflow/example_dags/example_dynamic_task_mapping.py took 0.054 seconds
[2026-05-24T14:02:49.513+0000] {processor.py:161} INFO - Started process (PID=15085) to work on /home/varn1t/ml-pipeline/venv/lib/python3.11/site-packages/airflow/example_dags/example_dynamic_task_mapping.py
[2026-05-24T14:02:49.514+0000] {processor.py:830} INFO - Processing file /home/varn1t/ml-pipeline/venv/lib/python3.11/site-packages/airflow/example_dags/example_dynamic_task_mapping.py for tasks to queue
[2026-05-24T14:02:49.515+0000] {logging_mixin.py:188} INFO - [2026-05-24T14:02:49.514+0000] {dagbag.py:545} INFO - Filling up the DagBag from /home/varn1t/ml-pipeline/venv/lib/python3.11/site-packages/airflow/example_dags/example_dynamic_task_mapping.py
[2026-05-24T14:02:49.520+0000] {processor.py:840} INFO - DAG(s) 'example_dynamic_task_mapping' retrieved from /home/varn1t/ml-pipeline/venv/lib/python3.11/site-packages/airflow/example_dags/example_dynamic_task_mapping.py
[2026-05-24T14:02:49.530+0000] {logging_mixin.py:188} INFO - [2026-05-24T14:02:49.530+0000] {dag.py:3096} INFO - Sync 1 DAGs
[2026-05-24T14:02:49.540+0000] {logging_mixin.py:188} INFO - [2026-05-24T14:02:49.540+0000] {dag.py:3954} INFO - Setting next_dagrun for example_dynamic_task_mapping to 2022-03-04 00:00:00+00:00, run_after=2022-03-05 00:00:00+00:00
[2026-05-24T14:02:49.556+0000] {processor.py:183} INFO - Processing /home/varn1t/ml-pipeline/venv/lib/python3.11/site-packages/airflow/example_dags/example_dynamic_task_mapping.py took 0.048 seconds
[2026-05-24T14:03:28.330+0000] {processor.py:161} INFO - Started process (PID=15282) to work on /home/varn1t/ml-pipeline/venv/lib/python3.11/site-packages/airflow/example_dags/example_dynamic_task_mapping.py
[2026-05-24T14:03:28.331+0000] {processor.py:830} INFO - Processing file /home/varn1t/ml-pipeline/venv/lib/python3.11/site-packages/airflow/example_dags/example_dynamic_task_mapping.py for tasks to queue
[2026-05-24T14:03:28.332+0000] {logging_mixin.py:188} INFO - [2026-05-24T14:03:28.332+0000] {dagbag.py:545} INFO - Filling up the DagBag from /home/varn1t/ml-pipeline/venv/lib/python3.11/site-packages/airflow/example_dags/example_dynamic_task_mapping.py
[2026-05-24T14:03:28.338+0000] {processor.py:840} INFO - DAG(s) 'example_dynamic_task_mapping' retrieved from /home/varn1t/ml-pipeline/venv/lib/python3.11/site-packages/airflow/example_dags/example_dynamic_task_mapping.py
[2026-05-24T14:03:28.347+0000] {logging_mixin.py:188} INFO - [2026-05-24T14:03:28.347+0000] {dag.py:3096} INFO - Sync 1 DAGs
[2026-05-24T14:03:28.360+0000] {logging_mixin.py:188} INFO - [2026-05-24T14:03:28.360+0000] {dag.py:3954} INFO - Setting next_dagrun for example_dynamic_task_mapping to 2022-03-04 00:00:00+00:00, run_after=2022-03-05 00:00:00+00:00
[2026-05-24T14:03:28.378+0000] {processor.py:183} INFO - Processing /home/varn1t/ml-pipeline/venv/lib/python3.11/site-packages/airflow/example_dags/example_dynamic_task_mapping.py took 0.053 seconds
[2026-05-24T14:04:10.538+0000] {processor.py:161} INFO - Started process (PID=15468) to work on /home/varn1t/ml-pipeline/venv/lib/python3.11/site-packages/airflow/example_dags/example_dynamic_task_mapping.py
[2026-05-24T14:04:10.539+0000] {processor.py:830} INFO - Processing file /home/varn1t/ml-pipeline/venv/lib/python3.11/site-packages/airflow/example_dags/example_dynamic_task_mapping.py for tasks to queue
[2026-05-24T14:04:10.540+0000] {logging_mixin.py:188} INFO - [2026-05-24T14:04:10.540+0000] {dagbag.py:545} INFO - Filling up the DagBag from /home/varn1t/ml-pipeline/venv/lib/python3.11/site-packages/airflow/example_dags/example_dynamic_task_mapping.py
[2026-05-24T14:04:10.546+0000] {processor.py:840} INFO - DAG(s) 'example_dynamic_task_mapping' retrieved from /home/varn1t/ml-pipeline/venv/lib/python3.11/site-packages/airflow/example_dags/example_dynamic_task_mapping.py
[2026-05-24T14:04:10.557+0000] {logging_mixin.py:188} INFO - [2026-05-24T14:04:10.557+0000] {dag.py:3096} INFO - Sync 1 DAGs
[2026-05-24T14:04:10.570+0000] {logging_mixin.py:188} INFO - [2026-05-24T14:04:10.570+0000] {dag.py:3954} INFO - Setting next_dagrun for example_dynamic_task_mapping to 2022-03-04 00:00:00+00:00, run_after=2022-03-05 00:00:00+00:00
[2026-05-24T14:04:10.589+0000] {processor.py:183} INFO - Processing /home/varn1t/ml-pipeline/venv/lib/python3.11/site-packages/airflow/example_dags/example_dynamic_task_mapping.py took 0.055 seconds
[2026-05-24T14:04:52.776+0000] {processor.py:161} INFO - Started process (PID=15647) to work on /home/varn1t/ml-pipeline/venv/lib/python3.11/site-packages/airflow/example_dags/example_dynamic_task_mapping.py
[2026-05-24T14:04:52.777+0000] {processor.py:830} INFO - Processing file /home/varn1t/ml-pipeline/venv/lib/python3.11/site-packages/airflow/example_dags/example_dynamic_task_mapping.py for tasks to queue
[2026-05-24T14:04:52.777+0000] {logging_mixin.py:188} INFO - [2026-05-24T14:04:52.777+0000] {dagbag.py:545} INFO - Filling up the DagBag from /home/varn1t/ml-pipeline/venv/lib/python3.11/site-packages/airflow/example_dags/example_dynamic_task_mapping.py
[2026-05-24T14:04:52.783+0000] {processor.py:840} INFO - DAG(s) 'example_dynamic_task_mapping' retrieved from /home/varn1t/ml-pipeline/venv/lib/python3.11/site-packages/airflow/example_dags/example_dynamic_task_mapping.py
[2026-05-24T14:04:52.799+0000] {logging_mixin.py:188} INFO - [2026-05-24T14:04:52.799+0000] {dag.py:3096} INFO - Sync 1 DAGs
[2026-05-24T14:04:52.814+0000] {logging_mixin.py:188} INFO - [2026-05-24T14:04:52.813+0000] {dag.py:3954} INFO - Setting next_dagrun for example_dynamic_task_mapping to 2022-03-04 00:00:00+00:00, run_after=2022-03-05 00:00:00+00:00
[2026-05-24T14:04:52.828+0000] {processor.py:183} INFO - Processing /home/varn1t/ml-pipeline/venv/lib/python3.11/site-packages/airflow/example_dags/example_dynamic_task_mapping.py took 0.057 seconds
[2026-05-24T14:05:32.855+0000] {processor.py:161} INFO - Started process (PID=15819) to work on /home/varn1t/ml-pipeline/venv/lib/python3.11/site-packages/airflow/example_dags/example_dynamic_task_mapping.py
[2026-05-24T14:05:32.856+0000] {processor.py:830} INFO - Processing file /home/varn1t/ml-pipeline/venv/lib/python3.11/site-packages/airflow/example_dags/example_dynamic_task_mapping.py for tasks to queue
[2026-05-24T14:05:32.857+0000] {logging_mixin.py:188} INFO - [2026-05-24T14:05:32.857+0000] {dagbag.py:545} INFO - Filling up the DagBag from /home/varn1t/ml-pipeline/venv/lib/python3.11/site-packages/airflow/example_dags/example_dynamic_task_mapping.py
[2026-05-24T14:05:32.864+0000] {processor.py:840} INFO - DAG(s) 'example_dynamic_task_mapping' retrieved from /home/varn1t/ml-pipeline/venv/lib/python3.11/site-packages/airflow/example_dags/example_dynamic_task_mapping.py
[2026-05-24T14:05:32.877+0000] {logging_mixin.py:188} INFO - [2026-05-24T14:05:32.876+0000] {dag.py:3096} INFO - Sync 1 DAGs
[2026-05-24T14:05:32.892+0000] {logging_mixin.py:188} INFO - [2026-05-24T14:05:32.891+0000] {dag.py:3954} INFO - Setting next_dagrun for example_dynamic_task_mapping to 2022-03-04 00:00:00+00:00, run_after=2022-03-05 00:00:00+00:00
[2026-05-24T14:05:32.910+0000] {processor.py:183} INFO - Processing /home/varn1t/ml-pipeline/venv/lib/python3.11/site-packages/airflow/example_dags/example_dynamic_task_mapping.py took 0.060 seconds
[2026-05-24T14:06:15.488+0000] {processor.py:161} INFO - Started process (PID=16004) to work on /home/varn1t/ml-pipeline/venv/lib/python3.11/site-packages/airflow/example_dags/example_dynamic_task_mapping.py
[2026-05-24T14:06:15.489+0000] {processor.py:830} INFO - Processing file /home/varn1t/ml-pipeline/venv/lib/python3.11/site-packages/airflow/example_dags/example_dynamic_task_mapping.py for tasks to queue
[2026-05-24T14:06:15.490+0000] {logging_mixin.py:188} INFO - [2026-05-24T14:06:15.490+0000] {dagbag.py:545} INFO - Filling up the DagBag from /home/varn1t/ml-pipeline/venv/lib/python3.11/site-packages/airflow/example_dags/example_dynamic_task_mapping.py
[2026-05-24T14:06:15.495+0000] {processor.py:840} INFO - DAG(s) 'example_dynamic_task_mapping' retrieved from /home/varn1t/ml-pipeline/venv/lib/python3.11/site-packages/airflow/example_dags/example_dynamic_task_mapping.py
[2026-05-24T14:06:15.505+0000] {logging_mixin.py:188} INFO - [2026-05-24T14:06:15.505+0000] {dag.py:3096} INFO - Sync 1 DAGs
[2026-05-24T14:06:15.517+0000] {logging_mixin.py:188} INFO - [2026-05-24T14:06:15.517+0000] {dag.py:3954} INFO - Setting next_dagrun for example_dynamic_task_mapping to 2022-03-04 00:00:00+00:00, run_after=2022-03-05 00:00:00+00:00
[2026-05-24T14:06:15.532+0000] {processor.py:183} INFO - Processing /home/varn1t/ml-pipeline/venv/lib/python3.11/site-packages/airflow/example_dags/example_dynamic_task_mapping.py took 0.048 seconds
[2026-05-24T14:06:58.961+0000] {processor.py:161} INFO - Started process (PID=16222) to work on /home/varn1t/ml-pipeline/venv/lib/python3.11/site-packages/airflow/example_dags/example_dynamic_task_mapping.py
[2026-05-24T14:06:58.962+0000] {processor.py:830} INFO - Processing file /home/varn1t/ml-pipeline/venv/lib/python3.11/site-packages/airflow/example_dags/example_dynamic_task_mapping.py for tasks to queue
[2026-05-24T14:06:58.962+0000] {logging_mixin.py:188} INFO - [2026-05-24T14:06:58.962+0000] {dagbag.py:545} INFO - Filling up the DagBag from /home/varn1t/ml-pipeline/venv/lib/python3.11/site-packages/airflow/example_dags/example_dynamic_task_mapping.py
[2026-05-24T14:06:58.967+0000] {processor.py:840} INFO - DAG(s) 'example_dynamic_task_mapping' retrieved from /home/varn1t/ml-pipeline/venv/lib/python3.11/site-packages/airflow/example_dags/example_dynamic_task_mapping.py
[2026-05-24T14:06:58.977+0000] {logging_mixin.py:188} INFO - [2026-05-24T14:06:58.977+0000] {dag.py:3096} INFO - Sync 1 DAGs
[2026-05-24T14:06:58.987+0000] {logging_mixin.py:188} INFO - [2026-05-24T14:06:58.987+0000] {dag.py:3954} INFO - Setting next_dagrun for example_dynamic_task_mapping to 2022-03-04 00:00:00+00:00, run_after=2022-03-05 00:00:00+00:00
[2026-05-24T14:06:59.001+0000] {processor.py:183} INFO - Processing /home/varn1t/ml-pipeline/venv/lib/python3.11/site-packages/airflow/example_dags/example_dynamic_task_mapping.py took 0.044 seconds
[2026-05-24T14:07:43.430+0000] {processor.py:161} INFO - Started process (PID=16415) to work on /home/varn1t/ml-pipeline/venv/lib/python3.11/site-packages/airflow/example_dags/example_dynamic_task_mapping.py
[2026-05-24T14:07:43.431+0000] {processor.py:830} INFO - Processing file /home/varn1t/ml-pipeline/venv/lib/python3.11/site-packages/airflow/example_dags/example_dynamic_task_mapping.py for tasks to queue
[2026-05-24T14:07:43.432+0000] {logging_mixin.py:188} INFO - [2026-05-24T14:07:43.431+0000] {dagbag.py:545} INFO - Filling up the DagBag from /home/varn1t/ml-pipeline/venv/lib/python3.11/site-packages/airflow/example_dags/example_dynamic_task_mapping.py
[2026-05-24T14:07:43.437+0000] {processor.py:840} INFO - DAG(s) 'example_dynamic_task_mapping' retrieved from /home/varn1t/ml-pipeline/venv/lib/python3.11/site-packages/airflow/example_dags/example_dynamic_task_mapping.py
[2026-05-24T14:07:43.446+0000] {logging_mixin.py:188} INFO - [2026-05-24T14:07:43.446+0000] {dag.py:3096} INFO - Sync 1 DAGs
[2026-05-24T14:07:43.457+0000] {logging_mixin.py:188} INFO - [2026-05-24T14:07:43.456+0000] {dag.py:3954} INFO - Setting next_dagrun for example_dynamic_task_mapping to 2022-03-04 00:00:00+00:00, run_after=2022-03-05 00:00:00+00:00
[2026-05-24T14:07:43.472+0000] {processor.py:183} INFO - Processing /home/varn1t/ml-pipeline/venv/lib/python3.11/site-packages/airflow/example_dags/example_dynamic_task_mapping.py took 0.046 seconds
[2026-05-24T14:08:23.300+0000] {processor.py:161} INFO - Started process (PID=16587) to work on /home/varn1t/ml-pipeline/venv/lib/python3.11/site-packages/airflow/example_dags/example_dynamic_task_mapping.py
[2026-05-24T14:08:23.301+0000] {processor.py:830} INFO - Processing file /home/varn1t/ml-pipeline/venv/lib/python3.11/site-packages/airflow/example_dags/example_dynamic_task_mapping.py for tasks to queue
[2026-05-24T14:08:23.301+0000] {logging_mixin.py:188} INFO - [2026-05-24T14:08:23.301+0000] {dagbag.py:545} INFO - Filling up the DagBag from /home/varn1t/ml-pipeline/venv/lib/python3.11/site-packages/airflow/example_dags/example_dynamic_task_mapping.py
[2026-05-24T14:08:23.307+0000] {processor.py:840} INFO - DAG(s) 'example_dynamic_task_mapping' retrieved from /home/varn1t/ml-pipeline/venv/lib/python3.11/site-packages/airflow/example_dags/example_dynamic_task_mapping.py
[2026-05-24T14:08:23.319+0000] {logging_mixin.py:188} INFO - [2026-05-24T14:08:23.319+0000] {dag.py:3096} INFO - Sync 1 DAGs
[2026-05-24T14:08:23.331+0000] {logging_mixin.py:188} INFO - [2026-05-24T14:08:23.331+0000] {dag.py:3954} INFO - Setting next_dagrun for example_dynamic_task_mapping to 2022-03-04 00:00:00+00:00, run_after=2022-03-05 00:00:00+00:00
[2026-05-24T14:08:23.345+0000] {processor.py:183} INFO - Processing /home/varn1t/ml-pipeline/venv/lib/python3.11/site-packages/airflow/example_dags/example_dynamic_task_mapping.py took 0.048 seconds
[2026-05-24T14:09:02.313+0000] {processor.py:161} INFO - Started process (PID=16789) to work on /home/varn1t/ml-pipeline/venv/lib/python3.11/site-packages/airflow/example_dags/example_dynamic_task_mapping.py
[2026-05-24T14:09:02.314+0000] {processor.py:830} INFO - Processing file /home/varn1t/ml-pipeline/venv/lib/python3.11/site-packages/airflow/example_dags/example_dynamic_task_mapping.py for tasks to queue
[2026-05-24T14:09:02.314+0000] {logging_mixin.py:188} INFO - [2026-05-24T14:09:02.314+0000] {dagbag.py:545} INFO - Filling up the DagBag from /home/varn1t/ml-pipeline/venv/lib/python3.11/site-packages/airflow/example_dags/example_dynamic_task_mapping.py
[2026-05-24T14:09:02.319+0000] {processor.py:840} INFO - DAG(s) 'example_dynamic_task_mapping' retrieved from /home/varn1t/ml-pipeline/venv/lib/python3.11/site-packages/airflow/example_dags/example_dynamic_task_mapping.py
[2026-05-24T14:09:02.328+0000] {logging_mixin.py:188} INFO - [2026-05-24T14:09:02.328+0000] {dag.py:3096} INFO - Sync 1 DAGs
[2026-05-24T14:09:02.341+0000] {logging_mixin.py:188} INFO - [2026-05-24T14:09:02.341+0000] {dag.py:3954} INFO - Setting next_dagrun for example_dynamic_task_mapping to 2022-03-04 00:00:00+00:00, run_after=2022-03-05 00:00:00+00:00
[2026-05-24T14:09:02.359+0000] {processor.py:183} INFO - Processing /home/varn1t/ml-pipeline/venv/lib/python3.11/site-packages/airflow/example_dags/example_dynamic_task_mapping.py took 0.050 seconds
[2026-05-24T14:09:45.291+0000] {processor.py:161} INFO - Started process (PID=16974) to work on /home/varn1t/ml-pipeline/venv/lib/python3.11/site-packages/airflow/example_dags/example_dynamic_task_mapping.py
[2026-05-24T14:09:45.292+0000] {processor.py:830} INFO - Processing file /home/varn1t/ml-pipeline/venv/lib/python3.11/site-packages/airflow/example_dags/example_dynamic_task_mapping.py for tasks to queue
[2026-05-24T14:09:45.293+0000] {logging_mixin.py:188} INFO - [2026-05-24T14:09:45.293+0000] {dagbag.py:545} INFO - Filling up the DagBag from /home/varn1t/ml-pipeline/venv/lib/python3.11/site-packages/airflow/example_dags/example_dynamic_task_mapping.py
[2026-05-24T14:09:45.298+0000] {processor.py:840} INFO - DAG(s) 'example_dynamic_task_mapping' retrieved from /home/varn1t/ml-pipeline/venv/lib/python3.11/site-packages/airflow/example_dags/example_dynamic_task_mapping.py
[2026-05-24T14:09:45.308+0000] {logging_mixin.py:188} INFO - [2026-05-24T14:09:45.308+0000] {dag.py:3096} INFO - Sync 1 DAGs
[2026-05-24T14:09:45.319+0000] {logging_mixin.py:188} INFO - [2026-05-24T14:09:45.319+0000] {dag.py:3954} INFO - Setting next_dagrun for example_dynamic_task_mapping to 2022-03-04 00:00:00+00:00, run_after=2022-03-05 00:00:00+00:00
[2026-05-24T14:09:45.334+0000] {processor.py:183} INFO - Processing /home/varn1t/ml-pipeline/venv/lib/python3.11/site-packages/airflow/example_dags/example_dynamic_task_mapping.py took 0.047 seconds
[2026-05-24T14:10:25.648+0000] {processor.py:161} INFO - Started process (PID=17147) to work on /home/varn1t/ml-pipeline/venv/lib/python3.11/site-packages/airflow/example_dags/example_dynamic_task_mapping.py
[2026-05-24T14:10:25.648+0000] {processor.py:830} INFO - Processing file /home/varn1t/ml-pipeline/venv/lib/python3.11/site-packages/airflow/example_dags/example_dynamic_task_mapping.py for tasks to queue
[2026-05-24T14:10:25.649+0000] {logging_mixin.py:188} INFO - [2026-05-24T14:10:25.649+0000] {dagbag.py:545} INFO - Filling up the DagBag from /home/varn1t/ml-pipeline/venv/lib/python3.11/site-packages/airflow/example_dags/example_dynamic_task_mapping.py
[2026-05-24T14:10:25.655+0000] {processor.py:840} INFO - DAG(s) 'example_dynamic_task_mapping' retrieved from /home/varn1t/ml-pipeline/venv/lib/python3.11/site-packages/airflow/example_dags/example_dynamic_task_mapping.py
[2026-05-24T14:10:25.665+0000] {logging_mixin.py:188} INFO - [2026-05-24T14:10:25.665+0000] {dag.py:3096} INFO - Sync 1 DAGs
[2026-05-24T14:10:25.675+0000] {logging_mixin.py:188} INFO - [2026-05-24T14:10:25.675+0000] {dag.py:3954} INFO - Setting next_dagrun for example_dynamic_task_mapping to 2022-03-04 00:00:00+00:00, run_after=2022-03-05 00:00:00+00:00
[2026-05-24T14:10:25.689+0000] {processor.py:183} INFO - Processing /home/varn1t/ml-pipeline/venv/lib/python3.11/site-packages/airflow/example_dags/example_dynamic_task_mapping.py took 0.045 seconds
[2026-05-24T14:11:07.320+0000] {processor.py:161} INFO - Started process (PID=17331) to work on /home/varn1t/ml-pipeline/venv/lib/python3.11/site-packages/airflow/example_dags/example_dynamic_task_mapping.py
[2026-05-24T14:11:07.321+0000] {processor.py:830} INFO - Processing file /home/varn1t/ml-pipeline/venv/lib/python3.11/site-packages/airflow/example_dags/example_dynamic_task_mapping.py for tasks to queue
[2026-05-24T14:11:07.321+0000] {logging_mixin.py:188} INFO - [2026-05-24T14:11:07.321+0000] {dagbag.py:545} INFO - Filling up the DagBag from /home/varn1t/ml-pipeline/venv/lib/python3.11/site-packages/airflow/example_dags/example_dynamic_task_mapping.py
[2026-05-24T14:11:07.328+0000] {processor.py:840} INFO - DAG(s) 'example_dynamic_task_mapping' retrieved from /home/varn1t/ml-pipeline/venv/lib/python3.11/site-packages/airflow/example_dags/example_dynamic_task_mapping.py
[2026-05-24T14:11:07.341+0000] {logging_mixin.py:188} INFO - [2026-05-24T14:11:07.341+0000] {dag.py:3096} INFO - Sync 1 DAGs
[2026-05-24T14:11:07.352+0000] {logging_mixin.py:188} INFO - [2026-05-24T14:11:07.352+0000] {dag.py:3954} INFO - Setting next_dagrun for example_dynamic_task_mapping to 2022-03-04 00:00:00+00:00, run_after=2022-03-05 00:00:00+00:00
[2026-05-24T14:11:07.367+0000] {processor.py:183} INFO - Processing /home/varn1t/ml-pipeline/venv/lib/python3.11/site-packages/airflow/example_dags/example_dynamic_task_mapping.py took 0.051 seconds
[2026-05-24T14:11:49.062+0000] {processor.py:161} INFO - Started process (PID=17527) to work on /home/varn1t/ml-pipeline/venv/lib/python3.11/site-packages/airflow/example_dags/example_dynamic_task_mapping.py
[2026-05-24T14:11:49.062+0000] {processor.py:830} INFO - Processing file /home/varn1t/ml-pipeline/venv/lib/python3.11/site-packages/airflow/example_dags/example_dynamic_task_mapping.py for tasks to queue
[2026-05-24T14:11:49.063+0000] {logging_mixin.py:188} INFO - [2026-05-24T14:11:49.063+0000] {dagbag.py:545} INFO - Filling up the DagBag from /home/varn1t/ml-pipeline/venv/lib/python3.11/site-packages/airflow/example_dags/example_dynamic_task_mapping.py
[2026-05-24T14:11:49.069+0000] {processor.py:840} INFO - DAG(s) 'example_dynamic_task_mapping' retrieved from /home/varn1t/ml-pipeline/venv/lib/python3.11/site-packages/airflow/example_dags/example_dynamic_task_mapping.py
[2026-05-24T14:11:49.080+0000] {logging_mixin.py:188} INFO - [2026-05-24T14:11:49.079+0000] {dag.py:3096} INFO - Sync 1 DAGs
[2026-05-24T14:11:49.091+0000] {logging_mixin.py:188} INFO - [2026-05-24T14:11:49.091+0000] {dag.py:3954} INFO - Setting next_dagrun for example_dynamic_task_mapping to 2022-03-04 00:00:00+00:00, run_after=2022-03-05 00:00:00+00:00
[2026-05-24T14:11:49.106+0000] {processor.py:183} INFO - Processing /home/varn1t/ml-pipeline/venv/lib/python3.11/site-packages/airflow/example_dags/example_dynamic_task_mapping.py took 0.049 seconds
[2026-05-24T14:12:28.030+0000] {processor.py:161} INFO - Started process (PID=17698) to work on /home/varn1t/ml-pipeline/venv/lib/python3.11/site-packages/airflow/example_dags/example_dynamic_task_mapping.py
[2026-05-24T14:12:28.031+0000] {processor.py:830} INFO - Processing file /home/varn1t/ml-pipeline/venv/lib/python3.11/site-packages/airflow/example_dags/example_dynamic_task_mapping.py for tasks to queue
[2026-05-24T14:12:28.032+0000] {logging_mixin.py:188} INFO - [2026-05-24T14:12:28.032+0000] {dagbag.py:545} INFO - Filling up the DagBag from /home/varn1t/ml-pipeline/venv/lib/python3.11/site-packages/airflow/example_dags/example_dynamic_task_mapping.py
[2026-05-24T14:12:28.038+0000] {processor.py:840} INFO - DAG(s) 'example_dynamic_task_mapping' retrieved from /home/varn1t/ml-pipeline/venv/lib/python3.11/site-packages/airflow/example_dags/example_dynamic_task_mapping.py
[2026-05-24T14:12:28.051+0000] {logging_mixin.py:188} INFO - [2026-05-24T14:12:28.051+0000] {dag.py:3096} INFO - Sync 1 DAGs
[2026-05-24T14:12:28.065+0000] {logging_mixin.py:188} INFO - [2026-05-24T14:12:28.065+0000] {dag.py:3954} INFO - Setting next_dagrun for example_dynamic_task_mapping to 2022-03-04 00:00:00+00:00, run_after=2022-03-05 00:00:00+00:00
[2026-05-24T14:12:28.081+0000] {processor.py:183} INFO - Processing /home/varn1t/ml-pipeline/venv/lib/python3.11/site-packages/airflow/example_dags/example_dynamic_task_mapping.py took 0.057 seconds
[2026-05-24T14:13:09.113+0000] {processor.py:161} INFO - Started process (PID=17873) to work on /home/varn1t/ml-pipeline/venv/lib/python3.11/site-packages/airflow/example_dags/example_dynamic_task_mapping.py
[2026-05-24T14:13:09.114+0000] {processor.py:830} INFO - Processing file /home/varn1t/ml-pipeline/venv/lib/python3.11/site-packages/airflow/example_dags/example_dynamic_task_mapping.py for tasks to queue
[2026-05-24T14:13:09.114+0000] {logging_mixin.py:188} INFO - [2026-05-24T14:13:09.114+0000] {dagbag.py:545} INFO - Filling up the DagBag from /home/varn1t/ml-pipeline/venv/lib/python3.11/site-packages/airflow/example_dags/example_dynamic_task_mapping.py
[2026-05-24T14:13:09.121+0000] {processor.py:840} INFO - DAG(s) 'example_dynamic_task_mapping' retrieved from /home/varn1t/ml-pipeline/venv/lib/python3.11/site-packages/airflow/example_dags/example_dynamic_task_mapping.py
[2026-05-24T14:13:09.133+0000] {logging_mixin.py:188} INFO - [2026-05-24T14:13:09.133+0000] {dag.py:3096} INFO - Sync 1 DAGs
[2026-05-24T14:13:09.147+0000] {logging_mixin.py:188} INFO - [2026-05-24T14:13:09.147+0000] {dag.py:3954} INFO - Setting next_dagrun for example_dynamic_task_mapping to 2022-03-04 00:00:00+00:00, run_after=2022-03-05 00:00:00+00:00
[2026-05-24T14:13:09.165+0000] {processor.py:183} INFO - Processing /home/varn1t/ml-pipeline/venv/lib/python3.11/site-packages/airflow/example_dags/example_dynamic_task_mapping.py took 0.057 seconds
[2026-05-24T14:13:50.033+0000] {processor.py:161} INFO - Started process (PID=18077) to work on /home/varn1t/ml-pipeline/venv/lib/python3.11/site-packages/airflow/example_dags/example_dynamic_task_mapping.py
[2026-05-24T14:13:50.034+0000] {processor.py:830} INFO - Processing file /home/varn1t/ml-pipeline/venv/lib/python3.11/site-packages/airflow/example_dags/example_dynamic_task_mapping.py for tasks to queue
[2026-05-24T14:13:50.035+0000] {logging_mixin.py:188} INFO - [2026-05-24T14:13:50.034+0000] {dagbag.py:545} INFO - Filling up the DagBag from /home/varn1t/ml-pipeline/venv/lib/python3.11/site-packages/airflow/example_dags/example_dynamic_task_mapping.py
[2026-05-24T14:13:50.040+0000] {processor.py:840} INFO - DAG(s) 'example_dynamic_task_mapping' retrieved from /home/varn1t/ml-pipeline/venv/lib/python3.11/site-packages/airflow/example_dags/example_dynamic_task_mapping.py
[2026-05-24T14:13:50.050+0000] {logging_mixin.py:188} INFO - [2026-05-24T14:13:50.050+0000] {dag.py:3096} INFO - Sync 1 DAGs
[2026-05-24T14:13:50.064+0000] {logging_mixin.py:188} INFO - [2026-05-24T14:13:50.064+0000] {dag.py:3954} INFO - Setting next_dagrun for example_dynamic_task_mapping to 2022-03-04 00:00:00+00:00, run_after=2022-03-05 00:00:00+00:00
[2026-05-24T14:13:50.083+0000] {processor.py:183} INFO - Processing /home/varn1t/ml-pipeline/venv/lib/python3.11/site-packages/airflow/example_dags/example_dynamic_task_mapping.py took 0.056 seconds
[2026-05-24T14:14:29.287+0000] {processor.py:161} INFO - Started process (PID=18247) to work on /home/varn1t/ml-pipeline/venv/lib/python3.11/site-packages/airflow/example_dags/example_dynamic_task_mapping.py
[2026-05-24T14:14:29.288+0000] {processor.py:830} INFO - Processing file /home/varn1t/ml-pipeline/venv/lib/python3.11/site-packages/airflow/example_dags/example_dynamic_task_mapping.py for tasks to queue
[2026-05-24T14:14:29.289+0000] {logging_mixin.py:188} INFO - [2026-05-24T14:14:29.289+0000] {dagbag.py:545} INFO - Filling up the DagBag from /home/varn1t/ml-pipeline/venv/lib/python3.11/site-packages/airflow/example_dags/example_dynamic_task_mapping.py
[2026-05-24T14:14:29.296+0000] {processor.py:840} INFO - DAG(s) 'example_dynamic_task_mapping' retrieved from /home/varn1t/ml-pipeline/venv/lib/python3.11/site-packages/airflow/example_dags/example_dynamic_task_mapping.py
[2026-05-24T14:14:29.306+0000] {logging_mixin.py:188} INFO - [2026-05-24T14:14:29.306+0000] {dag.py:3096} INFO - Sync 1 DAGs
[2026-05-24T14:14:29.318+0000] {logging_mixin.py:188} INFO - [2026-05-24T14:14:29.318+0000] {dag.py:3954} INFO - Setting next_dagrun for example_dynamic_task_mapping to 2022-03-04 00:00:00+00:00, run_after=2022-03-05 00:00:00+00:00
[2026-05-24T14:14:29.333+0000] {processor.py:183} INFO - Processing /home/varn1t/ml-pipeline/venv/lib/python3.11/site-packages/airflow/example_dags/example_dynamic_task_mapping.py took 0.050 seconds
[2026-05-24T14:15:12.243+0000] {processor.py:161} INFO - Started process (PID=18432) to work on /home/varn1t/ml-pipeline/venv/lib/python3.11/site-packages/airflow/example_dags/example_dynamic_task_mapping.py
[2026-05-24T14:15:12.244+0000] {processor.py:830} INFO - Processing file /home/varn1t/ml-pipeline/venv/lib/python3.11/site-packages/airflow/example_dags/example_dynamic_task_mapping.py for tasks to queue
[2026-05-24T14:15:12.245+0000] {logging_mixin.py:188} INFO - [2026-05-24T14:15:12.245+0000] {dagbag.py:545} INFO - Filling up the DagBag from /home/varn1t/ml-pipeline/venv/lib/python3.11/site-packages/airflow/example_dags/example_dynamic_task_mapping.py
[2026-05-24T14:15:12.252+0000] {processor.py:840} INFO - DAG(s) 'example_dynamic_task_mapping' retrieved from /home/varn1t/ml-pipeline/venv/lib/python3.11/site-packages/airflow/example_dags/example_dynamic_task_mapping.py
[2026-05-24T14:15:12.266+0000] {logging_mixin.py:188} INFO - [2026-05-24T14:15:12.266+0000] {dag.py:3096} INFO - Sync 1 DAGs
[2026-05-24T14:15:12.281+0000] {logging_mixin.py:188} INFO - [2026-05-24T14:15:12.280+0000] {dag.py:3954} INFO - Setting next_dagrun for example_dynamic_task_mapping to 2022-03-04 00:00:00+00:00, run_after=2022-03-05 00:00:00+00:00
[2026-05-24T14:15:12.298+0000] {processor.py:183} INFO - Processing /home/varn1t/ml-pipeline/venv/lib/python3.11/site-packages/airflow/example_dags/example_dynamic_task_mapping.py took 0.061 seconds
[2026-05-24T14:16:01.945+0000] {processor.py:161} INFO - Started process (PID=18650) to work on /home/varn1t/ml-pipeline/venv/lib/python3.11/site-packages/airflow/example_dags/example_dynamic_task_mapping.py
[2026-05-24T14:16:01.946+0000] {processor.py:830} INFO - Processing file /home/varn1t/ml-pipeline/venv/lib/python3.11/site-packages/airflow/example_dags/example_dynamic_task_mapping.py for tasks to queue
[2026-05-24T14:16:01.947+0000] {logging_mixin.py:188} INFO - [2026-05-24T14:16:01.946+0000] {dagbag.py:545} INFO - Filling up the DagBag from /home/varn1t/ml-pipeline/venv/lib/python3.11/site-packages/airflow/example_dags/example_dynamic_task_mapping.py
[2026-05-24T14:16:01.953+0000] {processor.py:840} INFO - DAG(s) 'example_dynamic_task_mapping' retrieved from /home/varn1t/ml-pipeline/venv/lib/python3.11/site-packages/airflow/example_dags/example_dynamic_task_mapping.py
[2026-05-24T14:16:01.963+0000] {logging_mixin.py:188} INFO - [2026-05-24T14:16:01.963+0000] {dag.py:3096} INFO - Sync 1 DAGs
[2026-05-24T14:16:01.976+0000] {logging_mixin.py:188} INFO - [2026-05-24T14:16:01.976+0000] {dag.py:3954} INFO - Setting next_dagrun for example_dynamic_task_mapping to 2022-03-04 00:00:00+00:00, run_after=2022-03-05 00:00:00+00:00
[2026-05-24T14:16:01.991+0000] {processor.py:183} INFO - Processing /home/varn1t/ml-pipeline/venv/lib/python3.11/site-packages/airflow/example_dags/example_dynamic_task_mapping.py took 0.051 seconds
[2026-05-24T14:16:57.029+0000] {processor.py:161} INFO - Started process (PID=18899) to work on /home/varn1t/ml-pipeline/venv/lib/python3.11/site-packages/airflow/example_dags/example_dynamic_task_mapping.py
[2026-05-24T14:16:57.032+0000] {processor.py:830} INFO - Processing file /home/varn1t/ml-pipeline/venv/lib/python3.11/site-packages/airflow/example_dags/example_dynamic_task_mapping.py for tasks to queue
[2026-05-24T14:16:57.035+0000] {logging_mixin.py:188} INFO - [2026-05-24T14:16:57.033+0000] {dagbag.py:545} INFO - Filling up the DagBag from /home/varn1t/ml-pipeline/venv/lib/python3.11/site-packages/airflow/example_dags/example_dynamic_task_mapping.py
[2026-05-24T14:16:57.089+0000] {processor.py:840} INFO - DAG(s) 'example_dynamic_task_mapping' retrieved from /home/varn1t/ml-pipeline/venv/lib/python3.11/site-packages/airflow/example_dags/example_dynamic_task_mapping.py
[2026-05-24T14:16:57.170+0000] {logging_mixin.py:188} INFO - [2026-05-24T14:16:57.169+0000] {dag.py:3096} INFO - Sync 1 DAGs
[2026-05-24T14:16:57.308+0000] {logging_mixin.py:188} INFO - [2026-05-24T14:16:57.307+0000] {dag.py:3954} INFO - Setting next_dagrun for example_dynamic_task_mapping to 2022-03-04 00:00:00+00:00, run_after=2022-03-05 00:00:00+00:00
[2026-05-24T14:16:57.427+0000] {processor.py:183} INFO - Processing /home/varn1t/ml-pipeline/venv/lib/python3.11/site-packages/airflow/example_dags/example_dynamic_task_mapping.py took 0.416 seconds
[2026-05-24T14:17:55.791+0000] {processor.py:161} INFO - Started process (PID=19164) to work on /home/varn1t/ml-pipeline/venv/lib/python3.11/site-packages/airflow/example_dags/example_dynamic_task_mapping.py
[2026-05-24T14:17:55.791+0000] {processor.py:830} INFO - Processing file /home/varn1t/ml-pipeline/venv/lib/python3.11/site-packages/airflow/example_dags/example_dynamic_task_mapping.py for tasks to queue
[2026-05-24T14:17:55.792+0000] {logging_mixin.py:188} INFO - [2026-05-24T14:17:55.792+0000] {dagbag.py:545} INFO - Filling up the DagBag from /home/varn1t/ml-pipeline/venv/lib/python3.11/site-packages/airflow/example_dags/example_dynamic_task_mapping.py
[2026-05-24T14:17:55.798+0000] {processor.py:840} INFO - DAG(s) 'example_dynamic_task_mapping' retrieved from /home/varn1t/ml-pipeline/venv/lib/python3.11/site-packages/airflow/example_dags/example_dynamic_task_mapping.py
[2026-05-24T14:17:55.809+0000] {logging_mixin.py:188} INFO - [2026-05-24T14:17:55.808+0000] {dag.py:3096} INFO - Sync 1 DAGs
[2026-05-24T14:17:55.821+0000] {logging_mixin.py:188} INFO - [2026-05-24T14:17:55.820+0000] {dag.py:3954} INFO - Setting next_dagrun for example_dynamic_task_mapping to 2022-03-04 00:00:00+00:00, run_after=2022-03-05 00:00:00+00:00
[2026-05-24T14:17:55.837+0000] {processor.py:183} INFO - Processing /home/varn1t/ml-pipeline/venv/lib/python3.11/site-packages/airflow/example_dags/example_dynamic_task_mapping.py took 0.051 seconds
[2026-05-24T14:18:41.628+0000] {processor.py:161} INFO - Started process (PID=19392) to work on /home/varn1t/ml-pipeline/venv/lib/python3.11/site-packages/airflow/example_dags/example_dynamic_task_mapping.py
[2026-05-24T14:18:41.630+0000] {processor.py:830} INFO - Processing file /home/varn1t/ml-pipeline/venv/lib/python3.11/site-packages/airflow/example_dags/example_dynamic_task_mapping.py for tasks to queue
[2026-05-24T14:18:41.631+0000] {logging_mixin.py:188} INFO - [2026-05-24T14:18:41.631+0000] {dagbag.py:545} INFO - Filling up the DagBag from /home/varn1t/ml-pipeline/venv/lib/python3.11/site-packages/airflow/example_dags/example_dynamic_task_mapping.py
[2026-05-24T14:18:41.639+0000] {processor.py:840} INFO - DAG(s) 'example_dynamic_task_mapping' retrieved from /home/varn1t/ml-pipeline/venv/lib/python3.11/site-packages/airflow/example_dags/example_dynamic_task_mapping.py
[2026-05-24T14:18:41.654+0000] {logging_mixin.py:188} INFO - [2026-05-24T14:18:41.654+0000] {dag.py:3096} INFO - Sync 1 DAGs
[2026-05-24T14:18:41.670+0000] {logging_mixin.py:188} INFO - [2026-05-24T14:18:41.670+0000] {dag.py:3954} INFO - Setting next_dagrun for example_dynamic_task_mapping to 2022-03-04 00:00:00+00:00, run_after=2022-03-05 00:00:00+00:00
[2026-05-24T14:18:41.691+0000] {processor.py:183} INFO - Processing /home/varn1t/ml-pipeline/venv/lib/python3.11/site-packages/airflow/example_dags/example_dynamic_task_mapping.py took 0.068 seconds
[2026-05-24T14:19:24.101+0000] {processor.py:161} INFO - Started process (PID=19585) to work on /home/varn1t/ml-pipeline/venv/lib/python3.11/site-packages/airflow/example_dags/example_dynamic_task_mapping.py
[2026-05-24T14:19:24.103+0000] {processor.py:830} INFO - Processing file /home/varn1t/ml-pipeline/venv/lib/python3.11/site-packages/airflow/example_dags/example_dynamic_task_mapping.py for tasks to queue
[2026-05-24T14:19:24.104+0000] {logging_mixin.py:188} INFO - [2026-05-24T14:19:24.104+0000] {dagbag.py:545} INFO - Filling up the DagBag from /home/varn1t/ml-pipeline/venv/lib/python3.11/site-packages/airflow/example_dags/example_dynamic_task_mapping.py
[2026-05-24T14:19:24.113+0000] {processor.py:840} INFO - DAG(s) 'example_dynamic_task_mapping' retrieved from /home/varn1t/ml-pipeline/venv/lib/python3.11/site-packages/airflow/example_dags/example_dynamic_task_mapping.py
[2026-05-24T14:19:24.125+0000] {logging_mixin.py:188} INFO - [2026-05-24T14:19:24.125+0000] {dag.py:3096} INFO - Sync 1 DAGs
[2026-05-24T14:19:24.136+0000] {logging_mixin.py:188} INFO - [2026-05-24T14:19:24.136+0000] {dag.py:3954} INFO - Setting next_dagrun for example_dynamic_task_mapping to 2022-03-04 00:00:00+00:00, run_after=2022-03-05 00:00:00+00:00
[2026-05-24T14:19:24.155+0000] {processor.py:183} INFO - Processing /home/varn1t/ml-pipeline/venv/lib/python3.11/site-packages/airflow/example_dags/example_dynamic_task_mapping.py took 0.061 seconds
[2026-05-24T14:20:06.164+0000] {processor.py:161} INFO - Started process (PID=19778) to work on /home/varn1t/ml-pipeline/venv/lib/python3.11/site-packages/airflow/example_dags/example_dynamic_task_mapping.py
[2026-05-24T14:20:06.166+0000] {processor.py:830} INFO - Processing file /home/varn1t/ml-pipeline/venv/lib/python3.11/site-packages/airflow/example_dags/example_dynamic_task_mapping.py for tasks to queue
[2026-05-24T14:20:06.167+0000] {logging_mixin.py:188} INFO - [2026-05-24T14:20:06.167+0000] {dagbag.py:545} INFO - Filling up the DagBag from /home/varn1t/ml-pipeline/venv/lib/python3.11/site-packages/airflow/example_dags/example_dynamic_task_mapping.py
[2026-05-24T14:20:06.173+0000] {processor.py:840} INFO - DAG(s) 'example_dynamic_task_mapping' retrieved from /home/varn1t/ml-pipeline/venv/lib/python3.11/site-packages/airflow/example_dags/example_dynamic_task_mapping.py
[2026-05-24T14:20:06.186+0000] {logging_mixin.py:188} INFO - [2026-05-24T14:20:06.186+0000] {dag.py:3096} INFO - Sync 1 DAGs
[2026-05-24T14:20:06.200+0000] {logging_mixin.py:188} INFO - [2026-05-24T14:20:06.200+0000] {dag.py:3954} INFO - Setting next_dagrun for example_dynamic_task_mapping to 2022-03-04 00:00:00+00:00, run_after=2022-03-05 00:00:00+00:00
[2026-05-24T14:20:06.218+0000] {processor.py:183} INFO - Processing /home/varn1t/ml-pipeline/venv/lib/python3.11/site-packages/airflow/example_dags/example_dynamic_task_mapping.py took 0.059 seconds
[2026-05-24T14:20:48.956+0000] {processor.py:161} INFO - Started process (PID=19971) to work on /home/varn1t/ml-pipeline/venv/lib/python3.11/site-packages/airflow/example_dags/example_dynamic_task_mapping.py
[2026-05-24T14:20:48.958+0000] {processor.py:830} INFO - Processing file /home/varn1t/ml-pipeline/venv/lib/python3.11/site-packages/airflow/example_dags/example_dynamic_task_mapping.py for tasks to queue
[2026-05-24T14:20:48.958+0000] {logging_mixin.py:188} INFO - [2026-05-24T14:20:48.958+0000] {dagbag.py:545} INFO - Filling up the DagBag from /home/varn1t/ml-pipeline/venv/lib/python3.11/site-packages/airflow/example_dags/example_dynamic_task_mapping.py
[2026-05-24T14:20:48.966+0000] {processor.py:840} INFO - DAG(s) 'example_dynamic_task_mapping' retrieved from /home/varn1t/ml-pipeline/venv/lib/python3.11/site-packages/airflow/example_dags/example_dynamic_task_mapping.py
[2026-05-24T14:20:48.978+0000] {logging_mixin.py:188} INFO - [2026-05-24T14:20:48.978+0000] {dag.py:3096} INFO - Sync 1 DAGs
[2026-05-24T14:20:48.991+0000] {logging_mixin.py:188} INFO - [2026-05-24T14:20:48.991+0000] {dag.py:3954} INFO - Setting next_dagrun for example_dynamic_task_mapping to 2022-03-04 00:00:00+00:00, run_after=2022-03-05 00:00:00+00:00
[2026-05-24T14:20:49.012+0000] {processor.py:183} INFO - Processing /home/varn1t/ml-pipeline/venv/lib/python3.11/site-packages/airflow/example_dags/example_dynamic_task_mapping.py took 0.061 seconds
[2026-05-24T14:21:29.499+0000] {processor.py:161} INFO - Started process (PID=20158) to work on /home/varn1t/ml-pipeline/venv/lib/python3.11/site-packages/airflow/example_dags/example_dynamic_task_mapping.py
[2026-05-24T14:21:29.501+0000] {processor.py:830} INFO - Processing file /home/varn1t/ml-pipeline/venv/lib/python3.11/site-packages/airflow/example_dags/example_dynamic_task_mapping.py for tasks to queue
[2026-05-24T14:21:29.502+0000] {logging_mixin.py:188} INFO - [2026-05-24T14:21:29.502+0000] {dagbag.py:545} INFO - Filling up the DagBag from /home/varn1t/ml-pipeline/venv/lib/python3.11/site-packages/airflow/example_dags/example_dynamic_task_mapping.py
[2026-05-24T14:21:29.510+0000] {processor.py:840} INFO - DAG(s) 'example_dynamic_task_mapping' retrieved from /home/varn1t/ml-pipeline/venv/lib/python3.11/site-packages/airflow/example_dags/example_dynamic_task_mapping.py
[2026-05-24T14:21:29.523+0000] {logging_mixin.py:188} INFO - [2026-05-24T14:21:29.523+0000] {dag.py:3096} INFO - Sync 1 DAGs
[2026-05-24T14:21:29.536+0000] {logging_mixin.py:188} INFO - [2026-05-24T14:21:29.536+0000] {dag.py:3954} INFO - Setting next_dagrun for example_dynamic_task_mapping to 2022-03-04 00:00:00+00:00, run_after=2022-03-05 00:00:00+00:00
[2026-05-24T14:21:29.556+0000] {processor.py:183} INFO - Processing /home/varn1t/ml-pipeline/venv/lib/python3.11/site-packages/airflow/example_dags/example_dynamic_task_mapping.py took 0.062 seconds
[2026-05-24T14:22:10.996+0000] {processor.py:161} INFO - Started process (PID=20353) to work on /home/varn1t/ml-pipeline/venv/lib/python3.11/site-packages/airflow/example_dags/example_dynamic_task_mapping.py
[2026-05-24T14:22:10.998+0000] {processor.py:830} INFO - Processing file /home/varn1t/ml-pipeline/venv/lib/python3.11/site-packages/airflow/example_dags/example_dynamic_task_mapping.py for tasks to queue
[2026-05-24T14:22:10.999+0000] {logging_mixin.py:188} INFO - [2026-05-24T14:22:10.999+0000] {dagbag.py:545} INFO - Filling up the DagBag from /home/varn1t/ml-pipeline/venv/lib/python3.11/site-packages/airflow/example_dags/example_dynamic_task_mapping.py
[2026-05-24T14:22:11.006+0000] {processor.py:840} INFO - DAG(s) 'example_dynamic_task_mapping' retrieved from /home/varn1t/ml-pipeline/venv/lib/python3.11/site-packages/airflow/example_dags/example_dynamic_task_mapping.py
[2026-05-24T14:22:11.016+0000] {logging_mixin.py:188} INFO - [2026-05-24T14:22:11.016+0000] {dag.py:3096} INFO - Sync 1 DAGs
[2026-05-24T14:22:11.027+0000] {logging_mixin.py:188} INFO - [2026-05-24T14:22:11.027+0000] {dag.py:3954} INFO - Setting next_dagrun for example_dynamic_task_mapping to 2022-03-04 00:00:00+00:00, run_after=2022-03-05 00:00:00+00:00
[2026-05-24T14:22:11.044+0000] {processor.py:183} INFO - Processing /home/varn1t/ml-pipeline/venv/lib/python3.11/site-packages/airflow/example_dags/example_dynamic_task_mapping.py took 0.053 seconds
[2026-05-24T14:22:54.635+0000] {processor.py:161} INFO - Started process (PID=20546) to work on /home/varn1t/ml-pipeline/venv/lib/python3.11/site-packages/airflow/example_dags/example_dynamic_task_mapping.py
[2026-05-24T14:22:54.637+0000] {processor.py:830} INFO - Processing file /home/varn1t/ml-pipeline/venv/lib/python3.11/site-packages/airflow/example_dags/example_dynamic_task_mapping.py for tasks to queue
[2026-05-24T14:22:54.637+0000] {logging_mixin.py:188} INFO - [2026-05-24T14:22:54.637+0000] {dagbag.py:545} INFO - Filling up the DagBag from /home/varn1t/ml-pipeline/venv/lib/python3.11/site-packages/airflow/example_dags/example_dynamic_task_mapping.py
[2026-05-24T14:22:54.645+0000] {processor.py:840} INFO - DAG(s) 'example_dynamic_task_mapping' retrieved from /home/varn1t/ml-pipeline/venv/lib/python3.11/site-packages/airflow/example_dags/example_dynamic_task_mapping.py
[2026-05-24T14:22:54.656+0000] {logging_mixin.py:188} INFO - [2026-05-24T14:22:54.656+0000] {dag.py:3096} INFO - Sync 1 DAGs
[2026-05-24T14:22:54.669+0000] {logging_mixin.py:188} INFO - [2026-05-24T14:22:54.669+0000] {dag.py:3954} INFO - Setting next_dagrun for example_dynamic_task_mapping to 2022-03-04 00:00:00+00:00, run_after=2022-03-05 00:00:00+00:00
[2026-05-24T14:22:54.692+0000] {processor.py:183} INFO - Processing /home/varn1t/ml-pipeline/venv/lib/python3.11/site-packages/airflow/example_dags/example_dynamic_task_mapping.py took 0.062 seconds
[2026-05-24T14:23:36.823+0000] {processor.py:161} INFO - Started process (PID=20765) to work on /home/varn1t/ml-pipeline/venv/lib/python3.11/site-packages/airflow/example_dags/example_dynamic_task_mapping.py
[2026-05-24T14:23:36.824+0000] {processor.py:830} INFO - Processing file /home/varn1t/ml-pipeline/venv/lib/python3.11/site-packages/airflow/example_dags/example_dynamic_task_mapping.py for tasks to queue
[2026-05-24T14:23:36.825+0000] {logging_mixin.py:188} INFO - [2026-05-24T14:23:36.824+0000] {dagbag.py:545} INFO - Filling up the DagBag from /home/varn1t/ml-pipeline/venv/lib/python3.11/site-packages/airflow/example_dags/example_dynamic_task_mapping.py
[2026-05-24T14:23:36.832+0000] {processor.py:840} INFO - DAG(s) 'example_dynamic_task_mapping' retrieved from /home/varn1t/ml-pipeline/venv/lib/python3.11/site-packages/airflow/example_dags/example_dynamic_task_mapping.py
[2026-05-24T14:23:36.844+0000] {logging_mixin.py:188} INFO - [2026-05-24T14:23:36.844+0000] {dag.py:3096} INFO - Sync 1 DAGs
[2026-05-24T14:23:36.857+0000] {logging_mixin.py:188} INFO - [2026-05-24T14:23:36.857+0000] {dag.py:3954} INFO - Setting next_dagrun for example_dynamic_task_mapping to 2022-03-04 00:00:00+00:00, run_after=2022-03-05 00:00:00+00:00
[2026-05-24T14:23:36.875+0000] {processor.py:183} INFO - Processing /home/varn1t/ml-pipeline/venv/lib/python3.11/site-packages/airflow/example_dags/example_dynamic_task_mapping.py took 0.058 seconds
[2026-05-24T14:24:16.891+0000] {processor.py:161} INFO - Started process (PID=20951) to work on /home/varn1t/ml-pipeline/venv/lib/python3.11/site-packages/airflow/example_dags/example_dynamic_task_mapping.py
[2026-05-24T14:24:16.892+0000] {processor.py:830} INFO - Processing file /home/varn1t/ml-pipeline/venv/lib/python3.11/site-packages/airflow/example_dags/example_dynamic_task_mapping.py for tasks to queue
[2026-05-24T14:24:16.893+0000] {logging_mixin.py:188} INFO - [2026-05-24T14:24:16.893+0000] {dagbag.py:545} INFO - Filling up the DagBag from /home/varn1t/ml-pipeline/venv/lib/python3.11/site-packages/airflow/example_dags/example_dynamic_task_mapping.py
[2026-05-24T14:24:16.898+0000] {processor.py:840} INFO - DAG(s) 'example_dynamic_task_mapping' retrieved from /home/varn1t/ml-pipeline/venv/lib/python3.11/site-packages/airflow/example_dags/example_dynamic_task_mapping.py
[2026-05-24T14:24:16.911+0000] {logging_mixin.py:188} INFO - [2026-05-24T14:24:16.911+0000] {dag.py:3096} INFO - Sync 1 DAGs
[2026-05-24T14:24:16.923+0000] {logging_mixin.py:188} INFO - [2026-05-24T14:24:16.923+0000] {dag.py:3954} INFO - Setting next_dagrun for example_dynamic_task_mapping to 2022-03-04 00:00:00+00:00, run_after=2022-03-05 00:00:00+00:00
[2026-05-24T14:24:16.941+0000] {processor.py:183} INFO - Processing /home/varn1t/ml-pipeline/venv/lib/python3.11/site-packages/airflow/example_dags/example_dynamic_task_mapping.py took 0.055 seconds
[2026-05-24T14:24:56.198+0000] {processor.py:161} INFO - Started process (PID=21135) to work on /home/varn1t/ml-pipeline/venv/lib/python3.11/site-packages/airflow/example_dags/example_dynamic_task_mapping.py
[2026-05-24T14:24:56.200+0000] {processor.py:830} INFO - Processing file /home/varn1t/ml-pipeline/venv/lib/python3.11/site-packages/airflow/example_dags/example_dynamic_task_mapping.py for tasks to queue
[2026-05-24T14:24:56.200+0000] {logging_mixin.py:188} INFO - [2026-05-24T14:24:56.200+0000] {dagbag.py:545} INFO - Filling up the DagBag from /home/varn1t/ml-pipeline/venv/lib/python3.11/site-packages/airflow/example_dags/example_dynamic_task_mapping.py
[2026-05-24T14:24:56.208+0000] {processor.py:840} INFO - DAG(s) 'example_dynamic_task_mapping' retrieved from /home/varn1t/ml-pipeline/venv/lib/python3.11/site-packages/airflow/example_dags/example_dynamic_task_mapping.py
[2026-05-24T14:24:56.225+0000] {logging_mixin.py:188} INFO - [2026-05-24T14:24:56.225+0000] {dag.py:3096} INFO - Sync 1 DAGs
[2026-05-24T14:24:56.244+0000] {logging_mixin.py:188} INFO - [2026-05-24T14:24:56.244+0000] {dag.py:3954} INFO - Setting next_dagrun for example_dynamic_task_mapping to 2022-03-04 00:00:00+00:00, run_after=2022-03-05 00:00:00+00:00
[2026-05-24T14:24:56.268+0000] {processor.py:183} INFO - Processing /home/varn1t/ml-pipeline/venv/lib/python3.11/site-packages/airflow/example_dags/example_dynamic_task_mapping.py took 0.076 seconds
[2026-05-24T14:25:36.145+0000] {processor.py:161} INFO - Started process (PID=21308) to work on /home/varn1t/ml-pipeline/venv/lib/python3.11/site-packages/airflow/example_dags/example_dynamic_task_mapping.py
[2026-05-24T14:25:36.147+0000] {processor.py:830} INFO - Processing file /home/varn1t/ml-pipeline/venv/lib/python3.11/site-packages/airflow/example_dags/example_dynamic_task_mapping.py for tasks to queue
[2026-05-24T14:25:36.148+0000] {logging_mixin.py:188} INFO - [2026-05-24T14:25:36.147+0000] {dagbag.py:545} INFO - Filling up the DagBag from /home/varn1t/ml-pipeline/venv/lib/python3.11/site-packages/airflow/example_dags/example_dynamic_task_mapping.py
[2026-05-24T14:25:36.155+0000] {processor.py:840} INFO - DAG(s) 'example_dynamic_task_mapping' retrieved from /home/varn1t/ml-pipeline/venv/lib/python3.11/site-packages/airflow/example_dags/example_dynamic_task_mapping.py
[2026-05-24T14:25:36.169+0000] {logging_mixin.py:188} INFO - [2026-05-24T14:25:36.169+0000] {dag.py:3096} INFO - Sync 1 DAGs
[2026-05-24T14:25:36.184+0000] {logging_mixin.py:188} INFO - [2026-05-24T14:25:36.183+0000] {dag.py:3954} INFO - Setting next_dagrun for example_dynamic_task_mapping to 2022-03-04 00:00:00+00:00, run_after=2022-03-05 00:00:00+00:00
[2026-05-24T14:25:36.205+0000] {processor.py:183} INFO - Processing /home/varn1t/ml-pipeline/venv/lib/python3.11/site-packages/airflow/example_dags/example_dynamic_task_mapping.py took 0.065 seconds
[2026-05-24T14:26:18.290+0000] {processor.py:161} INFO - Started process (PID=21501) to work on /home/varn1t/ml-pipeline/venv/lib/python3.11/site-packages/airflow/example_dags/example_dynamic_task_mapping.py
[2026-05-24T14:26:18.292+0000] {processor.py:830} INFO - Processing file /home/varn1t/ml-pipeline/venv/lib/python3.11/site-packages/airflow/example_dags/example_dynamic_task_mapping.py for tasks to queue
[2026-05-24T14:26:18.293+0000] {logging_mixin.py:188} INFO - [2026-05-24T14:26:18.293+0000] {dagbag.py:545} INFO - Filling up the DagBag from /home/varn1t/ml-pipeline/venv/lib/python3.11/site-packages/airflow/example_dags/example_dynamic_task_mapping.py
[2026-05-24T14:26:18.300+0000] {processor.py:840} INFO - DAG(s) 'example_dynamic_task_mapping' retrieved from /home/varn1t/ml-pipeline/venv/lib/python3.11/site-packages/airflow/example_dags/example_dynamic_task_mapping.py
[2026-05-24T14:26:18.313+0000] {logging_mixin.py:188} INFO - [2026-05-24T14:26:18.313+0000] {dag.py:3096} INFO - Sync 1 DAGs
[2026-05-24T14:26:18.329+0000] {logging_mixin.py:188} INFO - [2026-05-24T14:26:18.329+0000] {dag.py:3954} INFO - Setting next_dagrun for example_dynamic_task_mapping to 2022-03-04 00:00:00+00:00, run_after=2022-03-05 00:00:00+00:00
[2026-05-24T14:26:18.349+0000] {processor.py:183} INFO - Processing /home/varn1t/ml-pipeline/venv/lib/python3.11/site-packages/airflow/example_dags/example_dynamic_task_mapping.py took 0.064 seconds
[2026-05-24T14:26:57.136+0000] {processor.py:161} INFO - Started process (PID=21684) to work on /home/varn1t/ml-pipeline/venv/lib/python3.11/site-packages/airflow/example_dags/example_dynamic_task_mapping.py
[2026-05-24T14:26:57.137+0000] {processor.py:830} INFO - Processing file /home/varn1t/ml-pipeline/venv/lib/python3.11/site-packages/airflow/example_dags/example_dynamic_task_mapping.py for tasks to queue
[2026-05-24T14:26:57.138+0000] {logging_mixin.py:188} INFO - [2026-05-24T14:26:57.137+0000] {dagbag.py:545} INFO - Filling up the DagBag from /home/varn1t/ml-pipeline/venv/lib/python3.11/site-packages/airflow/example_dags/example_dynamic_task_mapping.py
[2026-05-24T14:26:57.145+0000] {processor.py:840} INFO - DAG(s) 'example_dynamic_task_mapping' retrieved from /home/varn1t/ml-pipeline/venv/lib/python3.11/site-packages/airflow/example_dags/example_dynamic_task_mapping.py
[2026-05-24T14:26:57.157+0000] {logging_mixin.py:188} INFO - [2026-05-24T14:26:57.157+0000] {dag.py:3096} INFO - Sync 1 DAGs
[2026-05-24T14:26:57.169+0000] {logging_mixin.py:188} INFO - [2026-05-24T14:26:57.168+0000] {dag.py:3954} INFO - Setting next_dagrun for example_dynamic_task_mapping to 2022-03-04 00:00:00+00:00, run_after=2022-03-05 00:00:00+00:00
[2026-05-24T14:26:57.185+0000] {processor.py:183} INFO - Processing /home/varn1t/ml-pipeline/venv/lib/python3.11/site-packages/airflow/example_dags/example_dynamic_task_mapping.py took 0.055 seconds
[2026-05-24T14:27:34.309+0000] {processor.py:161} INFO - Started process (PID=21854) to work on /home/varn1t/ml-pipeline/venv/lib/python3.11/site-packages/airflow/example_dags/example_dynamic_task_mapping.py
[2026-05-24T14:27:34.310+0000] {processor.py:830} INFO - Processing file /home/varn1t/ml-pipeline/venv/lib/python3.11/site-packages/airflow/example_dags/example_dynamic_task_mapping.py for tasks to queue
[2026-05-24T14:27:34.310+0000] {logging_mixin.py:188} INFO - [2026-05-24T14:27:34.310+0000] {dagbag.py:545} INFO - Filling up the DagBag from /home/varn1t/ml-pipeline/venv/lib/python3.11/site-packages/airflow/example_dags/example_dynamic_task_mapping.py
[2026-05-24T14:27:34.316+0000] {processor.py:840} INFO - DAG(s) 'example_dynamic_task_mapping' retrieved from /home/varn1t/ml-pipeline/venv/lib/python3.11/site-packages/airflow/example_dags/example_dynamic_task_mapping.py
[2026-05-24T14:27:34.329+0000] {logging_mixin.py:188} INFO - [2026-05-24T14:27:34.329+0000] {dag.py:3096} INFO - Sync 1 DAGs
[2026-05-24T14:27:34.345+0000] {logging_mixin.py:188} INFO - [2026-05-24T14:27:34.345+0000] {dag.py:3954} INFO - Setting next_dagrun for example_dynamic_task_mapping to 2022-03-04 00:00:00+00:00, run_after=2022-03-05 00:00:00+00:00
[2026-05-24T14:27:34.366+0000] {processor.py:183} INFO - Processing /home/varn1t/ml-pipeline/venv/lib/python3.11/site-packages/airflow/example_dags/example_dynamic_task_mapping.py took 0.062 seconds
[2026-05-24T14:28:15.941+0000] {processor.py:161} INFO - Started process (PID=22035) to work on /home/varn1t/ml-pipeline/venv/lib/python3.11/site-packages/airflow/example_dags/example_dynamic_task_mapping.py
[2026-05-24T14:28:15.943+0000] {processor.py:830} INFO - Processing file /home/varn1t/ml-pipeline/venv/lib/python3.11/site-packages/airflow/example_dags/example_dynamic_task_mapping.py for tasks to queue
[2026-05-24T14:28:15.944+0000] {logging_mixin.py:188} INFO - [2026-05-24T14:28:15.944+0000] {dagbag.py:545} INFO - Filling up the DagBag from /home/varn1t/ml-pipeline/venv/lib/python3.11/site-packages/airflow/example_dags/example_dynamic_task_mapping.py
[2026-05-24T14:28:15.952+0000] {processor.py:840} INFO - DAG(s) 'example_dynamic_task_mapping' retrieved from /home/varn1t/ml-pipeline/venv/lib/python3.11/site-packages/airflow/example_dags/example_dynamic_task_mapping.py
[2026-05-24T14:28:15.966+0000] {logging_mixin.py:188} INFO - [2026-05-24T14:28:15.966+0000] {dag.py:3096} INFO - Sync 1 DAGs
[2026-05-24T14:28:15.983+0000] {logging_mixin.py:188} INFO - [2026-05-24T14:28:15.983+0000] {dag.py:3954} INFO - Setting next_dagrun for example_dynamic_task_mapping to 2022-03-04 00:00:00+00:00, run_after=2022-03-05 00:00:00+00:00
[2026-05-24T14:28:16.007+0000] {processor.py:183} INFO - Processing /home/varn1t/ml-pipeline/venv/lib/python3.11/site-packages/airflow/example_dags/example_dynamic_task_mapping.py took 0.071 seconds
[2026-05-24T14:29:02.121+0000] {processor.py:161} INFO - Started process (PID=22273) to work on /home/varn1t/ml-pipeline/venv/lib/python3.11/site-packages/airflow/example_dags/example_dynamic_task_mapping.py
[2026-05-24T14:29:02.122+0000] {processor.py:830} INFO - Processing file /home/varn1t/ml-pipeline/venv/lib/python3.11/site-packages/airflow/example_dags/example_dynamic_task_mapping.py for tasks to queue
[2026-05-24T14:29:02.123+0000] {logging_mixin.py:188} INFO - [2026-05-24T14:29:02.123+0000] {dagbag.py:545} INFO - Filling up the DagBag from /home/varn1t/ml-pipeline/venv/lib/python3.11/site-packages/airflow/example_dags/example_dynamic_task_mapping.py
[2026-05-24T14:29:02.129+0000] {processor.py:840} INFO - DAG(s) 'example_dynamic_task_mapping' retrieved from /home/varn1t/ml-pipeline/venv/lib/python3.11/site-packages/airflow/example_dags/example_dynamic_task_mapping.py
[2026-05-24T14:29:02.139+0000] {logging_mixin.py:188} INFO - [2026-05-24T14:29:02.139+0000] {dag.py:3096} INFO - Sync 1 DAGs
[2026-05-24T14:29:02.150+0000] {logging_mixin.py:188} INFO - [2026-05-24T14:29:02.150+0000] {dag.py:3954} INFO - Setting next_dagrun for example_dynamic_task_mapping to 2022-03-04 00:00:00+00:00, run_after=2022-03-05 00:00:00+00:00
[2026-05-24T14:29:02.165+0000] {processor.py:183} INFO - Processing /home/varn1t/ml-pipeline/venv/lib/python3.11/site-packages/airflow/example_dags/example_dynamic_task_mapping.py took 0.047 seconds
[2026-05-24T14:29:44.118+0000] {processor.py:161} INFO - Started process (PID=22459) to work on /home/varn1t/ml-pipeline/venv/lib/python3.11/site-packages/airflow/example_dags/example_dynamic_task_mapping.py
[2026-05-24T14:29:44.119+0000] {processor.py:830} INFO - Processing file /home/varn1t/ml-pipeline/venv/lib/python3.11/site-packages/airflow/example_dags/example_dynamic_task_mapping.py for tasks to queue
[2026-05-24T14:29:44.120+0000] {logging_mixin.py:188} INFO - [2026-05-24T14:29:44.120+0000] {dagbag.py:545} INFO - Filling up the DagBag from /home/varn1t/ml-pipeline/venv/lib/python3.11/site-packages/airflow/example_dags/example_dynamic_task_mapping.py
[2026-05-24T14:29:44.126+0000] {processor.py:840} INFO - DAG(s) 'example_dynamic_task_mapping' retrieved from /home/varn1t/ml-pipeline/venv/lib/python3.11/site-packages/airflow/example_dags/example_dynamic_task_mapping.py
[2026-05-24T14:29:44.137+0000] {logging_mixin.py:188} INFO - [2026-05-24T14:29:44.137+0000] {dag.py:3096} INFO - Sync 1 DAGs
[2026-05-24T14:29:44.151+0000] {logging_mixin.py:188} INFO - [2026-05-24T14:29:44.151+0000] {dag.py:3954} INFO - Setting next_dagrun for example_dynamic_task_mapping to 2022-03-04 00:00:00+00:00, run_after=2022-03-05 00:00:00+00:00
[2026-05-24T14:29:44.166+0000] {processor.py:183} INFO - Processing /home/varn1t/ml-pipeline/venv/lib/python3.11/site-packages/airflow/example_dags/example_dynamic_task_mapping.py took 0.052 seconds
[2026-05-24T14:30:22.985+0000] {processor.py:161} INFO - Started process (PID=22634) to work on /home/varn1t/ml-pipeline/venv/lib/python3.11/site-packages/airflow/example_dags/example_dynamic_task_mapping.py
[2026-05-24T14:30:22.986+0000] {processor.py:830} INFO - Processing file /home/varn1t/ml-pipeline/venv/lib/python3.11/site-packages/airflow/example_dags/example_dynamic_task_mapping.py for tasks to queue
[2026-05-24T14:30:22.986+0000] {logging_mixin.py:188} INFO - [2026-05-24T14:30:22.986+0000] {dagbag.py:545} INFO - Filling up the DagBag from /home/varn1t/ml-pipeline/venv/lib/python3.11/site-packages/airflow/example_dags/example_dynamic_task_mapping.py
[2026-05-24T14:30:22.992+0000] {processor.py:840} INFO - DAG(s) 'example_dynamic_task_mapping' retrieved from /home/varn1t/ml-pipeline/venv/lib/python3.11/site-packages/airflow/example_dags/example_dynamic_task_mapping.py
[2026-05-24T14:30:23.002+0000] {logging_mixin.py:188} INFO - [2026-05-24T14:30:23.002+0000] {dag.py:3096} INFO - Sync 1 DAGs
[2026-05-24T14:30:23.015+0000] {logging_mixin.py:188} INFO - [2026-05-24T14:30:23.015+0000] {dag.py:3954} INFO - Setting next_dagrun for example_dynamic_task_mapping to 2022-03-04 00:00:00+00:00, run_after=2022-03-05 00:00:00+00:00
[2026-05-24T14:30:23.030+0000] {processor.py:183} INFO - Processing /home/varn1t/ml-pipeline/venv/lib/python3.11/site-packages/airflow/example_dags/example_dynamic_task_mapping.py took 0.049 seconds
[2026-05-24T14:31:04.062+0000] {processor.py:161} INFO - Started process (PID=22816) to work on /home/varn1t/ml-pipeline/venv/lib/python3.11/site-packages/airflow/example_dags/example_dynamic_task_mapping.py
[2026-05-24T14:31:04.063+0000] {processor.py:830} INFO - Processing file /home/varn1t/ml-pipeline/venv/lib/python3.11/site-packages/airflow/example_dags/example_dynamic_task_mapping.py for tasks to queue
[2026-05-24T14:31:04.063+0000] {logging_mixin.py:188} INFO - [2026-05-24T14:31:04.063+0000] {dagbag.py:545} INFO - Filling up the DagBag from /home/varn1t/ml-pipeline/venv/lib/python3.11/site-packages/airflow/example_dags/example_dynamic_task_mapping.py
[2026-05-24T14:31:04.069+0000] {processor.py:840} INFO - DAG(s) 'example_dynamic_task_mapping' retrieved from /home/varn1t/ml-pipeline/venv/lib/python3.11/site-packages/airflow/example_dags/example_dynamic_task_mapping.py
[2026-05-24T14:31:04.080+0000] {logging_mixin.py:188} INFO - [2026-05-24T14:31:04.079+0000] {dag.py:3096} INFO - Sync 1 DAGs
[2026-05-24T14:31:04.092+0000] {logging_mixin.py:188} INFO - [2026-05-24T14:31:04.091+0000] {dag.py:3954} INFO - Setting next_dagrun for example_dynamic_task_mapping to 2022-03-04 00:00:00+00:00, run_after=2022-03-05 00:00:00+00:00
[2026-05-24T14:31:04.108+0000] {processor.py:183} INFO - Processing /home/varn1t/ml-pipeline/venv/lib/python3.11/site-packages/airflow/example_dags/example_dynamic_task_mapping.py took 0.052 seconds
[2026-05-24T14:31:46.520+0000] {processor.py:161} INFO - Started process (PID=23002) to work on /home/varn1t/ml-pipeline/venv/lib/python3.11/site-packages/airflow/example_dags/example_dynamic_task_mapping.py
[2026-05-24T14:31:46.521+0000] {processor.py:830} INFO - Processing file /home/varn1t/ml-pipeline/venv/lib/python3.11/site-packages/airflow/example_dags/example_dynamic_task_mapping.py for tasks to queue
[2026-05-24T14:31:46.522+0000] {logging_mixin.py:188} INFO - [2026-05-24T14:31:46.521+0000] {dagbag.py:545} INFO - Filling up the DagBag from /home/varn1t/ml-pipeline/venv/lib/python3.11/site-packages/airflow/example_dags/example_dynamic_task_mapping.py
[2026-05-24T14:31:46.527+0000] {processor.py:840} INFO - DAG(s) 'example_dynamic_task_mapping' retrieved from /home/varn1t/ml-pipeline/venv/lib/python3.11/site-packages/airflow/example_dags/example_dynamic_task_mapping.py
[2026-05-24T14:31:46.540+0000] {logging_mixin.py:188} INFO - [2026-05-24T14:31:46.540+0000] {dag.py:3096} INFO - Sync 1 DAGs
[2026-05-24T14:31:46.555+0000] {logging_mixin.py:188} INFO - [2026-05-24T14:31:46.555+0000] {dag.py:3954} INFO - Setting next_dagrun for example_dynamic_task_mapping to 2022-03-04 00:00:00+00:00, run_after=2022-03-05 00:00:00+00:00
[2026-05-24T14:31:46.570+0000] {processor.py:183} INFO - Processing /home/varn1t/ml-pipeline/venv/lib/python3.11/site-packages/airflow/example_dags/example_dynamic_task_mapping.py took 0.054 seconds
[2026-05-24T14:32:26.974+0000] {processor.py:161} INFO - Started process (PID=23185) to work on /home/varn1t/ml-pipeline/venv/lib/python3.11/site-packages/airflow/example_dags/example_dynamic_task_mapping.py
[2026-05-24T14:32:26.975+0000] {processor.py:830} INFO - Processing file /home/varn1t/ml-pipeline/venv/lib/python3.11/site-packages/airflow/example_dags/example_dynamic_task_mapping.py for tasks to queue
[2026-05-24T14:32:26.975+0000] {logging_mixin.py:188} INFO - [2026-05-24T14:32:26.975+0000] {dagbag.py:545} INFO - Filling up the DagBag from /home/varn1t/ml-pipeline/venv/lib/python3.11/site-packages/airflow/example_dags/example_dynamic_task_mapping.py
[2026-05-24T14:32:26.980+0000] {processor.py:840} INFO - DAG(s) 'example_dynamic_task_mapping' retrieved from /home/varn1t/ml-pipeline/venv/lib/python3.11/site-packages/airflow/example_dags/example_dynamic_task_mapping.py
[2026-05-24T14:32:26.991+0000] {logging_mixin.py:188} INFO - [2026-05-24T14:32:26.990+0000] {dag.py:3096} INFO - Sync 1 DAGs
[2026-05-24T14:32:27.001+0000] {logging_mixin.py:188} INFO - [2026-05-24T14:32:27.000+0000] {dag.py:3954} INFO - Setting next_dagrun for example_dynamic_task_mapping to 2022-03-04 00:00:00+00:00, run_after=2022-03-05 00:00:00+00:00
[2026-05-24T14:32:27.017+0000] {processor.py:183} INFO - Processing /home/varn1t/ml-pipeline/venv/lib/python3.11/site-packages/airflow/example_dags/example_dynamic_task_mapping.py took 0.047 seconds
[2026-05-24T14:33:09.740+0000] {processor.py:161} INFO - Started process (PID=23373) to work on /home/varn1t/ml-pipeline/venv/lib/python3.11/site-packages/airflow/example_dags/example_dynamic_task_mapping.py
[2026-05-24T14:33:09.741+0000] {processor.py:830} INFO - Processing file /home/varn1t/ml-pipeline/venv/lib/python3.11/site-packages/airflow/example_dags/example_dynamic_task_mapping.py for tasks to queue
[2026-05-24T14:33:09.741+0000] {logging_mixin.py:188} INFO - [2026-05-24T14:33:09.741+0000] {dagbag.py:545} INFO - Filling up the DagBag from /home/varn1t/ml-pipeline/venv/lib/python3.11/site-packages/airflow/example_dags/example_dynamic_task_mapping.py
[2026-05-24T14:33:09.749+0000] {processor.py:840} INFO - DAG(s) 'example_dynamic_task_mapping' retrieved from /home/varn1t/ml-pipeline/venv/lib/python3.11/site-packages/airflow/example_dags/example_dynamic_task_mapping.py
[2026-05-24T14:33:09.762+0000] {logging_mixin.py:188} INFO - [2026-05-24T14:33:09.762+0000] {dag.py:3096} INFO - Sync 1 DAGs
[2026-05-24T14:33:09.777+0000] {logging_mixin.py:188} INFO - [2026-05-24T14:33:09.777+0000] {dag.py:3954} INFO - Setting next_dagrun for example_dynamic_task_mapping to 2022-03-04 00:00:00+00:00, run_after=2022-03-05 00:00:00+00:00
[2026-05-24T14:33:09.795+0000] {processor.py:183} INFO - Processing /home/varn1t/ml-pipeline/venv/lib/python3.11/site-packages/airflow/example_dags/example_dynamic_task_mapping.py took 0.059 seconds
[2026-05-24T14:33:51.820+0000] {processor.py:161} INFO - Started process (PID=23581) to work on /home/varn1t/ml-pipeline/venv/lib/python3.11/site-packages/airflow/example_dags/example_dynamic_task_mapping.py
[2026-05-24T14:33:51.821+0000] {processor.py:830} INFO - Processing file /home/varn1t/ml-pipeline/venv/lib/python3.11/site-packages/airflow/example_dags/example_dynamic_task_mapping.py for tasks to queue
[2026-05-24T14:33:51.822+0000] {logging_mixin.py:188} INFO - [2026-05-24T14:33:51.821+0000] {dagbag.py:545} INFO - Filling up the DagBag from /home/varn1t/ml-pipeline/venv/lib/python3.11/site-packages/airflow/example_dags/example_dynamic_task_mapping.py
[2026-05-24T14:33:51.827+0000] {processor.py:840} INFO - DAG(s) 'example_dynamic_task_mapping' retrieved from /home/varn1t/ml-pipeline/venv/lib/python3.11/site-packages/airflow/example_dags/example_dynamic_task_mapping.py
[2026-05-24T14:33:51.838+0000] {logging_mixin.py:188} INFO - [2026-05-24T14:33:51.838+0000] {dag.py:3096} INFO - Sync 1 DAGs
[2026-05-24T14:33:51.850+0000] {logging_mixin.py:188} INFO - [2026-05-24T14:33:51.850+0000] {dag.py:3954} INFO - Setting next_dagrun for example_dynamic_task_mapping to 2022-03-04 00:00:00+00:00, run_after=2022-03-05 00:00:00+00:00
[2026-05-24T14:33:51.865+0000] {processor.py:183} INFO - Processing /home/varn1t/ml-pipeline/venv/lib/python3.11/site-packages/airflow/example_dags/example_dynamic_task_mapping.py took 0.050 seconds
[2026-05-24T14:34:31.703+0000] {processor.py:161} INFO - Started process (PID=23764) to work on /home/varn1t/ml-pipeline/venv/lib/python3.11/site-packages/airflow/example_dags/example_dynamic_task_mapping.py
[2026-05-24T14:34:31.704+0000] {processor.py:830} INFO - Processing file /home/varn1t/ml-pipeline/venv/lib/python3.11/site-packages/airflow/example_dags/example_dynamic_task_mapping.py for tasks to queue
[2026-05-24T14:34:31.704+0000] {logging_mixin.py:188} INFO - [2026-05-24T14:34:31.704+0000] {dagbag.py:545} INFO - Filling up the DagBag from /home/varn1t/ml-pipeline/venv/lib/python3.11/site-packages/airflow/example_dags/example_dynamic_task_mapping.py
[2026-05-24T14:34:31.710+0000] {processor.py:840} INFO - DAG(s) 'example_dynamic_task_mapping' retrieved from /home/varn1t/ml-pipeline/venv/lib/python3.11/site-packages/airflow/example_dags/example_dynamic_task_mapping.py
[2026-05-24T14:34:31.721+0000] {logging_mixin.py:188} INFO - [2026-05-24T14:34:31.721+0000] {dag.py:3096} INFO - Sync 1 DAGs
[2026-05-24T14:34:31.735+0000] {logging_mixin.py:188} INFO - [2026-05-24T14:34:31.735+0000] {dag.py:3954} INFO - Setting next_dagrun for example_dynamic_task_mapping to 2022-03-04 00:00:00+00:00, run_after=2022-03-05 00:00:00+00:00
[2026-05-24T14:34:31.750+0000] {processor.py:183} INFO - Processing /home/varn1t/ml-pipeline/venv/lib/python3.11/site-packages/airflow/example_dags/example_dynamic_task_mapping.py took 0.051 seconds
[2026-05-24T14:35:14.181+0000] {processor.py:161} INFO - Started process (PID=23945) to work on /home/varn1t/ml-pipeline/venv/lib/python3.11/site-packages/airflow/example_dags/example_dynamic_task_mapping.py
[2026-05-24T14:35:14.182+0000] {processor.py:830} INFO - Processing file /home/varn1t/ml-pipeline/venv/lib/python3.11/site-packages/airflow/example_dags/example_dynamic_task_mapping.py for tasks to queue
[2026-05-24T14:35:14.183+0000] {logging_mixin.py:188} INFO - [2026-05-24T14:35:14.182+0000] {dagbag.py:545} INFO - Filling up the DagBag from /home/varn1t/ml-pipeline/venv/lib/python3.11/site-packages/airflow/example_dags/example_dynamic_task_mapping.py
[2026-05-24T14:35:14.188+0000] {processor.py:840} INFO - DAG(s) 'example_dynamic_task_mapping' retrieved from /home/varn1t/ml-pipeline/venv/lib/python3.11/site-packages/airflow/example_dags/example_dynamic_task_mapping.py
[2026-05-24T14:35:14.202+0000] {logging_mixin.py:188} INFO - [2026-05-24T14:35:14.202+0000] {dag.py:3096} INFO - Sync 1 DAGs
[2026-05-24T14:35:14.215+0000] {logging_mixin.py:188} INFO - [2026-05-24T14:35:14.214+0000] {dag.py:3954} INFO - Setting next_dagrun for example_dynamic_task_mapping to 2022-03-04 00:00:00+00:00, run_after=2022-03-05 00:00:00+00:00
[2026-05-24T14:35:14.232+0000] {processor.py:183} INFO - Processing /home/varn1t/ml-pipeline/venv/lib/python3.11/site-packages/airflow/example_dags/example_dynamic_task_mapping.py took 0.055 seconds
[2026-05-24T14:35:55.793+0000] {processor.py:161} INFO - Started process (PID=24128) to work on /home/varn1t/ml-pipeline/venv/lib/python3.11/site-packages/airflow/example_dags/example_dynamic_task_mapping.py
[2026-05-24T14:35:55.794+0000] {processor.py:830} INFO - Processing file /home/varn1t/ml-pipeline/venv/lib/python3.11/site-packages/airflow/example_dags/example_dynamic_task_mapping.py for tasks to queue
[2026-05-24T14:35:55.795+0000] {logging_mixin.py:188} INFO - [2026-05-24T14:35:55.795+0000] {dagbag.py:545} INFO - Filling up the DagBag from /home/varn1t/ml-pipeline/venv/lib/python3.11/site-packages/airflow/example_dags/example_dynamic_task_mapping.py
[2026-05-24T14:35:55.803+0000] {processor.py:840} INFO - DAG(s) 'example_dynamic_task_mapping' retrieved from /home/varn1t/ml-pipeline/venv/lib/python3.11/site-packages/airflow/example_dags/example_dynamic_task_mapping.py
[2026-05-24T14:35:55.819+0000] {logging_mixin.py:188} INFO - [2026-05-24T14:35:55.819+0000] {dag.py:3096} INFO - Sync 1 DAGs
[2026-05-24T14:35:55.836+0000] {logging_mixin.py:188} INFO - [2026-05-24T14:35:55.835+0000] {dag.py:3954} INFO - Setting next_dagrun for example_dynamic_task_mapping to 2022-03-04 00:00:00+00:00, run_after=2022-03-05 00:00:00+00:00
[2026-05-24T14:35:55.851+0000] {processor.py:183} INFO - Processing /home/varn1t/ml-pipeline/venv/lib/python3.11/site-packages/airflow/example_dags/example_dynamic_task_mapping.py took 0.062 seconds
[2026-05-24T14:36:38.336+0000] {processor.py:161} INFO - Started process (PID=24321) to work on /home/varn1t/ml-pipeline/venv/lib/python3.11/site-packages/airflow/example_dags/example_dynamic_task_mapping.py
[2026-05-24T14:36:38.338+0000] {processor.py:830} INFO - Processing file /home/varn1t/ml-pipeline/venv/lib/python3.11/site-packages/airflow/example_dags/example_dynamic_task_mapping.py for tasks to queue
[2026-05-24T14:36:38.338+0000] {logging_mixin.py:188} INFO - [2026-05-24T14:36:38.338+0000] {dagbag.py:545} INFO - Filling up the DagBag from /home/varn1t/ml-pipeline/venv/lib/python3.11/site-packages/airflow/example_dags/example_dynamic_task_mapping.py
[2026-05-24T14:36:38.344+0000] {processor.py:840} INFO - DAG(s) 'example_dynamic_task_mapping' retrieved from /home/varn1t/ml-pipeline/venv/lib/python3.11/site-packages/airflow/example_dags/example_dynamic_task_mapping.py
[2026-05-24T14:36:38.355+0000] {logging_mixin.py:188} INFO - [2026-05-24T14:36:38.355+0000] {dag.py:3096} INFO - Sync 1 DAGs
[2026-05-24T14:36:38.368+0000] {logging_mixin.py:188} INFO - [2026-05-24T14:36:38.368+0000] {dag.py:3954} INFO - Setting next_dagrun for example_dynamic_task_mapping to 2022-03-04 00:00:00+00:00, run_after=2022-03-05 00:00:00+00:00
[2026-05-24T14:36:38.383+0000] {processor.py:183} INFO - Processing /home/varn1t/ml-pipeline/venv/lib/python3.11/site-packages/airflow/example_dags/example_dynamic_task_mapping.py took 0.051 seconds
[2026-05-24T14:37:20.000+0000] {processor.py:161} INFO - Started process (PID=24503) to work on /home/varn1t/ml-pipeline/venv/lib/python3.11/site-packages/airflow/example_dags/example_dynamic_task_mapping.py
[2026-05-24T14:37:20.001+0000] {processor.py:830} INFO - Processing file /home/varn1t/ml-pipeline/venv/lib/python3.11/site-packages/airflow/example_dags/example_dynamic_task_mapping.py for tasks to queue
[2026-05-24T14:37:20.002+0000] {logging_mixin.py:188} INFO - [2026-05-24T14:37:20.002+0000] {dagbag.py:545} INFO - Filling up the DagBag from /home/varn1t/ml-pipeline/venv/lib/python3.11/site-packages/airflow/example_dags/example_dynamic_task_mapping.py
[2026-05-24T14:37:20.007+0000] {processor.py:840} INFO - DAG(s) 'example_dynamic_task_mapping' retrieved from /home/varn1t/ml-pipeline/venv/lib/python3.11/site-packages/airflow/example_dags/example_dynamic_task_mapping.py
[2026-05-24T14:37:20.017+0000] {logging_mixin.py:188} INFO - [2026-05-24T14:37:20.017+0000] {dag.py:3096} INFO - Sync 1 DAGs
[2026-05-24T14:37:20.029+0000] {logging_mixin.py:188} INFO - [2026-05-24T14:37:20.029+0000] {dag.py:3954} INFO - Setting next_dagrun for example_dynamic_task_mapping to 2022-03-04 00:00:00+00:00, run_after=2022-03-05 00:00:00+00:00
[2026-05-24T14:37:20.044+0000] {processor.py:183} INFO - Processing /home/varn1t/ml-pipeline/venv/lib/python3.11/site-packages/airflow/example_dags/example_dynamic_task_mapping.py took 0.048 seconds
[2026-05-24T14:37:59.205+0000] {processor.py:161} INFO - Started process (PID=24703) to work on /home/varn1t/ml-pipeline/venv/lib/python3.11/site-packages/airflow/example_dags/example_dynamic_task_mapping.py
[2026-05-24T14:37:59.206+0000] {processor.py:830} INFO - Processing file /home/varn1t/ml-pipeline/venv/lib/python3.11/site-packages/airflow/example_dags/example_dynamic_task_mapping.py for tasks to queue
[2026-05-24T14:37:59.207+0000] {logging_mixin.py:188} INFO - [2026-05-24T14:37:59.207+0000] {dagbag.py:545} INFO - Filling up the DagBag from /home/varn1t/ml-pipeline/venv/lib/python3.11/site-packages/airflow/example_dags/example_dynamic_task_mapping.py
[2026-05-24T14:37:59.213+0000] {processor.py:840} INFO - DAG(s) 'example_dynamic_task_mapping' retrieved from /home/varn1t/ml-pipeline/venv/lib/python3.11/site-packages/airflow/example_dags/example_dynamic_task_mapping.py
[2026-05-24T14:37:59.223+0000] {logging_mixin.py:188} INFO - [2026-05-24T14:37:59.222+0000] {dag.py:3096} INFO - Sync 1 DAGs
[2026-05-24T14:37:59.234+0000] {logging_mixin.py:188} INFO - [2026-05-24T14:37:59.234+0000] {dag.py:3954} INFO - Setting next_dagrun for example_dynamic_task_mapping to 2022-03-04 00:00:00+00:00, run_after=2022-03-05 00:00:00+00:00
[2026-05-24T14:37:59.248+0000] {processor.py:183} INFO - Processing /home/varn1t/ml-pipeline/venv/lib/python3.11/site-packages/airflow/example_dags/example_dynamic_task_mapping.py took 0.047 seconds
[2026-05-24T14:38:40.490+0000] {processor.py:161} INFO - Started process (PID=24915) to work on /home/varn1t/ml-pipeline/venv/lib/python3.11/site-packages/airflow/example_dags/example_dynamic_task_mapping.py
[2026-05-24T14:38:40.491+0000] {processor.py:830} INFO - Processing file /home/varn1t/ml-pipeline/venv/lib/python3.11/site-packages/airflow/example_dags/example_dynamic_task_mapping.py for tasks to queue
[2026-05-24T14:38:40.491+0000] {logging_mixin.py:188} INFO - [2026-05-24T14:38:40.491+0000] {dagbag.py:545} INFO - Filling up the DagBag from /home/varn1t/ml-pipeline/venv/lib/python3.11/site-packages/airflow/example_dags/example_dynamic_task_mapping.py
[2026-05-24T14:38:40.497+0000] {processor.py:840} INFO - DAG(s) 'example_dynamic_task_mapping' retrieved from /home/varn1t/ml-pipeline/venv/lib/python3.11/site-packages/airflow/example_dags/example_dynamic_task_mapping.py
[2026-05-24T14:38:40.506+0000] {logging_mixin.py:188} INFO - [2026-05-24T14:38:40.506+0000] {dag.py:3096} INFO - Sync 1 DAGs
[2026-05-24T14:38:40.517+0000] {logging_mixin.py:188} INFO - [2026-05-24T14:38:40.517+0000] {dag.py:3954} INFO - Setting next_dagrun for example_dynamic_task_mapping to 2022-03-04 00:00:00+00:00, run_after=2022-03-05 00:00:00+00:00
[2026-05-24T14:38:40.532+0000] {processor.py:183} INFO - Processing /home/varn1t/ml-pipeline/venv/lib/python3.11/site-packages/airflow/example_dags/example_dynamic_task_mapping.py took 0.046 seconds
[2026-05-24T14:39:19.261+0000] {processor.py:161} INFO - Started process (PID=25088) to work on /home/varn1t/ml-pipeline/venv/lib/python3.11/site-packages/airflow/example_dags/example_dynamic_task_mapping.py
[2026-05-24T14:39:19.262+0000] {processor.py:830} INFO - Processing file /home/varn1t/ml-pipeline/venv/lib/python3.11/site-packages/airflow/example_dags/example_dynamic_task_mapping.py for tasks to queue
[2026-05-24T14:39:19.263+0000] {logging_mixin.py:188} INFO - [2026-05-24T14:39:19.263+0000] {dagbag.py:545} INFO - Filling up the DagBag from /home/varn1t/ml-pipeline/venv/lib/python3.11/site-packages/airflow/example_dags/example_dynamic_task_mapping.py
[2026-05-24T14:39:19.269+0000] {processor.py:840} INFO - DAG(s) 'example_dynamic_task_mapping' retrieved from /home/varn1t/ml-pipeline/venv/lib/python3.11/site-packages/airflow/example_dags/example_dynamic_task_mapping.py
[2026-05-24T14:39:19.279+0000] {logging_mixin.py:188} INFO - [2026-05-24T14:39:19.279+0000] {dag.py:3096} INFO - Sync 1 DAGs
[2026-05-24T14:39:19.293+0000] {logging_mixin.py:188} INFO - [2026-05-24T14:39:19.292+0000] {dag.py:3954} INFO - Setting next_dagrun for example_dynamic_task_mapping to 2022-03-04 00:00:00+00:00, run_after=2022-03-05 00:00:00+00:00
[2026-05-24T14:39:19.310+0000] {processor.py:183} INFO - Processing /home/varn1t/ml-pipeline/venv/lib/python3.11/site-packages/airflow/example_dags/example_dynamic_task_mapping.py took 0.054 seconds
[2026-05-24T14:40:02.883+0000] {processor.py:161} INFO - Started process (PID=25278) to work on /home/varn1t/ml-pipeline/venv/lib/python3.11/site-packages/airflow/example_dags/example_dynamic_task_mapping.py
[2026-05-24T14:40:02.884+0000] {processor.py:830} INFO - Processing file /home/varn1t/ml-pipeline/venv/lib/python3.11/site-packages/airflow/example_dags/example_dynamic_task_mapping.py for tasks to queue
[2026-05-24T14:40:02.885+0000] {logging_mixin.py:188} INFO - [2026-05-24T14:40:02.885+0000] {dagbag.py:545} INFO - Filling up the DagBag from /home/varn1t/ml-pipeline/venv/lib/python3.11/site-packages/airflow/example_dags/example_dynamic_task_mapping.py
[2026-05-24T14:40:02.892+0000] {processor.py:840} INFO - DAG(s) 'example_dynamic_task_mapping' retrieved from /home/varn1t/ml-pipeline/venv/lib/python3.11/site-packages/airflow/example_dags/example_dynamic_task_mapping.py
[2026-05-24T14:40:02.903+0000] {logging_mixin.py:188} INFO - [2026-05-24T14:40:02.903+0000] {dag.py:3096} INFO - Sync 1 DAGs
[2026-05-24T14:40:02.915+0000] {logging_mixin.py:188} INFO - [2026-05-24T14:40:02.915+0000] {dag.py:3954} INFO - Setting next_dagrun for example_dynamic_task_mapping to 2022-03-04 00:00:00+00:00, run_after=2022-03-05 00:00:00+00:00
[2026-05-24T14:40:02.933+0000] {processor.py:183} INFO - Processing /home/varn1t/ml-pipeline/venv/lib/python3.11/site-packages/airflow/example_dags/example_dynamic_task_mapping.py took 0.053 seconds
[2026-05-24T14:40:47.547+0000] {processor.py:161} INFO - Started process (PID=25473) to work on /home/varn1t/ml-pipeline/venv/lib/python3.11/site-packages/airflow/example_dags/example_dynamic_task_mapping.py
[2026-05-24T14:40:47.548+0000] {processor.py:830} INFO - Processing file /home/varn1t/ml-pipeline/venv/lib/python3.11/site-packages/airflow/example_dags/example_dynamic_task_mapping.py for tasks to queue
[2026-05-24T14:40:47.548+0000] {logging_mixin.py:188} INFO - [2026-05-24T14:40:47.548+0000] {dagbag.py:545} INFO - Filling up the DagBag from /home/varn1t/ml-pipeline/venv/lib/python3.11/site-packages/airflow/example_dags/example_dynamic_task_mapping.py
[2026-05-24T14:40:47.554+0000] {processor.py:840} INFO - DAG(s) 'example_dynamic_task_mapping' retrieved from /home/varn1t/ml-pipeline/venv/lib/python3.11/site-packages/airflow/example_dags/example_dynamic_task_mapping.py
[2026-05-24T14:40:47.566+0000] {logging_mixin.py:188} INFO - [2026-05-24T14:40:47.566+0000] {dag.py:3096} INFO - Sync 1 DAGs
[2026-05-24T14:40:47.580+0000] {logging_mixin.py:188} INFO - [2026-05-24T14:40:47.580+0000] {dag.py:3954} INFO - Setting next_dagrun for example_dynamic_task_mapping to 2022-03-04 00:00:00+00:00, run_after=2022-03-05 00:00:00+00:00
[2026-05-24T14:40:47.599+0000] {processor.py:183} INFO - Processing /home/varn1t/ml-pipeline/venv/lib/python3.11/site-packages/airflow/example_dags/example_dynamic_task_mapping.py took 0.056 seconds
[2026-05-24T14:41:34.913+0000] {processor.py:161} INFO - Started process (PID=25680) to work on /home/varn1t/ml-pipeline/venv/lib/python3.11/site-packages/airflow/example_dags/example_dynamic_task_mapping.py
[2026-05-24T14:41:34.914+0000] {processor.py:830} INFO - Processing file /home/varn1t/ml-pipeline/venv/lib/python3.11/site-packages/airflow/example_dags/example_dynamic_task_mapping.py for tasks to queue
[2026-05-24T14:41:34.915+0000] {logging_mixin.py:188} INFO - [2026-05-24T14:41:34.914+0000] {dagbag.py:545} INFO - Filling up the DagBag from /home/varn1t/ml-pipeline/venv/lib/python3.11/site-packages/airflow/example_dags/example_dynamic_task_mapping.py
[2026-05-24T14:41:34.923+0000] {processor.py:840} INFO - DAG(s) 'example_dynamic_task_mapping' retrieved from /home/varn1t/ml-pipeline/venv/lib/python3.11/site-packages/airflow/example_dags/example_dynamic_task_mapping.py
[2026-05-24T14:41:34.936+0000] {logging_mixin.py:188} INFO - [2026-05-24T14:41:34.936+0000] {dag.py:3096} INFO - Sync 1 DAGs
[2026-05-24T14:41:34.949+0000] {logging_mixin.py:188} INFO - [2026-05-24T14:41:34.949+0000] {dag.py:3954} INFO - Setting next_dagrun for example_dynamic_task_mapping to 2022-03-04 00:00:00+00:00, run_after=2022-03-05 00:00:00+00:00
[2026-05-24T14:41:34.969+0000] {processor.py:183} INFO - Processing /home/varn1t/ml-pipeline/venv/lib/python3.11/site-packages/airflow/example_dags/example_dynamic_task_mapping.py took 0.060 seconds
[2026-05-24T14:42:22.437+0000] {processor.py:161} INFO - Started process (PID=25887) to work on /home/varn1t/ml-pipeline/venv/lib/python3.11/site-packages/airflow/example_dags/example_dynamic_task_mapping.py
[2026-05-24T14:42:22.437+0000] {processor.py:830} INFO - Processing file /home/varn1t/ml-pipeline/venv/lib/python3.11/site-packages/airflow/example_dags/example_dynamic_task_mapping.py for tasks to queue
[2026-05-24T14:42:22.438+0000] {logging_mixin.py:188} INFO - [2026-05-24T14:42:22.438+0000] {dagbag.py:545} INFO - Filling up the DagBag from /home/varn1t/ml-pipeline/venv/lib/python3.11/site-packages/airflow/example_dags/example_dynamic_task_mapping.py
[2026-05-24T14:42:22.447+0000] {processor.py:840} INFO - DAG(s) 'example_dynamic_task_mapping' retrieved from /home/varn1t/ml-pipeline/venv/lib/python3.11/site-packages/airflow/example_dags/example_dynamic_task_mapping.py
[2026-05-24T14:42:22.462+0000] {logging_mixin.py:188} INFO - [2026-05-24T14:42:22.462+0000] {dag.py:3096} INFO - Sync 1 DAGs
[2026-05-24T14:42:22.580+0000] {logging_mixin.py:188} INFO - [2026-05-24T14:42:22.579+0000] {dag.py:3954} INFO - Setting next_dagrun for example_dynamic_task_mapping to 2022-03-04 00:00:00+00:00, run_after=2022-03-05 00:00:00+00:00
[2026-05-24T14:42:22.597+0000] {processor.py:183} INFO - Processing /home/varn1t/ml-pipeline/venv/lib/python3.11/site-packages/airflow/example_dags/example_dynamic_task_mapping.py took 0.164 seconds
[2026-05-24T14:43:07.929+0000] {processor.py:161} INFO - Started process (PID=26084) to work on /home/varn1t/ml-pipeline/venv/lib/python3.11/site-packages/airflow/example_dags/example_dynamic_task_mapping.py
[2026-05-24T14:43:07.930+0000] {processor.py:830} INFO - Processing file /home/varn1t/ml-pipeline/venv/lib/python3.11/site-packages/airflow/example_dags/example_dynamic_task_mapping.py for tasks to queue
[2026-05-24T14:43:07.930+0000] {logging_mixin.py:188} INFO - [2026-05-24T14:43:07.930+0000] {dagbag.py:545} INFO - Filling up the DagBag from /home/varn1t/ml-pipeline/venv/lib/python3.11/site-packages/airflow/example_dags/example_dynamic_task_mapping.py
[2026-05-24T14:43:07.935+0000] {processor.py:840} INFO - DAG(s) 'example_dynamic_task_mapping' retrieved from /home/varn1t/ml-pipeline/venv/lib/python3.11/site-packages/airflow/example_dags/example_dynamic_task_mapping.py
[2026-05-24T14:43:07.947+0000] {logging_mixin.py:188} INFO - [2026-05-24T14:43:07.947+0000] {dag.py:3096} INFO - Sync 1 DAGs
[2026-05-24T14:43:08.045+0000] {logging_mixin.py:188} INFO - [2026-05-24T14:43:08.045+0000] {dag.py:3954} INFO - Setting next_dagrun for example_dynamic_task_mapping to 2022-03-04 00:00:00+00:00, run_after=2022-03-05 00:00:00+00:00
[2026-05-24T14:43:08.059+0000] {processor.py:183} INFO - Processing /home/varn1t/ml-pipeline/venv/lib/python3.11/site-packages/airflow/example_dags/example_dynamic_task_mapping.py took 0.134 seconds
[2026-05-24T14:43:48.689+0000] {processor.py:161} INFO - Started process (PID=26295) to work on /home/varn1t/ml-pipeline/venv/lib/python3.11/site-packages/airflow/example_dags/example_dynamic_task_mapping.py
[2026-05-24T14:43:48.690+0000] {processor.py:830} INFO - Processing file /home/varn1t/ml-pipeline/venv/lib/python3.11/site-packages/airflow/example_dags/example_dynamic_task_mapping.py for tasks to queue
[2026-05-24T14:43:48.690+0000] {logging_mixin.py:188} INFO - [2026-05-24T14:43:48.690+0000] {dagbag.py:545} INFO - Filling up the DagBag from /home/varn1t/ml-pipeline/venv/lib/python3.11/site-packages/airflow/example_dags/example_dynamic_task_mapping.py
[2026-05-24T14:43:48.696+0000] {processor.py:840} INFO - DAG(s) 'example_dynamic_task_mapping' retrieved from /home/varn1t/ml-pipeline/venv/lib/python3.11/site-packages/airflow/example_dags/example_dynamic_task_mapping.py
[2026-05-24T14:43:48.705+0000] {logging_mixin.py:188} INFO - [2026-05-24T14:43:48.705+0000] {dag.py:3096} INFO - Sync 1 DAGs
[2026-05-24T14:43:48.717+0000] {logging_mixin.py:188} INFO - [2026-05-24T14:43:48.717+0000] {dag.py:3954} INFO - Setting next_dagrun for example_dynamic_task_mapping to 2022-03-04 00:00:00+00:00, run_after=2022-03-05 00:00:00+00:00
[2026-05-24T14:43:48.735+0000] {processor.py:183} INFO - Processing /home/varn1t/ml-pipeline/venv/lib/python3.11/site-packages/airflow/example_dags/example_dynamic_task_mapping.py took 0.050 seconds
[2026-05-24T14:44:30.245+0000] {processor.py:161} INFO - Started process (PID=26484) to work on /home/varn1t/ml-pipeline/venv/lib/python3.11/site-packages/airflow/example_dags/example_dynamic_task_mapping.py
[2026-05-24T14:44:30.246+0000] {processor.py:830} INFO - Processing file /home/varn1t/ml-pipeline/venv/lib/python3.11/site-packages/airflow/example_dags/example_dynamic_task_mapping.py for tasks to queue
[2026-05-24T14:44:30.247+0000] {logging_mixin.py:188} INFO - [2026-05-24T14:44:30.246+0000] {dagbag.py:545} INFO - Filling up the DagBag from /home/varn1t/ml-pipeline/venv/lib/python3.11/site-packages/airflow/example_dags/example_dynamic_task_mapping.py
[2026-05-24T14:44:30.252+0000] {processor.py:840} INFO - DAG(s) 'example_dynamic_task_mapping' retrieved from /home/varn1t/ml-pipeline/venv/lib/python3.11/site-packages/airflow/example_dags/example_dynamic_task_mapping.py
[2026-05-24T14:44:30.263+0000] {logging_mixin.py:188} INFO - [2026-05-24T14:44:30.262+0000] {dag.py:3096} INFO - Sync 1 DAGs
[2026-05-24T14:44:30.275+0000] {logging_mixin.py:188} INFO - [2026-05-24T14:44:30.275+0000] {dag.py:3954} INFO - Setting next_dagrun for example_dynamic_task_mapping to 2022-03-04 00:00:00+00:00, run_after=2022-03-05 00:00:00+00:00
[2026-05-24T14:44:30.290+0000] {processor.py:183} INFO - Processing /home/varn1t/ml-pipeline/venv/lib/python3.11/site-packages/airflow/example_dags/example_dynamic_task_mapping.py took 0.049 seconds
[2026-05-24T14:45:10.824+0000] {processor.py:161} INFO - Started process (PID=26667) to work on /home/varn1t/ml-pipeline/venv/lib/python3.11/site-packages/airflow/example_dags/example_dynamic_task_mapping.py
[2026-05-24T14:45:10.825+0000] {processor.py:830} INFO - Processing file /home/varn1t/ml-pipeline/venv/lib/python3.11/site-packages/airflow/example_dags/example_dynamic_task_mapping.py for tasks to queue
[2026-05-24T14:45:10.826+0000] {logging_mixin.py:188} INFO - [2026-05-24T14:45:10.826+0000] {dagbag.py:545} INFO - Filling up the DagBag from /home/varn1t/ml-pipeline/venv/lib/python3.11/site-packages/airflow/example_dags/example_dynamic_task_mapping.py
[2026-05-24T14:45:10.833+0000] {processor.py:840} INFO - DAG(s) 'example_dynamic_task_mapping' retrieved from /home/varn1t/ml-pipeline/venv/lib/python3.11/site-packages/airflow/example_dags/example_dynamic_task_mapping.py
[2026-05-24T14:45:10.846+0000] {logging_mixin.py:188} INFO - [2026-05-24T14:45:10.846+0000] {dag.py:3096} INFO - Sync 1 DAGs
[2026-05-24T14:45:10.861+0000] {logging_mixin.py:188} INFO - [2026-05-24T14:45:10.861+0000] {dag.py:3954} INFO - Setting next_dagrun for example_dynamic_task_mapping to 2022-03-04 00:00:00+00:00, run_after=2022-03-05 00:00:00+00:00
[2026-05-24T14:45:10.880+0000] {processor.py:183} INFO - Processing /home/varn1t/ml-pipeline/venv/lib/python3.11/site-packages/airflow/example_dags/example_dynamic_task_mapping.py took 0.061 seconds
[2026-05-24T14:45:51.905+0000] {processor.py:161} INFO - Started process (PID=26848) to work on /home/varn1t/ml-pipeline/venv/lib/python3.11/site-packages/airflow/example_dags/example_dynamic_task_mapping.py
[2026-05-24T14:45:51.906+0000] {processor.py:830} INFO - Processing file /home/varn1t/ml-pipeline/venv/lib/python3.11/site-packages/airflow/example_dags/example_dynamic_task_mapping.py for tasks to queue
[2026-05-24T14:45:51.907+0000] {logging_mixin.py:188} INFO - [2026-05-24T14:45:51.907+0000] {dagbag.py:545} INFO - Filling up the DagBag from /home/varn1t/ml-pipeline/venv/lib/python3.11/site-packages/airflow/example_dags/example_dynamic_task_mapping.py
[2026-05-24T14:45:51.914+0000] {processor.py:840} INFO - DAG(s) 'example_dynamic_task_mapping' retrieved from /home/varn1t/ml-pipeline/venv/lib/python3.11/site-packages/airflow/example_dags/example_dynamic_task_mapping.py
[2026-05-24T14:45:51.925+0000] {logging_mixin.py:188} INFO - [2026-05-24T14:45:51.925+0000] {dag.py:3096} INFO - Sync 1 DAGs
[2026-05-24T14:45:51.939+0000] {logging_mixin.py:188} INFO - [2026-05-24T14:45:51.939+0000] {dag.py:3954} INFO - Setting next_dagrun for example_dynamic_task_mapping to 2022-03-04 00:00:00+00:00, run_after=2022-03-05 00:00:00+00:00
[2026-05-24T14:45:51.957+0000] {processor.py:183} INFO - Processing /home/varn1t/ml-pipeline/venv/lib/python3.11/site-packages/airflow/example_dags/example_dynamic_task_mapping.py took 0.059 seconds
[2026-05-24T14:46:35.991+0000] {processor.py:161} INFO - Started process (PID=27051) to work on /home/varn1t/ml-pipeline/venv/lib/python3.11/site-packages/airflow/example_dags/example_dynamic_task_mapping.py
[2026-05-24T14:46:35.992+0000] {processor.py:830} INFO - Processing file /home/varn1t/ml-pipeline/venv/lib/python3.11/site-packages/airflow/example_dags/example_dynamic_task_mapping.py for tasks to queue
[2026-05-24T14:46:35.993+0000] {logging_mixin.py:188} INFO - [2026-05-24T14:46:35.993+0000] {dagbag.py:545} INFO - Filling up the DagBag from /home/varn1t/ml-pipeline/venv/lib/python3.11/site-packages/airflow/example_dags/example_dynamic_task_mapping.py
[2026-05-24T14:46:36.000+0000] {processor.py:840} INFO - DAG(s) 'example_dynamic_task_mapping' retrieved from /home/varn1t/ml-pipeline/venv/lib/python3.11/site-packages/airflow/example_dags/example_dynamic_task_mapping.py
[2026-05-24T14:46:36.012+0000] {logging_mixin.py:188} INFO - [2026-05-24T14:46:36.012+0000] {dag.py:3096} INFO - Sync 1 DAGs
[2026-05-24T14:46:36.026+0000] {logging_mixin.py:188} INFO - [2026-05-24T14:46:36.026+0000] {dag.py:3954} INFO - Setting next_dagrun for example_dynamic_task_mapping to 2022-03-04 00:00:00+00:00, run_after=2022-03-05 00:00:00+00:00
[2026-05-24T14:46:36.045+0000] {processor.py:183} INFO - Processing /home/varn1t/ml-pipeline/venv/lib/python3.11/site-packages/airflow/example_dags/example_dynamic_task_mapping.py took 0.059 seconds
[2026-05-24T14:47:18.091+0000] {processor.py:161} INFO - Started process (PID=27248) to work on /home/varn1t/ml-pipeline/venv/lib/python3.11/site-packages/airflow/example_dags/example_dynamic_task_mapping.py
[2026-05-24T14:47:18.092+0000] {processor.py:830} INFO - Processing file /home/varn1t/ml-pipeline/venv/lib/python3.11/site-packages/airflow/example_dags/example_dynamic_task_mapping.py for tasks to queue
[2026-05-24T14:47:18.093+0000] {logging_mixin.py:188} INFO - [2026-05-24T14:47:18.093+0000] {dagbag.py:545} INFO - Filling up the DagBag from /home/varn1t/ml-pipeline/venv/lib/python3.11/site-packages/airflow/example_dags/example_dynamic_task_mapping.py
[2026-05-24T14:47:18.100+0000] {processor.py:840} INFO - DAG(s) 'example_dynamic_task_mapping' retrieved from /home/varn1t/ml-pipeline/venv/lib/python3.11/site-packages/airflow/example_dags/example_dynamic_task_mapping.py
[2026-05-24T14:47:18.112+0000] {logging_mixin.py:188} INFO - [2026-05-24T14:47:18.112+0000] {dag.py:3096} INFO - Sync 1 DAGs
[2026-05-24T14:47:18.123+0000] {logging_mixin.py:188} INFO - [2026-05-24T14:47:18.123+0000] {dag.py:3954} INFO - Setting next_dagrun for example_dynamic_task_mapping to 2022-03-04 00:00:00+00:00, run_after=2022-03-05 00:00:00+00:00
[2026-05-24T14:47:18.138+0000] {processor.py:183} INFO - Processing /home/varn1t/ml-pipeline/venv/lib/python3.11/site-packages/airflow/example_dags/example_dynamic_task_mapping.py took 0.052 seconds
[2026-05-24T14:48:01.504+0000] {processor.py:161} INFO - Started process (PID=27447) to work on /home/varn1t/ml-pipeline/venv/lib/python3.11/site-packages/airflow/example_dags/example_dynamic_task_mapping.py
[2026-05-24T14:48:01.506+0000] {processor.py:830} INFO - Processing file /home/varn1t/ml-pipeline/venv/lib/python3.11/site-packages/airflow/example_dags/example_dynamic_task_mapping.py for tasks to queue
[2026-05-24T14:48:01.506+0000] {logging_mixin.py:188} INFO - [2026-05-24T14:48:01.506+0000] {dagbag.py:545} INFO - Filling up the DagBag from /home/varn1t/ml-pipeline/venv/lib/python3.11/site-packages/airflow/example_dags/example_dynamic_task_mapping.py
[2026-05-24T14:48:01.512+0000] {processor.py:840} INFO - DAG(s) 'example_dynamic_task_mapping' retrieved from /home/varn1t/ml-pipeline/venv/lib/python3.11/site-packages/airflow/example_dags/example_dynamic_task_mapping.py
[2026-05-24T14:48:01.523+0000] {logging_mixin.py:188} INFO - [2026-05-24T14:48:01.523+0000] {dag.py:3096} INFO - Sync 1 DAGs
[2026-05-24T14:48:01.537+0000] {logging_mixin.py:188} INFO - [2026-05-24T14:48:01.537+0000] {dag.py:3954} INFO - Setting next_dagrun for example_dynamic_task_mapping to 2022-03-04 00:00:00+00:00, run_after=2022-03-05 00:00:00+00:00
[2026-05-24T14:48:01.554+0000] {processor.py:183} INFO - Processing /home/varn1t/ml-pipeline/venv/lib/python3.11/site-packages/airflow/example_dags/example_dynamic_task_mapping.py took 0.054 seconds
[2026-05-24T14:48:40.201+0000] {processor.py:161} INFO - Started process (PID=27644) to work on /home/varn1t/ml-pipeline/venv/lib/python3.11/site-packages/airflow/example_dags/example_dynamic_task_mapping.py
[2026-05-24T14:48:40.203+0000] {processor.py:830} INFO - Processing file /home/varn1t/ml-pipeline/venv/lib/python3.11/site-packages/airflow/example_dags/example_dynamic_task_mapping.py for tasks to queue
[2026-05-24T14:48:40.204+0000] {logging_mixin.py:188} INFO - [2026-05-24T14:48:40.203+0000] {dagbag.py:545} INFO - Filling up the DagBag from /home/varn1t/ml-pipeline/venv/lib/python3.11/site-packages/airflow/example_dags/example_dynamic_task_mapping.py
[2026-05-24T14:48:40.213+0000] {processor.py:840} INFO - DAG(s) 'example_dynamic_task_mapping' retrieved from /home/varn1t/ml-pipeline/venv/lib/python3.11/site-packages/airflow/example_dags/example_dynamic_task_mapping.py
[2026-05-24T14:48:40.228+0000] {logging_mixin.py:188} INFO - [2026-05-24T14:48:40.228+0000] {dag.py:3096} INFO - Sync 1 DAGs
[2026-05-24T14:48:40.245+0000] {logging_mixin.py:188} INFO - [2026-05-24T14:48:40.245+0000] {dag.py:3954} INFO - Setting next_dagrun for example_dynamic_task_mapping to 2022-03-04 00:00:00+00:00, run_after=2022-03-05 00:00:00+00:00
[2026-05-24T14:48:40.263+0000] {processor.py:183} INFO - Processing /home/varn1t/ml-pipeline/venv/lib/python3.11/site-packages/airflow/example_dags/example_dynamic_task_mapping.py took 0.068 seconds
[2026-05-24T14:49:19.842+0000] {processor.py:161} INFO - Started process (PID=27828) to work on /home/varn1t/ml-pipeline/venv/lib/python3.11/site-packages/airflow/example_dags/example_dynamic_task_mapping.py
[2026-05-24T14:49:19.844+0000] {processor.py:830} INFO - Processing file /home/varn1t/ml-pipeline/venv/lib/python3.11/site-packages/airflow/example_dags/example_dynamic_task_mapping.py for tasks to queue
[2026-05-24T14:49:19.845+0000] {logging_mixin.py:188} INFO - [2026-05-24T14:49:19.845+0000] {dagbag.py:545} INFO - Filling up the DagBag from /home/varn1t/ml-pipeline/venv/lib/python3.11/site-packages/airflow/example_dags/example_dynamic_task_mapping.py
[2026-05-24T14:49:19.853+0000] {processor.py:840} INFO - DAG(s) 'example_dynamic_task_mapping' retrieved from /home/varn1t/ml-pipeline/venv/lib/python3.11/site-packages/airflow/example_dags/example_dynamic_task_mapping.py
[2026-05-24T14:49:19.867+0000] {logging_mixin.py:188} INFO - [2026-05-24T14:49:19.867+0000] {dag.py:3096} INFO - Sync 1 DAGs
[2026-05-24T14:49:19.883+0000] {logging_mixin.py:188} INFO - [2026-05-24T14:49:19.883+0000] {dag.py:3954} INFO - Setting next_dagrun for example_dynamic_task_mapping to 2022-03-04 00:00:00+00:00, run_after=2022-03-05 00:00:00+00:00
[2026-05-24T14:49:19.902+0000] {processor.py:183} INFO - Processing /home/varn1t/ml-pipeline/venv/lib/python3.11/site-packages/airflow/example_dags/example_dynamic_task_mapping.py took 0.066 seconds
[2026-05-24T14:49:59.763+0000] {processor.py:161} INFO - Started process (PID=28014) to work on /home/varn1t/ml-pipeline/venv/lib/python3.11/site-packages/airflow/example_dags/example_dynamic_task_mapping.py
[2026-05-24T14:49:59.764+0000] {processor.py:830} INFO - Processing file /home/varn1t/ml-pipeline/venv/lib/python3.11/site-packages/airflow/example_dags/example_dynamic_task_mapping.py for tasks to queue
[2026-05-24T14:49:59.765+0000] {logging_mixin.py:188} INFO - [2026-05-24T14:49:59.764+0000] {dagbag.py:545} INFO - Filling up the DagBag from /home/varn1t/ml-pipeline/venv/lib/python3.11/site-packages/airflow/example_dags/example_dynamic_task_mapping.py
[2026-05-24T14:49:59.771+0000] {processor.py:840} INFO - DAG(s) 'example_dynamic_task_mapping' retrieved from /home/varn1t/ml-pipeline/venv/lib/python3.11/site-packages/airflow/example_dags/example_dynamic_task_mapping.py
[2026-05-24T14:49:59.783+0000] {logging_mixin.py:188} INFO - [2026-05-24T14:49:59.783+0000] {dag.py:3096} INFO - Sync 1 DAGs
[2026-05-24T14:49:59.797+0000] {logging_mixin.py:188} INFO - [2026-05-24T14:49:59.797+0000] {dag.py:3954} INFO - Setting next_dagrun for example_dynamic_task_mapping to 2022-03-04 00:00:00+00:00, run_after=2022-03-05 00:00:00+00:00
[2026-05-24T14:49:59.814+0000] {processor.py:183} INFO - Processing /home/varn1t/ml-pipeline/venv/lib/python3.11/site-packages/airflow/example_dags/example_dynamic_task_mapping.py took 0.056 seconds
[2026-05-24T14:50:42.480+0000] {processor.py:161} INFO - Started process (PID=28197) to work on /home/varn1t/ml-pipeline/venv/lib/python3.11/site-packages/airflow/example_dags/example_dynamic_task_mapping.py
[2026-05-24T14:50:42.487+0000] {processor.py:830} INFO - Processing file /home/varn1t/ml-pipeline/venv/lib/python3.11/site-packages/airflow/example_dags/example_dynamic_task_mapping.py for tasks to queue
[2026-05-24T14:50:42.489+0000] {logging_mixin.py:188} INFO - [2026-05-24T14:50:42.488+0000] {dagbag.py:545} INFO - Filling up the DagBag from /home/varn1t/ml-pipeline/venv/lib/python3.11/site-packages/airflow/example_dags/example_dynamic_task_mapping.py
[2026-05-24T14:50:42.499+0000] {processor.py:840} INFO - DAG(s) 'example_dynamic_task_mapping' retrieved from /home/varn1t/ml-pipeline/venv/lib/python3.11/site-packages/airflow/example_dags/example_dynamic_task_mapping.py
[2026-05-24T14:50:42.514+0000] {logging_mixin.py:188} INFO - [2026-05-24T14:50:42.514+0000] {dag.py:3096} INFO - Sync 1 DAGs
[2026-05-24T14:50:42.529+0000] {logging_mixin.py:188} INFO - [2026-05-24T14:50:42.528+0000] {dag.py:3954} INFO - Setting next_dagrun for example_dynamic_task_mapping to 2022-03-04 00:00:00+00:00, run_after=2022-03-05 00:00:00+00:00
[2026-05-24T14:50:42.546+0000] {processor.py:183} INFO - Processing /home/varn1t/ml-pipeline/venv/lib/python3.11/site-packages/airflow/example_dags/example_dynamic_task_mapping.py took 0.073 seconds
[2026-05-24T14:51:25.256+0000] {processor.py:161} INFO - Started process (PID=28390) to work on /home/varn1t/ml-pipeline/venv/lib/python3.11/site-packages/airflow/example_dags/example_dynamic_task_mapping.py
[2026-05-24T14:51:25.257+0000] {processor.py:830} INFO - Processing file /home/varn1t/ml-pipeline/venv/lib/python3.11/site-packages/airflow/example_dags/example_dynamic_task_mapping.py for tasks to queue
[2026-05-24T14:51:25.258+0000] {logging_mixin.py:188} INFO - [2026-05-24T14:51:25.258+0000] {dagbag.py:545} INFO - Filling up the DagBag from /home/varn1t/ml-pipeline/venv/lib/python3.11/site-packages/airflow/example_dags/example_dynamic_task_mapping.py
[2026-05-24T14:51:25.266+0000] {processor.py:840} INFO - DAG(s) 'example_dynamic_task_mapping' retrieved from /home/varn1t/ml-pipeline/venv/lib/python3.11/site-packages/airflow/example_dags/example_dynamic_task_mapping.py
[2026-05-24T14:51:25.282+0000] {logging_mixin.py:188} INFO - [2026-05-24T14:51:25.282+0000] {dag.py:3096} INFO - Sync 1 DAGs
[2026-05-24T14:51:25.299+0000] {logging_mixin.py:188} INFO - [2026-05-24T14:51:25.299+0000] {dag.py:3954} INFO - Setting next_dagrun for example_dynamic_task_mapping to 2022-03-04 00:00:00+00:00, run_after=2022-03-05 00:00:00+00:00
[2026-05-24T14:51:25.321+0000] {processor.py:183} INFO - Processing /home/varn1t/ml-pipeline/venv/lib/python3.11/site-packages/airflow/example_dags/example_dynamic_task_mapping.py took 0.069 seconds
[2026-05-24T14:52:10.652+0000] {processor.py:161} INFO - Started process (PID=28595) to work on /home/varn1t/ml-pipeline/venv/lib/python3.11/site-packages/airflow/example_dags/example_dynamic_task_mapping.py
[2026-05-24T14:52:10.653+0000] {processor.py:830} INFO - Processing file /home/varn1t/ml-pipeline/venv/lib/python3.11/site-packages/airflow/example_dags/example_dynamic_task_mapping.py for tasks to queue
[2026-05-24T14:52:10.654+0000] {logging_mixin.py:188} INFO - [2026-05-24T14:52:10.654+0000] {dagbag.py:545} INFO - Filling up the DagBag from /home/varn1t/ml-pipeline/venv/lib/python3.11/site-packages/airflow/example_dags/example_dynamic_task_mapping.py
[2026-05-24T14:52:10.661+0000] {processor.py:840} INFO - DAG(s) 'example_dynamic_task_mapping' retrieved from /home/varn1t/ml-pipeline/venv/lib/python3.11/site-packages/airflow/example_dags/example_dynamic_task_mapping.py
[2026-05-24T14:52:10.673+0000] {logging_mixin.py:188} INFO - [2026-05-24T14:52:10.673+0000] {dag.py:3096} INFO - Sync 1 DAGs
[2026-05-24T14:52:10.686+0000] {logging_mixin.py:188} INFO - [2026-05-24T14:52:10.686+0000] {dag.py:3954} INFO - Setting next_dagrun for example_dynamic_task_mapping to 2022-03-04 00:00:00+00:00, run_after=2022-03-05 00:00:00+00:00
[2026-05-24T14:52:10.706+0000] {processor.py:183} INFO - Processing /home/varn1t/ml-pipeline/venv/lib/python3.11/site-packages/airflow/example_dags/example_dynamic_task_mapping.py took 0.058 seconds
[2026-05-24T14:52:51.742+0000] {processor.py:161} INFO - Started process (PID=28778) to work on /home/varn1t/ml-pipeline/venv/lib/python3.11/site-packages/airflow/example_dags/example_dynamic_task_mapping.py
[2026-05-24T14:52:51.743+0000] {processor.py:830} INFO - Processing file /home/varn1t/ml-pipeline/venv/lib/python3.11/site-packages/airflow/example_dags/example_dynamic_task_mapping.py for tasks to queue
[2026-05-24T14:52:51.743+0000] {logging_mixin.py:188} INFO - [2026-05-24T14:52:51.743+0000] {dagbag.py:545} INFO - Filling up the DagBag from /home/varn1t/ml-pipeline/venv/lib/python3.11/site-packages/airflow/example_dags/example_dynamic_task_mapping.py
[2026-05-24T14:52:51.749+0000] {processor.py:840} INFO - DAG(s) 'example_dynamic_task_mapping' retrieved from /home/varn1t/ml-pipeline/venv/lib/python3.11/site-packages/airflow/example_dags/example_dynamic_task_mapping.py
[2026-05-24T14:52:51.762+0000] {logging_mixin.py:188} INFO - [2026-05-24T14:52:51.762+0000] {dag.py:3096} INFO - Sync 1 DAGs
[2026-05-24T14:52:51.777+0000] {logging_mixin.py:188} INFO - [2026-05-24T14:52:51.777+0000] {dag.py:3954} INFO - Setting next_dagrun for example_dynamic_task_mapping to 2022-03-04 00:00:00+00:00, run_after=2022-03-05 00:00:00+00:00
[2026-05-24T14:52:51.793+0000] {processor.py:183} INFO - Processing /home/varn1t/ml-pipeline/venv/lib/python3.11/site-packages/airflow/example_dags/example_dynamic_task_mapping.py took 0.055 seconds
[2026-05-24T14:53:30.561+0000] {processor.py:161} INFO - Started process (PID=28977) to work on /home/varn1t/ml-pipeline/venv/lib/python3.11/site-packages/airflow/example_dags/example_dynamic_task_mapping.py
[2026-05-24T14:53:30.562+0000] {processor.py:830} INFO - Processing file /home/varn1t/ml-pipeline/venv/lib/python3.11/site-packages/airflow/example_dags/example_dynamic_task_mapping.py for tasks to queue
[2026-05-24T14:53:30.563+0000] {logging_mixin.py:188} INFO - [2026-05-24T14:53:30.563+0000] {dagbag.py:545} INFO - Filling up the DagBag from /home/varn1t/ml-pipeline/venv/lib/python3.11/site-packages/airflow/example_dags/example_dynamic_task_mapping.py
[2026-05-24T14:53:30.569+0000] {processor.py:840} INFO - DAG(s) 'example_dynamic_task_mapping' retrieved from /home/varn1t/ml-pipeline/venv/lib/python3.11/site-packages/airflow/example_dags/example_dynamic_task_mapping.py
[2026-05-24T14:53:30.583+0000] {logging_mixin.py:188} INFO - [2026-05-24T14:53:30.583+0000] {dag.py:3096} INFO - Sync 1 DAGs
[2026-05-24T14:53:30.597+0000] {logging_mixin.py:188} INFO - [2026-05-24T14:53:30.597+0000] {dag.py:3954} INFO - Setting next_dagrun for example_dynamic_task_mapping to 2022-03-04 00:00:00+00:00, run_after=2022-03-05 00:00:00+00:00
[2026-05-24T14:53:30.615+0000] {processor.py:183} INFO - Processing /home/varn1t/ml-pipeline/venv/lib/python3.11/site-packages/airflow/example_dags/example_dynamic_task_mapping.py took 0.058 seconds
[2026-05-24T14:54:11.526+0000] {processor.py:161} INFO - Started process (PID=29157) to work on /home/varn1t/ml-pipeline/venv/lib/python3.11/site-packages/airflow/example_dags/example_dynamic_task_mapping.py
[2026-05-24T14:54:11.527+0000] {processor.py:830} INFO - Processing file /home/varn1t/ml-pipeline/venv/lib/python3.11/site-packages/airflow/example_dags/example_dynamic_task_mapping.py for tasks to queue
[2026-05-24T14:54:11.528+0000] {logging_mixin.py:188} INFO - [2026-05-24T14:54:11.528+0000] {dagbag.py:545} INFO - Filling up the DagBag from /home/varn1t/ml-pipeline/venv/lib/python3.11/site-packages/airflow/example_dags/example_dynamic_task_mapping.py
[2026-05-24T14:54:11.535+0000] {processor.py:840} INFO - DAG(s) 'example_dynamic_task_mapping' retrieved from /home/varn1t/ml-pipeline/venv/lib/python3.11/site-packages/airflow/example_dags/example_dynamic_task_mapping.py
[2026-05-24T14:54:11.549+0000] {logging_mixin.py:188} INFO - [2026-05-24T14:54:11.549+0000] {dag.py:3096} INFO - Sync 1 DAGs
[2026-05-24T14:54:11.566+0000] {logging_mixin.py:188} INFO - [2026-05-24T14:54:11.566+0000] {dag.py:3954} INFO - Setting next_dagrun for example_dynamic_task_mapping to 2022-03-04 00:00:00+00:00, run_after=2022-03-05 00:00:00+00:00
[2026-05-24T14:54:11.584+0000] {processor.py:183} INFO - Processing /home/varn1t/ml-pipeline/venv/lib/python3.11/site-packages/airflow/example_dags/example_dynamic_task_mapping.py took 0.062 seconds
[2026-05-24T14:54:52.572+0000] {processor.py:161} INFO - Started process (PID=29333) to work on /home/varn1t/ml-pipeline/venv/lib/python3.11/site-packages/airflow/example_dags/example_dynamic_task_mapping.py
[2026-05-24T14:54:52.573+0000] {processor.py:830} INFO - Processing file /home/varn1t/ml-pipeline/venv/lib/python3.11/site-packages/airflow/example_dags/example_dynamic_task_mapping.py for tasks to queue
[2026-05-24T14:54:52.573+0000] {logging_mixin.py:188} INFO - [2026-05-24T14:54:52.573+0000] {dagbag.py:545} INFO - Filling up the DagBag from /home/varn1t/ml-pipeline/venv/lib/python3.11/site-packages/airflow/example_dags/example_dynamic_task_mapping.py
[2026-05-24T14:54:52.580+0000] {processor.py:840} INFO - DAG(s) 'example_dynamic_task_mapping' retrieved from /home/varn1t/ml-pipeline/venv/lib/python3.11/site-packages/airflow/example_dags/example_dynamic_task_mapping.py
[2026-05-24T14:54:52.595+0000] {logging_mixin.py:188} INFO - [2026-05-24T14:54:52.595+0000] {dag.py:3096} INFO - Sync 1 DAGs
[2026-05-24T14:54:52.610+0000] {logging_mixin.py:188} INFO - [2026-05-24T14:54:52.610+0000] {dag.py:3954} INFO - Setting next_dagrun for example_dynamic_task_mapping to 2022-03-04 00:00:00+00:00, run_after=2022-03-05 00:00:00+00:00
[2026-05-24T14:54:52.629+0000] {processor.py:183} INFO - Processing /home/varn1t/ml-pipeline/venv/lib/python3.11/site-packages/airflow/example_dags/example_dynamic_task_mapping.py took 0.063 seconds
[2026-05-24T14:55:34.792+0000] {processor.py:161} INFO - Started process (PID=29560) to work on /home/varn1t/ml-pipeline/venv/lib/python3.11/site-packages/airflow/example_dags/example_dynamic_task_mapping.py
[2026-05-24T14:55:34.793+0000] {processor.py:830} INFO - Processing file /home/varn1t/ml-pipeline/venv/lib/python3.11/site-packages/airflow/example_dags/example_dynamic_task_mapping.py for tasks to queue
[2026-05-24T14:55:34.793+0000] {logging_mixin.py:188} INFO - [2026-05-24T14:55:34.793+0000] {dagbag.py:545} INFO - Filling up the DagBag from /home/varn1t/ml-pipeline/venv/lib/python3.11/site-packages/airflow/example_dags/example_dynamic_task_mapping.py
[2026-05-24T14:55:34.799+0000] {processor.py:840} INFO - DAG(s) 'example_dynamic_task_mapping' retrieved from /home/varn1t/ml-pipeline/venv/lib/python3.11/site-packages/airflow/example_dags/example_dynamic_task_mapping.py
[2026-05-24T14:55:34.810+0000] {logging_mixin.py:188} INFO - [2026-05-24T14:55:34.810+0000] {dag.py:3096} INFO - Sync 1 DAGs
[2026-05-24T14:55:34.822+0000] {logging_mixin.py:188} INFO - [2026-05-24T14:55:34.821+0000] {dag.py:3954} INFO - Setting next_dagrun for example_dynamic_task_mapping to 2022-03-04 00:00:00+00:00, run_after=2022-03-05 00:00:00+00:00
[2026-05-24T14:55:34.839+0000] {processor.py:183} INFO - Processing /home/varn1t/ml-pipeline/venv/lib/python3.11/site-packages/airflow/example_dags/example_dynamic_task_mapping.py took 0.051 seconds
[2026-05-24T14:56:15.295+0000] {processor.py:161} INFO - Started process (PID=29736) to work on /home/varn1t/ml-pipeline/venv/lib/python3.11/site-packages/airflow/example_dags/example_dynamic_task_mapping.py
[2026-05-24T14:56:15.300+0000] {processor.py:830} INFO - Processing file /home/varn1t/ml-pipeline/venv/lib/python3.11/site-packages/airflow/example_dags/example_dynamic_task_mapping.py for tasks to queue
[2026-05-24T14:56:15.308+0000] {logging_mixin.py:188} INFO - [2026-05-24T14:56:15.307+0000] {dagbag.py:545} INFO - Filling up the DagBag from /home/varn1t/ml-pipeline/venv/lib/python3.11/site-packages/airflow/example_dags/example_dynamic_task_mapping.py
[2026-05-24T14:56:15.344+0000] {processor.py:840} INFO - DAG(s) 'example_dynamic_task_mapping' retrieved from /home/varn1t/ml-pipeline/venv/lib/python3.11/site-packages/airflow/example_dags/example_dynamic_task_mapping.py
[2026-05-24T14:56:15.409+0000] {logging_mixin.py:188} INFO - [2026-05-24T14:56:15.409+0000] {dag.py:3096} INFO - Sync 1 DAGs
[2026-05-24T14:56:15.523+0000] {logging_mixin.py:188} INFO - [2026-05-24T14:56:15.522+0000] {dag.py:3954} INFO - Setting next_dagrun for example_dynamic_task_mapping to 2022-03-04 00:00:00+00:00, run_after=2022-03-05 00:00:00+00:00
[2026-05-24T14:56:15.652+0000] {processor.py:183} INFO - Processing /home/varn1t/ml-pipeline/venv/lib/python3.11/site-packages/airflow/example_dags/example_dynamic_task_mapping.py took 0.385 seconds
[2026-05-24T14:57:04.633+0000] {processor.py:161} INFO - Started process (PID=30057) to work on /home/varn1t/ml-pipeline/venv/lib/python3.11/site-packages/airflow/example_dags/example_dynamic_task_mapping.py
[2026-05-24T14:57:04.634+0000] {processor.py:830} INFO - Processing file /home/varn1t/ml-pipeline/venv/lib/python3.11/site-packages/airflow/example_dags/example_dynamic_task_mapping.py for tasks to queue
[2026-05-24T14:57:04.634+0000] {logging_mixin.py:188} INFO - [2026-05-24T14:57:04.634+0000] {dagbag.py:545} INFO - Filling up the DagBag from /home/varn1t/ml-pipeline/venv/lib/python3.11/site-packages/airflow/example_dags/example_dynamic_task_mapping.py
[2026-05-24T14:57:04.640+0000] {processor.py:840} INFO - DAG(s) 'example_dynamic_task_mapping' retrieved from /home/varn1t/ml-pipeline/venv/lib/python3.11/site-packages/airflow/example_dags/example_dynamic_task_mapping.py
[2026-05-24T14:57:04.651+0000] {logging_mixin.py:188} INFO - [2026-05-24T14:57:04.651+0000] {dag.py:3096} INFO - Sync 1 DAGs
[2026-05-24T14:57:04.664+0000] {logging_mixin.py:188} INFO - [2026-05-24T14:57:04.664+0000] {dag.py:3954} INFO - Setting next_dagrun for example_dynamic_task_mapping to 2022-03-04 00:00:00+00:00, run_after=2022-03-05 00:00:00+00:00
[2026-05-24T14:57:04.679+0000] {processor.py:183} INFO - Processing /home/varn1t/ml-pipeline/venv/lib/python3.11/site-packages/airflow/example_dags/example_dynamic_task_mapping.py took 0.050 seconds
[2026-05-24T14:57:50.805+0000] {processor.py:161} INFO - Started process (PID=30458) to work on /home/varn1t/ml-pipeline/venv/lib/python3.11/site-packages/airflow/example_dags/example_dynamic_task_mapping.py
[2026-05-24T14:57:50.806+0000] {processor.py:830} INFO - Processing file /home/varn1t/ml-pipeline/venv/lib/python3.11/site-packages/airflow/example_dags/example_dynamic_task_mapping.py for tasks to queue
[2026-05-24T14:57:50.807+0000] {logging_mixin.py:188} INFO - [2026-05-24T14:57:50.807+0000] {dagbag.py:545} INFO - Filling up the DagBag from /home/varn1t/ml-pipeline/venv/lib/python3.11/site-packages/airflow/example_dags/example_dynamic_task_mapping.py
[2026-05-24T14:57:50.821+0000] {processor.py:840} INFO - DAG(s) 'example_dynamic_task_mapping' retrieved from /home/varn1t/ml-pipeline/venv/lib/python3.11/site-packages/airflow/example_dags/example_dynamic_task_mapping.py
[2026-05-24T14:57:50.849+0000] {logging_mixin.py:188} INFO - [2026-05-24T14:57:50.849+0000] {dag.py:3096} INFO - Sync 1 DAGs
[2026-05-24T14:57:50.879+0000] {logging_mixin.py:188} INFO - [2026-05-24T14:57:50.878+0000] {dag.py:3954} INFO - Setting next_dagrun for example_dynamic_task_mapping to 2022-03-04 00:00:00+00:00, run_after=2022-03-05 00:00:00+00:00
[2026-05-24T14:57:50.909+0000] {processor.py:183} INFO - Processing /home/varn1t/ml-pipeline/venv/lib/python3.11/site-packages/airflow/example_dags/example_dynamic_task_mapping.py took 0.112 seconds
[2026-05-24T14:58:31.965+0000] {processor.py:161} INFO - Started process (PID=30850) to work on /home/varn1t/ml-pipeline/venv/lib/python3.11/site-packages/airflow/example_dags/example_dynamic_task_mapping.py
[2026-05-24T14:58:31.965+0000] {processor.py:830} INFO - Processing file /home/varn1t/ml-pipeline/venv/lib/python3.11/site-packages/airflow/example_dags/example_dynamic_task_mapping.py for tasks to queue
[2026-05-24T14:58:31.966+0000] {logging_mixin.py:188} INFO - [2026-05-24T14:58:31.966+0000] {dagbag.py:545} INFO - Filling up the DagBag from /home/varn1t/ml-pipeline/venv/lib/python3.11/site-packages/airflow/example_dags/example_dynamic_task_mapping.py
[2026-05-24T14:58:31.973+0000] {processor.py:840} INFO - DAG(s) 'example_dynamic_task_mapping' retrieved from /home/varn1t/ml-pipeline/venv/lib/python3.11/site-packages/airflow/example_dags/example_dynamic_task_mapping.py
[2026-05-24T14:58:31.983+0000] {logging_mixin.py:188} INFO - [2026-05-24T14:58:31.983+0000] {dag.py:3096} INFO - Sync 1 DAGs
[2026-05-24T14:58:31.997+0000] {logging_mixin.py:188} INFO - [2026-05-24T14:58:31.997+0000] {dag.py:3954} INFO - Setting next_dagrun for example_dynamic_task_mapping to 2022-03-04 00:00:00+00:00, run_after=2022-03-05 00:00:00+00:00
[2026-05-24T14:58:32.016+0000] {processor.py:183} INFO - Processing /home/varn1t/ml-pipeline/venv/lib/python3.11/site-packages/airflow/example_dags/example_dynamic_task_mapping.py took 0.056 seconds
[2026-05-24T14:59:15.217+0000] {processor.py:161} INFO - Started process (PID=31167) to work on /home/varn1t/ml-pipeline/venv/lib/python3.11/site-packages/airflow/example_dags/example_dynamic_task_mapping.py
[2026-05-24T14:59:15.217+0000] {processor.py:830} INFO - Processing file /home/varn1t/ml-pipeline/venv/lib/python3.11/site-packages/airflow/example_dags/example_dynamic_task_mapping.py for tasks to queue
[2026-05-24T14:59:15.218+0000] {logging_mixin.py:188} INFO - [2026-05-24T14:59:15.218+0000] {dagbag.py:545} INFO - Filling up the DagBag from /home/varn1t/ml-pipeline/venv/lib/python3.11/site-packages/airflow/example_dags/example_dynamic_task_mapping.py
[2026-05-24T14:59:15.225+0000] {processor.py:840} INFO - DAG(s) 'example_dynamic_task_mapping' retrieved from /home/varn1t/ml-pipeline/venv/lib/python3.11/site-packages/airflow/example_dags/example_dynamic_task_mapping.py
[2026-05-24T14:59:15.236+0000] {logging_mixin.py:188} INFO - [2026-05-24T14:59:15.236+0000] {dag.py:3096} INFO - Sync 1 DAGs
[2026-05-24T14:59:15.248+0000] {logging_mixin.py:188} INFO - [2026-05-24T14:59:15.248+0000] {dag.py:3954} INFO - Setting next_dagrun for example_dynamic_task_mapping to 2022-03-04 00:00:00+00:00, run_after=2022-03-05 00:00:00+00:00
[2026-05-24T14:59:15.263+0000] {processor.py:183} INFO - Processing /home/varn1t/ml-pipeline/venv/lib/python3.11/site-packages/airflow/example_dags/example_dynamic_task_mapping.py took 0.051 seconds
[2026-05-24T14:59:56.331+0000] {processor.py:161} INFO - Started process (PID=31429) to work on /home/varn1t/ml-pipeline/venv/lib/python3.11/site-packages/airflow/example_dags/example_dynamic_task_mapping.py
[2026-05-24T14:59:56.332+0000] {processor.py:830} INFO - Processing file /home/varn1t/ml-pipeline/venv/lib/python3.11/site-packages/airflow/example_dags/example_dynamic_task_mapping.py for tasks to queue
[2026-05-24T14:59:56.333+0000] {logging_mixin.py:188} INFO - [2026-05-24T14:59:56.333+0000] {dagbag.py:545} INFO - Filling up the DagBag from /home/varn1t/ml-pipeline/venv/lib/python3.11/site-packages/airflow/example_dags/example_dynamic_task_mapping.py
[2026-05-24T14:59:56.338+0000] {processor.py:840} INFO - DAG(s) 'example_dynamic_task_mapping' retrieved from /home/varn1t/ml-pipeline/venv/lib/python3.11/site-packages/airflow/example_dags/example_dynamic_task_mapping.py
[2026-05-24T14:59:56.349+0000] {logging_mixin.py:188} INFO - [2026-05-24T14:59:56.349+0000] {dag.py:3096} INFO - Sync 1 DAGs
[2026-05-24T14:59:56.363+0000] {logging_mixin.py:188} INFO - [2026-05-24T14:59:56.362+0000] {dag.py:3954} INFO - Setting next_dagrun for example_dynamic_task_mapping to 2022-03-04 00:00:00+00:00, run_after=2022-03-05 00:00:00+00:00
[2026-05-24T14:59:56.377+0000] {processor.py:183} INFO - Processing /home/varn1t/ml-pipeline/venv/lib/python3.11/site-packages/airflow/example_dags/example_dynamic_task_mapping.py took 0.051 seconds
[2026-05-24T15:00:36.283+0000] {processor.py:161} INFO - Started process (PID=31604) to work on /home/varn1t/ml-pipeline/venv/lib/python3.11/site-packages/airflow/example_dags/example_dynamic_task_mapping.py
[2026-05-24T15:00:36.284+0000] {processor.py:830} INFO - Processing file /home/varn1t/ml-pipeline/venv/lib/python3.11/site-packages/airflow/example_dags/example_dynamic_task_mapping.py for tasks to queue
[2026-05-24T15:00:36.285+0000] {logging_mixin.py:188} INFO - [2026-05-24T15:00:36.284+0000] {dagbag.py:545} INFO - Filling up the DagBag from /home/varn1t/ml-pipeline/venv/lib/python3.11/site-packages/airflow/example_dags/example_dynamic_task_mapping.py
[2026-05-24T15:00:36.291+0000] {processor.py:840} INFO - DAG(s) 'example_dynamic_task_mapping' retrieved from /home/varn1t/ml-pipeline/venv/lib/python3.11/site-packages/airflow/example_dags/example_dynamic_task_mapping.py
[2026-05-24T15:00:36.305+0000] {logging_mixin.py:188} INFO - [2026-05-24T15:00:36.305+0000] {dag.py:3096} INFO - Sync 1 DAGs
[2026-05-24T15:00:36.319+0000] {logging_mixin.py:188} INFO - [2026-05-24T15:00:36.319+0000] {dag.py:3954} INFO - Setting next_dagrun for example_dynamic_task_mapping to 2022-03-04 00:00:00+00:00, run_after=2022-03-05 00:00:00+00:00
[2026-05-24T15:00:36.334+0000] {processor.py:183} INFO - Processing /home/varn1t/ml-pipeline/venv/lib/python3.11/site-packages/airflow/example_dags/example_dynamic_task_mapping.py took 0.058 seconds
[2026-05-24T15:01:15.623+0000] {processor.py:161} INFO - Started process (PID=31778) to work on /home/varn1t/ml-pipeline/venv/lib/python3.11/site-packages/airflow/example_dags/example_dynamic_task_mapping.py
[2026-05-24T15:01:15.624+0000] {processor.py:830} INFO - Processing file /home/varn1t/ml-pipeline/venv/lib/python3.11/site-packages/airflow/example_dags/example_dynamic_task_mapping.py for tasks to queue
[2026-05-24T15:01:15.625+0000] {logging_mixin.py:188} INFO - [2026-05-24T15:01:15.624+0000] {dagbag.py:545} INFO - Filling up the DagBag from /home/varn1t/ml-pipeline/venv/lib/python3.11/site-packages/airflow/example_dags/example_dynamic_task_mapping.py
[2026-05-24T15:01:15.630+0000] {processor.py:840} INFO - DAG(s) 'example_dynamic_task_mapping' retrieved from /home/varn1t/ml-pipeline/venv/lib/python3.11/site-packages/airflow/example_dags/example_dynamic_task_mapping.py
[2026-05-24T15:01:15.640+0000] {logging_mixin.py:188} INFO - [2026-05-24T15:01:15.640+0000] {dag.py:3096} INFO - Sync 1 DAGs
[2026-05-24T15:01:15.652+0000] {logging_mixin.py:188} INFO - [2026-05-24T15:01:15.651+0000] {dag.py:3954} INFO - Setting next_dagrun for example_dynamic_task_mapping to 2022-03-04 00:00:00+00:00, run_after=2022-03-05 00:00:00+00:00
[2026-05-24T15:01:15.666+0000] {processor.py:183} INFO - Processing /home/varn1t/ml-pipeline/venv/lib/python3.11/site-packages/airflow/example_dags/example_dynamic_task_mapping.py took 0.049 seconds
[2026-05-24T15:01:54.577+0000] {processor.py:161} INFO - Started process (PID=31971) to work on /home/varn1t/ml-pipeline/venv/lib/python3.11/site-packages/airflow/example_dags/example_dynamic_task_mapping.py
[2026-05-24T15:01:54.578+0000] {processor.py:830} INFO - Processing file /home/varn1t/ml-pipeline/venv/lib/python3.11/site-packages/airflow/example_dags/example_dynamic_task_mapping.py for tasks to queue
[2026-05-24T15:01:54.579+0000] {logging_mixin.py:188} INFO - [2026-05-24T15:01:54.578+0000] {dagbag.py:545} INFO - Filling up the DagBag from /home/varn1t/ml-pipeline/venv/lib/python3.11/site-packages/airflow/example_dags/example_dynamic_task_mapping.py
[2026-05-24T15:01:54.584+0000] {processor.py:840} INFO - DAG(s) 'example_dynamic_task_mapping' retrieved from /home/varn1t/ml-pipeline/venv/lib/python3.11/site-packages/airflow/example_dags/example_dynamic_task_mapping.py
[2026-05-24T15:01:54.594+0000] {logging_mixin.py:188} INFO - [2026-05-24T15:01:54.594+0000] {dag.py:3096} INFO - Sync 1 DAGs
[2026-05-24T15:01:54.609+0000] {logging_mixin.py:188} INFO - [2026-05-24T15:01:54.608+0000] {dag.py:3954} INFO - Setting next_dagrun for example_dynamic_task_mapping to 2022-03-04 00:00:00+00:00, run_after=2022-03-05 00:00:00+00:00
[2026-05-24T15:01:54.623+0000] {processor.py:183} INFO - Processing /home/varn1t/ml-pipeline/venv/lib/python3.11/site-packages/airflow/example_dags/example_dynamic_task_mapping.py took 0.052 seconds
[2026-05-24T15:02:35.657+0000] {processor.py:161} INFO - Started process (PID=32223) to work on /home/varn1t/ml-pipeline/venv/lib/python3.11/site-packages/airflow/example_dags/example_dynamic_task_mapping.py
[2026-05-24T15:02:35.658+0000] {processor.py:830} INFO - Processing file /home/varn1t/ml-pipeline/venv/lib/python3.11/site-packages/airflow/example_dags/example_dynamic_task_mapping.py for tasks to queue
[2026-05-24T15:02:35.658+0000] {logging_mixin.py:188} INFO - [2026-05-24T15:02:35.658+0000] {dagbag.py:545} INFO - Filling up the DagBag from /home/varn1t/ml-pipeline/venv/lib/python3.11/site-packages/airflow/example_dags/example_dynamic_task_mapping.py
[2026-05-24T15:02:35.663+0000] {processor.py:840} INFO - DAG(s) 'example_dynamic_task_mapping' retrieved from /home/varn1t/ml-pipeline/venv/lib/python3.11/site-packages/airflow/example_dags/example_dynamic_task_mapping.py
[2026-05-24T15:02:35.672+0000] {logging_mixin.py:188} INFO - [2026-05-24T15:02:35.672+0000] {dag.py:3096} INFO - Sync 1 DAGs
[2026-05-24T15:02:35.682+0000] {logging_mixin.py:188} INFO - [2026-05-24T15:02:35.682+0000] {dag.py:3954} INFO - Setting next_dagrun for example_dynamic_task_mapping to 2022-03-04 00:00:00+00:00, run_after=2022-03-05 00:00:00+00:00
[2026-05-24T15:02:35.695+0000] {processor.py:183} INFO - Processing /home/varn1t/ml-pipeline/venv/lib/python3.11/site-packages/airflow/example_dags/example_dynamic_task_mapping.py took 0.044 seconds
[2026-05-24T15:03:17.592+0000] {processor.py:161} INFO - Started process (PID=32447) to work on /home/varn1t/ml-pipeline/venv/lib/python3.11/site-packages/airflow/example_dags/example_dynamic_task_mapping.py
[2026-05-24T15:03:17.593+0000] {processor.py:830} INFO - Processing file /home/varn1t/ml-pipeline/venv/lib/python3.11/site-packages/airflow/example_dags/example_dynamic_task_mapping.py for tasks to queue
[2026-05-24T15:03:17.593+0000] {logging_mixin.py:188} INFO - [2026-05-24T15:03:17.593+0000] {dagbag.py:545} INFO - Filling up the DagBag from /home/varn1t/ml-pipeline/venv/lib/python3.11/site-packages/airflow/example_dags/example_dynamic_task_mapping.py
[2026-05-24T15:03:17.598+0000] {processor.py:840} INFO - DAG(s) 'example_dynamic_task_mapping' retrieved from /home/varn1t/ml-pipeline/venv/lib/python3.11/site-packages/airflow/example_dags/example_dynamic_task_mapping.py
[2026-05-24T15:03:17.608+0000] {logging_mixin.py:188} INFO - [2026-05-24T15:03:17.608+0000] {dag.py:3096} INFO - Sync 1 DAGs
[2026-05-24T15:03:17.618+0000] {logging_mixin.py:188} INFO - [2026-05-24T15:03:17.618+0000] {dag.py:3954} INFO - Setting next_dagrun for example_dynamic_task_mapping to 2022-03-04 00:00:00+00:00, run_after=2022-03-05 00:00:00+00:00
[2026-05-24T15:03:17.632+0000] {processor.py:183} INFO - Processing /home/varn1t/ml-pipeline/venv/lib/python3.11/site-packages/airflow/example_dags/example_dynamic_task_mapping.py took 0.046 seconds
[2026-05-24T15:04:00.632+0000] {processor.py:161} INFO - Started process (PID=32676) to work on /home/varn1t/ml-pipeline/venv/lib/python3.11/site-packages/airflow/example_dags/example_dynamic_task_mapping.py
[2026-05-24T15:04:00.633+0000] {processor.py:830} INFO - Processing file /home/varn1t/ml-pipeline/venv/lib/python3.11/site-packages/airflow/example_dags/example_dynamic_task_mapping.py for tasks to queue
[2026-05-24T15:04:00.634+0000] {logging_mixin.py:188} INFO - [2026-05-24T15:04:00.633+0000] {dagbag.py:545} INFO - Filling up the DagBag from /home/varn1t/ml-pipeline/venv/lib/python3.11/site-packages/airflow/example_dags/example_dynamic_task_mapping.py
[2026-05-24T15:04:00.640+0000] {processor.py:840} INFO - DAG(s) 'example_dynamic_task_mapping' retrieved from /home/varn1t/ml-pipeline/venv/lib/python3.11/site-packages/airflow/example_dags/example_dynamic_task_mapping.py
[2026-05-24T15:04:00.652+0000] {logging_mixin.py:188} INFO - [2026-05-24T15:04:00.652+0000] {dag.py:3096} INFO - Sync 1 DAGs
[2026-05-24T15:04:00.667+0000] {logging_mixin.py:188} INFO - [2026-05-24T15:04:00.667+0000] {dag.py:3954} INFO - Setting next_dagrun for example_dynamic_task_mapping to 2022-03-04 00:00:00+00:00, run_after=2022-03-05 00:00:00+00:00
[2026-05-24T15:04:00.682+0000] {processor.py:183} INFO - Processing /home/varn1t/ml-pipeline/venv/lib/python3.11/site-packages/airflow/example_dags/example_dynamic_task_mapping.py took 0.058 seconds
[2026-05-24T15:04:39.559+0000] {processor.py:161} INFO - Started process (PID=32849) to work on /home/varn1t/ml-pipeline/venv/lib/python3.11/site-packages/airflow/example_dags/example_dynamic_task_mapping.py
[2026-05-24T15:04:39.559+0000] {processor.py:830} INFO - Processing file /home/varn1t/ml-pipeline/venv/lib/python3.11/site-packages/airflow/example_dags/example_dynamic_task_mapping.py for tasks to queue
[2026-05-24T15:04:39.560+0000] {logging_mixin.py:188} INFO - [2026-05-24T15:04:39.560+0000] {dagbag.py:545} INFO - Filling up the DagBag from /home/varn1t/ml-pipeline/venv/lib/python3.11/site-packages/airflow/example_dags/example_dynamic_task_mapping.py
[2026-05-24T15:04:39.567+0000] {processor.py:840} INFO - DAG(s) 'example_dynamic_task_mapping' retrieved from /home/varn1t/ml-pipeline/venv/lib/python3.11/site-packages/airflow/example_dags/example_dynamic_task_mapping.py
[2026-05-24T15:04:39.578+0000] {logging_mixin.py:188} INFO - [2026-05-24T15:04:39.577+0000] {dag.py:3096} INFO - Sync 1 DAGs
[2026-05-24T15:04:39.589+0000] {logging_mixin.py:188} INFO - [2026-05-24T15:04:39.589+0000] {dag.py:3954} INFO - Setting next_dagrun for example_dynamic_task_mapping to 2022-03-04 00:00:00+00:00, run_after=2022-03-05 00:00:00+00:00
[2026-05-24T15:04:39.605+0000] {processor.py:183} INFO - Processing /home/varn1t/ml-pipeline/venv/lib/python3.11/site-packages/airflow/example_dags/example_dynamic_task_mapping.py took 0.053 seconds
[2026-05-24T15:05:18.556+0000] {processor.py:161} INFO - Started process (PID=33083) to work on /home/varn1t/ml-pipeline/venv/lib/python3.11/site-packages/airflow/example_dags/example_dynamic_task_mapping.py
[2026-05-24T15:05:18.557+0000] {processor.py:830} INFO - Processing file /home/varn1t/ml-pipeline/venv/lib/python3.11/site-packages/airflow/example_dags/example_dynamic_task_mapping.py for tasks to queue
[2026-05-24T15:05:18.558+0000] {logging_mixin.py:188} INFO - [2026-05-24T15:05:18.557+0000] {dagbag.py:545} INFO - Filling up the DagBag from /home/varn1t/ml-pipeline/venv/lib/python3.11/site-packages/airflow/example_dags/example_dynamic_task_mapping.py
[2026-05-24T15:05:18.563+0000] {processor.py:840} INFO - DAG(s) 'example_dynamic_task_mapping' retrieved from /home/varn1t/ml-pipeline/venv/lib/python3.11/site-packages/airflow/example_dags/example_dynamic_task_mapping.py
[2026-05-24T15:05:18.576+0000] {logging_mixin.py:188} INFO - [2026-05-24T15:05:18.576+0000] {dag.py:3096} INFO - Sync 1 DAGs
[2026-05-24T15:05:18.589+0000] {logging_mixin.py:188} INFO - [2026-05-24T15:05:18.589+0000] {dag.py:3954} INFO - Setting next_dagrun for example_dynamic_task_mapping to 2022-03-04 00:00:00+00:00, run_after=2022-03-05 00:00:00+00:00
[2026-05-24T15:05:18.602+0000] {processor.py:183} INFO - Processing /home/varn1t/ml-pipeline/venv/lib/python3.11/site-packages/airflow/example_dags/example_dynamic_task_mapping.py took 0.052 seconds
[2026-05-24T15:05:59.957+0000] {processor.py:161} INFO - Started process (PID=33554) to work on /home/varn1t/ml-pipeline/venv/lib/python3.11/site-packages/airflow/example_dags/example_dynamic_task_mapping.py
[2026-05-24T15:05:59.958+0000] {processor.py:830} INFO - Processing file /home/varn1t/ml-pipeline/venv/lib/python3.11/site-packages/airflow/example_dags/example_dynamic_task_mapping.py for tasks to queue
[2026-05-24T15:05:59.958+0000] {logging_mixin.py:188} INFO - [2026-05-24T15:05:59.958+0000] {dagbag.py:545} INFO - Filling up the DagBag from /home/varn1t/ml-pipeline/venv/lib/python3.11/site-packages/airflow/example_dags/example_dynamic_task_mapping.py
[2026-05-24T15:05:59.963+0000] {processor.py:840} INFO - DAG(s) 'example_dynamic_task_mapping' retrieved from /home/varn1t/ml-pipeline/venv/lib/python3.11/site-packages/airflow/example_dags/example_dynamic_task_mapping.py
[2026-05-24T15:05:59.974+0000] {logging_mixin.py:188} INFO - [2026-05-24T15:05:59.974+0000] {dag.py:3096} INFO - Sync 1 DAGs
[2026-05-24T15:05:59.987+0000] {logging_mixin.py:188} INFO - [2026-05-24T15:05:59.987+0000] {dag.py:3954} INFO - Setting next_dagrun for example_dynamic_task_mapping to 2022-03-04 00:00:00+00:00, run_after=2022-03-05 00:00:00+00:00
[2026-05-24T15:06:00.002+0000] {processor.py:183} INFO - Processing /home/varn1t/ml-pipeline/venv/lib/python3.11/site-packages/airflow/example_dags/example_dynamic_task_mapping.py took 0.051 seconds
[2026-05-24T15:06:42.119+0000] {processor.py:161} INFO - Started process (PID=33977) to work on /home/varn1t/ml-pipeline/venv/lib/python3.11/site-packages/airflow/example_dags/example_dynamic_task_mapping.py
[2026-05-24T15:06:42.120+0000] {processor.py:830} INFO - Processing file /home/varn1t/ml-pipeline/venv/lib/python3.11/site-packages/airflow/example_dags/example_dynamic_task_mapping.py for tasks to queue
[2026-05-24T15:06:42.120+0000] {logging_mixin.py:188} INFO - [2026-05-24T15:06:42.120+0000] {dagbag.py:545} INFO - Filling up the DagBag from /home/varn1t/ml-pipeline/venv/lib/python3.11/site-packages/airflow/example_dags/example_dynamic_task_mapping.py
[2026-05-24T15:06:42.125+0000] {processor.py:840} INFO - DAG(s) 'example_dynamic_task_mapping' retrieved from /home/varn1t/ml-pipeline/venv/lib/python3.11/site-packages/airflow/example_dags/example_dynamic_task_mapping.py
[2026-05-24T15:06:42.135+0000] {logging_mixin.py:188} INFO - [2026-05-24T15:06:42.135+0000] {dag.py:3096} INFO - Sync 1 DAGs
[2026-05-24T15:06:42.148+0000] {logging_mixin.py:188} INFO - [2026-05-24T15:06:42.148+0000] {dag.py:3954} INFO - Setting next_dagrun for example_dynamic_task_mapping to 2022-03-04 00:00:00+00:00, run_after=2022-03-05 00:00:00+00:00
[2026-05-24T15:06:42.163+0000] {processor.py:183} INFO - Processing /home/varn1t/ml-pipeline/venv/lib/python3.11/site-packages/airflow/example_dags/example_dynamic_task_mapping.py took 0.050 seconds
[2026-05-24T15:07:22.044+0000] {processor.py:161} INFO - Started process (PID=34500) to work on /home/varn1t/ml-pipeline/venv/lib/python3.11/site-packages/airflow/example_dags/example_dynamic_task_mapping.py
[2026-05-24T15:07:22.045+0000] {processor.py:830} INFO - Processing file /home/varn1t/ml-pipeline/venv/lib/python3.11/site-packages/airflow/example_dags/example_dynamic_task_mapping.py for tasks to queue
[2026-05-24T15:07:22.046+0000] {logging_mixin.py:188} INFO - [2026-05-24T15:07:22.046+0000] {dagbag.py:545} INFO - Filling up the DagBag from /home/varn1t/ml-pipeline/venv/lib/python3.11/site-packages/airflow/example_dags/example_dynamic_task_mapping.py
[2026-05-24T15:07:22.054+0000] {processor.py:840} INFO - DAG(s) 'example_dynamic_task_mapping' retrieved from /home/varn1t/ml-pipeline/venv/lib/python3.11/site-packages/airflow/example_dags/example_dynamic_task_mapping.py
[2026-05-24T15:07:22.069+0000] {logging_mixin.py:188} INFO - [2026-05-24T15:07:22.069+0000] {dag.py:3096} INFO - Sync 1 DAGs
[2026-05-24T15:07:22.085+0000] {logging_mixin.py:188} INFO - [2026-05-24T15:07:22.085+0000] {dag.py:3954} INFO - Setting next_dagrun for example_dynamic_task_mapping to 2022-03-04 00:00:00+00:00, run_after=2022-03-05 00:00:00+00:00
[2026-05-24T15:07:22.104+0000] {processor.py:183} INFO - Processing /home/varn1t/ml-pipeline/venv/lib/python3.11/site-packages/airflow/example_dags/example_dynamic_task_mapping.py took 0.066 seconds
[2026-05-24T15:08:07.779+0000] {processor.py:161} INFO - Started process (PID=34889) to work on /home/varn1t/ml-pipeline/venv/lib/python3.11/site-packages/airflow/example_dags/example_dynamic_task_mapping.py
[2026-05-24T15:08:07.779+0000] {processor.py:830} INFO - Processing file /home/varn1t/ml-pipeline/venv/lib/python3.11/site-packages/airflow/example_dags/example_dynamic_task_mapping.py for tasks to queue
[2026-05-24T15:08:07.780+0000] {logging_mixin.py:188} INFO - [2026-05-24T15:08:07.780+0000] {dagbag.py:545} INFO - Filling up the DagBag from /home/varn1t/ml-pipeline/venv/lib/python3.11/site-packages/airflow/example_dags/example_dynamic_task_mapping.py
[2026-05-24T15:08:07.786+0000] {processor.py:840} INFO - DAG(s) 'example_dynamic_task_mapping' retrieved from /home/varn1t/ml-pipeline/venv/lib/python3.11/site-packages/airflow/example_dags/example_dynamic_task_mapping.py
[2026-05-24T15:08:07.796+0000] {logging_mixin.py:188} INFO - [2026-05-24T15:08:07.796+0000] {dag.py:3096} INFO - Sync 1 DAGs
[2026-05-24T15:08:07.808+0000] {logging_mixin.py:188} INFO - [2026-05-24T15:08:07.808+0000] {dag.py:3954} INFO - Setting next_dagrun for example_dynamic_task_mapping to 2022-03-04 00:00:00+00:00, run_after=2022-03-05 00:00:00+00:00
[2026-05-24T15:08:07.824+0000] {processor.py:183} INFO - Processing /home/varn1t/ml-pipeline/venv/lib/python3.11/site-packages/airflow/example_dags/example_dynamic_task_mapping.py took 0.051 seconds
[2026-05-24T15:08:50.010+0000] {processor.py:161} INFO - Started process (PID=35153) to work on /home/varn1t/ml-pipeline/venv/lib/python3.11/site-packages/airflow/example_dags/example_dynamic_task_mapping.py
[2026-05-24T15:08:50.011+0000] {processor.py:830} INFO - Processing file /home/varn1t/ml-pipeline/venv/lib/python3.11/site-packages/airflow/example_dags/example_dynamic_task_mapping.py for tasks to queue
[2026-05-24T15:08:50.012+0000] {logging_mixin.py:188} INFO - [2026-05-24T15:08:50.011+0000] {dagbag.py:545} INFO - Filling up the DagBag from /home/varn1t/ml-pipeline/venv/lib/python3.11/site-packages/airflow/example_dags/example_dynamic_task_mapping.py
[2026-05-24T15:08:50.017+0000] {processor.py:840} INFO - DAG(s) 'example_dynamic_task_mapping' retrieved from /home/varn1t/ml-pipeline/venv/lib/python3.11/site-packages/airflow/example_dags/example_dynamic_task_mapping.py
[2026-05-24T15:08:50.025+0000] {logging_mixin.py:188} INFO - [2026-05-24T15:08:50.025+0000] {dag.py:3096} INFO - Sync 1 DAGs
[2026-05-24T15:08:50.037+0000] {logging_mixin.py:188} INFO - [2026-05-24T15:08:50.037+0000] {dag.py:3954} INFO - Setting next_dagrun for example_dynamic_task_mapping to 2022-03-04 00:00:00+00:00, run_after=2022-03-05 00:00:00+00:00
[2026-05-24T15:08:50.051+0000] {processor.py:183} INFO - Processing /home/varn1t/ml-pipeline/venv/lib/python3.11/site-packages/airflow/example_dags/example_dynamic_task_mapping.py took 0.046 seconds
[2026-05-24T15:09:33.367+0000] {processor.py:161} INFO - Started process (PID=35340) to work on /home/varn1t/ml-pipeline/venv/lib/python3.11/site-packages/airflow/example_dags/example_dynamic_task_mapping.py
[2026-05-24T15:09:33.368+0000] {processor.py:830} INFO - Processing file /home/varn1t/ml-pipeline/venv/lib/python3.11/site-packages/airflow/example_dags/example_dynamic_task_mapping.py for tasks to queue
[2026-05-24T15:09:33.368+0000] {logging_mixin.py:188} INFO - [2026-05-24T15:09:33.368+0000] {dagbag.py:545} INFO - Filling up the DagBag from /home/varn1t/ml-pipeline/venv/lib/python3.11/site-packages/airflow/example_dags/example_dynamic_task_mapping.py
[2026-05-24T15:09:33.374+0000] {processor.py:840} INFO - DAG(s) 'example_dynamic_task_mapping' retrieved from /home/varn1t/ml-pipeline/venv/lib/python3.11/site-packages/airflow/example_dags/example_dynamic_task_mapping.py
[2026-05-24T15:09:33.389+0000] {logging_mixin.py:188} INFO - [2026-05-24T15:09:33.389+0000] {dag.py:3096} INFO - Sync 1 DAGs
[2026-05-24T15:09:33.405+0000] {logging_mixin.py:188} INFO - [2026-05-24T15:09:33.405+0000] {dag.py:3954} INFO - Setting next_dagrun for example_dynamic_task_mapping to 2022-03-04 00:00:00+00:00, run_after=2022-03-05 00:00:00+00:00
[2026-05-24T15:09:33.424+0000] {processor.py:183} INFO - Processing /home/varn1t/ml-pipeline/venv/lib/python3.11/site-packages/airflow/example_dags/example_dynamic_task_mapping.py took 0.066 seconds
[2026-05-24T15:10:14.416+0000] {processor.py:161} INFO - Started process (PID=35523) to work on /home/varn1t/ml-pipeline/venv/lib/python3.11/site-packages/airflow/example_dags/example_dynamic_task_mapping.py
[2026-05-24T15:10:14.417+0000] {processor.py:830} INFO - Processing file /home/varn1t/ml-pipeline/venv/lib/python3.11/site-packages/airflow/example_dags/example_dynamic_task_mapping.py for tasks to queue
[2026-05-24T15:10:14.417+0000] {logging_mixin.py:188} INFO - [2026-05-24T15:10:14.417+0000] {dagbag.py:545} INFO - Filling up the DagBag from /home/varn1t/ml-pipeline/venv/lib/python3.11/site-packages/airflow/example_dags/example_dynamic_task_mapping.py
[2026-05-24T15:10:14.424+0000] {processor.py:840} INFO - DAG(s) 'example_dynamic_task_mapping' retrieved from /home/varn1t/ml-pipeline/venv/lib/python3.11/site-packages/airflow/example_dags/example_dynamic_task_mapping.py
[2026-05-24T15:10:14.436+0000] {logging_mixin.py:188} INFO - [2026-05-24T15:10:14.435+0000] {dag.py:3096} INFO - Sync 1 DAGs
[2026-05-24T15:10:14.449+0000] {logging_mixin.py:188} INFO - [2026-05-24T15:10:14.449+0000] {dag.py:3954} INFO - Setting next_dagrun for example_dynamic_task_mapping to 2022-03-04 00:00:00+00:00, run_after=2022-03-05 00:00:00+00:00
[2026-05-24T15:10:14.464+0000] {processor.py:183} INFO - Processing /home/varn1t/ml-pipeline/venv/lib/python3.11/site-packages/airflow/example_dags/example_dynamic_task_mapping.py took 0.054 seconds
[2026-05-24T15:10:57.787+0000] {processor.py:161} INFO - Started process (PID=35709) to work on /home/varn1t/ml-pipeline/venv/lib/python3.11/site-packages/airflow/example_dags/example_dynamic_task_mapping.py
[2026-05-24T15:10:57.788+0000] {processor.py:830} INFO - Processing file /home/varn1t/ml-pipeline/venv/lib/python3.11/site-packages/airflow/example_dags/example_dynamic_task_mapping.py for tasks to queue
[2026-05-24T15:10:57.788+0000] {logging_mixin.py:188} INFO - [2026-05-24T15:10:57.788+0000] {dagbag.py:545} INFO - Filling up the DagBag from /home/varn1t/ml-pipeline/venv/lib/python3.11/site-packages/airflow/example_dags/example_dynamic_task_mapping.py
[2026-05-24T15:10:57.793+0000] {processor.py:840} INFO - DAG(s) 'example_dynamic_task_mapping' retrieved from /home/varn1t/ml-pipeline/venv/lib/python3.11/site-packages/airflow/example_dags/example_dynamic_task_mapping.py
[2026-05-24T15:10:57.804+0000] {logging_mixin.py:188} INFO - [2026-05-24T15:10:57.803+0000] {dag.py:3096} INFO - Sync 1 DAGs
[2026-05-24T15:10:57.816+0000] {logging_mixin.py:188} INFO - [2026-05-24T15:10:57.816+0000] {dag.py:3954} INFO - Setting next_dagrun for example_dynamic_task_mapping to 2022-03-04 00:00:00+00:00, run_after=2022-03-05 00:00:00+00:00
[2026-05-24T15:10:57.832+0000] {processor.py:183} INFO - Processing /home/varn1t/ml-pipeline/venv/lib/python3.11/site-packages/airflow/example_dags/example_dynamic_task_mapping.py took 0.051 seconds
[2026-05-24T15:11:40.338+0000] {processor.py:161} INFO - Started process (PID=35898) to work on /home/varn1t/ml-pipeline/venv/lib/python3.11/site-packages/airflow/example_dags/example_dynamic_task_mapping.py
[2026-05-24T15:11:40.339+0000] {processor.py:830} INFO - Processing file /home/varn1t/ml-pipeline/venv/lib/python3.11/site-packages/airflow/example_dags/example_dynamic_task_mapping.py for tasks to queue
[2026-05-24T15:11:40.339+0000] {logging_mixin.py:188} INFO - [2026-05-24T15:11:40.339+0000] {dagbag.py:545} INFO - Filling up the DagBag from /home/varn1t/ml-pipeline/venv/lib/python3.11/site-packages/airflow/example_dags/example_dynamic_task_mapping.py
[2026-05-24T15:11:40.345+0000] {processor.py:840} INFO - DAG(s) 'example_dynamic_task_mapping' retrieved from /home/varn1t/ml-pipeline/venv/lib/python3.11/site-packages/airflow/example_dags/example_dynamic_task_mapping.py
[2026-05-24T15:11:40.358+0000] {logging_mixin.py:188} INFO - [2026-05-24T15:11:40.357+0000] {dag.py:3096} INFO - Sync 1 DAGs
[2026-05-24T15:11:40.372+0000] {logging_mixin.py:188} INFO - [2026-05-24T15:11:40.372+0000] {dag.py:3954} INFO - Setting next_dagrun for example_dynamic_task_mapping to 2022-03-04 00:00:00+00:00, run_after=2022-03-05 00:00:00+00:00
[2026-05-24T15:11:40.389+0000] {processor.py:183} INFO - Processing /home/varn1t/ml-pipeline/venv/lib/python3.11/site-packages/airflow/example_dags/example_dynamic_task_mapping.py took 0.058 seconds
[2026-05-24T15:12:20.853+0000] {processor.py:161} INFO - Started process (PID=36079) to work on /home/varn1t/ml-pipeline/venv/lib/python3.11/site-packages/airflow/example_dags/example_dynamic_task_mapping.py
[2026-05-24T15:12:20.855+0000] {processor.py:830} INFO - Processing file /home/varn1t/ml-pipeline/venv/lib/python3.11/site-packages/airflow/example_dags/example_dynamic_task_mapping.py for tasks to queue
[2026-05-24T15:12:20.855+0000] {logging_mixin.py:188} INFO - [2026-05-24T15:12:20.855+0000] {dagbag.py:545} INFO - Filling up the DagBag from /home/varn1t/ml-pipeline/venv/lib/python3.11/site-packages/airflow/example_dags/example_dynamic_task_mapping.py
[2026-05-24T15:12:20.861+0000] {processor.py:840} INFO - DAG(s) 'example_dynamic_task_mapping' retrieved from /home/varn1t/ml-pipeline/venv/lib/python3.11/site-packages/airflow/example_dags/example_dynamic_task_mapping.py
[2026-05-24T15:12:20.872+0000] {logging_mixin.py:188} INFO - [2026-05-24T15:12:20.872+0000] {dag.py:3096} INFO - Sync 1 DAGs
[2026-05-24T15:12:20.885+0000] {logging_mixin.py:188} INFO - [2026-05-24T15:12:20.885+0000] {dag.py:3954} INFO - Setting next_dagrun for example_dynamic_task_mapping to 2022-03-04 00:00:00+00:00, run_after=2022-03-05 00:00:00+00:00
[2026-05-24T15:12:20.898+0000] {processor.py:183} INFO - Processing /home/varn1t/ml-pipeline/venv/lib/python3.11/site-packages/airflow/example_dags/example_dynamic_task_mapping.py took 0.052 seconds
[2026-05-24T15:13:04.765+0000] {processor.py:161} INFO - Started process (PID=36271) to work on /home/varn1t/ml-pipeline/venv/lib/python3.11/site-packages/airflow/example_dags/example_dynamic_task_mapping.py
[2026-05-24T15:13:04.767+0000] {processor.py:830} INFO - Processing file /home/varn1t/ml-pipeline/venv/lib/python3.11/site-packages/airflow/example_dags/example_dynamic_task_mapping.py for tasks to queue
[2026-05-24T15:13:04.768+0000] {logging_mixin.py:188} INFO - [2026-05-24T15:13:04.767+0000] {dagbag.py:545} INFO - Filling up the DagBag from /home/varn1t/ml-pipeline/venv/lib/python3.11/site-packages/airflow/example_dags/example_dynamic_task_mapping.py
[2026-05-24T15:13:04.773+0000] {processor.py:840} INFO - DAG(s) 'example_dynamic_task_mapping' retrieved from /home/varn1t/ml-pipeline/venv/lib/python3.11/site-packages/airflow/example_dags/example_dynamic_task_mapping.py
[2026-05-24T15:13:04.784+0000] {logging_mixin.py:188} INFO - [2026-05-24T15:13:04.784+0000] {dag.py:3096} INFO - Sync 1 DAGs
[2026-05-24T15:13:04.799+0000] {logging_mixin.py:188} INFO - [2026-05-24T15:13:04.799+0000] {dag.py:3954} INFO - Setting next_dagrun for example_dynamic_task_mapping to 2022-03-04 00:00:00+00:00, run_after=2022-03-05 00:00:00+00:00
[2026-05-24T15:13:04.815+0000] {processor.py:183} INFO - Processing /home/varn1t/ml-pipeline/venv/lib/python3.11/site-packages/airflow/example_dags/example_dynamic_task_mapping.py took 0.058 seconds
[2026-05-24T15:13:45.748+0000] {processor.py:161} INFO - Started process (PID=36501) to work on /home/varn1t/ml-pipeline/venv/lib/python3.11/site-packages/airflow/example_dags/example_dynamic_task_mapping.py
[2026-05-24T15:13:45.749+0000] {processor.py:830} INFO - Processing file /home/varn1t/ml-pipeline/venv/lib/python3.11/site-packages/airflow/example_dags/example_dynamic_task_mapping.py for tasks to queue
[2026-05-24T15:13:45.750+0000] {logging_mixin.py:188} INFO - [2026-05-24T15:13:45.749+0000] {dagbag.py:545} INFO - Filling up the DagBag from /home/varn1t/ml-pipeline/venv/lib/python3.11/site-packages/airflow/example_dags/example_dynamic_task_mapping.py
[2026-05-24T15:13:45.757+0000] {processor.py:840} INFO - DAG(s) 'example_dynamic_task_mapping' retrieved from /home/varn1t/ml-pipeline/venv/lib/python3.11/site-packages/airflow/example_dags/example_dynamic_task_mapping.py
[2026-05-24T15:13:45.771+0000] {logging_mixin.py:188} INFO - [2026-05-24T15:13:45.770+0000] {dag.py:3096} INFO - Sync 1 DAGs
[2026-05-24T15:13:45.783+0000] {logging_mixin.py:188} INFO - [2026-05-24T15:13:45.783+0000] {dag.py:3954} INFO - Setting next_dagrun for example_dynamic_task_mapping to 2022-03-04 00:00:00+00:00, run_after=2022-03-05 00:00:00+00:00
[2026-05-24T15:13:45.800+0000] {processor.py:183} INFO - Processing /home/varn1t/ml-pipeline/venv/lib/python3.11/site-packages/airflow/example_dags/example_dynamic_task_mapping.py took 0.059 seconds
[2026-05-24T15:14:25.157+0000] {processor.py:161} INFO - Started process (PID=36675) to work on /home/varn1t/ml-pipeline/venv/lib/python3.11/site-packages/airflow/example_dags/example_dynamic_task_mapping.py
[2026-05-24T15:14:25.158+0000] {processor.py:830} INFO - Processing file /home/varn1t/ml-pipeline/venv/lib/python3.11/site-packages/airflow/example_dags/example_dynamic_task_mapping.py for tasks to queue
[2026-05-24T15:14:25.159+0000] {logging_mixin.py:188} INFO - [2026-05-24T15:14:25.159+0000] {dagbag.py:545} INFO - Filling up the DagBag from /home/varn1t/ml-pipeline/venv/lib/python3.11/site-packages/airflow/example_dags/example_dynamic_task_mapping.py
[2026-05-24T15:14:25.165+0000] {processor.py:840} INFO - DAG(s) 'example_dynamic_task_mapping' retrieved from /home/varn1t/ml-pipeline/venv/lib/python3.11/site-packages/airflow/example_dags/example_dynamic_task_mapping.py
[2026-05-24T15:14:25.179+0000] {logging_mixin.py:188} INFO - [2026-05-24T15:14:25.178+0000] {dag.py:3096} INFO - Sync 1 DAGs
[2026-05-24T15:14:25.194+0000] {logging_mixin.py:188} INFO - [2026-05-24T15:14:25.194+0000] {dag.py:3954} INFO - Setting next_dagrun for example_dynamic_task_mapping to 2022-03-04 00:00:00+00:00, run_after=2022-03-05 00:00:00+00:00
[2026-05-24T15:14:25.214+0000] {processor.py:183} INFO - Processing /home/varn1t/ml-pipeline/venv/lib/python3.11/site-packages/airflow/example_dags/example_dynamic_task_mapping.py took 0.063 seconds
[2026-05-24T15:15:04.517+0000] {processor.py:161} INFO - Started process (PID=36848) to work on /home/varn1t/ml-pipeline/venv/lib/python3.11/site-packages/airflow/example_dags/example_dynamic_task_mapping.py
[2026-05-24T15:15:04.519+0000] {processor.py:830} INFO - Processing file /home/varn1t/ml-pipeline/venv/lib/python3.11/site-packages/airflow/example_dags/example_dynamic_task_mapping.py for tasks to queue
[2026-05-24T15:15:04.519+0000] {logging_mixin.py:188} INFO - [2026-05-24T15:15:04.519+0000] {dagbag.py:545} INFO - Filling up the DagBag from /home/varn1t/ml-pipeline/venv/lib/python3.11/site-packages/airflow/example_dags/example_dynamic_task_mapping.py
[2026-05-24T15:15:04.525+0000] {processor.py:840} INFO - DAG(s) 'example_dynamic_task_mapping' retrieved from /home/varn1t/ml-pipeline/venv/lib/python3.11/site-packages/airflow/example_dags/example_dynamic_task_mapping.py
[2026-05-24T15:15:04.538+0000] {logging_mixin.py:188} INFO - [2026-05-24T15:15:04.538+0000] {dag.py:3096} INFO - Sync 1 DAGs
[2026-05-24T15:15:04.552+0000] {logging_mixin.py:188} INFO - [2026-05-24T15:15:04.552+0000] {dag.py:3954} INFO - Setting next_dagrun for example_dynamic_task_mapping to 2022-03-04 00:00:00+00:00, run_after=2022-03-05 00:00:00+00:00
[2026-05-24T15:15:04.570+0000] {processor.py:183} INFO - Processing /home/varn1t/ml-pipeline/venv/lib/python3.11/site-packages/airflow/example_dags/example_dynamic_task_mapping.py took 0.060 seconds
[2026-05-24T15:15:44.189+0000] {processor.py:161} INFO - Started process (PID=37023) to work on /home/varn1t/ml-pipeline/venv/lib/python3.11/site-packages/airflow/example_dags/example_dynamic_task_mapping.py
[2026-05-24T15:15:44.190+0000] {processor.py:830} INFO - Processing file /home/varn1t/ml-pipeline/venv/lib/python3.11/site-packages/airflow/example_dags/example_dynamic_task_mapping.py for tasks to queue
[2026-05-24T15:15:44.190+0000] {logging_mixin.py:188} INFO - [2026-05-24T15:15:44.190+0000] {dagbag.py:545} INFO - Filling up the DagBag from /home/varn1t/ml-pipeline/venv/lib/python3.11/site-packages/airflow/example_dags/example_dynamic_task_mapping.py
[2026-05-24T15:15:44.196+0000] {processor.py:840} INFO - DAG(s) 'example_dynamic_task_mapping' retrieved from /home/varn1t/ml-pipeline/venv/lib/python3.11/site-packages/airflow/example_dags/example_dynamic_task_mapping.py
[2026-05-24T15:15:44.209+0000] {logging_mixin.py:188} INFO - [2026-05-24T15:15:44.209+0000] {dag.py:3096} INFO - Sync 1 DAGs
[2026-05-24T15:15:44.223+0000] {logging_mixin.py:188} INFO - [2026-05-24T15:15:44.223+0000] {dag.py:3954} INFO - Setting next_dagrun for example_dynamic_task_mapping to 2022-03-04 00:00:00+00:00, run_after=2022-03-05 00:00:00+00:00
[2026-05-24T15:15:44.239+0000] {processor.py:183} INFO - Processing /home/varn1t/ml-pipeline/venv/lib/python3.11/site-packages/airflow/example_dags/example_dynamic_task_mapping.py took 0.058 seconds
[2026-05-24T15:16:23.865+0000] {processor.py:161} INFO - Started process (PID=37201) to work on /home/varn1t/ml-pipeline/venv/lib/python3.11/site-packages/airflow/example_dags/example_dynamic_task_mapping.py
[2026-05-24T15:16:23.866+0000] {processor.py:830} INFO - Processing file /home/varn1t/ml-pipeline/venv/lib/python3.11/site-packages/airflow/example_dags/example_dynamic_task_mapping.py for tasks to queue
[2026-05-24T15:16:23.866+0000] {logging_mixin.py:188} INFO - [2026-05-24T15:16:23.866+0000] {dagbag.py:545} INFO - Filling up the DagBag from /home/varn1t/ml-pipeline/venv/lib/python3.11/site-packages/airflow/example_dags/example_dynamic_task_mapping.py
[2026-05-24T15:16:23.872+0000] {processor.py:840} INFO - DAG(s) 'example_dynamic_task_mapping' retrieved from /home/varn1t/ml-pipeline/venv/lib/python3.11/site-packages/airflow/example_dags/example_dynamic_task_mapping.py
[2026-05-24T15:16:23.883+0000] {logging_mixin.py:188} INFO - [2026-05-24T15:16:23.883+0000] {dag.py:3096} INFO - Sync 1 DAGs
[2026-05-24T15:16:23.898+0000] {logging_mixin.py:188} INFO - [2026-05-24T15:16:23.897+0000] {dag.py:3954} INFO - Setting next_dagrun for example_dynamic_task_mapping to 2022-03-04 00:00:00+00:00, run_after=2022-03-05 00:00:00+00:00
[2026-05-24T15:16:23.914+0000] {processor.py:183} INFO - Processing /home/varn1t/ml-pipeline/venv/lib/python3.11/site-packages/airflow/example_dags/example_dynamic_task_mapping.py took 0.054 seconds
[2026-05-24T15:17:03.811+0000] {processor.py:161} INFO - Started process (PID=37389) to work on /home/varn1t/ml-pipeline/venv/lib/python3.11/site-packages/airflow/example_dags/example_dynamic_task_mapping.py
[2026-05-24T15:17:03.812+0000] {processor.py:830} INFO - Processing file /home/varn1t/ml-pipeline/venv/lib/python3.11/site-packages/airflow/example_dags/example_dynamic_task_mapping.py for tasks to queue
[2026-05-24T15:17:03.812+0000] {logging_mixin.py:188} INFO - [2026-05-24T15:17:03.812+0000] {dagbag.py:545} INFO - Filling up the DagBag from /home/varn1t/ml-pipeline/venv/lib/python3.11/site-packages/airflow/example_dags/example_dynamic_task_mapping.py
[2026-05-24T15:17:03.818+0000] {processor.py:840} INFO - DAG(s) 'example_dynamic_task_mapping' retrieved from /home/varn1t/ml-pipeline/venv/lib/python3.11/site-packages/airflow/example_dags/example_dynamic_task_mapping.py
[2026-05-24T15:17:03.830+0000] {logging_mixin.py:188} INFO - [2026-05-24T15:17:03.830+0000] {dag.py:3096} INFO - Sync 1 DAGs
[2026-05-24T15:17:03.848+0000] {logging_mixin.py:188} INFO - [2026-05-24T15:17:03.848+0000] {dag.py:3954} INFO - Setting next_dagrun for example_dynamic_task_mapping to 2022-03-04 00:00:00+00:00, run_after=2022-03-05 00:00:00+00:00
[2026-05-24T15:17:03.867+0000] {processor.py:183} INFO - Processing /home/varn1t/ml-pipeline/venv/lib/python3.11/site-packages/airflow/example_dags/example_dynamic_task_mapping.py took 0.063 seconds
[2026-05-24T15:17:43.340+0000] {processor.py:161} INFO - Started process (PID=37723) to work on /home/varn1t/ml-pipeline/venv/lib/python3.11/site-packages/airflow/example_dags/example_dynamic_task_mapping.py
[2026-05-24T15:17:43.341+0000] {processor.py:830} INFO - Processing file /home/varn1t/ml-pipeline/venv/lib/python3.11/site-packages/airflow/example_dags/example_dynamic_task_mapping.py for tasks to queue
[2026-05-24T15:17:43.341+0000] {logging_mixin.py:188} INFO - [2026-05-24T15:17:43.341+0000] {dagbag.py:545} INFO - Filling up the DagBag from /home/varn1t/ml-pipeline/venv/lib/python3.11/site-packages/airflow/example_dags/example_dynamic_task_mapping.py
[2026-05-24T15:17:43.346+0000] {processor.py:840} INFO - DAG(s) 'example_dynamic_task_mapping' retrieved from /home/varn1t/ml-pipeline/venv/lib/python3.11/site-packages/airflow/example_dags/example_dynamic_task_mapping.py
[2026-05-24T15:17:43.360+0000] {logging_mixin.py:188} INFO - [2026-05-24T15:17:43.360+0000] {dag.py:3096} INFO - Sync 1 DAGs
[2026-05-24T15:17:43.373+0000] {logging_mixin.py:188} INFO - [2026-05-24T15:17:43.373+0000] {dag.py:3954} INFO - Setting next_dagrun for example_dynamic_task_mapping to 2022-03-04 00:00:00+00:00, run_after=2022-03-05 00:00:00+00:00
[2026-05-24T15:17:43.387+0000] {processor.py:183} INFO - Processing /home/varn1t/ml-pipeline/venv/lib/python3.11/site-packages/airflow/example_dags/example_dynamic_task_mapping.py took 0.053 seconds
[2026-05-24T15:18:23.488+0000] {processor.py:161} INFO - Started process (PID=38108) to work on /home/varn1t/ml-pipeline/venv/lib/python3.11/site-packages/airflow/example_dags/example_dynamic_task_mapping.py
[2026-05-24T15:18:23.489+0000] {processor.py:830} INFO - Processing file /home/varn1t/ml-pipeline/venv/lib/python3.11/site-packages/airflow/example_dags/example_dynamic_task_mapping.py for tasks to queue
[2026-05-24T15:18:23.489+0000] {logging_mixin.py:188} INFO - [2026-05-24T15:18:23.489+0000] {dagbag.py:545} INFO - Filling up the DagBag from /home/varn1t/ml-pipeline/venv/lib/python3.11/site-packages/airflow/example_dags/example_dynamic_task_mapping.py
[2026-05-24T15:18:23.495+0000] {processor.py:840} INFO - DAG(s) 'example_dynamic_task_mapping' retrieved from /home/varn1t/ml-pipeline/venv/lib/python3.11/site-packages/airflow/example_dags/example_dynamic_task_mapping.py
[2026-05-24T15:18:23.506+0000] {logging_mixin.py:188} INFO - [2026-05-24T15:18:23.506+0000] {dag.py:3096} INFO - Sync 1 DAGs
[2026-05-24T15:18:23.519+0000] {logging_mixin.py:188} INFO - [2026-05-24T15:18:23.519+0000] {dag.py:3954} INFO - Setting next_dagrun for example_dynamic_task_mapping to 2022-03-04 00:00:00+00:00, run_after=2022-03-05 00:00:00+00:00
[2026-05-24T15:18:23.535+0000] {processor.py:183} INFO - Processing /home/varn1t/ml-pipeline/venv/lib/python3.11/site-packages/airflow/example_dags/example_dynamic_task_mapping.py took 0.054 seconds
[2026-05-24T15:19:02.277+0000] {processor.py:161} INFO - Started process (PID=38589) to work on /home/varn1t/ml-pipeline/venv/lib/python3.11/site-packages/airflow/example_dags/example_dynamic_task_mapping.py
[2026-05-24T15:19:02.278+0000] {processor.py:830} INFO - Processing file /home/varn1t/ml-pipeline/venv/lib/python3.11/site-packages/airflow/example_dags/example_dynamic_task_mapping.py for tasks to queue
[2026-05-24T15:19:02.279+0000] {logging_mixin.py:188} INFO - [2026-05-24T15:19:02.279+0000] {dagbag.py:545} INFO - Filling up the DagBag from /home/varn1t/ml-pipeline/venv/lib/python3.11/site-packages/airflow/example_dags/example_dynamic_task_mapping.py
[2026-05-24T15:19:02.287+0000] {processor.py:840} INFO - DAG(s) 'example_dynamic_task_mapping' retrieved from /home/varn1t/ml-pipeline/venv/lib/python3.11/site-packages/airflow/example_dags/example_dynamic_task_mapping.py
[2026-05-24T15:19:02.301+0000] {logging_mixin.py:188} INFO - [2026-05-24T15:19:02.301+0000] {dag.py:3096} INFO - Sync 1 DAGs
[2026-05-24T15:19:02.315+0000] {logging_mixin.py:188} INFO - [2026-05-24T15:19:02.315+0000] {dag.py:3954} INFO - Setting next_dagrun for example_dynamic_task_mapping to 2022-03-04 00:00:00+00:00, run_after=2022-03-05 00:00:00+00:00
[2026-05-24T15:19:02.328+0000] {processor.py:183} INFO - Processing /home/varn1t/ml-pipeline/venv/lib/python3.11/site-packages/airflow/example_dags/example_dynamic_task_mapping.py took 0.060 seconds
[2026-05-24T15:19:43.356+0000] {processor.py:161} INFO - Started process (PID=38834) to work on /home/varn1t/ml-pipeline/venv/lib/python3.11/site-packages/airflow/example_dags/example_dynamic_task_mapping.py
[2026-05-24T15:19:43.357+0000] {processor.py:830} INFO - Processing file /home/varn1t/ml-pipeline/venv/lib/python3.11/site-packages/airflow/example_dags/example_dynamic_task_mapping.py for tasks to queue
[2026-05-24T15:19:43.357+0000] {logging_mixin.py:188} INFO - [2026-05-24T15:19:43.357+0000] {dagbag.py:545} INFO - Filling up the DagBag from /home/varn1t/ml-pipeline/venv/lib/python3.11/site-packages/airflow/example_dags/example_dynamic_task_mapping.py
[2026-05-24T15:19:43.362+0000] {processor.py:840} INFO - DAG(s) 'example_dynamic_task_mapping' retrieved from /home/varn1t/ml-pipeline/venv/lib/python3.11/site-packages/airflow/example_dags/example_dynamic_task_mapping.py
[2026-05-24T15:19:43.372+0000] {logging_mixin.py:188} INFO - [2026-05-24T15:19:43.372+0000] {dag.py:3096} INFO - Sync 1 DAGs
[2026-05-24T15:19:43.383+0000] {logging_mixin.py:188} INFO - [2026-05-24T15:19:43.383+0000] {dag.py:3954} INFO - Setting next_dagrun for example_dynamic_task_mapping to 2022-03-04 00:00:00+00:00, run_after=2022-03-05 00:00:00+00:00
[2026-05-24T15:19:43.400+0000] {processor.py:183} INFO - Processing /home/varn1t/ml-pipeline/venv/lib/python3.11/site-packages/airflow/example_dags/example_dynamic_task_mapping.py took 0.049 seconds
[2026-05-24T15:20:24.429+0000] {processor.py:161} INFO - Started process (PID=39017) to work on /home/varn1t/ml-pipeline/venv/lib/python3.11/site-packages/airflow/example_dags/example_dynamic_task_mapping.py
[2026-05-24T15:20:24.430+0000] {processor.py:830} INFO - Processing file /home/varn1t/ml-pipeline/venv/lib/python3.11/site-packages/airflow/example_dags/example_dynamic_task_mapping.py for tasks to queue
[2026-05-24T15:20:24.431+0000] {logging_mixin.py:188} INFO - [2026-05-24T15:20:24.431+0000] {dagbag.py:545} INFO - Filling up the DagBag from /home/varn1t/ml-pipeline/venv/lib/python3.11/site-packages/airflow/example_dags/example_dynamic_task_mapping.py
[2026-05-24T15:20:24.437+0000] {processor.py:840} INFO - DAG(s) 'example_dynamic_task_mapping' retrieved from /home/varn1t/ml-pipeline/venv/lib/python3.11/site-packages/airflow/example_dags/example_dynamic_task_mapping.py
[2026-05-24T15:20:24.448+0000] {logging_mixin.py:188} INFO - [2026-05-24T15:20:24.448+0000] {dag.py:3096} INFO - Sync 1 DAGs
[2026-05-24T15:20:24.460+0000] {logging_mixin.py:188} INFO - [2026-05-24T15:20:24.460+0000] {dag.py:3954} INFO - Setting next_dagrun for example_dynamic_task_mapping to 2022-03-04 00:00:00+00:00, run_after=2022-03-05 00:00:00+00:00
[2026-05-24T15:20:24.475+0000] {processor.py:183} INFO - Processing /home/varn1t/ml-pipeline/venv/lib/python3.11/site-packages/airflow/example_dags/example_dynamic_task_mapping.py took 0.052 seconds
[2026-05-24T15:21:08.250+0000] {processor.py:161} INFO - Started process (PID=39207) to work on /home/varn1t/ml-pipeline/venv/lib/python3.11/site-packages/airflow/example_dags/example_dynamic_task_mapping.py
[2026-05-24T15:21:08.251+0000] {processor.py:830} INFO - Processing file /home/varn1t/ml-pipeline/venv/lib/python3.11/site-packages/airflow/example_dags/example_dynamic_task_mapping.py for tasks to queue
[2026-05-24T15:21:08.252+0000] {logging_mixin.py:188} INFO - [2026-05-24T15:21:08.252+0000] {dagbag.py:545} INFO - Filling up the DagBag from /home/varn1t/ml-pipeline/venv/lib/python3.11/site-packages/airflow/example_dags/example_dynamic_task_mapping.py
[2026-05-24T15:21:08.259+0000] {processor.py:840} INFO - DAG(s) 'example_dynamic_task_mapping' retrieved from /home/varn1t/ml-pipeline/venv/lib/python3.11/site-packages/airflow/example_dags/example_dynamic_task_mapping.py
[2026-05-24T15:21:08.275+0000] {logging_mixin.py:188} INFO - [2026-05-24T15:21:08.274+0000] {dag.py:3096} INFO - Sync 1 DAGs
[2026-05-24T15:21:08.291+0000] {logging_mixin.py:188} INFO - [2026-05-24T15:21:08.291+0000] {dag.py:3954} INFO - Setting next_dagrun for example_dynamic_task_mapping to 2022-03-04 00:00:00+00:00, run_after=2022-03-05 00:00:00+00:00
[2026-05-24T15:21:08.307+0000] {processor.py:183} INFO - Processing /home/varn1t/ml-pipeline/venv/lib/python3.11/site-packages/airflow/example_dags/example_dynamic_task_mapping.py took 0.065 seconds
[2026-05-24T15:21:46.991+0000] {processor.py:161} INFO - Started process (PID=39394) to work on /home/varn1t/ml-pipeline/venv/lib/python3.11/site-packages/airflow/example_dags/example_dynamic_task_mapping.py
[2026-05-24T15:21:46.993+0000] {processor.py:830} INFO - Processing file /home/varn1t/ml-pipeline/venv/lib/python3.11/site-packages/airflow/example_dags/example_dynamic_task_mapping.py for tasks to queue
[2026-05-24T15:21:46.994+0000] {logging_mixin.py:188} INFO - [2026-05-24T15:21:46.994+0000] {dagbag.py:545} INFO - Filling up the DagBag from /home/varn1t/ml-pipeline/venv/lib/python3.11/site-packages/airflow/example_dags/example_dynamic_task_mapping.py
[2026-05-24T15:21:47.006+0000] {processor.py:840} INFO - DAG(s) 'example_dynamic_task_mapping' retrieved from /home/varn1t/ml-pipeline/venv/lib/python3.11/site-packages/airflow/example_dags/example_dynamic_task_mapping.py
[2026-05-24T15:21:47.021+0000] {logging_mixin.py:188} INFO - [2026-05-24T15:21:47.021+0000] {dag.py:3096} INFO - Sync 1 DAGs
[2026-05-24T15:21:47.038+0000] {logging_mixin.py:188} INFO - [2026-05-24T15:21:47.037+0000] {dag.py:3954} INFO - Setting next_dagrun for example_dynamic_task_mapping to 2022-03-04 00:00:00+00:00, run_after=2022-03-05 00:00:00+00:00
[2026-05-24T15:21:47.056+0000] {processor.py:183} INFO - Processing /home/varn1t/ml-pipeline/venv/lib/python3.11/site-packages/airflow/example_dags/example_dynamic_task_mapping.py took 0.076 seconds
[2026-05-24T15:22:26.837+0000] {processor.py:161} INFO - Started process (PID=39811) to work on /home/varn1t/ml-pipeline/venv/lib/python3.11/site-packages/airflow/example_dags/example_dynamic_task_mapping.py
[2026-05-24T15:22:26.837+0000] {processor.py:830} INFO - Processing file /home/varn1t/ml-pipeline/venv/lib/python3.11/site-packages/airflow/example_dags/example_dynamic_task_mapping.py for tasks to queue
[2026-05-24T15:22:26.838+0000] {logging_mixin.py:188} INFO - [2026-05-24T15:22:26.838+0000] {dagbag.py:545} INFO - Filling up the DagBag from /home/varn1t/ml-pipeline/venv/lib/python3.11/site-packages/airflow/example_dags/example_dynamic_task_mapping.py
[2026-05-24T15:22:26.845+0000] {processor.py:840} INFO - DAG(s) 'example_dynamic_task_mapping' retrieved from /home/varn1t/ml-pipeline/venv/lib/python3.11/site-packages/airflow/example_dags/example_dynamic_task_mapping.py
[2026-05-24T15:22:26.857+0000] {logging_mixin.py:188} INFO - [2026-05-24T15:22:26.857+0000] {dag.py:3096} INFO - Sync 1 DAGs
[2026-05-24T15:22:26.870+0000] {logging_mixin.py:188} INFO - [2026-05-24T15:22:26.869+0000] {dag.py:3954} INFO - Setting next_dagrun for example_dynamic_task_mapping to 2022-03-04 00:00:00+00:00, run_after=2022-03-05 00:00:00+00:00
[2026-05-24T15:22:26.885+0000] {processor.py:183} INFO - Processing /home/varn1t/ml-pipeline/venv/lib/python3.11/site-packages/airflow/example_dags/example_dynamic_task_mapping.py took 0.055 seconds
[2026-05-24T15:23:07.921+0000] {processor.py:161} INFO - Started process (PID=40120) to work on /home/varn1t/ml-pipeline/venv/lib/python3.11/site-packages/airflow/example_dags/example_dynamic_task_mapping.py
[2026-05-24T15:23:07.921+0000] {processor.py:830} INFO - Processing file /home/varn1t/ml-pipeline/venv/lib/python3.11/site-packages/airflow/example_dags/example_dynamic_task_mapping.py for tasks to queue
[2026-05-24T15:23:07.922+0000] {logging_mixin.py:188} INFO - [2026-05-24T15:23:07.922+0000] {dagbag.py:545} INFO - Filling up the DagBag from /home/varn1t/ml-pipeline/venv/lib/python3.11/site-packages/airflow/example_dags/example_dynamic_task_mapping.py
[2026-05-24T15:23:07.928+0000] {processor.py:840} INFO - DAG(s) 'example_dynamic_task_mapping' retrieved from /home/varn1t/ml-pipeline/venv/lib/python3.11/site-packages/airflow/example_dags/example_dynamic_task_mapping.py
[2026-05-24T15:23:07.939+0000] {logging_mixin.py:188} INFO - [2026-05-24T15:23:07.939+0000] {dag.py:3096} INFO - Sync 1 DAGs
[2026-05-24T15:23:07.958+0000] {logging_mixin.py:188} INFO - [2026-05-24T15:23:07.958+0000] {dag.py:3954} INFO - Setting next_dagrun for example_dynamic_task_mapping to 2022-03-04 00:00:00+00:00, run_after=2022-03-05 00:00:00+00:00
[2026-05-24T15:23:07.995+0000] {processor.py:183} INFO - Processing /home/varn1t/ml-pipeline/venv/lib/python3.11/site-packages/airflow/example_dags/example_dynamic_task_mapping.py took 0.080 seconds
[2026-05-24T15:23:50.298+0000] {processor.py:161} INFO - Started process (PID=40460) to work on /home/varn1t/ml-pipeline/venv/lib/python3.11/site-packages/airflow/example_dags/example_dynamic_task_mapping.py
[2026-05-24T15:23:50.299+0000] {processor.py:830} INFO - Processing file /home/varn1t/ml-pipeline/venv/lib/python3.11/site-packages/airflow/example_dags/example_dynamic_task_mapping.py for tasks to queue
[2026-05-24T15:23:50.300+0000] {logging_mixin.py:188} INFO - [2026-05-24T15:23:50.300+0000] {dagbag.py:545} INFO - Filling up the DagBag from /home/varn1t/ml-pipeline/venv/lib/python3.11/site-packages/airflow/example_dags/example_dynamic_task_mapping.py
[2026-05-24T15:23:50.305+0000] {processor.py:840} INFO - DAG(s) 'example_dynamic_task_mapping' retrieved from /home/varn1t/ml-pipeline/venv/lib/python3.11/site-packages/airflow/example_dags/example_dynamic_task_mapping.py
[2026-05-24T15:23:50.317+0000] {logging_mixin.py:188} INFO - [2026-05-24T15:23:50.316+0000] {dag.py:3096} INFO - Sync 1 DAGs
[2026-05-24T15:23:50.329+0000] {logging_mixin.py:188} INFO - [2026-05-24T15:23:50.329+0000] {dag.py:3954} INFO - Setting next_dagrun for example_dynamic_task_mapping to 2022-03-04 00:00:00+00:00, run_after=2022-03-05 00:00:00+00:00
[2026-05-24T15:23:50.344+0000] {processor.py:183} INFO - Processing /home/varn1t/ml-pipeline/venv/lib/python3.11/site-packages/airflow/example_dags/example_dynamic_task_mapping.py took 0.054 seconds
[2026-05-24T15:24:32.893+0000] {processor.py:161} INFO - Started process (PID=40704) to work on /home/varn1t/ml-pipeline/venv/lib/python3.11/site-packages/airflow/example_dags/example_dynamic_task_mapping.py
[2026-05-24T15:24:32.894+0000] {processor.py:830} INFO - Processing file /home/varn1t/ml-pipeline/venv/lib/python3.11/site-packages/airflow/example_dags/example_dynamic_task_mapping.py for tasks to queue
[2026-05-24T15:24:32.894+0000] {logging_mixin.py:188} INFO - [2026-05-24T15:24:32.894+0000] {dagbag.py:545} INFO - Filling up the DagBag from /home/varn1t/ml-pipeline/venv/lib/python3.11/site-packages/airflow/example_dags/example_dynamic_task_mapping.py
[2026-05-24T15:24:32.900+0000] {processor.py:840} INFO - DAG(s) 'example_dynamic_task_mapping' retrieved from /home/varn1t/ml-pipeline/venv/lib/python3.11/site-packages/airflow/example_dags/example_dynamic_task_mapping.py
[2026-05-24T15:24:32.912+0000] {logging_mixin.py:188} INFO - [2026-05-24T15:24:32.912+0000] {dag.py:3096} INFO - Sync 1 DAGs
[2026-05-24T15:24:32.927+0000] {logging_mixin.py:188} INFO - [2026-05-24T15:24:32.927+0000] {dag.py:3954} INFO - Setting next_dagrun for example_dynamic_task_mapping to 2022-03-04 00:00:00+00:00, run_after=2022-03-05 00:00:00+00:00
[2026-05-24T15:24:32.943+0000] {processor.py:183} INFO - Processing /home/varn1t/ml-pipeline/venv/lib/python3.11/site-packages/airflow/example_dags/example_dynamic_task_mapping.py took 0.057 seconds
[2026-05-24T15:26:06.522+0000] {processor.py:161} INFO - Started process (PID=42380) to work on /home/varn1t/ml-pipeline/venv/lib/python3.11/site-packages/airflow/example_dags/example_dynamic_task_mapping.py
[2026-05-24T15:26:06.523+0000] {processor.py:830} INFO - Processing file /home/varn1t/ml-pipeline/venv/lib/python3.11/site-packages/airflow/example_dags/example_dynamic_task_mapping.py for tasks to queue
[2026-05-24T15:26:06.523+0000] {logging_mixin.py:188} INFO - [2026-05-24T15:26:06.523+0000] {dagbag.py:545} INFO - Filling up the DagBag from /home/varn1t/ml-pipeline/venv/lib/python3.11/site-packages/airflow/example_dags/example_dynamic_task_mapping.py
[2026-05-24T15:26:06.528+0000] {processor.py:840} INFO - DAG(s) 'example_dynamic_task_mapping' retrieved from /home/varn1t/ml-pipeline/venv/lib/python3.11/site-packages/airflow/example_dags/example_dynamic_task_mapping.py
[2026-05-24T15:26:06.537+0000] {logging_mixin.py:188} INFO - [2026-05-24T15:26:06.537+0000] {dag.py:3096} INFO - Sync 1 DAGs
[2026-05-24T15:26:06.548+0000] {logging_mixin.py:188} INFO - [2026-05-24T15:26:06.548+0000] {dag.py:3954} INFO - Setting next_dagrun for example_dynamic_task_mapping to 2022-03-04 00:00:00+00:00, run_after=2022-03-05 00:00:00+00:00
[2026-05-24T15:26:06.561+0000] {processor.py:183} INFO - Processing /home/varn1t/ml-pipeline/venv/lib/python3.11/site-packages/airflow/example_dags/example_dynamic_task_mapping.py took 0.044 seconds
[2026-05-24T15:26:56.745+0000] {processor.py:161} INFO - Started process (PID=42661) to work on /home/varn1t/ml-pipeline/venv/lib/python3.11/site-packages/airflow/example_dags/example_dynamic_task_mapping.py
[2026-05-24T15:26:56.746+0000] {processor.py:830} INFO - Processing file /home/varn1t/ml-pipeline/venv/lib/python3.11/site-packages/airflow/example_dags/example_dynamic_task_mapping.py for tasks to queue
[2026-05-24T15:26:56.746+0000] {logging_mixin.py:188} INFO - [2026-05-24T15:26:56.746+0000] {dagbag.py:545} INFO - Filling up the DagBag from /home/varn1t/ml-pipeline/venv/lib/python3.11/site-packages/airflow/example_dags/example_dynamic_task_mapping.py
[2026-05-24T15:26:56.754+0000] {processor.py:840} INFO - DAG(s) 'example_dynamic_task_mapping' retrieved from /home/varn1t/ml-pipeline/venv/lib/python3.11/site-packages/airflow/example_dags/example_dynamic_task_mapping.py
[2026-05-24T15:26:56.766+0000] {logging_mixin.py:188} INFO - [2026-05-24T15:26:56.765+0000] {dag.py:3096} INFO - Sync 1 DAGs
[2026-05-24T15:26:56.779+0000] {logging_mixin.py:188} INFO - [2026-05-24T15:26:56.779+0000] {dag.py:3954} INFO - Setting next_dagrun for example_dynamic_task_mapping to 2022-03-04 00:00:00+00:00, run_after=2022-03-05 00:00:00+00:00
[2026-05-24T15:26:56.796+0000] {processor.py:183} INFO - Processing /home/varn1t/ml-pipeline/venv/lib/python3.11/site-packages/airflow/example_dags/example_dynamic_task_mapping.py took 0.057 seconds
[2026-05-24T15:27:41.128+0000] {processor.py:161} INFO - Started process (PID=42926) to work on /home/varn1t/ml-pipeline/venv/lib/python3.11/site-packages/airflow/example_dags/example_dynamic_task_mapping.py
[2026-05-24T15:27:41.128+0000] {processor.py:830} INFO - Processing file /home/varn1t/ml-pipeline/venv/lib/python3.11/site-packages/airflow/example_dags/example_dynamic_task_mapping.py for tasks to queue
[2026-05-24T15:27:41.129+0000] {logging_mixin.py:188} INFO - [2026-05-24T15:27:41.129+0000] {dagbag.py:545} INFO - Filling up the DagBag from /home/varn1t/ml-pipeline/venv/lib/python3.11/site-packages/airflow/example_dags/example_dynamic_task_mapping.py
[2026-05-24T15:27:41.135+0000] {processor.py:840} INFO - DAG(s) 'example_dynamic_task_mapping' retrieved from /home/varn1t/ml-pipeline/venv/lib/python3.11/site-packages/airflow/example_dags/example_dynamic_task_mapping.py
[2026-05-24T15:27:41.147+0000] {logging_mixin.py:188} INFO - [2026-05-24T15:27:41.147+0000] {dag.py:3096} INFO - Sync 1 DAGs
[2026-05-24T15:27:41.160+0000] {logging_mixin.py:188} INFO - [2026-05-24T15:27:41.160+0000] {dag.py:3954} INFO - Setting next_dagrun for example_dynamic_task_mapping to 2022-03-04 00:00:00+00:00, run_after=2022-03-05 00:00:00+00:00
[2026-05-24T15:27:41.175+0000] {processor.py:183} INFO - Processing /home/varn1t/ml-pipeline/venv/lib/python3.11/site-packages/airflow/example_dags/example_dynamic_task_mapping.py took 0.053 seconds
[2026-05-24T15:28:21.994+0000] {processor.py:161} INFO - Started process (PID=43114) to work on /home/varn1t/ml-pipeline/venv/lib/python3.11/site-packages/airflow/example_dags/example_dynamic_task_mapping.py
[2026-05-24T15:28:21.995+0000] {processor.py:830} INFO - Processing file /home/varn1t/ml-pipeline/venv/lib/python3.11/site-packages/airflow/example_dags/example_dynamic_task_mapping.py for tasks to queue
[2026-05-24T15:28:21.995+0000] {logging_mixin.py:188} INFO - [2026-05-24T15:28:21.995+0000] {dagbag.py:545} INFO - Filling up the DagBag from /home/varn1t/ml-pipeline/venv/lib/python3.11/site-packages/airflow/example_dags/example_dynamic_task_mapping.py
[2026-05-24T15:28:22.002+0000] {processor.py:840} INFO - DAG(s) 'example_dynamic_task_mapping' retrieved from /home/varn1t/ml-pipeline/venv/lib/python3.11/site-packages/airflow/example_dags/example_dynamic_task_mapping.py
[2026-05-24T15:28:22.013+0000] {logging_mixin.py:188} INFO - [2026-05-24T15:28:22.013+0000] {dag.py:3096} INFO - Sync 1 DAGs
[2026-05-24T15:28:22.027+0000] {logging_mixin.py:188} INFO - [2026-05-24T15:28:22.027+0000] {dag.py:3954} INFO - Setting next_dagrun for example_dynamic_task_mapping to 2022-03-04 00:00:00+00:00, run_after=2022-03-05 00:00:00+00:00
[2026-05-24T15:28:22.042+0000] {processor.py:183} INFO - Processing /home/varn1t/ml-pipeline/venv/lib/python3.11/site-packages/airflow/example_dags/example_dynamic_task_mapping.py took 0.054 seconds
[2026-05-24T15:29:22.623+0000] {processor.py:161} INFO - Started process (PID=43856) to work on /home/varn1t/ml-pipeline/venv/lib/python3.11/site-packages/airflow/example_dags/example_dynamic_task_mapping.py
[2026-05-24T15:29:22.624+0000] {processor.py:830} INFO - Processing file /home/varn1t/ml-pipeline/venv/lib/python3.11/site-packages/airflow/example_dags/example_dynamic_task_mapping.py for tasks to queue
[2026-05-24T15:29:22.625+0000] {logging_mixin.py:188} INFO - [2026-05-24T15:29:22.624+0000] {dagbag.py:545} INFO - Filling up the DagBag from /home/varn1t/ml-pipeline/venv/lib/python3.11/site-packages/airflow/example_dags/example_dynamic_task_mapping.py
[2026-05-24T15:29:22.630+0000] {processor.py:840} INFO - DAG(s) 'example_dynamic_task_mapping' retrieved from /home/varn1t/ml-pipeline/venv/lib/python3.11/site-packages/airflow/example_dags/example_dynamic_task_mapping.py
[2026-05-24T15:29:22.641+0000] {logging_mixin.py:188} INFO - [2026-05-24T15:29:22.641+0000] {dag.py:3096} INFO - Sync 1 DAGs
[2026-05-24T15:29:22.652+0000] {logging_mixin.py:188} INFO - [2026-05-24T15:29:22.652+0000] {dag.py:3954} INFO - Setting next_dagrun for example_dynamic_task_mapping to 2022-03-04 00:00:00+00:00, run_after=2022-03-05 00:00:00+00:00
[2026-05-24T15:29:22.666+0000] {processor.py:183} INFO - Processing /home/varn1t/ml-pipeline/venv/lib/python3.11/site-packages/airflow/example_dags/example_dynamic_task_mapping.py took 0.049 seconds
[2026-05-24T15:30:15.622+0000] {processor.py:161} INFO - Started process (PID=44152) to work on /home/varn1t/ml-pipeline/venv/lib/python3.11/site-packages/airflow/example_dags/example_dynamic_task_mapping.py
[2026-05-24T15:30:15.623+0000] {processor.py:830} INFO - Processing file /home/varn1t/ml-pipeline/venv/lib/python3.11/site-packages/airflow/example_dags/example_dynamic_task_mapping.py for tasks to queue
[2026-05-24T15:30:15.624+0000] {logging_mixin.py:188} INFO - [2026-05-24T15:30:15.623+0000] {dagbag.py:545} INFO - Filling up the DagBag from /home/varn1t/ml-pipeline/venv/lib/python3.11/site-packages/airflow/example_dags/example_dynamic_task_mapping.py
[2026-05-24T15:30:15.630+0000] {processor.py:840} INFO - DAG(s) 'example_dynamic_task_mapping' retrieved from /home/varn1t/ml-pipeline/venv/lib/python3.11/site-packages/airflow/example_dags/example_dynamic_task_mapping.py
[2026-05-24T15:30:15.642+0000] {logging_mixin.py:188} INFO - [2026-05-24T15:30:15.642+0000] {dag.py:3096} INFO - Sync 1 DAGs
[2026-05-24T15:30:15.656+0000] {logging_mixin.py:188} INFO - [2026-05-24T15:30:15.656+0000] {dag.py:3954} INFO - Setting next_dagrun for example_dynamic_task_mapping to 2022-03-04 00:00:00+00:00, run_after=2022-03-05 00:00:00+00:00
[2026-05-24T15:30:15.674+0000] {processor.py:183} INFO - Processing /home/varn1t/ml-pipeline/venv/lib/python3.11/site-packages/airflow/example_dags/example_dynamic_task_mapping.py took 0.059 seconds
[2026-05-24T15:31:06.557+0000] {processor.py:161} INFO - Started process (PID=44826) to work on /home/varn1t/ml-pipeline/venv/lib/python3.11/site-packages/airflow/example_dags/example_dynamic_task_mapping.py
[2026-05-24T15:31:06.558+0000] {processor.py:830} INFO - Processing file /home/varn1t/ml-pipeline/venv/lib/python3.11/site-packages/airflow/example_dags/example_dynamic_task_mapping.py for tasks to queue
[2026-05-24T15:31:06.559+0000] {logging_mixin.py:188} INFO - [2026-05-24T15:31:06.559+0000] {dagbag.py:545} INFO - Filling up the DagBag from /home/varn1t/ml-pipeline/venv/lib/python3.11/site-packages/airflow/example_dags/example_dynamic_task_mapping.py
[2026-05-24T15:31:06.564+0000] {processor.py:840} INFO - DAG(s) 'example_dynamic_task_mapping' retrieved from /home/varn1t/ml-pipeline/venv/lib/python3.11/site-packages/airflow/example_dags/example_dynamic_task_mapping.py
[2026-05-24T15:31:06.573+0000] {logging_mixin.py:188} INFO - [2026-05-24T15:31:06.573+0000] {dag.py:3096} INFO - Sync 1 DAGs
[2026-05-24T15:31:06.586+0000] {logging_mixin.py:188} INFO - [2026-05-24T15:31:06.586+0000] {dag.py:3954} INFO - Setting next_dagrun for example_dynamic_task_mapping to 2022-03-04 00:00:00+00:00, run_after=2022-03-05 00:00:00+00:00
[2026-05-24T15:31:06.601+0000] {processor.py:183} INFO - Processing /home/varn1t/ml-pipeline/venv/lib/python3.11/site-packages/airflow/example_dags/example_dynamic_task_mapping.py took 0.049 seconds
[2026-05-24T15:31:49.404+0000] {processor.py:161} INFO - Started process (PID=45300) to work on /home/varn1t/ml-pipeline/venv/lib/python3.11/site-packages/airflow/example_dags/example_dynamic_task_mapping.py
[2026-05-24T15:31:49.406+0000] {processor.py:830} INFO - Processing file /home/varn1t/ml-pipeline/venv/lib/python3.11/site-packages/airflow/example_dags/example_dynamic_task_mapping.py for tasks to queue
[2026-05-24T15:31:49.406+0000] {logging_mixin.py:188} INFO - [2026-05-24T15:31:49.406+0000] {dagbag.py:545} INFO - Filling up the DagBag from /home/varn1t/ml-pipeline/venv/lib/python3.11/site-packages/airflow/example_dags/example_dynamic_task_mapping.py
[2026-05-24T15:31:49.413+0000] {processor.py:840} INFO - DAG(s) 'example_dynamic_task_mapping' retrieved from /home/varn1t/ml-pipeline/venv/lib/python3.11/site-packages/airflow/example_dags/example_dynamic_task_mapping.py
[2026-05-24T15:31:49.424+0000] {logging_mixin.py:188} INFO - [2026-05-24T15:31:49.424+0000] {dag.py:3096} INFO - Sync 1 DAGs
[2026-05-24T15:31:49.437+0000] {logging_mixin.py:188} INFO - [2026-05-24T15:31:49.437+0000] {dag.py:3954} INFO - Setting next_dagrun for example_dynamic_task_mapping to 2022-03-04 00:00:00+00:00, run_after=2022-03-05 00:00:00+00:00
[2026-05-24T15:31:49.452+0000] {processor.py:183} INFO - Processing /home/varn1t/ml-pipeline/venv/lib/python3.11/site-packages/airflow/example_dags/example_dynamic_task_mapping.py took 0.055 seconds
[2026-05-24T15:32:30.514+0000] {processor.py:161} INFO - Started process (PID=45648) to work on /home/varn1t/ml-pipeline/venv/lib/python3.11/site-packages/airflow/example_dags/example_dynamic_task_mapping.py
[2026-05-24T15:32:30.515+0000] {processor.py:830} INFO - Processing file /home/varn1t/ml-pipeline/venv/lib/python3.11/site-packages/airflow/example_dags/example_dynamic_task_mapping.py for tasks to queue
[2026-05-24T15:32:30.515+0000] {logging_mixin.py:188} INFO - [2026-05-24T15:32:30.515+0000] {dagbag.py:545} INFO - Filling up the DagBag from /home/varn1t/ml-pipeline/venv/lib/python3.11/site-packages/airflow/example_dags/example_dynamic_task_mapping.py
[2026-05-24T15:32:30.523+0000] {processor.py:840} INFO - DAG(s) 'example_dynamic_task_mapping' retrieved from /home/varn1t/ml-pipeline/venv/lib/python3.11/site-packages/airflow/example_dags/example_dynamic_task_mapping.py
[2026-05-24T15:32:30.535+0000] {logging_mixin.py:188} INFO - [2026-05-24T15:32:30.534+0000] {dag.py:3096} INFO - Sync 1 DAGs
[2026-05-24T15:32:30.548+0000] {logging_mixin.py:188} INFO - [2026-05-24T15:32:30.548+0000] {dag.py:3954} INFO - Setting next_dagrun for example_dynamic_task_mapping to 2022-03-04 00:00:00+00:00, run_after=2022-03-05 00:00:00+00:00
[2026-05-24T15:32:30.565+0000] {processor.py:183} INFO - Processing /home/varn1t/ml-pipeline/venv/lib/python3.11/site-packages/airflow/example_dags/example_dynamic_task_mapping.py took 0.058 seconds
[2026-05-24T15:33:17.409+0000] {processor.py:161} INFO - Started process (PID=45851) to work on /home/varn1t/ml-pipeline/venv/lib/python3.11/site-packages/airflow/example_dags/example_dynamic_task_mapping.py
[2026-05-24T15:33:17.410+0000] {processor.py:830} INFO - Processing file /home/varn1t/ml-pipeline/venv/lib/python3.11/site-packages/airflow/example_dags/example_dynamic_task_mapping.py for tasks to queue
[2026-05-24T15:33:17.411+0000] {logging_mixin.py:188} INFO - [2026-05-24T15:33:17.411+0000] {dagbag.py:545} INFO - Filling up the DagBag from /home/varn1t/ml-pipeline/venv/lib/python3.11/site-packages/airflow/example_dags/example_dynamic_task_mapping.py
[2026-05-24T15:33:17.418+0000] {processor.py:840} INFO - DAG(s) 'example_dynamic_task_mapping' retrieved from /home/varn1t/ml-pipeline/venv/lib/python3.11/site-packages/airflow/example_dags/example_dynamic_task_mapping.py
[2026-05-24T15:33:17.433+0000] {logging_mixin.py:188} INFO - [2026-05-24T15:33:17.433+0000] {dag.py:3096} INFO - Sync 1 DAGs
[2026-05-24T15:33:17.446+0000] {logging_mixin.py:188} INFO - [2026-05-24T15:33:17.446+0000] {dag.py:3954} INFO - Setting next_dagrun for example_dynamic_task_mapping to 2022-03-04 00:00:00+00:00, run_after=2022-03-05 00:00:00+00:00
[2026-05-24T15:33:17.461+0000] {processor.py:183} INFO - Processing /home/varn1t/ml-pipeline/venv/lib/python3.11/site-packages/airflow/example_dags/example_dynamic_task_mapping.py took 0.059 seconds
[2026-05-24T15:34:01.766+0000] {processor.py:161} INFO - Started process (PID=46111) to work on /home/varn1t/ml-pipeline/venv/lib/python3.11/site-packages/airflow/example_dags/example_dynamic_task_mapping.py
[2026-05-24T15:34:01.767+0000] {processor.py:830} INFO - Processing file /home/varn1t/ml-pipeline/venv/lib/python3.11/site-packages/airflow/example_dags/example_dynamic_task_mapping.py for tasks to queue
[2026-05-24T15:34:01.768+0000] {logging_mixin.py:188} INFO - [2026-05-24T15:34:01.767+0000] {dagbag.py:545} INFO - Filling up the DagBag from /home/varn1t/ml-pipeline/venv/lib/python3.11/site-packages/airflow/example_dags/example_dynamic_task_mapping.py
[2026-05-24T15:34:01.775+0000] {processor.py:840} INFO - DAG(s) 'example_dynamic_task_mapping' retrieved from /home/varn1t/ml-pipeline/venv/lib/python3.11/site-packages/airflow/example_dags/example_dynamic_task_mapping.py
[2026-05-24T15:34:01.787+0000] {logging_mixin.py:188} INFO - [2026-05-24T15:34:01.787+0000] {dag.py:3096} INFO - Sync 1 DAGs
[2026-05-24T15:34:01.798+0000] {logging_mixin.py:188} INFO - [2026-05-24T15:34:01.798+0000] {dag.py:3954} INFO - Setting next_dagrun for example_dynamic_task_mapping to 2022-03-04 00:00:00+00:00, run_after=2022-03-05 00:00:00+00:00
[2026-05-24T15:34:01.813+0000] {processor.py:183} INFO - Processing /home/varn1t/ml-pipeline/venv/lib/python3.11/site-packages/airflow/example_dags/example_dynamic_task_mapping.py took 0.053 seconds
[2026-05-24T15:34:44.874+0000] {processor.py:161} INFO - Started process (PID=46298) to work on /home/varn1t/ml-pipeline/venv/lib/python3.11/site-packages/airflow/example_dags/example_dynamic_task_mapping.py
[2026-05-24T15:34:44.875+0000] {processor.py:830} INFO - Processing file /home/varn1t/ml-pipeline/venv/lib/python3.11/site-packages/airflow/example_dags/example_dynamic_task_mapping.py for tasks to queue
[2026-05-24T15:34:44.876+0000] {logging_mixin.py:188} INFO - [2026-05-24T15:34:44.876+0000] {dagbag.py:545} INFO - Filling up the DagBag from /home/varn1t/ml-pipeline/venv/lib/python3.11/site-packages/airflow/example_dags/example_dynamic_task_mapping.py
[2026-05-24T15:34:44.881+0000] {processor.py:840} INFO - DAG(s) 'example_dynamic_task_mapping' retrieved from /home/varn1t/ml-pipeline/venv/lib/python3.11/site-packages/airflow/example_dags/example_dynamic_task_mapping.py
[2026-05-24T15:34:44.891+0000] {logging_mixin.py:188} INFO - [2026-05-24T15:34:44.891+0000] {dag.py:3096} INFO - Sync 1 DAGs
[2026-05-24T15:34:44.903+0000] {logging_mixin.py:188} INFO - [2026-05-24T15:34:44.903+0000] {dag.py:3954} INFO - Setting next_dagrun for example_dynamic_task_mapping to 2022-03-04 00:00:00+00:00, run_after=2022-03-05 00:00:00+00:00
[2026-05-24T15:34:44.921+0000] {processor.py:183} INFO - Processing /home/varn1t/ml-pipeline/venv/lib/python3.11/site-packages/airflow/example_dags/example_dynamic_task_mapping.py took 0.052 seconds
[2026-05-24T15:41:43.647+0000] {processor.py:161} INFO - Started process (PID=2042) to work on /home/varn1t/ml-pipeline/venv/lib/python3.11/site-packages/airflow/example_dags/example_dynamic_task_mapping.py
[2026-05-24T15:41:43.660+0000] {processor.py:830} INFO - Processing file /home/varn1t/ml-pipeline/venv/lib/python3.11/site-packages/airflow/example_dags/example_dynamic_task_mapping.py for tasks to queue
[2026-05-24T15:41:43.665+0000] {logging_mixin.py:188} INFO - [2026-05-24T15:41:43.665+0000] {dagbag.py:545} INFO - Filling up the DagBag from /home/varn1t/ml-pipeline/venv/lib/python3.11/site-packages/airflow/example_dags/example_dynamic_task_mapping.py
[2026-05-24T15:41:43.711+0000] {processor.py:840} INFO - DAG(s) 'example_dynamic_task_mapping' retrieved from /home/varn1t/ml-pipeline/venv/lib/python3.11/site-packages/airflow/example_dags/example_dynamic_task_mapping.py
[2026-05-24T15:41:43.808+0000] {logging_mixin.py:188} INFO - [2026-05-24T15:41:43.808+0000] {dag.py:3096} INFO - Sync 1 DAGs
[2026-05-24T15:41:43.867+0000] {logging_mixin.py:188} INFO - [2026-05-24T15:41:43.867+0000] {dag.py:3954} INFO - Setting next_dagrun for example_dynamic_task_mapping to 2022-03-04 00:00:00+00:00, run_after=2022-03-05 00:00:00+00:00
[2026-05-24T15:41:44.009+0000] {processor.py:183} INFO - Processing /home/varn1t/ml-pipeline/venv/lib/python3.11/site-packages/airflow/example_dags/example_dynamic_task_mapping.py took 0.394 seconds
[2026-05-24T15:42:34.527+0000] {processor.py:161} INFO - Started process (PID=2561) to work on /home/varn1t/ml-pipeline/venv/lib/python3.11/site-packages/airflow/example_dags/example_dynamic_task_mapping.py
[2026-05-24T15:42:34.528+0000] {processor.py:830} INFO - Processing file /home/varn1t/ml-pipeline/venv/lib/python3.11/site-packages/airflow/example_dags/example_dynamic_task_mapping.py for tasks to queue
[2026-05-24T15:42:34.529+0000] {logging_mixin.py:188} INFO - [2026-05-24T15:42:34.529+0000] {dagbag.py:545} INFO - Filling up the DagBag from /home/varn1t/ml-pipeline/venv/lib/python3.11/site-packages/airflow/example_dags/example_dynamic_task_mapping.py
[2026-05-24T15:42:34.535+0000] {processor.py:840} INFO - DAG(s) 'example_dynamic_task_mapping' retrieved from /home/varn1t/ml-pipeline/venv/lib/python3.11/site-packages/airflow/example_dags/example_dynamic_task_mapping.py
[2026-05-24T15:42:34.549+0000] {logging_mixin.py:188} INFO - [2026-05-24T15:42:34.548+0000] {dag.py:3096} INFO - Sync 1 DAGs
[2026-05-24T15:42:34.561+0000] {logging_mixin.py:188} INFO - [2026-05-24T15:42:34.561+0000] {dag.py:3954} INFO - Setting next_dagrun for example_dynamic_task_mapping to 2022-03-04 00:00:00+00:00, run_after=2022-03-05 00:00:00+00:00
[2026-05-24T15:42:34.578+0000] {processor.py:183} INFO - Processing /home/varn1t/ml-pipeline/venv/lib/python3.11/site-packages/airflow/example_dags/example_dynamic_task_mapping.py took 0.055 seconds
[2026-05-24T15:43:29.449+0000] {processor.py:161} INFO - Started process (PID=2796) to work on /home/varn1t/ml-pipeline/venv/lib/python3.11/site-packages/airflow/example_dags/example_dynamic_task_mapping.py
[2026-05-24T15:43:29.450+0000] {processor.py:830} INFO - Processing file /home/varn1t/ml-pipeline/venv/lib/python3.11/site-packages/airflow/example_dags/example_dynamic_task_mapping.py for tasks to queue
[2026-05-24T15:43:29.451+0000] {logging_mixin.py:188} INFO - [2026-05-24T15:43:29.451+0000] {dagbag.py:545} INFO - Filling up the DagBag from /home/varn1t/ml-pipeline/venv/lib/python3.11/site-packages/airflow/example_dags/example_dynamic_task_mapping.py
[2026-05-24T15:43:29.455+0000] {processor.py:840} INFO - DAG(s) 'example_dynamic_task_mapping' retrieved from /home/varn1t/ml-pipeline/venv/lib/python3.11/site-packages/airflow/example_dags/example_dynamic_task_mapping.py
[2026-05-24T15:43:29.471+0000] {logging_mixin.py:188} INFO - [2026-05-24T15:43:29.471+0000] {dag.py:3096} INFO - Sync 1 DAGs
[2026-05-24T15:43:29.584+0000] {logging_mixin.py:188} INFO - [2026-05-24T15:43:29.584+0000] {dag.py:3954} INFO - Setting next_dagrun for example_dynamic_task_mapping to 2022-03-04 00:00:00+00:00, run_after=2022-03-05 00:00:00+00:00
[2026-05-24T15:43:29.599+0000] {processor.py:183} INFO - Processing /home/varn1t/ml-pipeline/venv/lib/python3.11/site-packages/airflow/example_dags/example_dynamic_task_mapping.py took 0.154 seconds
[2026-05-24T15:44:19.382+0000] {processor.py:161} INFO - Started process (PID=3080) to work on /home/varn1t/ml-pipeline/venv/lib/python3.11/site-packages/airflow/example_dags/example_dynamic_task_mapping.py
[2026-05-24T15:44:19.383+0000] {processor.py:830} INFO - Processing file /home/varn1t/ml-pipeline/venv/lib/python3.11/site-packages/airflow/example_dags/example_dynamic_task_mapping.py for tasks to queue
[2026-05-24T15:44:19.384+0000] {logging_mixin.py:188} INFO - [2026-05-24T15:44:19.384+0000] {dagbag.py:545} INFO - Filling up the DagBag from /home/varn1t/ml-pipeline/venv/lib/python3.11/site-packages/airflow/example_dags/example_dynamic_task_mapping.py
[2026-05-24T15:44:19.389+0000] {processor.py:840} INFO - DAG(s) 'example_dynamic_task_mapping' retrieved from /home/varn1t/ml-pipeline/venv/lib/python3.11/site-packages/airflow/example_dags/example_dynamic_task_mapping.py
[2026-05-24T15:44:19.399+0000] {logging_mixin.py:188} INFO - [2026-05-24T15:44:19.399+0000] {dag.py:3096} INFO - Sync 1 DAGs
[2026-05-24T15:44:19.411+0000] {logging_mixin.py:188} INFO - [2026-05-24T15:44:19.411+0000] {dag.py:3954} INFO - Setting next_dagrun for example_dynamic_task_mapping to 2022-03-04 00:00:00+00:00, run_after=2022-03-05 00:00:00+00:00
[2026-05-24T15:44:19.430+0000] {processor.py:183} INFO - Processing /home/varn1t/ml-pipeline/venv/lib/python3.11/site-packages/airflow/example_dags/example_dynamic_task_mapping.py took 0.051 seconds
[2026-05-24T15:44:59.602+0000] {processor.py:161} INFO - Started process (PID=3355) to work on /home/varn1t/ml-pipeline/venv/lib/python3.11/site-packages/airflow/example_dags/example_dynamic_task_mapping.py
[2026-05-24T15:44:59.603+0000] {processor.py:830} INFO - Processing file /home/varn1t/ml-pipeline/venv/lib/python3.11/site-packages/airflow/example_dags/example_dynamic_task_mapping.py for tasks to queue
[2026-05-24T15:44:59.604+0000] {logging_mixin.py:188} INFO - [2026-05-24T15:44:59.604+0000] {dagbag.py:545} INFO - Filling up the DagBag from /home/varn1t/ml-pipeline/venv/lib/python3.11/site-packages/airflow/example_dags/example_dynamic_task_mapping.py
[2026-05-24T15:44:59.610+0000] {processor.py:840} INFO - DAG(s) 'example_dynamic_task_mapping' retrieved from /home/varn1t/ml-pipeline/venv/lib/python3.11/site-packages/airflow/example_dags/example_dynamic_task_mapping.py
[2026-05-24T15:44:59.622+0000] {logging_mixin.py:188} INFO - [2026-05-24T15:44:59.622+0000] {dag.py:3096} INFO - Sync 1 DAGs
[2026-05-24T15:44:59.636+0000] {logging_mixin.py:188} INFO - [2026-05-24T15:44:59.636+0000] {dag.py:3954} INFO - Setting next_dagrun for example_dynamic_task_mapping to 2022-03-04 00:00:00+00:00, run_after=2022-03-05 00:00:00+00:00
[2026-05-24T15:44:59.655+0000] {processor.py:183} INFO - Processing /home/varn1t/ml-pipeline/venv/lib/python3.11/site-packages/airflow/example_dags/example_dynamic_task_mapping.py took 0.058 seconds
[2026-05-24T15:45:49.130+0000] {processor.py:161} INFO - Started process (PID=3776) to work on /home/varn1t/ml-pipeline/venv/lib/python3.11/site-packages/airflow/example_dags/example_dynamic_task_mapping.py
[2026-05-24T15:45:49.132+0000] {processor.py:830} INFO - Processing file /home/varn1t/ml-pipeline/venv/lib/python3.11/site-packages/airflow/example_dags/example_dynamic_task_mapping.py for tasks to queue
[2026-05-24T15:45:49.133+0000] {logging_mixin.py:188} INFO - [2026-05-24T15:45:49.133+0000] {dagbag.py:545} INFO - Filling up the DagBag from /home/varn1t/ml-pipeline/venv/lib/python3.11/site-packages/airflow/example_dags/example_dynamic_task_mapping.py
[2026-05-24T15:45:49.141+0000] {processor.py:840} INFO - DAG(s) 'example_dynamic_task_mapping' retrieved from /home/varn1t/ml-pipeline/venv/lib/python3.11/site-packages/airflow/example_dags/example_dynamic_task_mapping.py
[2026-05-24T15:45:49.170+0000] {logging_mixin.py:188} INFO - [2026-05-24T15:45:49.169+0000] {dag.py:3096} INFO - Sync 1 DAGs
[2026-05-24T15:45:49.182+0000] {logging_mixin.py:188} INFO - [2026-05-24T15:45:49.182+0000] {dag.py:3954} INFO - Setting next_dagrun for example_dynamic_task_mapping to 2022-03-04 00:00:00+00:00, run_after=2022-03-05 00:00:00+00:00
[2026-05-24T15:45:49.199+0000] {processor.py:183} INFO - Processing /home/varn1t/ml-pipeline/venv/lib/python3.11/site-packages/airflow/example_dags/example_dynamic_task_mapping.py took 0.075 seconds
[2026-05-24T15:46:46.035+0000] {processor.py:161} INFO - Started process (PID=4247) to work on /home/varn1t/ml-pipeline/venv/lib/python3.11/site-packages/airflow/example_dags/example_dynamic_task_mapping.py
[2026-05-24T15:46:46.036+0000] {processor.py:830} INFO - Processing file /home/varn1t/ml-pipeline/venv/lib/python3.11/site-packages/airflow/example_dags/example_dynamic_task_mapping.py for tasks to queue
[2026-05-24T15:46:46.038+0000] {logging_mixin.py:188} INFO - [2026-05-24T15:46:46.038+0000] {dagbag.py:545} INFO - Filling up the DagBag from /home/varn1t/ml-pipeline/venv/lib/python3.11/site-packages/airflow/example_dags/example_dynamic_task_mapping.py
[2026-05-24T15:46:46.050+0000] {processor.py:840} INFO - DAG(s) 'example_dynamic_task_mapping' retrieved from /home/varn1t/ml-pipeline/venv/lib/python3.11/site-packages/airflow/example_dags/example_dynamic_task_mapping.py
[2026-05-24T15:46:46.076+0000] {logging_mixin.py:188} INFO - [2026-05-24T15:46:46.076+0000] {dag.py:3096} INFO - Sync 1 DAGs
[2026-05-24T15:46:46.094+0000] {logging_mixin.py:188} INFO - [2026-05-24T15:46:46.094+0000] {dag.py:3954} INFO - Setting next_dagrun for example_dynamic_task_mapping to 2022-03-04 00:00:00+00:00, run_after=2022-03-05 00:00:00+00:00
[2026-05-24T15:46:46.130+0000] {processor.py:183} INFO - Processing /home/varn1t/ml-pipeline/venv/lib/python3.11/site-packages/airflow/example_dags/example_dynamic_task_mapping.py took 0.101 seconds
[2026-05-24T15:47:38.380+0000] {processor.py:161} INFO - Started process (PID=4662) to work on /home/varn1t/ml-pipeline/venv/lib/python3.11/site-packages/airflow/example_dags/example_dynamic_task_mapping.py
[2026-05-24T15:47:38.381+0000] {processor.py:830} INFO - Processing file /home/varn1t/ml-pipeline/venv/lib/python3.11/site-packages/airflow/example_dags/example_dynamic_task_mapping.py for tasks to queue
[2026-05-24T15:47:38.383+0000] {logging_mixin.py:188} INFO - [2026-05-24T15:47:38.383+0000] {dagbag.py:545} INFO - Filling up the DagBag from /home/varn1t/ml-pipeline/venv/lib/python3.11/site-packages/airflow/example_dags/example_dynamic_task_mapping.py
[2026-05-24T15:47:38.389+0000] {processor.py:840} INFO - DAG(s) 'example_dynamic_task_mapping' retrieved from /home/varn1t/ml-pipeline/venv/lib/python3.11/site-packages/airflow/example_dags/example_dynamic_task_mapping.py
[2026-05-24T15:47:38.402+0000] {logging_mixin.py:188} INFO - [2026-05-24T15:47:38.402+0000] {dag.py:3096} INFO - Sync 1 DAGs
[2026-05-24T15:47:38.419+0000] {logging_mixin.py:188} INFO - [2026-05-24T15:47:38.419+0000] {dag.py:3954} INFO - Setting next_dagrun for example_dynamic_task_mapping to 2022-03-04 00:00:00+00:00, run_after=2022-03-05 00:00:00+00:00
[2026-05-24T15:47:38.445+0000] {processor.py:183} INFO - Processing /home/varn1t/ml-pipeline/venv/lib/python3.11/site-packages/airflow/example_dags/example_dynamic_task_mapping.py took 0.069 seconds
[2026-05-24T15:48:28.503+0000] {processor.py:161} INFO - Started process (PID=5054) to work on /home/varn1t/ml-pipeline/venv/lib/python3.11/site-packages/airflow/example_dags/example_dynamic_task_mapping.py
[2026-05-24T15:48:28.504+0000] {processor.py:830} INFO - Processing file /home/varn1t/ml-pipeline/venv/lib/python3.11/site-packages/airflow/example_dags/example_dynamic_task_mapping.py for tasks to queue
[2026-05-24T15:48:28.509+0000] {logging_mixin.py:188} INFO - [2026-05-24T15:48:28.508+0000] {dagbag.py:545} INFO - Filling up the DagBag from /home/varn1t/ml-pipeline/venv/lib/python3.11/site-packages/airflow/example_dags/example_dynamic_task_mapping.py
[2026-05-24T15:48:28.522+0000] {processor.py:840} INFO - DAG(s) 'example_dynamic_task_mapping' retrieved from /home/varn1t/ml-pipeline/venv/lib/python3.11/site-packages/airflow/example_dags/example_dynamic_task_mapping.py
[2026-05-24T15:48:28.545+0000] {logging_mixin.py:188} INFO - [2026-05-24T15:48:28.544+0000] {dag.py:3096} INFO - Sync 1 DAGs
[2026-05-24T15:48:28.574+0000] {logging_mixin.py:188} INFO - [2026-05-24T15:48:28.573+0000] {dag.py:3954} INFO - Setting next_dagrun for example_dynamic_task_mapping to 2022-03-04 00:00:00+00:00, run_after=2022-03-05 00:00:00+00:00
[2026-05-24T15:48:28.599+0000] {processor.py:183} INFO - Processing /home/varn1t/ml-pipeline/venv/lib/python3.11/site-packages/airflow/example_dags/example_dynamic_task_mapping.py took 0.102 seconds
[2026-05-24T15:49:15.328+0000] {processor.py:161} INFO - Started process (PID=5456) to work on /home/varn1t/ml-pipeline/venv/lib/python3.11/site-packages/airflow/example_dags/example_dynamic_task_mapping.py
[2026-05-24T15:49:15.329+0000] {processor.py:830} INFO - Processing file /home/varn1t/ml-pipeline/venv/lib/python3.11/site-packages/airflow/example_dags/example_dynamic_task_mapping.py for tasks to queue
[2026-05-24T15:49:15.330+0000] {logging_mixin.py:188} INFO - [2026-05-24T15:49:15.330+0000] {dagbag.py:545} INFO - Filling up the DagBag from /home/varn1t/ml-pipeline/venv/lib/python3.11/site-packages/airflow/example_dags/example_dynamic_task_mapping.py
[2026-05-24T15:49:15.335+0000] {processor.py:840} INFO - DAG(s) 'example_dynamic_task_mapping' retrieved from /home/varn1t/ml-pipeline/venv/lib/python3.11/site-packages/airflow/example_dags/example_dynamic_task_mapping.py
[2026-05-24T15:49:15.345+0000] {logging_mixin.py:188} INFO - [2026-05-24T15:49:15.345+0000] {dag.py:3096} INFO - Sync 1 DAGs
[2026-05-24T15:49:15.355+0000] {logging_mixin.py:188} INFO - [2026-05-24T15:49:15.355+0000] {dag.py:3954} INFO - Setting next_dagrun for example_dynamic_task_mapping to 2022-03-04 00:00:00+00:00, run_after=2022-03-05 00:00:00+00:00
[2026-05-24T15:49:15.371+0000] {processor.py:183} INFO - Processing /home/varn1t/ml-pipeline/venv/lib/python3.11/site-packages/airflow/example_dags/example_dynamic_task_mapping.py took 0.047 seconds
[2026-05-24T15:49:59.361+0000] {processor.py:161} INFO - Started process (PID=5820) to work on /home/varn1t/ml-pipeline/venv/lib/python3.11/site-packages/airflow/example_dags/example_dynamic_task_mapping.py
[2026-05-24T15:49:59.362+0000] {processor.py:830} INFO - Processing file /home/varn1t/ml-pipeline/venv/lib/python3.11/site-packages/airflow/example_dags/example_dynamic_task_mapping.py for tasks to queue
[2026-05-24T15:49:59.364+0000] {logging_mixin.py:188} INFO - [2026-05-24T15:49:59.364+0000] {dagbag.py:545} INFO - Filling up the DagBag from /home/varn1t/ml-pipeline/venv/lib/python3.11/site-packages/airflow/example_dags/example_dynamic_task_mapping.py
[2026-05-24T15:49:59.371+0000] {processor.py:840} INFO - DAG(s) 'example_dynamic_task_mapping' retrieved from /home/varn1t/ml-pipeline/venv/lib/python3.11/site-packages/airflow/example_dags/example_dynamic_task_mapping.py
[2026-05-24T15:49:59.390+0000] {logging_mixin.py:188} INFO - [2026-05-24T15:49:59.389+0000] {dag.py:3096} INFO - Sync 1 DAGs
[2026-05-24T15:49:59.406+0000] {logging_mixin.py:188} INFO - [2026-05-24T15:49:59.406+0000] {dag.py:3954} INFO - Setting next_dagrun for example_dynamic_task_mapping to 2022-03-04 00:00:00+00:00, run_after=2022-03-05 00:00:00+00:00
[2026-05-24T15:49:59.429+0000] {processor.py:183} INFO - Processing /home/varn1t/ml-pipeline/venv/lib/python3.11/site-packages/airflow/example_dags/example_dynamic_task_mapping.py took 0.074 seconds
[2026-05-24T15:50:40.176+0000] {processor.py:161} INFO - Started process (PID=6120) to work on /home/varn1t/ml-pipeline/venv/lib/python3.11/site-packages/airflow/example_dags/example_dynamic_task_mapping.py
[2026-05-24T15:50:40.177+0000] {processor.py:830} INFO - Processing file /home/varn1t/ml-pipeline/venv/lib/python3.11/site-packages/airflow/example_dags/example_dynamic_task_mapping.py for tasks to queue
[2026-05-24T15:50:40.179+0000] {logging_mixin.py:188} INFO - [2026-05-24T15:50:40.178+0000] {dagbag.py:545} INFO - Filling up the DagBag from /home/varn1t/ml-pipeline/venv/lib/python3.11/site-packages/airflow/example_dags/example_dynamic_task_mapping.py
[2026-05-24T15:50:40.185+0000] {processor.py:840} INFO - DAG(s) 'example_dynamic_task_mapping' retrieved from /home/varn1t/ml-pipeline/venv/lib/python3.11/site-packages/airflow/example_dags/example_dynamic_task_mapping.py
[2026-05-24T15:50:40.197+0000] {logging_mixin.py:188} INFO - [2026-05-24T15:50:40.197+0000] {dag.py:3096} INFO - Sync 1 DAGs
[2026-05-24T15:50:40.211+0000] {logging_mixin.py:188} INFO - [2026-05-24T15:50:40.211+0000] {dag.py:3954} INFO - Setting next_dagrun for example_dynamic_task_mapping to 2022-03-04 00:00:00+00:00, run_after=2022-03-05 00:00:00+00:00
[2026-05-24T15:50:40.229+0000] {processor.py:183} INFO - Processing /home/varn1t/ml-pipeline/venv/lib/python3.11/site-packages/airflow/example_dags/example_dynamic_task_mapping.py took 0.057 seconds
[2026-05-24T15:51:25.211+0000] {processor.py:161} INFO - Started process (PID=6577) to work on /home/varn1t/ml-pipeline/venv/lib/python3.11/site-packages/airflow/example_dags/example_dynamic_task_mapping.py
[2026-05-24T15:51:25.212+0000] {processor.py:830} INFO - Processing file /home/varn1t/ml-pipeline/venv/lib/python3.11/site-packages/airflow/example_dags/example_dynamic_task_mapping.py for tasks to queue
[2026-05-24T15:51:25.213+0000] {logging_mixin.py:188} INFO - [2026-05-24T15:51:25.213+0000] {dagbag.py:545} INFO - Filling up the DagBag from /home/varn1t/ml-pipeline/venv/lib/python3.11/site-packages/airflow/example_dags/example_dynamic_task_mapping.py
[2026-05-24T15:51:25.219+0000] {processor.py:840} INFO - DAG(s) 'example_dynamic_task_mapping' retrieved from /home/varn1t/ml-pipeline/venv/lib/python3.11/site-packages/airflow/example_dags/example_dynamic_task_mapping.py
[2026-05-24T15:51:25.231+0000] {logging_mixin.py:188} INFO - [2026-05-24T15:51:25.231+0000] {dag.py:3096} INFO - Sync 1 DAGs
[2026-05-24T15:51:25.247+0000] {logging_mixin.py:188} INFO - [2026-05-24T15:51:25.247+0000] {dag.py:3954} INFO - Setting next_dagrun for example_dynamic_task_mapping to 2022-03-04 00:00:00+00:00, run_after=2022-03-05 00:00:00+00:00
[2026-05-24T15:51:25.266+0000] {processor.py:183} INFO - Processing /home/varn1t/ml-pipeline/venv/lib/python3.11/site-packages/airflow/example_dags/example_dynamic_task_mapping.py took 0.059 seconds
[2026-05-24T15:52:10.744+0000] {processor.py:161} INFO - Started process (PID=6977) to work on /home/varn1t/ml-pipeline/venv/lib/python3.11/site-packages/airflow/example_dags/example_dynamic_task_mapping.py
[2026-05-24T15:52:10.746+0000] {processor.py:830} INFO - Processing file /home/varn1t/ml-pipeline/venv/lib/python3.11/site-packages/airflow/example_dags/example_dynamic_task_mapping.py for tasks to queue
[2026-05-24T15:52:10.749+0000] {logging_mixin.py:188} INFO - [2026-05-24T15:52:10.749+0000] {dagbag.py:545} INFO - Filling up the DagBag from /home/varn1t/ml-pipeline/venv/lib/python3.11/site-packages/airflow/example_dags/example_dynamic_task_mapping.py
[2026-05-24T15:52:10.760+0000] {processor.py:840} INFO - DAG(s) 'example_dynamic_task_mapping' retrieved from /home/varn1t/ml-pipeline/venv/lib/python3.11/site-packages/airflow/example_dags/example_dynamic_task_mapping.py
[2026-05-24T15:52:10.788+0000] {logging_mixin.py:188} INFO - [2026-05-24T15:52:10.788+0000] {dag.py:3096} INFO - Sync 1 DAGs
[2026-05-24T15:52:10.821+0000] {logging_mixin.py:188} INFO - [2026-05-24T15:52:10.821+0000] {dag.py:3954} INFO - Setting next_dagrun for example_dynamic_task_mapping to 2022-03-04 00:00:00+00:00, run_after=2022-03-05 00:00:00+00:00
[2026-05-24T15:52:10.865+0000] {processor.py:183} INFO - Processing /home/varn1t/ml-pipeline/venv/lib/python3.11/site-packages/airflow/example_dags/example_dynamic_task_mapping.py took 0.130 seconds
[2026-05-24T15:52:56.141+0000] {processor.py:161} INFO - Started process (PID=7227) to work on /home/varn1t/ml-pipeline/venv/lib/python3.11/site-packages/airflow/example_dags/example_dynamic_task_mapping.py
[2026-05-24T15:52:56.161+0000] {processor.py:830} INFO - Processing file /home/varn1t/ml-pipeline/venv/lib/python3.11/site-packages/airflow/example_dags/example_dynamic_task_mapping.py for tasks to queue
[2026-05-24T15:52:56.168+0000] {logging_mixin.py:188} INFO - [2026-05-24T15:52:56.167+0000] {dagbag.py:545} INFO - Filling up the DagBag from /home/varn1t/ml-pipeline/venv/lib/python3.11/site-packages/airflow/example_dags/example_dynamic_task_mapping.py
[2026-05-24T15:52:56.200+0000] {processor.py:840} INFO - DAG(s) 'example_dynamic_task_mapping' retrieved from /home/varn1t/ml-pipeline/venv/lib/python3.11/site-packages/airflow/example_dags/example_dynamic_task_mapping.py
[2026-05-24T15:52:56.250+0000] {logging_mixin.py:188} INFO - [2026-05-24T15:52:56.249+0000] {dag.py:3096} INFO - Sync 1 DAGs
[2026-05-24T15:52:56.301+0000] {logging_mixin.py:188} INFO - [2026-05-24T15:52:56.300+0000] {dag.py:3954} INFO - Setting next_dagrun for example_dynamic_task_mapping to 2022-03-04 00:00:00+00:00, run_after=2022-03-05 00:00:00+00:00
[2026-05-24T15:52:56.342+0000] {processor.py:183} INFO - Processing /home/varn1t/ml-pipeline/venv/lib/python3.11/site-packages/airflow/example_dags/example_dynamic_task_mapping.py took 0.221 seconds
[2026-05-24T15:53:43.906+0000] {processor.py:161} INFO - Started process (PID=7783) to work on /home/varn1t/ml-pipeline/venv/lib/python3.11/site-packages/airflow/example_dags/example_dynamic_task_mapping.py
[2026-05-24T15:53:43.907+0000] {processor.py:830} INFO - Processing file /home/varn1t/ml-pipeline/venv/lib/python3.11/site-packages/airflow/example_dags/example_dynamic_task_mapping.py for tasks to queue
[2026-05-24T15:53:43.909+0000] {logging_mixin.py:188} INFO - [2026-05-24T15:53:43.908+0000] {dagbag.py:545} INFO - Filling up the DagBag from /home/varn1t/ml-pipeline/venv/lib/python3.11/site-packages/airflow/example_dags/example_dynamic_task_mapping.py
[2026-05-24T15:53:43.915+0000] {processor.py:840} INFO - DAG(s) 'example_dynamic_task_mapping' retrieved from /home/varn1t/ml-pipeline/venv/lib/python3.11/site-packages/airflow/example_dags/example_dynamic_task_mapping.py
[2026-05-24T15:53:43.928+0000] {logging_mixin.py:188} INFO - [2026-05-24T15:53:43.928+0000] {dag.py:3096} INFO - Sync 1 DAGs
[2026-05-24T15:53:43.941+0000] {logging_mixin.py:188} INFO - [2026-05-24T15:53:43.941+0000] {dag.py:3954} INFO - Setting next_dagrun for example_dynamic_task_mapping to 2022-03-04 00:00:00+00:00, run_after=2022-03-05 00:00:00+00:00
[2026-05-24T15:53:43.958+0000] {processor.py:183} INFO - Processing /home/varn1t/ml-pipeline/venv/lib/python3.11/site-packages/airflow/example_dags/example_dynamic_task_mapping.py took 0.056 seconds
[2026-05-24T15:54:30.550+0000] {processor.py:161} INFO - Started process (PID=8153) to work on /home/varn1t/ml-pipeline/venv/lib/python3.11/site-packages/airflow/example_dags/example_dynamic_task_mapping.py
[2026-05-24T15:54:30.551+0000] {processor.py:830} INFO - Processing file /home/varn1t/ml-pipeline/venv/lib/python3.11/site-packages/airflow/example_dags/example_dynamic_task_mapping.py for tasks to queue
[2026-05-24T15:54:30.553+0000] {logging_mixin.py:188} INFO - [2026-05-24T15:54:30.552+0000] {dagbag.py:545} INFO - Filling up the DagBag from /home/varn1t/ml-pipeline/venv/lib/python3.11/site-packages/airflow/example_dags/example_dynamic_task_mapping.py
[2026-05-24T15:54:30.558+0000] {processor.py:840} INFO - DAG(s) 'example_dynamic_task_mapping' retrieved from /home/varn1t/ml-pipeline/venv/lib/python3.11/site-packages/airflow/example_dags/example_dynamic_task_mapping.py
[2026-05-24T15:54:30.568+0000] {logging_mixin.py:188} INFO - [2026-05-24T15:54:30.568+0000] {dag.py:3096} INFO - Sync 1 DAGs
[2026-05-24T15:54:30.579+0000] {logging_mixin.py:188} INFO - [2026-05-24T15:54:30.579+0000] {dag.py:3954} INFO - Setting next_dagrun for example_dynamic_task_mapping to 2022-03-04 00:00:00+00:00, run_after=2022-03-05 00:00:00+00:00
[2026-05-24T15:54:30.596+0000] {processor.py:183} INFO - Processing /home/varn1t/ml-pipeline/venv/lib/python3.11/site-packages/airflow/example_dags/example_dynamic_task_mapping.py took 0.050 seconds
[2026-05-24T15:55:13.901+0000] {processor.py:161} INFO - Started process (PID=8715) to work on /home/varn1t/ml-pipeline/venv/lib/python3.11/site-packages/airflow/example_dags/example_dynamic_task_mapping.py
[2026-05-24T15:55:13.902+0000] {processor.py:830} INFO - Processing file /home/varn1t/ml-pipeline/venv/lib/python3.11/site-packages/airflow/example_dags/example_dynamic_task_mapping.py for tasks to queue
[2026-05-24T15:55:13.904+0000] {logging_mixin.py:188} INFO - [2026-05-24T15:55:13.903+0000] {dagbag.py:545} INFO - Filling up the DagBag from /home/varn1t/ml-pipeline/venv/lib/python3.11/site-packages/airflow/example_dags/example_dynamic_task_mapping.py
[2026-05-24T15:55:13.909+0000] {processor.py:840} INFO - DAG(s) 'example_dynamic_task_mapping' retrieved from /home/varn1t/ml-pipeline/venv/lib/python3.11/site-packages/airflow/example_dags/example_dynamic_task_mapping.py
[2026-05-24T15:55:13.925+0000] {logging_mixin.py:188} INFO - [2026-05-24T15:55:13.925+0000] {dag.py:3096} INFO - Sync 1 DAGs
[2026-05-24T15:55:13.943+0000] {logging_mixin.py:188} INFO - [2026-05-24T15:55:13.942+0000] {dag.py:3954} INFO - Setting next_dagrun for example_dynamic_task_mapping to 2022-03-04 00:00:00+00:00, run_after=2022-03-05 00:00:00+00:00
[2026-05-24T15:55:13.961+0000] {processor.py:183} INFO - Processing /home/varn1t/ml-pipeline/venv/lib/python3.11/site-packages/airflow/example_dags/example_dynamic_task_mapping.py took 0.066 seconds
[2026-05-24T15:55:56.812+0000] {processor.py:161} INFO - Started process (PID=8977) to work on /home/varn1t/ml-pipeline/venv/lib/python3.11/site-packages/airflow/example_dags/example_dynamic_task_mapping.py
[2026-05-24T15:55:56.813+0000] {processor.py:830} INFO - Processing file /home/varn1t/ml-pipeline/venv/lib/python3.11/site-packages/airflow/example_dags/example_dynamic_task_mapping.py for tasks to queue
[2026-05-24T15:55:56.814+0000] {logging_mixin.py:188} INFO - [2026-05-24T15:55:56.814+0000] {dagbag.py:545} INFO - Filling up the DagBag from /home/varn1t/ml-pipeline/venv/lib/python3.11/site-packages/airflow/example_dags/example_dynamic_task_mapping.py
[2026-05-24T15:55:56.820+0000] {processor.py:840} INFO - DAG(s) 'example_dynamic_task_mapping' retrieved from /home/varn1t/ml-pipeline/venv/lib/python3.11/site-packages/airflow/example_dags/example_dynamic_task_mapping.py
[2026-05-24T15:55:56.834+0000] {logging_mixin.py:188} INFO - [2026-05-24T15:55:56.834+0000] {dag.py:3096} INFO - Sync 1 DAGs
[2026-05-24T15:55:56.849+0000] {logging_mixin.py:188} INFO - [2026-05-24T15:55:56.849+0000] {dag.py:3954} INFO - Setting next_dagrun for example_dynamic_task_mapping to 2022-03-04 00:00:00+00:00, run_after=2022-03-05 00:00:00+00:00
[2026-05-24T15:55:56.877+0000] {processor.py:183} INFO - Processing /home/varn1t/ml-pipeline/venv/lib/python3.11/site-packages/airflow/example_dags/example_dynamic_task_mapping.py took 0.071 seconds
[2026-05-24T15:56:42.802+0000] {processor.py:161} INFO - Started process (PID=9768) to work on /home/varn1t/ml-pipeline/venv/lib/python3.11/site-packages/airflow/example_dags/example_dynamic_task_mapping.py
[2026-05-24T15:56:42.803+0000] {processor.py:830} INFO - Processing file /home/varn1t/ml-pipeline/venv/lib/python3.11/site-packages/airflow/example_dags/example_dynamic_task_mapping.py for tasks to queue
[2026-05-24T15:56:42.804+0000] {logging_mixin.py:188} INFO - [2026-05-24T15:56:42.803+0000] {dagbag.py:545} INFO - Filling up the DagBag from /home/varn1t/ml-pipeline/venv/lib/python3.11/site-packages/airflow/example_dags/example_dynamic_task_mapping.py
[2026-05-24T15:56:42.808+0000] {processor.py:840} INFO - DAG(s) 'example_dynamic_task_mapping' retrieved from /home/varn1t/ml-pipeline/venv/lib/python3.11/site-packages/airflow/example_dags/example_dynamic_task_mapping.py
[2026-05-24T15:56:42.817+0000] {logging_mixin.py:188} INFO - [2026-05-24T15:56:42.817+0000] {dag.py:3096} INFO - Sync 1 DAGs
[2026-05-24T15:56:42.828+0000] {logging_mixin.py:188} INFO - [2026-05-24T15:56:42.828+0000] {dag.py:3954} INFO - Setting next_dagrun for example_dynamic_task_mapping to 2022-03-04 00:00:00+00:00, run_after=2022-03-05 00:00:00+00:00
[2026-05-24T15:56:42.844+0000] {processor.py:183} INFO - Processing /home/varn1t/ml-pipeline/venv/lib/python3.11/site-packages/airflow/example_dags/example_dynamic_task_mapping.py took 0.045 seconds
[2026-05-24T15:57:28.710+0000] {processor.py:161} INFO - Started process (PID=10113) to work on /home/varn1t/ml-pipeline/venv/lib/python3.11/site-packages/airflow/example_dags/example_dynamic_task_mapping.py
[2026-05-24T15:57:28.711+0000] {processor.py:830} INFO - Processing file /home/varn1t/ml-pipeline/venv/lib/python3.11/site-packages/airflow/example_dags/example_dynamic_task_mapping.py for tasks to queue
[2026-05-24T15:57:28.712+0000] {logging_mixin.py:188} INFO - [2026-05-24T15:57:28.712+0000] {dagbag.py:545} INFO - Filling up the DagBag from /home/varn1t/ml-pipeline/venv/lib/python3.11/site-packages/airflow/example_dags/example_dynamic_task_mapping.py
[2026-05-24T15:57:28.718+0000] {processor.py:840} INFO - DAG(s) 'example_dynamic_task_mapping' retrieved from /home/varn1t/ml-pipeline/venv/lib/python3.11/site-packages/airflow/example_dags/example_dynamic_task_mapping.py
[2026-05-24T15:57:28.731+0000] {logging_mixin.py:188} INFO - [2026-05-24T15:57:28.731+0000] {dag.py:3096} INFO - Sync 1 DAGs
[2026-05-24T15:57:28.745+0000] {logging_mixin.py:188} INFO - [2026-05-24T15:57:28.745+0000] {dag.py:3954} INFO - Setting next_dagrun for example_dynamic_task_mapping to 2022-03-04 00:00:00+00:00, run_after=2022-03-05 00:00:00+00:00
[2026-05-24T15:57:28.764+0000] {processor.py:183} INFO - Processing /home/varn1t/ml-pipeline/venv/lib/python3.11/site-packages/airflow/example_dags/example_dynamic_task_mapping.py took 0.059 seconds
[2026-05-24T15:58:13.911+0000] {processor.py:161} INFO - Started process (PID=10527) to work on /home/varn1t/ml-pipeline/venv/lib/python3.11/site-packages/airflow/example_dags/example_dynamic_task_mapping.py
[2026-05-24T15:58:13.912+0000] {processor.py:830} INFO - Processing file /home/varn1t/ml-pipeline/venv/lib/python3.11/site-packages/airflow/example_dags/example_dynamic_task_mapping.py for tasks to queue
[2026-05-24T15:58:13.913+0000] {logging_mixin.py:188} INFO - [2026-05-24T15:58:13.913+0000] {dagbag.py:545} INFO - Filling up the DagBag from /home/varn1t/ml-pipeline/venv/lib/python3.11/site-packages/airflow/example_dags/example_dynamic_task_mapping.py
[2026-05-24T15:58:13.934+0000] {processor.py:840} INFO - DAG(s) 'example_dynamic_task_mapping' retrieved from /home/varn1t/ml-pipeline/venv/lib/python3.11/site-packages/airflow/example_dags/example_dynamic_task_mapping.py
[2026-05-24T15:58:13.972+0000] {logging_mixin.py:188} INFO - [2026-05-24T15:58:13.971+0000] {dag.py:3096} INFO - Sync 1 DAGs
[2026-05-24T15:58:13.998+0000] {logging_mixin.py:188} INFO - [2026-05-24T15:58:13.998+0000] {dag.py:3954} INFO - Setting next_dagrun for example_dynamic_task_mapping to 2022-03-04 00:00:00+00:00, run_after=2022-03-05 00:00:00+00:00
[2026-05-24T15:58:14.037+0000] {processor.py:183} INFO - Processing /home/varn1t/ml-pipeline/venv/lib/python3.11/site-packages/airflow/example_dags/example_dynamic_task_mapping.py took 0.140 seconds
[2026-05-24T15:59:07.970+0000] {processor.py:161} INFO - Started process (PID=10943) to work on /home/varn1t/ml-pipeline/venv/lib/python3.11/site-packages/airflow/example_dags/example_dynamic_task_mapping.py
[2026-05-24T15:59:07.971+0000] {processor.py:830} INFO - Processing file /home/varn1t/ml-pipeline/venv/lib/python3.11/site-packages/airflow/example_dags/example_dynamic_task_mapping.py for tasks to queue
[2026-05-24T15:59:07.973+0000] {logging_mixin.py:188} INFO - [2026-05-24T15:59:07.973+0000] {dagbag.py:545} INFO - Filling up the DagBag from /home/varn1t/ml-pipeline/venv/lib/python3.11/site-packages/airflow/example_dags/example_dynamic_task_mapping.py
[2026-05-24T15:59:07.979+0000] {processor.py:840} INFO - DAG(s) 'example_dynamic_task_mapping' retrieved from /home/varn1t/ml-pipeline/venv/lib/python3.11/site-packages/airflow/example_dags/example_dynamic_task_mapping.py
[2026-05-24T15:59:07.993+0000] {logging_mixin.py:188} INFO - [2026-05-24T15:59:07.993+0000] {dag.py:3096} INFO - Sync 1 DAGs
[2026-05-24T15:59:08.009+0000] {logging_mixin.py:188} INFO - [2026-05-24T15:59:08.008+0000] {dag.py:3954} INFO - Setting next_dagrun for example_dynamic_task_mapping to 2022-03-04 00:00:00+00:00, run_after=2022-03-05 00:00:00+00:00
[2026-05-24T15:59:08.024+0000] {processor.py:183} INFO - Processing /home/varn1t/ml-pipeline/venv/lib/python3.11/site-packages/airflow/example_dags/example_dynamic_task_mapping.py took 0.059 seconds
[2026-05-24T15:59:54.257+0000] {processor.py:161} INFO - Started process (PID=11214) to work on /home/varn1t/ml-pipeline/venv/lib/python3.11/site-packages/airflow/example_dags/example_dynamic_task_mapping.py
[2026-05-24T15:59:54.258+0000] {processor.py:830} INFO - Processing file /home/varn1t/ml-pipeline/venv/lib/python3.11/site-packages/airflow/example_dags/example_dynamic_task_mapping.py for tasks to queue
[2026-05-24T15:59:54.259+0000] {logging_mixin.py:188} INFO - [2026-05-24T15:59:54.259+0000] {dagbag.py:545} INFO - Filling up the DagBag from /home/varn1t/ml-pipeline/venv/lib/python3.11/site-packages/airflow/example_dags/example_dynamic_task_mapping.py
[2026-05-24T15:59:54.266+0000] {processor.py:840} INFO - DAG(s) 'example_dynamic_task_mapping' retrieved from /home/varn1t/ml-pipeline/venv/lib/python3.11/site-packages/airflow/example_dags/example_dynamic_task_mapping.py
[2026-05-24T15:59:54.276+0000] {logging_mixin.py:188} INFO - [2026-05-24T15:59:54.276+0000] {dag.py:3096} INFO - Sync 1 DAGs
[2026-05-24T15:59:54.287+0000] {logging_mixin.py:188} INFO - [2026-05-24T15:59:54.287+0000] {dag.py:3954} INFO - Setting next_dagrun for example_dynamic_task_mapping to 2022-03-04 00:00:00+00:00, run_after=2022-03-05 00:00:00+00:00
[2026-05-24T15:59:54.305+0000] {processor.py:183} INFO - Processing /home/varn1t/ml-pipeline/venv/lib/python3.11/site-packages/airflow/example_dags/example_dynamic_task_mapping.py took 0.052 seconds
[2026-05-24T16:00:36.885+0000] {processor.py:161} INFO - Started process (PID=11400) to work on /home/varn1t/ml-pipeline/venv/lib/python3.11/site-packages/airflow/example_dags/example_dynamic_task_mapping.py
[2026-05-24T16:00:36.886+0000] {processor.py:830} INFO - Processing file /home/varn1t/ml-pipeline/venv/lib/python3.11/site-packages/airflow/example_dags/example_dynamic_task_mapping.py for tasks to queue
[2026-05-24T16:00:36.887+0000] {logging_mixin.py:188} INFO - [2026-05-24T16:00:36.887+0000] {dagbag.py:545} INFO - Filling up the DagBag from /home/varn1t/ml-pipeline/venv/lib/python3.11/site-packages/airflow/example_dags/example_dynamic_task_mapping.py
[2026-05-24T16:00:36.892+0000] {processor.py:840} INFO - DAG(s) 'example_dynamic_task_mapping' retrieved from /home/varn1t/ml-pipeline/venv/lib/python3.11/site-packages/airflow/example_dags/example_dynamic_task_mapping.py
[2026-05-24T16:00:36.902+0000] {logging_mixin.py:188} INFO - [2026-05-24T16:00:36.902+0000] {dag.py:3096} INFO - Sync 1 DAGs
[2026-05-24T16:00:36.914+0000] {logging_mixin.py:188} INFO - [2026-05-24T16:00:36.914+0000] {dag.py:3954} INFO - Setting next_dagrun for example_dynamic_task_mapping to 2022-03-04 00:00:00+00:00, run_after=2022-03-05 00:00:00+00:00
[2026-05-24T16:00:36.928+0000] {processor.py:183} INFO - Processing /home/varn1t/ml-pipeline/venv/lib/python3.11/site-packages/airflow/example_dags/example_dynamic_task_mapping.py took 0.048 seconds
[2026-05-24T16:01:19.658+0000] {processor.py:161} INFO - Started process (PID=11586) to work on /home/varn1t/ml-pipeline/venv/lib/python3.11/site-packages/airflow/example_dags/example_dynamic_task_mapping.py
[2026-05-24T16:01:19.659+0000] {processor.py:830} INFO - Processing file /home/varn1t/ml-pipeline/venv/lib/python3.11/site-packages/airflow/example_dags/example_dynamic_task_mapping.py for tasks to queue
[2026-05-24T16:01:19.661+0000] {logging_mixin.py:188} INFO - [2026-05-24T16:01:19.661+0000] {dagbag.py:545} INFO - Filling up the DagBag from /home/varn1t/ml-pipeline/venv/lib/python3.11/site-packages/airflow/example_dags/example_dynamic_task_mapping.py
[2026-05-24T16:01:19.667+0000] {processor.py:840} INFO - DAG(s) 'example_dynamic_task_mapping' retrieved from /home/varn1t/ml-pipeline/venv/lib/python3.11/site-packages/airflow/example_dags/example_dynamic_task_mapping.py
[2026-05-24T16:01:19.678+0000] {logging_mixin.py:188} INFO - [2026-05-24T16:01:19.678+0000] {dag.py:3096} INFO - Sync 1 DAGs
[2026-05-24T16:01:19.690+0000] {logging_mixin.py:188} INFO - [2026-05-24T16:01:19.690+0000] {dag.py:3954} INFO - Setting next_dagrun for example_dynamic_task_mapping to 2022-03-04 00:00:00+00:00, run_after=2022-03-05 00:00:00+00:00
[2026-05-24T16:01:19.707+0000] {processor.py:183} INFO - Processing /home/varn1t/ml-pipeline/venv/lib/python3.11/site-packages/airflow/example_dags/example_dynamic_task_mapping.py took 0.054 seconds
[2026-05-24T16:01:59.151+0000] {processor.py:161} INFO - Started process (PID=11787) to work on /home/varn1t/ml-pipeline/venv/lib/python3.11/site-packages/airflow/example_dags/example_dynamic_task_mapping.py
[2026-05-24T16:01:59.152+0000] {processor.py:830} INFO - Processing file /home/varn1t/ml-pipeline/venv/lib/python3.11/site-packages/airflow/example_dags/example_dynamic_task_mapping.py for tasks to queue
[2026-05-24T16:01:59.153+0000] {logging_mixin.py:188} INFO - [2026-05-24T16:01:59.153+0000] {dagbag.py:545} INFO - Filling up the DagBag from /home/varn1t/ml-pipeline/venv/lib/python3.11/site-packages/airflow/example_dags/example_dynamic_task_mapping.py
[2026-05-24T16:01:59.159+0000] {processor.py:840} INFO - DAG(s) 'example_dynamic_task_mapping' retrieved from /home/varn1t/ml-pipeline/venv/lib/python3.11/site-packages/airflow/example_dags/example_dynamic_task_mapping.py
[2026-05-24T16:01:59.172+0000] {logging_mixin.py:188} INFO - [2026-05-24T16:01:59.172+0000] {dag.py:3096} INFO - Sync 1 DAGs
[2026-05-24T16:01:59.187+0000] {logging_mixin.py:188} INFO - [2026-05-24T16:01:59.186+0000] {dag.py:3954} INFO - Setting next_dagrun for example_dynamic_task_mapping to 2022-03-04 00:00:00+00:00, run_after=2022-03-05 00:00:00+00:00
[2026-05-24T16:01:59.205+0000] {processor.py:183} INFO - Processing /home/varn1t/ml-pipeline/venv/lib/python3.11/site-packages/airflow/example_dags/example_dynamic_task_mapping.py took 0.059 seconds
[2026-05-24T16:03:37.858+0000] {processor.py:161} INFO - Started process (PID=13937) to work on /home/varn1t/ml-pipeline/venv/lib/python3.11/site-packages/airflow/example_dags/example_dynamic_task_mapping.py
[2026-05-24T16:03:37.859+0000] {processor.py:830} INFO - Processing file /home/varn1t/ml-pipeline/venv/lib/python3.11/site-packages/airflow/example_dags/example_dynamic_task_mapping.py for tasks to queue
[2026-05-24T16:03:37.862+0000] {logging_mixin.py:188} INFO - [2026-05-24T16:03:37.861+0000] {dagbag.py:545} INFO - Filling up the DagBag from /home/varn1t/ml-pipeline/venv/lib/python3.11/site-packages/airflow/example_dags/example_dynamic_task_mapping.py
[2026-05-24T16:03:37.871+0000] {processor.py:840} INFO - DAG(s) 'example_dynamic_task_mapping' retrieved from /home/varn1t/ml-pipeline/venv/lib/python3.11/site-packages/airflow/example_dags/example_dynamic_task_mapping.py
[2026-05-24T16:03:37.889+0000] {logging_mixin.py:188} INFO - [2026-05-24T16:03:37.889+0000] {dag.py:3096} INFO - Sync 1 DAGs
[2026-05-24T16:03:37.912+0000] {logging_mixin.py:188} INFO - [2026-05-24T16:03:37.912+0000] {dag.py:3954} INFO - Setting next_dagrun for example_dynamic_task_mapping to 2022-03-04 00:00:00+00:00, run_after=2022-03-05 00:00:00+00:00
[2026-05-24T16:03:37.932+0000] {processor.py:183} INFO - Processing /home/varn1t/ml-pipeline/venv/lib/python3.11/site-packages/airflow/example_dags/example_dynamic_task_mapping.py took 0.082 seconds
[2026-05-24T16:04:25.176+0000] {processor.py:161} INFO - Started process (PID=14139) to work on /home/varn1t/ml-pipeline/venv/lib/python3.11/site-packages/airflow/example_dags/example_dynamic_task_mapping.py
[2026-05-24T16:04:25.177+0000] {processor.py:830} INFO - Processing file /home/varn1t/ml-pipeline/venv/lib/python3.11/site-packages/airflow/example_dags/example_dynamic_task_mapping.py for tasks to queue
[2026-05-24T16:04:25.178+0000] {logging_mixin.py:188} INFO - [2026-05-24T16:04:25.178+0000] {dagbag.py:545} INFO - Filling up the DagBag from /home/varn1t/ml-pipeline/venv/lib/python3.11/site-packages/airflow/example_dags/example_dynamic_task_mapping.py
[2026-05-24T16:04:25.184+0000] {processor.py:840} INFO - DAG(s) 'example_dynamic_task_mapping' retrieved from /home/varn1t/ml-pipeline/venv/lib/python3.11/site-packages/airflow/example_dags/example_dynamic_task_mapping.py
[2026-05-24T16:04:25.194+0000] {logging_mixin.py:188} INFO - [2026-05-24T16:04:25.194+0000] {dag.py:3096} INFO - Sync 1 DAGs
[2026-05-24T16:04:25.205+0000] {logging_mixin.py:188} INFO - [2026-05-24T16:04:25.205+0000] {dag.py:3954} INFO - Setting next_dagrun for example_dynamic_task_mapping to 2022-03-04 00:00:00+00:00, run_after=2022-03-05 00:00:00+00:00
[2026-05-24T16:04:25.221+0000] {processor.py:183} INFO - Processing /home/varn1t/ml-pipeline/venv/lib/python3.11/site-packages/airflow/example_dags/example_dynamic_task_mapping.py took 0.049 seconds
[2026-05-24T16:05:16.473+0000] {processor.py:161} INFO - Started process (PID=14362) to work on /home/varn1t/ml-pipeline/venv/lib/python3.11/site-packages/airflow/example_dags/example_dynamic_task_mapping.py
[2026-05-24T16:05:16.475+0000] {processor.py:830} INFO - Processing file /home/varn1t/ml-pipeline/venv/lib/python3.11/site-packages/airflow/example_dags/example_dynamic_task_mapping.py for tasks to queue
[2026-05-24T16:05:16.477+0000] {logging_mixin.py:188} INFO - [2026-05-24T16:05:16.476+0000] {dagbag.py:545} INFO - Filling up the DagBag from /home/varn1t/ml-pipeline/venv/lib/python3.11/site-packages/airflow/example_dags/example_dynamic_task_mapping.py
[2026-05-24T16:05:16.484+0000] {processor.py:840} INFO - DAG(s) 'example_dynamic_task_mapping' retrieved from /home/varn1t/ml-pipeline/venv/lib/python3.11/site-packages/airflow/example_dags/example_dynamic_task_mapping.py
[2026-05-24T16:05:16.498+0000] {logging_mixin.py:188} INFO - [2026-05-24T16:05:16.498+0000] {dag.py:3096} INFO - Sync 1 DAGs
[2026-05-24T16:05:16.512+0000] {logging_mixin.py:188} INFO - [2026-05-24T16:05:16.512+0000] {dag.py:3954} INFO - Setting next_dagrun for example_dynamic_task_mapping to 2022-03-04 00:00:00+00:00, run_after=2022-03-05 00:00:00+00:00
[2026-05-24T16:05:16.531+0000] {processor.py:183} INFO - Processing /home/varn1t/ml-pipeline/venv/lib/python3.11/site-packages/airflow/example_dags/example_dynamic_task_mapping.py took 0.064 seconds
[2026-05-24T16:06:01.006+0000] {processor.py:161} INFO - Started process (PID=14550) to work on /home/varn1t/ml-pipeline/venv/lib/python3.11/site-packages/airflow/example_dags/example_dynamic_task_mapping.py
[2026-05-24T16:06:01.007+0000] {processor.py:830} INFO - Processing file /home/varn1t/ml-pipeline/venv/lib/python3.11/site-packages/airflow/example_dags/example_dynamic_task_mapping.py for tasks to queue
[2026-05-24T16:06:01.009+0000] {logging_mixin.py:188} INFO - [2026-05-24T16:06:01.008+0000] {dagbag.py:545} INFO - Filling up the DagBag from /home/varn1t/ml-pipeline/venv/lib/python3.11/site-packages/airflow/example_dags/example_dynamic_task_mapping.py
[2026-05-24T16:06:01.015+0000] {processor.py:840} INFO - DAG(s) 'example_dynamic_task_mapping' retrieved from /home/varn1t/ml-pipeline/venv/lib/python3.11/site-packages/airflow/example_dags/example_dynamic_task_mapping.py
[2026-05-24T16:06:01.026+0000] {logging_mixin.py:188} INFO - [2026-05-24T16:06:01.026+0000] {dag.py:3096} INFO - Sync 1 DAGs
[2026-05-24T16:06:01.039+0000] {logging_mixin.py:188} INFO - [2026-05-24T16:06:01.039+0000] {dag.py:3954} INFO - Setting next_dagrun for example_dynamic_task_mapping to 2022-03-04 00:00:00+00:00, run_after=2022-03-05 00:00:00+00:00
[2026-05-24T16:06:01.055+0000] {processor.py:183} INFO - Processing /home/varn1t/ml-pipeline/venv/lib/python3.11/site-packages/airflow/example_dags/example_dynamic_task_mapping.py took 0.054 seconds
[2026-05-24T16:06:42.166+0000] {processor.py:161} INFO - Started process (PID=14757) to work on /home/varn1t/ml-pipeline/venv/lib/python3.11/site-packages/airflow/example_dags/example_dynamic_task_mapping.py
[2026-05-24T16:06:42.167+0000] {processor.py:830} INFO - Processing file /home/varn1t/ml-pipeline/venv/lib/python3.11/site-packages/airflow/example_dags/example_dynamic_task_mapping.py for tasks to queue
[2026-05-24T16:06:42.169+0000] {logging_mixin.py:188} INFO - [2026-05-24T16:06:42.168+0000] {dagbag.py:545} INFO - Filling up the DagBag from /home/varn1t/ml-pipeline/venv/lib/python3.11/site-packages/airflow/example_dags/example_dynamic_task_mapping.py
[2026-05-24T16:06:42.175+0000] {processor.py:840} INFO - DAG(s) 'example_dynamic_task_mapping' retrieved from /home/varn1t/ml-pipeline/venv/lib/python3.11/site-packages/airflow/example_dags/example_dynamic_task_mapping.py
[2026-05-24T16:06:42.186+0000] {logging_mixin.py:188} INFO - [2026-05-24T16:06:42.186+0000] {dag.py:3096} INFO - Sync 1 DAGs
[2026-05-24T16:06:42.198+0000] {logging_mixin.py:188} INFO - [2026-05-24T16:06:42.198+0000] {dag.py:3954} INFO - Setting next_dagrun for example_dynamic_task_mapping to 2022-03-04 00:00:00+00:00, run_after=2022-03-05 00:00:00+00:00
[2026-05-24T16:06:42.214+0000] {processor.py:183} INFO - Processing /home/varn1t/ml-pipeline/venv/lib/python3.11/site-packages/airflow/example_dags/example_dynamic_task_mapping.py took 0.054 seconds
[2026-05-24T16:07:23.318+0000] {processor.py:161} INFO - Started process (PID=14937) to work on /home/varn1t/ml-pipeline/venv/lib/python3.11/site-packages/airflow/example_dags/example_dynamic_task_mapping.py
[2026-05-24T16:07:23.319+0000] {processor.py:830} INFO - Processing file /home/varn1t/ml-pipeline/venv/lib/python3.11/site-packages/airflow/example_dags/example_dynamic_task_mapping.py for tasks to queue
[2026-05-24T16:07:23.322+0000] {logging_mixin.py:188} INFO - [2026-05-24T16:07:23.321+0000] {dagbag.py:545} INFO - Filling up the DagBag from /home/varn1t/ml-pipeline/venv/lib/python3.11/site-packages/airflow/example_dags/example_dynamic_task_mapping.py
[2026-05-24T16:07:23.328+0000] {processor.py:840} INFO - DAG(s) 'example_dynamic_task_mapping' retrieved from /home/varn1t/ml-pipeline/venv/lib/python3.11/site-packages/airflow/example_dags/example_dynamic_task_mapping.py
[2026-05-24T16:07:23.340+0000] {logging_mixin.py:188} INFO - [2026-05-24T16:07:23.339+0000] {dag.py:3096} INFO - Sync 1 DAGs
[2026-05-24T16:07:23.351+0000] {logging_mixin.py:188} INFO - [2026-05-24T16:07:23.351+0000] {dag.py:3954} INFO - Setting next_dagrun for example_dynamic_task_mapping to 2022-03-04 00:00:00+00:00, run_after=2022-03-05 00:00:00+00:00
[2026-05-24T16:07:23.367+0000] {processor.py:183} INFO - Processing /home/varn1t/ml-pipeline/venv/lib/python3.11/site-packages/airflow/example_dags/example_dynamic_task_mapping.py took 0.053 seconds
[2026-05-24T16:08:04.700+0000] {processor.py:161} INFO - Started process (PID=15148) to work on /home/varn1t/ml-pipeline/venv/lib/python3.11/site-packages/airflow/example_dags/example_dynamic_task_mapping.py
[2026-05-24T16:08:04.701+0000] {processor.py:830} INFO - Processing file /home/varn1t/ml-pipeline/venv/lib/python3.11/site-packages/airflow/example_dags/example_dynamic_task_mapping.py for tasks to queue
[2026-05-24T16:08:04.702+0000] {logging_mixin.py:188} INFO - [2026-05-24T16:08:04.702+0000] {dagbag.py:545} INFO - Filling up the DagBag from /home/varn1t/ml-pipeline/venv/lib/python3.11/site-packages/airflow/example_dags/example_dynamic_task_mapping.py
[2026-05-24T16:08:04.708+0000] {processor.py:840} INFO - DAG(s) 'example_dynamic_task_mapping' retrieved from /home/varn1t/ml-pipeline/venv/lib/python3.11/site-packages/airflow/example_dags/example_dynamic_task_mapping.py
[2026-05-24T16:08:04.720+0000] {logging_mixin.py:188} INFO - [2026-05-24T16:08:04.720+0000] {dag.py:3096} INFO - Sync 1 DAGs
[2026-05-24T16:08:04.734+0000] {logging_mixin.py:188} INFO - [2026-05-24T16:08:04.734+0000] {dag.py:3954} INFO - Setting next_dagrun for example_dynamic_task_mapping to 2022-03-04 00:00:00+00:00, run_after=2022-03-05 00:00:00+00:00
[2026-05-24T16:08:04.753+0000] {processor.py:183} INFO - Processing /home/varn1t/ml-pipeline/venv/lib/python3.11/site-packages/airflow/example_dags/example_dynamic_task_mapping.py took 0.057 seconds
[2026-05-24T16:08:47.892+0000] {processor.py:161} INFO - Started process (PID=15377) to work on /home/varn1t/ml-pipeline/venv/lib/python3.11/site-packages/airflow/example_dags/example_dynamic_task_mapping.py
[2026-05-24T16:08:47.894+0000] {processor.py:830} INFO - Processing file /home/varn1t/ml-pipeline/venv/lib/python3.11/site-packages/airflow/example_dags/example_dynamic_task_mapping.py for tasks to queue
[2026-05-24T16:08:47.895+0000] {logging_mixin.py:188} INFO - [2026-05-24T16:08:47.895+0000] {dagbag.py:545} INFO - Filling up the DagBag from /home/varn1t/ml-pipeline/venv/lib/python3.11/site-packages/airflow/example_dags/example_dynamic_task_mapping.py
[2026-05-24T16:08:47.902+0000] {processor.py:840} INFO - DAG(s) 'example_dynamic_task_mapping' retrieved from /home/varn1t/ml-pipeline/venv/lib/python3.11/site-packages/airflow/example_dags/example_dynamic_task_mapping.py
[2026-05-24T16:08:47.914+0000] {logging_mixin.py:188} INFO - [2026-05-24T16:08:47.914+0000] {dag.py:3096} INFO - Sync 1 DAGs
[2026-05-24T16:08:47.926+0000] {logging_mixin.py:188} INFO - [2026-05-24T16:08:47.926+0000] {dag.py:3954} INFO - Setting next_dagrun for example_dynamic_task_mapping to 2022-03-04 00:00:00+00:00, run_after=2022-03-05 00:00:00+00:00
[2026-05-24T16:08:47.944+0000] {processor.py:183} INFO - Processing /home/varn1t/ml-pipeline/venv/lib/python3.11/site-packages/airflow/example_dags/example_dynamic_task_mapping.py took 0.057 seconds
[2026-05-24T16:09:31.986+0000] {processor.py:161} INFO - Started process (PID=15571) to work on /home/varn1t/ml-pipeline/venv/lib/python3.11/site-packages/airflow/example_dags/example_dynamic_task_mapping.py
[2026-05-24T16:09:31.987+0000] {processor.py:830} INFO - Processing file /home/varn1t/ml-pipeline/venv/lib/python3.11/site-packages/airflow/example_dags/example_dynamic_task_mapping.py for tasks to queue
[2026-05-24T16:09:31.989+0000] {logging_mixin.py:188} INFO - [2026-05-24T16:09:31.989+0000] {dagbag.py:545} INFO - Filling up the DagBag from /home/varn1t/ml-pipeline/venv/lib/python3.11/site-packages/airflow/example_dags/example_dynamic_task_mapping.py
[2026-05-24T16:09:31.995+0000] {processor.py:840} INFO - DAG(s) 'example_dynamic_task_mapping' retrieved from /home/varn1t/ml-pipeline/venv/lib/python3.11/site-packages/airflow/example_dags/example_dynamic_task_mapping.py
[2026-05-24T16:09:32.008+0000] {logging_mixin.py:188} INFO - [2026-05-24T16:09:32.008+0000] {dag.py:3096} INFO - Sync 1 DAGs
[2026-05-24T16:09:32.019+0000] {logging_mixin.py:188} INFO - [2026-05-24T16:09:32.019+0000] {dag.py:3954} INFO - Setting next_dagrun for example_dynamic_task_mapping to 2022-03-04 00:00:00+00:00, run_after=2022-03-05 00:00:00+00:00
[2026-05-24T16:09:32.034+0000] {processor.py:183} INFO - Processing /home/varn1t/ml-pipeline/venv/lib/python3.11/site-packages/airflow/example_dags/example_dynamic_task_mapping.py took 0.053 seconds
[2026-05-24T16:10:14.308+0000] {processor.py:161} INFO - Started process (PID=15756) to work on /home/varn1t/ml-pipeline/venv/lib/python3.11/site-packages/airflow/example_dags/example_dynamic_task_mapping.py
[2026-05-24T16:10:14.309+0000] {processor.py:830} INFO - Processing file /home/varn1t/ml-pipeline/venv/lib/python3.11/site-packages/airflow/example_dags/example_dynamic_task_mapping.py for tasks to queue
[2026-05-24T16:10:14.310+0000] {logging_mixin.py:188} INFO - [2026-05-24T16:10:14.310+0000] {dagbag.py:545} INFO - Filling up the DagBag from /home/varn1t/ml-pipeline/venv/lib/python3.11/site-packages/airflow/example_dags/example_dynamic_task_mapping.py
[2026-05-24T16:10:14.316+0000] {processor.py:840} INFO - DAG(s) 'example_dynamic_task_mapping' retrieved from /home/varn1t/ml-pipeline/venv/lib/python3.11/site-packages/airflow/example_dags/example_dynamic_task_mapping.py
[2026-05-24T16:10:14.328+0000] {logging_mixin.py:188} INFO - [2026-05-24T16:10:14.328+0000] {dag.py:3096} INFO - Sync 1 DAGs
[2026-05-24T16:10:14.342+0000] {logging_mixin.py:188} INFO - [2026-05-24T16:10:14.342+0000] {dag.py:3954} INFO - Setting next_dagrun for example_dynamic_task_mapping to 2022-03-04 00:00:00+00:00, run_after=2022-03-05 00:00:00+00:00
[2026-05-24T16:10:14.359+0000] {processor.py:183} INFO - Processing /home/varn1t/ml-pipeline/venv/lib/python3.11/site-packages/airflow/example_dags/example_dynamic_task_mapping.py took 0.055 seconds
[2026-05-24T16:10:56.079+0000] {processor.py:161} INFO - Started process (PID=15935) to work on /home/varn1t/ml-pipeline/venv/lib/python3.11/site-packages/airflow/example_dags/example_dynamic_task_mapping.py
[2026-05-24T16:10:56.080+0000] {processor.py:830} INFO - Processing file /home/varn1t/ml-pipeline/venv/lib/python3.11/site-packages/airflow/example_dags/example_dynamic_task_mapping.py for tasks to queue
[2026-05-24T16:10:56.082+0000] {logging_mixin.py:188} INFO - [2026-05-24T16:10:56.081+0000] {dagbag.py:545} INFO - Filling up the DagBag from /home/varn1t/ml-pipeline/venv/lib/python3.11/site-packages/airflow/example_dags/example_dynamic_task_mapping.py
[2026-05-24T16:10:56.086+0000] {processor.py:840} INFO - DAG(s) 'example_dynamic_task_mapping' retrieved from /home/varn1t/ml-pipeline/venv/lib/python3.11/site-packages/airflow/example_dags/example_dynamic_task_mapping.py
[2026-05-24T16:10:56.096+0000] {logging_mixin.py:188} INFO - [2026-05-24T16:10:56.096+0000] {dag.py:3096} INFO - Sync 1 DAGs
[2026-05-24T16:10:56.107+0000] {logging_mixin.py:188} INFO - [2026-05-24T16:10:56.107+0000] {dag.py:3954} INFO - Setting next_dagrun for example_dynamic_task_mapping to 2022-03-04 00:00:00+00:00, run_after=2022-03-05 00:00:00+00:00
[2026-05-24T16:10:56.120+0000] {processor.py:183} INFO - Processing /home/varn1t/ml-pipeline/venv/lib/python3.11/site-packages/airflow/example_dags/example_dynamic_task_mapping.py took 0.045 seconds
[2026-05-24T16:11:40.670+0000] {processor.py:161} INFO - Started process (PID=16157) to work on /home/varn1t/ml-pipeline/venv/lib/python3.11/site-packages/airflow/example_dags/example_dynamic_task_mapping.py
[2026-05-24T16:11:40.672+0000] {processor.py:830} INFO - Processing file /home/varn1t/ml-pipeline/venv/lib/python3.11/site-packages/airflow/example_dags/example_dynamic_task_mapping.py for tasks to queue
[2026-05-24T16:11:40.673+0000] {logging_mixin.py:188} INFO - [2026-05-24T16:11:40.673+0000] {dagbag.py:545} INFO - Filling up the DagBag from /home/varn1t/ml-pipeline/venv/lib/python3.11/site-packages/airflow/example_dags/example_dynamic_task_mapping.py
[2026-05-24T16:11:40.680+0000] {processor.py:840} INFO - DAG(s) 'example_dynamic_task_mapping' retrieved from /home/varn1t/ml-pipeline/venv/lib/python3.11/site-packages/airflow/example_dags/example_dynamic_task_mapping.py
[2026-05-24T16:11:40.691+0000] {logging_mixin.py:188} INFO - [2026-05-24T16:11:40.691+0000] {dag.py:3096} INFO - Sync 1 DAGs
[2026-05-24T16:11:40.705+0000] {logging_mixin.py:188} INFO - [2026-05-24T16:11:40.705+0000] {dag.py:3954} INFO - Setting next_dagrun for example_dynamic_task_mapping to 2022-03-04 00:00:00+00:00, run_after=2022-03-05 00:00:00+00:00
[2026-05-24T16:11:40.723+0000] {processor.py:183} INFO - Processing /home/varn1t/ml-pipeline/venv/lib/python3.11/site-packages/airflow/example_dags/example_dynamic_task_mapping.py took 0.060 seconds
[2026-05-24T16:12:24.292+0000] {processor.py:161} INFO - Started process (PID=16343) to work on /home/varn1t/ml-pipeline/venv/lib/python3.11/site-packages/airflow/example_dags/example_dynamic_task_mapping.py
[2026-05-24T16:12:24.293+0000] {processor.py:830} INFO - Processing file /home/varn1t/ml-pipeline/venv/lib/python3.11/site-packages/airflow/example_dags/example_dynamic_task_mapping.py for tasks to queue
[2026-05-24T16:12:24.294+0000] {logging_mixin.py:188} INFO - [2026-05-24T16:12:24.293+0000] {dagbag.py:545} INFO - Filling up the DagBag from /home/varn1t/ml-pipeline/venv/lib/python3.11/site-packages/airflow/example_dags/example_dynamic_task_mapping.py
[2026-05-24T16:12:24.298+0000] {processor.py:840} INFO - DAG(s) 'example_dynamic_task_mapping' retrieved from /home/varn1t/ml-pipeline/venv/lib/python3.11/site-packages/airflow/example_dags/example_dynamic_task_mapping.py
[2026-05-24T16:12:24.307+0000] {logging_mixin.py:188} INFO - [2026-05-24T16:12:24.307+0000] {dag.py:3096} INFO - Sync 1 DAGs
[2026-05-24T16:12:24.318+0000] {logging_mixin.py:188} INFO - [2026-05-24T16:12:24.318+0000] {dag.py:3954} INFO - Setting next_dagrun for example_dynamic_task_mapping to 2022-03-04 00:00:00+00:00, run_after=2022-03-05 00:00:00+00:00
[2026-05-24T16:12:24.332+0000] {processor.py:183} INFO - Processing /home/varn1t/ml-pipeline/venv/lib/python3.11/site-packages/airflow/example_dags/example_dynamic_task_mapping.py took 0.044 seconds
[2026-05-24T16:13:07.672+0000] {processor.py:161} INFO - Started process (PID=16533) to work on /home/varn1t/ml-pipeline/venv/lib/python3.11/site-packages/airflow/example_dags/example_dynamic_task_mapping.py
[2026-05-24T16:13:07.673+0000] {processor.py:830} INFO - Processing file /home/varn1t/ml-pipeline/venv/lib/python3.11/site-packages/airflow/example_dags/example_dynamic_task_mapping.py for tasks to queue
[2026-05-24T16:13:07.675+0000] {logging_mixin.py:188} INFO - [2026-05-24T16:13:07.675+0000] {dagbag.py:545} INFO - Filling up the DagBag from /home/varn1t/ml-pipeline/venv/lib/python3.11/site-packages/airflow/example_dags/example_dynamic_task_mapping.py
[2026-05-24T16:13:07.682+0000] {processor.py:840} INFO - DAG(s) 'example_dynamic_task_mapping' retrieved from /home/varn1t/ml-pipeline/venv/lib/python3.11/site-packages/airflow/example_dags/example_dynamic_task_mapping.py
[2026-05-24T16:13:07.695+0000] {logging_mixin.py:188} INFO - [2026-05-24T16:13:07.695+0000] {dag.py:3096} INFO - Sync 1 DAGs
[2026-05-24T16:13:07.710+0000] {logging_mixin.py:188} INFO - [2026-05-24T16:13:07.709+0000] {dag.py:3954} INFO - Setting next_dagrun for example_dynamic_task_mapping to 2022-03-04 00:00:00+00:00, run_after=2022-03-05 00:00:00+00:00
[2026-05-24T16:13:07.729+0000] {processor.py:183} INFO - Processing /home/varn1t/ml-pipeline/venv/lib/python3.11/site-packages/airflow/example_dags/example_dynamic_task_mapping.py took 0.062 seconds
[2026-05-24T16:13:49.380+0000] {processor.py:161} INFO - Started process (PID=16713) to work on /home/varn1t/ml-pipeline/venv/lib/python3.11/site-packages/airflow/example_dags/example_dynamic_task_mapping.py
[2026-05-24T16:13:49.381+0000] {processor.py:830} INFO - Processing file /home/varn1t/ml-pipeline/venv/lib/python3.11/site-packages/airflow/example_dags/example_dynamic_task_mapping.py for tasks to queue
[2026-05-24T16:13:49.382+0000] {logging_mixin.py:188} INFO - [2026-05-24T16:13:49.382+0000] {dagbag.py:545} INFO - Filling up the DagBag from /home/varn1t/ml-pipeline/venv/lib/python3.11/site-packages/airflow/example_dags/example_dynamic_task_mapping.py
[2026-05-24T16:13:49.388+0000] {processor.py:840} INFO - DAG(s) 'example_dynamic_task_mapping' retrieved from /home/varn1t/ml-pipeline/venv/lib/python3.11/site-packages/airflow/example_dags/example_dynamic_task_mapping.py
[2026-05-24T16:13:49.399+0000] {logging_mixin.py:188} INFO - [2026-05-24T16:13:49.399+0000] {dag.py:3096} INFO - Sync 1 DAGs
[2026-05-24T16:13:49.411+0000] {logging_mixin.py:188} INFO - [2026-05-24T16:13:49.411+0000] {dag.py:3954} INFO - Setting next_dagrun for example_dynamic_task_mapping to 2022-03-04 00:00:00+00:00, run_after=2022-03-05 00:00:00+00:00
[2026-05-24T16:13:49.430+0000] {processor.py:183} INFO - Processing /home/varn1t/ml-pipeline/venv/lib/python3.11/site-packages/airflow/example_dags/example_dynamic_task_mapping.py took 0.054 seconds
[2026-05-24T16:14:33.830+0000] {processor.py:161} INFO - Started process (PID=16901) to work on /home/varn1t/ml-pipeline/venv/lib/python3.11/site-packages/airflow/example_dags/example_dynamic_task_mapping.py
[2026-05-24T16:14:33.831+0000] {processor.py:830} INFO - Processing file /home/varn1t/ml-pipeline/venv/lib/python3.11/site-packages/airflow/example_dags/example_dynamic_task_mapping.py for tasks to queue
[2026-05-24T16:14:33.833+0000] {logging_mixin.py:188} INFO - [2026-05-24T16:14:33.832+0000] {dagbag.py:545} INFO - Filling up the DagBag from /home/varn1t/ml-pipeline/venv/lib/python3.11/site-packages/airflow/example_dags/example_dynamic_task_mapping.py
[2026-05-24T16:14:33.840+0000] {processor.py:840} INFO - DAG(s) 'example_dynamic_task_mapping' retrieved from /home/varn1t/ml-pipeline/venv/lib/python3.11/site-packages/airflow/example_dags/example_dynamic_task_mapping.py
[2026-05-24T16:14:33.852+0000] {logging_mixin.py:188} INFO - [2026-05-24T16:14:33.851+0000] {dag.py:3096} INFO - Sync 1 DAGs
[2026-05-24T16:14:33.865+0000] {logging_mixin.py:188} INFO - [2026-05-24T16:14:33.865+0000] {dag.py:3954} INFO - Setting next_dagrun for example_dynamic_task_mapping to 2022-03-04 00:00:00+00:00, run_after=2022-03-05 00:00:00+00:00
[2026-05-24T16:14:33.883+0000] {processor.py:183} INFO - Processing /home/varn1t/ml-pipeline/venv/lib/python3.11/site-packages/airflow/example_dags/example_dynamic_task_mapping.py took 0.060 seconds
[2026-05-24T16:15:15.347+0000] {processor.py:161} INFO - Started process (PID=17089) to work on /home/varn1t/ml-pipeline/venv/lib/python3.11/site-packages/airflow/example_dags/example_dynamic_task_mapping.py
[2026-05-24T16:15:15.348+0000] {processor.py:830} INFO - Processing file /home/varn1t/ml-pipeline/venv/lib/python3.11/site-packages/airflow/example_dags/example_dynamic_task_mapping.py for tasks to queue
[2026-05-24T16:15:15.349+0000] {logging_mixin.py:188} INFO - [2026-05-24T16:15:15.349+0000] {dagbag.py:545} INFO - Filling up the DagBag from /home/varn1t/ml-pipeline/venv/lib/python3.11/site-packages/airflow/example_dags/example_dynamic_task_mapping.py
[2026-05-24T16:15:15.355+0000] {processor.py:840} INFO - DAG(s) 'example_dynamic_task_mapping' retrieved from /home/varn1t/ml-pipeline/venv/lib/python3.11/site-packages/airflow/example_dags/example_dynamic_task_mapping.py
[2026-05-24T16:15:15.366+0000] {logging_mixin.py:188} INFO - [2026-05-24T16:15:15.366+0000] {dag.py:3096} INFO - Sync 1 DAGs
[2026-05-24T16:15:15.378+0000] {logging_mixin.py:188} INFO - [2026-05-24T16:15:15.378+0000] {dag.py:3954} INFO - Setting next_dagrun for example_dynamic_task_mapping to 2022-03-04 00:00:00+00:00, run_after=2022-03-05 00:00:00+00:00
[2026-05-24T16:15:15.391+0000] {processor.py:183} INFO - Processing /home/varn1t/ml-pipeline/venv/lib/python3.11/site-packages/airflow/example_dags/example_dynamic_task_mapping.py took 0.048 seconds
[2026-05-24T16:15:57.108+0000] {processor.py:161} INFO - Started process (PID=17268) to work on /home/varn1t/ml-pipeline/venv/lib/python3.11/site-packages/airflow/example_dags/example_dynamic_task_mapping.py
[2026-05-24T16:15:57.109+0000] {processor.py:830} INFO - Processing file /home/varn1t/ml-pipeline/venv/lib/python3.11/site-packages/airflow/example_dags/example_dynamic_task_mapping.py for tasks to queue
[2026-05-24T16:15:57.111+0000] {logging_mixin.py:188} INFO - [2026-05-24T16:15:57.111+0000] {dagbag.py:545} INFO - Filling up the DagBag from /home/varn1t/ml-pipeline/venv/lib/python3.11/site-packages/airflow/example_dags/example_dynamic_task_mapping.py
[2026-05-24T16:15:57.118+0000] {processor.py:840} INFO - DAG(s) 'example_dynamic_task_mapping' retrieved from /home/varn1t/ml-pipeline/venv/lib/python3.11/site-packages/airflow/example_dags/example_dynamic_task_mapping.py
[2026-05-24T16:15:57.131+0000] {logging_mixin.py:188} INFO - [2026-05-24T16:15:57.131+0000] {dag.py:3096} INFO - Sync 1 DAGs
[2026-05-24T16:15:57.145+0000] {logging_mixin.py:188} INFO - [2026-05-24T16:15:57.145+0000] {dag.py:3954} INFO - Setting next_dagrun for example_dynamic_task_mapping to 2022-03-04 00:00:00+00:00, run_after=2022-03-05 00:00:00+00:00
[2026-05-24T16:15:57.162+0000] {processor.py:183} INFO - Processing /home/varn1t/ml-pipeline/venv/lib/python3.11/site-packages/airflow/example_dags/example_dynamic_task_mapping.py took 0.060 seconds
[2026-05-24T16:16:39.406+0000] {processor.py:161} INFO - Started process (PID=17481) to work on /home/varn1t/ml-pipeline/venv/lib/python3.11/site-packages/airflow/example_dags/example_dynamic_task_mapping.py
[2026-05-24T16:16:39.407+0000] {processor.py:830} INFO - Processing file /home/varn1t/ml-pipeline/venv/lib/python3.11/site-packages/airflow/example_dags/example_dynamic_task_mapping.py for tasks to queue
[2026-05-24T16:16:39.409+0000] {logging_mixin.py:188} INFO - [2026-05-24T16:16:39.409+0000] {dagbag.py:545} INFO - Filling up the DagBag from /home/varn1t/ml-pipeline/venv/lib/python3.11/site-packages/airflow/example_dags/example_dynamic_task_mapping.py
[2026-05-24T16:16:39.416+0000] {processor.py:840} INFO - DAG(s) 'example_dynamic_task_mapping' retrieved from /home/varn1t/ml-pipeline/venv/lib/python3.11/site-packages/airflow/example_dags/example_dynamic_task_mapping.py
[2026-05-24T16:16:39.430+0000] {logging_mixin.py:188} INFO - [2026-05-24T16:16:39.430+0000] {dag.py:3096} INFO - Sync 1 DAGs
[2026-05-24T16:16:39.446+0000] {logging_mixin.py:188} INFO - [2026-05-24T16:16:39.446+0000] {dag.py:3954} INFO - Setting next_dagrun for example_dynamic_task_mapping to 2022-03-04 00:00:00+00:00, run_after=2022-03-05 00:00:00+00:00
[2026-05-24T16:16:39.466+0000] {processor.py:183} INFO - Processing /home/varn1t/ml-pipeline/venv/lib/python3.11/site-packages/airflow/example_dags/example_dynamic_task_mapping.py took 0.065 seconds
[2026-05-24T16:17:21.114+0000] {processor.py:161} INFO - Started process (PID=17665) to work on /home/varn1t/ml-pipeline/venv/lib/python3.11/site-packages/airflow/example_dags/example_dynamic_task_mapping.py
[2026-05-24T16:17:21.115+0000] {processor.py:830} INFO - Processing file /home/varn1t/ml-pipeline/venv/lib/python3.11/site-packages/airflow/example_dags/example_dynamic_task_mapping.py for tasks to queue
[2026-05-24T16:17:21.116+0000] {logging_mixin.py:188} INFO - [2026-05-24T16:17:21.116+0000] {dagbag.py:545} INFO - Filling up the DagBag from /home/varn1t/ml-pipeline/venv/lib/python3.11/site-packages/airflow/example_dags/example_dynamic_task_mapping.py
[2026-05-24T16:17:21.122+0000] {processor.py:840} INFO - DAG(s) 'example_dynamic_task_mapping' retrieved from /home/varn1t/ml-pipeline/venv/lib/python3.11/site-packages/airflow/example_dags/example_dynamic_task_mapping.py
[2026-05-24T16:17:21.133+0000] {logging_mixin.py:188} INFO - [2026-05-24T16:17:21.133+0000] {dag.py:3096} INFO - Sync 1 DAGs
[2026-05-24T16:17:21.146+0000] {logging_mixin.py:188} INFO - [2026-05-24T16:17:21.146+0000] {dag.py:3954} INFO - Setting next_dagrun for example_dynamic_task_mapping to 2022-03-04 00:00:00+00:00, run_after=2022-03-05 00:00:00+00:00
[2026-05-24T16:17:21.162+0000] {processor.py:183} INFO - Processing /home/varn1t/ml-pipeline/venv/lib/python3.11/site-packages/airflow/example_dags/example_dynamic_task_mapping.py took 0.053 seconds
[2026-05-24T16:17:59.739+0000] {processor.py:161} INFO - Started process (PID=17999) to work on /home/varn1t/ml-pipeline/venv/lib/python3.11/site-packages/airflow/example_dags/example_dynamic_task_mapping.py
[2026-05-24T16:17:59.740+0000] {processor.py:830} INFO - Processing file /home/varn1t/ml-pipeline/venv/lib/python3.11/site-packages/airflow/example_dags/example_dynamic_task_mapping.py for tasks to queue
[2026-05-24T16:17:59.741+0000] {logging_mixin.py:188} INFO - [2026-05-24T16:17:59.741+0000] {dagbag.py:545} INFO - Filling up the DagBag from /home/varn1t/ml-pipeline/venv/lib/python3.11/site-packages/airflow/example_dags/example_dynamic_task_mapping.py
[2026-05-24T16:17:59.749+0000] {processor.py:840} INFO - DAG(s) 'example_dynamic_task_mapping' retrieved from /home/varn1t/ml-pipeline/venv/lib/python3.11/site-packages/airflow/example_dags/example_dynamic_task_mapping.py
[2026-05-24T16:17:59.767+0000] {logging_mixin.py:188} INFO - [2026-05-24T16:17:59.767+0000] {dag.py:3096} INFO - Sync 1 DAGs
[2026-05-24T16:17:59.786+0000] {logging_mixin.py:188} INFO - [2026-05-24T16:17:59.786+0000] {dag.py:3954} INFO - Setting next_dagrun for example_dynamic_task_mapping to 2022-03-04 00:00:00+00:00, run_after=2022-03-05 00:00:00+00:00
[2026-05-24T16:17:59.806+0000] {processor.py:183} INFO - Processing /home/varn1t/ml-pipeline/venv/lib/python3.11/site-packages/airflow/example_dags/example_dynamic_task_mapping.py took 0.073 seconds
[2026-05-24T16:18:42.270+0000] {processor.py:161} INFO - Started process (PID=18291) to work on /home/varn1t/ml-pipeline/venv/lib/python3.11/site-packages/airflow/example_dags/example_dynamic_task_mapping.py
[2026-05-24T16:18:42.271+0000] {processor.py:830} INFO - Processing file /home/varn1t/ml-pipeline/venv/lib/python3.11/site-packages/airflow/example_dags/example_dynamic_task_mapping.py for tasks to queue
[2026-05-24T16:18:42.273+0000] {logging_mixin.py:188} INFO - [2026-05-24T16:18:42.273+0000] {dagbag.py:545} INFO - Filling up the DagBag from /home/varn1t/ml-pipeline/venv/lib/python3.11/site-packages/airflow/example_dags/example_dynamic_task_mapping.py
[2026-05-24T16:18:42.281+0000] {processor.py:840} INFO - DAG(s) 'example_dynamic_task_mapping' retrieved from /home/varn1t/ml-pipeline/venv/lib/python3.11/site-packages/airflow/example_dags/example_dynamic_task_mapping.py
[2026-05-24T16:18:42.296+0000] {logging_mixin.py:188} INFO - [2026-05-24T16:18:42.296+0000] {dag.py:3096} INFO - Sync 1 DAGs
[2026-05-24T16:18:42.311+0000] {logging_mixin.py:188} INFO - [2026-05-24T16:18:42.311+0000] {dag.py:3954} INFO - Setting next_dagrun for example_dynamic_task_mapping to 2022-03-04 00:00:00+00:00, run_after=2022-03-05 00:00:00+00:00
[2026-05-24T16:18:42.332+0000] {processor.py:183} INFO - Processing /home/varn1t/ml-pipeline/venv/lib/python3.11/site-packages/airflow/example_dags/example_dynamic_task_mapping.py took 0.068 seconds
[2026-05-24T16:19:26.236+0000] {processor.py:161} INFO - Started process (PID=18704) to work on /home/varn1t/ml-pipeline/venv/lib/python3.11/site-packages/airflow/example_dags/example_dynamic_task_mapping.py
[2026-05-24T16:19:26.237+0000] {processor.py:830} INFO - Processing file /home/varn1t/ml-pipeline/venv/lib/python3.11/site-packages/airflow/example_dags/example_dynamic_task_mapping.py for tasks to queue
[2026-05-24T16:19:26.239+0000] {logging_mixin.py:188} INFO - [2026-05-24T16:19:26.239+0000] {dagbag.py:545} INFO - Filling up the DagBag from /home/varn1t/ml-pipeline/venv/lib/python3.11/site-packages/airflow/example_dags/example_dynamic_task_mapping.py
[2026-05-24T16:19:26.244+0000] {processor.py:840} INFO - DAG(s) 'example_dynamic_task_mapping' retrieved from /home/varn1t/ml-pipeline/venv/lib/python3.11/site-packages/airflow/example_dags/example_dynamic_task_mapping.py
[2026-05-24T16:19:26.255+0000] {logging_mixin.py:188} INFO - [2026-05-24T16:19:26.255+0000] {dag.py:3096} INFO - Sync 1 DAGs
[2026-05-24T16:19:26.269+0000] {logging_mixin.py:188} INFO - [2026-05-24T16:19:26.269+0000] {dag.py:3954} INFO - Setting next_dagrun for example_dynamic_task_mapping to 2022-03-04 00:00:00+00:00, run_after=2022-03-05 00:00:00+00:00
[2026-05-24T16:19:26.286+0000] {processor.py:183} INFO - Processing /home/varn1t/ml-pipeline/venv/lib/python3.11/site-packages/airflow/example_dags/example_dynamic_task_mapping.py took 0.054 seconds
[2026-05-24T16:20:09.797+0000] {processor.py:161} INFO - Started process (PID=19162) to work on /home/varn1t/ml-pipeline/venv/lib/python3.11/site-packages/airflow/example_dags/example_dynamic_task_mapping.py
[2026-05-24T16:20:09.798+0000] {processor.py:830} INFO - Processing file /home/varn1t/ml-pipeline/venv/lib/python3.11/site-packages/airflow/example_dags/example_dynamic_task_mapping.py for tasks to queue
[2026-05-24T16:20:09.799+0000] {logging_mixin.py:188} INFO - [2026-05-24T16:20:09.799+0000] {dagbag.py:545} INFO - Filling up the DagBag from /home/varn1t/ml-pipeline/venv/lib/python3.11/site-packages/airflow/example_dags/example_dynamic_task_mapping.py
[2026-05-24T16:20:09.804+0000] {processor.py:840} INFO - DAG(s) 'example_dynamic_task_mapping' retrieved from /home/varn1t/ml-pipeline/venv/lib/python3.11/site-packages/airflow/example_dags/example_dynamic_task_mapping.py
[2026-05-24T16:20:09.813+0000] {logging_mixin.py:188} INFO - [2026-05-24T16:20:09.812+0000] {dag.py:3096} INFO - Sync 1 DAGs
[2026-05-24T16:20:09.824+0000] {logging_mixin.py:188} INFO - [2026-05-24T16:20:09.824+0000] {dag.py:3954} INFO - Setting next_dagrun for example_dynamic_task_mapping to 2022-03-04 00:00:00+00:00, run_after=2022-03-05 00:00:00+00:00
[2026-05-24T16:20:09.840+0000] {processor.py:183} INFO - Processing /home/varn1t/ml-pipeline/venv/lib/python3.11/site-packages/airflow/example_dags/example_dynamic_task_mapping.py took 0.047 seconds
[2026-05-24T16:20:52.624+0000] {processor.py:161} INFO - Started process (PID=19494) to work on /home/varn1t/ml-pipeline/venv/lib/python3.11/site-packages/airflow/example_dags/example_dynamic_task_mapping.py
[2026-05-24T16:20:52.625+0000] {processor.py:830} INFO - Processing file /home/varn1t/ml-pipeline/venv/lib/python3.11/site-packages/airflow/example_dags/example_dynamic_task_mapping.py for tasks to queue
[2026-05-24T16:20:52.626+0000] {logging_mixin.py:188} INFO - [2026-05-24T16:20:52.626+0000] {dagbag.py:545} INFO - Filling up the DagBag from /home/varn1t/ml-pipeline/venv/lib/python3.11/site-packages/airflow/example_dags/example_dynamic_task_mapping.py
[2026-05-24T16:20:52.632+0000] {processor.py:840} INFO - DAG(s) 'example_dynamic_task_mapping' retrieved from /home/varn1t/ml-pipeline/venv/lib/python3.11/site-packages/airflow/example_dags/example_dynamic_task_mapping.py
[2026-05-24T16:20:52.644+0000] {logging_mixin.py:188} INFO - [2026-05-24T16:20:52.644+0000] {dag.py:3096} INFO - Sync 1 DAGs
[2026-05-24T16:20:52.657+0000] {logging_mixin.py:188} INFO - [2026-05-24T16:20:52.657+0000] {dag.py:3954} INFO - Setting next_dagrun for example_dynamic_task_mapping to 2022-03-04 00:00:00+00:00, run_after=2022-03-05 00:00:00+00:00
[2026-05-24T16:20:52.673+0000] {processor.py:183} INFO - Processing /home/varn1t/ml-pipeline/venv/lib/python3.11/site-packages/airflow/example_dags/example_dynamic_task_mapping.py took 0.054 seconds
[2026-05-24T16:21:35.155+0000] {processor.py:161} INFO - Started process (PID=19763) to work on /home/varn1t/ml-pipeline/venv/lib/python3.11/site-packages/airflow/example_dags/example_dynamic_task_mapping.py
[2026-05-24T16:21:35.156+0000] {processor.py:830} INFO - Processing file /home/varn1t/ml-pipeline/venv/lib/python3.11/site-packages/airflow/example_dags/example_dynamic_task_mapping.py for tasks to queue
[2026-05-24T16:21:35.157+0000] {logging_mixin.py:188} INFO - [2026-05-24T16:21:35.157+0000] {dagbag.py:545} INFO - Filling up the DagBag from /home/varn1t/ml-pipeline/venv/lib/python3.11/site-packages/airflow/example_dags/example_dynamic_task_mapping.py
[2026-05-24T16:21:35.164+0000] {processor.py:840} INFO - DAG(s) 'example_dynamic_task_mapping' retrieved from /home/varn1t/ml-pipeline/venv/lib/python3.11/site-packages/airflow/example_dags/example_dynamic_task_mapping.py
[2026-05-24T16:21:35.176+0000] {logging_mixin.py:188} INFO - [2026-05-24T16:21:35.175+0000] {dag.py:3096} INFO - Sync 1 DAGs
[2026-05-24T16:21:35.187+0000] {logging_mixin.py:188} INFO - [2026-05-24T16:21:35.187+0000] {dag.py:3954} INFO - Setting next_dagrun for example_dynamic_task_mapping to 2022-03-04 00:00:00+00:00, run_after=2022-03-05 00:00:00+00:00
[2026-05-24T16:21:35.202+0000] {processor.py:183} INFO - Processing /home/varn1t/ml-pipeline/venv/lib/python3.11/site-packages/airflow/example_dags/example_dynamic_task_mapping.py took 0.051 seconds
[2026-05-24T16:22:15.553+0000] {processor.py:161} INFO - Started process (PID=20001) to work on /home/varn1t/ml-pipeline/venv/lib/python3.11/site-packages/airflow/example_dags/example_dynamic_task_mapping.py
[2026-05-24T16:22:15.555+0000] {processor.py:830} INFO - Processing file /home/varn1t/ml-pipeline/venv/lib/python3.11/site-packages/airflow/example_dags/example_dynamic_task_mapping.py for tasks to queue
[2026-05-24T16:22:15.556+0000] {logging_mixin.py:188} INFO - [2026-05-24T16:22:15.556+0000] {dagbag.py:545} INFO - Filling up the DagBag from /home/varn1t/ml-pipeline/venv/lib/python3.11/site-packages/airflow/example_dags/example_dynamic_task_mapping.py
[2026-05-24T16:22:15.564+0000] {processor.py:840} INFO - DAG(s) 'example_dynamic_task_mapping' retrieved from /home/varn1t/ml-pipeline/venv/lib/python3.11/site-packages/airflow/example_dags/example_dynamic_task_mapping.py
[2026-05-24T16:22:15.577+0000] {logging_mixin.py:188} INFO - [2026-05-24T16:22:15.577+0000] {dag.py:3096} INFO - Sync 1 DAGs
[2026-05-24T16:22:15.593+0000] {logging_mixin.py:188} INFO - [2026-05-24T16:22:15.592+0000] {dag.py:3954} INFO - Setting next_dagrun for example_dynamic_task_mapping to 2022-03-04 00:00:00+00:00, run_after=2022-03-05 00:00:00+00:00
[2026-05-24T16:22:15.610+0000] {processor.py:183} INFO - Processing /home/varn1t/ml-pipeline/venv/lib/python3.11/site-packages/airflow/example_dags/example_dynamic_task_mapping.py took 0.062 seconds
[2026-05-24T16:22:59.438+0000] {processor.py:161} INFO - Started process (PID=20217) to work on /home/varn1t/ml-pipeline/venv/lib/python3.11/site-packages/airflow/example_dags/example_dynamic_task_mapping.py
[2026-05-24T16:22:59.439+0000] {processor.py:830} INFO - Processing file /home/varn1t/ml-pipeline/venv/lib/python3.11/site-packages/airflow/example_dags/example_dynamic_task_mapping.py for tasks to queue
[2026-05-24T16:22:59.440+0000] {logging_mixin.py:188} INFO - [2026-05-24T16:22:59.440+0000] {dagbag.py:545} INFO - Filling up the DagBag from /home/varn1t/ml-pipeline/venv/lib/python3.11/site-packages/airflow/example_dags/example_dynamic_task_mapping.py
[2026-05-24T16:22:59.445+0000] {processor.py:840} INFO - DAG(s) 'example_dynamic_task_mapping' retrieved from /home/varn1t/ml-pipeline/venv/lib/python3.11/site-packages/airflow/example_dags/example_dynamic_task_mapping.py
[2026-05-24T16:22:59.456+0000] {logging_mixin.py:188} INFO - [2026-05-24T16:22:59.455+0000] {dag.py:3096} INFO - Sync 1 DAGs
[2026-05-24T16:22:59.468+0000] {logging_mixin.py:188} INFO - [2026-05-24T16:22:59.468+0000] {dag.py:3954} INFO - Setting next_dagrun for example_dynamic_task_mapping to 2022-03-04 00:00:00+00:00, run_after=2022-03-05 00:00:00+00:00
[2026-05-24T16:22:59.483+0000] {processor.py:183} INFO - Processing /home/varn1t/ml-pipeline/venv/lib/python3.11/site-packages/airflow/example_dags/example_dynamic_task_mapping.py took 0.051 seconds
[2026-05-24T16:23:37.126+0000] {processor.py:161} INFO - Started process (PID=20382) to work on /home/varn1t/ml-pipeline/venv/lib/python3.11/site-packages/airflow/example_dags/example_dynamic_task_mapping.py
[2026-05-24T16:23:37.127+0000] {processor.py:830} INFO - Processing file /home/varn1t/ml-pipeline/venv/lib/python3.11/site-packages/airflow/example_dags/example_dynamic_task_mapping.py for tasks to queue
[2026-05-24T16:23:37.129+0000] {logging_mixin.py:188} INFO - [2026-05-24T16:23:37.128+0000] {dagbag.py:545} INFO - Filling up the DagBag from /home/varn1t/ml-pipeline/venv/lib/python3.11/site-packages/airflow/example_dags/example_dynamic_task_mapping.py
[2026-05-24T16:23:37.137+0000] {processor.py:840} INFO - DAG(s) 'example_dynamic_task_mapping' retrieved from /home/varn1t/ml-pipeline/venv/lib/python3.11/site-packages/airflow/example_dags/example_dynamic_task_mapping.py
[2026-05-24T16:23:37.149+0000] {logging_mixin.py:188} INFO - [2026-05-24T16:23:37.149+0000] {dag.py:3096} INFO - Sync 1 DAGs
[2026-05-24T16:23:37.161+0000] {logging_mixin.py:188} INFO - [2026-05-24T16:23:37.161+0000] {dag.py:3954} INFO - Setting next_dagrun for example_dynamic_task_mapping to 2022-03-04 00:00:00+00:00, run_after=2022-03-05 00:00:00+00:00
[2026-05-24T16:23:37.179+0000] {processor.py:183} INFO - Processing /home/varn1t/ml-pipeline/venv/lib/python3.11/site-packages/airflow/example_dags/example_dynamic_task_mapping.py took 0.059 seconds
[2026-05-24T16:24:19.642+0000] {processor.py:161} INFO - Started process (PID=20568) to work on /home/varn1t/ml-pipeline/venv/lib/python3.11/site-packages/airflow/example_dags/example_dynamic_task_mapping.py
[2026-05-24T16:24:19.643+0000] {processor.py:830} INFO - Processing file /home/varn1t/ml-pipeline/venv/lib/python3.11/site-packages/airflow/example_dags/example_dynamic_task_mapping.py for tasks to queue
[2026-05-24T16:24:19.644+0000] {logging_mixin.py:188} INFO - [2026-05-24T16:24:19.644+0000] {dagbag.py:545} INFO - Filling up the DagBag from /home/varn1t/ml-pipeline/venv/lib/python3.11/site-packages/airflow/example_dags/example_dynamic_task_mapping.py
[2026-05-24T16:24:19.649+0000] {processor.py:840} INFO - DAG(s) 'example_dynamic_task_mapping' retrieved from /home/varn1t/ml-pipeline/venv/lib/python3.11/site-packages/airflow/example_dags/example_dynamic_task_mapping.py
[2026-05-24T16:24:19.657+0000] {logging_mixin.py:188} INFO - [2026-05-24T16:24:19.657+0000] {dag.py:3096} INFO - Sync 1 DAGs
[2026-05-24T16:24:19.667+0000] {logging_mixin.py:188} INFO - [2026-05-24T16:24:19.667+0000] {dag.py:3954} INFO - Setting next_dagrun for example_dynamic_task_mapping to 2022-03-04 00:00:00+00:00, run_after=2022-03-05 00:00:00+00:00
[2026-05-24T16:24:19.682+0000] {processor.py:183} INFO - Processing /home/varn1t/ml-pipeline/venv/lib/python3.11/site-packages/airflow/example_dags/example_dynamic_task_mapping.py took 0.043 seconds
[2026-05-24T16:25:04.579+0000] {processor.py:161} INFO - Started process (PID=20766) to work on /home/varn1t/ml-pipeline/venv/lib/python3.11/site-packages/airflow/example_dags/example_dynamic_task_mapping.py
[2026-05-24T16:25:04.580+0000] {processor.py:830} INFO - Processing file /home/varn1t/ml-pipeline/venv/lib/python3.11/site-packages/airflow/example_dags/example_dynamic_task_mapping.py for tasks to queue
[2026-05-24T16:25:04.581+0000] {logging_mixin.py:188} INFO - [2026-05-24T16:25:04.581+0000] {dagbag.py:545} INFO - Filling up the DagBag from /home/varn1t/ml-pipeline/venv/lib/python3.11/site-packages/airflow/example_dags/example_dynamic_task_mapping.py
[2026-05-24T16:25:04.586+0000] {processor.py:840} INFO - DAG(s) 'example_dynamic_task_mapping' retrieved from /home/varn1t/ml-pipeline/venv/lib/python3.11/site-packages/airflow/example_dags/example_dynamic_task_mapping.py
[2026-05-24T16:25:04.598+0000] {logging_mixin.py:188} INFO - [2026-05-24T16:25:04.598+0000] {dag.py:3096} INFO - Sync 1 DAGs
[2026-05-24T16:25:04.610+0000] {logging_mixin.py:188} INFO - [2026-05-24T16:25:04.610+0000] {dag.py:3954} INFO - Setting next_dagrun for example_dynamic_task_mapping to 2022-03-04 00:00:00+00:00, run_after=2022-03-05 00:00:00+00:00
[2026-05-24T16:25:04.623+0000] {processor.py:183} INFO - Processing /home/varn1t/ml-pipeline/venv/lib/python3.11/site-packages/airflow/example_dags/example_dynamic_task_mapping.py took 0.048 seconds
[2026-05-24T16:25:49.146+0000] {processor.py:161} INFO - Started process (PID=21003) to work on /home/varn1t/ml-pipeline/venv/lib/python3.11/site-packages/airflow/example_dags/example_dynamic_task_mapping.py
[2026-05-24T16:25:49.147+0000] {processor.py:830} INFO - Processing file /home/varn1t/ml-pipeline/venv/lib/python3.11/site-packages/airflow/example_dags/example_dynamic_task_mapping.py for tasks to queue
[2026-05-24T16:25:49.149+0000] {logging_mixin.py:188} INFO - [2026-05-24T16:25:49.148+0000] {dagbag.py:545} INFO - Filling up the DagBag from /home/varn1t/ml-pipeline/venv/lib/python3.11/site-packages/airflow/example_dags/example_dynamic_task_mapping.py
[2026-05-24T16:25:49.156+0000] {processor.py:840} INFO - DAG(s) 'example_dynamic_task_mapping' retrieved from /home/varn1t/ml-pipeline/venv/lib/python3.11/site-packages/airflow/example_dags/example_dynamic_task_mapping.py
[2026-05-24T16:25:49.170+0000] {logging_mixin.py:188} INFO - [2026-05-24T16:25:49.170+0000] {dag.py:3096} INFO - Sync 1 DAGs
[2026-05-24T16:25:49.184+0000] {logging_mixin.py:188} INFO - [2026-05-24T16:25:49.184+0000] {dag.py:3954} INFO - Setting next_dagrun for example_dynamic_task_mapping to 2022-03-04 00:00:00+00:00, run_after=2022-03-05 00:00:00+00:00
[2026-05-24T16:25:49.201+0000] {processor.py:183} INFO - Processing /home/varn1t/ml-pipeline/venv/lib/python3.11/site-packages/airflow/example_dags/example_dynamic_task_mapping.py took 0.060 seconds
[2026-05-24T16:26:31.489+0000] {processor.py:161} INFO - Started process (PID=21304) to work on /home/varn1t/ml-pipeline/venv/lib/python3.11/site-packages/airflow/example_dags/example_dynamic_task_mapping.py
[2026-05-24T16:26:31.489+0000] {processor.py:830} INFO - Processing file /home/varn1t/ml-pipeline/venv/lib/python3.11/site-packages/airflow/example_dags/example_dynamic_task_mapping.py for tasks to queue
[2026-05-24T16:26:31.491+0000] {logging_mixin.py:188} INFO - [2026-05-24T16:26:31.490+0000] {dagbag.py:545} INFO - Filling up the DagBag from /home/varn1t/ml-pipeline/venv/lib/python3.11/site-packages/airflow/example_dags/example_dynamic_task_mapping.py
[2026-05-24T16:26:31.497+0000] {processor.py:840} INFO - DAG(s) 'example_dynamic_task_mapping' retrieved from /home/varn1t/ml-pipeline/venv/lib/python3.11/site-packages/airflow/example_dags/example_dynamic_task_mapping.py
[2026-05-24T16:26:31.510+0000] {logging_mixin.py:188} INFO - [2026-05-24T16:26:31.510+0000] {dag.py:3096} INFO - Sync 1 DAGs
[2026-05-24T16:26:31.520+0000] {logging_mixin.py:188} INFO - [2026-05-24T16:26:31.520+0000] {dag.py:3954} INFO - Setting next_dagrun for example_dynamic_task_mapping to 2022-03-04 00:00:00+00:00, run_after=2022-03-05 00:00:00+00:00
[2026-05-24T16:26:31.535+0000] {processor.py:183} INFO - Processing /home/varn1t/ml-pipeline/venv/lib/python3.11/site-packages/airflow/example_dags/example_dynamic_task_mapping.py took 0.051 seconds
[2026-05-24T16:27:15.106+0000] {processor.py:161} INFO - Started process (PID=21507) to work on /home/varn1t/ml-pipeline/venv/lib/python3.11/site-packages/airflow/example_dags/example_dynamic_task_mapping.py
[2026-05-24T16:27:15.107+0000] {processor.py:830} INFO - Processing file /home/varn1t/ml-pipeline/venv/lib/python3.11/site-packages/airflow/example_dags/example_dynamic_task_mapping.py for tasks to queue
[2026-05-24T16:27:15.108+0000] {logging_mixin.py:188} INFO - [2026-05-24T16:27:15.108+0000] {dagbag.py:545} INFO - Filling up the DagBag from /home/varn1t/ml-pipeline/venv/lib/python3.11/site-packages/airflow/example_dags/example_dynamic_task_mapping.py
[2026-05-24T16:27:15.113+0000] {processor.py:840} INFO - DAG(s) 'example_dynamic_task_mapping' retrieved from /home/varn1t/ml-pipeline/venv/lib/python3.11/site-packages/airflow/example_dags/example_dynamic_task_mapping.py
[2026-05-24T16:27:15.125+0000] {logging_mixin.py:188} INFO - [2026-05-24T16:27:15.125+0000] {dag.py:3096} INFO - Sync 1 DAGs
[2026-05-24T16:27:15.136+0000] {logging_mixin.py:188} INFO - [2026-05-24T16:27:15.136+0000] {dag.py:3954} INFO - Setting next_dagrun for example_dynamic_task_mapping to 2022-03-04 00:00:00+00:00, run_after=2022-03-05 00:00:00+00:00
[2026-05-24T16:27:15.151+0000] {processor.py:183} INFO - Processing /home/varn1t/ml-pipeline/venv/lib/python3.11/site-packages/airflow/example_dags/example_dynamic_task_mapping.py took 0.051 seconds
[2026-05-24T16:27:59.478+0000] {processor.py:161} INFO - Started process (PID=21959) to work on /home/varn1t/ml-pipeline/venv/lib/python3.11/site-packages/airflow/example_dags/example_dynamic_task_mapping.py
[2026-05-24T16:27:59.479+0000] {processor.py:830} INFO - Processing file /home/varn1t/ml-pipeline/venv/lib/python3.11/site-packages/airflow/example_dags/example_dynamic_task_mapping.py for tasks to queue
[2026-05-24T16:27:59.480+0000] {logging_mixin.py:188} INFO - [2026-05-24T16:27:59.480+0000] {dagbag.py:545} INFO - Filling up the DagBag from /home/varn1t/ml-pipeline/venv/lib/python3.11/site-packages/airflow/example_dags/example_dynamic_task_mapping.py
[2026-05-24T16:27:59.485+0000] {processor.py:840} INFO - DAG(s) 'example_dynamic_task_mapping' retrieved from /home/varn1t/ml-pipeline/venv/lib/python3.11/site-packages/airflow/example_dags/example_dynamic_task_mapping.py
[2026-05-24T16:27:59.496+0000] {logging_mixin.py:188} INFO - [2026-05-24T16:27:59.495+0000] {dag.py:3096} INFO - Sync 1 DAGs
[2026-05-24T16:27:59.508+0000] {logging_mixin.py:188} INFO - [2026-05-24T16:27:59.507+0000] {dag.py:3954} INFO - Setting next_dagrun for example_dynamic_task_mapping to 2022-03-04 00:00:00+00:00, run_after=2022-03-05 00:00:00+00:00
[2026-05-24T16:27:59.522+0000] {processor.py:183} INFO - Processing /home/varn1t/ml-pipeline/venv/lib/python3.11/site-packages/airflow/example_dags/example_dynamic_task_mapping.py took 0.048 seconds
[2026-05-24T16:28:40.284+0000] {processor.py:161} INFO - Started process (PID=22414) to work on /home/varn1t/ml-pipeline/venv/lib/python3.11/site-packages/airflow/example_dags/example_dynamic_task_mapping.py
[2026-05-24T16:28:40.285+0000] {processor.py:830} INFO - Processing file /home/varn1t/ml-pipeline/venv/lib/python3.11/site-packages/airflow/example_dags/example_dynamic_task_mapping.py for tasks to queue
[2026-05-24T16:28:40.286+0000] {logging_mixin.py:188} INFO - [2026-05-24T16:28:40.286+0000] {dagbag.py:545} INFO - Filling up the DagBag from /home/varn1t/ml-pipeline/venv/lib/python3.11/site-packages/airflow/example_dags/example_dynamic_task_mapping.py
[2026-05-24T16:28:40.291+0000] {processor.py:840} INFO - DAG(s) 'example_dynamic_task_mapping' retrieved from /home/varn1t/ml-pipeline/venv/lib/python3.11/site-packages/airflow/example_dags/example_dynamic_task_mapping.py
[2026-05-24T16:28:40.300+0000] {logging_mixin.py:188} INFO - [2026-05-24T16:28:40.300+0000] {dag.py:3096} INFO - Sync 1 DAGs
[2026-05-24T16:28:40.309+0000] {logging_mixin.py:188} INFO - [2026-05-24T16:28:40.309+0000] {dag.py:3954} INFO - Setting next_dagrun for example_dynamic_task_mapping to 2022-03-04 00:00:00+00:00, run_after=2022-03-05 00:00:00+00:00
[2026-05-24T16:28:40.324+0000] {processor.py:183} INFO - Processing /home/varn1t/ml-pipeline/venv/lib/python3.11/site-packages/airflow/example_dags/example_dynamic_task_mapping.py took 0.044 seconds
[2026-05-24T16:29:22.364+0000] {processor.py:161} INFO - Started process (PID=22594) to work on /home/varn1t/ml-pipeline/venv/lib/python3.11/site-packages/airflow/example_dags/example_dynamic_task_mapping.py
[2026-05-24T16:29:22.365+0000] {processor.py:830} INFO - Processing file /home/varn1t/ml-pipeline/venv/lib/python3.11/site-packages/airflow/example_dags/example_dynamic_task_mapping.py for tasks to queue
[2026-05-24T16:29:22.366+0000] {logging_mixin.py:188} INFO - [2026-05-24T16:29:22.366+0000] {dagbag.py:545} INFO - Filling up the DagBag from /home/varn1t/ml-pipeline/venv/lib/python3.11/site-packages/airflow/example_dags/example_dynamic_task_mapping.py
[2026-05-24T16:29:22.373+0000] {processor.py:840} INFO - DAG(s) 'example_dynamic_task_mapping' retrieved from /home/varn1t/ml-pipeline/venv/lib/python3.11/site-packages/airflow/example_dags/example_dynamic_task_mapping.py
[2026-05-24T16:29:22.384+0000] {logging_mixin.py:188} INFO - [2026-05-24T16:29:22.383+0000] {dag.py:3096} INFO - Sync 1 DAGs
[2026-05-24T16:29:22.395+0000] {logging_mixin.py:188} INFO - [2026-05-24T16:29:22.394+0000] {dag.py:3954} INFO - Setting next_dagrun for example_dynamic_task_mapping to 2022-03-04 00:00:00+00:00, run_after=2022-03-05 00:00:00+00:00
[2026-05-24T16:29:22.411+0000] {processor.py:183} INFO - Processing /home/varn1t/ml-pipeline/venv/lib/python3.11/site-packages/airflow/example_dags/example_dynamic_task_mapping.py took 0.052 seconds
[2026-05-24T16:30:05.422+0000] {processor.py:161} INFO - Started process (PID=22784) to work on /home/varn1t/ml-pipeline/venv/lib/python3.11/site-packages/airflow/example_dags/example_dynamic_task_mapping.py
[2026-05-24T16:30:05.423+0000] {processor.py:830} INFO - Processing file /home/varn1t/ml-pipeline/venv/lib/python3.11/site-packages/airflow/example_dags/example_dynamic_task_mapping.py for tasks to queue
[2026-05-24T16:30:05.424+0000] {logging_mixin.py:188} INFO - [2026-05-24T16:30:05.424+0000] {dagbag.py:545} INFO - Filling up the DagBag from /home/varn1t/ml-pipeline/venv/lib/python3.11/site-packages/airflow/example_dags/example_dynamic_task_mapping.py
[2026-05-24T16:30:05.429+0000] {processor.py:840} INFO - DAG(s) 'example_dynamic_task_mapping' retrieved from /home/varn1t/ml-pipeline/venv/lib/python3.11/site-packages/airflow/example_dags/example_dynamic_task_mapping.py
[2026-05-24T16:30:05.438+0000] {logging_mixin.py:188} INFO - [2026-05-24T16:30:05.438+0000] {dag.py:3096} INFO - Sync 1 DAGs
[2026-05-24T16:30:05.448+0000] {logging_mixin.py:188} INFO - [2026-05-24T16:30:05.448+0000] {dag.py:3954} INFO - Setting next_dagrun for example_dynamic_task_mapping to 2022-03-04 00:00:00+00:00, run_after=2022-03-05 00:00:00+00:00
[2026-05-24T16:30:05.463+0000] {processor.py:183} INFO - Processing /home/varn1t/ml-pipeline/venv/lib/python3.11/site-packages/airflow/example_dags/example_dynamic_task_mapping.py took 0.044 seconds
[2026-05-24T16:30:51.092+0000] {processor.py:161} INFO - Started process (PID=23013) to work on /home/varn1t/ml-pipeline/venv/lib/python3.11/site-packages/airflow/example_dags/example_dynamic_task_mapping.py
[2026-05-24T16:30:51.093+0000] {processor.py:830} INFO - Processing file /home/varn1t/ml-pipeline/venv/lib/python3.11/site-packages/airflow/example_dags/example_dynamic_task_mapping.py for tasks to queue
[2026-05-24T16:30:51.095+0000] {logging_mixin.py:188} INFO - [2026-05-24T16:30:51.094+0000] {dagbag.py:545} INFO - Filling up the DagBag from /home/varn1t/ml-pipeline/venv/lib/python3.11/site-packages/airflow/example_dags/example_dynamic_task_mapping.py
[2026-05-24T16:30:51.100+0000] {processor.py:840} INFO - DAG(s) 'example_dynamic_task_mapping' retrieved from /home/varn1t/ml-pipeline/venv/lib/python3.11/site-packages/airflow/example_dags/example_dynamic_task_mapping.py
[2026-05-24T16:30:51.109+0000] {logging_mixin.py:188} INFO - [2026-05-24T16:30:51.109+0000] {dag.py:3096} INFO - Sync 1 DAGs
[2026-05-24T16:30:51.119+0000] {logging_mixin.py:188} INFO - [2026-05-24T16:30:51.119+0000] {dag.py:3954} INFO - Setting next_dagrun for example_dynamic_task_mapping to 2022-03-04 00:00:00+00:00, run_after=2022-03-05 00:00:00+00:00
[2026-05-24T16:30:51.134+0000] {processor.py:183} INFO - Processing /home/varn1t/ml-pipeline/venv/lib/python3.11/site-packages/airflow/example_dags/example_dynamic_task_mapping.py took 0.045 seconds
[2026-05-24T16:31:33.508+0000] {processor.py:161} INFO - Started process (PID=23261) to work on /home/varn1t/ml-pipeline/venv/lib/python3.11/site-packages/airflow/example_dags/example_dynamic_task_mapping.py
[2026-05-24T16:31:33.509+0000] {processor.py:830} INFO - Processing file /home/varn1t/ml-pipeline/venv/lib/python3.11/site-packages/airflow/example_dags/example_dynamic_task_mapping.py for tasks to queue
[2026-05-24T16:31:33.510+0000] {logging_mixin.py:188} INFO - [2026-05-24T16:31:33.510+0000] {dagbag.py:545} INFO - Filling up the DagBag from /home/varn1t/ml-pipeline/venv/lib/python3.11/site-packages/airflow/example_dags/example_dynamic_task_mapping.py
[2026-05-24T16:31:33.516+0000] {processor.py:840} INFO - DAG(s) 'example_dynamic_task_mapping' retrieved from /home/varn1t/ml-pipeline/venv/lib/python3.11/site-packages/airflow/example_dags/example_dynamic_task_mapping.py
[2026-05-24T16:31:33.526+0000] {logging_mixin.py:188} INFO - [2026-05-24T16:31:33.526+0000] {dag.py:3096} INFO - Sync 1 DAGs
[2026-05-24T16:31:33.536+0000] {logging_mixin.py:188} INFO - [2026-05-24T16:31:33.536+0000] {dag.py:3954} INFO - Setting next_dagrun for example_dynamic_task_mapping to 2022-03-04 00:00:00+00:00, run_after=2022-03-05 00:00:00+00:00
[2026-05-24T16:31:33.551+0000] {processor.py:183} INFO - Processing /home/varn1t/ml-pipeline/venv/lib/python3.11/site-packages/airflow/example_dags/example_dynamic_task_mapping.py took 0.047 seconds
[2026-05-24T16:32:17.961+0000] {processor.py:161} INFO - Started process (PID=23639) to work on /home/varn1t/ml-pipeline/venv/lib/python3.11/site-packages/airflow/example_dags/example_dynamic_task_mapping.py
[2026-05-24T16:32:17.962+0000] {processor.py:830} INFO - Processing file /home/varn1t/ml-pipeline/venv/lib/python3.11/site-packages/airflow/example_dags/example_dynamic_task_mapping.py for tasks to queue
[2026-05-24T16:32:17.963+0000] {logging_mixin.py:188} INFO - [2026-05-24T16:32:17.963+0000] {dagbag.py:545} INFO - Filling up the DagBag from /home/varn1t/ml-pipeline/venv/lib/python3.11/site-packages/airflow/example_dags/example_dynamic_task_mapping.py
[2026-05-24T16:32:17.971+0000] {processor.py:840} INFO - DAG(s) 'example_dynamic_task_mapping' retrieved from /home/varn1t/ml-pipeline/venv/lib/python3.11/site-packages/airflow/example_dags/example_dynamic_task_mapping.py
[2026-05-24T16:32:17.983+0000] {logging_mixin.py:188} INFO - [2026-05-24T16:32:17.983+0000] {dag.py:3096} INFO - Sync 1 DAGs
[2026-05-24T16:32:17.996+0000] {logging_mixin.py:188} INFO - [2026-05-24T16:32:17.996+0000] {dag.py:3954} INFO - Setting next_dagrun for example_dynamic_task_mapping to 2022-03-04 00:00:00+00:00, run_after=2022-03-05 00:00:00+00:00
[2026-05-24T16:32:18.017+0000] {processor.py:183} INFO - Processing /home/varn1t/ml-pipeline/venv/lib/python3.11/site-packages/airflow/example_dags/example_dynamic_task_mapping.py took 0.063 seconds
[2026-05-24T16:33:05.889+0000] {processor.py:161} INFO - Started process (PID=24011) to work on /home/varn1t/ml-pipeline/venv/lib/python3.11/site-packages/airflow/example_dags/example_dynamic_task_mapping.py
[2026-05-24T16:33:05.890+0000] {processor.py:830} INFO - Processing file /home/varn1t/ml-pipeline/venv/lib/python3.11/site-packages/airflow/example_dags/example_dynamic_task_mapping.py for tasks to queue
[2026-05-24T16:33:05.892+0000] {logging_mixin.py:188} INFO - [2026-05-24T16:33:05.892+0000] {dagbag.py:545} INFO - Filling up the DagBag from /home/varn1t/ml-pipeline/venv/lib/python3.11/site-packages/airflow/example_dags/example_dynamic_task_mapping.py
[2026-05-24T16:33:05.900+0000] {processor.py:840} INFO - DAG(s) 'example_dynamic_task_mapping' retrieved from /home/varn1t/ml-pipeline/venv/lib/python3.11/site-packages/airflow/example_dags/example_dynamic_task_mapping.py
[2026-05-24T16:33:05.934+0000] {logging_mixin.py:188} INFO - [2026-05-24T16:33:05.934+0000] {dag.py:3096} INFO - Sync 1 DAGs
[2026-05-24T16:33:05.964+0000] {logging_mixin.py:188} INFO - [2026-05-24T16:33:05.963+0000] {dag.py:3954} INFO - Setting next_dagrun for example_dynamic_task_mapping to 2022-03-04 00:00:00+00:00, run_after=2022-03-05 00:00:00+00:00
[2026-05-24T16:33:05.992+0000] {processor.py:183} INFO - Processing /home/varn1t/ml-pipeline/venv/lib/python3.11/site-packages/airflow/example_dags/example_dynamic_task_mapping.py took 0.108 seconds
[2026-05-24T16:33:54.757+0000] {processor.py:161} INFO - Started process (PID=24303) to work on /home/varn1t/ml-pipeline/venv/lib/python3.11/site-packages/airflow/example_dags/example_dynamic_task_mapping.py
[2026-05-24T16:33:54.758+0000] {processor.py:830} INFO - Processing file /home/varn1t/ml-pipeline/venv/lib/python3.11/site-packages/airflow/example_dags/example_dynamic_task_mapping.py for tasks to queue
[2026-05-24T16:33:54.760+0000] {logging_mixin.py:188} INFO - [2026-05-24T16:33:54.760+0000] {dagbag.py:545} INFO - Filling up the DagBag from /home/varn1t/ml-pipeline/venv/lib/python3.11/site-packages/airflow/example_dags/example_dynamic_task_mapping.py
[2026-05-24T16:33:54.768+0000] {processor.py:840} INFO - DAG(s) 'example_dynamic_task_mapping' retrieved from /home/varn1t/ml-pipeline/venv/lib/python3.11/site-packages/airflow/example_dags/example_dynamic_task_mapping.py
[2026-05-24T16:33:54.783+0000] {logging_mixin.py:188} INFO - [2026-05-24T16:33:54.782+0000] {dag.py:3096} INFO - Sync 1 DAGs
[2026-05-24T16:33:54.797+0000] {logging_mixin.py:188} INFO - [2026-05-24T16:33:54.797+0000] {dag.py:3954} INFO - Setting next_dagrun for example_dynamic_task_mapping to 2022-03-04 00:00:00+00:00, run_after=2022-03-05 00:00:00+00:00
[2026-05-24T16:33:54.815+0000] {processor.py:183} INFO - Processing /home/varn1t/ml-pipeline/venv/lib/python3.11/site-packages/airflow/example_dags/example_dynamic_task_mapping.py took 0.063 seconds
[2026-05-24T16:34:34.199+0000] {processor.py:161} INFO - Started process (PID=24489) to work on /home/varn1t/ml-pipeline/venv/lib/python3.11/site-packages/airflow/example_dags/example_dynamic_task_mapping.py
[2026-05-24T16:34:34.201+0000] {processor.py:830} INFO - Processing file /home/varn1t/ml-pipeline/venv/lib/python3.11/site-packages/airflow/example_dags/example_dynamic_task_mapping.py for tasks to queue
[2026-05-24T16:34:34.203+0000] {logging_mixin.py:188} INFO - [2026-05-24T16:34:34.203+0000] {dagbag.py:545} INFO - Filling up the DagBag from /home/varn1t/ml-pipeline/venv/lib/python3.11/site-packages/airflow/example_dags/example_dynamic_task_mapping.py
[2026-05-24T16:34:34.213+0000] {processor.py:840} INFO - DAG(s) 'example_dynamic_task_mapping' retrieved from /home/varn1t/ml-pipeline/venv/lib/python3.11/site-packages/airflow/example_dags/example_dynamic_task_mapping.py
[2026-05-24T16:34:34.229+0000] {logging_mixin.py:188} INFO - [2026-05-24T16:34:34.229+0000] {dag.py:3096} INFO - Sync 1 DAGs
[2026-05-24T16:34:34.248+0000] {logging_mixin.py:188} INFO - [2026-05-24T16:34:34.247+0000] {dag.py:3954} INFO - Setting next_dagrun for example_dynamic_task_mapping to 2022-03-04 00:00:00+00:00, run_after=2022-03-05 00:00:00+00:00
[2026-05-24T16:34:34.269+0000] {processor.py:183} INFO - Processing /home/varn1t/ml-pipeline/venv/lib/python3.11/site-packages/airflow/example_dags/example_dynamic_task_mapping.py took 0.077 seconds
[2026-05-24T16:35:13.011+0000] {processor.py:161} INFO - Started process (PID=24662) to work on /home/varn1t/ml-pipeline/venv/lib/python3.11/site-packages/airflow/example_dags/example_dynamic_task_mapping.py
[2026-05-24T16:35:13.011+0000] {processor.py:830} INFO - Processing file /home/varn1t/ml-pipeline/venv/lib/python3.11/site-packages/airflow/example_dags/example_dynamic_task_mapping.py for tasks to queue
[2026-05-24T16:35:13.013+0000] {logging_mixin.py:188} INFO - [2026-05-24T16:35:13.012+0000] {dagbag.py:545} INFO - Filling up the DagBag from /home/varn1t/ml-pipeline/venv/lib/python3.11/site-packages/airflow/example_dags/example_dynamic_task_mapping.py
[2026-05-24T16:35:13.019+0000] {processor.py:840} INFO - DAG(s) 'example_dynamic_task_mapping' retrieved from /home/varn1t/ml-pipeline/venv/lib/python3.11/site-packages/airflow/example_dags/example_dynamic_task_mapping.py
[2026-05-24T16:35:13.031+0000] {logging_mixin.py:188} INFO - [2026-05-24T16:35:13.031+0000] {dag.py:3096} INFO - Sync 1 DAGs
[2026-05-24T16:35:13.045+0000] {logging_mixin.py:188} INFO - [2026-05-24T16:35:13.045+0000] {dag.py:3954} INFO - Setting next_dagrun for example_dynamic_task_mapping to 2022-03-04 00:00:00+00:00, run_after=2022-03-05 00:00:00+00:00
[2026-05-24T16:35:13.066+0000] {processor.py:183} INFO - Processing /home/varn1t/ml-pipeline/venv/lib/python3.11/site-packages/airflow/example_dags/example_dynamic_task_mapping.py took 0.061 seconds
[2026-05-24T16:35:57.927+0000] {processor.py:161} INFO - Started process (PID=24861) to work on /home/varn1t/ml-pipeline/venv/lib/python3.11/site-packages/airflow/example_dags/example_dynamic_task_mapping.py
[2026-05-24T16:35:57.928+0000] {processor.py:830} INFO - Processing file /home/varn1t/ml-pipeline/venv/lib/python3.11/site-packages/airflow/example_dags/example_dynamic_task_mapping.py for tasks to queue
[2026-05-24T16:35:57.930+0000] {logging_mixin.py:188} INFO - [2026-05-24T16:35:57.929+0000] {dagbag.py:545} INFO - Filling up the DagBag from /home/varn1t/ml-pipeline/venv/lib/python3.11/site-packages/airflow/example_dags/example_dynamic_task_mapping.py
[2026-05-24T16:35:57.934+0000] {processor.py:840} INFO - DAG(s) 'example_dynamic_task_mapping' retrieved from /home/varn1t/ml-pipeline/venv/lib/python3.11/site-packages/airflow/example_dags/example_dynamic_task_mapping.py
[2026-05-24T16:35:57.944+0000] {logging_mixin.py:188} INFO - [2026-05-24T16:35:57.944+0000] {dag.py:3096} INFO - Sync 1 DAGs
[2026-05-24T16:35:57.954+0000] {logging_mixin.py:188} INFO - [2026-05-24T16:35:57.954+0000] {dag.py:3954} INFO - Setting next_dagrun for example_dynamic_task_mapping to 2022-03-04 00:00:00+00:00, run_after=2022-03-05 00:00:00+00:00
[2026-05-24T16:35:57.966+0000] {processor.py:183} INFO - Processing /home/varn1t/ml-pipeline/venv/lib/python3.11/site-packages/airflow/example_dags/example_dynamic_task_mapping.py took 0.044 seconds
[2026-05-24T16:36:42.040+0000] {processor.py:161} INFO - Started process (PID=25085) to work on /home/varn1t/ml-pipeline/venv/lib/python3.11/site-packages/airflow/example_dags/example_dynamic_task_mapping.py
[2026-05-24T16:36:42.041+0000] {processor.py:830} INFO - Processing file /home/varn1t/ml-pipeline/venv/lib/python3.11/site-packages/airflow/example_dags/example_dynamic_task_mapping.py for tasks to queue
[2026-05-24T16:36:42.042+0000] {logging_mixin.py:188} INFO - [2026-05-24T16:36:42.042+0000] {dagbag.py:545} INFO - Filling up the DagBag from /home/varn1t/ml-pipeline/venv/lib/python3.11/site-packages/airflow/example_dags/example_dynamic_task_mapping.py
[2026-05-24T16:36:42.047+0000] {processor.py:840} INFO - DAG(s) 'example_dynamic_task_mapping' retrieved from /home/varn1t/ml-pipeline/venv/lib/python3.11/site-packages/airflow/example_dags/example_dynamic_task_mapping.py
[2026-05-24T16:36:42.056+0000] {logging_mixin.py:188} INFO - [2026-05-24T16:36:42.056+0000] {dag.py:3096} INFO - Sync 1 DAGs
[2026-05-24T16:36:42.066+0000] {logging_mixin.py:188} INFO - [2026-05-24T16:36:42.066+0000] {dag.py:3954} INFO - Setting next_dagrun for example_dynamic_task_mapping to 2022-03-04 00:00:00+00:00, run_after=2022-03-05 00:00:00+00:00
[2026-05-24T16:36:42.080+0000] {processor.py:183} INFO - Processing /home/varn1t/ml-pipeline/venv/lib/python3.11/site-packages/airflow/example_dags/example_dynamic_task_mapping.py took 0.045 seconds
[2026-05-24T16:37:24.196+0000] {processor.py:161} INFO - Started process (PID=25268) to work on /home/varn1t/ml-pipeline/venv/lib/python3.11/site-packages/airflow/example_dags/example_dynamic_task_mapping.py
[2026-05-24T16:37:24.197+0000] {processor.py:830} INFO - Processing file /home/varn1t/ml-pipeline/venv/lib/python3.11/site-packages/airflow/example_dags/example_dynamic_task_mapping.py for tasks to queue
[2026-05-24T16:37:24.199+0000] {logging_mixin.py:188} INFO - [2026-05-24T16:37:24.198+0000] {dagbag.py:545} INFO - Filling up the DagBag from /home/varn1t/ml-pipeline/venv/lib/python3.11/site-packages/airflow/example_dags/example_dynamic_task_mapping.py
[2026-05-24T16:37:24.204+0000] {processor.py:840} INFO - DAG(s) 'example_dynamic_task_mapping' retrieved from /home/varn1t/ml-pipeline/venv/lib/python3.11/site-packages/airflow/example_dags/example_dynamic_task_mapping.py
[2026-05-24T16:37:24.212+0000] {logging_mixin.py:188} INFO - [2026-05-24T16:37:24.212+0000] {dag.py:3096} INFO - Sync 1 DAGs
[2026-05-24T16:37:24.223+0000] {logging_mixin.py:188} INFO - [2026-05-24T16:37:24.223+0000] {dag.py:3954} INFO - Setting next_dagrun for example_dynamic_task_mapping to 2022-03-04 00:00:00+00:00, run_after=2022-03-05 00:00:00+00:00
[2026-05-24T16:37:24.238+0000] {processor.py:183} INFO - Processing /home/varn1t/ml-pipeline/venv/lib/python3.11/site-packages/airflow/example_dags/example_dynamic_task_mapping.py took 0.046 seconds
[2026-05-24T16:38:08.350+0000] {processor.py:161} INFO - Started process (PID=25468) to work on /home/varn1t/ml-pipeline/venv/lib/python3.11/site-packages/airflow/example_dags/example_dynamic_task_mapping.py
[2026-05-24T16:38:08.351+0000] {processor.py:830} INFO - Processing file /home/varn1t/ml-pipeline/venv/lib/python3.11/site-packages/airflow/example_dags/example_dynamic_task_mapping.py for tasks to queue
[2026-05-24T16:38:08.352+0000] {logging_mixin.py:188} INFO - [2026-05-24T16:38:08.352+0000] {dagbag.py:545} INFO - Filling up the DagBag from /home/varn1t/ml-pipeline/venv/lib/python3.11/site-packages/airflow/example_dags/example_dynamic_task_mapping.py
[2026-05-24T16:38:08.358+0000] {processor.py:840} INFO - DAG(s) 'example_dynamic_task_mapping' retrieved from /home/varn1t/ml-pipeline/venv/lib/python3.11/site-packages/airflow/example_dags/example_dynamic_task_mapping.py
[2026-05-24T16:38:08.369+0000] {logging_mixin.py:188} INFO - [2026-05-24T16:38:08.369+0000] {dag.py:3096} INFO - Sync 1 DAGs
[2026-05-24T16:38:08.383+0000] {logging_mixin.py:188} INFO - [2026-05-24T16:38:08.383+0000] {dag.py:3954} INFO - Setting next_dagrun for example_dynamic_task_mapping to 2022-03-04 00:00:00+00:00, run_after=2022-03-05 00:00:00+00:00
[2026-05-24T16:38:08.404+0000] {processor.py:183} INFO - Processing /home/varn1t/ml-pipeline/venv/lib/python3.11/site-packages/airflow/example_dags/example_dynamic_task_mapping.py took 0.058 seconds
[2026-05-24T16:38:52.702+0000] {processor.py:161} INFO - Started process (PID=25660) to work on /home/varn1t/ml-pipeline/venv/lib/python3.11/site-packages/airflow/example_dags/example_dynamic_task_mapping.py
[2026-05-24T16:38:52.703+0000] {processor.py:830} INFO - Processing file /home/varn1t/ml-pipeline/venv/lib/python3.11/site-packages/airflow/example_dags/example_dynamic_task_mapping.py for tasks to queue
[2026-05-24T16:38:52.704+0000] {logging_mixin.py:188} INFO - [2026-05-24T16:38:52.704+0000] {dagbag.py:545} INFO - Filling up the DagBag from /home/varn1t/ml-pipeline/venv/lib/python3.11/site-packages/airflow/example_dags/example_dynamic_task_mapping.py
[2026-05-24T16:38:52.709+0000] {processor.py:840} INFO - DAG(s) 'example_dynamic_task_mapping' retrieved from /home/varn1t/ml-pipeline/venv/lib/python3.11/site-packages/airflow/example_dags/example_dynamic_task_mapping.py
[2026-05-24T16:38:52.720+0000] {logging_mixin.py:188} INFO - [2026-05-24T16:38:52.720+0000] {dag.py:3096} INFO - Sync 1 DAGs
[2026-05-24T16:38:52.730+0000] {logging_mixin.py:188} INFO - [2026-05-24T16:38:52.729+0000] {dag.py:3954} INFO - Setting next_dagrun for example_dynamic_task_mapping to 2022-03-04 00:00:00+00:00, run_after=2022-03-05 00:00:00+00:00
[2026-05-24T16:38:52.743+0000] {processor.py:183} INFO - Processing /home/varn1t/ml-pipeline/venv/lib/python3.11/site-packages/airflow/example_dags/example_dynamic_task_mapping.py took 0.045 seconds
[2026-05-24T16:39:35.211+0000] {processor.py:161} INFO - Started process (PID=25852) to work on /home/varn1t/ml-pipeline/venv/lib/python3.11/site-packages/airflow/example_dags/example_dynamic_task_mapping.py
[2026-05-24T16:39:35.212+0000] {processor.py:830} INFO - Processing file /home/varn1t/ml-pipeline/venv/lib/python3.11/site-packages/airflow/example_dags/example_dynamic_task_mapping.py for tasks to queue
[2026-05-24T16:39:35.213+0000] {logging_mixin.py:188} INFO - [2026-05-24T16:39:35.213+0000] {dagbag.py:545} INFO - Filling up the DagBag from /home/varn1t/ml-pipeline/venv/lib/python3.11/site-packages/airflow/example_dags/example_dynamic_task_mapping.py
[2026-05-24T16:39:35.218+0000] {processor.py:840} INFO - DAG(s) 'example_dynamic_task_mapping' retrieved from /home/varn1t/ml-pipeline/venv/lib/python3.11/site-packages/airflow/example_dags/example_dynamic_task_mapping.py
[2026-05-24T16:39:35.229+0000] {logging_mixin.py:188} INFO - [2026-05-24T16:39:35.229+0000] {dag.py:3096} INFO - Sync 1 DAGs
[2026-05-24T16:39:35.240+0000] {logging_mixin.py:188} INFO - [2026-05-24T16:39:35.240+0000] {dag.py:3954} INFO - Setting next_dagrun for example_dynamic_task_mapping to 2022-03-04 00:00:00+00:00, run_after=2022-03-05 00:00:00+00:00
[2026-05-24T16:39:35.256+0000] {processor.py:183} INFO - Processing /home/varn1t/ml-pipeline/venv/lib/python3.11/site-packages/airflow/example_dags/example_dynamic_task_mapping.py took 0.051 seconds
[2026-05-24T16:40:17.608+0000] {processor.py:161} INFO - Started process (PID=26072) to work on /home/varn1t/ml-pipeline/venv/lib/python3.11/site-packages/airflow/example_dags/example_dynamic_task_mapping.py
[2026-05-24T16:40:17.609+0000] {processor.py:830} INFO - Processing file /home/varn1t/ml-pipeline/venv/lib/python3.11/site-packages/airflow/example_dags/example_dynamic_task_mapping.py for tasks to queue
[2026-05-24T16:40:17.611+0000] {logging_mixin.py:188} INFO - [2026-05-24T16:40:17.611+0000] {dagbag.py:545} INFO - Filling up the DagBag from /home/varn1t/ml-pipeline/venv/lib/python3.11/site-packages/airflow/example_dags/example_dynamic_task_mapping.py
[2026-05-24T16:40:17.616+0000] {processor.py:840} INFO - DAG(s) 'example_dynamic_task_mapping' retrieved from /home/varn1t/ml-pipeline/venv/lib/python3.11/site-packages/airflow/example_dags/example_dynamic_task_mapping.py
[2026-05-24T16:40:17.627+0000] {logging_mixin.py:188} INFO - [2026-05-24T16:40:17.627+0000] {dag.py:3096} INFO - Sync 1 DAGs
[2026-05-24T16:40:17.640+0000] {logging_mixin.py:188} INFO - [2026-05-24T16:40:17.640+0000] {dag.py:3954} INFO - Setting next_dagrun for example_dynamic_task_mapping to 2022-03-04 00:00:00+00:00, run_after=2022-03-05 00:00:00+00:00
[2026-05-24T16:40:17.658+0000] {processor.py:183} INFO - Processing /home/varn1t/ml-pipeline/venv/lib/python3.11/site-packages/airflow/example_dags/example_dynamic_task_mapping.py took 0.054 seconds
[2026-05-24T16:41:00.279+0000] {processor.py:161} INFO - Started process (PID=26255) to work on /home/varn1t/ml-pipeline/venv/lib/python3.11/site-packages/airflow/example_dags/example_dynamic_task_mapping.py
[2026-05-24T16:41:00.280+0000] {processor.py:830} INFO - Processing file /home/varn1t/ml-pipeline/venv/lib/python3.11/site-packages/airflow/example_dags/example_dynamic_task_mapping.py for tasks to queue
[2026-05-24T16:41:00.281+0000] {logging_mixin.py:188} INFO - [2026-05-24T16:41:00.281+0000] {dagbag.py:545} INFO - Filling up the DagBag from /home/varn1t/ml-pipeline/venv/lib/python3.11/site-packages/airflow/example_dags/example_dynamic_task_mapping.py
[2026-05-24T16:41:00.286+0000] {processor.py:840} INFO - DAG(s) 'example_dynamic_task_mapping' retrieved from /home/varn1t/ml-pipeline/venv/lib/python3.11/site-packages/airflow/example_dags/example_dynamic_task_mapping.py
[2026-05-24T16:41:00.298+0000] {logging_mixin.py:188} INFO - [2026-05-24T16:41:00.298+0000] {dag.py:3096} INFO - Sync 1 DAGs
[2026-05-24T16:41:00.309+0000] {logging_mixin.py:188} INFO - [2026-05-24T16:41:00.309+0000] {dag.py:3954} INFO - Setting next_dagrun for example_dynamic_task_mapping to 2022-03-04 00:00:00+00:00, run_after=2022-03-05 00:00:00+00:00
[2026-05-24T16:41:00.324+0000] {processor.py:183} INFO - Processing /home/varn1t/ml-pipeline/venv/lib/python3.11/site-packages/airflow/example_dags/example_dynamic_task_mapping.py took 0.049 seconds
[2026-05-24T16:41:38.505+0000] {processor.py:161} INFO - Started process (PID=26460) to work on /home/varn1t/ml-pipeline/venv/lib/python3.11/site-packages/airflow/example_dags/example_dynamic_task_mapping.py
[2026-05-24T16:41:38.506+0000] {processor.py:830} INFO - Processing file /home/varn1t/ml-pipeline/venv/lib/python3.11/site-packages/airflow/example_dags/example_dynamic_task_mapping.py for tasks to queue
[2026-05-24T16:41:38.507+0000] {logging_mixin.py:188} INFO - [2026-05-24T16:41:38.507+0000] {dagbag.py:545} INFO - Filling up the DagBag from /home/varn1t/ml-pipeline/venv/lib/python3.11/site-packages/airflow/example_dags/example_dynamic_task_mapping.py
[2026-05-24T16:41:38.512+0000] {processor.py:840} INFO - DAG(s) 'example_dynamic_task_mapping' retrieved from /home/varn1t/ml-pipeline/venv/lib/python3.11/site-packages/airflow/example_dags/example_dynamic_task_mapping.py
[2026-05-24T16:41:38.522+0000] {logging_mixin.py:188} INFO - [2026-05-24T16:41:38.521+0000] {dag.py:3096} INFO - Sync 1 DAGs
[2026-05-24T16:41:38.534+0000] {logging_mixin.py:188} INFO - [2026-05-24T16:41:38.534+0000] {dag.py:3954} INFO - Setting next_dagrun for example_dynamic_task_mapping to 2022-03-04 00:00:00+00:00, run_after=2022-03-05 00:00:00+00:00
[2026-05-24T16:41:38.548+0000] {processor.py:183} INFO - Processing /home/varn1t/ml-pipeline/venv/lib/python3.11/site-packages/airflow/example_dags/example_dynamic_task_mapping.py took 0.047 seconds
[2026-05-24T16:42:19.580+0000] {processor.py:161} INFO - Started process (PID=26642) to work on /home/varn1t/ml-pipeline/venv/lib/python3.11/site-packages/airflow/example_dags/example_dynamic_task_mapping.py
[2026-05-24T16:42:19.581+0000] {processor.py:830} INFO - Processing file /home/varn1t/ml-pipeline/venv/lib/python3.11/site-packages/airflow/example_dags/example_dynamic_task_mapping.py for tasks to queue
[2026-05-24T16:42:19.583+0000] {logging_mixin.py:188} INFO - [2026-05-24T16:42:19.582+0000] {dagbag.py:545} INFO - Filling up the DagBag from /home/varn1t/ml-pipeline/venv/lib/python3.11/site-packages/airflow/example_dags/example_dynamic_task_mapping.py
[2026-05-24T16:42:19.589+0000] {processor.py:840} INFO - DAG(s) 'example_dynamic_task_mapping' retrieved from /home/varn1t/ml-pipeline/venv/lib/python3.11/site-packages/airflow/example_dags/example_dynamic_task_mapping.py
[2026-05-24T16:42:19.601+0000] {logging_mixin.py:188} INFO - [2026-05-24T16:42:19.601+0000] {dag.py:3096} INFO - Sync 1 DAGs
[2026-05-24T16:42:19.616+0000] {logging_mixin.py:188} INFO - [2026-05-24T16:42:19.616+0000] {dag.py:3954} INFO - Setting next_dagrun for example_dynamic_task_mapping to 2022-03-04 00:00:00+00:00, run_after=2022-03-05 00:00:00+00:00
[2026-05-24T16:42:19.633+0000] {processor.py:183} INFO - Processing /home/varn1t/ml-pipeline/venv/lib/python3.11/site-packages/airflow/example_dags/example_dynamic_task_mapping.py took 0.058 seconds
[2026-05-24T16:43:04.552+0000] {processor.py:161} INFO - Started process (PID=26839) to work on /home/varn1t/ml-pipeline/venv/lib/python3.11/site-packages/airflow/example_dags/example_dynamic_task_mapping.py
[2026-05-24T16:43:04.553+0000] {processor.py:830} INFO - Processing file /home/varn1t/ml-pipeline/venv/lib/python3.11/site-packages/airflow/example_dags/example_dynamic_task_mapping.py for tasks to queue
[2026-05-24T16:43:04.554+0000] {logging_mixin.py:188} INFO - [2026-05-24T16:43:04.554+0000] {dagbag.py:545} INFO - Filling up the DagBag from /home/varn1t/ml-pipeline/venv/lib/python3.11/site-packages/airflow/example_dags/example_dynamic_task_mapping.py
[2026-05-24T16:43:04.560+0000] {processor.py:840} INFO - DAG(s) 'example_dynamic_task_mapping' retrieved from /home/varn1t/ml-pipeline/venv/lib/python3.11/site-packages/airflow/example_dags/example_dynamic_task_mapping.py
[2026-05-24T16:43:04.570+0000] {logging_mixin.py:188} INFO - [2026-05-24T16:43:04.570+0000] {dag.py:3096} INFO - Sync 1 DAGs
[2026-05-24T16:43:04.580+0000] {logging_mixin.py:188} INFO - [2026-05-24T16:43:04.579+0000] {dag.py:3954} INFO - Setting next_dagrun for example_dynamic_task_mapping to 2022-03-04 00:00:00+00:00, run_after=2022-03-05 00:00:00+00:00
[2026-05-24T16:43:04.595+0000] {processor.py:183} INFO - Processing /home/varn1t/ml-pipeline/venv/lib/python3.11/site-packages/airflow/example_dags/example_dynamic_task_mapping.py took 0.047 seconds
[2026-05-24T16:43:49.047+0000] {processor.py:161} INFO - Started process (PID=27039) to work on /home/varn1t/ml-pipeline/venv/lib/python3.11/site-packages/airflow/example_dags/example_dynamic_task_mapping.py
[2026-05-24T16:43:49.048+0000] {processor.py:830} INFO - Processing file /home/varn1t/ml-pipeline/venv/lib/python3.11/site-packages/airflow/example_dags/example_dynamic_task_mapping.py for tasks to queue
[2026-05-24T16:43:49.050+0000] {logging_mixin.py:188} INFO - [2026-05-24T16:43:49.049+0000] {dagbag.py:545} INFO - Filling up the DagBag from /home/varn1t/ml-pipeline/venv/lib/python3.11/site-packages/airflow/example_dags/example_dynamic_task_mapping.py
[2026-05-24T16:43:49.056+0000] {processor.py:840} INFO - DAG(s) 'example_dynamic_task_mapping' retrieved from /home/varn1t/ml-pipeline/venv/lib/python3.11/site-packages/airflow/example_dags/example_dynamic_task_mapping.py
[2026-05-24T16:43:49.065+0000] {logging_mixin.py:188} INFO - [2026-05-24T16:43:49.065+0000] {dag.py:3096} INFO - Sync 1 DAGs
[2026-05-24T16:43:49.078+0000] {logging_mixin.py:188} INFO - [2026-05-24T16:43:49.078+0000] {dag.py:3954} INFO - Setting next_dagrun for example_dynamic_task_mapping to 2022-03-04 00:00:00+00:00, run_after=2022-03-05 00:00:00+00:00
[2026-05-24T16:43:49.093+0000] {processor.py:183} INFO - Processing /home/varn1t/ml-pipeline/venv/lib/python3.11/site-packages/airflow/example_dags/example_dynamic_task_mapping.py took 0.050 seconds
[2026-05-24T16:44:33.440+0000] {processor.py:161} INFO - Started process (PID=27229) to work on /home/varn1t/ml-pipeline/venv/lib/python3.11/site-packages/airflow/example_dags/example_dynamic_task_mapping.py
[2026-05-24T16:44:33.441+0000] {processor.py:830} INFO - Processing file /home/varn1t/ml-pipeline/venv/lib/python3.11/site-packages/airflow/example_dags/example_dynamic_task_mapping.py for tasks to queue
[2026-05-24T16:44:33.442+0000] {logging_mixin.py:188} INFO - [2026-05-24T16:44:33.442+0000] {dagbag.py:545} INFO - Filling up the DagBag from /home/varn1t/ml-pipeline/venv/lib/python3.11/site-packages/airflow/example_dags/example_dynamic_task_mapping.py
[2026-05-24T16:44:33.449+0000] {processor.py:840} INFO - DAG(s) 'example_dynamic_task_mapping' retrieved from /home/varn1t/ml-pipeline/venv/lib/python3.11/site-packages/airflow/example_dags/example_dynamic_task_mapping.py
[2026-05-24T16:44:33.458+0000] {logging_mixin.py:188} INFO - [2026-05-24T16:44:33.457+0000] {dag.py:3096} INFO - Sync 1 DAGs
[2026-05-24T16:44:33.468+0000] {logging_mixin.py:188} INFO - [2026-05-24T16:44:33.468+0000] {dag.py:3954} INFO - Setting next_dagrun for example_dynamic_task_mapping to 2022-03-04 00:00:00+00:00, run_after=2022-03-05 00:00:00+00:00
[2026-05-24T16:44:33.484+0000] {processor.py:183} INFO - Processing /home/varn1t/ml-pipeline/venv/lib/python3.11/site-packages/airflow/example_dags/example_dynamic_task_mapping.py took 0.047 seconds
[2026-05-24T16:45:18.162+0000] {processor.py:161} INFO - Started process (PID=27436) to work on /home/varn1t/ml-pipeline/venv/lib/python3.11/site-packages/airflow/example_dags/example_dynamic_task_mapping.py
[2026-05-24T16:45:18.162+0000] {processor.py:830} INFO - Processing file /home/varn1t/ml-pipeline/venv/lib/python3.11/site-packages/airflow/example_dags/example_dynamic_task_mapping.py for tasks to queue
[2026-05-24T16:45:18.164+0000] {logging_mixin.py:188} INFO - [2026-05-24T16:45:18.163+0000] {dagbag.py:545} INFO - Filling up the DagBag from /home/varn1t/ml-pipeline/venv/lib/python3.11/site-packages/airflow/example_dags/example_dynamic_task_mapping.py
[2026-05-24T16:45:18.170+0000] {processor.py:840} INFO - DAG(s) 'example_dynamic_task_mapping' retrieved from /home/varn1t/ml-pipeline/venv/lib/python3.11/site-packages/airflow/example_dags/example_dynamic_task_mapping.py
[2026-05-24T16:45:18.180+0000] {logging_mixin.py:188} INFO - [2026-05-24T16:45:18.180+0000] {dag.py:3096} INFO - Sync 1 DAGs
[2026-05-24T16:45:18.190+0000] {logging_mixin.py:188} INFO - [2026-05-24T16:45:18.190+0000] {dag.py:3954} INFO - Setting next_dagrun for example_dynamic_task_mapping to 2022-03-04 00:00:00+00:00, run_after=2022-03-05 00:00:00+00:00
[2026-05-24T16:45:18.208+0000] {processor.py:183} INFO - Processing /home/varn1t/ml-pipeline/venv/lib/python3.11/site-packages/airflow/example_dags/example_dynamic_task_mapping.py took 0.050 seconds
[2026-05-24T16:46:05.792+0000] {processor.py:161} INFO - Started process (PID=27680) to work on /home/varn1t/ml-pipeline/venv/lib/python3.11/site-packages/airflow/example_dags/example_dynamic_task_mapping.py
[2026-05-24T16:46:05.793+0000] {processor.py:830} INFO - Processing file /home/varn1t/ml-pipeline/venv/lib/python3.11/site-packages/airflow/example_dags/example_dynamic_task_mapping.py for tasks to queue
[2026-05-24T16:46:05.796+0000] {logging_mixin.py:188} INFO - [2026-05-24T16:46:05.796+0000] {dagbag.py:545} INFO - Filling up the DagBag from /home/varn1t/ml-pipeline/venv/lib/python3.11/site-packages/airflow/example_dags/example_dynamic_task_mapping.py
[2026-05-24T16:46:05.804+0000] {processor.py:840} INFO - DAG(s) 'example_dynamic_task_mapping' retrieved from /home/varn1t/ml-pipeline/venv/lib/python3.11/site-packages/airflow/example_dags/example_dynamic_task_mapping.py
[2026-05-24T16:46:05.817+0000] {logging_mixin.py:188} INFO - [2026-05-24T16:46:05.817+0000] {dag.py:3096} INFO - Sync 1 DAGs
[2026-05-24T16:46:05.835+0000] {logging_mixin.py:188} INFO - [2026-05-24T16:46:05.835+0000] {dag.py:3954} INFO - Setting next_dagrun for example_dynamic_task_mapping to 2022-03-04 00:00:00+00:00, run_after=2022-03-05 00:00:00+00:00
[2026-05-24T16:46:05.860+0000] {processor.py:183} INFO - Processing /home/varn1t/ml-pipeline/venv/lib/python3.11/site-packages/airflow/example_dags/example_dynamic_task_mapping.py took 0.074 seconds
[2026-05-24T17:09:02.036+0000] {processor.py:161} INFO - Started process (PID=27851) to work on /home/varn1t/ml-pipeline/venv/lib/python3.11/site-packages/airflow/example_dags/example_dynamic_task_mapping.py
[2026-05-24T17:09:02.037+0000] {processor.py:830} INFO - Processing file /home/varn1t/ml-pipeline/venv/lib/python3.11/site-packages/airflow/example_dags/example_dynamic_task_mapping.py for tasks to queue
[2026-05-24T17:09:02.039+0000] {logging_mixin.py:188} INFO - [2026-05-24T17:09:02.038+0000] {dagbag.py:545} INFO - Filling up the DagBag from /home/varn1t/ml-pipeline/venv/lib/python3.11/site-packages/airflow/example_dags/example_dynamic_task_mapping.py
[2026-05-24T17:09:02.043+0000] {processor.py:840} INFO - DAG(s) 'example_dynamic_task_mapping' retrieved from /home/varn1t/ml-pipeline/venv/lib/python3.11/site-packages/airflow/example_dags/example_dynamic_task_mapping.py
[2026-05-24T17:09:02.052+0000] {logging_mixin.py:188} INFO - [2026-05-24T17:09:02.052+0000] {dag.py:3096} INFO - Sync 1 DAGs
[2026-05-24T17:09:02.061+0000] {logging_mixin.py:188} INFO - [2026-05-24T17:09:02.061+0000] {dag.py:3954} INFO - Setting next_dagrun for example_dynamic_task_mapping to 2022-03-04 00:00:00+00:00, run_after=2022-03-05 00:00:00+00:00
[2026-05-24T17:09:02.076+0000] {processor.py:183} INFO - Processing /home/varn1t/ml-pipeline/venv/lib/python3.11/site-packages/airflow/example_dags/example_dynamic_task_mapping.py took 0.043 seconds
[2026-05-24T17:09:52.681+0000] {processor.py:161} INFO - Started process (PID=28081) to work on /home/varn1t/ml-pipeline/venv/lib/python3.11/site-packages/airflow/example_dags/example_dynamic_task_mapping.py
[2026-05-24T17:09:52.682+0000] {processor.py:830} INFO - Processing file /home/varn1t/ml-pipeline/venv/lib/python3.11/site-packages/airflow/example_dags/example_dynamic_task_mapping.py for tasks to queue
[2026-05-24T17:09:52.683+0000] {logging_mixin.py:188} INFO - [2026-05-24T17:09:52.683+0000] {dagbag.py:545} INFO - Filling up the DagBag from /home/varn1t/ml-pipeline/venv/lib/python3.11/site-packages/airflow/example_dags/example_dynamic_task_mapping.py
[2026-05-24T17:09:52.689+0000] {processor.py:840} INFO - DAG(s) 'example_dynamic_task_mapping' retrieved from /home/varn1t/ml-pipeline/venv/lib/python3.11/site-packages/airflow/example_dags/example_dynamic_task_mapping.py
[2026-05-24T17:09:52.699+0000] {logging_mixin.py:188} INFO - [2026-05-24T17:09:52.698+0000] {dag.py:3096} INFO - Sync 1 DAGs
[2026-05-24T17:09:52.713+0000] {logging_mixin.py:188} INFO - [2026-05-24T17:09:52.712+0000] {dag.py:3954} INFO - Setting next_dagrun for example_dynamic_task_mapping to 2022-03-04 00:00:00+00:00, run_after=2022-03-05 00:00:00+00:00
[2026-05-24T17:09:52.732+0000] {processor.py:183} INFO - Processing /home/varn1t/ml-pipeline/venv/lib/python3.11/site-packages/airflow/example_dags/example_dynamic_task_mapping.py took 0.054 seconds
[2026-05-24T17:10:34.316+0000] {processor.py:161} INFO - Started process (PID=28262) to work on /home/varn1t/ml-pipeline/venv/lib/python3.11/site-packages/airflow/example_dags/example_dynamic_task_mapping.py
[2026-05-24T17:10:34.317+0000] {processor.py:830} INFO - Processing file /home/varn1t/ml-pipeline/venv/lib/python3.11/site-packages/airflow/example_dags/example_dynamic_task_mapping.py for tasks to queue
[2026-05-24T17:10:34.318+0000] {logging_mixin.py:188} INFO - [2026-05-24T17:10:34.318+0000] {dagbag.py:545} INFO - Filling up the DagBag from /home/varn1t/ml-pipeline/venv/lib/python3.11/site-packages/airflow/example_dags/example_dynamic_task_mapping.py
[2026-05-24T17:10:34.325+0000] {processor.py:840} INFO - DAG(s) 'example_dynamic_task_mapping' retrieved from /home/varn1t/ml-pipeline/venv/lib/python3.11/site-packages/airflow/example_dags/example_dynamic_task_mapping.py
[2026-05-24T17:10:34.337+0000] {logging_mixin.py:188} INFO - [2026-05-24T17:10:34.337+0000] {dag.py:3096} INFO - Sync 1 DAGs
[2026-05-24T17:10:34.350+0000] {logging_mixin.py:188} INFO - [2026-05-24T17:10:34.350+0000] {dag.py:3954} INFO - Setting next_dagrun for example_dynamic_task_mapping to 2022-03-04 00:00:00+00:00, run_after=2022-03-05 00:00:00+00:00
[2026-05-24T17:10:34.365+0000] {processor.py:183} INFO - Processing /home/varn1t/ml-pipeline/venv/lib/python3.11/site-packages/airflow/example_dags/example_dynamic_task_mapping.py took 0.054 seconds
[2026-05-24T17:11:16.973+0000] {processor.py:161} INFO - Started process (PID=28452) to work on /home/varn1t/ml-pipeline/venv/lib/python3.11/site-packages/airflow/example_dags/example_dynamic_task_mapping.py
[2026-05-24T17:11:16.974+0000] {processor.py:830} INFO - Processing file /home/varn1t/ml-pipeline/venv/lib/python3.11/site-packages/airflow/example_dags/example_dynamic_task_mapping.py for tasks to queue
[2026-05-24T17:11:16.975+0000] {logging_mixin.py:188} INFO - [2026-05-24T17:11:16.975+0000] {dagbag.py:545} INFO - Filling up the DagBag from /home/varn1t/ml-pipeline/venv/lib/python3.11/site-packages/airflow/example_dags/example_dynamic_task_mapping.py
[2026-05-24T17:11:16.980+0000] {processor.py:840} INFO - DAG(s) 'example_dynamic_task_mapping' retrieved from /home/varn1t/ml-pipeline/venv/lib/python3.11/site-packages/airflow/example_dags/example_dynamic_task_mapping.py
[2026-05-24T17:11:16.991+0000] {logging_mixin.py:188} INFO - [2026-05-24T17:11:16.991+0000] {dag.py:3096} INFO - Sync 1 DAGs
[2026-05-24T17:11:17.005+0000] {logging_mixin.py:188} INFO - [2026-05-24T17:11:17.005+0000] {dag.py:3954} INFO - Setting next_dagrun for example_dynamic_task_mapping to 2022-03-04 00:00:00+00:00, run_after=2022-03-05 00:00:00+00:00
[2026-05-24T17:11:17.020+0000] {processor.py:183} INFO - Processing /home/varn1t/ml-pipeline/venv/lib/python3.11/site-packages/airflow/example_dags/example_dynamic_task_mapping.py took 0.050 seconds
[2026-05-24T17:11:59.867+0000] {processor.py:161} INFO - Started process (PID=28640) to work on /home/varn1t/ml-pipeline/venv/lib/python3.11/site-packages/airflow/example_dags/example_dynamic_task_mapping.py
[2026-05-24T17:11:59.868+0000] {processor.py:830} INFO - Processing file /home/varn1t/ml-pipeline/venv/lib/python3.11/site-packages/airflow/example_dags/example_dynamic_task_mapping.py for tasks to queue
[2026-05-24T17:11:59.870+0000] {logging_mixin.py:188} INFO - [2026-05-24T17:11:59.869+0000] {dagbag.py:545} INFO - Filling up the DagBag from /home/varn1t/ml-pipeline/venv/lib/python3.11/site-packages/airflow/example_dags/example_dynamic_task_mapping.py
[2026-05-24T17:11:59.875+0000] {processor.py:840} INFO - DAG(s) 'example_dynamic_task_mapping' retrieved from /home/varn1t/ml-pipeline/venv/lib/python3.11/site-packages/airflow/example_dags/example_dynamic_task_mapping.py
[2026-05-24T17:11:59.885+0000] {logging_mixin.py:188} INFO - [2026-05-24T17:11:59.885+0000] {dag.py:3096} INFO - Sync 1 DAGs
[2026-05-24T17:11:59.894+0000] {logging_mixin.py:188} INFO - [2026-05-24T17:11:59.894+0000] {dag.py:3954} INFO - Setting next_dagrun for example_dynamic_task_mapping to 2022-03-04 00:00:00+00:00, run_after=2022-03-05 00:00:00+00:00
[2026-05-24T17:11:59.907+0000] {processor.py:183} INFO - Processing /home/varn1t/ml-pipeline/venv/lib/python3.11/site-packages/airflow/example_dags/example_dynamic_task_mapping.py took 0.045 seconds
[2026-05-24T17:12:41.475+0000] {processor.py:161} INFO - Started process (PID=28833) to work on /home/varn1t/ml-pipeline/venv/lib/python3.11/site-packages/airflow/example_dags/example_dynamic_task_mapping.py
[2026-05-24T17:12:41.476+0000] {processor.py:830} INFO - Processing file /home/varn1t/ml-pipeline/venv/lib/python3.11/site-packages/airflow/example_dags/example_dynamic_task_mapping.py for tasks to queue
[2026-05-24T17:12:41.477+0000] {logging_mixin.py:188} INFO - [2026-05-24T17:12:41.477+0000] {dagbag.py:545} INFO - Filling up the DagBag from /home/varn1t/ml-pipeline/venv/lib/python3.11/site-packages/airflow/example_dags/example_dynamic_task_mapping.py
[2026-05-24T17:12:41.481+0000] {processor.py:840} INFO - DAG(s) 'example_dynamic_task_mapping' retrieved from /home/varn1t/ml-pipeline/venv/lib/python3.11/site-packages/airflow/example_dags/example_dynamic_task_mapping.py
[2026-05-24T17:12:41.491+0000] {logging_mixin.py:188} INFO - [2026-05-24T17:12:41.491+0000] {dag.py:3096} INFO - Sync 1 DAGs
[2026-05-24T17:12:41.502+0000] {logging_mixin.py:188} INFO - [2026-05-24T17:12:41.502+0000] {dag.py:3954} INFO - Setting next_dagrun for example_dynamic_task_mapping to 2022-03-04 00:00:00+00:00, run_after=2022-03-05 00:00:00+00:00
[2026-05-24T17:12:41.516+0000] {processor.py:183} INFO - Processing /home/varn1t/ml-pipeline/venv/lib/python3.11/site-packages/airflow/example_dags/example_dynamic_task_mapping.py took 0.045 seconds
[2026-05-24T17:13:25.140+0000] {processor.py:161} INFO - Started process (PID=29023) to work on /home/varn1t/ml-pipeline/venv/lib/python3.11/site-packages/airflow/example_dags/example_dynamic_task_mapping.py
[2026-05-24T17:13:25.141+0000] {processor.py:830} INFO - Processing file /home/varn1t/ml-pipeline/venv/lib/python3.11/site-packages/airflow/example_dags/example_dynamic_task_mapping.py for tasks to queue
[2026-05-24T17:13:25.142+0000] {logging_mixin.py:188} INFO - [2026-05-24T17:13:25.141+0000] {dagbag.py:545} INFO - Filling up the DagBag from /home/varn1t/ml-pipeline/venv/lib/python3.11/site-packages/airflow/example_dags/example_dynamic_task_mapping.py
[2026-05-24T17:13:25.147+0000] {processor.py:840} INFO - DAG(s) 'example_dynamic_task_mapping' retrieved from /home/varn1t/ml-pipeline/venv/lib/python3.11/site-packages/airflow/example_dags/example_dynamic_task_mapping.py
[2026-05-24T17:13:25.156+0000] {logging_mixin.py:188} INFO - [2026-05-24T17:13:25.156+0000] {dag.py:3096} INFO - Sync 1 DAGs
[2026-05-24T17:13:25.166+0000] {logging_mixin.py:188} INFO - [2026-05-24T17:13:25.166+0000] {dag.py:3954} INFO - Setting next_dagrun for example_dynamic_task_mapping to 2022-03-04 00:00:00+00:00, run_after=2022-03-05 00:00:00+00:00
[2026-05-24T17:13:25.179+0000] {processor.py:183} INFO - Processing /home/varn1t/ml-pipeline/venv/lib/python3.11/site-packages/airflow/example_dags/example_dynamic_task_mapping.py took 0.044 seconds
[2026-05-24T17:14:05.691+0000] {processor.py:161} INFO - Started process (PID=29232) to work on /home/varn1t/ml-pipeline/venv/lib/python3.11/site-packages/airflow/example_dags/example_dynamic_task_mapping.py
[2026-05-24T17:14:05.692+0000] {processor.py:830} INFO - Processing file /home/varn1t/ml-pipeline/venv/lib/python3.11/site-packages/airflow/example_dags/example_dynamic_task_mapping.py for tasks to queue
[2026-05-24T17:14:05.694+0000] {logging_mixin.py:188} INFO - [2026-05-24T17:14:05.693+0000] {dagbag.py:545} INFO - Filling up the DagBag from /home/varn1t/ml-pipeline/venv/lib/python3.11/site-packages/airflow/example_dags/example_dynamic_task_mapping.py
[2026-05-24T17:14:05.700+0000] {processor.py:840} INFO - DAG(s) 'example_dynamic_task_mapping' retrieved from /home/varn1t/ml-pipeline/venv/lib/python3.11/site-packages/airflow/example_dags/example_dynamic_task_mapping.py
[2026-05-24T17:14:05.710+0000] {logging_mixin.py:188} INFO - [2026-05-24T17:14:05.710+0000] {dag.py:3096} INFO - Sync 1 DAGs
[2026-05-24T17:14:05.823+0000] {logging_mixin.py:188} INFO - [2026-05-24T17:14:05.822+0000] {dag.py:3954} INFO - Setting next_dagrun for example_dynamic_task_mapping to 2022-03-04 00:00:00+00:00, run_after=2022-03-05 00:00:00+00:00
[2026-05-24T17:14:05.837+0000] {processor.py:183} INFO - Processing /home/varn1t/ml-pipeline/venv/lib/python3.11/site-packages/airflow/example_dags/example_dynamic_task_mapping.py took 0.150 seconds
[2026-05-24T17:14:47.813+0000] {processor.py:161} INFO - Started process (PID=29420) to work on /home/varn1t/ml-pipeline/venv/lib/python3.11/site-packages/airflow/example_dags/example_dynamic_task_mapping.py
[2026-05-24T17:14:47.813+0000] {processor.py:830} INFO - Processing file /home/varn1t/ml-pipeline/venv/lib/python3.11/site-packages/airflow/example_dags/example_dynamic_task_mapping.py for tasks to queue
[2026-05-24T17:14:47.815+0000] {logging_mixin.py:188} INFO - [2026-05-24T17:14:47.815+0000] {dagbag.py:545} INFO - Filling up the DagBag from /home/varn1t/ml-pipeline/venv/lib/python3.11/site-packages/airflow/example_dags/example_dynamic_task_mapping.py
[2026-05-24T17:14:47.820+0000] {processor.py:840} INFO - DAG(s) 'example_dynamic_task_mapping' retrieved from /home/varn1t/ml-pipeline/venv/lib/python3.11/site-packages/airflow/example_dags/example_dynamic_task_mapping.py
[2026-05-24T17:14:47.830+0000] {logging_mixin.py:188} INFO - [2026-05-24T17:14:47.829+0000] {dag.py:3096} INFO - Sync 1 DAGs
[2026-05-24T17:14:47.842+0000] {logging_mixin.py:188} INFO - [2026-05-24T17:14:47.842+0000] {dag.py:3954} INFO - Setting next_dagrun for example_dynamic_task_mapping to 2022-03-04 00:00:00+00:00, run_after=2022-03-05 00:00:00+00:00
[2026-05-24T17:14:47.857+0000] {processor.py:183} INFO - Processing /home/varn1t/ml-pipeline/venv/lib/python3.11/site-packages/airflow/example_dags/example_dynamic_task_mapping.py took 0.049 seconds
[2026-05-24T17:15:34.211+0000] {processor.py:161} INFO - Started process (PID=29695) to work on /home/varn1t/ml-pipeline/venv/lib/python3.11/site-packages/airflow/example_dags/example_dynamic_task_mapping.py
[2026-05-24T17:15:34.212+0000] {processor.py:830} INFO - Processing file /home/varn1t/ml-pipeline/venv/lib/python3.11/site-packages/airflow/example_dags/example_dynamic_task_mapping.py for tasks to queue
[2026-05-24T17:15:34.213+0000] {logging_mixin.py:188} INFO - [2026-05-24T17:15:34.213+0000] {dagbag.py:545} INFO - Filling up the DagBag from /home/varn1t/ml-pipeline/venv/lib/python3.11/site-packages/airflow/example_dags/example_dynamic_task_mapping.py
[2026-05-24T17:15:34.219+0000] {processor.py:840} INFO - DAG(s) 'example_dynamic_task_mapping' retrieved from /home/varn1t/ml-pipeline/venv/lib/python3.11/site-packages/airflow/example_dags/example_dynamic_task_mapping.py
[2026-05-24T17:15:34.228+0000] {logging_mixin.py:188} INFO - [2026-05-24T17:15:34.228+0000] {dag.py:3096} INFO - Sync 1 DAGs
[2026-05-24T17:15:34.238+0000] {logging_mixin.py:188} INFO - [2026-05-24T17:15:34.238+0000] {dag.py:3954} INFO - Setting next_dagrun for example_dynamic_task_mapping to 2022-03-04 00:00:00+00:00, run_after=2022-03-05 00:00:00+00:00
[2026-05-24T17:15:34.251+0000] {processor.py:183} INFO - Processing /home/varn1t/ml-pipeline/venv/lib/python3.11/site-packages/airflow/example_dags/example_dynamic_task_mapping.py took 0.046 seconds
[2026-05-24T17:16:18.134+0000] {processor.py:161} INFO - Started process (PID=29890) to work on /home/varn1t/ml-pipeline/venv/lib/python3.11/site-packages/airflow/example_dags/example_dynamic_task_mapping.py
[2026-05-24T17:16:18.135+0000] {processor.py:830} INFO - Processing file /home/varn1t/ml-pipeline/venv/lib/python3.11/site-packages/airflow/example_dags/example_dynamic_task_mapping.py for tasks to queue
[2026-05-24T17:16:18.136+0000] {logging_mixin.py:188} INFO - [2026-05-24T17:16:18.136+0000] {dagbag.py:545} INFO - Filling up the DagBag from /home/varn1t/ml-pipeline/venv/lib/python3.11/site-packages/airflow/example_dags/example_dynamic_task_mapping.py
[2026-05-24T17:16:18.144+0000] {processor.py:840} INFO - DAG(s) 'example_dynamic_task_mapping' retrieved from /home/varn1t/ml-pipeline/venv/lib/python3.11/site-packages/airflow/example_dags/example_dynamic_task_mapping.py
[2026-05-24T17:16:18.156+0000] {logging_mixin.py:188} INFO - [2026-05-24T17:16:18.155+0000] {dag.py:3096} INFO - Sync 1 DAGs
[2026-05-24T17:16:18.280+0000] {logging_mixin.py:188} INFO - [2026-05-24T17:16:18.280+0000] {dag.py:3954} INFO - Setting next_dagrun for example_dynamic_task_mapping to 2022-03-04 00:00:00+00:00, run_after=2022-03-05 00:00:00+00:00
[2026-05-24T17:16:18.292+0000] {processor.py:183} INFO - Processing /home/varn1t/ml-pipeline/venv/lib/python3.11/site-packages/airflow/example_dags/example_dynamic_task_mapping.py took 0.164 seconds
[2026-05-24T17:17:01.008+0000] {processor.py:161} INFO - Started process (PID=30216) to work on /home/varn1t/ml-pipeline/venv/lib/python3.11/site-packages/airflow/example_dags/example_dynamic_task_mapping.py
[2026-05-24T17:17:01.008+0000] {processor.py:830} INFO - Processing file /home/varn1t/ml-pipeline/venv/lib/python3.11/site-packages/airflow/example_dags/example_dynamic_task_mapping.py for tasks to queue
[2026-05-24T17:17:01.010+0000] {logging_mixin.py:188} INFO - [2026-05-24T17:17:01.009+0000] {dagbag.py:545} INFO - Filling up the DagBag from /home/varn1t/ml-pipeline/venv/lib/python3.11/site-packages/airflow/example_dags/example_dynamic_task_mapping.py
[2026-05-24T17:17:01.015+0000] {processor.py:840} INFO - DAG(s) 'example_dynamic_task_mapping' retrieved from /home/varn1t/ml-pipeline/venv/lib/python3.11/site-packages/airflow/example_dags/example_dynamic_task_mapping.py
[2026-05-24T17:17:01.024+0000] {logging_mixin.py:188} INFO - [2026-05-24T17:17:01.024+0000] {dag.py:3096} INFO - Sync 1 DAGs
[2026-05-24T17:17:01.035+0000] {logging_mixin.py:188} INFO - [2026-05-24T17:17:01.035+0000] {dag.py:3954} INFO - Setting next_dagrun for example_dynamic_task_mapping to 2022-03-04 00:00:00+00:00, run_after=2022-03-05 00:00:00+00:00
[2026-05-24T17:17:01.049+0000] {processor.py:183} INFO - Processing /home/varn1t/ml-pipeline/venv/lib/python3.11/site-packages/airflow/example_dags/example_dynamic_task_mapping.py took 0.046 seconds
[2026-05-24T17:17:49.233+0000] {processor.py:161} INFO - Started process (PID=30633) to work on /home/varn1t/ml-pipeline/venv/lib/python3.11/site-packages/airflow/example_dags/example_dynamic_task_mapping.py
[2026-05-24T17:17:49.234+0000] {processor.py:830} INFO - Processing file /home/varn1t/ml-pipeline/venv/lib/python3.11/site-packages/airflow/example_dags/example_dynamic_task_mapping.py for tasks to queue
[2026-05-24T17:17:49.235+0000] {logging_mixin.py:188} INFO - [2026-05-24T17:17:49.235+0000] {dagbag.py:545} INFO - Filling up the DagBag from /home/varn1t/ml-pipeline/venv/lib/python3.11/site-packages/airflow/example_dags/example_dynamic_task_mapping.py
[2026-05-24T17:17:49.241+0000] {processor.py:840} INFO - DAG(s) 'example_dynamic_task_mapping' retrieved from /home/varn1t/ml-pipeline/venv/lib/python3.11/site-packages/airflow/example_dags/example_dynamic_task_mapping.py
[2026-05-24T17:17:49.250+0000] {logging_mixin.py:188} INFO - [2026-05-24T17:17:49.250+0000] {dag.py:3096} INFO - Sync 1 DAGs
[2026-05-24T17:17:49.261+0000] {logging_mixin.py:188} INFO - [2026-05-24T17:17:49.261+0000] {dag.py:3954} INFO - Setting next_dagrun for example_dynamic_task_mapping to 2022-03-04 00:00:00+00:00, run_after=2022-03-05 00:00:00+00:00
[2026-05-24T17:17:49.277+0000] {processor.py:183} INFO - Processing /home/varn1t/ml-pipeline/venv/lib/python3.11/site-packages/airflow/example_dags/example_dynamic_task_mapping.py took 0.048 seconds
[2026-05-24T17:18:34.531+0000] {processor.py:161} INFO - Started process (PID=31002) to work on /home/varn1t/ml-pipeline/venv/lib/python3.11/site-packages/airflow/example_dags/example_dynamic_task_mapping.py
[2026-05-24T17:18:34.532+0000] {processor.py:830} INFO - Processing file /home/varn1t/ml-pipeline/venv/lib/python3.11/site-packages/airflow/example_dags/example_dynamic_task_mapping.py for tasks to queue
[2026-05-24T17:18:34.533+0000] {logging_mixin.py:188} INFO - [2026-05-24T17:18:34.533+0000] {dagbag.py:545} INFO - Filling up the DagBag from /home/varn1t/ml-pipeline/venv/lib/python3.11/site-packages/airflow/example_dags/example_dynamic_task_mapping.py
[2026-05-24T17:18:34.540+0000] {processor.py:840} INFO - DAG(s) 'example_dynamic_task_mapping' retrieved from /home/varn1t/ml-pipeline/venv/lib/python3.11/site-packages/airflow/example_dags/example_dynamic_task_mapping.py
[2026-05-24T17:18:34.551+0000] {logging_mixin.py:188} INFO - [2026-05-24T17:18:34.550+0000] {dag.py:3096} INFO - Sync 1 DAGs
[2026-05-24T17:18:34.563+0000] {logging_mixin.py:188} INFO - [2026-05-24T17:18:34.562+0000] {dag.py:3954} INFO - Setting next_dagrun for example_dynamic_task_mapping to 2022-03-04 00:00:00+00:00, run_after=2022-03-05 00:00:00+00:00
[2026-05-24T17:18:34.580+0000] {processor.py:183} INFO - Processing /home/varn1t/ml-pipeline/venv/lib/python3.11/site-packages/airflow/example_dags/example_dynamic_task_mapping.py took 0.053 seconds
[2026-05-24T17:19:16.886+0000] {processor.py:161} INFO - Started process (PID=31312) to work on /home/varn1t/ml-pipeline/venv/lib/python3.11/site-packages/airflow/example_dags/example_dynamic_task_mapping.py
[2026-05-24T17:19:16.887+0000] {processor.py:830} INFO - Processing file /home/varn1t/ml-pipeline/venv/lib/python3.11/site-packages/airflow/example_dags/example_dynamic_task_mapping.py for tasks to queue
[2026-05-24T17:19:16.889+0000] {logging_mixin.py:188} INFO - [2026-05-24T17:19:16.888+0000] {dagbag.py:545} INFO - Filling up the DagBag from /home/varn1t/ml-pipeline/venv/lib/python3.11/site-packages/airflow/example_dags/example_dynamic_task_mapping.py
[2026-05-24T17:19:16.894+0000] {processor.py:840} INFO - DAG(s) 'example_dynamic_task_mapping' retrieved from /home/varn1t/ml-pipeline/venv/lib/python3.11/site-packages/airflow/example_dags/example_dynamic_task_mapping.py
[2026-05-24T17:19:16.907+0000] {logging_mixin.py:188} INFO - [2026-05-24T17:19:16.907+0000] {dag.py:3096} INFO - Sync 1 DAGs
[2026-05-24T17:19:17.023+0000] {logging_mixin.py:188} INFO - [2026-05-24T17:19:17.023+0000] {dag.py:3954} INFO - Setting next_dagrun for example_dynamic_task_mapping to 2022-03-04 00:00:00+00:00, run_after=2022-03-05 00:00:00+00:00
[2026-05-24T17:19:17.043+0000] {processor.py:183} INFO - Processing /home/varn1t/ml-pipeline/venv/lib/python3.11/site-packages/airflow/example_dags/example_dynamic_task_mapping.py took 0.163 seconds
[2026-05-24T17:20:02.420+0000] {processor.py:161} INFO - Started process (PID=31604) to work on /home/varn1t/ml-pipeline/venv/lib/python3.11/site-packages/airflow/example_dags/example_dynamic_task_mapping.py
[2026-05-24T17:20:02.421+0000] {processor.py:830} INFO - Processing file /home/varn1t/ml-pipeline/venv/lib/python3.11/site-packages/airflow/example_dags/example_dynamic_task_mapping.py for tasks to queue
[2026-05-24T17:20:02.423+0000] {logging_mixin.py:188} INFO - [2026-05-24T17:20:02.422+0000] {dagbag.py:545} INFO - Filling up the DagBag from /home/varn1t/ml-pipeline/venv/lib/python3.11/site-packages/airflow/example_dags/example_dynamic_task_mapping.py
[2026-05-24T17:20:02.429+0000] {processor.py:840} INFO - DAG(s) 'example_dynamic_task_mapping' retrieved from /home/varn1t/ml-pipeline/venv/lib/python3.11/site-packages/airflow/example_dags/example_dynamic_task_mapping.py
[2026-05-24T17:20:02.441+0000] {logging_mixin.py:188} INFO - [2026-05-24T17:20:02.441+0000] {dag.py:3096} INFO - Sync 1 DAGs
[2026-05-24T17:20:02.453+0000] {logging_mixin.py:188} INFO - [2026-05-24T17:20:02.453+0000] {dag.py:3954} INFO - Setting next_dagrun for example_dynamic_task_mapping to 2022-03-04 00:00:00+00:00, run_after=2022-03-05 00:00:00+00:00
[2026-05-24T17:20:02.469+0000] {processor.py:183} INFO - Processing /home/varn1t/ml-pipeline/venv/lib/python3.11/site-packages/airflow/example_dags/example_dynamic_task_mapping.py took 0.054 seconds
[2026-05-24T17:20:50.581+0000] {processor.py:161} INFO - Started process (PID=31971) to work on /home/varn1t/ml-pipeline/venv/lib/python3.11/site-packages/airflow/example_dags/example_dynamic_task_mapping.py
[2026-05-24T17:20:50.582+0000] {processor.py:830} INFO - Processing file /home/varn1t/ml-pipeline/venv/lib/python3.11/site-packages/airflow/example_dags/example_dynamic_task_mapping.py for tasks to queue
[2026-05-24T17:20:50.583+0000] {logging_mixin.py:188} INFO - [2026-05-24T17:20:50.583+0000] {dagbag.py:545} INFO - Filling up the DagBag from /home/varn1t/ml-pipeline/venv/lib/python3.11/site-packages/airflow/example_dags/example_dynamic_task_mapping.py
[2026-05-24T17:20:50.590+0000] {processor.py:840} INFO - DAG(s) 'example_dynamic_task_mapping' retrieved from /home/varn1t/ml-pipeline/venv/lib/python3.11/site-packages/airflow/example_dags/example_dynamic_task_mapping.py
[2026-05-24T17:20:50.602+0000] {logging_mixin.py:188} INFO - [2026-05-24T17:20:50.602+0000] {dag.py:3096} INFO - Sync 1 DAGs
[2026-05-24T17:20:50.615+0000] {logging_mixin.py:188} INFO - [2026-05-24T17:20:50.615+0000] {dag.py:3954} INFO - Setting next_dagrun for example_dynamic_task_mapping to 2022-03-04 00:00:00+00:00, run_after=2022-03-05 00:00:00+00:00
[2026-05-24T17:20:50.631+0000] {processor.py:183} INFO - Processing /home/varn1t/ml-pipeline/venv/lib/python3.11/site-packages/airflow/example_dags/example_dynamic_task_mapping.py took 0.056 seconds
[2026-05-24T17:21:34.675+0000] {processor.py:161} INFO - Started process (PID=32188) to work on /home/varn1t/ml-pipeline/venv/lib/python3.11/site-packages/airflow/example_dags/example_dynamic_task_mapping.py
[2026-05-24T17:21:34.676+0000] {processor.py:830} INFO - Processing file /home/varn1t/ml-pipeline/venv/lib/python3.11/site-packages/airflow/example_dags/example_dynamic_task_mapping.py for tasks to queue
[2026-05-24T17:21:34.677+0000] {logging_mixin.py:188} INFO - [2026-05-24T17:21:34.677+0000] {dagbag.py:545} INFO - Filling up the DagBag from /home/varn1t/ml-pipeline/venv/lib/python3.11/site-packages/airflow/example_dags/example_dynamic_task_mapping.py
[2026-05-24T17:21:34.682+0000] {processor.py:840} INFO - DAG(s) 'example_dynamic_task_mapping' retrieved from /home/varn1t/ml-pipeline/venv/lib/python3.11/site-packages/airflow/example_dags/example_dynamic_task_mapping.py
[2026-05-24T17:21:34.691+0000] {logging_mixin.py:188} INFO - [2026-05-24T17:21:34.691+0000] {dag.py:3096} INFO - Sync 1 DAGs
[2026-05-24T17:21:34.701+0000] {logging_mixin.py:188} INFO - [2026-05-24T17:21:34.701+0000] {dag.py:3954} INFO - Setting next_dagrun for example_dynamic_task_mapping to 2022-03-04 00:00:00+00:00, run_after=2022-03-05 00:00:00+00:00
[2026-05-24T17:21:34.713+0000] {processor.py:183} INFO - Processing /home/varn1t/ml-pipeline/venv/lib/python3.11/site-packages/airflow/example_dags/example_dynamic_task_mapping.py took 0.043 seconds
[2026-05-24T17:22:17.008+0000] {processor.py:161} INFO - Started process (PID=32379) to work on /home/varn1t/ml-pipeline/venv/lib/python3.11/site-packages/airflow/example_dags/example_dynamic_task_mapping.py
[2026-05-24T17:22:17.009+0000] {processor.py:830} INFO - Processing file /home/varn1t/ml-pipeline/venv/lib/python3.11/site-packages/airflow/example_dags/example_dynamic_task_mapping.py for tasks to queue
[2026-05-24T17:22:17.010+0000] {logging_mixin.py:188} INFO - [2026-05-24T17:22:17.010+0000] {dagbag.py:545} INFO - Filling up the DagBag from /home/varn1t/ml-pipeline/venv/lib/python3.11/site-packages/airflow/example_dags/example_dynamic_task_mapping.py
[2026-05-24T17:22:17.015+0000] {processor.py:840} INFO - DAG(s) 'example_dynamic_task_mapping' retrieved from /home/varn1t/ml-pipeline/venv/lib/python3.11/site-packages/airflow/example_dags/example_dynamic_task_mapping.py
[2026-05-24T17:22:17.025+0000] {logging_mixin.py:188} INFO - [2026-05-24T17:22:17.025+0000] {dag.py:3096} INFO - Sync 1 DAGs
[2026-05-24T17:22:17.040+0000] {logging_mixin.py:188} INFO - [2026-05-24T17:22:17.040+0000] {dag.py:3954} INFO - Setting next_dagrun for example_dynamic_task_mapping to 2022-03-04 00:00:00+00:00, run_after=2022-03-05 00:00:00+00:00
[2026-05-24T17:22:17.058+0000] {processor.py:183} INFO - Processing /home/varn1t/ml-pipeline/venv/lib/python3.11/site-packages/airflow/example_dags/example_dynamic_task_mapping.py took 0.053 seconds
[2026-05-24T17:23:03.282+0000] {processor.py:161} INFO - Started process (PID=32603) to work on /home/varn1t/ml-pipeline/venv/lib/python3.11/site-packages/airflow/example_dags/example_dynamic_task_mapping.py
[2026-05-24T17:23:03.283+0000] {processor.py:830} INFO - Processing file /home/varn1t/ml-pipeline/venv/lib/python3.11/site-packages/airflow/example_dags/example_dynamic_task_mapping.py for tasks to queue
[2026-05-24T17:23:03.284+0000] {logging_mixin.py:188} INFO - [2026-05-24T17:23:03.284+0000] {dagbag.py:545} INFO - Filling up the DagBag from /home/varn1t/ml-pipeline/venv/lib/python3.11/site-packages/airflow/example_dags/example_dynamic_task_mapping.py
[2026-05-24T17:23:03.292+0000] {processor.py:840} INFO - DAG(s) 'example_dynamic_task_mapping' retrieved from /home/varn1t/ml-pipeline/venv/lib/python3.11/site-packages/airflow/example_dags/example_dynamic_task_mapping.py
[2026-05-24T17:23:03.302+0000] {logging_mixin.py:188} INFO - [2026-05-24T17:23:03.302+0000] {dag.py:3096} INFO - Sync 1 DAGs
[2026-05-24T17:23:03.316+0000] {logging_mixin.py:188} INFO - [2026-05-24T17:23:03.316+0000] {dag.py:3954} INFO - Setting next_dagrun for example_dynamic_task_mapping to 2022-03-04 00:00:00+00:00, run_after=2022-03-05 00:00:00+00:00
[2026-05-24T17:23:03.329+0000] {processor.py:183} INFO - Processing /home/varn1t/ml-pipeline/venv/lib/python3.11/site-packages/airflow/example_dags/example_dynamic_task_mapping.py took 0.053 seconds
[2026-05-24T17:23:48.463+0000] {processor.py:161} INFO - Started process (PID=32799) to work on /home/varn1t/ml-pipeline/venv/lib/python3.11/site-packages/airflow/example_dags/example_dynamic_task_mapping.py
[2026-05-24T17:23:48.463+0000] {processor.py:830} INFO - Processing file /home/varn1t/ml-pipeline/venv/lib/python3.11/site-packages/airflow/example_dags/example_dynamic_task_mapping.py for tasks to queue
[2026-05-24T17:23:48.464+0000] {logging_mixin.py:188} INFO - [2026-05-24T17:23:48.464+0000] {dagbag.py:545} INFO - Filling up the DagBag from /home/varn1t/ml-pipeline/venv/lib/python3.11/site-packages/airflow/example_dags/example_dynamic_task_mapping.py
[2026-05-24T17:23:48.469+0000] {processor.py:840} INFO - DAG(s) 'example_dynamic_task_mapping' retrieved from /home/varn1t/ml-pipeline/venv/lib/python3.11/site-packages/airflow/example_dags/example_dynamic_task_mapping.py
[2026-05-24T17:23:48.478+0000] {logging_mixin.py:188} INFO - [2026-05-24T17:23:48.478+0000] {dag.py:3096} INFO - Sync 1 DAGs
[2026-05-24T17:23:48.489+0000] {logging_mixin.py:188} INFO - [2026-05-24T17:23:48.488+0000] {dag.py:3954} INFO - Setting next_dagrun for example_dynamic_task_mapping to 2022-03-04 00:00:00+00:00, run_after=2022-03-05 00:00:00+00:00
[2026-05-24T17:23:48.508+0000] {processor.py:183} INFO - Processing /home/varn1t/ml-pipeline/venv/lib/python3.11/site-packages/airflow/example_dags/example_dynamic_task_mapping.py took 0.052 seconds
[2026-05-24T17:24:31.166+0000] {processor.py:161} INFO - Started process (PID=33132) to work on /home/varn1t/ml-pipeline/venv/lib/python3.11/site-packages/airflow/example_dags/example_dynamic_task_mapping.py
[2026-05-24T17:24:31.166+0000] {processor.py:830} INFO - Processing file /home/varn1t/ml-pipeline/venv/lib/python3.11/site-packages/airflow/example_dags/example_dynamic_task_mapping.py for tasks to queue
[2026-05-24T17:24:31.168+0000] {logging_mixin.py:188} INFO - [2026-05-24T17:24:31.167+0000] {dagbag.py:545} INFO - Filling up the DagBag from /home/varn1t/ml-pipeline/venv/lib/python3.11/site-packages/airflow/example_dags/example_dynamic_task_mapping.py
[2026-05-24T17:24:31.174+0000] {processor.py:840} INFO - DAG(s) 'example_dynamic_task_mapping' retrieved from /home/varn1t/ml-pipeline/venv/lib/python3.11/site-packages/airflow/example_dags/example_dynamic_task_mapping.py
[2026-05-24T17:24:31.187+0000] {logging_mixin.py:188} INFO - [2026-05-24T17:24:31.187+0000] {dag.py:3096} INFO - Sync 1 DAGs
[2026-05-24T17:24:31.204+0000] {logging_mixin.py:188} INFO - [2026-05-24T17:24:31.204+0000] {dag.py:3954} INFO - Setting next_dagrun for example_dynamic_task_mapping to 2022-03-04 00:00:00+00:00, run_after=2022-03-05 00:00:00+00:00
[2026-05-24T17:24:31.221+0000] {processor.py:183} INFO - Processing /home/varn1t/ml-pipeline/venv/lib/python3.11/site-packages/airflow/example_dags/example_dynamic_task_mapping.py took 0.064 seconds
[2026-05-24T17:25:15.018+0000] {processor.py:161} INFO - Started process (PID=33356) to work on /home/varn1t/ml-pipeline/venv/lib/python3.11/site-packages/airflow/example_dags/example_dynamic_task_mapping.py
[2026-05-24T17:25:15.019+0000] {processor.py:830} INFO - Processing file /home/varn1t/ml-pipeline/venv/lib/python3.11/site-packages/airflow/example_dags/example_dynamic_task_mapping.py for tasks to queue
[2026-05-24T17:25:15.020+0000] {logging_mixin.py:188} INFO - [2026-05-24T17:25:15.020+0000] {dagbag.py:545} INFO - Filling up the DagBag from /home/varn1t/ml-pipeline/venv/lib/python3.11/site-packages/airflow/example_dags/example_dynamic_task_mapping.py
[2026-05-24T17:25:15.025+0000] {processor.py:840} INFO - DAG(s) 'example_dynamic_task_mapping' retrieved from /home/varn1t/ml-pipeline/venv/lib/python3.11/site-packages/airflow/example_dags/example_dynamic_task_mapping.py
[2026-05-24T17:25:15.036+0000] {logging_mixin.py:188} INFO - [2026-05-24T17:25:15.036+0000] {dag.py:3096} INFO - Sync 1 DAGs
[2026-05-24T17:25:15.049+0000] {logging_mixin.py:188} INFO - [2026-05-24T17:25:15.049+0000] {dag.py:3954} INFO - Setting next_dagrun for example_dynamic_task_mapping to 2022-03-04 00:00:00+00:00, run_after=2022-03-05 00:00:00+00:00
[2026-05-24T17:25:15.067+0000] {processor.py:183} INFO - Processing /home/varn1t/ml-pipeline/venv/lib/python3.11/site-packages/airflow/example_dags/example_dynamic_task_mapping.py took 0.054 seconds
[2026-05-24T17:25:58.167+0000] {processor.py:161} INFO - Started process (PID=33672) to work on /home/varn1t/ml-pipeline/venv/lib/python3.11/site-packages/airflow/example_dags/example_dynamic_task_mapping.py
[2026-05-24T17:25:58.168+0000] {processor.py:830} INFO - Processing file /home/varn1t/ml-pipeline/venv/lib/python3.11/site-packages/airflow/example_dags/example_dynamic_task_mapping.py for tasks to queue
[2026-05-24T17:25:58.170+0000] {logging_mixin.py:188} INFO - [2026-05-24T17:25:58.169+0000] {dagbag.py:545} INFO - Filling up the DagBag from /home/varn1t/ml-pipeline/venv/lib/python3.11/site-packages/airflow/example_dags/example_dynamic_task_mapping.py
[2026-05-24T17:25:58.176+0000] {processor.py:840} INFO - DAG(s) 'example_dynamic_task_mapping' retrieved from /home/varn1t/ml-pipeline/venv/lib/python3.11/site-packages/airflow/example_dags/example_dynamic_task_mapping.py
[2026-05-24T17:25:58.191+0000] {logging_mixin.py:188} INFO - [2026-05-24T17:25:58.191+0000] {dag.py:3096} INFO - Sync 1 DAGs
[2026-05-24T17:25:58.205+0000] {logging_mixin.py:188} INFO - [2026-05-24T17:25:58.205+0000] {dag.py:3954} INFO - Setting next_dagrun for example_dynamic_task_mapping to 2022-03-04 00:00:00+00:00, run_after=2022-03-05 00:00:00+00:00
[2026-05-24T17:25:58.223+0000] {processor.py:183} INFO - Processing /home/varn1t/ml-pipeline/venv/lib/python3.11/site-packages/airflow/example_dags/example_dynamic_task_mapping.py took 0.065 seconds
