[2026-05-24T13:29:18.298+0000] {processor.py:161} INFO - Started process (PID=4220) to work on /home/varn1t/ml-pipeline/venv/lib/python3.11/site-packages/airflow/example_dags/example_params_ui_tutorial.py
[2026-05-24T13:29:18.298+0000] {processor.py:830} INFO - Processing file /home/varn1t/ml-pipeline/venv/lib/python3.11/site-packages/airflow/example_dags/example_params_ui_tutorial.py for tasks to queue
[2026-05-24T13:29:18.299+0000] {logging_mixin.py:188} INFO - [2026-05-24T13:29:18.299+0000] {dagbag.py:545} INFO - Filling up the DagBag from /home/varn1t/ml-pipeline/venv/lib/python3.11/site-packages/airflow/example_dags/example_params_ui_tutorial.py
[2026-05-24T13:29:18.306+0000] {processor.py:840} INFO - DAG(s) 'example_params_ui_tutorial' retrieved from /home/varn1t/ml-pipeline/venv/lib/python3.11/site-packages/airflow/example_dags/example_params_ui_tutorial.py
[2026-05-24T13:29:18.378+0000] {logging_mixin.py:188} INFO - [2026-05-24T13:29:18.378+0000] {dag.py:3096} INFO - Sync 1 DAGs
[2026-05-24T13:29:18.484+0000] {logging_mixin.py:188} INFO - [2026-05-24T13:29:18.484+0000] {dag.py:3954} INFO - Setting next_dagrun for example_params_ui_tutorial to None, run_after=None
[2026-05-24T13:29:18.498+0000] {processor.py:183} INFO - Processing /home/varn1t/ml-pipeline/venv/lib/python3.11/site-packages/airflow/example_dags/example_params_ui_tutorial.py took 0.204 seconds
[2026-05-24T13:30:09.083+0000] {processor.py:161} INFO - Started process (PID=4439) to work on /home/varn1t/ml-pipeline/venv/lib/python3.11/site-packages/airflow/example_dags/example_params_ui_tutorial.py
[2026-05-24T13:30:09.084+0000] {processor.py:830} INFO - Processing file /home/varn1t/ml-pipeline/venv/lib/python3.11/site-packages/airflow/example_dags/example_params_ui_tutorial.py for tasks to queue
[2026-05-24T13:30:09.087+0000] {logging_mixin.py:188} INFO - [2026-05-24T13:30:09.086+0000] {dagbag.py:545} INFO - Filling up the DagBag from /home/varn1t/ml-pipeline/venv/lib/python3.11/site-packages/airflow/example_dags/example_params_ui_tutorial.py
[2026-05-24T13:30:09.098+0000] {processor.py:840} INFO - DAG(s) 'example_params_ui_tutorial' retrieved from /home/varn1t/ml-pipeline/venv/lib/python3.11/site-packages/airflow/example_dags/example_params_ui_tutorial.py
[2026-05-24T13:30:09.121+0000] {logging_mixin.py:188} INFO - [2026-05-24T13:30:09.121+0000] {dag.py:3096} INFO - Sync 1 DAGs
[2026-05-24T13:30:09.129+0000] {logging_mixin.py:188} INFO - [2026-05-24T13:30:09.128+0000] {dag.py:3954} INFO - Setting next_dagrun for example_params_ui_tutorial to None, run_after=None
[2026-05-24T13:30:09.236+0000] {processor.py:183} INFO - Processing /home/varn1t/ml-pipeline/venv/lib/python3.11/site-packages/airflow/example_dags/example_params_ui_tutorial.py took 0.158 seconds
[2026-05-24T13:31:16.320+0000] {processor.py:161} INFO - Started process (PID=4736) to work on /home/varn1t/ml-pipeline/venv/lib/python3.11/site-packages/airflow/example_dags/example_params_ui_tutorial.py
[2026-05-24T13:31:16.322+0000] {processor.py:830} INFO - Processing file /home/varn1t/ml-pipeline/venv/lib/python3.11/site-packages/airflow/example_dags/example_params_ui_tutorial.py for tasks to queue
[2026-05-24T13:31:16.323+0000] {logging_mixin.py:188} INFO - [2026-05-24T13:31:16.323+0000] {dagbag.py:545} INFO - Filling up the DagBag from /home/varn1t/ml-pipeline/venv/lib/python3.11/site-packages/airflow/example_dags/example_params_ui_tutorial.py
[2026-05-24T13:31:16.333+0000] {processor.py:840} INFO - DAG(s) 'example_params_ui_tutorial' retrieved from /home/varn1t/ml-pipeline/venv/lib/python3.11/site-packages/airflow/example_dags/example_params_ui_tutorial.py
[2026-05-24T13:31:16.355+0000] {logging_mixin.py:188} INFO - [2026-05-24T13:31:16.355+0000] {dag.py:3096} INFO - Sync 1 DAGs
[2026-05-24T13:31:16.363+0000] {logging_mixin.py:188} INFO - [2026-05-24T13:31:16.363+0000] {dag.py:3954} INFO - Setting next_dagrun for example_params_ui_tutorial to None, run_after=None
[2026-05-24T13:31:16.378+0000] {processor.py:183} INFO - Processing /home/varn1t/ml-pipeline/venv/lib/python3.11/site-packages/airflow/example_dags/example_params_ui_tutorial.py took 0.062 seconds
[2026-05-24T13:32:15.482+0000] {processor.py:161} INFO - Started process (PID=4993) to work on /home/varn1t/ml-pipeline/venv/lib/python3.11/site-packages/airflow/example_dags/example_params_ui_tutorial.py
[2026-05-24T13:32:15.483+0000] {processor.py:830} INFO - Processing file /home/varn1t/ml-pipeline/venv/lib/python3.11/site-packages/airflow/example_dags/example_params_ui_tutorial.py for tasks to queue
[2026-05-24T13:32:15.485+0000] {logging_mixin.py:188} INFO - [2026-05-24T13:32:15.484+0000] {dagbag.py:545} INFO - Filling up the DagBag from /home/varn1t/ml-pipeline/venv/lib/python3.11/site-packages/airflow/example_dags/example_params_ui_tutorial.py
[2026-05-24T13:32:15.493+0000] {processor.py:840} INFO - DAG(s) 'example_params_ui_tutorial' retrieved from /home/varn1t/ml-pipeline/venv/lib/python3.11/site-packages/airflow/example_dags/example_params_ui_tutorial.py
[2026-05-24T13:32:15.514+0000] {logging_mixin.py:188} INFO - [2026-05-24T13:32:15.514+0000] {dag.py:3096} INFO - Sync 1 DAGs
[2026-05-24T13:32:15.521+0000] {logging_mixin.py:188} INFO - [2026-05-24T13:32:15.521+0000] {dag.py:3954} INFO - Setting next_dagrun for example_params_ui_tutorial to None, run_after=None
[2026-05-24T13:32:15.538+0000] {processor.py:183} INFO - Processing /home/varn1t/ml-pipeline/venv/lib/python3.11/site-packages/airflow/example_dags/example_params_ui_tutorial.py took 0.062 seconds
[2026-05-24T13:33:13.657+0000] {processor.py:161} INFO - Started process (PID=5260) to work on /home/varn1t/ml-pipeline/venv/lib/python3.11/site-packages/airflow/example_dags/example_params_ui_tutorial.py
[2026-05-24T13:33:13.658+0000] {processor.py:830} INFO - Processing file /home/varn1t/ml-pipeline/venv/lib/python3.11/site-packages/airflow/example_dags/example_params_ui_tutorial.py for tasks to queue
[2026-05-24T13:33:13.659+0000] {logging_mixin.py:188} INFO - [2026-05-24T13:33:13.659+0000] {dagbag.py:545} INFO - Filling up the DagBag from /home/varn1t/ml-pipeline/venv/lib/python3.11/site-packages/airflow/example_dags/example_params_ui_tutorial.py
[2026-05-24T13:33:13.669+0000] {processor.py:840} INFO - DAG(s) 'example_params_ui_tutorial' retrieved from /home/varn1t/ml-pipeline/venv/lib/python3.11/site-packages/airflow/example_dags/example_params_ui_tutorial.py
[2026-05-24T13:33:13.693+0000] {logging_mixin.py:188} INFO - [2026-05-24T13:33:13.693+0000] {dag.py:3096} INFO - Sync 1 DAGs
[2026-05-24T13:33:13.702+0000] {logging_mixin.py:188} INFO - [2026-05-24T13:33:13.702+0000] {dag.py:3954} INFO - Setting next_dagrun for example_params_ui_tutorial to None, run_after=None
[2026-05-24T13:33:13.719+0000] {processor.py:183} INFO - Processing /home/varn1t/ml-pipeline/venv/lib/python3.11/site-packages/airflow/example_dags/example_params_ui_tutorial.py took 0.067 seconds
[2026-05-24T13:34:09.089+0000] {processor.py:161} INFO - Started process (PID=5718) to work on /home/varn1t/ml-pipeline/venv/lib/python3.11/site-packages/airflow/example_dags/example_params_ui_tutorial.py
[2026-05-24T13:34:09.090+0000] {processor.py:830} INFO - Processing file /home/varn1t/ml-pipeline/venv/lib/python3.11/site-packages/airflow/example_dags/example_params_ui_tutorial.py for tasks to queue
[2026-05-24T13:34:09.091+0000] {logging_mixin.py:188} INFO - [2026-05-24T13:34:09.090+0000] {dagbag.py:545} INFO - Filling up the DagBag from /home/varn1t/ml-pipeline/venv/lib/python3.11/site-packages/airflow/example_dags/example_params_ui_tutorial.py
[2026-05-24T13:34:09.099+0000] {processor.py:840} INFO - DAG(s) 'example_params_ui_tutorial' retrieved from /home/varn1t/ml-pipeline/venv/lib/python3.11/site-packages/airflow/example_dags/example_params_ui_tutorial.py
[2026-05-24T13:34:09.120+0000] {logging_mixin.py:188} INFO - [2026-05-24T13:34:09.120+0000] {dag.py:3096} INFO - Sync 1 DAGs
[2026-05-24T13:34:09.129+0000] {logging_mixin.py:188} INFO - [2026-05-24T13:34:09.129+0000] {dag.py:3954} INFO - Setting next_dagrun for example_params_ui_tutorial to None, run_after=None
[2026-05-24T13:34:09.153+0000] {processor.py:183} INFO - Processing /home/varn1t/ml-pipeline/venv/lib/python3.11/site-packages/airflow/example_dags/example_params_ui_tutorial.py took 0.068 seconds
[2026-05-24T13:35:06.711+0000] {processor.py:161} INFO - Started process (PID=6029) to work on /home/varn1t/ml-pipeline/venv/lib/python3.11/site-packages/airflow/example_dags/example_params_ui_tutorial.py
[2026-05-24T13:35:06.712+0000] {processor.py:830} INFO - Processing file /home/varn1t/ml-pipeline/venv/lib/python3.11/site-packages/airflow/example_dags/example_params_ui_tutorial.py for tasks to queue
[2026-05-24T13:35:06.712+0000] {logging_mixin.py:188} INFO - [2026-05-24T13:35:06.712+0000] {dagbag.py:545} INFO - Filling up the DagBag from /home/varn1t/ml-pipeline/venv/lib/python3.11/site-packages/airflow/example_dags/example_params_ui_tutorial.py
[2026-05-24T13:35:06.723+0000] {processor.py:840} INFO - DAG(s) 'example_params_ui_tutorial' retrieved from /home/varn1t/ml-pipeline/venv/lib/python3.11/site-packages/airflow/example_dags/example_params_ui_tutorial.py
[2026-05-24T13:35:06.751+0000] {logging_mixin.py:188} INFO - [2026-05-24T13:35:06.751+0000] {dag.py:3096} INFO - Sync 1 DAGs
[2026-05-24T13:35:06.760+0000] {logging_mixin.py:188} INFO - [2026-05-24T13:35:06.760+0000] {dag.py:3954} INFO - Setting next_dagrun for example_params_ui_tutorial to None, run_after=None
[2026-05-24T13:35:06.776+0000] {processor.py:183} INFO - Processing /home/varn1t/ml-pipeline/venv/lib/python3.11/site-packages/airflow/example_dags/example_params_ui_tutorial.py took 0.069 seconds
[2026-05-24T13:36:05.465+0000] {processor.py:161} INFO - Started process (PID=6407) to work on /home/varn1t/ml-pipeline/venv/lib/python3.11/site-packages/airflow/example_dags/example_params_ui_tutorial.py
[2026-05-24T13:36:05.466+0000] {processor.py:830} INFO - Processing file /home/varn1t/ml-pipeline/venv/lib/python3.11/site-packages/airflow/example_dags/example_params_ui_tutorial.py for tasks to queue
[2026-05-24T13:36:05.466+0000] {logging_mixin.py:188} INFO - [2026-05-24T13:36:05.466+0000] {dagbag.py:545} INFO - Filling up the DagBag from /home/varn1t/ml-pipeline/venv/lib/python3.11/site-packages/airflow/example_dags/example_params_ui_tutorial.py
[2026-05-24T13:36:05.475+0000] {processor.py:840} INFO - DAG(s) 'example_params_ui_tutorial' retrieved from /home/varn1t/ml-pipeline/venv/lib/python3.11/site-packages/airflow/example_dags/example_params_ui_tutorial.py
[2026-05-24T13:36:05.500+0000] {logging_mixin.py:188} INFO - [2026-05-24T13:36:05.500+0000] {dag.py:3096} INFO - Sync 1 DAGs
[2026-05-24T13:36:05.508+0000] {logging_mixin.py:188} INFO - [2026-05-24T13:36:05.508+0000] {dag.py:3954} INFO - Setting next_dagrun for example_params_ui_tutorial to None, run_after=None
[2026-05-24T13:36:05.523+0000] {processor.py:183} INFO - Processing /home/varn1t/ml-pipeline/venv/lib/python3.11/site-packages/airflow/example_dags/example_params_ui_tutorial.py took 0.062 seconds
[2026-05-24T13:37:15.841+0000] {processor.py:161} INFO - Started process (PID=7065) to work on /home/varn1t/ml-pipeline/venv/lib/python3.11/site-packages/airflow/example_dags/example_params_ui_tutorial.py
[2026-05-24T13:37:15.842+0000] {processor.py:830} INFO - Processing file /home/varn1t/ml-pipeline/venv/lib/python3.11/site-packages/airflow/example_dags/example_params_ui_tutorial.py for tasks to queue
[2026-05-24T13:37:15.843+0000] {logging_mixin.py:188} INFO - [2026-05-24T13:37:15.843+0000] {dagbag.py:545} INFO - Filling up the DagBag from /home/varn1t/ml-pipeline/venv/lib/python3.11/site-packages/airflow/example_dags/example_params_ui_tutorial.py
[2026-05-24T13:37:15.851+0000] {processor.py:840} INFO - DAG(s) 'example_params_ui_tutorial' retrieved from /home/varn1t/ml-pipeline/venv/lib/python3.11/site-packages/airflow/example_dags/example_params_ui_tutorial.py
[2026-05-24T13:37:15.873+0000] {logging_mixin.py:188} INFO - [2026-05-24T13:37:15.873+0000] {dag.py:3096} INFO - Sync 1 DAGs
[2026-05-24T13:37:15.880+0000] {logging_mixin.py:188} INFO - [2026-05-24T13:37:15.880+0000] {dag.py:3954} INFO - Setting next_dagrun for example_params_ui_tutorial to None, run_after=None
[2026-05-24T13:37:15.896+0000] {processor.py:183} INFO - Processing /home/varn1t/ml-pipeline/venv/lib/python3.11/site-packages/airflow/example_dags/example_params_ui_tutorial.py took 0.058 seconds
[2026-05-24T13:38:04.393+0000] {processor.py:161} INFO - Started process (PID=7330) to work on /home/varn1t/ml-pipeline/venv/lib/python3.11/site-packages/airflow/example_dags/example_params_ui_tutorial.py
[2026-05-24T13:38:04.394+0000] {processor.py:830} INFO - Processing file /home/varn1t/ml-pipeline/venv/lib/python3.11/site-packages/airflow/example_dags/example_params_ui_tutorial.py for tasks to queue
[2026-05-24T13:38:04.395+0000] {logging_mixin.py:188} INFO - [2026-05-24T13:38:04.394+0000] {dagbag.py:545} INFO - Filling up the DagBag from /home/varn1t/ml-pipeline/venv/lib/python3.11/site-packages/airflow/example_dags/example_params_ui_tutorial.py
[2026-05-24T13:38:04.402+0000] {processor.py:840} INFO - DAG(s) 'example_params_ui_tutorial' retrieved from /home/varn1t/ml-pipeline/venv/lib/python3.11/site-packages/airflow/example_dags/example_params_ui_tutorial.py
[2026-05-24T13:38:04.425+0000] {logging_mixin.py:188} INFO - [2026-05-24T13:38:04.425+0000] {dag.py:3096} INFO - Sync 1 DAGs
[2026-05-24T13:38:04.436+0000] {logging_mixin.py:188} INFO - [2026-05-24T13:38:04.436+0000] {dag.py:3954} INFO - Setting next_dagrun for example_params_ui_tutorial to None, run_after=None
[2026-05-24T13:38:04.453+0000] {processor.py:183} INFO - Processing /home/varn1t/ml-pipeline/venv/lib/python3.11/site-packages/airflow/example_dags/example_params_ui_tutorial.py took 0.065 seconds
[2026-05-24T13:39:01.085+0000] {processor.py:161} INFO - Started process (PID=7600) to work on /home/varn1t/ml-pipeline/venv/lib/python3.11/site-packages/airflow/example_dags/example_params_ui_tutorial.py
[2026-05-24T13:39:01.086+0000] {processor.py:830} INFO - Processing file /home/varn1t/ml-pipeline/venv/lib/python3.11/site-packages/airflow/example_dags/example_params_ui_tutorial.py for tasks to queue
[2026-05-24T13:39:01.087+0000] {logging_mixin.py:188} INFO - [2026-05-24T13:39:01.086+0000] {dagbag.py:545} INFO - Filling up the DagBag from /home/varn1t/ml-pipeline/venv/lib/python3.11/site-packages/airflow/example_dags/example_params_ui_tutorial.py
[2026-05-24T13:39:01.094+0000] {processor.py:840} INFO - DAG(s) 'example_params_ui_tutorial' retrieved from /home/varn1t/ml-pipeline/venv/lib/python3.11/site-packages/airflow/example_dags/example_params_ui_tutorial.py
[2026-05-24T13:39:01.114+0000] {logging_mixin.py:188} INFO - [2026-05-24T13:39:01.114+0000] {dag.py:3096} INFO - Sync 1 DAGs
[2026-05-24T13:39:01.120+0000] {logging_mixin.py:188} INFO - [2026-05-24T13:39:01.120+0000] {dag.py:3954} INFO - Setting next_dagrun for example_params_ui_tutorial to None, run_after=None
[2026-05-24T13:39:01.135+0000] {processor.py:183} INFO - Processing /home/varn1t/ml-pipeline/venv/lib/python3.11/site-packages/airflow/example_dags/example_params_ui_tutorial.py took 0.054 seconds
[2026-05-24T13:40:03.184+0000] {processor.py:161} INFO - Started process (PID=7876) to work on /home/varn1t/ml-pipeline/venv/lib/python3.11/site-packages/airflow/example_dags/example_params_ui_tutorial.py
[2026-05-24T13:40:03.185+0000] {processor.py:830} INFO - Processing file /home/varn1t/ml-pipeline/venv/lib/python3.11/site-packages/airflow/example_dags/example_params_ui_tutorial.py for tasks to queue
[2026-05-24T13:40:03.185+0000] {logging_mixin.py:188} INFO - [2026-05-24T13:40:03.185+0000] {dagbag.py:545} INFO - Filling up the DagBag from /home/varn1t/ml-pipeline/venv/lib/python3.11/site-packages/airflow/example_dags/example_params_ui_tutorial.py
[2026-05-24T13:40:03.193+0000] {processor.py:840} INFO - DAG(s) 'example_params_ui_tutorial' retrieved from /home/varn1t/ml-pipeline/venv/lib/python3.11/site-packages/airflow/example_dags/example_params_ui_tutorial.py
[2026-05-24T13:40:03.213+0000] {logging_mixin.py:188} INFO - [2026-05-24T13:40:03.213+0000] {dag.py:3096} INFO - Sync 1 DAGs
[2026-05-24T13:40:03.219+0000] {logging_mixin.py:188} INFO - [2026-05-24T13:40:03.219+0000] {dag.py:3954} INFO - Setting next_dagrun for example_params_ui_tutorial to None, run_after=None
[2026-05-24T13:40:03.234+0000] {processor.py:183} INFO - Processing /home/varn1t/ml-pipeline/venv/lib/python3.11/site-packages/airflow/example_dags/example_params_ui_tutorial.py took 0.054 seconds
[2026-05-24T13:41:00.364+0000] {processor.py:161} INFO - Started process (PID=8122) to work on /home/varn1t/ml-pipeline/venv/lib/python3.11/site-packages/airflow/example_dags/example_params_ui_tutorial.py
[2026-05-24T13:41:00.365+0000] {processor.py:830} INFO - Processing file /home/varn1t/ml-pipeline/venv/lib/python3.11/site-packages/airflow/example_dags/example_params_ui_tutorial.py for tasks to queue
[2026-05-24T13:41:00.365+0000] {logging_mixin.py:188} INFO - [2026-05-24T13:41:00.365+0000] {dagbag.py:545} INFO - Filling up the DagBag from /home/varn1t/ml-pipeline/venv/lib/python3.11/site-packages/airflow/example_dags/example_params_ui_tutorial.py
[2026-05-24T13:41:00.373+0000] {processor.py:840} INFO - DAG(s) 'example_params_ui_tutorial' retrieved from /home/varn1t/ml-pipeline/venv/lib/python3.11/site-packages/airflow/example_dags/example_params_ui_tutorial.py
[2026-05-24T13:41:00.393+0000] {logging_mixin.py:188} INFO - [2026-05-24T13:41:00.392+0000] {dag.py:3096} INFO - Sync 1 DAGs
[2026-05-24T13:41:00.399+0000] {logging_mixin.py:188} INFO - [2026-05-24T13:41:00.399+0000] {dag.py:3954} INFO - Setting next_dagrun for example_params_ui_tutorial to None, run_after=None
[2026-05-24T13:41:00.415+0000] {processor.py:183} INFO - Processing /home/varn1t/ml-pipeline/venv/lib/python3.11/site-packages/airflow/example_dags/example_params_ui_tutorial.py took 0.056 seconds
[2026-05-24T13:41:59.755+0000] {processor.py:161} INFO - Started process (PID=8395) to work on /home/varn1t/ml-pipeline/venv/lib/python3.11/site-packages/airflow/example_dags/example_params_ui_tutorial.py
[2026-05-24T13:41:59.755+0000] {processor.py:830} INFO - Processing file /home/varn1t/ml-pipeline/venv/lib/python3.11/site-packages/airflow/example_dags/example_params_ui_tutorial.py for tasks to queue
[2026-05-24T13:41:59.756+0000] {logging_mixin.py:188} INFO - [2026-05-24T13:41:59.756+0000] {dagbag.py:545} INFO - Filling up the DagBag from /home/varn1t/ml-pipeline/venv/lib/python3.11/site-packages/airflow/example_dags/example_params_ui_tutorial.py
[2026-05-24T13:41:59.765+0000] {processor.py:840} INFO - DAG(s) 'example_params_ui_tutorial' retrieved from /home/varn1t/ml-pipeline/venv/lib/python3.11/site-packages/airflow/example_dags/example_params_ui_tutorial.py
[2026-05-24T13:41:59.790+0000] {logging_mixin.py:188} INFO - [2026-05-24T13:41:59.790+0000] {dag.py:3096} INFO - Sync 1 DAGs
[2026-05-24T13:41:59.798+0000] {logging_mixin.py:188} INFO - [2026-05-24T13:41:59.797+0000] {dag.py:3954} INFO - Setting next_dagrun for example_params_ui_tutorial to None, run_after=None
[2026-05-24T13:41:59.814+0000] {processor.py:183} INFO - Processing /home/varn1t/ml-pipeline/venv/lib/python3.11/site-packages/airflow/example_dags/example_params_ui_tutorial.py took 0.063 seconds
[2026-05-24T13:43:03.652+0000] {processor.py:161} INFO - Started process (PID=8662) to work on /home/varn1t/ml-pipeline/venv/lib/python3.11/site-packages/airflow/example_dags/example_params_ui_tutorial.py
[2026-05-24T13:43:03.652+0000] {processor.py:830} INFO - Processing file /home/varn1t/ml-pipeline/venv/lib/python3.11/site-packages/airflow/example_dags/example_params_ui_tutorial.py for tasks to queue
[2026-05-24T13:43:03.653+0000] {logging_mixin.py:188} INFO - [2026-05-24T13:43:03.653+0000] {dagbag.py:545} INFO - Filling up the DagBag from /home/varn1t/ml-pipeline/venv/lib/python3.11/site-packages/airflow/example_dags/example_params_ui_tutorial.py
[2026-05-24T13:43:03.662+0000] {processor.py:840} INFO - DAG(s) 'example_params_ui_tutorial' retrieved from /home/varn1t/ml-pipeline/venv/lib/python3.11/site-packages/airflow/example_dags/example_params_ui_tutorial.py
[2026-05-24T13:43:03.687+0000] {logging_mixin.py:188} INFO - [2026-05-24T13:43:03.686+0000] {dag.py:3096} INFO - Sync 1 DAGs
[2026-05-24T13:43:03.696+0000] {logging_mixin.py:188} INFO - [2026-05-24T13:43:03.696+0000] {dag.py:3954} INFO - Setting next_dagrun for example_params_ui_tutorial to None, run_after=None
[2026-05-24T13:43:03.710+0000] {processor.py:183} INFO - Processing /home/varn1t/ml-pipeline/venv/lib/python3.11/site-packages/airflow/example_dags/example_params_ui_tutorial.py took 0.063 seconds
[2026-05-24T13:44:06.231+0000] {processor.py:161} INFO - Started process (PID=8965) to work on /home/varn1t/ml-pipeline/venv/lib/python3.11/site-packages/airflow/example_dags/example_params_ui_tutorial.py
[2026-05-24T13:44:06.232+0000] {processor.py:830} INFO - Processing file /home/varn1t/ml-pipeline/venv/lib/python3.11/site-packages/airflow/example_dags/example_params_ui_tutorial.py for tasks to queue
[2026-05-24T13:44:06.233+0000] {logging_mixin.py:188} INFO - [2026-05-24T13:44:06.232+0000] {dagbag.py:545} INFO - Filling up the DagBag from /home/varn1t/ml-pipeline/venv/lib/python3.11/site-packages/airflow/example_dags/example_params_ui_tutorial.py
[2026-05-24T13:44:06.241+0000] {processor.py:840} INFO - DAG(s) 'example_params_ui_tutorial' retrieved from /home/varn1t/ml-pipeline/venv/lib/python3.11/site-packages/airflow/example_dags/example_params_ui_tutorial.py
[2026-05-24T13:44:06.265+0000] {logging_mixin.py:188} INFO - [2026-05-24T13:44:06.265+0000] {dag.py:3096} INFO - Sync 1 DAGs
[2026-05-24T13:44:06.273+0000] {logging_mixin.py:188} INFO - [2026-05-24T13:44:06.273+0000] {dag.py:3954} INFO - Setting next_dagrun for example_params_ui_tutorial to None, run_after=None
[2026-05-24T13:44:06.290+0000] {processor.py:183} INFO - Processing /home/varn1t/ml-pipeline/venv/lib/python3.11/site-packages/airflow/example_dags/example_params_ui_tutorial.py took 0.063 seconds
[2026-05-24T13:45:11.090+0000] {processor.py:161} INFO - Started process (PID=9234) to work on /home/varn1t/ml-pipeline/venv/lib/python3.11/site-packages/airflow/example_dags/example_params_ui_tutorial.py
[2026-05-24T13:45:11.091+0000] {processor.py:830} INFO - Processing file /home/varn1t/ml-pipeline/venv/lib/python3.11/site-packages/airflow/example_dags/example_params_ui_tutorial.py for tasks to queue
[2026-05-24T13:45:11.091+0000] {logging_mixin.py:188} INFO - [2026-05-24T13:45:11.091+0000] {dagbag.py:545} INFO - Filling up the DagBag from /home/varn1t/ml-pipeline/venv/lib/python3.11/site-packages/airflow/example_dags/example_params_ui_tutorial.py
[2026-05-24T13:45:11.100+0000] {processor.py:840} INFO - DAG(s) 'example_params_ui_tutorial' retrieved from /home/varn1t/ml-pipeline/venv/lib/python3.11/site-packages/airflow/example_dags/example_params_ui_tutorial.py
[2026-05-24T13:45:11.123+0000] {logging_mixin.py:188} INFO - [2026-05-24T13:45:11.122+0000] {dag.py:3096} INFO - Sync 1 DAGs
[2026-05-24T13:45:11.129+0000] {logging_mixin.py:188} INFO - [2026-05-24T13:45:11.129+0000] {dag.py:3954} INFO - Setting next_dagrun for example_params_ui_tutorial to None, run_after=None
[2026-05-24T13:45:11.146+0000] {processor.py:183} INFO - Processing /home/varn1t/ml-pipeline/venv/lib/python3.11/site-packages/airflow/example_dags/example_params_ui_tutorial.py took 0.060 seconds
[2026-05-24T13:46:13.848+0000] {processor.py:161} INFO - Started process (PID=9517) to work on /home/varn1t/ml-pipeline/venv/lib/python3.11/site-packages/airflow/example_dags/example_params_ui_tutorial.py
[2026-05-24T13:46:13.849+0000] {processor.py:830} INFO - Processing file /home/varn1t/ml-pipeline/venv/lib/python3.11/site-packages/airflow/example_dags/example_params_ui_tutorial.py for tasks to queue
[2026-05-24T13:46:13.849+0000] {logging_mixin.py:188} INFO - [2026-05-24T13:46:13.849+0000] {dagbag.py:545} INFO - Filling up the DagBag from /home/varn1t/ml-pipeline/venv/lib/python3.11/site-packages/airflow/example_dags/example_params_ui_tutorial.py
[2026-05-24T13:46:13.858+0000] {processor.py:840} INFO - DAG(s) 'example_params_ui_tutorial' retrieved from /home/varn1t/ml-pipeline/venv/lib/python3.11/site-packages/airflow/example_dags/example_params_ui_tutorial.py
[2026-05-24T13:46:13.881+0000] {logging_mixin.py:188} INFO - [2026-05-24T13:46:13.881+0000] {dag.py:3096} INFO - Sync 1 DAGs
[2026-05-24T13:46:13.888+0000] {logging_mixin.py:188} INFO - [2026-05-24T13:46:13.888+0000] {dag.py:3954} INFO - Setting next_dagrun for example_params_ui_tutorial to None, run_after=None
[2026-05-24T13:46:13.902+0000] {processor.py:183} INFO - Processing /home/varn1t/ml-pipeline/venv/lib/python3.11/site-packages/airflow/example_dags/example_params_ui_tutorial.py took 0.058 seconds
[2026-05-24T13:47:21.268+0000] {processor.py:161} INFO - Started process (PID=9799) to work on /home/varn1t/ml-pipeline/venv/lib/python3.11/site-packages/airflow/example_dags/example_params_ui_tutorial.py
[2026-05-24T13:47:21.269+0000] {processor.py:830} INFO - Processing file /home/varn1t/ml-pipeline/venv/lib/python3.11/site-packages/airflow/example_dags/example_params_ui_tutorial.py for tasks to queue
[2026-05-24T13:47:21.270+0000] {logging_mixin.py:188} INFO - [2026-05-24T13:47:21.269+0000] {dagbag.py:545} INFO - Filling up the DagBag from /home/varn1t/ml-pipeline/venv/lib/python3.11/site-packages/airflow/example_dags/example_params_ui_tutorial.py
[2026-05-24T13:47:21.280+0000] {processor.py:840} INFO - DAG(s) 'example_params_ui_tutorial' retrieved from /home/varn1t/ml-pipeline/venv/lib/python3.11/site-packages/airflow/example_dags/example_params_ui_tutorial.py
[2026-05-24T13:47:21.307+0000] {logging_mixin.py:188} INFO - [2026-05-24T13:47:21.307+0000] {dag.py:3096} INFO - Sync 1 DAGs
[2026-05-24T13:47:21.317+0000] {logging_mixin.py:188} INFO - [2026-05-24T13:47:21.317+0000] {dag.py:3954} INFO - Setting next_dagrun for example_params_ui_tutorial to None, run_after=None
[2026-05-24T13:47:21.336+0000] {processor.py:183} INFO - Processing /home/varn1t/ml-pipeline/venv/lib/python3.11/site-packages/airflow/example_dags/example_params_ui_tutorial.py took 0.073 seconds
[2026-05-24T13:48:23.908+0000] {processor.py:161} INFO - Started process (PID=10233) to work on /home/varn1t/ml-pipeline/venv/lib/python3.11/site-packages/airflow/example_dags/example_params_ui_tutorial.py
[2026-05-24T13:48:23.909+0000] {processor.py:830} INFO - Processing file /home/varn1t/ml-pipeline/venv/lib/python3.11/site-packages/airflow/example_dags/example_params_ui_tutorial.py for tasks to queue
[2026-05-24T13:48:23.910+0000] {logging_mixin.py:188} INFO - [2026-05-24T13:48:23.909+0000] {dagbag.py:545} INFO - Filling up the DagBag from /home/varn1t/ml-pipeline/venv/lib/python3.11/site-packages/airflow/example_dags/example_params_ui_tutorial.py
[2026-05-24T13:48:23.924+0000] {processor.py:840} INFO - DAG(s) 'example_params_ui_tutorial' retrieved from /home/varn1t/ml-pipeline/venv/lib/python3.11/site-packages/airflow/example_dags/example_params_ui_tutorial.py
[2026-05-24T13:48:23.955+0000] {logging_mixin.py:188} INFO - [2026-05-24T13:48:23.955+0000] {dag.py:3096} INFO - Sync 1 DAGs
[2026-05-24T13:48:23.967+0000] {logging_mixin.py:188} INFO - [2026-05-24T13:48:23.966+0000] {dag.py:3954} INFO - Setting next_dagrun for example_params_ui_tutorial to None, run_after=None
[2026-05-24T13:48:23.985+0000] {processor.py:183} INFO - Processing /home/varn1t/ml-pipeline/venv/lib/python3.11/site-packages/airflow/example_dags/example_params_ui_tutorial.py took 0.083 seconds
[2026-05-24T13:49:24.419+0000] {processor.py:161} INFO - Started process (PID=10908) to work on /home/varn1t/ml-pipeline/venv/lib/python3.11/site-packages/airflow/example_dags/example_params_ui_tutorial.py
[2026-05-24T13:49:24.421+0000] {processor.py:830} INFO - Processing file /home/varn1t/ml-pipeline/venv/lib/python3.11/site-packages/airflow/example_dags/example_params_ui_tutorial.py for tasks to queue
[2026-05-24T13:49:24.421+0000] {logging_mixin.py:188} INFO - [2026-05-24T13:49:24.421+0000] {dagbag.py:545} INFO - Filling up the DagBag from /home/varn1t/ml-pipeline/venv/lib/python3.11/site-packages/airflow/example_dags/example_params_ui_tutorial.py
[2026-05-24T13:49:24.430+0000] {processor.py:840} INFO - DAG(s) 'example_params_ui_tutorial' retrieved from /home/varn1t/ml-pipeline/venv/lib/python3.11/site-packages/airflow/example_dags/example_params_ui_tutorial.py
[2026-05-24T13:49:24.454+0000] {logging_mixin.py:188} INFO - [2026-05-24T13:49:24.454+0000] {dag.py:3096} INFO - Sync 1 DAGs
[2026-05-24T13:49:24.461+0000] {logging_mixin.py:188} INFO - [2026-05-24T13:49:24.460+0000] {dag.py:3954} INFO - Setting next_dagrun for example_params_ui_tutorial to None, run_after=None
[2026-05-24T13:49:24.476+0000] {processor.py:183} INFO - Processing /home/varn1t/ml-pipeline/venv/lib/python3.11/site-packages/airflow/example_dags/example_params_ui_tutorial.py took 0.061 seconds
[2026-05-24T13:50:25.345+0000] {processor.py:161} INFO - Started process (PID=11478) to work on /home/varn1t/ml-pipeline/venv/lib/python3.11/site-packages/airflow/example_dags/example_params_ui_tutorial.py
[2026-05-24T13:50:25.347+0000] {processor.py:830} INFO - Processing file /home/varn1t/ml-pipeline/venv/lib/python3.11/site-packages/airflow/example_dags/example_params_ui_tutorial.py for tasks to queue
[2026-05-24T13:50:25.347+0000] {logging_mixin.py:188} INFO - [2026-05-24T13:50:25.347+0000] {dagbag.py:545} INFO - Filling up the DagBag from /home/varn1t/ml-pipeline/venv/lib/python3.11/site-packages/airflow/example_dags/example_params_ui_tutorial.py
[2026-05-24T13:50:25.358+0000] {processor.py:840} INFO - DAG(s) 'example_params_ui_tutorial' retrieved from /home/varn1t/ml-pipeline/venv/lib/python3.11/site-packages/airflow/example_dags/example_params_ui_tutorial.py
[2026-05-24T13:50:25.382+0000] {logging_mixin.py:188} INFO - [2026-05-24T13:50:25.382+0000] {dag.py:3096} INFO - Sync 1 DAGs
[2026-05-24T13:50:25.391+0000] {logging_mixin.py:188} INFO - [2026-05-24T13:50:25.390+0000] {dag.py:3954} INFO - Setting next_dagrun for example_params_ui_tutorial to None, run_after=None
[2026-05-24T13:50:25.408+0000] {processor.py:183} INFO - Processing /home/varn1t/ml-pipeline/venv/lib/python3.11/site-packages/airflow/example_dags/example_params_ui_tutorial.py took 0.066 seconds
[2026-05-24T13:51:25.478+0000] {processor.py:161} INFO - Started process (PID=11914) to work on /home/varn1t/ml-pipeline/venv/lib/python3.11/site-packages/airflow/example_dags/example_params_ui_tutorial.py
[2026-05-24T13:51:25.479+0000] {processor.py:830} INFO - Processing file /home/varn1t/ml-pipeline/venv/lib/python3.11/site-packages/airflow/example_dags/example_params_ui_tutorial.py for tasks to queue
[2026-05-24T13:51:25.480+0000] {logging_mixin.py:188} INFO - [2026-05-24T13:51:25.479+0000] {dagbag.py:545} INFO - Filling up the DagBag from /home/varn1t/ml-pipeline/venv/lib/python3.11/site-packages/airflow/example_dags/example_params_ui_tutorial.py
[2026-05-24T13:51:25.491+0000] {processor.py:840} INFO - DAG(s) 'example_params_ui_tutorial' retrieved from /home/varn1t/ml-pipeline/venv/lib/python3.11/site-packages/airflow/example_dags/example_params_ui_tutorial.py
[2026-05-24T13:51:25.516+0000] {logging_mixin.py:188} INFO - [2026-05-24T13:51:25.516+0000] {dag.py:3096} INFO - Sync 1 DAGs
[2026-05-24T13:51:25.525+0000] {logging_mixin.py:188} INFO - [2026-05-24T13:51:25.525+0000] {dag.py:3954} INFO - Setting next_dagrun for example_params_ui_tutorial to None, run_after=None
[2026-05-24T13:51:25.540+0000] {processor.py:183} INFO - Processing /home/varn1t/ml-pipeline/venv/lib/python3.11/site-packages/airflow/example_dags/example_params_ui_tutorial.py took 0.065 seconds
[2026-05-24T13:52:25.607+0000] {processor.py:161} INFO - Started process (PID=12320) to work on /home/varn1t/ml-pipeline/venv/lib/python3.11/site-packages/airflow/example_dags/example_params_ui_tutorial.py
[2026-05-24T13:52:25.608+0000] {processor.py:830} INFO - Processing file /home/varn1t/ml-pipeline/venv/lib/python3.11/site-packages/airflow/example_dags/example_params_ui_tutorial.py for tasks to queue
[2026-05-24T13:52:25.608+0000] {logging_mixin.py:188} INFO - [2026-05-24T13:52:25.608+0000] {dagbag.py:545} INFO - Filling up the DagBag from /home/varn1t/ml-pipeline/venv/lib/python3.11/site-packages/airflow/example_dags/example_params_ui_tutorial.py
[2026-05-24T13:52:25.618+0000] {processor.py:840} INFO - DAG(s) 'example_params_ui_tutorial' retrieved from /home/varn1t/ml-pipeline/venv/lib/python3.11/site-packages/airflow/example_dags/example_params_ui_tutorial.py
[2026-05-24T13:52:25.639+0000] {logging_mixin.py:188} INFO - [2026-05-24T13:52:25.639+0000] {dag.py:3096} INFO - Sync 1 DAGs
[2026-05-24T13:52:25.645+0000] {logging_mixin.py:188} INFO - [2026-05-24T13:52:25.645+0000] {dag.py:3954} INFO - Setting next_dagrun for example_params_ui_tutorial to None, run_after=None
[2026-05-24T13:52:25.660+0000] {processor.py:183} INFO - Processing /home/varn1t/ml-pipeline/venv/lib/python3.11/site-packages/airflow/example_dags/example_params_ui_tutorial.py took 0.057 seconds
[2026-05-24T13:53:32.247+0000] {processor.py:161} INFO - Started process (PID=12622) to work on /home/varn1t/ml-pipeline/venv/lib/python3.11/site-packages/airflow/example_dags/example_params_ui_tutorial.py
[2026-05-24T13:53:32.248+0000] {processor.py:830} INFO - Processing file /home/varn1t/ml-pipeline/venv/lib/python3.11/site-packages/airflow/example_dags/example_params_ui_tutorial.py for tasks to queue
[2026-05-24T13:53:32.248+0000] {logging_mixin.py:188} INFO - [2026-05-24T13:53:32.248+0000] {dagbag.py:545} INFO - Filling up the DagBag from /home/varn1t/ml-pipeline/venv/lib/python3.11/site-packages/airflow/example_dags/example_params_ui_tutorial.py
[2026-05-24T13:53:32.256+0000] {processor.py:840} INFO - DAG(s) 'example_params_ui_tutorial' retrieved from /home/varn1t/ml-pipeline/venv/lib/python3.11/site-packages/airflow/example_dags/example_params_ui_tutorial.py
[2026-05-24T13:53:32.277+0000] {logging_mixin.py:188} INFO - [2026-05-24T13:53:32.276+0000] {dag.py:3096} INFO - Sync 1 DAGs
[2026-05-24T13:53:32.284+0000] {logging_mixin.py:188} INFO - [2026-05-24T13:53:32.283+0000] {dag.py:3954} INFO - Setting next_dagrun for example_params_ui_tutorial to None, run_after=None
[2026-05-24T13:53:32.300+0000] {processor.py:183} INFO - Processing /home/varn1t/ml-pipeline/venv/lib/python3.11/site-packages/airflow/example_dags/example_params_ui_tutorial.py took 0.056 seconds
[2026-05-24T13:54:32.891+0000] {processor.py:161} INFO - Started process (PID=12898) to work on /home/varn1t/ml-pipeline/venv/lib/python3.11/site-packages/airflow/example_dags/example_params_ui_tutorial.py
[2026-05-24T13:54:32.893+0000] {processor.py:830} INFO - Processing file /home/varn1t/ml-pipeline/venv/lib/python3.11/site-packages/airflow/example_dags/example_params_ui_tutorial.py for tasks to queue
[2026-05-24T13:54:32.894+0000] {logging_mixin.py:188} INFO - [2026-05-24T13:54:32.893+0000] {dagbag.py:545} INFO - Filling up the DagBag from /home/varn1t/ml-pipeline/venv/lib/python3.11/site-packages/airflow/example_dags/example_params_ui_tutorial.py
[2026-05-24T13:54:32.904+0000] {processor.py:840} INFO - DAG(s) 'example_params_ui_tutorial' retrieved from /home/varn1t/ml-pipeline/venv/lib/python3.11/site-packages/airflow/example_dags/example_params_ui_tutorial.py
[2026-05-24T13:54:32.927+0000] {logging_mixin.py:188} INFO - [2026-05-24T13:54:32.927+0000] {dag.py:3096} INFO - Sync 1 DAGs
[2026-05-24T13:54:32.935+0000] {logging_mixin.py:188} INFO - [2026-05-24T13:54:32.934+0000] {dag.py:3954} INFO - Setting next_dagrun for example_params_ui_tutorial to None, run_after=None
[2026-05-24T13:54:32.948+0000] {processor.py:183} INFO - Processing /home/varn1t/ml-pipeline/venv/lib/python3.11/site-packages/airflow/example_dags/example_params_ui_tutorial.py took 0.062 seconds
[2026-05-24T13:55:32.051+0000] {processor.py:161} INFO - Started process (PID=13146) to work on /home/varn1t/ml-pipeline/venv/lib/python3.11/site-packages/airflow/example_dags/example_params_ui_tutorial.py
[2026-05-24T13:55:32.052+0000] {processor.py:830} INFO - Processing file /home/varn1t/ml-pipeline/venv/lib/python3.11/site-packages/airflow/example_dags/example_params_ui_tutorial.py for tasks to queue
[2026-05-24T13:55:32.053+0000] {logging_mixin.py:188} INFO - [2026-05-24T13:55:32.052+0000] {dagbag.py:545} INFO - Filling up the DagBag from /home/varn1t/ml-pipeline/venv/lib/python3.11/site-packages/airflow/example_dags/example_params_ui_tutorial.py
[2026-05-24T13:55:32.061+0000] {processor.py:840} INFO - DAG(s) 'example_params_ui_tutorial' retrieved from /home/varn1t/ml-pipeline/venv/lib/python3.11/site-packages/airflow/example_dags/example_params_ui_tutorial.py
[2026-05-24T13:55:32.081+0000] {logging_mixin.py:188} INFO - [2026-05-24T13:55:32.081+0000] {dag.py:3096} INFO - Sync 1 DAGs
[2026-05-24T13:55:32.088+0000] {logging_mixin.py:188} INFO - [2026-05-24T13:55:32.088+0000] {dag.py:3954} INFO - Setting next_dagrun for example_params_ui_tutorial to None, run_after=None
[2026-05-24T13:55:32.103+0000] {processor.py:183} INFO - Processing /home/varn1t/ml-pipeline/venv/lib/python3.11/site-packages/airflow/example_dags/example_params_ui_tutorial.py took 0.056 seconds
[2026-05-24T13:56:28.519+0000] {processor.py:161} INFO - Started process (PID=13405) to work on /home/varn1t/ml-pipeline/venv/lib/python3.11/site-packages/airflow/example_dags/example_params_ui_tutorial.py
[2026-05-24T13:56:28.520+0000] {processor.py:830} INFO - Processing file /home/varn1t/ml-pipeline/venv/lib/python3.11/site-packages/airflow/example_dags/example_params_ui_tutorial.py for tasks to queue
[2026-05-24T13:56:28.520+0000] {logging_mixin.py:188} INFO - [2026-05-24T13:56:28.520+0000] {dagbag.py:545} INFO - Filling up the DagBag from /home/varn1t/ml-pipeline/venv/lib/python3.11/site-packages/airflow/example_dags/example_params_ui_tutorial.py
[2026-05-24T13:56:28.528+0000] {processor.py:840} INFO - DAG(s) 'example_params_ui_tutorial' retrieved from /home/varn1t/ml-pipeline/venv/lib/python3.11/site-packages/airflow/example_dags/example_params_ui_tutorial.py
[2026-05-24T13:56:28.550+0000] {logging_mixin.py:188} INFO - [2026-05-24T13:56:28.550+0000] {dag.py:3096} INFO - Sync 1 DAGs
[2026-05-24T13:56:28.557+0000] {logging_mixin.py:188} INFO - [2026-05-24T13:56:28.557+0000] {dag.py:3954} INFO - Setting next_dagrun for example_params_ui_tutorial to None, run_after=None
[2026-05-24T13:56:28.572+0000] {processor.py:183} INFO - Processing /home/varn1t/ml-pipeline/venv/lib/python3.11/site-packages/airflow/example_dags/example_params_ui_tutorial.py took 0.058 seconds
[2026-05-24T13:57:36.424+0000] {processor.py:161} INFO - Started process (PID=13690) to work on /home/varn1t/ml-pipeline/venv/lib/python3.11/site-packages/airflow/example_dags/example_params_ui_tutorial.py
[2026-05-24T13:57:36.426+0000] {processor.py:830} INFO - Processing file /home/varn1t/ml-pipeline/venv/lib/python3.11/site-packages/airflow/example_dags/example_params_ui_tutorial.py for tasks to queue
[2026-05-24T13:57:36.426+0000] {logging_mixin.py:188} INFO - [2026-05-24T13:57:36.426+0000] {dagbag.py:545} INFO - Filling up the DagBag from /home/varn1t/ml-pipeline/venv/lib/python3.11/site-packages/airflow/example_dags/example_params_ui_tutorial.py
[2026-05-24T13:57:36.434+0000] {processor.py:840} INFO - DAG(s) 'example_params_ui_tutorial' retrieved from /home/varn1t/ml-pipeline/venv/lib/python3.11/site-packages/airflow/example_dags/example_params_ui_tutorial.py
[2026-05-24T13:57:36.462+0000] {logging_mixin.py:188} INFO - [2026-05-24T13:57:36.462+0000] {dag.py:3096} INFO - Sync 1 DAGs
[2026-05-24T13:57:36.470+0000] {logging_mixin.py:188} INFO - [2026-05-24T13:57:36.470+0000] {dag.py:3954} INFO - Setting next_dagrun for example_params_ui_tutorial to None, run_after=None
[2026-05-24T13:57:36.487+0000] {processor.py:183} INFO - Processing /home/varn1t/ml-pipeline/venv/lib/python3.11/site-packages/airflow/example_dags/example_params_ui_tutorial.py took 0.067 seconds
[2026-05-24T13:58:37.947+0000] {processor.py:161} INFO - Started process (PID=13987) to work on /home/varn1t/ml-pipeline/venv/lib/python3.11/site-packages/airflow/example_dags/example_params_ui_tutorial.py
[2026-05-24T13:58:37.948+0000] {processor.py:830} INFO - Processing file /home/varn1t/ml-pipeline/venv/lib/python3.11/site-packages/airflow/example_dags/example_params_ui_tutorial.py for tasks to queue
[2026-05-24T13:58:37.948+0000] {logging_mixin.py:188} INFO - [2026-05-24T13:58:37.948+0000] {dagbag.py:545} INFO - Filling up the DagBag from /home/varn1t/ml-pipeline/venv/lib/python3.11/site-packages/airflow/example_dags/example_params_ui_tutorial.py
[2026-05-24T13:58:37.956+0000] {processor.py:840} INFO - DAG(s) 'example_params_ui_tutorial' retrieved from /home/varn1t/ml-pipeline/venv/lib/python3.11/site-packages/airflow/example_dags/example_params_ui_tutorial.py
[2026-05-24T13:58:37.976+0000] {logging_mixin.py:188} INFO - [2026-05-24T13:58:37.976+0000] {dag.py:3096} INFO - Sync 1 DAGs
[2026-05-24T13:58:37.982+0000] {logging_mixin.py:188} INFO - [2026-05-24T13:58:37.982+0000] {dag.py:3954} INFO - Setting next_dagrun for example_params_ui_tutorial to None, run_after=None
[2026-05-24T13:58:37.996+0000] {processor.py:183} INFO - Processing /home/varn1t/ml-pipeline/venv/lib/python3.11/site-packages/airflow/example_dags/example_params_ui_tutorial.py took 0.052 seconds
[2026-05-24T13:59:42.476+0000] {processor.py:161} INFO - Started process (PID=14262) to work on /home/varn1t/ml-pipeline/venv/lib/python3.11/site-packages/airflow/example_dags/example_params_ui_tutorial.py
[2026-05-24T13:59:42.477+0000] {processor.py:830} INFO - Processing file /home/varn1t/ml-pipeline/venv/lib/python3.11/site-packages/airflow/example_dags/example_params_ui_tutorial.py for tasks to queue
[2026-05-24T13:59:42.477+0000] {logging_mixin.py:188} INFO - [2026-05-24T13:59:42.477+0000] {dagbag.py:545} INFO - Filling up the DagBag from /home/varn1t/ml-pipeline/venv/lib/python3.11/site-packages/airflow/example_dags/example_params_ui_tutorial.py
[2026-05-24T13:59:42.485+0000] {processor.py:840} INFO - DAG(s) 'example_params_ui_tutorial' retrieved from /home/varn1t/ml-pipeline/venv/lib/python3.11/site-packages/airflow/example_dags/example_params_ui_tutorial.py
[2026-05-24T13:59:42.506+0000] {logging_mixin.py:188} INFO - [2026-05-24T13:59:42.506+0000] {dag.py:3096} INFO - Sync 1 DAGs
[2026-05-24T13:59:42.513+0000] {logging_mixin.py:188} INFO - [2026-05-24T13:59:42.513+0000] {dag.py:3954} INFO - Setting next_dagrun for example_params_ui_tutorial to None, run_after=None
[2026-05-24T13:59:42.527+0000] {processor.py:183} INFO - Processing /home/varn1t/ml-pipeline/venv/lib/python3.11/site-packages/airflow/example_dags/example_params_ui_tutorial.py took 0.055 seconds
[2026-05-24T14:00:42.643+0000] {processor.py:161} INFO - Started process (PID=14530) to work on /home/varn1t/ml-pipeline/venv/lib/python3.11/site-packages/airflow/example_dags/example_params_ui_tutorial.py
[2026-05-24T14:00:42.644+0000] {processor.py:830} INFO - Processing file /home/varn1t/ml-pipeline/venv/lib/python3.11/site-packages/airflow/example_dags/example_params_ui_tutorial.py for tasks to queue
[2026-05-24T14:00:42.645+0000] {logging_mixin.py:188} INFO - [2026-05-24T14:00:42.644+0000] {dagbag.py:545} INFO - Filling up the DagBag from /home/varn1t/ml-pipeline/venv/lib/python3.11/site-packages/airflow/example_dags/example_params_ui_tutorial.py
[2026-05-24T14:00:42.654+0000] {processor.py:840} INFO - DAG(s) 'example_params_ui_tutorial' retrieved from /home/varn1t/ml-pipeline/venv/lib/python3.11/site-packages/airflow/example_dags/example_params_ui_tutorial.py
[2026-05-24T14:00:42.677+0000] {logging_mixin.py:188} INFO - [2026-05-24T14:00:42.677+0000] {dag.py:3096} INFO - Sync 1 DAGs
[2026-05-24T14:00:42.684+0000] {logging_mixin.py:188} INFO - [2026-05-24T14:00:42.684+0000] {dag.py:3954} INFO - Setting next_dagrun for example_params_ui_tutorial to None, run_after=None
[2026-05-24T14:00:42.699+0000] {processor.py:183} INFO - Processing /home/varn1t/ml-pipeline/venv/lib/python3.11/site-packages/airflow/example_dags/example_params_ui_tutorial.py took 0.062 seconds
[2026-05-24T14:01:40.510+0000] {processor.py:161} INFO - Started process (PID=14779) to work on /home/varn1t/ml-pipeline/venv/lib/python3.11/site-packages/airflow/example_dags/example_params_ui_tutorial.py
[2026-05-24T14:01:40.511+0000] {processor.py:830} INFO - Processing file /home/varn1t/ml-pipeline/venv/lib/python3.11/site-packages/airflow/example_dags/example_params_ui_tutorial.py for tasks to queue
[2026-05-24T14:01:40.511+0000] {logging_mixin.py:188} INFO - [2026-05-24T14:01:40.511+0000] {dagbag.py:545} INFO - Filling up the DagBag from /home/varn1t/ml-pipeline/venv/lib/python3.11/site-packages/airflow/example_dags/example_params_ui_tutorial.py
[2026-05-24T14:01:40.521+0000] {processor.py:840} INFO - DAG(s) 'example_params_ui_tutorial' retrieved from /home/varn1t/ml-pipeline/venv/lib/python3.11/site-packages/airflow/example_dags/example_params_ui_tutorial.py
[2026-05-24T14:01:40.545+0000] {logging_mixin.py:188} INFO - [2026-05-24T14:01:40.544+0000] {dag.py:3096} INFO - Sync 1 DAGs
[2026-05-24T14:01:40.551+0000] {logging_mixin.py:188} INFO - [2026-05-24T14:01:40.551+0000] {dag.py:3954} INFO - Setting next_dagrun for example_params_ui_tutorial to None, run_after=None
[2026-05-24T14:01:40.567+0000] {processor.py:183} INFO - Processing /home/varn1t/ml-pipeline/venv/lib/python3.11/site-packages/airflow/example_dags/example_params_ui_tutorial.py took 0.061 seconds
[2026-05-24T14:02:40.393+0000] {processor.py:161} INFO - Started process (PID=15051) to work on /home/varn1t/ml-pipeline/venv/lib/python3.11/site-packages/airflow/example_dags/example_params_ui_tutorial.py
[2026-05-24T14:02:40.394+0000] {processor.py:830} INFO - Processing file /home/varn1t/ml-pipeline/venv/lib/python3.11/site-packages/airflow/example_dags/example_params_ui_tutorial.py for tasks to queue
[2026-05-24T14:02:40.395+0000] {logging_mixin.py:188} INFO - [2026-05-24T14:02:40.394+0000] {dagbag.py:545} INFO - Filling up the DagBag from /home/varn1t/ml-pipeline/venv/lib/python3.11/site-packages/airflow/example_dags/example_params_ui_tutorial.py
[2026-05-24T14:02:40.403+0000] {processor.py:840} INFO - DAG(s) 'example_params_ui_tutorial' retrieved from /home/varn1t/ml-pipeline/venv/lib/python3.11/site-packages/airflow/example_dags/example_params_ui_tutorial.py
[2026-05-24T14:02:40.428+0000] {logging_mixin.py:188} INFO - [2026-05-24T14:02:40.428+0000] {dag.py:3096} INFO - Sync 1 DAGs
[2026-05-24T14:02:40.436+0000] {logging_mixin.py:188} INFO - [2026-05-24T14:02:40.436+0000] {dag.py:3954} INFO - Setting next_dagrun for example_params_ui_tutorial to None, run_after=None
[2026-05-24T14:02:40.454+0000] {processor.py:183} INFO - Processing /home/varn1t/ml-pipeline/venv/lib/python3.11/site-packages/airflow/example_dags/example_params_ui_tutorial.py took 0.065 seconds
[2026-05-24T14:03:40.846+0000] {processor.py:161} INFO - Started process (PID=15330) to work on /home/varn1t/ml-pipeline/venv/lib/python3.11/site-packages/airflow/example_dags/example_params_ui_tutorial.py
[2026-05-24T14:03:40.848+0000] {processor.py:830} INFO - Processing file /home/varn1t/ml-pipeline/venv/lib/python3.11/site-packages/airflow/example_dags/example_params_ui_tutorial.py for tasks to queue
[2026-05-24T14:03:40.849+0000] {logging_mixin.py:188} INFO - [2026-05-24T14:03:40.849+0000] {dagbag.py:545} INFO - Filling up the DagBag from /home/varn1t/ml-pipeline/venv/lib/python3.11/site-packages/airflow/example_dags/example_params_ui_tutorial.py
[2026-05-24T14:03:40.864+0000] {processor.py:840} INFO - DAG(s) 'example_params_ui_tutorial' retrieved from /home/varn1t/ml-pipeline/venv/lib/python3.11/site-packages/airflow/example_dags/example_params_ui_tutorial.py
[2026-05-24T14:03:40.903+0000] {logging_mixin.py:188} INFO - [2026-05-24T14:03:40.903+0000] {dag.py:3096} INFO - Sync 1 DAGs
[2026-05-24T14:03:40.919+0000] {logging_mixin.py:188} INFO - [2026-05-24T14:03:40.919+0000] {dag.py:3954} INFO - Setting next_dagrun for example_params_ui_tutorial to None, run_after=None
[2026-05-24T14:03:40.955+0000] {processor.py:183} INFO - Processing /home/varn1t/ml-pipeline/venv/lib/python3.11/site-packages/airflow/example_dags/example_params_ui_tutorial.py took 0.118 seconds
[2026-05-24T14:04:43.288+0000] {processor.py:161} INFO - Started process (PID=15607) to work on /home/varn1t/ml-pipeline/venv/lib/python3.11/site-packages/airflow/example_dags/example_params_ui_tutorial.py
[2026-05-24T14:04:43.289+0000] {processor.py:830} INFO - Processing file /home/varn1t/ml-pipeline/venv/lib/python3.11/site-packages/airflow/example_dags/example_params_ui_tutorial.py for tasks to queue
[2026-05-24T14:04:43.289+0000] {logging_mixin.py:188} INFO - [2026-05-24T14:04:43.289+0000] {dagbag.py:545} INFO - Filling up the DagBag from /home/varn1t/ml-pipeline/venv/lib/python3.11/site-packages/airflow/example_dags/example_params_ui_tutorial.py
[2026-05-24T14:04:43.297+0000] {processor.py:840} INFO - DAG(s) 'example_params_ui_tutorial' retrieved from /home/varn1t/ml-pipeline/venv/lib/python3.11/site-packages/airflow/example_dags/example_params_ui_tutorial.py
[2026-05-24T14:04:43.318+0000] {logging_mixin.py:188} INFO - [2026-05-24T14:04:43.318+0000] {dag.py:3096} INFO - Sync 1 DAGs
[2026-05-24T14:04:43.326+0000] {logging_mixin.py:188} INFO - [2026-05-24T14:04:43.326+0000] {dag.py:3954} INFO - Setting next_dagrun for example_params_ui_tutorial to None, run_after=None
[2026-05-24T14:04:43.341+0000] {processor.py:183} INFO - Processing /home/varn1t/ml-pipeline/venv/lib/python3.11/site-packages/airflow/example_dags/example_params_ui_tutorial.py took 0.057 seconds
[2026-05-24T14:05:43.967+0000] {processor.py:161} INFO - Started process (PID=15866) to work on /home/varn1t/ml-pipeline/venv/lib/python3.11/site-packages/airflow/example_dags/example_params_ui_tutorial.py
[2026-05-24T14:05:43.968+0000] {processor.py:830} INFO - Processing file /home/varn1t/ml-pipeline/venv/lib/python3.11/site-packages/airflow/example_dags/example_params_ui_tutorial.py for tasks to queue
[2026-05-24T14:05:43.968+0000] {logging_mixin.py:188} INFO - [2026-05-24T14:05:43.968+0000] {dagbag.py:545} INFO - Filling up the DagBag from /home/varn1t/ml-pipeline/venv/lib/python3.11/site-packages/airflow/example_dags/example_params_ui_tutorial.py
[2026-05-24T14:05:43.977+0000] {processor.py:840} INFO - DAG(s) 'example_params_ui_tutorial' retrieved from /home/varn1t/ml-pipeline/venv/lib/python3.11/site-packages/airflow/example_dags/example_params_ui_tutorial.py
[2026-05-24T14:05:44.003+0000] {logging_mixin.py:188} INFO - [2026-05-24T14:05:44.003+0000] {dag.py:3096} INFO - Sync 1 DAGs
[2026-05-24T14:05:44.011+0000] {logging_mixin.py:188} INFO - [2026-05-24T14:05:44.011+0000] {dag.py:3954} INFO - Setting next_dagrun for example_params_ui_tutorial to None, run_after=None
[2026-05-24T14:05:44.028+0000] {processor.py:183} INFO - Processing /home/varn1t/ml-pipeline/venv/lib/python3.11/site-packages/airflow/example_dags/example_params_ui_tutorial.py took 0.065 seconds
[2026-05-24T14:06:48.692+0000] {processor.py:161} INFO - Started process (PID=16182) to work on /home/varn1t/ml-pipeline/venv/lib/python3.11/site-packages/airflow/example_dags/example_params_ui_tutorial.py
[2026-05-24T14:06:48.693+0000] {processor.py:830} INFO - Processing file /home/varn1t/ml-pipeline/venv/lib/python3.11/site-packages/airflow/example_dags/example_params_ui_tutorial.py for tasks to queue
[2026-05-24T14:06:48.694+0000] {logging_mixin.py:188} INFO - [2026-05-24T14:06:48.693+0000] {dagbag.py:545} INFO - Filling up the DagBag from /home/varn1t/ml-pipeline/venv/lib/python3.11/site-packages/airflow/example_dags/example_params_ui_tutorial.py
[2026-05-24T14:06:48.702+0000] {processor.py:840} INFO - DAG(s) 'example_params_ui_tutorial' retrieved from /home/varn1t/ml-pipeline/venv/lib/python3.11/site-packages/airflow/example_dags/example_params_ui_tutorial.py
[2026-05-24T14:06:48.723+0000] {logging_mixin.py:188} INFO - [2026-05-24T14:06:48.722+0000] {dag.py:3096} INFO - Sync 1 DAGs
[2026-05-24T14:06:48.730+0000] {logging_mixin.py:188} INFO - [2026-05-24T14:06:48.730+0000] {dag.py:3954} INFO - Setting next_dagrun for example_params_ui_tutorial to None, run_after=None
[2026-05-24T14:06:48.747+0000] {processor.py:183} INFO - Processing /home/varn1t/ml-pipeline/venv/lib/python3.11/site-packages/airflow/example_dags/example_params_ui_tutorial.py took 0.059 seconds
[2026-05-24T14:07:54.827+0000] {processor.py:161} INFO - Started process (PID=16457) to work on /home/varn1t/ml-pipeline/venv/lib/python3.11/site-packages/airflow/example_dags/example_params_ui_tutorial.py
[2026-05-24T14:07:54.828+0000] {processor.py:830} INFO - Processing file /home/varn1t/ml-pipeline/venv/lib/python3.11/site-packages/airflow/example_dags/example_params_ui_tutorial.py for tasks to queue
[2026-05-24T14:07:54.829+0000] {logging_mixin.py:188} INFO - [2026-05-24T14:07:54.828+0000] {dagbag.py:545} INFO - Filling up the DagBag from /home/varn1t/ml-pipeline/venv/lib/python3.11/site-packages/airflow/example_dags/example_params_ui_tutorial.py
[2026-05-24T14:07:54.837+0000] {processor.py:840} INFO - DAG(s) 'example_params_ui_tutorial' retrieved from /home/varn1t/ml-pipeline/venv/lib/python3.11/site-packages/airflow/example_dags/example_params_ui_tutorial.py
[2026-05-24T14:07:54.861+0000] {logging_mixin.py:188} INFO - [2026-05-24T14:07:54.860+0000] {dag.py:3096} INFO - Sync 1 DAGs
[2026-05-24T14:07:54.872+0000] {logging_mixin.py:188} INFO - [2026-05-24T14:07:54.871+0000] {dag.py:3954} INFO - Setting next_dagrun for example_params_ui_tutorial to None, run_after=None
[2026-05-24T14:07:54.888+0000] {processor.py:183} INFO - Processing /home/varn1t/ml-pipeline/venv/lib/python3.11/site-packages/airflow/example_dags/example_params_ui_tutorial.py took 0.064 seconds
[2026-05-24T14:08:53.956+0000] {processor.py:161} INFO - Started process (PID=16755) to work on /home/varn1t/ml-pipeline/venv/lib/python3.11/site-packages/airflow/example_dags/example_params_ui_tutorial.py
[2026-05-24T14:08:53.957+0000] {processor.py:830} INFO - Processing file /home/varn1t/ml-pipeline/venv/lib/python3.11/site-packages/airflow/example_dags/example_params_ui_tutorial.py for tasks to queue
[2026-05-24T14:08:53.957+0000] {logging_mixin.py:188} INFO - [2026-05-24T14:08:53.957+0000] {dagbag.py:545} INFO - Filling up the DagBag from /home/varn1t/ml-pipeline/venv/lib/python3.11/site-packages/airflow/example_dags/example_params_ui_tutorial.py
[2026-05-24T14:08:53.966+0000] {processor.py:840} INFO - DAG(s) 'example_params_ui_tutorial' retrieved from /home/varn1t/ml-pipeline/venv/lib/python3.11/site-packages/airflow/example_dags/example_params_ui_tutorial.py
[2026-05-24T14:08:53.989+0000] {logging_mixin.py:188} INFO - [2026-05-24T14:08:53.989+0000] {dag.py:3096} INFO - Sync 1 DAGs
[2026-05-24T14:08:53.998+0000] {logging_mixin.py:188} INFO - [2026-05-24T14:08:53.998+0000] {dag.py:3954} INFO - Setting next_dagrun for example_params_ui_tutorial to None, run_after=None
[2026-05-24T14:08:54.015+0000] {processor.py:183} INFO - Processing /home/varn1t/ml-pipeline/venv/lib/python3.11/site-packages/airflow/example_dags/example_params_ui_tutorial.py took 0.063 seconds
[2026-05-24T14:09:56.681+0000] {processor.py:161} INFO - Started process (PID=17016) to work on /home/varn1t/ml-pipeline/venv/lib/python3.11/site-packages/airflow/example_dags/example_params_ui_tutorial.py
[2026-05-24T14:09:56.682+0000] {processor.py:830} INFO - Processing file /home/varn1t/ml-pipeline/venv/lib/python3.11/site-packages/airflow/example_dags/example_params_ui_tutorial.py for tasks to queue
[2026-05-24T14:09:56.682+0000] {logging_mixin.py:188} INFO - [2026-05-24T14:09:56.682+0000] {dagbag.py:545} INFO - Filling up the DagBag from /home/varn1t/ml-pipeline/venv/lib/python3.11/site-packages/airflow/example_dags/example_params_ui_tutorial.py
[2026-05-24T14:09:56.691+0000] {processor.py:840} INFO - DAG(s) 'example_params_ui_tutorial' retrieved from /home/varn1t/ml-pipeline/venv/lib/python3.11/site-packages/airflow/example_dags/example_params_ui_tutorial.py
[2026-05-24T14:09:56.714+0000] {logging_mixin.py:188} INFO - [2026-05-24T14:09:56.714+0000] {dag.py:3096} INFO - Sync 1 DAGs
[2026-05-24T14:09:56.721+0000] {logging_mixin.py:188} INFO - [2026-05-24T14:09:56.721+0000] {dag.py:3954} INFO - Setting next_dagrun for example_params_ui_tutorial to None, run_after=None
[2026-05-24T14:09:56.734+0000] {processor.py:183} INFO - Processing /home/varn1t/ml-pipeline/venv/lib/python3.11/site-packages/airflow/example_dags/example_params_ui_tutorial.py took 0.057 seconds
[2026-05-24T14:10:57.900+0000] {processor.py:161} INFO - Started process (PID=17291) to work on /home/varn1t/ml-pipeline/venv/lib/python3.11/site-packages/airflow/example_dags/example_params_ui_tutorial.py
[2026-05-24T14:10:57.901+0000] {processor.py:830} INFO - Processing file /home/varn1t/ml-pipeline/venv/lib/python3.11/site-packages/airflow/example_dags/example_params_ui_tutorial.py for tasks to queue
[2026-05-24T14:10:57.901+0000] {logging_mixin.py:188} INFO - [2026-05-24T14:10:57.901+0000] {dagbag.py:545} INFO - Filling up the DagBag from /home/varn1t/ml-pipeline/venv/lib/python3.11/site-packages/airflow/example_dags/example_params_ui_tutorial.py
[2026-05-24T14:10:57.909+0000] {processor.py:840} INFO - DAG(s) 'example_params_ui_tutorial' retrieved from /home/varn1t/ml-pipeline/venv/lib/python3.11/site-packages/airflow/example_dags/example_params_ui_tutorial.py
[2026-05-24T14:10:57.929+0000] {logging_mixin.py:188} INFO - [2026-05-24T14:10:57.928+0000] {dag.py:3096} INFO - Sync 1 DAGs
[2026-05-24T14:10:57.935+0000] {logging_mixin.py:188} INFO - [2026-05-24T14:10:57.935+0000] {dag.py:3954} INFO - Setting next_dagrun for example_params_ui_tutorial to None, run_after=None
[2026-05-24T14:10:57.948+0000] {processor.py:183} INFO - Processing /home/varn1t/ml-pipeline/venv/lib/python3.11/site-packages/airflow/example_dags/example_params_ui_tutorial.py took 0.052 seconds
[2026-05-24T14:11:59.824+0000] {processor.py:161} INFO - Started process (PID=17568) to work on /home/varn1t/ml-pipeline/venv/lib/python3.11/site-packages/airflow/example_dags/example_params_ui_tutorial.py
[2026-05-24T14:11:59.825+0000] {processor.py:830} INFO - Processing file /home/varn1t/ml-pipeline/venv/lib/python3.11/site-packages/airflow/example_dags/example_params_ui_tutorial.py for tasks to queue
[2026-05-24T14:11:59.826+0000] {logging_mixin.py:188} INFO - [2026-05-24T14:11:59.825+0000] {dagbag.py:545} INFO - Filling up the DagBag from /home/varn1t/ml-pipeline/venv/lib/python3.11/site-packages/airflow/example_dags/example_params_ui_tutorial.py
[2026-05-24T14:11:59.836+0000] {processor.py:840} INFO - DAG(s) 'example_params_ui_tutorial' retrieved from /home/varn1t/ml-pipeline/venv/lib/python3.11/site-packages/airflow/example_dags/example_params_ui_tutorial.py
[2026-05-24T14:11:59.861+0000] {logging_mixin.py:188} INFO - [2026-05-24T14:11:59.861+0000] {dag.py:3096} INFO - Sync 1 DAGs
[2026-05-24T14:11:59.868+0000] {logging_mixin.py:188} INFO - [2026-05-24T14:11:59.868+0000] {dag.py:3954} INFO - Setting next_dagrun for example_params_ui_tutorial to None, run_after=None
[2026-05-24T14:11:59.885+0000] {processor.py:183} INFO - Processing /home/varn1t/ml-pipeline/venv/lib/python3.11/site-packages/airflow/example_dags/example_params_ui_tutorial.py took 0.067 seconds
[2026-05-24T14:12:58.846+0000] {processor.py:161} INFO - Started process (PID=17833) to work on /home/varn1t/ml-pipeline/venv/lib/python3.11/site-packages/airflow/example_dags/example_params_ui_tutorial.py
[2026-05-24T14:12:58.847+0000] {processor.py:830} INFO - Processing file /home/varn1t/ml-pipeline/venv/lib/python3.11/site-packages/airflow/example_dags/example_params_ui_tutorial.py for tasks to queue
[2026-05-24T14:12:58.848+0000] {logging_mixin.py:188} INFO - [2026-05-24T14:12:58.848+0000] {dagbag.py:545} INFO - Filling up the DagBag from /home/varn1t/ml-pipeline/venv/lib/python3.11/site-packages/airflow/example_dags/example_params_ui_tutorial.py
[2026-05-24T14:12:58.856+0000] {processor.py:840} INFO - DAG(s) 'example_params_ui_tutorial' retrieved from /home/varn1t/ml-pipeline/venv/lib/python3.11/site-packages/airflow/example_dags/example_params_ui_tutorial.py
[2026-05-24T14:12:58.879+0000] {logging_mixin.py:188} INFO - [2026-05-24T14:12:58.879+0000] {dag.py:3096} INFO - Sync 1 DAGs
[2026-05-24T14:12:58.887+0000] {logging_mixin.py:188} INFO - [2026-05-24T14:12:58.887+0000] {dag.py:3954} INFO - Setting next_dagrun for example_params_ui_tutorial to None, run_after=None
[2026-05-24T14:12:58.903+0000] {processor.py:183} INFO - Processing /home/varn1t/ml-pipeline/venv/lib/python3.11/site-packages/airflow/example_dags/example_params_ui_tutorial.py took 0.062 seconds
[2026-05-24T14:13:59.699+0000] {processor.py:161} INFO - Started process (PID=18117) to work on /home/varn1t/ml-pipeline/venv/lib/python3.11/site-packages/airflow/example_dags/example_params_ui_tutorial.py
[2026-05-24T14:13:59.700+0000] {processor.py:830} INFO - Processing file /home/varn1t/ml-pipeline/venv/lib/python3.11/site-packages/airflow/example_dags/example_params_ui_tutorial.py for tasks to queue
[2026-05-24T14:13:59.700+0000] {logging_mixin.py:188} INFO - [2026-05-24T14:13:59.700+0000] {dagbag.py:545} INFO - Filling up the DagBag from /home/varn1t/ml-pipeline/venv/lib/python3.11/site-packages/airflow/example_dags/example_params_ui_tutorial.py
[2026-05-24T14:13:59.711+0000] {processor.py:840} INFO - DAG(s) 'example_params_ui_tutorial' retrieved from /home/varn1t/ml-pipeline/venv/lib/python3.11/site-packages/airflow/example_dags/example_params_ui_tutorial.py
[2026-05-24T14:13:59.736+0000] {logging_mixin.py:188} INFO - [2026-05-24T14:13:59.736+0000] {dag.py:3096} INFO - Sync 1 DAGs
[2026-05-24T14:13:59.743+0000] {logging_mixin.py:188} INFO - [2026-05-24T14:13:59.743+0000] {dag.py:3954} INFO - Setting next_dagrun for example_params_ui_tutorial to None, run_after=None
[2026-05-24T14:13:59.758+0000] {processor.py:183} INFO - Processing /home/varn1t/ml-pipeline/venv/lib/python3.11/site-packages/airflow/example_dags/example_params_ui_tutorial.py took 0.062 seconds
[2026-05-24T14:15:02.112+0000] {processor.py:161} INFO - Started process (PID=18392) to work on /home/varn1t/ml-pipeline/venv/lib/python3.11/site-packages/airflow/example_dags/example_params_ui_tutorial.py
[2026-05-24T14:15:02.113+0000] {processor.py:830} INFO - Processing file /home/varn1t/ml-pipeline/venv/lib/python3.11/site-packages/airflow/example_dags/example_params_ui_tutorial.py for tasks to queue
[2026-05-24T14:15:02.114+0000] {logging_mixin.py:188} INFO - [2026-05-24T14:15:02.113+0000] {dagbag.py:545} INFO - Filling up the DagBag from /home/varn1t/ml-pipeline/venv/lib/python3.11/site-packages/airflow/example_dags/example_params_ui_tutorial.py
[2026-05-24T14:15:02.123+0000] {processor.py:840} INFO - DAG(s) 'example_params_ui_tutorial' retrieved from /home/varn1t/ml-pipeline/venv/lib/python3.11/site-packages/airflow/example_dags/example_params_ui_tutorial.py
[2026-05-24T14:15:02.149+0000] {logging_mixin.py:188} INFO - [2026-05-24T14:15:02.149+0000] {dag.py:3096} INFO - Sync 1 DAGs
[2026-05-24T14:15:02.157+0000] {logging_mixin.py:188} INFO - [2026-05-24T14:15:02.157+0000] {dag.py:3954} INFO - Setting next_dagrun for example_params_ui_tutorial to None, run_after=None
[2026-05-24T14:15:02.175+0000] {processor.py:183} INFO - Processing /home/varn1t/ml-pipeline/venv/lib/python3.11/site-packages/airflow/example_dags/example_params_ui_tutorial.py took 0.067 seconds
[2026-05-24T14:16:19.773+0000] {processor.py:161} INFO - Started process (PID=18723) to work on /home/varn1t/ml-pipeline/venv/lib/python3.11/site-packages/airflow/example_dags/example_params_ui_tutorial.py
[2026-05-24T14:16:19.774+0000] {processor.py:830} INFO - Processing file /home/varn1t/ml-pipeline/venv/lib/python3.11/site-packages/airflow/example_dags/example_params_ui_tutorial.py for tasks to queue
[2026-05-24T14:16:19.775+0000] {logging_mixin.py:188} INFO - [2026-05-24T14:16:19.775+0000] {dagbag.py:545} INFO - Filling up the DagBag from /home/varn1t/ml-pipeline/venv/lib/python3.11/site-packages/airflow/example_dags/example_params_ui_tutorial.py
[2026-05-24T14:16:19.784+0000] {processor.py:840} INFO - DAG(s) 'example_params_ui_tutorial' retrieved from /home/varn1t/ml-pipeline/venv/lib/python3.11/site-packages/airflow/example_dags/example_params_ui_tutorial.py
[2026-05-24T14:16:19.806+0000] {logging_mixin.py:188} INFO - [2026-05-24T14:16:19.806+0000] {dag.py:3096} INFO - Sync 1 DAGs
[2026-05-24T14:16:19.814+0000] {logging_mixin.py:188} INFO - [2026-05-24T14:16:19.814+0000] {dag.py:3954} INFO - Setting next_dagrun for example_params_ui_tutorial to None, run_after=None
[2026-05-24T14:16:19.831+0000] {processor.py:183} INFO - Processing /home/varn1t/ml-pipeline/venv/lib/python3.11/site-packages/airflow/example_dags/example_params_ui_tutorial.py took 0.064 seconds
[2026-05-24T14:17:16.214+0000] {processor.py:161} INFO - Started process (PID=18982) to work on /home/varn1t/ml-pipeline/venv/lib/python3.11/site-packages/airflow/example_dags/example_params_ui_tutorial.py
[2026-05-24T14:17:16.216+0000] {processor.py:830} INFO - Processing file /home/varn1t/ml-pipeline/venv/lib/python3.11/site-packages/airflow/example_dags/example_params_ui_tutorial.py for tasks to queue
[2026-05-24T14:17:16.217+0000] {logging_mixin.py:188} INFO - [2026-05-24T14:17:16.217+0000] {dagbag.py:545} INFO - Filling up the DagBag from /home/varn1t/ml-pipeline/venv/lib/python3.11/site-packages/airflow/example_dags/example_params_ui_tutorial.py
[2026-05-24T14:17:16.241+0000] {processor.py:840} INFO - DAG(s) 'example_params_ui_tutorial' retrieved from /home/varn1t/ml-pipeline/venv/lib/python3.11/site-packages/airflow/example_dags/example_params_ui_tutorial.py
[2026-05-24T14:17:16.424+0000] {logging_mixin.py:188} INFO - [2026-05-24T14:17:16.423+0000] {dag.py:3096} INFO - Sync 1 DAGs
[2026-05-24T14:17:16.449+0000] {logging_mixin.py:188} INFO - [2026-05-24T14:17:16.449+0000] {dag.py:3954} INFO - Setting next_dagrun for example_params_ui_tutorial to None, run_after=None
[2026-05-24T14:17:16.503+0000] {processor.py:183} INFO - Processing /home/varn1t/ml-pipeline/venv/lib/python3.11/site-packages/airflow/example_dags/example_params_ui_tutorial.py took 0.301 seconds
[2026-05-24T14:18:11.357+0000] {processor.py:161} INFO - Started process (PID=19231) to work on /home/varn1t/ml-pipeline/venv/lib/python3.11/site-packages/airflow/example_dags/example_params_ui_tutorial.py
[2026-05-24T14:18:11.359+0000] {processor.py:830} INFO - Processing file /home/varn1t/ml-pipeline/venv/lib/python3.11/site-packages/airflow/example_dags/example_params_ui_tutorial.py for tasks to queue
[2026-05-24T14:18:11.360+0000] {logging_mixin.py:188} INFO - [2026-05-24T14:18:11.360+0000] {dagbag.py:545} INFO - Filling up the DagBag from /home/varn1t/ml-pipeline/venv/lib/python3.11/site-packages/airflow/example_dags/example_params_ui_tutorial.py
[2026-05-24T14:18:11.370+0000] {processor.py:840} INFO - DAG(s) 'example_params_ui_tutorial' retrieved from /home/varn1t/ml-pipeline/venv/lib/python3.11/site-packages/airflow/example_dags/example_params_ui_tutorial.py
[2026-05-24T14:18:11.404+0000] {logging_mixin.py:188} INFO - [2026-05-24T14:18:11.404+0000] {dag.py:3096} INFO - Sync 1 DAGs
[2026-05-24T14:18:11.414+0000] {logging_mixin.py:188} INFO - [2026-05-24T14:18:11.413+0000] {dag.py:3954} INFO - Setting next_dagrun for example_params_ui_tutorial to None, run_after=None
[2026-05-24T14:18:11.433+0000] {processor.py:183} INFO - Processing /home/varn1t/ml-pipeline/venv/lib/python3.11/site-packages/airflow/example_dags/example_params_ui_tutorial.py took 0.082 seconds
[2026-05-24T14:19:15.045+0000] {processor.py:161} INFO - Started process (PID=19546) to work on /home/varn1t/ml-pipeline/venv/lib/python3.11/site-packages/airflow/example_dags/example_params_ui_tutorial.py
[2026-05-24T14:19:15.046+0000] {processor.py:830} INFO - Processing file /home/varn1t/ml-pipeline/venv/lib/python3.11/site-packages/airflow/example_dags/example_params_ui_tutorial.py for tasks to queue
[2026-05-24T14:19:15.046+0000] {logging_mixin.py:188} INFO - [2026-05-24T14:19:15.046+0000] {dagbag.py:545} INFO - Filling up the DagBag from /home/varn1t/ml-pipeline/venv/lib/python3.11/site-packages/airflow/example_dags/example_params_ui_tutorial.py
[2026-05-24T14:19:15.056+0000] {processor.py:840} INFO - DAG(s) 'example_params_ui_tutorial' retrieved from /home/varn1t/ml-pipeline/venv/lib/python3.11/site-packages/airflow/example_dags/example_params_ui_tutorial.py
[2026-05-24T14:19:15.080+0000] {logging_mixin.py:188} INFO - [2026-05-24T14:19:15.080+0000] {dag.py:3096} INFO - Sync 1 DAGs
[2026-05-24T14:19:15.087+0000] {logging_mixin.py:188} INFO - [2026-05-24T14:19:15.087+0000] {dag.py:3954} INFO - Setting next_dagrun for example_params_ui_tutorial to None, run_after=None
[2026-05-24T14:19:15.107+0000] {processor.py:183} INFO - Processing /home/varn1t/ml-pipeline/venv/lib/python3.11/site-packages/airflow/example_dags/example_params_ui_tutorial.py took 0.068 seconds
[2026-05-24T14:20:19.684+0000] {processor.py:161} INFO - Started process (PID=19838) to work on /home/varn1t/ml-pipeline/venv/lib/python3.11/site-packages/airflow/example_dags/example_params_ui_tutorial.py
[2026-05-24T14:20:19.685+0000] {processor.py:830} INFO - Processing file /home/varn1t/ml-pipeline/venv/lib/python3.11/site-packages/airflow/example_dags/example_params_ui_tutorial.py for tasks to queue
[2026-05-24T14:20:19.686+0000] {logging_mixin.py:188} INFO - [2026-05-24T14:20:19.686+0000] {dagbag.py:545} INFO - Filling up the DagBag from /home/varn1t/ml-pipeline/venv/lib/python3.11/site-packages/airflow/example_dags/example_params_ui_tutorial.py
[2026-05-24T14:20:19.697+0000] {processor.py:840} INFO - DAG(s) 'example_params_ui_tutorial' retrieved from /home/varn1t/ml-pipeline/venv/lib/python3.11/site-packages/airflow/example_dags/example_params_ui_tutorial.py
[2026-05-24T14:20:19.723+0000] {logging_mixin.py:188} INFO - [2026-05-24T14:20:19.723+0000] {dag.py:3096} INFO - Sync 1 DAGs
[2026-05-24T14:20:19.732+0000] {logging_mixin.py:188} INFO - [2026-05-24T14:20:19.732+0000] {dag.py:3954} INFO - Setting next_dagrun for example_params_ui_tutorial to None, run_after=None
[2026-05-24T14:20:19.751+0000] {processor.py:183} INFO - Processing /home/varn1t/ml-pipeline/venv/lib/python3.11/site-packages/airflow/example_dags/example_params_ui_tutorial.py took 0.073 seconds
[2026-05-24T14:21:20.484+0000] {processor.py:161} INFO - Started process (PID=20120) to work on /home/varn1t/ml-pipeline/venv/lib/python3.11/site-packages/airflow/example_dags/example_params_ui_tutorial.py
[2026-05-24T14:21:20.486+0000] {processor.py:830} INFO - Processing file /home/varn1t/ml-pipeline/venv/lib/python3.11/site-packages/airflow/example_dags/example_params_ui_tutorial.py for tasks to queue
[2026-05-24T14:21:20.487+0000] {logging_mixin.py:188} INFO - [2026-05-24T14:21:20.486+0000] {dagbag.py:545} INFO - Filling up the DagBag from /home/varn1t/ml-pipeline/venv/lib/python3.11/site-packages/airflow/example_dags/example_params_ui_tutorial.py
[2026-05-24T14:21:20.498+0000] {processor.py:840} INFO - DAG(s) 'example_params_ui_tutorial' retrieved from /home/varn1t/ml-pipeline/venv/lib/python3.11/site-packages/airflow/example_dags/example_params_ui_tutorial.py
[2026-05-24T14:21:20.529+0000] {logging_mixin.py:188} INFO - [2026-05-24T14:21:20.529+0000] {dag.py:3096} INFO - Sync 1 DAGs
[2026-05-24T14:21:20.539+0000] {logging_mixin.py:188} INFO - [2026-05-24T14:21:20.539+0000] {dag.py:3954} INFO - Setting next_dagrun for example_params_ui_tutorial to None, run_after=None
[2026-05-24T14:21:20.562+0000] {processor.py:183} INFO - Processing /home/varn1t/ml-pipeline/venv/lib/python3.11/site-packages/airflow/example_dags/example_params_ui_tutorial.py took 0.084 seconds
[2026-05-24T14:22:23.270+0000] {processor.py:161} INFO - Started process (PID=20401) to work on /home/varn1t/ml-pipeline/venv/lib/python3.11/site-packages/airflow/example_dags/example_params_ui_tutorial.py
[2026-05-24T14:22:23.272+0000] {processor.py:830} INFO - Processing file /home/varn1t/ml-pipeline/venv/lib/python3.11/site-packages/airflow/example_dags/example_params_ui_tutorial.py for tasks to queue
[2026-05-24T14:22:23.273+0000] {logging_mixin.py:188} INFO - [2026-05-24T14:22:23.273+0000] {dagbag.py:545} INFO - Filling up the DagBag from /home/varn1t/ml-pipeline/venv/lib/python3.11/site-packages/airflow/example_dags/example_params_ui_tutorial.py
[2026-05-24T14:22:23.285+0000] {processor.py:840} INFO - DAG(s) 'example_params_ui_tutorial' retrieved from /home/varn1t/ml-pipeline/venv/lib/python3.11/site-packages/airflow/example_dags/example_params_ui_tutorial.py
[2026-05-24T14:22:23.309+0000] {logging_mixin.py:188} INFO - [2026-05-24T14:22:23.309+0000] {dag.py:3096} INFO - Sync 1 DAGs
[2026-05-24T14:22:23.316+0000] {logging_mixin.py:188} INFO - [2026-05-24T14:22:23.316+0000] {dag.py:3954} INFO - Setting next_dagrun for example_params_ui_tutorial to None, run_after=None
[2026-05-24T14:22:23.336+0000] {processor.py:183} INFO - Processing /home/varn1t/ml-pipeline/venv/lib/python3.11/site-packages/airflow/example_dags/example_params_ui_tutorial.py took 0.071 seconds
[2026-05-24T14:23:29.263+0000] {processor.py:161} INFO - Started process (PID=20733) to work on /home/varn1t/ml-pipeline/venv/lib/python3.11/site-packages/airflow/example_dags/example_params_ui_tutorial.py
[2026-05-24T14:23:29.265+0000] {processor.py:830} INFO - Processing file /home/varn1t/ml-pipeline/venv/lib/python3.11/site-packages/airflow/example_dags/example_params_ui_tutorial.py for tasks to queue
[2026-05-24T14:23:29.266+0000] {logging_mixin.py:188} INFO - [2026-05-24T14:23:29.266+0000] {dagbag.py:545} INFO - Filling up the DagBag from /home/varn1t/ml-pipeline/venv/lib/python3.11/site-packages/airflow/example_dags/example_params_ui_tutorial.py
[2026-05-24T14:23:29.275+0000] {processor.py:840} INFO - DAG(s) 'example_params_ui_tutorial' retrieved from /home/varn1t/ml-pipeline/venv/lib/python3.11/site-packages/airflow/example_dags/example_params_ui_tutorial.py
[2026-05-24T14:23:29.299+0000] {logging_mixin.py:188} INFO - [2026-05-24T14:23:29.299+0000] {dag.py:3096} INFO - Sync 1 DAGs
[2026-05-24T14:23:29.306+0000] {logging_mixin.py:188} INFO - [2026-05-24T14:23:29.306+0000] {dag.py:3954} INFO - Setting next_dagrun for example_params_ui_tutorial to None, run_after=None
[2026-05-24T14:23:29.325+0000] {processor.py:183} INFO - Processing /home/varn1t/ml-pipeline/venv/lib/python3.11/site-packages/airflow/example_dags/example_params_ui_tutorial.py took 0.067 seconds
[2026-05-24T14:24:28.634+0000] {processor.py:161} INFO - Started process (PID=20994) to work on /home/varn1t/ml-pipeline/venv/lib/python3.11/site-packages/airflow/example_dags/example_params_ui_tutorial.py
[2026-05-24T14:24:28.635+0000] {processor.py:830} INFO - Processing file /home/varn1t/ml-pipeline/venv/lib/python3.11/site-packages/airflow/example_dags/example_params_ui_tutorial.py for tasks to queue
[2026-05-24T14:24:28.636+0000] {logging_mixin.py:188} INFO - [2026-05-24T14:24:28.636+0000] {dagbag.py:545} INFO - Filling up the DagBag from /home/varn1t/ml-pipeline/venv/lib/python3.11/site-packages/airflow/example_dags/example_params_ui_tutorial.py
[2026-05-24T14:24:28.644+0000] {processor.py:840} INFO - DAG(s) 'example_params_ui_tutorial' retrieved from /home/varn1t/ml-pipeline/venv/lib/python3.11/site-packages/airflow/example_dags/example_params_ui_tutorial.py
[2026-05-24T14:24:28.664+0000] {logging_mixin.py:188} INFO - [2026-05-24T14:24:28.664+0000] {dag.py:3096} INFO - Sync 1 DAGs
[2026-05-24T14:24:28.672+0000] {logging_mixin.py:188} INFO - [2026-05-24T14:24:28.672+0000] {dag.py:3954} INFO - Setting next_dagrun for example_params_ui_tutorial to None, run_after=None
[2026-05-24T14:24:28.687+0000] {processor.py:183} INFO - Processing /home/varn1t/ml-pipeline/venv/lib/python3.11/site-packages/airflow/example_dags/example_params_ui_tutorial.py took 0.057 seconds
[2026-05-24T14:25:27.599+0000] {processor.py:161} INFO - Started process (PID=21275) to work on /home/varn1t/ml-pipeline/venv/lib/python3.11/site-packages/airflow/example_dags/example_params_ui_tutorial.py
[2026-05-24T14:25:27.601+0000] {processor.py:830} INFO - Processing file /home/varn1t/ml-pipeline/venv/lib/python3.11/site-packages/airflow/example_dags/example_params_ui_tutorial.py for tasks to queue
[2026-05-24T14:25:27.601+0000] {logging_mixin.py:188} INFO - [2026-05-24T14:25:27.601+0000] {dagbag.py:545} INFO - Filling up the DagBag from /home/varn1t/ml-pipeline/venv/lib/python3.11/site-packages/airflow/example_dags/example_params_ui_tutorial.py
[2026-05-24T14:25:27.612+0000] {processor.py:840} INFO - DAG(s) 'example_params_ui_tutorial' retrieved from /home/varn1t/ml-pipeline/venv/lib/python3.11/site-packages/airflow/example_dags/example_params_ui_tutorial.py
[2026-05-24T14:25:27.640+0000] {logging_mixin.py:188} INFO - [2026-05-24T14:25:27.640+0000] {dag.py:3096} INFO - Sync 1 DAGs
[2026-05-24T14:25:27.649+0000] {logging_mixin.py:188} INFO - [2026-05-24T14:25:27.649+0000] {dag.py:3954} INFO - Setting next_dagrun for example_params_ui_tutorial to None, run_after=None
[2026-05-24T14:25:27.672+0000] {processor.py:183} INFO - Processing /home/varn1t/ml-pipeline/venv/lib/python3.11/site-packages/airflow/example_dags/example_params_ui_tutorial.py took 0.078 seconds
[2026-05-24T14:26:29.907+0000] {processor.py:161} INFO - Started process (PID=21554) to work on /home/varn1t/ml-pipeline/venv/lib/python3.11/site-packages/airflow/example_dags/example_params_ui_tutorial.py
[2026-05-24T14:26:29.908+0000] {processor.py:830} INFO - Processing file /home/varn1t/ml-pipeline/venv/lib/python3.11/site-packages/airflow/example_dags/example_params_ui_tutorial.py for tasks to queue
[2026-05-24T14:26:29.909+0000] {logging_mixin.py:188} INFO - [2026-05-24T14:26:29.909+0000] {dagbag.py:545} INFO - Filling up the DagBag from /home/varn1t/ml-pipeline/venv/lib/python3.11/site-packages/airflow/example_dags/example_params_ui_tutorial.py
[2026-05-24T14:26:29.920+0000] {processor.py:840} INFO - DAG(s) 'example_params_ui_tutorial' retrieved from /home/varn1t/ml-pipeline/venv/lib/python3.11/site-packages/airflow/example_dags/example_params_ui_tutorial.py
[2026-05-24T14:26:29.947+0000] {logging_mixin.py:188} INFO - [2026-05-24T14:26:29.947+0000] {dag.py:3096} INFO - Sync 1 DAGs
[2026-05-24T14:26:29.955+0000] {logging_mixin.py:188} INFO - [2026-05-24T14:26:29.954+0000] {dag.py:3954} INFO - Setting next_dagrun for example_params_ui_tutorial to None, run_after=None
[2026-05-24T14:26:29.970+0000] {processor.py:183} INFO - Processing /home/varn1t/ml-pipeline/venv/lib/python3.11/site-packages/airflow/example_dags/example_params_ui_tutorial.py took 0.069 seconds
[2026-05-24T14:27:27.423+0000] {processor.py:161} INFO - Started process (PID=21827) to work on /home/varn1t/ml-pipeline/venv/lib/python3.11/site-packages/airflow/example_dags/example_params_ui_tutorial.py
[2026-05-24T14:27:27.424+0000] {processor.py:830} INFO - Processing file /home/varn1t/ml-pipeline/venv/lib/python3.11/site-packages/airflow/example_dags/example_params_ui_tutorial.py for tasks to queue
[2026-05-24T14:27:27.425+0000] {logging_mixin.py:188} INFO - [2026-05-24T14:27:27.425+0000] {dagbag.py:545} INFO - Filling up the DagBag from /home/varn1t/ml-pipeline/venv/lib/python3.11/site-packages/airflow/example_dags/example_params_ui_tutorial.py
[2026-05-24T14:27:27.434+0000] {processor.py:840} INFO - DAG(s) 'example_params_ui_tutorial' retrieved from /home/varn1t/ml-pipeline/venv/lib/python3.11/site-packages/airflow/example_dags/example_params_ui_tutorial.py
[2026-05-24T14:27:27.456+0000] {logging_mixin.py:188} INFO - [2026-05-24T14:27:27.456+0000] {dag.py:3096} INFO - Sync 1 DAGs
[2026-05-24T14:27:27.464+0000] {logging_mixin.py:188} INFO - [2026-05-24T14:27:27.464+0000] {dag.py:3954} INFO - Setting next_dagrun for example_params_ui_tutorial to None, run_after=None
[2026-05-24T14:27:27.482+0000] {processor.py:183} INFO - Processing /home/varn1t/ml-pipeline/venv/lib/python3.11/site-packages/airflow/example_dags/example_params_ui_tutorial.py took 0.063 seconds
[2026-05-24T14:28:31.344+0000] {processor.py:161} INFO - Started process (PID=22131) to work on /home/varn1t/ml-pipeline/venv/lib/python3.11/site-packages/airflow/example_dags/example_params_ui_tutorial.py
[2026-05-24T14:28:31.345+0000] {processor.py:830} INFO - Processing file /home/varn1t/ml-pipeline/venv/lib/python3.11/site-packages/airflow/example_dags/example_params_ui_tutorial.py for tasks to queue
[2026-05-24T14:28:31.345+0000] {logging_mixin.py:188} INFO - [2026-05-24T14:28:31.345+0000] {dagbag.py:545} INFO - Filling up the DagBag from /home/varn1t/ml-pipeline/venv/lib/python3.11/site-packages/airflow/example_dags/example_params_ui_tutorial.py
[2026-05-24T14:28:31.355+0000] {processor.py:840} INFO - DAG(s) 'example_params_ui_tutorial' retrieved from /home/varn1t/ml-pipeline/venv/lib/python3.11/site-packages/airflow/example_dags/example_params_ui_tutorial.py
[2026-05-24T14:28:31.383+0000] {logging_mixin.py:188} INFO - [2026-05-24T14:28:31.383+0000] {dag.py:3096} INFO - Sync 1 DAGs
[2026-05-24T14:28:31.391+0000] {logging_mixin.py:188} INFO - [2026-05-24T14:28:31.391+0000] {dag.py:3954} INFO - Setting next_dagrun for example_params_ui_tutorial to None, run_after=None
[2026-05-24T14:28:31.407+0000] {processor.py:183} INFO - Processing /home/varn1t/ml-pipeline/venv/lib/python3.11/site-packages/airflow/example_dags/example_params_ui_tutorial.py took 0.068 seconds
[2026-05-24T14:29:35.576+0000] {processor.py:161} INFO - Started process (PID=22424) to work on /home/varn1t/ml-pipeline/venv/lib/python3.11/site-packages/airflow/example_dags/example_params_ui_tutorial.py
[2026-05-24T14:29:35.577+0000] {processor.py:830} INFO - Processing file /home/varn1t/ml-pipeline/venv/lib/python3.11/site-packages/airflow/example_dags/example_params_ui_tutorial.py for tasks to queue
[2026-05-24T14:29:35.577+0000] {logging_mixin.py:188} INFO - [2026-05-24T14:29:35.577+0000] {dagbag.py:545} INFO - Filling up the DagBag from /home/varn1t/ml-pipeline/venv/lib/python3.11/site-packages/airflow/example_dags/example_params_ui_tutorial.py
[2026-05-24T14:29:35.586+0000] {processor.py:840} INFO - DAG(s) 'example_params_ui_tutorial' retrieved from /home/varn1t/ml-pipeline/venv/lib/python3.11/site-packages/airflow/example_dags/example_params_ui_tutorial.py
[2026-05-24T14:29:35.608+0000] {logging_mixin.py:188} INFO - [2026-05-24T14:29:35.608+0000] {dag.py:3096} INFO - Sync 1 DAGs
[2026-05-24T14:29:35.615+0000] {logging_mixin.py:188} INFO - [2026-05-24T14:29:35.615+0000] {dag.py:3954} INFO - Setting next_dagrun for example_params_ui_tutorial to None, run_after=None
[2026-05-24T14:29:35.631+0000] {processor.py:183} INFO - Processing /home/varn1t/ml-pipeline/venv/lib/python3.11/site-packages/airflow/example_dags/example_params_ui_tutorial.py took 0.059 seconds
[2026-05-24T14:30:34.387+0000] {processor.py:161} INFO - Started process (PID=22678) to work on /home/varn1t/ml-pipeline/venv/lib/python3.11/site-packages/airflow/example_dags/example_params_ui_tutorial.py
[2026-05-24T14:30:34.388+0000] {processor.py:830} INFO - Processing file /home/varn1t/ml-pipeline/venv/lib/python3.11/site-packages/airflow/example_dags/example_params_ui_tutorial.py for tasks to queue
[2026-05-24T14:30:34.388+0000] {logging_mixin.py:188} INFO - [2026-05-24T14:30:34.388+0000] {dagbag.py:545} INFO - Filling up the DagBag from /home/varn1t/ml-pipeline/venv/lib/python3.11/site-packages/airflow/example_dags/example_params_ui_tutorial.py
[2026-05-24T14:30:34.399+0000] {processor.py:840} INFO - DAG(s) 'example_params_ui_tutorial' retrieved from /home/varn1t/ml-pipeline/venv/lib/python3.11/site-packages/airflow/example_dags/example_params_ui_tutorial.py
[2026-05-24T14:30:34.427+0000] {logging_mixin.py:188} INFO - [2026-05-24T14:30:34.427+0000] {dag.py:3096} INFO - Sync 1 DAGs
[2026-05-24T14:30:34.435+0000] {logging_mixin.py:188} INFO - [2026-05-24T14:30:34.435+0000] {dag.py:3954} INFO - Setting next_dagrun for example_params_ui_tutorial to None, run_after=None
[2026-05-24T14:30:34.449+0000] {processor.py:183} INFO - Processing /home/varn1t/ml-pipeline/venv/lib/python3.11/site-packages/airflow/example_dags/example_params_ui_tutorial.py took 0.067 seconds
[2026-05-24T14:31:38.649+0000] {processor.py:161} INFO - Started process (PID=22973) to work on /home/varn1t/ml-pipeline/venv/lib/python3.11/site-packages/airflow/example_dags/example_params_ui_tutorial.py
[2026-05-24T14:31:38.650+0000] {processor.py:830} INFO - Processing file /home/varn1t/ml-pipeline/venv/lib/python3.11/site-packages/airflow/example_dags/example_params_ui_tutorial.py for tasks to queue
[2026-05-24T14:31:38.650+0000] {logging_mixin.py:188} INFO - [2026-05-24T14:31:38.650+0000] {dagbag.py:545} INFO - Filling up the DagBag from /home/varn1t/ml-pipeline/venv/lib/python3.11/site-packages/airflow/example_dags/example_params_ui_tutorial.py
[2026-05-24T14:31:38.659+0000] {processor.py:840} INFO - DAG(s) 'example_params_ui_tutorial' retrieved from /home/varn1t/ml-pipeline/venv/lib/python3.11/site-packages/airflow/example_dags/example_params_ui_tutorial.py
[2026-05-24T14:31:38.682+0000] {logging_mixin.py:188} INFO - [2026-05-24T14:31:38.682+0000] {dag.py:3096} INFO - Sync 1 DAGs
[2026-05-24T14:31:38.691+0000] {logging_mixin.py:188} INFO - [2026-05-24T14:31:38.690+0000] {dag.py:3954} INFO - Setting next_dagrun for example_params_ui_tutorial to None, run_after=None
[2026-05-24T14:31:38.706+0000] {processor.py:183} INFO - Processing /home/varn1t/ml-pipeline/venv/lib/python3.11/site-packages/airflow/example_dags/example_params_ui_tutorial.py took 0.062 seconds
[2026-05-24T14:32:39.355+0000] {processor.py:161} INFO - Started process (PID=23234) to work on /home/varn1t/ml-pipeline/venv/lib/python3.11/site-packages/airflow/example_dags/example_params_ui_tutorial.py
[2026-05-24T14:32:39.356+0000] {processor.py:830} INFO - Processing file /home/varn1t/ml-pipeline/venv/lib/python3.11/site-packages/airflow/example_dags/example_params_ui_tutorial.py for tasks to queue
[2026-05-24T14:32:39.356+0000] {logging_mixin.py:188} INFO - [2026-05-24T14:32:39.356+0000] {dagbag.py:545} INFO - Filling up the DagBag from /home/varn1t/ml-pipeline/venv/lib/python3.11/site-packages/airflow/example_dags/example_params_ui_tutorial.py
[2026-05-24T14:32:39.364+0000] {processor.py:840} INFO - DAG(s) 'example_params_ui_tutorial' retrieved from /home/varn1t/ml-pipeline/venv/lib/python3.11/site-packages/airflow/example_dags/example_params_ui_tutorial.py
[2026-05-24T14:32:39.387+0000] {logging_mixin.py:188} INFO - [2026-05-24T14:32:39.387+0000] {dag.py:3096} INFO - Sync 1 DAGs
[2026-05-24T14:32:39.395+0000] {logging_mixin.py:188} INFO - [2026-05-24T14:32:39.395+0000] {dag.py:3954} INFO - Setting next_dagrun for example_params_ui_tutorial to None, run_after=None
[2026-05-24T14:32:39.412+0000] {processor.py:183} INFO - Processing /home/varn1t/ml-pipeline/venv/lib/python3.11/site-packages/airflow/example_dags/example_params_ui_tutorial.py took 0.061 seconds
[2026-05-24T14:33:43.300+0000] {processor.py:161} INFO - Started process (PID=23548) to work on /home/varn1t/ml-pipeline/venv/lib/python3.11/site-packages/airflow/example_dags/example_params_ui_tutorial.py
[2026-05-24T14:33:43.301+0000] {processor.py:830} INFO - Processing file /home/varn1t/ml-pipeline/venv/lib/python3.11/site-packages/airflow/example_dags/example_params_ui_tutorial.py for tasks to queue
[2026-05-24T14:33:43.301+0000] {logging_mixin.py:188} INFO - [2026-05-24T14:33:43.301+0000] {dagbag.py:545} INFO - Filling up the DagBag from /home/varn1t/ml-pipeline/venv/lib/python3.11/site-packages/airflow/example_dags/example_params_ui_tutorial.py
[2026-05-24T14:33:43.309+0000] {processor.py:840} INFO - DAG(s) 'example_params_ui_tutorial' retrieved from /home/varn1t/ml-pipeline/venv/lib/python3.11/site-packages/airflow/example_dags/example_params_ui_tutorial.py
[2026-05-24T14:33:43.332+0000] {logging_mixin.py:188} INFO - [2026-05-24T14:33:43.331+0000] {dag.py:3096} INFO - Sync 1 DAGs
[2026-05-24T14:33:43.340+0000] {logging_mixin.py:188} INFO - [2026-05-24T14:33:43.340+0000] {dag.py:3954} INFO - Setting next_dagrun for example_params_ui_tutorial to None, run_after=None
[2026-05-24T14:33:43.355+0000] {processor.py:183} INFO - Processing /home/varn1t/ml-pipeline/venv/lib/python3.11/site-packages/airflow/example_dags/example_params_ui_tutorial.py took 0.060 seconds
[2026-05-24T14:34:44.495+0000] {processor.py:161} INFO - Started process (PID=23813) to work on /home/varn1t/ml-pipeline/venv/lib/python3.11/site-packages/airflow/example_dags/example_params_ui_tutorial.py
[2026-05-24T14:34:44.496+0000] {processor.py:830} INFO - Processing file /home/varn1t/ml-pipeline/venv/lib/python3.11/site-packages/airflow/example_dags/example_params_ui_tutorial.py for tasks to queue
[2026-05-24T14:34:44.497+0000] {logging_mixin.py:188} INFO - [2026-05-24T14:34:44.497+0000] {dagbag.py:545} INFO - Filling up the DagBag from /home/varn1t/ml-pipeline/venv/lib/python3.11/site-packages/airflow/example_dags/example_params_ui_tutorial.py
[2026-05-24T14:34:44.506+0000] {processor.py:840} INFO - DAG(s) 'example_params_ui_tutorial' retrieved from /home/varn1t/ml-pipeline/venv/lib/python3.11/site-packages/airflow/example_dags/example_params_ui_tutorial.py
[2026-05-24T14:34:44.534+0000] {logging_mixin.py:188} INFO - [2026-05-24T14:34:44.533+0000] {dag.py:3096} INFO - Sync 1 DAGs
[2026-05-24T14:34:44.541+0000] {logging_mixin.py:188} INFO - [2026-05-24T14:34:44.541+0000] {dag.py:3954} INFO - Setting next_dagrun for example_params_ui_tutorial to None, run_after=None
[2026-05-24T14:34:44.555+0000] {processor.py:183} INFO - Processing /home/varn1t/ml-pipeline/venv/lib/python3.11/site-packages/airflow/example_dags/example_params_ui_tutorial.py took 0.064 seconds
[2026-05-24T14:35:46.802+0000] {processor.py:161} INFO - Started process (PID=24093) to work on /home/varn1t/ml-pipeline/venv/lib/python3.11/site-packages/airflow/example_dags/example_params_ui_tutorial.py
[2026-05-24T14:35:46.803+0000] {processor.py:830} INFO - Processing file /home/varn1t/ml-pipeline/venv/lib/python3.11/site-packages/airflow/example_dags/example_params_ui_tutorial.py for tasks to queue
[2026-05-24T14:35:46.804+0000] {logging_mixin.py:188} INFO - [2026-05-24T14:35:46.804+0000] {dagbag.py:545} INFO - Filling up the DagBag from /home/varn1t/ml-pipeline/venv/lib/python3.11/site-packages/airflow/example_dags/example_params_ui_tutorial.py
[2026-05-24T14:35:46.817+0000] {processor.py:840} INFO - DAG(s) 'example_params_ui_tutorial' retrieved from /home/varn1t/ml-pipeline/venv/lib/python3.11/site-packages/airflow/example_dags/example_params_ui_tutorial.py
[2026-05-24T14:35:46.849+0000] {logging_mixin.py:188} INFO - [2026-05-24T14:35:46.849+0000] {dag.py:3096} INFO - Sync 1 DAGs
[2026-05-24T14:35:46.858+0000] {logging_mixin.py:188} INFO - [2026-05-24T14:35:46.858+0000] {dag.py:3954} INFO - Setting next_dagrun for example_params_ui_tutorial to None, run_after=None
[2026-05-24T14:35:46.874+0000] {processor.py:183} INFO - Processing /home/varn1t/ml-pipeline/venv/lib/python3.11/site-packages/airflow/example_dags/example_params_ui_tutorial.py took 0.077 seconds
[2026-05-24T14:36:50.941+0000] {processor.py:161} INFO - Started process (PID=24371) to work on /home/varn1t/ml-pipeline/venv/lib/python3.11/site-packages/airflow/example_dags/example_params_ui_tutorial.py
[2026-05-24T14:36:50.942+0000] {processor.py:830} INFO - Processing file /home/varn1t/ml-pipeline/venv/lib/python3.11/site-packages/airflow/example_dags/example_params_ui_tutorial.py for tasks to queue
[2026-05-24T14:36:50.943+0000] {logging_mixin.py:188} INFO - [2026-05-24T14:36:50.943+0000] {dagbag.py:545} INFO - Filling up the DagBag from /home/varn1t/ml-pipeline/venv/lib/python3.11/site-packages/airflow/example_dags/example_params_ui_tutorial.py
[2026-05-24T14:36:50.951+0000] {processor.py:840} INFO - DAG(s) 'example_params_ui_tutorial' retrieved from /home/varn1t/ml-pipeline/venv/lib/python3.11/site-packages/airflow/example_dags/example_params_ui_tutorial.py
[2026-05-24T14:36:50.974+0000] {logging_mixin.py:188} INFO - [2026-05-24T14:36:50.974+0000] {dag.py:3096} INFO - Sync 1 DAGs
[2026-05-24T14:36:50.981+0000] {logging_mixin.py:188} INFO - [2026-05-24T14:36:50.981+0000] {dag.py:3954} INFO - Setting next_dagrun for example_params_ui_tutorial to None, run_after=None
[2026-05-24T14:36:50.997+0000] {processor.py:183} INFO - Processing /home/varn1t/ml-pipeline/venv/lib/python3.11/site-packages/airflow/example_dags/example_params_ui_tutorial.py took 0.060 seconds
[2026-05-24T14:37:49.603+0000] {processor.py:161} INFO - Started process (PID=24670) to work on /home/varn1t/ml-pipeline/venv/lib/python3.11/site-packages/airflow/example_dags/example_params_ui_tutorial.py
[2026-05-24T14:37:49.604+0000] {processor.py:830} INFO - Processing file /home/varn1t/ml-pipeline/venv/lib/python3.11/site-packages/airflow/example_dags/example_params_ui_tutorial.py for tasks to queue
[2026-05-24T14:37:49.604+0000] {logging_mixin.py:188} INFO - [2026-05-24T14:37:49.604+0000] {dagbag.py:545} INFO - Filling up the DagBag from /home/varn1t/ml-pipeline/venv/lib/python3.11/site-packages/airflow/example_dags/example_params_ui_tutorial.py
[2026-05-24T14:37:49.614+0000] {processor.py:840} INFO - DAG(s) 'example_params_ui_tutorial' retrieved from /home/varn1t/ml-pipeline/venv/lib/python3.11/site-packages/airflow/example_dags/example_params_ui_tutorial.py
[2026-05-24T14:37:49.637+0000] {logging_mixin.py:188} INFO - [2026-05-24T14:37:49.637+0000] {dag.py:3096} INFO - Sync 1 DAGs
[2026-05-24T14:37:49.644+0000] {logging_mixin.py:188} INFO - [2026-05-24T14:37:49.643+0000] {dag.py:3954} INFO - Setting next_dagrun for example_params_ui_tutorial to None, run_after=None
[2026-05-24T14:37:49.658+0000] {processor.py:183} INFO - Processing /home/varn1t/ml-pipeline/venv/lib/python3.11/site-packages/airflow/example_dags/example_params_ui_tutorial.py took 0.061 seconds
[2026-05-24T14:38:52.397+0000] {processor.py:161} INFO - Started process (PID=24963) to work on /home/varn1t/ml-pipeline/venv/lib/python3.11/site-packages/airflow/example_dags/example_params_ui_tutorial.py
[2026-05-24T14:38:52.398+0000] {processor.py:830} INFO - Processing file /home/varn1t/ml-pipeline/venv/lib/python3.11/site-packages/airflow/example_dags/example_params_ui_tutorial.py for tasks to queue
[2026-05-24T14:38:52.399+0000] {logging_mixin.py:188} INFO - [2026-05-24T14:38:52.398+0000] {dagbag.py:545} INFO - Filling up the DagBag from /home/varn1t/ml-pipeline/venv/lib/python3.11/site-packages/airflow/example_dags/example_params_ui_tutorial.py
[2026-05-24T14:38:52.408+0000] {processor.py:840} INFO - DAG(s) 'example_params_ui_tutorial' retrieved from /home/varn1t/ml-pipeline/venv/lib/python3.11/site-packages/airflow/example_dags/example_params_ui_tutorial.py
[2026-05-24T14:38:52.432+0000] {logging_mixin.py:188} INFO - [2026-05-24T14:38:52.431+0000] {dag.py:3096} INFO - Sync 1 DAGs
[2026-05-24T14:38:52.438+0000] {logging_mixin.py:188} INFO - [2026-05-24T14:38:52.438+0000] {dag.py:3954} INFO - Setting next_dagrun for example_params_ui_tutorial to None, run_after=None
[2026-05-24T14:38:52.455+0000] {processor.py:183} INFO - Processing /home/varn1t/ml-pipeline/venv/lib/python3.11/site-packages/airflow/example_dags/example_params_ui_tutorial.py took 0.064 seconds
[2026-05-24T14:39:53.226+0000] {processor.py:161} INFO - Started process (PID=25240) to work on /home/varn1t/ml-pipeline/venv/lib/python3.11/site-packages/airflow/example_dags/example_params_ui_tutorial.py
[2026-05-24T14:39:53.227+0000] {processor.py:830} INFO - Processing file /home/varn1t/ml-pipeline/venv/lib/python3.11/site-packages/airflow/example_dags/example_params_ui_tutorial.py for tasks to queue
[2026-05-24T14:39:53.228+0000] {logging_mixin.py:188} INFO - [2026-05-24T14:39:53.228+0000] {dagbag.py:545} INFO - Filling up the DagBag from /home/varn1t/ml-pipeline/venv/lib/python3.11/site-packages/airflow/example_dags/example_params_ui_tutorial.py
[2026-05-24T14:39:53.239+0000] {processor.py:840} INFO - DAG(s) 'example_params_ui_tutorial' retrieved from /home/varn1t/ml-pipeline/venv/lib/python3.11/site-packages/airflow/example_dags/example_params_ui_tutorial.py
[2026-05-24T14:39:53.264+0000] {logging_mixin.py:188} INFO - [2026-05-24T14:39:53.263+0000] {dag.py:3096} INFO - Sync 1 DAGs
[2026-05-24T14:39:53.273+0000] {logging_mixin.py:188} INFO - [2026-05-24T14:39:53.273+0000] {dag.py:3954} INFO - Setting next_dagrun for example_params_ui_tutorial to None, run_after=None
[2026-05-24T14:39:53.291+0000] {processor.py:183} INFO - Processing /home/varn1t/ml-pipeline/venv/lib/python3.11/site-packages/airflow/example_dags/example_params_ui_tutorial.py took 0.071 seconds
[2026-05-24T14:41:02.833+0000] {processor.py:161} INFO - Started process (PID=25532) to work on /home/varn1t/ml-pipeline/venv/lib/python3.11/site-packages/airflow/example_dags/example_params_ui_tutorial.py
[2026-05-24T14:41:02.834+0000] {processor.py:830} INFO - Processing file /home/varn1t/ml-pipeline/venv/lib/python3.11/site-packages/airflow/example_dags/example_params_ui_tutorial.py for tasks to queue
[2026-05-24T14:41:02.834+0000] {logging_mixin.py:188} INFO - [2026-05-24T14:41:02.834+0000] {dagbag.py:545} INFO - Filling up the DagBag from /home/varn1t/ml-pipeline/venv/lib/python3.11/site-packages/airflow/example_dags/example_params_ui_tutorial.py
[2026-05-24T14:41:02.843+0000] {processor.py:840} INFO - DAG(s) 'example_params_ui_tutorial' retrieved from /home/varn1t/ml-pipeline/venv/lib/python3.11/site-packages/airflow/example_dags/example_params_ui_tutorial.py
[2026-05-24T14:41:02.867+0000] {logging_mixin.py:188} INFO - [2026-05-24T14:41:02.867+0000] {dag.py:3096} INFO - Sync 1 DAGs
[2026-05-24T14:41:02.874+0000] {logging_mixin.py:188} INFO - [2026-05-24T14:41:02.874+0000] {dag.py:3954} INFO - Setting next_dagrun for example_params_ui_tutorial to None, run_after=None
[2026-05-24T14:41:02.896+0000] {processor.py:183} INFO - Processing /home/varn1t/ml-pipeline/venv/lib/python3.11/site-packages/airflow/example_dags/example_params_ui_tutorial.py took 0.067 seconds
[2026-05-24T14:42:13.189+0000] {processor.py:161} INFO - Started process (PID=25847) to work on /home/varn1t/ml-pipeline/venv/lib/python3.11/site-packages/airflow/example_dags/example_params_ui_tutorial.py
[2026-05-24T14:42:13.190+0000] {processor.py:830} INFO - Processing file /home/varn1t/ml-pipeline/venv/lib/python3.11/site-packages/airflow/example_dags/example_params_ui_tutorial.py for tasks to queue
[2026-05-24T14:42:13.190+0000] {logging_mixin.py:188} INFO - [2026-05-24T14:42:13.190+0000] {dagbag.py:545} INFO - Filling up the DagBag from /home/varn1t/ml-pipeline/venv/lib/python3.11/site-packages/airflow/example_dags/example_params_ui_tutorial.py
[2026-05-24T14:42:13.201+0000] {processor.py:840} INFO - DAG(s) 'example_params_ui_tutorial' retrieved from /home/varn1t/ml-pipeline/venv/lib/python3.11/site-packages/airflow/example_dags/example_params_ui_tutorial.py
[2026-05-24T14:42:13.228+0000] {logging_mixin.py:188} INFO - [2026-05-24T14:42:13.228+0000] {dag.py:3096} INFO - Sync 1 DAGs
[2026-05-24T14:42:13.237+0000] {logging_mixin.py:188} INFO - [2026-05-24T14:42:13.237+0000] {dag.py:3954} INFO - Setting next_dagrun for example_params_ui_tutorial to None, run_after=None
[2026-05-24T14:42:13.356+0000] {processor.py:183} INFO - Processing /home/varn1t/ml-pipeline/venv/lib/python3.11/site-packages/airflow/example_dags/example_params_ui_tutorial.py took 0.171 seconds
[2026-05-24T14:43:21.255+0000] {processor.py:161} INFO - Started process (PID=26132) to work on /home/varn1t/ml-pipeline/venv/lib/python3.11/site-packages/airflow/example_dags/example_params_ui_tutorial.py
[2026-05-24T14:43:21.256+0000] {processor.py:830} INFO - Processing file /home/varn1t/ml-pipeline/venv/lib/python3.11/site-packages/airflow/example_dags/example_params_ui_tutorial.py for tasks to queue
[2026-05-24T14:43:21.256+0000] {logging_mixin.py:188} INFO - [2026-05-24T14:43:21.256+0000] {dagbag.py:545} INFO - Filling up the DagBag from /home/varn1t/ml-pipeline/venv/lib/python3.11/site-packages/airflow/example_dags/example_params_ui_tutorial.py
[2026-05-24T14:43:21.265+0000] {processor.py:840} INFO - DAG(s) 'example_params_ui_tutorial' retrieved from /home/varn1t/ml-pipeline/venv/lib/python3.11/site-packages/airflow/example_dags/example_params_ui_tutorial.py
[2026-05-24T14:43:21.295+0000] {logging_mixin.py:188} INFO - [2026-05-24T14:43:21.294+0000] {dag.py:3096} INFO - Sync 1 DAGs
[2026-05-24T14:43:21.398+0000] {logging_mixin.py:188} INFO - [2026-05-24T14:43:21.397+0000] {dag.py:3954} INFO - Setting next_dagrun for example_params_ui_tutorial to None, run_after=None
[2026-05-24T14:43:21.416+0000] {processor.py:183} INFO - Processing /home/varn1t/ml-pipeline/venv/lib/python3.11/site-packages/airflow/example_dags/example_params_ui_tutorial.py took 0.165 seconds
[2026-05-24T14:44:22.433+0000] {processor.py:161} INFO - Started process (PID=26449) to work on /home/varn1t/ml-pipeline/venv/lib/python3.11/site-packages/airflow/example_dags/example_params_ui_tutorial.py
[2026-05-24T14:44:22.435+0000] {processor.py:830} INFO - Processing file /home/varn1t/ml-pipeline/venv/lib/python3.11/site-packages/airflow/example_dags/example_params_ui_tutorial.py for tasks to queue
[2026-05-24T14:44:22.435+0000] {logging_mixin.py:188} INFO - [2026-05-24T14:44:22.435+0000] {dagbag.py:545} INFO - Filling up the DagBag from /home/varn1t/ml-pipeline/venv/lib/python3.11/site-packages/airflow/example_dags/example_params_ui_tutorial.py
[2026-05-24T14:44:22.445+0000] {processor.py:840} INFO - DAG(s) 'example_params_ui_tutorial' retrieved from /home/varn1t/ml-pipeline/venv/lib/python3.11/site-packages/airflow/example_dags/example_params_ui_tutorial.py
[2026-05-24T14:44:22.468+0000] {logging_mixin.py:188} INFO - [2026-05-24T14:44:22.468+0000] {dag.py:3096} INFO - Sync 1 DAGs
[2026-05-24T14:44:22.476+0000] {logging_mixin.py:188} INFO - [2026-05-24T14:44:22.476+0000] {dag.py:3954} INFO - Setting next_dagrun for example_params_ui_tutorial to None, run_after=None
[2026-05-24T14:44:22.494+0000] {processor.py:183} INFO - Processing /home/varn1t/ml-pipeline/venv/lib/python3.11/site-packages/airflow/example_dags/example_params_ui_tutorial.py took 0.066 seconds
[2026-05-24T14:45:22.225+0000] {processor.py:161} INFO - Started process (PID=26714) to work on /home/varn1t/ml-pipeline/venv/lib/python3.11/site-packages/airflow/example_dags/example_params_ui_tutorial.py
[2026-05-24T14:45:22.226+0000] {processor.py:830} INFO - Processing file /home/varn1t/ml-pipeline/venv/lib/python3.11/site-packages/airflow/example_dags/example_params_ui_tutorial.py for tasks to queue
[2026-05-24T14:45:22.227+0000] {logging_mixin.py:188} INFO - [2026-05-24T14:45:22.227+0000] {dagbag.py:545} INFO - Filling up the DagBag from /home/varn1t/ml-pipeline/venv/lib/python3.11/site-packages/airflow/example_dags/example_params_ui_tutorial.py
[2026-05-24T14:45:22.236+0000] {processor.py:840} INFO - DAG(s) 'example_params_ui_tutorial' retrieved from /home/varn1t/ml-pipeline/venv/lib/python3.11/site-packages/airflow/example_dags/example_params_ui_tutorial.py
[2026-05-24T14:45:22.260+0000] {logging_mixin.py:188} INFO - [2026-05-24T14:45:22.260+0000] {dag.py:3096} INFO - Sync 1 DAGs
[2026-05-24T14:45:22.270+0000] {logging_mixin.py:188} INFO - [2026-05-24T14:45:22.270+0000] {dag.py:3954} INFO - Setting next_dagrun for example_params_ui_tutorial to None, run_after=None
[2026-05-24T14:45:22.288+0000] {processor.py:183} INFO - Processing /home/varn1t/ml-pipeline/venv/lib/python3.11/site-packages/airflow/example_dags/example_params_ui_tutorial.py took 0.067 seconds
[2026-05-24T14:46:28.946+0000] {processor.py:161} INFO - Started process (PID=27021) to work on /home/varn1t/ml-pipeline/venv/lib/python3.11/site-packages/airflow/example_dags/example_params_ui_tutorial.py
[2026-05-24T14:46:28.948+0000] {processor.py:830} INFO - Processing file /home/varn1t/ml-pipeline/venv/lib/python3.11/site-packages/airflow/example_dags/example_params_ui_tutorial.py for tasks to queue
[2026-05-24T14:46:28.949+0000] {logging_mixin.py:188} INFO - [2026-05-24T14:46:28.948+0000] {dagbag.py:545} INFO - Filling up the DagBag from /home/varn1t/ml-pipeline/venv/lib/python3.11/site-packages/airflow/example_dags/example_params_ui_tutorial.py
[2026-05-24T14:46:28.958+0000] {processor.py:840} INFO - DAG(s) 'example_params_ui_tutorial' retrieved from /home/varn1t/ml-pipeline/venv/lib/python3.11/site-packages/airflow/example_dags/example_params_ui_tutorial.py
[2026-05-24T14:46:28.980+0000] {logging_mixin.py:188} INFO - [2026-05-24T14:46:28.980+0000] {dag.py:3096} INFO - Sync 1 DAGs
[2026-05-24T14:46:28.987+0000] {logging_mixin.py:188} INFO - [2026-05-24T14:46:28.987+0000] {dag.py:3954} INFO - Setting next_dagrun for example_params_ui_tutorial to None, run_after=None
[2026-05-24T14:46:29.003+0000] {processor.py:183} INFO - Processing /home/varn1t/ml-pipeline/venv/lib/python3.11/site-packages/airflow/example_dags/example_params_ui_tutorial.py took 0.062 seconds
[2026-05-24T14:47:32.246+0000] {processor.py:161} INFO - Started process (PID=27305) to work on /home/varn1t/ml-pipeline/venv/lib/python3.11/site-packages/airflow/example_dags/example_params_ui_tutorial.py
[2026-05-24T14:47:32.247+0000] {processor.py:830} INFO - Processing file /home/varn1t/ml-pipeline/venv/lib/python3.11/site-packages/airflow/example_dags/example_params_ui_tutorial.py for tasks to queue
[2026-05-24T14:47:32.248+0000] {logging_mixin.py:188} INFO - [2026-05-24T14:47:32.248+0000] {dagbag.py:545} INFO - Filling up the DagBag from /home/varn1t/ml-pipeline/venv/lib/python3.11/site-packages/airflow/example_dags/example_params_ui_tutorial.py
[2026-05-24T14:47:32.256+0000] {processor.py:840} INFO - DAG(s) 'example_params_ui_tutorial' retrieved from /home/varn1t/ml-pipeline/venv/lib/python3.11/site-packages/airflow/example_dags/example_params_ui_tutorial.py
[2026-05-24T14:47:32.278+0000] {logging_mixin.py:188} INFO - [2026-05-24T14:47:32.278+0000] {dag.py:3096} INFO - Sync 1 DAGs
[2026-05-24T14:47:32.284+0000] {logging_mixin.py:188} INFO - [2026-05-24T14:47:32.284+0000] {dag.py:3954} INFO - Setting next_dagrun for example_params_ui_tutorial to None, run_after=None
[2026-05-24T14:47:32.301+0000] {processor.py:183} INFO - Processing /home/varn1t/ml-pipeline/venv/lib/python3.11/site-packages/airflow/example_dags/example_params_ui_tutorial.py took 0.060 seconds
[2026-05-24T14:48:30.743+0000] {processor.py:161} INFO - Started process (PID=27611) to work on /home/varn1t/ml-pipeline/venv/lib/python3.11/site-packages/airflow/example_dags/example_params_ui_tutorial.py
[2026-05-24T14:48:30.744+0000] {processor.py:830} INFO - Processing file /home/varn1t/ml-pipeline/venv/lib/python3.11/site-packages/airflow/example_dags/example_params_ui_tutorial.py for tasks to queue
[2026-05-24T14:48:30.745+0000] {logging_mixin.py:188} INFO - [2026-05-24T14:48:30.745+0000] {dagbag.py:545} INFO - Filling up the DagBag from /home/varn1t/ml-pipeline/venv/lib/python3.11/site-packages/airflow/example_dags/example_params_ui_tutorial.py
[2026-05-24T14:48:30.754+0000] {processor.py:840} INFO - DAG(s) 'example_params_ui_tutorial' retrieved from /home/varn1t/ml-pipeline/venv/lib/python3.11/site-packages/airflow/example_dags/example_params_ui_tutorial.py
[2026-05-24T14:48:30.777+0000] {logging_mixin.py:188} INFO - [2026-05-24T14:48:30.777+0000] {dag.py:3096} INFO - Sync 1 DAGs
[2026-05-24T14:48:30.784+0000] {logging_mixin.py:188} INFO - [2026-05-24T14:48:30.783+0000] {dag.py:3954} INFO - Setting next_dagrun for example_params_ui_tutorial to None, run_after=None
[2026-05-24T14:48:30.801+0000] {processor.py:183} INFO - Processing /home/varn1t/ml-pipeline/venv/lib/python3.11/site-packages/airflow/example_dags/example_params_ui_tutorial.py took 0.063 seconds
[2026-05-24T14:49:31.574+0000] {processor.py:161} INFO - Started process (PID=27873) to work on /home/varn1t/ml-pipeline/venv/lib/python3.11/site-packages/airflow/example_dags/example_params_ui_tutorial.py
[2026-05-24T14:49:31.576+0000] {processor.py:830} INFO - Processing file /home/varn1t/ml-pipeline/venv/lib/python3.11/site-packages/airflow/example_dags/example_params_ui_tutorial.py for tasks to queue
[2026-05-24T14:49:31.577+0000] {logging_mixin.py:188} INFO - [2026-05-24T14:49:31.577+0000] {dagbag.py:545} INFO - Filling up the DagBag from /home/varn1t/ml-pipeline/venv/lib/python3.11/site-packages/airflow/example_dags/example_params_ui_tutorial.py
[2026-05-24T14:49:31.588+0000] {processor.py:840} INFO - DAG(s) 'example_params_ui_tutorial' retrieved from /home/varn1t/ml-pipeline/venv/lib/python3.11/site-packages/airflow/example_dags/example_params_ui_tutorial.py
[2026-05-24T14:49:31.612+0000] {logging_mixin.py:188} INFO - [2026-05-24T14:49:31.612+0000] {dag.py:3096} INFO - Sync 1 DAGs
[2026-05-24T14:49:31.620+0000] {logging_mixin.py:188} INFO - [2026-05-24T14:49:31.620+0000] {dag.py:3954} INFO - Setting next_dagrun for example_params_ui_tutorial to None, run_after=None
[2026-05-24T14:49:31.640+0000] {processor.py:183} INFO - Processing /home/varn1t/ml-pipeline/venv/lib/python3.11/site-packages/airflow/example_dags/example_params_ui_tutorial.py took 0.071 seconds
[2026-05-24T14:50:33.476+0000] {processor.py:161} INFO - Started process (PID=28164) to work on /home/varn1t/ml-pipeline/venv/lib/python3.11/site-packages/airflow/example_dags/example_params_ui_tutorial.py
[2026-05-24T14:50:33.478+0000] {processor.py:830} INFO - Processing file /home/varn1t/ml-pipeline/venv/lib/python3.11/site-packages/airflow/example_dags/example_params_ui_tutorial.py for tasks to queue
[2026-05-24T14:50:33.479+0000] {logging_mixin.py:188} INFO - [2026-05-24T14:50:33.478+0000] {dagbag.py:545} INFO - Filling up the DagBag from /home/varn1t/ml-pipeline/venv/lib/python3.11/site-packages/airflow/example_dags/example_params_ui_tutorial.py
[2026-05-24T14:50:33.488+0000] {processor.py:840} INFO - DAG(s) 'example_params_ui_tutorial' retrieved from /home/varn1t/ml-pipeline/venv/lib/python3.11/site-packages/airflow/example_dags/example_params_ui_tutorial.py
[2026-05-24T14:50:33.511+0000] {logging_mixin.py:188} INFO - [2026-05-24T14:50:33.511+0000] {dag.py:3096} INFO - Sync 1 DAGs
[2026-05-24T14:50:33.518+0000] {logging_mixin.py:188} INFO - [2026-05-24T14:50:33.517+0000] {dag.py:3954} INFO - Setting next_dagrun for example_params_ui_tutorial to None, run_after=None
[2026-05-24T14:50:33.535+0000] {processor.py:183} INFO - Processing /home/varn1t/ml-pipeline/venv/lib/python3.11/site-packages/airflow/example_dags/example_params_ui_tutorial.py took 0.064 seconds
[2026-05-24T14:51:38.818+0000] {processor.py:161} INFO - Started process (PID=28449) to work on /home/varn1t/ml-pipeline/venv/lib/python3.11/site-packages/airflow/example_dags/example_params_ui_tutorial.py
[2026-05-24T14:51:38.819+0000] {processor.py:830} INFO - Processing file /home/varn1t/ml-pipeline/venv/lib/python3.11/site-packages/airflow/example_dags/example_params_ui_tutorial.py for tasks to queue
[2026-05-24T14:51:38.820+0000] {logging_mixin.py:188} INFO - [2026-05-24T14:51:38.820+0000] {dagbag.py:545} INFO - Filling up the DagBag from /home/varn1t/ml-pipeline/venv/lib/python3.11/site-packages/airflow/example_dags/example_params_ui_tutorial.py
[2026-05-24T14:51:38.829+0000] {processor.py:840} INFO - DAG(s) 'example_params_ui_tutorial' retrieved from /home/varn1t/ml-pipeline/venv/lib/python3.11/site-packages/airflow/example_dags/example_params_ui_tutorial.py
[2026-05-24T14:51:38.853+0000] {logging_mixin.py:188} INFO - [2026-05-24T14:51:38.853+0000] {dag.py:3096} INFO - Sync 1 DAGs
[2026-05-24T14:51:38.860+0000] {logging_mixin.py:188} INFO - [2026-05-24T14:51:38.860+0000] {dag.py:3954} INFO - Setting next_dagrun for example_params_ui_tutorial to None, run_after=None
[2026-05-24T14:51:38.875+0000] {processor.py:183} INFO - Processing /home/varn1t/ml-pipeline/venv/lib/python3.11/site-packages/airflow/example_dags/example_params_ui_tutorial.py took 0.061 seconds
[2026-05-24T14:52:42.094+0000] {processor.py:161} INFO - Started process (PID=28739) to work on /home/varn1t/ml-pipeline/venv/lib/python3.11/site-packages/airflow/example_dags/example_params_ui_tutorial.py
[2026-05-24T14:52:42.094+0000] {processor.py:830} INFO - Processing file /home/varn1t/ml-pipeline/venv/lib/python3.11/site-packages/airflow/example_dags/example_params_ui_tutorial.py for tasks to queue
[2026-05-24T14:52:42.095+0000] {logging_mixin.py:188} INFO - [2026-05-24T14:52:42.095+0000] {dagbag.py:545} INFO - Filling up the DagBag from /home/varn1t/ml-pipeline/venv/lib/python3.11/site-packages/airflow/example_dags/example_params_ui_tutorial.py
[2026-05-24T14:52:42.103+0000] {processor.py:840} INFO - DAG(s) 'example_params_ui_tutorial' retrieved from /home/varn1t/ml-pipeline/venv/lib/python3.11/site-packages/airflow/example_dags/example_params_ui_tutorial.py
[2026-05-24T14:52:42.128+0000] {logging_mixin.py:188} INFO - [2026-05-24T14:52:42.128+0000] {dag.py:3096} INFO - Sync 1 DAGs
[2026-05-24T14:52:42.135+0000] {logging_mixin.py:188} INFO - [2026-05-24T14:52:42.134+0000] {dag.py:3954} INFO - Setting next_dagrun for example_params_ui_tutorial to None, run_after=None
[2026-05-24T14:52:42.151+0000] {processor.py:183} INFO - Processing /home/varn1t/ml-pipeline/venv/lib/python3.11/site-packages/airflow/example_dags/example_params_ui_tutorial.py took 0.063 seconds
[2026-05-24T14:53:42.442+0000] {processor.py:161} INFO - Started process (PID=29022) to work on /home/varn1t/ml-pipeline/venv/lib/python3.11/site-packages/airflow/example_dags/example_params_ui_tutorial.py
[2026-05-24T14:53:42.443+0000] {processor.py:830} INFO - Processing file /home/varn1t/ml-pipeline/venv/lib/python3.11/site-packages/airflow/example_dags/example_params_ui_tutorial.py for tasks to queue
[2026-05-24T14:53:42.444+0000] {logging_mixin.py:188} INFO - [2026-05-24T14:53:42.443+0000] {dagbag.py:545} INFO - Filling up the DagBag from /home/varn1t/ml-pipeline/venv/lib/python3.11/site-packages/airflow/example_dags/example_params_ui_tutorial.py
[2026-05-24T14:53:42.452+0000] {processor.py:840} INFO - DAG(s) 'example_params_ui_tutorial' retrieved from /home/varn1t/ml-pipeline/venv/lib/python3.11/site-packages/airflow/example_dags/example_params_ui_tutorial.py
[2026-05-24T14:53:42.476+0000] {logging_mixin.py:188} INFO - [2026-05-24T14:53:42.476+0000] {dag.py:3096} INFO - Sync 1 DAGs
[2026-05-24T14:53:42.484+0000] {logging_mixin.py:188} INFO - [2026-05-24T14:53:42.483+0000] {dag.py:3954} INFO - Setting next_dagrun for example_params_ui_tutorial to None, run_after=None
[2026-05-24T14:53:42.501+0000] {processor.py:183} INFO - Processing /home/varn1t/ml-pipeline/venv/lib/python3.11/site-packages/airflow/example_dags/example_params_ui_tutorial.py took 0.063 seconds
[2026-05-24T14:54:43.310+0000] {processor.py:161} INFO - Started process (PID=29298) to work on /home/varn1t/ml-pipeline/venv/lib/python3.11/site-packages/airflow/example_dags/example_params_ui_tutorial.py
[2026-05-24T14:54:43.311+0000] {processor.py:830} INFO - Processing file /home/varn1t/ml-pipeline/venv/lib/python3.11/site-packages/airflow/example_dags/example_params_ui_tutorial.py for tasks to queue
[2026-05-24T14:54:43.311+0000] {logging_mixin.py:188} INFO - [2026-05-24T14:54:43.311+0000] {dagbag.py:545} INFO - Filling up the DagBag from /home/varn1t/ml-pipeline/venv/lib/python3.11/site-packages/airflow/example_dags/example_params_ui_tutorial.py
[2026-05-24T14:54:43.321+0000] {processor.py:840} INFO - DAG(s) 'example_params_ui_tutorial' retrieved from /home/varn1t/ml-pipeline/venv/lib/python3.11/site-packages/airflow/example_dags/example_params_ui_tutorial.py
[2026-05-24T14:54:43.346+0000] {logging_mixin.py:188} INFO - [2026-05-24T14:54:43.346+0000] {dag.py:3096} INFO - Sync 1 DAGs
[2026-05-24T14:54:43.354+0000] {logging_mixin.py:188} INFO - [2026-05-24T14:54:43.354+0000] {dag.py:3954} INFO - Setting next_dagrun for example_params_ui_tutorial to None, run_after=None
[2026-05-24T14:54:43.372+0000] {processor.py:183} INFO - Processing /home/varn1t/ml-pipeline/venv/lib/python3.11/site-packages/airflow/example_dags/example_params_ui_tutorial.py took 0.066 seconds
[2026-05-24T14:55:46.527+0000] {processor.py:161} INFO - Started process (PID=29611) to work on /home/varn1t/ml-pipeline/venv/lib/python3.11/site-packages/airflow/example_dags/example_params_ui_tutorial.py
[2026-05-24T14:55:46.527+0000] {processor.py:830} INFO - Processing file /home/varn1t/ml-pipeline/venv/lib/python3.11/site-packages/airflow/example_dags/example_params_ui_tutorial.py for tasks to queue
[2026-05-24T14:55:46.528+0000] {logging_mixin.py:188} INFO - [2026-05-24T14:55:46.528+0000] {dagbag.py:545} INFO - Filling up the DagBag from /home/varn1t/ml-pipeline/venv/lib/python3.11/site-packages/airflow/example_dags/example_params_ui_tutorial.py
[2026-05-24T14:55:46.536+0000] {processor.py:840} INFO - DAG(s) 'example_params_ui_tutorial' retrieved from /home/varn1t/ml-pipeline/venv/lib/python3.11/site-packages/airflow/example_dags/example_params_ui_tutorial.py
[2026-05-24T14:55:46.556+0000] {logging_mixin.py:188} INFO - [2026-05-24T14:55:46.556+0000] {dag.py:3096} INFO - Sync 1 DAGs
[2026-05-24T14:55:46.562+0000] {logging_mixin.py:188} INFO - [2026-05-24T14:55:46.561+0000] {dag.py:3954} INFO - Setting next_dagrun for example_params_ui_tutorial to None, run_after=None
[2026-05-24T14:55:46.577+0000] {processor.py:183} INFO - Processing /home/varn1t/ml-pipeline/venv/lib/python3.11/site-packages/airflow/example_dags/example_params_ui_tutorial.py took 0.054 seconds
[2026-05-24T14:56:55.677+0000] {processor.py:161} INFO - Started process (PID=30015) to work on /home/varn1t/ml-pipeline/venv/lib/python3.11/site-packages/airflow/example_dags/example_params_ui_tutorial.py
[2026-05-24T14:56:55.683+0000] {processor.py:830} INFO - Processing file /home/varn1t/ml-pipeline/venv/lib/python3.11/site-packages/airflow/example_dags/example_params_ui_tutorial.py for tasks to queue
[2026-05-24T14:56:55.687+0000] {logging_mixin.py:188} INFO - [2026-05-24T14:56:55.686+0000] {dagbag.py:545} INFO - Filling up the DagBag from /home/varn1t/ml-pipeline/venv/lib/python3.11/site-packages/airflow/example_dags/example_params_ui_tutorial.py
[2026-05-24T14:56:55.744+0000] {processor.py:840} INFO - DAG(s) 'example_params_ui_tutorial' retrieved from /home/varn1t/ml-pipeline/venv/lib/python3.11/site-packages/airflow/example_dags/example_params_ui_tutorial.py
[2026-05-24T14:56:55.947+0000] {logging_mixin.py:188} INFO - [2026-05-24T14:56:55.947+0000] {dag.py:3096} INFO - Sync 1 DAGs
[2026-05-24T14:56:56.000+0000] {logging_mixin.py:188} INFO - [2026-05-24T14:56:56.000+0000] {dag.py:3954} INFO - Setting next_dagrun for example_params_ui_tutorial to None, run_after=None
[2026-05-24T14:56:56.082+0000] {processor.py:183} INFO - Processing /home/varn1t/ml-pipeline/venv/lib/python3.11/site-packages/airflow/example_dags/example_params_ui_tutorial.py took 0.462 seconds
[2026-05-24T14:58:02.288+0000] {processor.py:161} INFO - Started process (PID=30528) to work on /home/varn1t/ml-pipeline/venv/lib/python3.11/site-packages/airflow/example_dags/example_params_ui_tutorial.py
[2026-05-24T14:58:02.289+0000] {processor.py:830} INFO - Processing file /home/varn1t/ml-pipeline/venv/lib/python3.11/site-packages/airflow/example_dags/example_params_ui_tutorial.py for tasks to queue
[2026-05-24T14:58:02.290+0000] {logging_mixin.py:188} INFO - [2026-05-24T14:58:02.290+0000] {dagbag.py:545} INFO - Filling up the DagBag from /home/varn1t/ml-pipeline/venv/lib/python3.11/site-packages/airflow/example_dags/example_params_ui_tutorial.py
[2026-05-24T14:58:02.301+0000] {processor.py:840} INFO - DAG(s) 'example_params_ui_tutorial' retrieved from /home/varn1t/ml-pipeline/venv/lib/python3.11/site-packages/airflow/example_dags/example_params_ui_tutorial.py
[2026-05-24T14:58:02.325+0000] {logging_mixin.py:188} INFO - [2026-05-24T14:58:02.325+0000] {dag.py:3096} INFO - Sync 1 DAGs
[2026-05-24T14:58:02.334+0000] {logging_mixin.py:188} INFO - [2026-05-24T14:58:02.334+0000] {dag.py:3954} INFO - Setting next_dagrun for example_params_ui_tutorial to None, run_after=None
[2026-05-24T14:58:02.351+0000] {processor.py:183} INFO - Processing /home/varn1t/ml-pipeline/venv/lib/python3.11/site-packages/airflow/example_dags/example_params_ui_tutorial.py took 0.067 seconds
[2026-05-24T14:59:06.090+0000] {processor.py:161} INFO - Started process (PID=31096) to work on /home/varn1t/ml-pipeline/venv/lib/python3.11/site-packages/airflow/example_dags/example_params_ui_tutorial.py
[2026-05-24T14:59:06.091+0000] {processor.py:830} INFO - Processing file /home/varn1t/ml-pipeline/venv/lib/python3.11/site-packages/airflow/example_dags/example_params_ui_tutorial.py for tasks to queue
[2026-05-24T14:59:06.092+0000] {logging_mixin.py:188} INFO - [2026-05-24T14:59:06.092+0000] {dagbag.py:545} INFO - Filling up the DagBag from /home/varn1t/ml-pipeline/venv/lib/python3.11/site-packages/airflow/example_dags/example_params_ui_tutorial.py
[2026-05-24T14:59:06.101+0000] {processor.py:840} INFO - DAG(s) 'example_params_ui_tutorial' retrieved from /home/varn1t/ml-pipeline/venv/lib/python3.11/site-packages/airflow/example_dags/example_params_ui_tutorial.py
[2026-05-24T14:59:06.125+0000] {logging_mixin.py:188} INFO - [2026-05-24T14:59:06.124+0000] {dag.py:3096} INFO - Sync 1 DAGs
[2026-05-24T14:59:06.131+0000] {logging_mixin.py:188} INFO - [2026-05-24T14:59:06.131+0000] {dag.py:3954} INFO - Setting next_dagrun for example_params_ui_tutorial to None, run_after=None
[2026-05-24T14:59:06.147+0000] {processor.py:183} INFO - Processing /home/varn1t/ml-pipeline/venv/lib/python3.11/site-packages/airflow/example_dags/example_params_ui_tutorial.py took 0.062 seconds
[2026-05-24T15:00:07.731+0000] {processor.py:161} INFO - Started process (PID=31472) to work on /home/varn1t/ml-pipeline/venv/lib/python3.11/site-packages/airflow/example_dags/example_params_ui_tutorial.py
[2026-05-24T15:00:07.732+0000] {processor.py:830} INFO - Processing file /home/varn1t/ml-pipeline/venv/lib/python3.11/site-packages/airflow/example_dags/example_params_ui_tutorial.py for tasks to queue
[2026-05-24T15:00:07.732+0000] {logging_mixin.py:188} INFO - [2026-05-24T15:00:07.732+0000] {dagbag.py:545} INFO - Filling up the DagBag from /home/varn1t/ml-pipeline/venv/lib/python3.11/site-packages/airflow/example_dags/example_params_ui_tutorial.py
[2026-05-24T15:00:07.741+0000] {processor.py:840} INFO - DAG(s) 'example_params_ui_tutorial' retrieved from /home/varn1t/ml-pipeline/venv/lib/python3.11/site-packages/airflow/example_dags/example_params_ui_tutorial.py
[2026-05-24T15:00:07.765+0000] {logging_mixin.py:188} INFO - [2026-05-24T15:00:07.765+0000] {dag.py:3096} INFO - Sync 1 DAGs
[2026-05-24T15:00:07.772+0000] {logging_mixin.py:188} INFO - [2026-05-24T15:00:07.771+0000] {dag.py:3954} INFO - Setting next_dagrun for example_params_ui_tutorial to None, run_after=None
[2026-05-24T15:00:07.787+0000] {processor.py:183} INFO - Processing /home/varn1t/ml-pipeline/venv/lib/python3.11/site-packages/airflow/example_dags/example_params_ui_tutorial.py took 0.064 seconds
[2026-05-24T15:01:05.961+0000] {processor.py:161} INFO - Started process (PID=31742) to work on /home/varn1t/ml-pipeline/venv/lib/python3.11/site-packages/airflow/example_dags/example_params_ui_tutorial.py
[2026-05-24T15:01:05.962+0000] {processor.py:830} INFO - Processing file /home/varn1t/ml-pipeline/venv/lib/python3.11/site-packages/airflow/example_dags/example_params_ui_tutorial.py for tasks to queue
[2026-05-24T15:01:05.962+0000] {logging_mixin.py:188} INFO - [2026-05-24T15:01:05.962+0000] {dagbag.py:545} INFO - Filling up the DagBag from /home/varn1t/ml-pipeline/venv/lib/python3.11/site-packages/airflow/example_dags/example_params_ui_tutorial.py
[2026-05-24T15:01:05.970+0000] {processor.py:840} INFO - DAG(s) 'example_params_ui_tutorial' retrieved from /home/varn1t/ml-pipeline/venv/lib/python3.11/site-packages/airflow/example_dags/example_params_ui_tutorial.py
[2026-05-24T15:01:05.994+0000] {logging_mixin.py:188} INFO - [2026-05-24T15:01:05.993+0000] {dag.py:3096} INFO - Sync 1 DAGs
[2026-05-24T15:01:06.002+0000] {logging_mixin.py:188} INFO - [2026-05-24T15:01:06.002+0000] {dag.py:3954} INFO - Setting next_dagrun for example_params_ui_tutorial to None, run_after=None
[2026-05-24T15:01:06.017+0000] {processor.py:183} INFO - Processing /home/varn1t/ml-pipeline/venv/lib/python3.11/site-packages/airflow/example_dags/example_params_ui_tutorial.py took 0.063 seconds
[2026-05-24T15:02:07.107+0000] {processor.py:161} INFO - Started process (PID=32048) to work on /home/varn1t/ml-pipeline/venv/lib/python3.11/site-packages/airflow/example_dags/example_params_ui_tutorial.py
[2026-05-24T15:02:07.108+0000] {processor.py:830} INFO - Processing file /home/varn1t/ml-pipeline/venv/lib/python3.11/site-packages/airflow/example_dags/example_params_ui_tutorial.py for tasks to queue
[2026-05-24T15:02:07.108+0000] {logging_mixin.py:188} INFO - [2026-05-24T15:02:07.108+0000] {dagbag.py:545} INFO - Filling up the DagBag from /home/varn1t/ml-pipeline/venv/lib/python3.11/site-packages/airflow/example_dags/example_params_ui_tutorial.py
[2026-05-24T15:02:07.116+0000] {processor.py:840} INFO - DAG(s) 'example_params_ui_tutorial' retrieved from /home/varn1t/ml-pipeline/venv/lib/python3.11/site-packages/airflow/example_dags/example_params_ui_tutorial.py
[2026-05-24T15:02:07.141+0000] {logging_mixin.py:188} INFO - [2026-05-24T15:02:07.141+0000] {dag.py:3096} INFO - Sync 1 DAGs
[2026-05-24T15:02:07.149+0000] {logging_mixin.py:188} INFO - [2026-05-24T15:02:07.149+0000] {dag.py:3954} INFO - Setting next_dagrun for example_params_ui_tutorial to None, run_after=None
[2026-05-24T15:02:07.168+0000] {processor.py:183} INFO - Processing /home/varn1t/ml-pipeline/venv/lib/python3.11/site-packages/airflow/example_dags/example_params_ui_tutorial.py took 0.067 seconds
[2026-05-24T15:03:08.727+0000] {processor.py:161} INFO - Started process (PID=32383) to work on /home/varn1t/ml-pipeline/venv/lib/python3.11/site-packages/airflow/example_dags/example_params_ui_tutorial.py
[2026-05-24T15:03:08.728+0000] {processor.py:830} INFO - Processing file /home/varn1t/ml-pipeline/venv/lib/python3.11/site-packages/airflow/example_dags/example_params_ui_tutorial.py for tasks to queue
[2026-05-24T15:03:08.729+0000] {logging_mixin.py:188} INFO - [2026-05-24T15:03:08.728+0000] {dagbag.py:545} INFO - Filling up the DagBag from /home/varn1t/ml-pipeline/venv/lib/python3.11/site-packages/airflow/example_dags/example_params_ui_tutorial.py
[2026-05-24T15:03:08.737+0000] {processor.py:840} INFO - DAG(s) 'example_params_ui_tutorial' retrieved from /home/varn1t/ml-pipeline/venv/lib/python3.11/site-packages/airflow/example_dags/example_params_ui_tutorial.py
[2026-05-24T15:03:08.760+0000] {logging_mixin.py:188} INFO - [2026-05-24T15:03:08.759+0000] {dag.py:3096} INFO - Sync 1 DAGs
[2026-05-24T15:03:08.767+0000] {logging_mixin.py:188} INFO - [2026-05-24T15:03:08.767+0000] {dag.py:3954} INFO - Setting next_dagrun for example_params_ui_tutorial to None, run_after=None
[2026-05-24T15:03:08.788+0000] {processor.py:183} INFO - Processing /home/varn1t/ml-pipeline/venv/lib/python3.11/site-packages/airflow/example_dags/example_params_ui_tutorial.py took 0.068 seconds
[2026-05-24T15:04:12.047+0000] {processor.py:161} INFO - Started process (PID=32726) to work on /home/varn1t/ml-pipeline/venv/lib/python3.11/site-packages/airflow/example_dags/example_params_ui_tutorial.py
[2026-05-24T15:04:12.048+0000] {processor.py:830} INFO - Processing file /home/varn1t/ml-pipeline/venv/lib/python3.11/site-packages/airflow/example_dags/example_params_ui_tutorial.py for tasks to queue
[2026-05-24T15:04:12.048+0000] {logging_mixin.py:188} INFO - [2026-05-24T15:04:12.048+0000] {dagbag.py:545} INFO - Filling up the DagBag from /home/varn1t/ml-pipeline/venv/lib/python3.11/site-packages/airflow/example_dags/example_params_ui_tutorial.py
[2026-05-24T15:04:12.057+0000] {processor.py:840} INFO - DAG(s) 'example_params_ui_tutorial' retrieved from /home/varn1t/ml-pipeline/venv/lib/python3.11/site-packages/airflow/example_dags/example_params_ui_tutorial.py
[2026-05-24T15:04:12.080+0000] {logging_mixin.py:188} INFO - [2026-05-24T15:04:12.080+0000] {dag.py:3096} INFO - Sync 1 DAGs
[2026-05-24T15:04:12.087+0000] {logging_mixin.py:188} INFO - [2026-05-24T15:04:12.087+0000] {dag.py:3954} INFO - Setting next_dagrun for example_params_ui_tutorial to None, run_after=None
[2026-05-24T15:04:12.104+0000] {processor.py:183} INFO - Processing /home/varn1t/ml-pipeline/venv/lib/python3.11/site-packages/airflow/example_dags/example_params_ui_tutorial.py took 0.063 seconds
[2026-05-24T15:05:10.837+0000] {processor.py:161} INFO - Started process (PID=33049) to work on /home/varn1t/ml-pipeline/venv/lib/python3.11/site-packages/airflow/example_dags/example_params_ui_tutorial.py
[2026-05-24T15:05:10.837+0000] {processor.py:830} INFO - Processing file /home/varn1t/ml-pipeline/venv/lib/python3.11/site-packages/airflow/example_dags/example_params_ui_tutorial.py for tasks to queue
[2026-05-24T15:05:10.838+0000] {logging_mixin.py:188} INFO - [2026-05-24T15:05:10.838+0000] {dagbag.py:545} INFO - Filling up the DagBag from /home/varn1t/ml-pipeline/venv/lib/python3.11/site-packages/airflow/example_dags/example_params_ui_tutorial.py
[2026-05-24T15:05:10.846+0000] {processor.py:840} INFO - DAG(s) 'example_params_ui_tutorial' retrieved from /home/varn1t/ml-pipeline/venv/lib/python3.11/site-packages/airflow/example_dags/example_params_ui_tutorial.py
[2026-05-24T15:05:10.871+0000] {logging_mixin.py:188} INFO - [2026-05-24T15:05:10.871+0000] {dag.py:3096} INFO - Sync 1 DAGs
[2026-05-24T15:05:10.878+0000] {logging_mixin.py:188} INFO - [2026-05-24T15:05:10.878+0000] {dag.py:3954} INFO - Setting next_dagrun for example_params_ui_tutorial to None, run_after=None
[2026-05-24T15:05:10.895+0000] {processor.py:183} INFO - Processing /home/varn1t/ml-pipeline/venv/lib/python3.11/site-packages/airflow/example_dags/example_params_ui_tutorial.py took 0.064 seconds
[2026-05-24T15:06:13.605+0000] {processor.py:161} INFO - Started process (PID=33664) to work on /home/varn1t/ml-pipeline/venv/lib/python3.11/site-packages/airflow/example_dags/example_params_ui_tutorial.py
[2026-05-24T15:06:13.606+0000] {processor.py:830} INFO - Processing file /home/varn1t/ml-pipeline/venv/lib/python3.11/site-packages/airflow/example_dags/example_params_ui_tutorial.py for tasks to queue
[2026-05-24T15:06:13.606+0000] {logging_mixin.py:188} INFO - [2026-05-24T15:06:13.606+0000] {dagbag.py:545} INFO - Filling up the DagBag from /home/varn1t/ml-pipeline/venv/lib/python3.11/site-packages/airflow/example_dags/example_params_ui_tutorial.py
[2026-05-24T15:06:13.615+0000] {processor.py:840} INFO - DAG(s) 'example_params_ui_tutorial' retrieved from /home/varn1t/ml-pipeline/venv/lib/python3.11/site-packages/airflow/example_dags/example_params_ui_tutorial.py
[2026-05-24T15:06:13.638+0000] {logging_mixin.py:188} INFO - [2026-05-24T15:06:13.637+0000] {dag.py:3096} INFO - Sync 1 DAGs
[2026-05-24T15:06:13.645+0000] {logging_mixin.py:188} INFO - [2026-05-24T15:06:13.645+0000] {dag.py:3954} INFO - Setting next_dagrun for example_params_ui_tutorial to None, run_after=None
[2026-05-24T15:06:13.664+0000] {processor.py:183} INFO - Processing /home/varn1t/ml-pipeline/venv/lib/python3.11/site-packages/airflow/example_dags/example_params_ui_tutorial.py took 0.065 seconds
[2026-05-24T15:07:14.030+0000] {processor.py:161} INFO - Started process (PID=34414) to work on /home/varn1t/ml-pipeline/venv/lib/python3.11/site-packages/airflow/example_dags/example_params_ui_tutorial.py
[2026-05-24T15:07:14.031+0000] {processor.py:830} INFO - Processing file /home/varn1t/ml-pipeline/venv/lib/python3.11/site-packages/airflow/example_dags/example_params_ui_tutorial.py for tasks to queue
[2026-05-24T15:07:14.032+0000] {logging_mixin.py:188} INFO - [2026-05-24T15:07:14.032+0000] {dagbag.py:545} INFO - Filling up the DagBag from /home/varn1t/ml-pipeline/venv/lib/python3.11/site-packages/airflow/example_dags/example_params_ui_tutorial.py
[2026-05-24T15:07:14.041+0000] {processor.py:840} INFO - DAG(s) 'example_params_ui_tutorial' retrieved from /home/varn1t/ml-pipeline/venv/lib/python3.11/site-packages/airflow/example_dags/example_params_ui_tutorial.py
[2026-05-24T15:07:14.070+0000] {logging_mixin.py:188} INFO - [2026-05-24T15:07:14.069+0000] {dag.py:3096} INFO - Sync 1 DAGs
[2026-05-24T15:07:14.079+0000] {logging_mixin.py:188} INFO - [2026-05-24T15:07:14.079+0000] {dag.py:3954} INFO - Setting next_dagrun for example_params_ui_tutorial to None, run_after=None
[2026-05-24T15:07:14.095+0000] {processor.py:183} INFO - Processing /home/varn1t/ml-pipeline/venv/lib/python3.11/site-packages/airflow/example_dags/example_params_ui_tutorial.py took 0.073 seconds
[2026-05-24T15:08:22.931+0000] {processor.py:161} INFO - Started process (PID=34974) to work on /home/varn1t/ml-pipeline/venv/lib/python3.11/site-packages/airflow/example_dags/example_params_ui_tutorial.py
[2026-05-24T15:08:22.932+0000] {processor.py:830} INFO - Processing file /home/varn1t/ml-pipeline/venv/lib/python3.11/site-packages/airflow/example_dags/example_params_ui_tutorial.py for tasks to queue
[2026-05-24T15:08:22.933+0000] {logging_mixin.py:188} INFO - [2026-05-24T15:08:22.932+0000] {dagbag.py:545} INFO - Filling up the DagBag from /home/varn1t/ml-pipeline/venv/lib/python3.11/site-packages/airflow/example_dags/example_params_ui_tutorial.py
[2026-05-24T15:08:22.941+0000] {processor.py:840} INFO - DAG(s) 'example_params_ui_tutorial' retrieved from /home/varn1t/ml-pipeline/venv/lib/python3.11/site-packages/airflow/example_dags/example_params_ui_tutorial.py
[2026-05-24T15:08:22.963+0000] {logging_mixin.py:188} INFO - [2026-05-24T15:08:22.963+0000] {dag.py:3096} INFO - Sync 1 DAGs
[2026-05-24T15:08:22.969+0000] {logging_mixin.py:188} INFO - [2026-05-24T15:08:22.969+0000] {dag.py:3954} INFO - Setting next_dagrun for example_params_ui_tutorial to None, run_after=None
[2026-05-24T15:08:22.982+0000] {processor.py:183} INFO - Processing /home/varn1t/ml-pipeline/venv/lib/python3.11/site-packages/airflow/example_dags/example_params_ui_tutorial.py took 0.056 seconds
[2026-05-24T15:09:24.830+0000] {processor.py:161} INFO - Started process (PID=35307) to work on /home/varn1t/ml-pipeline/venv/lib/python3.11/site-packages/airflow/example_dags/example_params_ui_tutorial.py
[2026-05-24T15:09:24.831+0000] {processor.py:830} INFO - Processing file /home/varn1t/ml-pipeline/venv/lib/python3.11/site-packages/airflow/example_dags/example_params_ui_tutorial.py for tasks to queue
[2026-05-24T15:09:24.832+0000] {logging_mixin.py:188} INFO - [2026-05-24T15:09:24.831+0000] {dagbag.py:545} INFO - Filling up the DagBag from /home/varn1t/ml-pipeline/venv/lib/python3.11/site-packages/airflow/example_dags/example_params_ui_tutorial.py
[2026-05-24T15:09:24.839+0000] {processor.py:840} INFO - DAG(s) 'example_params_ui_tutorial' retrieved from /home/varn1t/ml-pipeline/venv/lib/python3.11/site-packages/airflow/example_dags/example_params_ui_tutorial.py
[2026-05-24T15:09:24.861+0000] {logging_mixin.py:188} INFO - [2026-05-24T15:09:24.861+0000] {dag.py:3096} INFO - Sync 1 DAGs
[2026-05-24T15:09:24.867+0000] {logging_mixin.py:188} INFO - [2026-05-24T15:09:24.867+0000] {dag.py:3954} INFO - Setting next_dagrun for example_params_ui_tutorial to None, run_after=None
[2026-05-24T15:09:24.881+0000] {processor.py:183} INFO - Processing /home/varn1t/ml-pipeline/venv/lib/python3.11/site-packages/airflow/example_dags/example_params_ui_tutorial.py took 0.058 seconds
[2026-05-24T15:10:26.443+0000] {processor.py:161} INFO - Started process (PID=35571) to work on /home/varn1t/ml-pipeline/venv/lib/python3.11/site-packages/airflow/example_dags/example_params_ui_tutorial.py
[2026-05-24T15:10:26.444+0000] {processor.py:830} INFO - Processing file /home/varn1t/ml-pipeline/venv/lib/python3.11/site-packages/airflow/example_dags/example_params_ui_tutorial.py for tasks to queue
[2026-05-24T15:10:26.445+0000] {logging_mixin.py:188} INFO - [2026-05-24T15:10:26.444+0000] {dagbag.py:545} INFO - Filling up the DagBag from /home/varn1t/ml-pipeline/venv/lib/python3.11/site-packages/airflow/example_dags/example_params_ui_tutorial.py
[2026-05-24T15:10:26.455+0000] {processor.py:840} INFO - DAG(s) 'example_params_ui_tutorial' retrieved from /home/varn1t/ml-pipeline/venv/lib/python3.11/site-packages/airflow/example_dags/example_params_ui_tutorial.py
[2026-05-24T15:10:26.482+0000] {logging_mixin.py:188} INFO - [2026-05-24T15:10:26.482+0000] {dag.py:3096} INFO - Sync 1 DAGs
[2026-05-24T15:10:26.492+0000] {logging_mixin.py:188} INFO - [2026-05-24T15:10:26.492+0000] {dag.py:3954} INFO - Setting next_dagrun for example_params_ui_tutorial to None, run_after=None
[2026-05-24T15:10:26.509+0000] {processor.py:183} INFO - Processing /home/varn1t/ml-pipeline/venv/lib/python3.11/site-packages/airflow/example_dags/example_params_ui_tutorial.py took 0.073 seconds
[2026-05-24T15:11:33.595+0000] {processor.py:161} INFO - Started process (PID=35869) to work on /home/varn1t/ml-pipeline/venv/lib/python3.11/site-packages/airflow/example_dags/example_params_ui_tutorial.py
[2026-05-24T15:11:33.596+0000] {processor.py:830} INFO - Processing file /home/varn1t/ml-pipeline/venv/lib/python3.11/site-packages/airflow/example_dags/example_params_ui_tutorial.py for tasks to queue
[2026-05-24T15:11:33.597+0000] {logging_mixin.py:188} INFO - [2026-05-24T15:11:33.597+0000] {dagbag.py:545} INFO - Filling up the DagBag from /home/varn1t/ml-pipeline/venv/lib/python3.11/site-packages/airflow/example_dags/example_params_ui_tutorial.py
[2026-05-24T15:11:33.607+0000] {processor.py:840} INFO - DAG(s) 'example_params_ui_tutorial' retrieved from /home/varn1t/ml-pipeline/venv/lib/python3.11/site-packages/airflow/example_dags/example_params_ui_tutorial.py
[2026-05-24T15:11:33.629+0000] {logging_mixin.py:188} INFO - [2026-05-24T15:11:33.629+0000] {dag.py:3096} INFO - Sync 1 DAGs
[2026-05-24T15:11:33.638+0000] {logging_mixin.py:188} INFO - [2026-05-24T15:11:33.638+0000] {dag.py:3954} INFO - Setting next_dagrun for example_params_ui_tutorial to None, run_after=None
[2026-05-24T15:11:33.656+0000] {processor.py:183} INFO - Processing /home/varn1t/ml-pipeline/venv/lib/python3.11/site-packages/airflow/example_dags/example_params_ui_tutorial.py took 0.066 seconds
[2026-05-24T15:12:34.373+0000] {processor.py:161} INFO - Started process (PID=36135) to work on /home/varn1t/ml-pipeline/venv/lib/python3.11/site-packages/airflow/example_dags/example_params_ui_tutorial.py
[2026-05-24T15:12:34.374+0000] {processor.py:830} INFO - Processing file /home/varn1t/ml-pipeline/venv/lib/python3.11/site-packages/airflow/example_dags/example_params_ui_tutorial.py for tasks to queue
[2026-05-24T15:12:34.374+0000] {logging_mixin.py:188} INFO - [2026-05-24T15:12:34.374+0000] {dagbag.py:545} INFO - Filling up the DagBag from /home/varn1t/ml-pipeline/venv/lib/python3.11/site-packages/airflow/example_dags/example_params_ui_tutorial.py
[2026-05-24T15:12:34.384+0000] {processor.py:840} INFO - DAG(s) 'example_params_ui_tutorial' retrieved from /home/varn1t/ml-pipeline/venv/lib/python3.11/site-packages/airflow/example_dags/example_params_ui_tutorial.py
[2026-05-24T15:12:34.412+0000] {logging_mixin.py:188} INFO - [2026-05-24T15:12:34.412+0000] {dag.py:3096} INFO - Sync 1 DAGs
[2026-05-24T15:12:34.420+0000] {logging_mixin.py:188} INFO - [2026-05-24T15:12:34.420+0000] {dag.py:3954} INFO - Setting next_dagrun for example_params_ui_tutorial to None, run_after=None
[2026-05-24T15:12:34.439+0000] {processor.py:183} INFO - Processing /home/varn1t/ml-pipeline/venv/lib/python3.11/site-packages/airflow/example_dags/example_params_ui_tutorial.py took 0.073 seconds
[2026-05-24T15:13:38.353+0000] {processor.py:161} INFO - Started process (PID=36466) to work on /home/varn1t/ml-pipeline/venv/lib/python3.11/site-packages/airflow/example_dags/example_params_ui_tutorial.py
[2026-05-24T15:13:38.353+0000] {processor.py:830} INFO - Processing file /home/varn1t/ml-pipeline/venv/lib/python3.11/site-packages/airflow/example_dags/example_params_ui_tutorial.py for tasks to queue
[2026-05-24T15:13:38.354+0000] {logging_mixin.py:188} INFO - [2026-05-24T15:13:38.354+0000] {dagbag.py:545} INFO - Filling up the DagBag from /home/varn1t/ml-pipeline/venv/lib/python3.11/site-packages/airflow/example_dags/example_params_ui_tutorial.py
[2026-05-24T15:13:38.365+0000] {processor.py:840} INFO - DAG(s) 'example_params_ui_tutorial' retrieved from /home/varn1t/ml-pipeline/venv/lib/python3.11/site-packages/airflow/example_dags/example_params_ui_tutorial.py
[2026-05-24T15:13:38.393+0000] {logging_mixin.py:188} INFO - [2026-05-24T15:13:38.393+0000] {dag.py:3096} INFO - Sync 1 DAGs
[2026-05-24T15:13:38.402+0000] {logging_mixin.py:188} INFO - [2026-05-24T15:13:38.402+0000] {dag.py:3954} INFO - Setting next_dagrun for example_params_ui_tutorial to None, run_after=None
[2026-05-24T15:13:38.418+0000] {processor.py:183} INFO - Processing /home/varn1t/ml-pipeline/venv/lib/python3.11/site-packages/airflow/example_dags/example_params_ui_tutorial.py took 0.072 seconds
[2026-05-24T15:14:37.081+0000] {processor.py:161} INFO - Started process (PID=36723) to work on /home/varn1t/ml-pipeline/venv/lib/python3.11/site-packages/airflow/example_dags/example_params_ui_tutorial.py
[2026-05-24T15:14:37.082+0000] {processor.py:830} INFO - Processing file /home/varn1t/ml-pipeline/venv/lib/python3.11/site-packages/airflow/example_dags/example_params_ui_tutorial.py for tasks to queue
[2026-05-24T15:14:37.083+0000] {logging_mixin.py:188} INFO - [2026-05-24T15:14:37.083+0000] {dagbag.py:545} INFO - Filling up the DagBag from /home/varn1t/ml-pipeline/venv/lib/python3.11/site-packages/airflow/example_dags/example_params_ui_tutorial.py
[2026-05-24T15:14:37.091+0000] {processor.py:840} INFO - DAG(s) 'example_params_ui_tutorial' retrieved from /home/varn1t/ml-pipeline/venv/lib/python3.11/site-packages/airflow/example_dags/example_params_ui_tutorial.py
[2026-05-24T15:14:37.120+0000] {logging_mixin.py:188} INFO - [2026-05-24T15:14:37.120+0000] {dag.py:3096} INFO - Sync 1 DAGs
[2026-05-24T15:14:37.129+0000] {logging_mixin.py:188} INFO - [2026-05-24T15:14:37.129+0000] {dag.py:3954} INFO - Setting next_dagrun for example_params_ui_tutorial to None, run_after=None
[2026-05-24T15:14:37.147+0000] {processor.py:183} INFO - Processing /home/varn1t/ml-pipeline/venv/lib/python3.11/site-packages/airflow/example_dags/example_params_ui_tutorial.py took 0.073 seconds
[2026-05-24T15:15:36.577+0000] {processor.py:161} INFO - Started process (PID=36994) to work on /home/varn1t/ml-pipeline/venv/lib/python3.11/site-packages/airflow/example_dags/example_params_ui_tutorial.py
[2026-05-24T15:15:36.578+0000] {processor.py:830} INFO - Processing file /home/varn1t/ml-pipeline/venv/lib/python3.11/site-packages/airflow/example_dags/example_params_ui_tutorial.py for tasks to queue
[2026-05-24T15:15:36.579+0000] {logging_mixin.py:188} INFO - [2026-05-24T15:15:36.579+0000] {dagbag.py:545} INFO - Filling up the DagBag from /home/varn1t/ml-pipeline/venv/lib/python3.11/site-packages/airflow/example_dags/example_params_ui_tutorial.py
[2026-05-24T15:15:36.589+0000] {processor.py:840} INFO - DAG(s) 'example_params_ui_tutorial' retrieved from /home/varn1t/ml-pipeline/venv/lib/python3.11/site-packages/airflow/example_dags/example_params_ui_tutorial.py
[2026-05-24T15:15:36.617+0000] {logging_mixin.py:188} INFO - [2026-05-24T15:15:36.617+0000] {dag.py:3096} INFO - Sync 1 DAGs
[2026-05-24T15:15:36.630+0000] {logging_mixin.py:188} INFO - [2026-05-24T15:15:36.629+0000] {dag.py:3954} INFO - Setting next_dagrun for example_params_ui_tutorial to None, run_after=None
[2026-05-24T15:15:36.646+0000] {processor.py:183} INFO - Processing /home/varn1t/ml-pipeline/venv/lib/python3.11/site-packages/airflow/example_dags/example_params_ui_tutorial.py took 0.076 seconds
[2026-05-24T15:16:34.781+0000] {processor.py:161} INFO - Started process (PID=37250) to work on /home/varn1t/ml-pipeline/venv/lib/python3.11/site-packages/airflow/example_dags/example_params_ui_tutorial.py
[2026-05-24T15:16:34.783+0000] {processor.py:830} INFO - Processing file /home/varn1t/ml-pipeline/venv/lib/python3.11/site-packages/airflow/example_dags/example_params_ui_tutorial.py for tasks to queue
[2026-05-24T15:16:34.784+0000] {logging_mixin.py:188} INFO - [2026-05-24T15:16:34.783+0000] {dagbag.py:545} INFO - Filling up the DagBag from /home/varn1t/ml-pipeline/venv/lib/python3.11/site-packages/airflow/example_dags/example_params_ui_tutorial.py
[2026-05-24T15:16:34.792+0000] {processor.py:840} INFO - DAG(s) 'example_params_ui_tutorial' retrieved from /home/varn1t/ml-pipeline/venv/lib/python3.11/site-packages/airflow/example_dags/example_params_ui_tutorial.py
[2026-05-24T15:16:34.818+0000] {logging_mixin.py:188} INFO - [2026-05-24T15:16:34.818+0000] {dag.py:3096} INFO - Sync 1 DAGs
[2026-05-24T15:16:34.824+0000] {logging_mixin.py:188} INFO - [2026-05-24T15:16:34.824+0000] {dag.py:3954} INFO - Setting next_dagrun for example_params_ui_tutorial to None, run_after=None
[2026-05-24T15:16:34.837+0000] {processor.py:183} INFO - Processing /home/varn1t/ml-pipeline/venv/lib/python3.11/site-packages/airflow/example_dags/example_params_ui_tutorial.py took 0.063 seconds
[2026-05-24T15:17:34.622+0000] {processor.py:161} INFO - Started process (PID=37676) to work on /home/varn1t/ml-pipeline/venv/lib/python3.11/site-packages/airflow/example_dags/example_params_ui_tutorial.py
[2026-05-24T15:17:34.623+0000] {processor.py:830} INFO - Processing file /home/varn1t/ml-pipeline/venv/lib/python3.11/site-packages/airflow/example_dags/example_params_ui_tutorial.py for tasks to queue
[2026-05-24T15:17:34.624+0000] {logging_mixin.py:188} INFO - [2026-05-24T15:17:34.624+0000] {dagbag.py:545} INFO - Filling up the DagBag from /home/varn1t/ml-pipeline/venv/lib/python3.11/site-packages/airflow/example_dags/example_params_ui_tutorial.py
[2026-05-24T15:17:34.632+0000] {processor.py:840} INFO - DAG(s) 'example_params_ui_tutorial' retrieved from /home/varn1t/ml-pipeline/venv/lib/python3.11/site-packages/airflow/example_dags/example_params_ui_tutorial.py
[2026-05-24T15:17:34.663+0000] {logging_mixin.py:188} INFO - [2026-05-24T15:17:34.663+0000] {dag.py:3096} INFO - Sync 1 DAGs
[2026-05-24T15:17:34.672+0000] {logging_mixin.py:188} INFO - [2026-05-24T15:17:34.672+0000] {dag.py:3954} INFO - Setting next_dagrun for example_params_ui_tutorial to None, run_after=None
[2026-05-24T15:17:34.690+0000] {processor.py:183} INFO - Processing /home/varn1t/ml-pipeline/venv/lib/python3.11/site-packages/airflow/example_dags/example_params_ui_tutorial.py took 0.075 seconds
[2026-05-24T15:18:33.631+0000] {processor.py:161} INFO - Started process (PID=38175) to work on /home/varn1t/ml-pipeline/venv/lib/python3.11/site-packages/airflow/example_dags/example_params_ui_tutorial.py
[2026-05-24T15:18:33.632+0000] {processor.py:830} INFO - Processing file /home/varn1t/ml-pipeline/venv/lib/python3.11/site-packages/airflow/example_dags/example_params_ui_tutorial.py for tasks to queue
[2026-05-24T15:18:33.633+0000] {logging_mixin.py:188} INFO - [2026-05-24T15:18:33.633+0000] {dagbag.py:545} INFO - Filling up the DagBag from /home/varn1t/ml-pipeline/venv/lib/python3.11/site-packages/airflow/example_dags/example_params_ui_tutorial.py
[2026-05-24T15:18:33.640+0000] {processor.py:840} INFO - DAG(s) 'example_params_ui_tutorial' retrieved from /home/varn1t/ml-pipeline/venv/lib/python3.11/site-packages/airflow/example_dags/example_params_ui_tutorial.py
[2026-05-24T15:18:33.661+0000] {logging_mixin.py:188} INFO - [2026-05-24T15:18:33.661+0000] {dag.py:3096} INFO - Sync 1 DAGs
[2026-05-24T15:18:33.667+0000] {logging_mixin.py:188} INFO - [2026-05-24T15:18:33.667+0000] {dag.py:3954} INFO - Setting next_dagrun for example_params_ui_tutorial to None, run_after=None
[2026-05-24T15:18:33.680+0000] {processor.py:183} INFO - Processing /home/varn1t/ml-pipeline/venv/lib/python3.11/site-packages/airflow/example_dags/example_params_ui_tutorial.py took 0.054 seconds
[2026-05-24T15:19:35.341+0000] {processor.py:161} INFO - Started process (PID=38797) to work on /home/varn1t/ml-pipeline/venv/lib/python3.11/site-packages/airflow/example_dags/example_params_ui_tutorial.py
[2026-05-24T15:19:35.342+0000] {processor.py:830} INFO - Processing file /home/varn1t/ml-pipeline/venv/lib/python3.11/site-packages/airflow/example_dags/example_params_ui_tutorial.py for tasks to queue
[2026-05-24T15:19:35.343+0000] {logging_mixin.py:188} INFO - [2026-05-24T15:19:35.342+0000] {dagbag.py:545} INFO - Filling up the DagBag from /home/varn1t/ml-pipeline/venv/lib/python3.11/site-packages/airflow/example_dags/example_params_ui_tutorial.py
[2026-05-24T15:19:35.350+0000] {processor.py:840} INFO - DAG(s) 'example_params_ui_tutorial' retrieved from /home/varn1t/ml-pipeline/venv/lib/python3.11/site-packages/airflow/example_dags/example_params_ui_tutorial.py
[2026-05-24T15:19:35.373+0000] {logging_mixin.py:188} INFO - [2026-05-24T15:19:35.372+0000] {dag.py:3096} INFO - Sync 1 DAGs
[2026-05-24T15:19:35.380+0000] {logging_mixin.py:188} INFO - [2026-05-24T15:19:35.380+0000] {dag.py:3954} INFO - Setting next_dagrun for example_params_ui_tutorial to None, run_after=None
[2026-05-24T15:19:35.397+0000] {processor.py:183} INFO - Processing /home/varn1t/ml-pipeline/venv/lib/python3.11/site-packages/airflow/example_dags/example_params_ui_tutorial.py took 0.063 seconds
[2026-05-24T15:20:37.753+0000] {processor.py:161} INFO - Started process (PID=39073) to work on /home/varn1t/ml-pipeline/venv/lib/python3.11/site-packages/airflow/example_dags/example_params_ui_tutorial.py
[2026-05-24T15:20:37.754+0000] {processor.py:830} INFO - Processing file /home/varn1t/ml-pipeline/venv/lib/python3.11/site-packages/airflow/example_dags/example_params_ui_tutorial.py for tasks to queue
[2026-05-24T15:20:37.755+0000] {logging_mixin.py:188} INFO - [2026-05-24T15:20:37.755+0000] {dagbag.py:545} INFO - Filling up the DagBag from /home/varn1t/ml-pipeline/venv/lib/python3.11/site-packages/airflow/example_dags/example_params_ui_tutorial.py
[2026-05-24T15:20:37.763+0000] {processor.py:840} INFO - DAG(s) 'example_params_ui_tutorial' retrieved from /home/varn1t/ml-pipeline/venv/lib/python3.11/site-packages/airflow/example_dags/example_params_ui_tutorial.py
[2026-05-24T15:20:37.785+0000] {logging_mixin.py:188} INFO - [2026-05-24T15:20:37.785+0000] {dag.py:3096} INFO - Sync 1 DAGs
[2026-05-24T15:20:37.791+0000] {logging_mixin.py:188} INFO - [2026-05-24T15:20:37.791+0000] {dag.py:3954} INFO - Setting next_dagrun for example_params_ui_tutorial to None, run_after=None
[2026-05-24T15:20:37.805+0000] {processor.py:183} INFO - Processing /home/varn1t/ml-pipeline/venv/lib/python3.11/site-packages/airflow/example_dags/example_params_ui_tutorial.py took 0.058 seconds
[2026-05-24T15:21:39.769+0000] {processor.py:161} INFO - Started process (PID=39361) to work on /home/varn1t/ml-pipeline/venv/lib/python3.11/site-packages/airflow/example_dags/example_params_ui_tutorial.py
[2026-05-24T15:21:39.770+0000] {processor.py:830} INFO - Processing file /home/varn1t/ml-pipeline/venv/lib/python3.11/site-packages/airflow/example_dags/example_params_ui_tutorial.py for tasks to queue
[2026-05-24T15:21:39.771+0000] {logging_mixin.py:188} INFO - [2026-05-24T15:21:39.771+0000] {dagbag.py:545} INFO - Filling up the DagBag from /home/varn1t/ml-pipeline/venv/lib/python3.11/site-packages/airflow/example_dags/example_params_ui_tutorial.py
[2026-05-24T15:21:39.779+0000] {processor.py:840} INFO - DAG(s) 'example_params_ui_tutorial' retrieved from /home/varn1t/ml-pipeline/venv/lib/python3.11/site-packages/airflow/example_dags/example_params_ui_tutorial.py
[2026-05-24T15:21:39.803+0000] {logging_mixin.py:188} INFO - [2026-05-24T15:21:39.803+0000] {dag.py:3096} INFO - Sync 1 DAGs
[2026-05-24T15:21:39.811+0000] {logging_mixin.py:188} INFO - [2026-05-24T15:21:39.811+0000] {dag.py:3954} INFO - Setting next_dagrun for example_params_ui_tutorial to None, run_after=None
[2026-05-24T15:21:39.828+0000] {processor.py:183} INFO - Processing /home/varn1t/ml-pipeline/venv/lib/python3.11/site-packages/airflow/example_dags/example_params_ui_tutorial.py took 0.065 seconds
[2026-05-24T15:22:39.378+0000] {processor.py:161} INFO - Started process (PID=39860) to work on /home/varn1t/ml-pipeline/venv/lib/python3.11/site-packages/airflow/example_dags/example_params_ui_tutorial.py
[2026-05-24T15:22:39.379+0000] {processor.py:830} INFO - Processing file /home/varn1t/ml-pipeline/venv/lib/python3.11/site-packages/airflow/example_dags/example_params_ui_tutorial.py for tasks to queue
[2026-05-24T15:22:39.380+0000] {logging_mixin.py:188} INFO - [2026-05-24T15:22:39.379+0000] {dagbag.py:545} INFO - Filling up the DagBag from /home/varn1t/ml-pipeline/venv/lib/python3.11/site-packages/airflow/example_dags/example_params_ui_tutorial.py
[2026-05-24T15:22:39.389+0000] {processor.py:840} INFO - DAG(s) 'example_params_ui_tutorial' retrieved from /home/varn1t/ml-pipeline/venv/lib/python3.11/site-packages/airflow/example_dags/example_params_ui_tutorial.py
[2026-05-24T15:22:39.413+0000] {logging_mixin.py:188} INFO - [2026-05-24T15:22:39.413+0000] {dag.py:3096} INFO - Sync 1 DAGs
[2026-05-24T15:22:39.422+0000] {logging_mixin.py:188} INFO - [2026-05-24T15:22:39.422+0000] {dag.py:3954} INFO - Setting next_dagrun for example_params_ui_tutorial to None, run_after=None
[2026-05-24T15:22:39.439+0000] {processor.py:183} INFO - Processing /home/varn1t/ml-pipeline/venv/lib/python3.11/site-packages/airflow/example_dags/example_params_ui_tutorial.py took 0.067 seconds
[2026-05-24T15:23:42.423+0000] {processor.py:161} INFO - Started process (PID=40424) to work on /home/varn1t/ml-pipeline/venv/lib/python3.11/site-packages/airflow/example_dags/example_params_ui_tutorial.py
[2026-05-24T15:23:42.424+0000] {processor.py:830} INFO - Processing file /home/varn1t/ml-pipeline/venv/lib/python3.11/site-packages/airflow/example_dags/example_params_ui_tutorial.py for tasks to queue
[2026-05-24T15:23:42.425+0000] {logging_mixin.py:188} INFO - [2026-05-24T15:23:42.425+0000] {dagbag.py:545} INFO - Filling up the DagBag from /home/varn1t/ml-pipeline/venv/lib/python3.11/site-packages/airflow/example_dags/example_params_ui_tutorial.py
[2026-05-24T15:23:42.433+0000] {processor.py:840} INFO - DAG(s) 'example_params_ui_tutorial' retrieved from /home/varn1t/ml-pipeline/venv/lib/python3.11/site-packages/airflow/example_dags/example_params_ui_tutorial.py
[2026-05-24T15:23:42.455+0000] {logging_mixin.py:188} INFO - [2026-05-24T15:23:42.455+0000] {dag.py:3096} INFO - Sync 1 DAGs
[2026-05-24T15:23:42.461+0000] {logging_mixin.py:188} INFO - [2026-05-24T15:23:42.461+0000] {dag.py:3954} INFO - Setting next_dagrun for example_params_ui_tutorial to None, run_after=None
[2026-05-24T15:23:42.475+0000] {processor.py:183} INFO - Processing /home/varn1t/ml-pipeline/venv/lib/python3.11/site-packages/airflow/example_dags/example_params_ui_tutorial.py took 0.057 seconds
[2026-05-24T15:24:45.421+0000] {processor.py:161} INFO - Started process (PID=40794) to work on /home/varn1t/ml-pipeline/venv/lib/python3.11/site-packages/airflow/example_dags/example_params_ui_tutorial.py
[2026-05-24T15:24:45.422+0000] {processor.py:830} INFO - Processing file /home/varn1t/ml-pipeline/venv/lib/python3.11/site-packages/airflow/example_dags/example_params_ui_tutorial.py for tasks to queue
[2026-05-24T15:24:45.423+0000] {logging_mixin.py:188} INFO - [2026-05-24T15:24:45.422+0000] {dagbag.py:545} INFO - Filling up the DagBag from /home/varn1t/ml-pipeline/venv/lib/python3.11/site-packages/airflow/example_dags/example_params_ui_tutorial.py
[2026-05-24T15:24:45.431+0000] {processor.py:840} INFO - DAG(s) 'example_params_ui_tutorial' retrieved from /home/varn1t/ml-pipeline/venv/lib/python3.11/site-packages/airflow/example_dags/example_params_ui_tutorial.py
[2026-05-24T15:24:45.455+0000] {logging_mixin.py:188} INFO - [2026-05-24T15:24:45.454+0000] {dag.py:3096} INFO - Sync 1 DAGs
[2026-05-24T15:24:45.464+0000] {logging_mixin.py:188} INFO - [2026-05-24T15:24:45.464+0000] {dag.py:3954} INFO - Setting next_dagrun for example_params_ui_tutorial to None, run_after=None
[2026-05-24T15:24:45.480+0000] {processor.py:183} INFO - Processing /home/varn1t/ml-pipeline/venv/lib/python3.11/site-packages/airflow/example_dags/example_params_ui_tutorial.py took 0.064 seconds
[2026-05-24T15:26:24.184+0000] {processor.py:161} INFO - Started process (PID=42447) to work on /home/varn1t/ml-pipeline/venv/lib/python3.11/site-packages/airflow/example_dags/example_params_ui_tutorial.py
[2026-05-24T15:26:24.184+0000] {processor.py:830} INFO - Processing file /home/varn1t/ml-pipeline/venv/lib/python3.11/site-packages/airflow/example_dags/example_params_ui_tutorial.py for tasks to queue
[2026-05-24T15:26:24.185+0000] {logging_mixin.py:188} INFO - [2026-05-24T15:26:24.185+0000] {dagbag.py:545} INFO - Filling up the DagBag from /home/varn1t/ml-pipeline/venv/lib/python3.11/site-packages/airflow/example_dags/example_params_ui_tutorial.py
[2026-05-24T15:26:24.194+0000] {processor.py:840} INFO - DAG(s) 'example_params_ui_tutorial' retrieved from /home/varn1t/ml-pipeline/venv/lib/python3.11/site-packages/airflow/example_dags/example_params_ui_tutorial.py
[2026-05-24T15:26:24.219+0000] {logging_mixin.py:188} INFO - [2026-05-24T15:26:24.219+0000] {dag.py:3096} INFO - Sync 1 DAGs
[2026-05-24T15:26:24.227+0000] {logging_mixin.py:188} INFO - [2026-05-24T15:26:24.227+0000] {dag.py:3954} INFO - Setting next_dagrun for example_params_ui_tutorial to None, run_after=None
[2026-05-24T15:26:24.242+0000] {processor.py:183} INFO - Processing /home/varn1t/ml-pipeline/venv/lib/python3.11/site-packages/airflow/example_dags/example_params_ui_tutorial.py took 0.064 seconds
[2026-05-24T15:27:27.464+0000] {processor.py:161} INFO - Started process (PID=42851) to work on /home/varn1t/ml-pipeline/venv/lib/python3.11/site-packages/airflow/example_dags/example_params_ui_tutorial.py
[2026-05-24T15:27:27.465+0000] {processor.py:830} INFO - Processing file /home/varn1t/ml-pipeline/venv/lib/python3.11/site-packages/airflow/example_dags/example_params_ui_tutorial.py for tasks to queue
[2026-05-24T15:27:27.465+0000] {logging_mixin.py:188} INFO - [2026-05-24T15:27:27.465+0000] {dagbag.py:545} INFO - Filling up the DagBag from /home/varn1t/ml-pipeline/venv/lib/python3.11/site-packages/airflow/example_dags/example_params_ui_tutorial.py
[2026-05-24T15:27:27.473+0000] {processor.py:840} INFO - DAG(s) 'example_params_ui_tutorial' retrieved from /home/varn1t/ml-pipeline/venv/lib/python3.11/site-packages/airflow/example_dags/example_params_ui_tutorial.py
[2026-05-24T15:27:27.496+0000] {logging_mixin.py:188} INFO - [2026-05-24T15:27:27.496+0000] {dag.py:3096} INFO - Sync 1 DAGs
[2026-05-24T15:27:27.504+0000] {logging_mixin.py:188} INFO - [2026-05-24T15:27:27.503+0000] {dag.py:3954} INFO - Setting next_dagrun for example_params_ui_tutorial to None, run_after=None
[2026-05-24T15:27:27.520+0000] {processor.py:183} INFO - Processing /home/varn1t/ml-pipeline/venv/lib/python3.11/site-packages/airflow/example_dags/example_params_ui_tutorial.py took 0.062 seconds
[2026-05-24T15:29:02.185+0000] {processor.py:161} INFO - Started process (PID=43729) to work on /home/varn1t/ml-pipeline/venv/lib/python3.11/site-packages/airflow/example_dags/example_params_ui_tutorial.py
[2026-05-24T15:29:02.186+0000] {processor.py:830} INFO - Processing file /home/varn1t/ml-pipeline/venv/lib/python3.11/site-packages/airflow/example_dags/example_params_ui_tutorial.py for tasks to queue
[2026-05-24T15:29:02.187+0000] {logging_mixin.py:188} INFO - [2026-05-24T15:29:02.187+0000] {dagbag.py:545} INFO - Filling up the DagBag from /home/varn1t/ml-pipeline/venv/lib/python3.11/site-packages/airflow/example_dags/example_params_ui_tutorial.py
[2026-05-24T15:29:02.196+0000] {processor.py:840} INFO - DAG(s) 'example_params_ui_tutorial' retrieved from /home/varn1t/ml-pipeline/venv/lib/python3.11/site-packages/airflow/example_dags/example_params_ui_tutorial.py
[2026-05-24T15:29:02.220+0000] {logging_mixin.py:188} INFO - [2026-05-24T15:29:02.220+0000] {dag.py:3096} INFO - Sync 1 DAGs
[2026-05-24T15:29:02.226+0000] {logging_mixin.py:188} INFO - [2026-05-24T15:29:02.226+0000] {dag.py:3954} INFO - Setting next_dagrun for example_params_ui_tutorial to None, run_after=None
[2026-05-24T15:29:02.240+0000] {processor.py:183} INFO - Processing /home/varn1t/ml-pipeline/venv/lib/python3.11/site-packages/airflow/example_dags/example_params_ui_tutorial.py took 0.061 seconds
[2026-05-24T15:30:05.497+0000] {processor.py:161} INFO - Started process (PID=44100) to work on /home/varn1t/ml-pipeline/venv/lib/python3.11/site-packages/airflow/example_dags/example_params_ui_tutorial.py
[2026-05-24T15:30:05.498+0000] {processor.py:830} INFO - Processing file /home/varn1t/ml-pipeline/venv/lib/python3.11/site-packages/airflow/example_dags/example_params_ui_tutorial.py for tasks to queue
[2026-05-24T15:30:05.499+0000] {logging_mixin.py:188} INFO - [2026-05-24T15:30:05.498+0000] {dagbag.py:545} INFO - Filling up the DagBag from /home/varn1t/ml-pipeline/venv/lib/python3.11/site-packages/airflow/example_dags/example_params_ui_tutorial.py
[2026-05-24T15:30:05.507+0000] {processor.py:840} INFO - DAG(s) 'example_params_ui_tutorial' retrieved from /home/varn1t/ml-pipeline/venv/lib/python3.11/site-packages/airflow/example_dags/example_params_ui_tutorial.py
[2026-05-24T15:30:05.529+0000] {logging_mixin.py:188} INFO - [2026-05-24T15:30:05.529+0000] {dag.py:3096} INFO - Sync 1 DAGs
[2026-05-24T15:30:05.537+0000] {logging_mixin.py:188} INFO - [2026-05-24T15:30:05.537+0000] {dag.py:3954} INFO - Setting next_dagrun for example_params_ui_tutorial to None, run_after=None
[2026-05-24T15:30:05.552+0000] {processor.py:183} INFO - Processing /home/varn1t/ml-pipeline/venv/lib/python3.11/site-packages/airflow/example_dags/example_params_ui_tutorial.py took 0.061 seconds
[2026-05-24T15:30:58.686+0000] {processor.py:161} INFO - Started process (PID=44736) to work on /home/varn1t/ml-pipeline/venv/lib/python3.11/site-packages/airflow/example_dags/example_params_ui_tutorial.py
[2026-05-24T15:30:58.687+0000] {processor.py:830} INFO - Processing file /home/varn1t/ml-pipeline/venv/lib/python3.11/site-packages/airflow/example_dags/example_params_ui_tutorial.py for tasks to queue
[2026-05-24T15:30:58.688+0000] {logging_mixin.py:188} INFO - [2026-05-24T15:30:58.688+0000] {dagbag.py:545} INFO - Filling up the DagBag from /home/varn1t/ml-pipeline/venv/lib/python3.11/site-packages/airflow/example_dags/example_params_ui_tutorial.py
[2026-05-24T15:30:58.696+0000] {processor.py:840} INFO - DAG(s) 'example_params_ui_tutorial' retrieved from /home/varn1t/ml-pipeline/venv/lib/python3.11/site-packages/airflow/example_dags/example_params_ui_tutorial.py
[2026-05-24T15:30:58.720+0000] {logging_mixin.py:188} INFO - [2026-05-24T15:30:58.720+0000] {dag.py:3096} INFO - Sync 1 DAGs
[2026-05-24T15:30:58.729+0000] {logging_mixin.py:188} INFO - [2026-05-24T15:30:58.729+0000] {dag.py:3954} INFO - Setting next_dagrun for example_params_ui_tutorial to None, run_after=None
[2026-05-24T15:30:58.745+0000] {processor.py:183} INFO - Processing /home/varn1t/ml-pipeline/venv/lib/python3.11/site-packages/airflow/example_dags/example_params_ui_tutorial.py took 0.065 seconds
[2026-05-24T15:32:00.667+0000] {processor.py:161} INFO - Started process (PID=45453) to work on /home/varn1t/ml-pipeline/venv/lib/python3.11/site-packages/airflow/example_dags/example_params_ui_tutorial.py
[2026-05-24T15:32:00.668+0000] {processor.py:830} INFO - Processing file /home/varn1t/ml-pipeline/venv/lib/python3.11/site-packages/airflow/example_dags/example_params_ui_tutorial.py for tasks to queue
[2026-05-24T15:32:00.668+0000] {logging_mixin.py:188} INFO - [2026-05-24T15:32:00.668+0000] {dagbag.py:545} INFO - Filling up the DagBag from /home/varn1t/ml-pipeline/venv/lib/python3.11/site-packages/airflow/example_dags/example_params_ui_tutorial.py
[2026-05-24T15:32:00.676+0000] {processor.py:840} INFO - DAG(s) 'example_params_ui_tutorial' retrieved from /home/varn1t/ml-pipeline/venv/lib/python3.11/site-packages/airflow/example_dags/example_params_ui_tutorial.py
[2026-05-24T15:32:00.700+0000] {logging_mixin.py:188} INFO - [2026-05-24T15:32:00.700+0000] {dag.py:3096} INFO - Sync 1 DAGs
[2026-05-24T15:32:00.708+0000] {logging_mixin.py:188} INFO - [2026-05-24T15:32:00.707+0000] {dag.py:3954} INFO - Setting next_dagrun for example_params_ui_tutorial to None, run_after=None
[2026-05-24T15:32:00.724+0000] {processor.py:183} INFO - Processing /home/varn1t/ml-pipeline/venv/lib/python3.11/site-packages/airflow/example_dags/example_params_ui_tutorial.py took 0.065 seconds
[2026-05-24T15:33:09.354+0000] {processor.py:161} INFO - Started process (PID=45818) to work on /home/varn1t/ml-pipeline/venv/lib/python3.11/site-packages/airflow/example_dags/example_params_ui_tutorial.py
[2026-05-24T15:33:09.355+0000] {processor.py:830} INFO - Processing file /home/varn1t/ml-pipeline/venv/lib/python3.11/site-packages/airflow/example_dags/example_params_ui_tutorial.py for tasks to queue
[2026-05-24T15:33:09.356+0000] {logging_mixin.py:188} INFO - [2026-05-24T15:33:09.355+0000] {dagbag.py:545} INFO - Filling up the DagBag from /home/varn1t/ml-pipeline/venv/lib/python3.11/site-packages/airflow/example_dags/example_params_ui_tutorial.py
[2026-05-24T15:33:09.363+0000] {processor.py:840} INFO - DAG(s) 'example_params_ui_tutorial' retrieved from /home/varn1t/ml-pipeline/venv/lib/python3.11/site-packages/airflow/example_dags/example_params_ui_tutorial.py
[2026-05-24T15:33:09.388+0000] {logging_mixin.py:188} INFO - [2026-05-24T15:33:09.387+0000] {dag.py:3096} INFO - Sync 1 DAGs
[2026-05-24T15:33:09.394+0000] {logging_mixin.py:188} INFO - [2026-05-24T15:33:09.393+0000] {dag.py:3954} INFO - Setting next_dagrun for example_params_ui_tutorial to None, run_after=None
[2026-05-24T15:33:09.407+0000] {processor.py:183} INFO - Processing /home/varn1t/ml-pipeline/venv/lib/python3.11/site-packages/airflow/example_dags/example_params_ui_tutorial.py took 0.058 seconds
[2026-05-24T15:34:14.607+0000] {processor.py:161} INFO - Started process (PID=46160) to work on /home/varn1t/ml-pipeline/venv/lib/python3.11/site-packages/airflow/example_dags/example_params_ui_tutorial.py
[2026-05-24T15:34:14.608+0000] {processor.py:830} INFO - Processing file /home/varn1t/ml-pipeline/venv/lib/python3.11/site-packages/airflow/example_dags/example_params_ui_tutorial.py for tasks to queue
[2026-05-24T15:34:14.609+0000] {logging_mixin.py:188} INFO - [2026-05-24T15:34:14.608+0000] {dagbag.py:545} INFO - Filling up the DagBag from /home/varn1t/ml-pipeline/venv/lib/python3.11/site-packages/airflow/example_dags/example_params_ui_tutorial.py
[2026-05-24T15:34:14.617+0000] {processor.py:840} INFO - DAG(s) 'example_params_ui_tutorial' retrieved from /home/varn1t/ml-pipeline/venv/lib/python3.11/site-packages/airflow/example_dags/example_params_ui_tutorial.py
[2026-05-24T15:34:14.642+0000] {logging_mixin.py:188} INFO - [2026-05-24T15:34:14.642+0000] {dag.py:3096} INFO - Sync 1 DAGs
[2026-05-24T15:34:14.649+0000] {logging_mixin.py:188} INFO - [2026-05-24T15:34:14.649+0000] {dag.py:3954} INFO - Setting next_dagrun for example_params_ui_tutorial to None, run_after=None
[2026-05-24T15:34:14.670+0000] {processor.py:183} INFO - Processing /home/varn1t/ml-pipeline/venv/lib/python3.11/site-packages/airflow/example_dags/example_params_ui_tutorial.py took 0.069 seconds
[2026-05-24T15:42:13.814+0000] {processor.py:161} INFO - Started process (PID=2451) to work on /home/varn1t/ml-pipeline/venv/lib/python3.11/site-packages/airflow/example_dags/example_params_ui_tutorial.py
[2026-05-24T15:42:13.815+0000] {processor.py:830} INFO - Processing file /home/varn1t/ml-pipeline/venv/lib/python3.11/site-packages/airflow/example_dags/example_params_ui_tutorial.py for tasks to queue
[2026-05-24T15:42:13.816+0000] {logging_mixin.py:188} INFO - [2026-05-24T15:42:13.816+0000] {dagbag.py:545} INFO - Filling up the DagBag from /home/varn1t/ml-pipeline/venv/lib/python3.11/site-packages/airflow/example_dags/example_params_ui_tutorial.py
[2026-05-24T15:42:13.828+0000] {processor.py:840} INFO - DAG(s) 'example_params_ui_tutorial' retrieved from /home/varn1t/ml-pipeline/venv/lib/python3.11/site-packages/airflow/example_dags/example_params_ui_tutorial.py
[2026-05-24T15:42:13.858+0000] {logging_mixin.py:188} INFO - [2026-05-24T15:42:13.857+0000] {dag.py:3096} INFO - Sync 1 DAGs
[2026-05-24T15:42:13.867+0000] {logging_mixin.py:188} INFO - [2026-05-24T15:42:13.867+0000] {dag.py:3954} INFO - Setting next_dagrun for example_params_ui_tutorial to None, run_after=None
[2026-05-24T15:42:13.886+0000] {processor.py:183} INFO - Processing /home/varn1t/ml-pipeline/venv/lib/python3.11/site-packages/airflow/example_dags/example_params_ui_tutorial.py took 0.078 seconds
[2026-05-24T15:43:19.446+0000] {processor.py:161} INFO - Started process (PID=2756) to work on /home/varn1t/ml-pipeline/venv/lib/python3.11/site-packages/airflow/example_dags/example_params_ui_tutorial.py
[2026-05-24T15:43:19.447+0000] {processor.py:830} INFO - Processing file /home/varn1t/ml-pipeline/venv/lib/python3.11/site-packages/airflow/example_dags/example_params_ui_tutorial.py for tasks to queue
[2026-05-24T15:43:19.449+0000] {logging_mixin.py:188} INFO - [2026-05-24T15:43:19.449+0000] {dagbag.py:545} INFO - Filling up the DagBag from /home/varn1t/ml-pipeline/venv/lib/python3.11/site-packages/airflow/example_dags/example_params_ui_tutorial.py
[2026-05-24T15:43:19.458+0000] {processor.py:840} INFO - DAG(s) 'example_params_ui_tutorial' retrieved from /home/varn1t/ml-pipeline/venv/lib/python3.11/site-packages/airflow/example_dags/example_params_ui_tutorial.py
[2026-05-24T15:43:19.481+0000] {logging_mixin.py:188} INFO - [2026-05-24T15:43:19.480+0000] {dag.py:3096} INFO - Sync 1 DAGs
[2026-05-24T15:43:19.579+0000] {logging_mixin.py:188} INFO - [2026-05-24T15:43:19.579+0000] {dag.py:3954} INFO - Setting next_dagrun for example_params_ui_tutorial to None, run_after=None
[2026-05-24T15:43:19.595+0000] {processor.py:183} INFO - Processing /home/varn1t/ml-pipeline/venv/lib/python3.11/site-packages/airflow/example_dags/example_params_ui_tutorial.py took 0.153 seconds
[2026-05-24T15:44:13.907+0000] {processor.py:161} INFO - Started process (PID=3056) to work on /home/varn1t/ml-pipeline/venv/lib/python3.11/site-packages/airflow/example_dags/example_params_ui_tutorial.py
[2026-05-24T15:44:13.908+0000] {processor.py:830} INFO - Processing file /home/varn1t/ml-pipeline/venv/lib/python3.11/site-packages/airflow/example_dags/example_params_ui_tutorial.py for tasks to queue
[2026-05-24T15:44:13.909+0000] {logging_mixin.py:188} INFO - [2026-05-24T15:44:13.909+0000] {dagbag.py:545} INFO - Filling up the DagBag from /home/varn1t/ml-pipeline/venv/lib/python3.11/site-packages/airflow/example_dags/example_params_ui_tutorial.py
[2026-05-24T15:44:13.918+0000] {processor.py:840} INFO - DAG(s) 'example_params_ui_tutorial' retrieved from /home/varn1t/ml-pipeline/venv/lib/python3.11/site-packages/airflow/example_dags/example_params_ui_tutorial.py
[2026-05-24T15:44:13.942+0000] {logging_mixin.py:188} INFO - [2026-05-24T15:44:13.942+0000] {dag.py:3096} INFO - Sync 1 DAGs
[2026-05-24T15:44:13.948+0000] {logging_mixin.py:188} INFO - [2026-05-24T15:44:13.948+0000] {dag.py:3954} INFO - Setting next_dagrun for example_params_ui_tutorial to None, run_after=None
[2026-05-24T15:44:13.965+0000] {processor.py:183} INFO - Processing /home/varn1t/ml-pipeline/venv/lib/python3.11/site-packages/airflow/example_dags/example_params_ui_tutorial.py took 0.063 seconds
[2026-05-24T15:45:14.280+0000] {processor.py:161} INFO - Started process (PID=3502) to work on /home/varn1t/ml-pipeline/venv/lib/python3.11/site-packages/airflow/example_dags/example_params_ui_tutorial.py
[2026-05-24T15:45:14.283+0000] {processor.py:830} INFO - Processing file /home/varn1t/ml-pipeline/venv/lib/python3.11/site-packages/airflow/example_dags/example_params_ui_tutorial.py for tasks to queue
[2026-05-24T15:45:14.286+0000] {logging_mixin.py:188} INFO - [2026-05-24T15:45:14.285+0000] {dagbag.py:545} INFO - Filling up the DagBag from /home/varn1t/ml-pipeline/venv/lib/python3.11/site-packages/airflow/example_dags/example_params_ui_tutorial.py
[2026-05-24T15:45:14.306+0000] {processor.py:840} INFO - DAG(s) 'example_params_ui_tutorial' retrieved from /home/varn1t/ml-pipeline/venv/lib/python3.11/site-packages/airflow/example_dags/example_params_ui_tutorial.py
[2026-05-24T15:45:14.359+0000] {logging_mixin.py:188} INFO - [2026-05-24T15:45:14.359+0000] {dag.py:3096} INFO - Sync 1 DAGs
[2026-05-24T15:45:14.369+0000] {logging_mixin.py:188} INFO - [2026-05-24T15:45:14.369+0000] {dag.py:3954} INFO - Setting next_dagrun for example_params_ui_tutorial to None, run_after=None
[2026-05-24T15:45:14.389+0000] {processor.py:183} INFO - Processing /home/varn1t/ml-pipeline/venv/lib/python3.11/site-packages/airflow/example_dags/example_params_ui_tutorial.py took 0.118 seconds
[2026-05-24T15:46:13.007+0000] {processor.py:161} INFO - Started process (PID=3960) to work on /home/varn1t/ml-pipeline/venv/lib/python3.11/site-packages/airflow/example_dags/example_params_ui_tutorial.py
[2026-05-24T15:46:13.008+0000] {processor.py:830} INFO - Processing file /home/varn1t/ml-pipeline/venv/lib/python3.11/site-packages/airflow/example_dags/example_params_ui_tutorial.py for tasks to queue
[2026-05-24T15:46:13.011+0000] {logging_mixin.py:188} INFO - [2026-05-24T15:46:13.011+0000] {dagbag.py:545} INFO - Filling up the DagBag from /home/varn1t/ml-pipeline/venv/lib/python3.11/site-packages/airflow/example_dags/example_params_ui_tutorial.py
[2026-05-24T15:46:13.032+0000] {processor.py:840} INFO - DAG(s) 'example_params_ui_tutorial' retrieved from /home/varn1t/ml-pipeline/venv/lib/python3.11/site-packages/airflow/example_dags/example_params_ui_tutorial.py
[2026-05-24T15:46:13.127+0000] {logging_mixin.py:188} INFO - [2026-05-24T15:46:13.127+0000] {dag.py:3096} INFO - Sync 1 DAGs
[2026-05-24T15:46:13.160+0000] {logging_mixin.py:188} INFO - [2026-05-24T15:46:13.160+0000] {dag.py:3954} INFO - Setting next_dagrun for example_params_ui_tutorial to None, run_after=None
[2026-05-24T15:46:13.206+0000] {processor.py:183} INFO - Processing /home/varn1t/ml-pipeline/venv/lib/python3.11/site-packages/airflow/example_dags/example_params_ui_tutorial.py took 0.212 seconds
[2026-05-24T15:47:29.518+0000] {processor.py:161} INFO - Started process (PID=4594) to work on /home/varn1t/ml-pipeline/venv/lib/python3.11/site-packages/airflow/example_dags/example_params_ui_tutorial.py
[2026-05-24T15:47:29.519+0000] {processor.py:830} INFO - Processing file /home/varn1t/ml-pipeline/venv/lib/python3.11/site-packages/airflow/example_dags/example_params_ui_tutorial.py for tasks to queue
[2026-05-24T15:47:29.521+0000] {logging_mixin.py:188} INFO - [2026-05-24T15:47:29.521+0000] {dagbag.py:545} INFO - Filling up the DagBag from /home/varn1t/ml-pipeline/venv/lib/python3.11/site-packages/airflow/example_dags/example_params_ui_tutorial.py
[2026-05-24T15:47:29.544+0000] {processor.py:840} INFO - DAG(s) 'example_params_ui_tutorial' retrieved from /home/varn1t/ml-pipeline/venv/lib/python3.11/site-packages/airflow/example_dags/example_params_ui_tutorial.py
[2026-05-24T15:47:29.589+0000] {logging_mixin.py:188} INFO - [2026-05-24T15:47:29.589+0000] {dag.py:3096} INFO - Sync 1 DAGs
[2026-05-24T15:47:29.603+0000] {logging_mixin.py:188} INFO - [2026-05-24T15:47:29.603+0000] {dag.py:3954} INFO - Setting next_dagrun for example_params_ui_tutorial to None, run_after=None
[2026-05-24T15:47:29.632+0000] {processor.py:183} INFO - Processing /home/varn1t/ml-pipeline/venv/lib/python3.11/site-packages/airflow/example_dags/example_params_ui_tutorial.py took 0.124 seconds
[2026-05-24T15:48:23.505+0000] {processor.py:161} INFO - Started process (PID=5019) to work on /home/varn1t/ml-pipeline/venv/lib/python3.11/site-packages/airflow/example_dags/example_params_ui_tutorial.py
[2026-05-24T15:48:23.506+0000] {processor.py:830} INFO - Processing file /home/varn1t/ml-pipeline/venv/lib/python3.11/site-packages/airflow/example_dags/example_params_ui_tutorial.py for tasks to queue
[2026-05-24T15:48:23.508+0000] {logging_mixin.py:188} INFO - [2026-05-24T15:48:23.508+0000] {dagbag.py:545} INFO - Filling up the DagBag from /home/varn1t/ml-pipeline/venv/lib/python3.11/site-packages/airflow/example_dags/example_params_ui_tutorial.py
[2026-05-24T15:48:23.517+0000] {processor.py:840} INFO - DAG(s) 'example_params_ui_tutorial' retrieved from /home/varn1t/ml-pipeline/venv/lib/python3.11/site-packages/airflow/example_dags/example_params_ui_tutorial.py
[2026-05-24T15:48:23.559+0000] {logging_mixin.py:188} INFO - [2026-05-24T15:48:23.559+0000] {dag.py:3096} INFO - Sync 1 DAGs
[2026-05-24T15:48:23.573+0000] {logging_mixin.py:188} INFO - [2026-05-24T15:48:23.573+0000] {dag.py:3954} INFO - Setting next_dagrun for example_params_ui_tutorial to None, run_after=None
[2026-05-24T15:48:23.598+0000] {processor.py:183} INFO - Processing /home/varn1t/ml-pipeline/venv/lib/python3.11/site-packages/airflow/example_dags/example_params_ui_tutorial.py took 0.099 seconds
[2026-05-24T15:49:33.076+0000] {processor.py:161} INFO - Started process (PID=5529) to work on /home/varn1t/ml-pipeline/venv/lib/python3.11/site-packages/airflow/example_dags/example_params_ui_tutorial.py
[2026-05-24T15:49:33.077+0000] {processor.py:830} INFO - Processing file /home/varn1t/ml-pipeline/venv/lib/python3.11/site-packages/airflow/example_dags/example_params_ui_tutorial.py for tasks to queue
[2026-05-24T15:49:33.078+0000] {logging_mixin.py:188} INFO - [2026-05-24T15:49:33.078+0000] {dagbag.py:545} INFO - Filling up the DagBag from /home/varn1t/ml-pipeline/venv/lib/python3.11/site-packages/airflow/example_dags/example_params_ui_tutorial.py
[2026-05-24T15:49:33.090+0000] {processor.py:840} INFO - DAG(s) 'example_params_ui_tutorial' retrieved from /home/varn1t/ml-pipeline/venv/lib/python3.11/site-packages/airflow/example_dags/example_params_ui_tutorial.py
[2026-05-24T15:49:33.120+0000] {logging_mixin.py:188} INFO - [2026-05-24T15:49:33.120+0000] {dag.py:3096} INFO - Sync 1 DAGs
[2026-05-24T15:49:33.129+0000] {logging_mixin.py:188} INFO - [2026-05-24T15:49:33.128+0000] {dag.py:3954} INFO - Setting next_dagrun for example_params_ui_tutorial to None, run_after=None
[2026-05-24T15:49:33.150+0000] {processor.py:183} INFO - Processing /home/varn1t/ml-pipeline/venv/lib/python3.11/site-packages/airflow/example_dags/example_params_ui_tutorial.py took 0.078 seconds
[2026-05-24T15:50:35.870+0000] {processor.py:161} INFO - Started process (PID=6103) to work on /home/varn1t/ml-pipeline/venv/lib/python3.11/site-packages/airflow/example_dags/example_params_ui_tutorial.py
[2026-05-24T15:50:35.871+0000] {processor.py:830} INFO - Processing file /home/varn1t/ml-pipeline/venv/lib/python3.11/site-packages/airflow/example_dags/example_params_ui_tutorial.py for tasks to queue
[2026-05-24T15:50:35.873+0000] {logging_mixin.py:188} INFO - [2026-05-24T15:50:35.873+0000] {dagbag.py:545} INFO - Filling up the DagBag from /home/varn1t/ml-pipeline/venv/lib/python3.11/site-packages/airflow/example_dags/example_params_ui_tutorial.py
[2026-05-24T15:50:35.885+0000] {processor.py:840} INFO - DAG(s) 'example_params_ui_tutorial' retrieved from /home/varn1t/ml-pipeline/venv/lib/python3.11/site-packages/airflow/example_dags/example_params_ui_tutorial.py
[2026-05-24T15:50:35.919+0000] {logging_mixin.py:188} INFO - [2026-05-24T15:50:35.918+0000] {dag.py:3096} INFO - Sync 1 DAGs
[2026-05-24T15:50:35.932+0000] {logging_mixin.py:188} INFO - [2026-05-24T15:50:35.932+0000] {dag.py:3954} INFO - Setting next_dagrun for example_params_ui_tutorial to None, run_after=None
[2026-05-24T15:50:35.971+0000] {processor.py:183} INFO - Processing /home/varn1t/ml-pipeline/venv/lib/python3.11/site-packages/airflow/example_dags/example_params_ui_tutorial.py took 0.107 seconds
[2026-05-24T15:51:43.023+0000] {processor.py:161} INFO - Started process (PID=6734) to work on /home/varn1t/ml-pipeline/venv/lib/python3.11/site-packages/airflow/example_dags/example_params_ui_tutorial.py
[2026-05-24T15:51:43.025+0000] {processor.py:830} INFO - Processing file /home/varn1t/ml-pipeline/venv/lib/python3.11/site-packages/airflow/example_dags/example_params_ui_tutorial.py for tasks to queue
[2026-05-24T15:51:43.027+0000] {logging_mixin.py:188} INFO - [2026-05-24T15:51:43.027+0000] {dagbag.py:545} INFO - Filling up the DagBag from /home/varn1t/ml-pipeline/venv/lib/python3.11/site-packages/airflow/example_dags/example_params_ui_tutorial.py
[2026-05-24T15:51:43.047+0000] {processor.py:840} INFO - DAG(s) 'example_params_ui_tutorial' retrieved from /home/varn1t/ml-pipeline/venv/lib/python3.11/site-packages/airflow/example_dags/example_params_ui_tutorial.py
[2026-05-24T15:51:43.100+0000] {logging_mixin.py:188} INFO - [2026-05-24T15:51:43.100+0000] {dag.py:3096} INFO - Sync 1 DAGs
[2026-05-24T15:51:43.117+0000] {logging_mixin.py:188} INFO - [2026-05-24T15:51:43.117+0000] {dag.py:3954} INFO - Setting next_dagrun for example_params_ui_tutorial to None, run_after=None
[2026-05-24T15:51:43.148+0000] {processor.py:183} INFO - Processing /home/varn1t/ml-pipeline/venv/lib/python3.11/site-packages/airflow/example_dags/example_params_ui_tutorial.py took 0.131 seconds
[2026-05-24T15:52:50.876+0000] {processor.py:161} INFO - Started process (PID=7181) to work on /home/varn1t/ml-pipeline/venv/lib/python3.11/site-packages/airflow/example_dags/example_params_ui_tutorial.py
[2026-05-24T15:52:50.877+0000] {processor.py:830} INFO - Processing file /home/varn1t/ml-pipeline/venv/lib/python3.11/site-packages/airflow/example_dags/example_params_ui_tutorial.py for tasks to queue
[2026-05-24T15:52:50.878+0000] {logging_mixin.py:188} INFO - [2026-05-24T15:52:50.877+0000] {dagbag.py:545} INFO - Filling up the DagBag from /home/varn1t/ml-pipeline/venv/lib/python3.11/site-packages/airflow/example_dags/example_params_ui_tutorial.py
[2026-05-24T15:52:50.886+0000] {processor.py:840} INFO - DAG(s) 'example_params_ui_tutorial' retrieved from /home/varn1t/ml-pipeline/venv/lib/python3.11/site-packages/airflow/example_dags/example_params_ui_tutorial.py
[2026-05-24T15:52:50.910+0000] {logging_mixin.py:188} INFO - [2026-05-24T15:52:50.910+0000] {dag.py:3096} INFO - Sync 1 DAGs
[2026-05-24T15:52:50.920+0000] {logging_mixin.py:188} INFO - [2026-05-24T15:52:50.920+0000] {dag.py:3954} INFO - Setting next_dagrun for example_params_ui_tutorial to None, run_after=None
[2026-05-24T15:52:50.939+0000] {processor.py:183} INFO - Processing /home/varn1t/ml-pipeline/venv/lib/python3.11/site-packages/airflow/example_dags/example_params_ui_tutorial.py took 0.068 seconds
[2026-05-24T15:54:02.519+0000] {processor.py:161} INFO - Started process (PID=8028) to work on /home/varn1t/ml-pipeline/venv/lib/python3.11/site-packages/airflow/example_dags/example_params_ui_tutorial.py
[2026-05-24T15:54:02.520+0000] {processor.py:830} INFO - Processing file /home/varn1t/ml-pipeline/venv/lib/python3.11/site-packages/airflow/example_dags/example_params_ui_tutorial.py for tasks to queue
[2026-05-24T15:54:02.522+0000] {logging_mixin.py:188} INFO - [2026-05-24T15:54:02.521+0000] {dagbag.py:545} INFO - Filling up the DagBag from /home/varn1t/ml-pipeline/venv/lib/python3.11/site-packages/airflow/example_dags/example_params_ui_tutorial.py
[2026-05-24T15:54:02.534+0000] {processor.py:840} INFO - DAG(s) 'example_params_ui_tutorial' retrieved from /home/varn1t/ml-pipeline/venv/lib/python3.11/site-packages/airflow/example_dags/example_params_ui_tutorial.py
[2026-05-24T15:54:02.567+0000] {logging_mixin.py:188} INFO - [2026-05-24T15:54:02.567+0000] {dag.py:3096} INFO - Sync 1 DAGs
[2026-05-24T15:54:02.577+0000] {logging_mixin.py:188} INFO - [2026-05-24T15:54:02.577+0000] {dag.py:3954} INFO - Setting next_dagrun for example_params_ui_tutorial to None, run_after=None
[2026-05-24T15:54:02.603+0000] {processor.py:183} INFO - Processing /home/varn1t/ml-pipeline/venv/lib/python3.11/site-packages/airflow/example_dags/example_params_ui_tutorial.py took 0.090 seconds
[2026-05-24T15:55:09.498+0000] {processor.py:161} INFO - Started process (PID=8677) to work on /home/varn1t/ml-pipeline/venv/lib/python3.11/site-packages/airflow/example_dags/example_params_ui_tutorial.py
[2026-05-24T15:55:09.499+0000] {processor.py:830} INFO - Processing file /home/varn1t/ml-pipeline/venv/lib/python3.11/site-packages/airflow/example_dags/example_params_ui_tutorial.py for tasks to queue
[2026-05-24T15:55:09.501+0000] {logging_mixin.py:188} INFO - [2026-05-24T15:55:09.501+0000] {dagbag.py:545} INFO - Filling up the DagBag from /home/varn1t/ml-pipeline/venv/lib/python3.11/site-packages/airflow/example_dags/example_params_ui_tutorial.py
[2026-05-24T15:55:09.514+0000] {processor.py:840} INFO - DAG(s) 'example_params_ui_tutorial' retrieved from /home/varn1t/ml-pipeline/venv/lib/python3.11/site-packages/airflow/example_dags/example_params_ui_tutorial.py
[2026-05-24T15:55:09.545+0000] {logging_mixin.py:188} INFO - [2026-05-24T15:55:09.544+0000] {dag.py:3096} INFO - Sync 1 DAGs
[2026-05-24T15:55:09.556+0000] {logging_mixin.py:188} INFO - [2026-05-24T15:55:09.556+0000] {dag.py:3954} INFO - Setting next_dagrun for example_params_ui_tutorial to None, run_after=None
[2026-05-24T15:55:09.578+0000] {processor.py:183} INFO - Processing /home/varn1t/ml-pipeline/venv/lib/python3.11/site-packages/airflow/example_dags/example_params_ui_tutorial.py took 0.088 seconds
[2026-05-24T15:56:16.516+0000] {processor.py:161} INFO - Started process (PID=9224) to work on /home/varn1t/ml-pipeline/venv/lib/python3.11/site-packages/airflow/example_dags/example_params_ui_tutorial.py
[2026-05-24T15:56:16.517+0000] {processor.py:830} INFO - Processing file /home/varn1t/ml-pipeline/venv/lib/python3.11/site-packages/airflow/example_dags/example_params_ui_tutorial.py for tasks to queue
[2026-05-24T15:56:16.519+0000] {logging_mixin.py:188} INFO - [2026-05-24T15:56:16.518+0000] {dagbag.py:545} INFO - Filling up the DagBag from /home/varn1t/ml-pipeline/venv/lib/python3.11/site-packages/airflow/example_dags/example_params_ui_tutorial.py
[2026-05-24T15:56:16.534+0000] {processor.py:840} INFO - DAG(s) 'example_params_ui_tutorial' retrieved from /home/varn1t/ml-pipeline/venv/lib/python3.11/site-packages/airflow/example_dags/example_params_ui_tutorial.py
[2026-05-24T15:56:16.559+0000] {logging_mixin.py:188} INFO - [2026-05-24T15:56:16.559+0000] {dag.py:3096} INFO - Sync 1 DAGs
[2026-05-24T15:56:16.566+0000] {logging_mixin.py:188} INFO - [2026-05-24T15:56:16.566+0000] {dag.py:3954} INFO - Setting next_dagrun for example_params_ui_tutorial to None, run_after=None
[2026-05-24T15:56:16.586+0000] {processor.py:183} INFO - Processing /home/varn1t/ml-pipeline/venv/lib/python3.11/site-packages/airflow/example_dags/example_params_ui_tutorial.py took 0.076 seconds
[2026-05-24T15:57:23.945+0000] {processor.py:161} INFO - Started process (PID=10078) to work on /home/varn1t/ml-pipeline/venv/lib/python3.11/site-packages/airflow/example_dags/example_params_ui_tutorial.py
[2026-05-24T15:57:23.946+0000] {processor.py:830} INFO - Processing file /home/varn1t/ml-pipeline/venv/lib/python3.11/site-packages/airflow/example_dags/example_params_ui_tutorial.py for tasks to queue
[2026-05-24T15:57:23.948+0000] {logging_mixin.py:188} INFO - [2026-05-24T15:57:23.948+0000] {dagbag.py:545} INFO - Filling up the DagBag from /home/varn1t/ml-pipeline/venv/lib/python3.11/site-packages/airflow/example_dags/example_params_ui_tutorial.py
[2026-05-24T15:57:23.960+0000] {processor.py:840} INFO - DAG(s) 'example_params_ui_tutorial' retrieved from /home/varn1t/ml-pipeline/venv/lib/python3.11/site-packages/airflow/example_dags/example_params_ui_tutorial.py
[2026-05-24T15:57:23.991+0000] {logging_mixin.py:188} INFO - [2026-05-24T15:57:23.991+0000] {dag.py:3096} INFO - Sync 1 DAGs
[2026-05-24T15:57:23.999+0000] {logging_mixin.py:188} INFO - [2026-05-24T15:57:23.999+0000] {dag.py:3954} INFO - Setting next_dagrun for example_params_ui_tutorial to None, run_after=None
[2026-05-24T15:57:24.017+0000] {processor.py:183} INFO - Processing /home/varn1t/ml-pipeline/venv/lib/python3.11/site-packages/airflow/example_dags/example_params_ui_tutorial.py took 0.078 seconds
[2026-05-24T15:58:34.400+0000] {processor.py:161} INFO - Started process (PID=10672) to work on /home/varn1t/ml-pipeline/venv/lib/python3.11/site-packages/airflow/example_dags/example_params_ui_tutorial.py
[2026-05-24T15:58:34.401+0000] {processor.py:830} INFO - Processing file /home/varn1t/ml-pipeline/venv/lib/python3.11/site-packages/airflow/example_dags/example_params_ui_tutorial.py for tasks to queue
[2026-05-24T15:58:34.403+0000] {logging_mixin.py:188} INFO - [2026-05-24T15:58:34.403+0000] {dagbag.py:545} INFO - Filling up the DagBag from /home/varn1t/ml-pipeline/venv/lib/python3.11/site-packages/airflow/example_dags/example_params_ui_tutorial.py
[2026-05-24T15:58:34.436+0000] {processor.py:840} INFO - DAG(s) 'example_params_ui_tutorial' retrieved from /home/varn1t/ml-pipeline/venv/lib/python3.11/site-packages/airflow/example_dags/example_params_ui_tutorial.py
[2026-05-24T15:58:34.498+0000] {logging_mixin.py:188} INFO - [2026-05-24T15:58:34.497+0000] {dag.py:3096} INFO - Sync 1 DAGs
[2026-05-24T15:58:34.510+0000] {logging_mixin.py:188} INFO - [2026-05-24T15:58:34.510+0000] {dag.py:3954} INFO - Setting next_dagrun for example_params_ui_tutorial to None, run_after=None
[2026-05-24T15:58:34.534+0000] {processor.py:183} INFO - Processing /home/varn1t/ml-pipeline/venv/lib/python3.11/site-packages/airflow/example_dags/example_params_ui_tutorial.py took 0.142 seconds
[2026-05-24T15:59:26.338+0000] {processor.py:161} INFO - Started process (PID=11083) to work on /home/varn1t/ml-pipeline/venv/lib/python3.11/site-packages/airflow/example_dags/example_params_ui_tutorial.py
[2026-05-24T15:59:26.339+0000] {processor.py:830} INFO - Processing file /home/varn1t/ml-pipeline/venv/lib/python3.11/site-packages/airflow/example_dags/example_params_ui_tutorial.py for tasks to queue
[2026-05-24T15:59:26.341+0000] {logging_mixin.py:188} INFO - [2026-05-24T15:59:26.341+0000] {dagbag.py:545} INFO - Filling up the DagBag from /home/varn1t/ml-pipeline/venv/lib/python3.11/site-packages/airflow/example_dags/example_params_ui_tutorial.py
[2026-05-24T15:59:26.353+0000] {processor.py:840} INFO - DAG(s) 'example_params_ui_tutorial' retrieved from /home/varn1t/ml-pipeline/venv/lib/python3.11/site-packages/airflow/example_dags/example_params_ui_tutorial.py
[2026-05-24T15:59:26.379+0000] {logging_mixin.py:188} INFO - [2026-05-24T15:59:26.378+0000] {dag.py:3096} INFO - Sync 1 DAGs
[2026-05-24T15:59:26.387+0000] {logging_mixin.py:188} INFO - [2026-05-24T15:59:26.387+0000] {dag.py:3954} INFO - Setting next_dagrun for example_params_ui_tutorial to None, run_after=None
[2026-05-24T15:59:26.402+0000] {processor.py:183} INFO - Processing /home/varn1t/ml-pipeline/venv/lib/python3.11/site-packages/airflow/example_dags/example_params_ui_tutorial.py took 0.069 seconds
[2026-05-24T16:00:30.301+0000] {processor.py:161} INFO - Started process (PID=11375) to work on /home/varn1t/ml-pipeline/venv/lib/python3.11/site-packages/airflow/example_dags/example_params_ui_tutorial.py
[2026-05-24T16:00:30.302+0000] {processor.py:830} INFO - Processing file /home/varn1t/ml-pipeline/venv/lib/python3.11/site-packages/airflow/example_dags/example_params_ui_tutorial.py for tasks to queue
[2026-05-24T16:00:30.304+0000] {logging_mixin.py:188} INFO - [2026-05-24T16:00:30.304+0000] {dagbag.py:545} INFO - Filling up the DagBag from /home/varn1t/ml-pipeline/venv/lib/python3.11/site-packages/airflow/example_dags/example_params_ui_tutorial.py
[2026-05-24T16:00:30.315+0000] {processor.py:840} INFO - DAG(s) 'example_params_ui_tutorial' retrieved from /home/varn1t/ml-pipeline/venv/lib/python3.11/site-packages/airflow/example_dags/example_params_ui_tutorial.py
[2026-05-24T16:00:30.338+0000] {logging_mixin.py:188} INFO - [2026-05-24T16:00:30.338+0000] {dag.py:3096} INFO - Sync 1 DAGs
[2026-05-24T16:00:30.347+0000] {logging_mixin.py:188} INFO - [2026-05-24T16:00:30.347+0000] {dag.py:3954} INFO - Setting next_dagrun for example_params_ui_tutorial to None, run_after=None
[2026-05-24T16:00:30.362+0000] {processor.py:183} INFO - Processing /home/varn1t/ml-pipeline/venv/lib/python3.11/site-packages/airflow/example_dags/example_params_ui_tutorial.py took 0.067 seconds
[2026-05-24T16:01:31.340+0000] {processor.py:161} INFO - Started process (PID=11658) to work on /home/varn1t/ml-pipeline/venv/lib/python3.11/site-packages/airflow/example_dags/example_params_ui_tutorial.py
[2026-05-24T16:01:31.341+0000] {processor.py:830} INFO - Processing file /home/varn1t/ml-pipeline/venv/lib/python3.11/site-packages/airflow/example_dags/example_params_ui_tutorial.py for tasks to queue
[2026-05-24T16:01:31.343+0000] {logging_mixin.py:188} INFO - [2026-05-24T16:01:31.342+0000] {dagbag.py:545} INFO - Filling up the DagBag from /home/varn1t/ml-pipeline/venv/lib/python3.11/site-packages/airflow/example_dags/example_params_ui_tutorial.py
[2026-05-24T16:01:31.351+0000] {processor.py:840} INFO - DAG(s) 'example_params_ui_tutorial' retrieved from /home/varn1t/ml-pipeline/venv/lib/python3.11/site-packages/airflow/example_dags/example_params_ui_tutorial.py
[2026-05-24T16:01:31.373+0000] {logging_mixin.py:188} INFO - [2026-05-24T16:01:31.373+0000] {dag.py:3096} INFO - Sync 1 DAGs
[2026-05-24T16:01:31.379+0000] {logging_mixin.py:188} INFO - [2026-05-24T16:01:31.379+0000] {dag.py:3954} INFO - Setting next_dagrun for example_params_ui_tutorial to None, run_after=None
[2026-05-24T16:01:31.394+0000] {processor.py:183} INFO - Processing /home/varn1t/ml-pipeline/venv/lib/python3.11/site-packages/airflow/example_dags/example_params_ui_tutorial.py took 0.058 seconds
[2026-05-24T16:04:05.244+0000] {processor.py:161} INFO - Started process (PID=14043) to work on /home/varn1t/ml-pipeline/venv/lib/python3.11/site-packages/airflow/example_dags/example_params_ui_tutorial.py
[2026-05-24T16:04:05.244+0000] {processor.py:830} INFO - Processing file /home/varn1t/ml-pipeline/venv/lib/python3.11/site-packages/airflow/example_dags/example_params_ui_tutorial.py for tasks to queue
[2026-05-24T16:04:05.246+0000] {logging_mixin.py:188} INFO - [2026-05-24T16:04:05.246+0000] {dagbag.py:545} INFO - Filling up the DagBag from /home/varn1t/ml-pipeline/venv/lib/python3.11/site-packages/airflow/example_dags/example_params_ui_tutorial.py
[2026-05-24T16:04:05.254+0000] {processor.py:840} INFO - DAG(s) 'example_params_ui_tutorial' retrieved from /home/varn1t/ml-pipeline/venv/lib/python3.11/site-packages/airflow/example_dags/example_params_ui_tutorial.py
[2026-05-24T16:04:05.277+0000] {logging_mixin.py:188} INFO - [2026-05-24T16:04:05.277+0000] {dag.py:3096} INFO - Sync 1 DAGs
[2026-05-24T16:04:05.284+0000] {logging_mixin.py:188} INFO - [2026-05-24T16:04:05.284+0000] {dag.py:3954} INFO - Setting next_dagrun for example_params_ui_tutorial to None, run_after=None
[2026-05-24T16:04:05.300+0000] {processor.py:183} INFO - Processing /home/varn1t/ml-pipeline/venv/lib/python3.11/site-packages/airflow/example_dags/example_params_ui_tutorial.py took 0.060 seconds
[2026-05-24T16:05:11.639+0000] {processor.py:161} INFO - Started process (PID=14339) to work on /home/varn1t/ml-pipeline/venv/lib/python3.11/site-packages/airflow/example_dags/example_params_ui_tutorial.py
[2026-05-24T16:05:11.640+0000] {processor.py:830} INFO - Processing file /home/varn1t/ml-pipeline/venv/lib/python3.11/site-packages/airflow/example_dags/example_params_ui_tutorial.py for tasks to queue
[2026-05-24T16:05:11.642+0000] {logging_mixin.py:188} INFO - [2026-05-24T16:05:11.641+0000] {dagbag.py:545} INFO - Filling up the DagBag from /home/varn1t/ml-pipeline/venv/lib/python3.11/site-packages/airflow/example_dags/example_params_ui_tutorial.py
[2026-05-24T16:05:11.652+0000] {processor.py:840} INFO - DAG(s) 'example_params_ui_tutorial' retrieved from /home/varn1t/ml-pipeline/venv/lib/python3.11/site-packages/airflow/example_dags/example_params_ui_tutorial.py
[2026-05-24T16:05:11.677+0000] {logging_mixin.py:188} INFO - [2026-05-24T16:05:11.677+0000] {dag.py:3096} INFO - Sync 1 DAGs
[2026-05-24T16:05:11.686+0000] {logging_mixin.py:188} INFO - [2026-05-24T16:05:11.686+0000] {dag.py:3954} INFO - Setting next_dagrun for example_params_ui_tutorial to None, run_after=None
[2026-05-24T16:05:11.705+0000] {processor.py:183} INFO - Processing /home/varn1t/ml-pipeline/venv/lib/python3.11/site-packages/airflow/example_dags/example_params_ui_tutorial.py took 0.072 seconds
[2026-05-24T16:06:14.683+0000] {processor.py:161} INFO - Started process (PID=14607) to work on /home/varn1t/ml-pipeline/venv/lib/python3.11/site-packages/airflow/example_dags/example_params_ui_tutorial.py
[2026-05-24T16:06:14.685+0000] {processor.py:830} INFO - Processing file /home/varn1t/ml-pipeline/venv/lib/python3.11/site-packages/airflow/example_dags/example_params_ui_tutorial.py for tasks to queue
[2026-05-24T16:06:14.687+0000] {logging_mixin.py:188} INFO - [2026-05-24T16:06:14.687+0000] {dagbag.py:545} INFO - Filling up the DagBag from /home/varn1t/ml-pipeline/venv/lib/python3.11/site-packages/airflow/example_dags/example_params_ui_tutorial.py
[2026-05-24T16:06:14.698+0000] {processor.py:840} INFO - DAG(s) 'example_params_ui_tutorial' retrieved from /home/varn1t/ml-pipeline/venv/lib/python3.11/site-packages/airflow/example_dags/example_params_ui_tutorial.py
[2026-05-24T16:06:14.724+0000] {logging_mixin.py:188} INFO - [2026-05-24T16:06:14.723+0000] {dag.py:3096} INFO - Sync 1 DAGs
[2026-05-24T16:06:14.733+0000] {logging_mixin.py:188} INFO - [2026-05-24T16:06:14.733+0000] {dag.py:3954} INFO - Setting next_dagrun for example_params_ui_tutorial to None, run_after=None
[2026-05-24T16:06:14.753+0000] {processor.py:183} INFO - Processing /home/varn1t/ml-pipeline/venv/lib/python3.11/site-packages/airflow/example_dags/example_params_ui_tutorial.py took 0.076 seconds
[2026-05-24T16:07:14.458+0000] {processor.py:161} INFO - Started process (PID=14901) to work on /home/varn1t/ml-pipeline/venv/lib/python3.11/site-packages/airflow/example_dags/example_params_ui_tutorial.py
[2026-05-24T16:07:14.459+0000] {processor.py:830} INFO - Processing file /home/varn1t/ml-pipeline/venv/lib/python3.11/site-packages/airflow/example_dags/example_params_ui_tutorial.py for tasks to queue
[2026-05-24T16:07:14.461+0000] {logging_mixin.py:188} INFO - [2026-05-24T16:07:14.460+0000] {dagbag.py:545} INFO - Filling up the DagBag from /home/varn1t/ml-pipeline/venv/lib/python3.11/site-packages/airflow/example_dags/example_params_ui_tutorial.py
[2026-05-24T16:07:14.469+0000] {processor.py:840} INFO - DAG(s) 'example_params_ui_tutorial' retrieved from /home/varn1t/ml-pipeline/venv/lib/python3.11/site-packages/airflow/example_dags/example_params_ui_tutorial.py
[2026-05-24T16:07:14.493+0000] {logging_mixin.py:188} INFO - [2026-05-24T16:07:14.493+0000] {dag.py:3096} INFO - Sync 1 DAGs
[2026-05-24T16:07:14.500+0000] {logging_mixin.py:188} INFO - [2026-05-24T16:07:14.500+0000] {dag.py:3954} INFO - Setting next_dagrun for example_params_ui_tutorial to None, run_after=None
[2026-05-24T16:07:14.516+0000] {processor.py:183} INFO - Processing /home/varn1t/ml-pipeline/venv/lib/python3.11/site-packages/airflow/example_dags/example_params_ui_tutorial.py took 0.063 seconds
[2026-05-24T16:08:14.982+0000] {processor.py:161} INFO - Started process (PID=15189) to work on /home/varn1t/ml-pipeline/venv/lib/python3.11/site-packages/airflow/example_dags/example_params_ui_tutorial.py
[2026-05-24T16:08:14.983+0000] {processor.py:830} INFO - Processing file /home/varn1t/ml-pipeline/venv/lib/python3.11/site-packages/airflow/example_dags/example_params_ui_tutorial.py for tasks to queue
[2026-05-24T16:08:14.984+0000] {logging_mixin.py:188} INFO - [2026-05-24T16:08:14.984+0000] {dagbag.py:545} INFO - Filling up the DagBag from /home/varn1t/ml-pipeline/venv/lib/python3.11/site-packages/airflow/example_dags/example_params_ui_tutorial.py
[2026-05-24T16:08:14.993+0000] {processor.py:840} INFO - DAG(s) 'example_params_ui_tutorial' retrieved from /home/varn1t/ml-pipeline/venv/lib/python3.11/site-packages/airflow/example_dags/example_params_ui_tutorial.py
[2026-05-24T16:08:15.018+0000] {logging_mixin.py:188} INFO - [2026-05-24T16:08:15.018+0000] {dag.py:3096} INFO - Sync 1 DAGs
[2026-05-24T16:08:15.025+0000] {logging_mixin.py:188} INFO - [2026-05-24T16:08:15.025+0000] {dag.py:3954} INFO - Setting next_dagrun for example_params_ui_tutorial to None, run_after=None
[2026-05-24T16:08:15.041+0000] {processor.py:183} INFO - Processing /home/varn1t/ml-pipeline/venv/lib/python3.11/site-packages/airflow/example_dags/example_params_ui_tutorial.py took 0.065 seconds
[2026-05-24T16:09:21.873+0000] {processor.py:161} INFO - Started process (PID=15531) to work on /home/varn1t/ml-pipeline/venv/lib/python3.11/site-packages/airflow/example_dags/example_params_ui_tutorial.py
[2026-05-24T16:09:21.874+0000] {processor.py:830} INFO - Processing file /home/varn1t/ml-pipeline/venv/lib/python3.11/site-packages/airflow/example_dags/example_params_ui_tutorial.py for tasks to queue
[2026-05-24T16:09:21.875+0000] {logging_mixin.py:188} INFO - [2026-05-24T16:09:21.875+0000] {dagbag.py:545} INFO - Filling up the DagBag from /home/varn1t/ml-pipeline/venv/lib/python3.11/site-packages/airflow/example_dags/example_params_ui_tutorial.py
[2026-05-24T16:09:21.884+0000] {processor.py:840} INFO - DAG(s) 'example_params_ui_tutorial' retrieved from /home/varn1t/ml-pipeline/venv/lib/python3.11/site-packages/airflow/example_dags/example_params_ui_tutorial.py
[2026-05-24T16:09:21.910+0000] {logging_mixin.py:188} INFO - [2026-05-24T16:09:21.910+0000] {dag.py:3096} INFO - Sync 1 DAGs
[2026-05-24T16:09:21.916+0000] {logging_mixin.py:188} INFO - [2026-05-24T16:09:21.916+0000] {dag.py:3954} INFO - Setting next_dagrun for example_params_ui_tutorial to None, run_after=None
[2026-05-24T16:09:21.932+0000] {processor.py:183} INFO - Processing /home/varn1t/ml-pipeline/venv/lib/python3.11/site-packages/airflow/example_dags/example_params_ui_tutorial.py took 0.064 seconds
[2026-05-24T16:10:25.692+0000] {processor.py:161} INFO - Started process (PID=15804) to work on /home/varn1t/ml-pipeline/venv/lib/python3.11/site-packages/airflow/example_dags/example_params_ui_tutorial.py
[2026-05-24T16:10:25.693+0000] {processor.py:830} INFO - Processing file /home/varn1t/ml-pipeline/venv/lib/python3.11/site-packages/airflow/example_dags/example_params_ui_tutorial.py for tasks to queue
[2026-05-24T16:10:25.695+0000] {logging_mixin.py:188} INFO - [2026-05-24T16:10:25.694+0000] {dagbag.py:545} INFO - Filling up the DagBag from /home/varn1t/ml-pipeline/venv/lib/python3.11/site-packages/airflow/example_dags/example_params_ui_tutorial.py
[2026-05-24T16:10:25.704+0000] {processor.py:840} INFO - DAG(s) 'example_params_ui_tutorial' retrieved from /home/varn1t/ml-pipeline/venv/lib/python3.11/site-packages/airflow/example_dags/example_params_ui_tutorial.py
[2026-05-24T16:10:25.728+0000] {logging_mixin.py:188} INFO - [2026-05-24T16:10:25.728+0000] {dag.py:3096} INFO - Sync 1 DAGs
[2026-05-24T16:10:25.735+0000] {logging_mixin.py:188} INFO - [2026-05-24T16:10:25.735+0000] {dag.py:3954} INFO - Setting next_dagrun for example_params_ui_tutorial to None, run_after=None
[2026-05-24T16:10:25.753+0000] {processor.py:183} INFO - Processing /home/varn1t/ml-pipeline/venv/lib/python3.11/site-packages/airflow/example_dags/example_params_ui_tutorial.py took 0.066 seconds
[2026-05-24T16:11:31.532+0000] {processor.py:161} INFO - Started process (PID=16117) to work on /home/varn1t/ml-pipeline/venv/lib/python3.11/site-packages/airflow/example_dags/example_params_ui_tutorial.py
[2026-05-24T16:11:31.533+0000] {processor.py:830} INFO - Processing file /home/varn1t/ml-pipeline/venv/lib/python3.11/site-packages/airflow/example_dags/example_params_ui_tutorial.py for tasks to queue
[2026-05-24T16:11:31.535+0000] {logging_mixin.py:188} INFO - [2026-05-24T16:11:31.534+0000] {dagbag.py:545} INFO - Filling up the DagBag from /home/varn1t/ml-pipeline/venv/lib/python3.11/site-packages/airflow/example_dags/example_params_ui_tutorial.py
[2026-05-24T16:11:31.544+0000] {processor.py:840} INFO - DAG(s) 'example_params_ui_tutorial' retrieved from /home/varn1t/ml-pipeline/venv/lib/python3.11/site-packages/airflow/example_dags/example_params_ui_tutorial.py
[2026-05-24T16:11:31.569+0000] {logging_mixin.py:188} INFO - [2026-05-24T16:11:31.569+0000] {dag.py:3096} INFO - Sync 1 DAGs
[2026-05-24T16:11:31.577+0000] {logging_mixin.py:188} INFO - [2026-05-24T16:11:31.577+0000] {dag.py:3954} INFO - Setting next_dagrun for example_params_ui_tutorial to None, run_after=None
[2026-05-24T16:11:31.596+0000] {processor.py:183} INFO - Processing /home/varn1t/ml-pipeline/venv/lib/python3.11/site-packages/airflow/example_dags/example_params_ui_tutorial.py took 0.070 seconds
[2026-05-24T16:12:37.123+0000] {processor.py:161} INFO - Started process (PID=16393) to work on /home/varn1t/ml-pipeline/venv/lib/python3.11/site-packages/airflow/example_dags/example_params_ui_tutorial.py
[2026-05-24T16:12:37.124+0000] {processor.py:830} INFO - Processing file /home/varn1t/ml-pipeline/venv/lib/python3.11/site-packages/airflow/example_dags/example_params_ui_tutorial.py for tasks to queue
[2026-05-24T16:12:37.126+0000] {logging_mixin.py:188} INFO - [2026-05-24T16:12:37.125+0000] {dagbag.py:545} INFO - Filling up the DagBag from /home/varn1t/ml-pipeline/venv/lib/python3.11/site-packages/airflow/example_dags/example_params_ui_tutorial.py
[2026-05-24T16:12:37.135+0000] {processor.py:840} INFO - DAG(s) 'example_params_ui_tutorial' retrieved from /home/varn1t/ml-pipeline/venv/lib/python3.11/site-packages/airflow/example_dags/example_params_ui_tutorial.py
[2026-05-24T16:12:37.158+0000] {logging_mixin.py:188} INFO - [2026-05-24T16:12:37.158+0000] {dag.py:3096} INFO - Sync 1 DAGs
[2026-05-24T16:12:37.165+0000] {logging_mixin.py:188} INFO - [2026-05-24T16:12:37.165+0000] {dag.py:3954} INFO - Setting next_dagrun for example_params_ui_tutorial to None, run_after=None
[2026-05-24T16:12:37.183+0000] {processor.py:183} INFO - Processing /home/varn1t/ml-pipeline/venv/lib/python3.11/site-packages/airflow/example_dags/example_params_ui_tutorial.py took 0.065 seconds
[2026-05-24T16:13:39.969+0000] {processor.py:161} INFO - Started process (PID=16673) to work on /home/varn1t/ml-pipeline/venv/lib/python3.11/site-packages/airflow/example_dags/example_params_ui_tutorial.py
[2026-05-24T16:13:39.970+0000] {processor.py:830} INFO - Processing file /home/varn1t/ml-pipeline/venv/lib/python3.11/site-packages/airflow/example_dags/example_params_ui_tutorial.py for tasks to queue
[2026-05-24T16:13:39.971+0000] {logging_mixin.py:188} INFO - [2026-05-24T16:13:39.971+0000] {dagbag.py:545} INFO - Filling up the DagBag from /home/varn1t/ml-pipeline/venv/lib/python3.11/site-packages/airflow/example_dags/example_params_ui_tutorial.py
[2026-05-24T16:13:39.980+0000] {processor.py:840} INFO - DAG(s) 'example_params_ui_tutorial' retrieved from /home/varn1t/ml-pipeline/venv/lib/python3.11/site-packages/airflow/example_dags/example_params_ui_tutorial.py
[2026-05-24T16:13:40.005+0000] {logging_mixin.py:188} INFO - [2026-05-24T16:13:40.004+0000] {dag.py:3096} INFO - Sync 1 DAGs
[2026-05-24T16:13:40.012+0000] {logging_mixin.py:188} INFO - [2026-05-24T16:13:40.012+0000] {dag.py:3954} INFO - Setting next_dagrun for example_params_ui_tutorial to None, run_after=None
[2026-05-24T16:13:40.026+0000] {processor.py:183} INFO - Processing /home/varn1t/ml-pipeline/venv/lib/python3.11/site-packages/airflow/example_dags/example_params_ui_tutorial.py took 0.063 seconds
[2026-05-24T16:14:45.255+0000] {processor.py:161} INFO - Started process (PID=16957) to work on /home/varn1t/ml-pipeline/venv/lib/python3.11/site-packages/airflow/example_dags/example_params_ui_tutorial.py
[2026-05-24T16:14:45.255+0000] {processor.py:830} INFO - Processing file /home/varn1t/ml-pipeline/venv/lib/python3.11/site-packages/airflow/example_dags/example_params_ui_tutorial.py for tasks to queue
[2026-05-24T16:14:45.258+0000] {logging_mixin.py:188} INFO - [2026-05-24T16:14:45.257+0000] {dagbag.py:545} INFO - Filling up the DagBag from /home/varn1t/ml-pipeline/venv/lib/python3.11/site-packages/airflow/example_dags/example_params_ui_tutorial.py
[2026-05-24T16:14:45.266+0000] {processor.py:840} INFO - DAG(s) 'example_params_ui_tutorial' retrieved from /home/varn1t/ml-pipeline/venv/lib/python3.11/site-packages/airflow/example_dags/example_params_ui_tutorial.py
[2026-05-24T16:14:45.290+0000] {logging_mixin.py:188} INFO - [2026-05-24T16:14:45.289+0000] {dag.py:3096} INFO - Sync 1 DAGs
[2026-05-24T16:14:45.298+0000] {logging_mixin.py:188} INFO - [2026-05-24T16:14:45.298+0000] {dag.py:3954} INFO - Setting next_dagrun for example_params_ui_tutorial to None, run_after=None
[2026-05-24T16:14:45.313+0000] {processor.py:183} INFO - Processing /home/varn1t/ml-pipeline/venv/lib/python3.11/site-packages/airflow/example_dags/example_params_ui_tutorial.py took 0.063 seconds
[2026-05-24T16:15:48.244+0000] {processor.py:161} INFO - Started process (PID=17234) to work on /home/varn1t/ml-pipeline/venv/lib/python3.11/site-packages/airflow/example_dags/example_params_ui_tutorial.py
[2026-05-24T16:15:48.245+0000] {processor.py:830} INFO - Processing file /home/varn1t/ml-pipeline/venv/lib/python3.11/site-packages/airflow/example_dags/example_params_ui_tutorial.py for tasks to queue
[2026-05-24T16:15:48.246+0000] {logging_mixin.py:188} INFO - [2026-05-24T16:15:48.246+0000] {dagbag.py:545} INFO - Filling up the DagBag from /home/varn1t/ml-pipeline/venv/lib/python3.11/site-packages/airflow/example_dags/example_params_ui_tutorial.py
[2026-05-24T16:15:48.255+0000] {processor.py:840} INFO - DAG(s) 'example_params_ui_tutorial' retrieved from /home/varn1t/ml-pipeline/venv/lib/python3.11/site-packages/airflow/example_dags/example_params_ui_tutorial.py
[2026-05-24T16:15:48.281+0000] {logging_mixin.py:188} INFO - [2026-05-24T16:15:48.281+0000] {dag.py:3096} INFO - Sync 1 DAGs
[2026-05-24T16:15:48.288+0000] {logging_mixin.py:188} INFO - [2026-05-24T16:15:48.288+0000] {dag.py:3954} INFO - Setting next_dagrun for example_params_ui_tutorial to None, run_after=None
[2026-05-24T16:15:48.303+0000] {processor.py:183} INFO - Processing /home/varn1t/ml-pipeline/venv/lib/python3.11/site-packages/airflow/example_dags/example_params_ui_tutorial.py took 0.063 seconds
[2026-05-24T16:16:50.746+0000] {processor.py:161} INFO - Started process (PID=17524) to work on /home/varn1t/ml-pipeline/venv/lib/python3.11/site-packages/airflow/example_dags/example_params_ui_tutorial.py
[2026-05-24T16:16:50.747+0000] {processor.py:830} INFO - Processing file /home/varn1t/ml-pipeline/venv/lib/python3.11/site-packages/airflow/example_dags/example_params_ui_tutorial.py for tasks to queue
[2026-05-24T16:16:50.748+0000] {logging_mixin.py:188} INFO - [2026-05-24T16:16:50.748+0000] {dagbag.py:545} INFO - Filling up the DagBag from /home/varn1t/ml-pipeline/venv/lib/python3.11/site-packages/airflow/example_dags/example_params_ui_tutorial.py
[2026-05-24T16:16:50.758+0000] {processor.py:840} INFO - DAG(s) 'example_params_ui_tutorial' retrieved from /home/varn1t/ml-pipeline/venv/lib/python3.11/site-packages/airflow/example_dags/example_params_ui_tutorial.py
[2026-05-24T16:16:50.783+0000] {logging_mixin.py:188} INFO - [2026-05-24T16:16:50.783+0000] {dag.py:3096} INFO - Sync 1 DAGs
[2026-05-24T16:16:50.790+0000] {logging_mixin.py:188} INFO - [2026-05-24T16:16:50.790+0000] {dag.py:3954} INFO - Setting next_dagrun for example_params_ui_tutorial to None, run_after=None
[2026-05-24T16:16:50.809+0000] {processor.py:183} INFO - Processing /home/varn1t/ml-pipeline/venv/lib/python3.11/site-packages/airflow/example_dags/example_params_ui_tutorial.py took 0.067 seconds
[2026-05-24T16:17:51.725+0000] {processor.py:161} INFO - Started process (PID=17955) to work on /home/varn1t/ml-pipeline/venv/lib/python3.11/site-packages/airflow/example_dags/example_params_ui_tutorial.py
[2026-05-24T16:17:51.726+0000] {processor.py:830} INFO - Processing file /home/varn1t/ml-pipeline/venv/lib/python3.11/site-packages/airflow/example_dags/example_params_ui_tutorial.py for tasks to queue
[2026-05-24T16:17:51.727+0000] {logging_mixin.py:188} INFO - [2026-05-24T16:17:51.727+0000] {dagbag.py:545} INFO - Filling up the DagBag from /home/varn1t/ml-pipeline/venv/lib/python3.11/site-packages/airflow/example_dags/example_params_ui_tutorial.py
[2026-05-24T16:17:51.739+0000] {processor.py:840} INFO - DAG(s) 'example_params_ui_tutorial' retrieved from /home/varn1t/ml-pipeline/venv/lib/python3.11/site-packages/airflow/example_dags/example_params_ui_tutorial.py
[2026-05-24T16:17:51.766+0000] {logging_mixin.py:188} INFO - [2026-05-24T16:17:51.766+0000] {dag.py:3096} INFO - Sync 1 DAGs
[2026-05-24T16:17:51.775+0000] {logging_mixin.py:188} INFO - [2026-05-24T16:17:51.774+0000] {dag.py:3954} INFO - Setting next_dagrun for example_params_ui_tutorial to None, run_after=None
[2026-05-24T16:17:51.793+0000] {processor.py:183} INFO - Processing /home/varn1t/ml-pipeline/venv/lib/python3.11/site-packages/airflow/example_dags/example_params_ui_tutorial.py took 0.073 seconds
[2026-05-24T16:18:52.860+0000] {processor.py:161} INFO - Started process (PID=18527) to work on /home/varn1t/ml-pipeline/venv/lib/python3.11/site-packages/airflow/example_dags/example_params_ui_tutorial.py
[2026-05-24T16:18:52.861+0000] {processor.py:830} INFO - Processing file /home/varn1t/ml-pipeline/venv/lib/python3.11/site-packages/airflow/example_dags/example_params_ui_tutorial.py for tasks to queue
[2026-05-24T16:18:52.862+0000] {logging_mixin.py:188} INFO - [2026-05-24T16:18:52.862+0000] {dagbag.py:545} INFO - Filling up the DagBag from /home/varn1t/ml-pipeline/venv/lib/python3.11/site-packages/airflow/example_dags/example_params_ui_tutorial.py
[2026-05-24T16:18:52.870+0000] {processor.py:840} INFO - DAG(s) 'example_params_ui_tutorial' retrieved from /home/varn1t/ml-pipeline/venv/lib/python3.11/site-packages/airflow/example_dags/example_params_ui_tutorial.py
[2026-05-24T16:18:52.889+0000] {logging_mixin.py:188} INFO - [2026-05-24T16:18:52.889+0000] {dag.py:3096} INFO - Sync 1 DAGs
[2026-05-24T16:18:52.897+0000] {logging_mixin.py:188} INFO - [2026-05-24T16:18:52.897+0000] {dag.py:3954} INFO - Setting next_dagrun for example_params_ui_tutorial to None, run_after=None
[2026-05-24T16:18:52.911+0000] {processor.py:183} INFO - Processing /home/varn1t/ml-pipeline/venv/lib/python3.11/site-packages/airflow/example_dags/example_params_ui_tutorial.py took 0.054 seconds
[2026-05-24T16:19:59.244+0000] {processor.py:161} INFO - Started process (PID=18912) to work on /home/varn1t/ml-pipeline/venv/lib/python3.11/site-packages/airflow/example_dags/example_params_ui_tutorial.py
[2026-05-24T16:19:59.245+0000] {processor.py:830} INFO - Processing file /home/varn1t/ml-pipeline/venv/lib/python3.11/site-packages/airflow/example_dags/example_params_ui_tutorial.py for tasks to queue
[2026-05-24T16:19:59.246+0000] {logging_mixin.py:188} INFO - [2026-05-24T16:19:59.246+0000] {dagbag.py:545} INFO - Filling up the DagBag from /home/varn1t/ml-pipeline/venv/lib/python3.11/site-packages/airflow/example_dags/example_params_ui_tutorial.py
[2026-05-24T16:19:59.257+0000] {processor.py:840} INFO - DAG(s) 'example_params_ui_tutorial' retrieved from /home/varn1t/ml-pipeline/venv/lib/python3.11/site-packages/airflow/example_dags/example_params_ui_tutorial.py
[2026-05-24T16:19:59.286+0000] {logging_mixin.py:188} INFO - [2026-05-24T16:19:59.286+0000] {dag.py:3096} INFO - Sync 1 DAGs
[2026-05-24T16:19:59.296+0000] {logging_mixin.py:188} INFO - [2026-05-24T16:19:59.296+0000] {dag.py:3954} INFO - Setting next_dagrun for example_params_ui_tutorial to None, run_after=None
[2026-05-24T16:19:59.318+0000] {processor.py:183} INFO - Processing /home/varn1t/ml-pipeline/venv/lib/python3.11/site-packages/airflow/example_dags/example_params_ui_tutorial.py took 0.080 seconds
[2026-05-24T16:21:04.474+0000] {processor.py:161} INFO - Started process (PID=19603) to work on /home/varn1t/ml-pipeline/venv/lib/python3.11/site-packages/airflow/example_dags/example_params_ui_tutorial.py
[2026-05-24T16:21:04.474+0000] {processor.py:830} INFO - Processing file /home/varn1t/ml-pipeline/venv/lib/python3.11/site-packages/airflow/example_dags/example_params_ui_tutorial.py for tasks to queue
[2026-05-24T16:21:04.476+0000] {logging_mixin.py:188} INFO - [2026-05-24T16:21:04.475+0000] {dagbag.py:545} INFO - Filling up the DagBag from /home/varn1t/ml-pipeline/venv/lib/python3.11/site-packages/airflow/example_dags/example_params_ui_tutorial.py
[2026-05-24T16:21:04.484+0000] {processor.py:840} INFO - DAG(s) 'example_params_ui_tutorial' retrieved from /home/varn1t/ml-pipeline/venv/lib/python3.11/site-packages/airflow/example_dags/example_params_ui_tutorial.py
[2026-05-24T16:21:04.507+0000] {logging_mixin.py:188} INFO - [2026-05-24T16:21:04.506+0000] {dag.py:3096} INFO - Sync 1 DAGs
[2026-05-24T16:21:04.514+0000] {logging_mixin.py:188} INFO - [2026-05-24T16:21:04.514+0000] {dag.py:3954} INFO - Setting next_dagrun for example_params_ui_tutorial to None, run_after=None
[2026-05-24T16:21:04.531+0000] {processor.py:183} INFO - Processing /home/varn1t/ml-pipeline/venv/lib/python3.11/site-packages/airflow/example_dags/example_params_ui_tutorial.py took 0.062 seconds
[2026-05-24T16:22:04.575+0000] {processor.py:161} INFO - Started process (PID=19936) to work on /home/varn1t/ml-pipeline/venv/lib/python3.11/site-packages/airflow/example_dags/example_params_ui_tutorial.py
[2026-05-24T16:22:04.576+0000] {processor.py:830} INFO - Processing file /home/varn1t/ml-pipeline/venv/lib/python3.11/site-packages/airflow/example_dags/example_params_ui_tutorial.py for tasks to queue
[2026-05-24T16:22:04.577+0000] {logging_mixin.py:188} INFO - [2026-05-24T16:22:04.577+0000] {dagbag.py:545} INFO - Filling up the DagBag from /home/varn1t/ml-pipeline/venv/lib/python3.11/site-packages/airflow/example_dags/example_params_ui_tutorial.py
[2026-05-24T16:22:04.587+0000] {processor.py:840} INFO - DAG(s) 'example_params_ui_tutorial' retrieved from /home/varn1t/ml-pipeline/venv/lib/python3.11/site-packages/airflow/example_dags/example_params_ui_tutorial.py
[2026-05-24T16:22:04.611+0000] {logging_mixin.py:188} INFO - [2026-05-24T16:22:04.611+0000] {dag.py:3096} INFO - Sync 1 DAGs
[2026-05-24T16:22:04.621+0000] {logging_mixin.py:188} INFO - [2026-05-24T16:22:04.620+0000] {dag.py:3954} INFO - Setting next_dagrun for example_params_ui_tutorial to None, run_after=None
[2026-05-24T16:22:04.638+0000] {processor.py:183} INFO - Processing /home/varn1t/ml-pipeline/venv/lib/python3.11/site-packages/airflow/example_dags/example_params_ui_tutorial.py took 0.068 seconds
[2026-05-24T16:23:07.457+0000] {processor.py:161} INFO - Started process (PID=20251) to work on /home/varn1t/ml-pipeline/venv/lib/python3.11/site-packages/airflow/example_dags/example_params_ui_tutorial.py
[2026-05-24T16:23:07.457+0000] {processor.py:830} INFO - Processing file /home/varn1t/ml-pipeline/venv/lib/python3.11/site-packages/airflow/example_dags/example_params_ui_tutorial.py for tasks to queue
[2026-05-24T16:23:07.459+0000] {logging_mixin.py:188} INFO - [2026-05-24T16:23:07.459+0000] {dagbag.py:545} INFO - Filling up the DagBag from /home/varn1t/ml-pipeline/venv/lib/python3.11/site-packages/airflow/example_dags/example_params_ui_tutorial.py
[2026-05-24T16:23:07.467+0000] {processor.py:840} INFO - DAG(s) 'example_params_ui_tutorial' retrieved from /home/varn1t/ml-pipeline/venv/lib/python3.11/site-packages/airflow/example_dags/example_params_ui_tutorial.py
[2026-05-24T16:23:07.491+0000] {logging_mixin.py:188} INFO - [2026-05-24T16:23:07.491+0000] {dag.py:3096} INFO - Sync 1 DAGs
[2026-05-24T16:23:07.499+0000] {logging_mixin.py:188} INFO - [2026-05-24T16:23:07.499+0000] {dag.py:3954} INFO - Setting next_dagrun for example_params_ui_tutorial to None, run_after=None
[2026-05-24T16:23:07.514+0000] {processor.py:183} INFO - Processing /home/varn1t/ml-pipeline/venv/lib/python3.11/site-packages/airflow/example_dags/example_params_ui_tutorial.py took 0.063 seconds
[2026-05-24T16:24:09.374+0000] {processor.py:161} INFO - Started process (PID=20527) to work on /home/varn1t/ml-pipeline/venv/lib/python3.11/site-packages/airflow/example_dags/example_params_ui_tutorial.py
[2026-05-24T16:24:09.375+0000] {processor.py:830} INFO - Processing file /home/varn1t/ml-pipeline/venv/lib/python3.11/site-packages/airflow/example_dags/example_params_ui_tutorial.py for tasks to queue
[2026-05-24T16:24:09.376+0000] {logging_mixin.py:188} INFO - [2026-05-24T16:24:09.376+0000] {dagbag.py:545} INFO - Filling up the DagBag from /home/varn1t/ml-pipeline/venv/lib/python3.11/site-packages/airflow/example_dags/example_params_ui_tutorial.py
[2026-05-24T16:24:09.383+0000] {processor.py:840} INFO - DAG(s) 'example_params_ui_tutorial' retrieved from /home/varn1t/ml-pipeline/venv/lib/python3.11/site-packages/airflow/example_dags/example_params_ui_tutorial.py
[2026-05-24T16:24:09.403+0000] {logging_mixin.py:188} INFO - [2026-05-24T16:24:09.403+0000] {dag.py:3096} INFO - Sync 1 DAGs
[2026-05-24T16:24:09.409+0000] {logging_mixin.py:188} INFO - [2026-05-24T16:24:09.409+0000] {dag.py:3954} INFO - Setting next_dagrun for example_params_ui_tutorial to None, run_after=None
[2026-05-24T16:24:09.427+0000] {processor.py:183} INFO - Processing /home/varn1t/ml-pipeline/venv/lib/python3.11/site-packages/airflow/example_dags/example_params_ui_tutorial.py took 0.057 seconds
[2026-05-24T16:25:15.715+0000] {processor.py:161} INFO - Started process (PID=20855) to work on /home/varn1t/ml-pipeline/venv/lib/python3.11/site-packages/airflow/example_dags/example_params_ui_tutorial.py
[2026-05-24T16:25:15.716+0000] {processor.py:830} INFO - Processing file /home/varn1t/ml-pipeline/venv/lib/python3.11/site-packages/airflow/example_dags/example_params_ui_tutorial.py for tasks to queue
[2026-05-24T16:25:15.717+0000] {logging_mixin.py:188} INFO - [2026-05-24T16:25:15.717+0000] {dagbag.py:545} INFO - Filling up the DagBag from /home/varn1t/ml-pipeline/venv/lib/python3.11/site-packages/airflow/example_dags/example_params_ui_tutorial.py
[2026-05-24T16:25:15.725+0000] {processor.py:840} INFO - DAG(s) 'example_params_ui_tutorial' retrieved from /home/varn1t/ml-pipeline/venv/lib/python3.11/site-packages/airflow/example_dags/example_params_ui_tutorial.py
[2026-05-24T16:25:15.748+0000] {logging_mixin.py:188} INFO - [2026-05-24T16:25:15.748+0000] {dag.py:3096} INFO - Sync 1 DAGs
[2026-05-24T16:25:15.756+0000] {logging_mixin.py:188} INFO - [2026-05-24T16:25:15.756+0000] {dag.py:3954} INFO - Setting next_dagrun for example_params_ui_tutorial to None, run_after=None
[2026-05-24T16:25:15.773+0000] {processor.py:183} INFO - Processing /home/varn1t/ml-pipeline/venv/lib/python3.11/site-packages/airflow/example_dags/example_params_ui_tutorial.py took 0.063 seconds
[2026-05-24T16:26:20.572+0000] {processor.py:161} INFO - Started process (PID=21217) to work on /home/varn1t/ml-pipeline/venv/lib/python3.11/site-packages/airflow/example_dags/example_params_ui_tutorial.py
[2026-05-24T16:26:20.574+0000] {processor.py:830} INFO - Processing file /home/varn1t/ml-pipeline/venv/lib/python3.11/site-packages/airflow/example_dags/example_params_ui_tutorial.py for tasks to queue
[2026-05-24T16:26:20.576+0000] {logging_mixin.py:188} INFO - [2026-05-24T16:26:20.576+0000] {dagbag.py:545} INFO - Filling up the DagBag from /home/varn1t/ml-pipeline/venv/lib/python3.11/site-packages/airflow/example_dags/example_params_ui_tutorial.py
[2026-05-24T16:26:20.586+0000] {processor.py:840} INFO - DAG(s) 'example_params_ui_tutorial' retrieved from /home/varn1t/ml-pipeline/venv/lib/python3.11/site-packages/airflow/example_dags/example_params_ui_tutorial.py
[2026-05-24T16:26:20.609+0000] {logging_mixin.py:188} INFO - [2026-05-24T16:26:20.609+0000] {dag.py:3096} INFO - Sync 1 DAGs
[2026-05-24T16:26:20.618+0000] {logging_mixin.py:188} INFO - [2026-05-24T16:26:20.618+0000] {dag.py:3954} INFO - Setting next_dagrun for example_params_ui_tutorial to None, run_after=None
[2026-05-24T16:26:20.637+0000] {processor.py:183} INFO - Processing /home/varn1t/ml-pipeline/venv/lib/python3.11/site-packages/airflow/example_dags/example_params_ui_tutorial.py took 0.071 seconds
[2026-05-24T16:27:26.503+0000] {processor.py:161} INFO - Started process (PID=21687) to work on /home/varn1t/ml-pipeline/venv/lib/python3.11/site-packages/airflow/example_dags/example_params_ui_tutorial.py
[2026-05-24T16:27:26.504+0000] {processor.py:830} INFO - Processing file /home/varn1t/ml-pipeline/venv/lib/python3.11/site-packages/airflow/example_dags/example_params_ui_tutorial.py for tasks to queue
[2026-05-24T16:27:26.505+0000] {logging_mixin.py:188} INFO - [2026-05-24T16:27:26.504+0000] {dagbag.py:545} INFO - Filling up the DagBag from /home/varn1t/ml-pipeline/venv/lib/python3.11/site-packages/airflow/example_dags/example_params_ui_tutorial.py
[2026-05-24T16:27:26.512+0000] {processor.py:840} INFO - DAG(s) 'example_params_ui_tutorial' retrieved from /home/varn1t/ml-pipeline/venv/lib/python3.11/site-packages/airflow/example_dags/example_params_ui_tutorial.py
[2026-05-24T16:27:26.532+0000] {logging_mixin.py:188} INFO - [2026-05-24T16:27:26.532+0000] {dag.py:3096} INFO - Sync 1 DAGs
[2026-05-24T16:27:26.539+0000] {logging_mixin.py:188} INFO - [2026-05-24T16:27:26.538+0000] {dag.py:3954} INFO - Setting next_dagrun for example_params_ui_tutorial to None, run_after=None
[2026-05-24T16:27:26.552+0000] {processor.py:183} INFO - Processing /home/varn1t/ml-pipeline/venv/lib/python3.11/site-packages/airflow/example_dags/example_params_ui_tutorial.py took 0.054 seconds
[2026-05-24T16:28:30.158+0000] {processor.py:161} INFO - Started process (PID=22373) to work on /home/varn1t/ml-pipeline/venv/lib/python3.11/site-packages/airflow/example_dags/example_params_ui_tutorial.py
[2026-05-24T16:28:30.159+0000] {processor.py:830} INFO - Processing file /home/varn1t/ml-pipeline/venv/lib/python3.11/site-packages/airflow/example_dags/example_params_ui_tutorial.py for tasks to queue
[2026-05-24T16:28:30.161+0000] {logging_mixin.py:188} INFO - [2026-05-24T16:28:30.160+0000] {dagbag.py:545} INFO - Filling up the DagBag from /home/varn1t/ml-pipeline/venv/lib/python3.11/site-packages/airflow/example_dags/example_params_ui_tutorial.py
[2026-05-24T16:28:30.169+0000] {processor.py:840} INFO - DAG(s) 'example_params_ui_tutorial' retrieved from /home/varn1t/ml-pipeline/venv/lib/python3.11/site-packages/airflow/example_dags/example_params_ui_tutorial.py
[2026-05-24T16:28:30.190+0000] {logging_mixin.py:188} INFO - [2026-05-24T16:28:30.190+0000] {dag.py:3096} INFO - Sync 1 DAGs
[2026-05-24T16:28:30.197+0000] {logging_mixin.py:188} INFO - [2026-05-24T16:28:30.196+0000] {dag.py:3954} INFO - Setting next_dagrun for example_params_ui_tutorial to None, run_after=None
[2026-05-24T16:28:30.212+0000] {processor.py:183} INFO - Processing /home/varn1t/ml-pipeline/venv/lib/python3.11/site-packages/airflow/example_dags/example_params_ui_tutorial.py took 0.060 seconds
[2026-05-24T16:29:32.815+0000] {processor.py:161} INFO - Started process (PID=22635) to work on /home/varn1t/ml-pipeline/venv/lib/python3.11/site-packages/airflow/example_dags/example_params_ui_tutorial.py
[2026-05-24T16:29:32.816+0000] {processor.py:830} INFO - Processing file /home/varn1t/ml-pipeline/venv/lib/python3.11/site-packages/airflow/example_dags/example_params_ui_tutorial.py for tasks to queue
[2026-05-24T16:29:32.818+0000] {logging_mixin.py:188} INFO - [2026-05-24T16:29:32.818+0000] {dagbag.py:545} INFO - Filling up the DagBag from /home/varn1t/ml-pipeline/venv/lib/python3.11/site-packages/airflow/example_dags/example_params_ui_tutorial.py
[2026-05-24T16:29:32.828+0000] {processor.py:840} INFO - DAG(s) 'example_params_ui_tutorial' retrieved from /home/varn1t/ml-pipeline/venv/lib/python3.11/site-packages/airflow/example_dags/example_params_ui_tutorial.py
[2026-05-24T16:29:32.847+0000] {logging_mixin.py:188} INFO - [2026-05-24T16:29:32.846+0000] {dag.py:3096} INFO - Sync 1 DAGs
[2026-05-24T16:29:32.852+0000] {logging_mixin.py:188} INFO - [2026-05-24T16:29:32.852+0000] {dag.py:3954} INFO - Setting next_dagrun for example_params_ui_tutorial to None, run_after=None
[2026-05-24T16:29:32.868+0000] {processor.py:183} INFO - Processing /home/varn1t/ml-pipeline/venv/lib/python3.11/site-packages/airflow/example_dags/example_params_ui_tutorial.py took 0.059 seconds
[2026-05-24T16:30:41.727+0000] {processor.py:161} INFO - Started process (PID=22970) to work on /home/varn1t/ml-pipeline/venv/lib/python3.11/site-packages/airflow/example_dags/example_params_ui_tutorial.py
[2026-05-24T16:30:41.728+0000] {processor.py:830} INFO - Processing file /home/varn1t/ml-pipeline/venv/lib/python3.11/site-packages/airflow/example_dags/example_params_ui_tutorial.py for tasks to queue
[2026-05-24T16:30:41.729+0000] {logging_mixin.py:188} INFO - [2026-05-24T16:30:41.729+0000] {dagbag.py:545} INFO - Filling up the DagBag from /home/varn1t/ml-pipeline/venv/lib/python3.11/site-packages/airflow/example_dags/example_params_ui_tutorial.py
[2026-05-24T16:30:41.738+0000] {processor.py:840} INFO - DAG(s) 'example_params_ui_tutorial' retrieved from /home/varn1t/ml-pipeline/venv/lib/python3.11/site-packages/airflow/example_dags/example_params_ui_tutorial.py
[2026-05-24T16:30:41.757+0000] {logging_mixin.py:188} INFO - [2026-05-24T16:30:41.757+0000] {dag.py:3096} INFO - Sync 1 DAGs
[2026-05-24T16:30:41.762+0000] {logging_mixin.py:188} INFO - [2026-05-24T16:30:41.762+0000] {dag.py:3954} INFO - Setting next_dagrun for example_params_ui_tutorial to None, run_after=None
[2026-05-24T16:30:41.776+0000] {processor.py:183} INFO - Processing /home/varn1t/ml-pipeline/venv/lib/python3.11/site-packages/airflow/example_dags/example_params_ui_tutorial.py took 0.053 seconds
[2026-05-24T16:31:43.633+0000] {processor.py:161} INFO - Started process (PID=23302) to work on /home/varn1t/ml-pipeline/venv/lib/python3.11/site-packages/airflow/example_dags/example_params_ui_tutorial.py
[2026-05-24T16:31:43.634+0000] {processor.py:830} INFO - Processing file /home/varn1t/ml-pipeline/venv/lib/python3.11/site-packages/airflow/example_dags/example_params_ui_tutorial.py for tasks to queue
[2026-05-24T16:31:43.635+0000] {logging_mixin.py:188} INFO - [2026-05-24T16:31:43.635+0000] {dagbag.py:545} INFO - Filling up the DagBag from /home/varn1t/ml-pipeline/venv/lib/python3.11/site-packages/airflow/example_dags/example_params_ui_tutorial.py
[2026-05-24T16:31:43.643+0000] {processor.py:840} INFO - DAG(s) 'example_params_ui_tutorial' retrieved from /home/varn1t/ml-pipeline/venv/lib/python3.11/site-packages/airflow/example_dags/example_params_ui_tutorial.py
[2026-05-24T16:31:43.663+0000] {logging_mixin.py:188} INFO - [2026-05-24T16:31:43.663+0000] {dag.py:3096} INFO - Sync 1 DAGs
[2026-05-24T16:31:43.669+0000] {logging_mixin.py:188} INFO - [2026-05-24T16:31:43.669+0000] {dag.py:3954} INFO - Setting next_dagrun for example_params_ui_tutorial to None, run_after=None
[2026-05-24T16:31:43.683+0000] {processor.py:183} INFO - Processing /home/varn1t/ml-pipeline/venv/lib/python3.11/site-packages/airflow/example_dags/example_params_ui_tutorial.py took 0.054 seconds
[2026-05-24T16:32:55.485+0000] {processor.py:161} INFO - Started process (PID=23949) to work on /home/varn1t/ml-pipeline/venv/lib/python3.11/site-packages/airflow/example_dags/example_params_ui_tutorial.py
[2026-05-24T16:32:55.487+0000] {processor.py:830} INFO - Processing file /home/varn1t/ml-pipeline/venv/lib/python3.11/site-packages/airflow/example_dags/example_params_ui_tutorial.py for tasks to queue
[2026-05-24T16:32:55.490+0000] {logging_mixin.py:188} INFO - [2026-05-24T16:32:55.490+0000] {dagbag.py:545} INFO - Filling up the DagBag from /home/varn1t/ml-pipeline/venv/lib/python3.11/site-packages/airflow/example_dags/example_params_ui_tutorial.py
[2026-05-24T16:32:55.516+0000] {processor.py:840} INFO - DAG(s) 'example_params_ui_tutorial' retrieved from /home/varn1t/ml-pipeline/venv/lib/python3.11/site-packages/airflow/example_dags/example_params_ui_tutorial.py
[2026-05-24T16:32:55.567+0000] {logging_mixin.py:188} INFO - [2026-05-24T16:32:55.567+0000] {dag.py:3096} INFO - Sync 1 DAGs
[2026-05-24T16:32:55.582+0000] {logging_mixin.py:188} INFO - [2026-05-24T16:32:55.582+0000] {dag.py:3954} INFO - Setting next_dagrun for example_params_ui_tutorial to None, run_after=None
[2026-05-24T16:32:55.606+0000] {processor.py:183} INFO - Processing /home/varn1t/ml-pipeline/venv/lib/python3.11/site-packages/airflow/example_dags/example_params_ui_tutorial.py took 0.136 seconds
[2026-05-24T16:34:05.222+0000] {processor.py:161} INFO - Started process (PID=24352) to work on /home/varn1t/ml-pipeline/venv/lib/python3.11/site-packages/airflow/example_dags/example_params_ui_tutorial.py
[2026-05-24T16:34:05.223+0000] {processor.py:830} INFO - Processing file /home/varn1t/ml-pipeline/venv/lib/python3.11/site-packages/airflow/example_dags/example_params_ui_tutorial.py for tasks to queue
[2026-05-24T16:34:05.225+0000] {logging_mixin.py:188} INFO - [2026-05-24T16:34:05.224+0000] {dagbag.py:545} INFO - Filling up the DagBag from /home/varn1t/ml-pipeline/venv/lib/python3.11/site-packages/airflow/example_dags/example_params_ui_tutorial.py
[2026-05-24T16:34:05.236+0000] {processor.py:840} INFO - DAG(s) 'example_params_ui_tutorial' retrieved from /home/varn1t/ml-pipeline/venv/lib/python3.11/site-packages/airflow/example_dags/example_params_ui_tutorial.py
[2026-05-24T16:34:05.267+0000] {logging_mixin.py:188} INFO - [2026-05-24T16:34:05.266+0000] {dag.py:3096} INFO - Sync 1 DAGs
[2026-05-24T16:34:05.275+0000] {logging_mixin.py:188} INFO - [2026-05-24T16:34:05.274+0000] {dag.py:3954} INFO - Setting next_dagrun for example_params_ui_tutorial to None, run_after=None
[2026-05-24T16:34:05.295+0000] {processor.py:183} INFO - Processing /home/varn1t/ml-pipeline/venv/lib/python3.11/site-packages/airflow/example_dags/example_params_ui_tutorial.py took 0.079 seconds
[2026-05-24T16:35:02.741+0000] {processor.py:161} INFO - Started process (PID=24621) to work on /home/varn1t/ml-pipeline/venv/lib/python3.11/site-packages/airflow/example_dags/example_params_ui_tutorial.py
[2026-05-24T16:35:02.742+0000] {processor.py:830} INFO - Processing file /home/varn1t/ml-pipeline/venv/lib/python3.11/site-packages/airflow/example_dags/example_params_ui_tutorial.py for tasks to queue
[2026-05-24T16:35:02.743+0000] {logging_mixin.py:188} INFO - [2026-05-24T16:35:02.743+0000] {dagbag.py:545} INFO - Filling up the DagBag from /home/varn1t/ml-pipeline/venv/lib/python3.11/site-packages/airflow/example_dags/example_params_ui_tutorial.py
[2026-05-24T16:35:02.751+0000] {processor.py:840} INFO - DAG(s) 'example_params_ui_tutorial' retrieved from /home/varn1t/ml-pipeline/venv/lib/python3.11/site-packages/airflow/example_dags/example_params_ui_tutorial.py
[2026-05-24T16:35:02.772+0000] {logging_mixin.py:188} INFO - [2026-05-24T16:35:02.772+0000] {dag.py:3096} INFO - Sync 1 DAGs
[2026-05-24T16:35:02.779+0000] {logging_mixin.py:188} INFO - [2026-05-24T16:35:02.779+0000] {dag.py:3954} INFO - Setting next_dagrun for example_params_ui_tutorial to None, run_after=None
[2026-05-24T16:35:02.797+0000] {processor.py:183} INFO - Processing /home/varn1t/ml-pipeline/venv/lib/python3.11/site-packages/airflow/example_dags/example_params_ui_tutorial.py took 0.062 seconds
[2026-05-24T16:36:09.462+0000] {processor.py:161} INFO - Started process (PID=24910) to work on /home/varn1t/ml-pipeline/venv/lib/python3.11/site-packages/airflow/example_dags/example_params_ui_tutorial.py
[2026-05-24T16:36:09.463+0000] {processor.py:830} INFO - Processing file /home/varn1t/ml-pipeline/venv/lib/python3.11/site-packages/airflow/example_dags/example_params_ui_tutorial.py for tasks to queue
[2026-05-24T16:36:09.464+0000] {logging_mixin.py:188} INFO - [2026-05-24T16:36:09.464+0000] {dagbag.py:545} INFO - Filling up the DagBag from /home/varn1t/ml-pipeline/venv/lib/python3.11/site-packages/airflow/example_dags/example_params_ui_tutorial.py
[2026-05-24T16:36:09.474+0000] {processor.py:840} INFO - DAG(s) 'example_params_ui_tutorial' retrieved from /home/varn1t/ml-pipeline/venv/lib/python3.11/site-packages/airflow/example_dags/example_params_ui_tutorial.py
[2026-05-24T16:36:09.497+0000] {logging_mixin.py:188} INFO - [2026-05-24T16:36:09.497+0000] {dag.py:3096} INFO - Sync 1 DAGs
[2026-05-24T16:36:09.504+0000] {logging_mixin.py:188} INFO - [2026-05-24T16:36:09.504+0000] {dag.py:3954} INFO - Setting next_dagrun for example_params_ui_tutorial to None, run_after=None
[2026-05-24T16:36:09.521+0000] {processor.py:183} INFO - Processing /home/varn1t/ml-pipeline/venv/lib/python3.11/site-packages/airflow/example_dags/example_params_ui_tutorial.py took 0.063 seconds
[2026-05-24T16:37:14.340+0000] {processor.py:161} INFO - Started process (PID=25227) to work on /home/varn1t/ml-pipeline/venv/lib/python3.11/site-packages/airflow/example_dags/example_params_ui_tutorial.py
[2026-05-24T16:37:14.341+0000] {processor.py:830} INFO - Processing file /home/varn1t/ml-pipeline/venv/lib/python3.11/site-packages/airflow/example_dags/example_params_ui_tutorial.py for tasks to queue
[2026-05-24T16:37:14.343+0000] {logging_mixin.py:188} INFO - [2026-05-24T16:37:14.343+0000] {dagbag.py:545} INFO - Filling up the DagBag from /home/varn1t/ml-pipeline/venv/lib/python3.11/site-packages/airflow/example_dags/example_params_ui_tutorial.py
[2026-05-24T16:37:14.353+0000] {processor.py:840} INFO - DAG(s) 'example_params_ui_tutorial' retrieved from /home/varn1t/ml-pipeline/venv/lib/python3.11/site-packages/airflow/example_dags/example_params_ui_tutorial.py
[2026-05-24T16:37:14.373+0000] {logging_mixin.py:188} INFO - [2026-05-24T16:37:14.373+0000] {dag.py:3096} INFO - Sync 1 DAGs
[2026-05-24T16:37:14.380+0000] {logging_mixin.py:188} INFO - [2026-05-24T16:37:14.380+0000] {dag.py:3954} INFO - Setting next_dagrun for example_params_ui_tutorial to None, run_after=None
[2026-05-24T16:37:14.395+0000] {processor.py:183} INFO - Processing /home/varn1t/ml-pipeline/venv/lib/python3.11/site-packages/airflow/example_dags/example_params_ui_tutorial.py took 0.060 seconds
[2026-05-24T16:38:21.853+0000] {processor.py:161} INFO - Started process (PID=25517) to work on /home/varn1t/ml-pipeline/venv/lib/python3.11/site-packages/airflow/example_dags/example_params_ui_tutorial.py
[2026-05-24T16:38:21.854+0000] {processor.py:830} INFO - Processing file /home/varn1t/ml-pipeline/venv/lib/python3.11/site-packages/airflow/example_dags/example_params_ui_tutorial.py for tasks to queue
[2026-05-24T16:38:21.855+0000] {logging_mixin.py:188} INFO - [2026-05-24T16:38:21.855+0000] {dagbag.py:545} INFO - Filling up the DagBag from /home/varn1t/ml-pipeline/venv/lib/python3.11/site-packages/airflow/example_dags/example_params_ui_tutorial.py
[2026-05-24T16:38:21.863+0000] {processor.py:840} INFO - DAG(s) 'example_params_ui_tutorial' retrieved from /home/varn1t/ml-pipeline/venv/lib/python3.11/site-packages/airflow/example_dags/example_params_ui_tutorial.py
[2026-05-24T16:38:21.882+0000] {logging_mixin.py:188} INFO - [2026-05-24T16:38:21.882+0000] {dag.py:3096} INFO - Sync 1 DAGs
[2026-05-24T16:38:21.889+0000] {logging_mixin.py:188} INFO - [2026-05-24T16:38:21.888+0000] {dag.py:3954} INFO - Setting next_dagrun for example_params_ui_tutorial to None, run_after=None
[2026-05-24T16:38:21.903+0000] {processor.py:183} INFO - Processing /home/varn1t/ml-pipeline/venv/lib/python3.11/site-packages/airflow/example_dags/example_params_ui_tutorial.py took 0.054 seconds
[2026-05-24T16:39:24.943+0000] {processor.py:161} INFO - Started process (PID=25808) to work on /home/varn1t/ml-pipeline/venv/lib/python3.11/site-packages/airflow/example_dags/example_params_ui_tutorial.py
[2026-05-24T16:39:24.944+0000] {processor.py:830} INFO - Processing file /home/varn1t/ml-pipeline/venv/lib/python3.11/site-packages/airflow/example_dags/example_params_ui_tutorial.py for tasks to queue
[2026-05-24T16:39:24.946+0000] {logging_mixin.py:188} INFO - [2026-05-24T16:39:24.945+0000] {dagbag.py:545} INFO - Filling up the DagBag from /home/varn1t/ml-pipeline/venv/lib/python3.11/site-packages/airflow/example_dags/example_params_ui_tutorial.py
[2026-05-24T16:39:24.955+0000] {processor.py:840} INFO - DAG(s) 'example_params_ui_tutorial' retrieved from /home/varn1t/ml-pipeline/venv/lib/python3.11/site-packages/airflow/example_dags/example_params_ui_tutorial.py
[2026-05-24T16:39:24.975+0000] {logging_mixin.py:188} INFO - [2026-05-24T16:39:24.975+0000] {dag.py:3096} INFO - Sync 1 DAGs
[2026-05-24T16:39:24.982+0000] {logging_mixin.py:188} INFO - [2026-05-24T16:39:24.982+0000] {dag.py:3954} INFO - Setting next_dagrun for example_params_ui_tutorial to None, run_after=None
[2026-05-24T16:39:24.995+0000] {processor.py:183} INFO - Processing /home/varn1t/ml-pipeline/venv/lib/python3.11/site-packages/airflow/example_dags/example_params_ui_tutorial.py took 0.057 seconds
[2026-05-24T16:40:27.878+0000] {processor.py:161} INFO - Started process (PID=26112) to work on /home/varn1t/ml-pipeline/venv/lib/python3.11/site-packages/airflow/example_dags/example_params_ui_tutorial.py
[2026-05-24T16:40:27.879+0000] {processor.py:830} INFO - Processing file /home/varn1t/ml-pipeline/venv/lib/python3.11/site-packages/airflow/example_dags/example_params_ui_tutorial.py for tasks to queue
[2026-05-24T16:40:27.881+0000] {logging_mixin.py:188} INFO - [2026-05-24T16:40:27.880+0000] {dagbag.py:545} INFO - Filling up the DagBag from /home/varn1t/ml-pipeline/venv/lib/python3.11/site-packages/airflow/example_dags/example_params_ui_tutorial.py
[2026-05-24T16:40:27.890+0000] {processor.py:840} INFO - DAG(s) 'example_params_ui_tutorial' retrieved from /home/varn1t/ml-pipeline/venv/lib/python3.11/site-packages/airflow/example_dags/example_params_ui_tutorial.py
[2026-05-24T16:40:27.911+0000] {logging_mixin.py:188} INFO - [2026-05-24T16:40:27.911+0000] {dag.py:3096} INFO - Sync 1 DAGs
[2026-05-24T16:40:27.918+0000] {logging_mixin.py:188} INFO - [2026-05-24T16:40:27.918+0000] {dag.py:3954} INFO - Setting next_dagrun for example_params_ui_tutorial to None, run_after=None
[2026-05-24T16:40:27.931+0000] {processor.py:183} INFO - Processing /home/varn1t/ml-pipeline/venv/lib/python3.11/site-packages/airflow/example_dags/example_params_ui_tutorial.py took 0.058 seconds
[2026-05-24T16:41:28.884+0000] {processor.py:161} INFO - Started process (PID=26393) to work on /home/varn1t/ml-pipeline/venv/lib/python3.11/site-packages/airflow/example_dags/example_params_ui_tutorial.py
[2026-05-24T16:41:28.885+0000] {processor.py:830} INFO - Processing file /home/varn1t/ml-pipeline/venv/lib/python3.11/site-packages/airflow/example_dags/example_params_ui_tutorial.py for tasks to queue
[2026-05-24T16:41:28.886+0000] {logging_mixin.py:188} INFO - [2026-05-24T16:41:28.886+0000] {dagbag.py:545} INFO - Filling up the DagBag from /home/varn1t/ml-pipeline/venv/lib/python3.11/site-packages/airflow/example_dags/example_params_ui_tutorial.py
[2026-05-24T16:41:28.894+0000] {processor.py:840} INFO - DAG(s) 'example_params_ui_tutorial' retrieved from /home/varn1t/ml-pipeline/venv/lib/python3.11/site-packages/airflow/example_dags/example_params_ui_tutorial.py
[2026-05-24T16:41:28.915+0000] {logging_mixin.py:188} INFO - [2026-05-24T16:41:28.915+0000] {dag.py:3096} INFO - Sync 1 DAGs
[2026-05-24T16:41:28.922+0000] {logging_mixin.py:188} INFO - [2026-05-24T16:41:28.922+0000] {dag.py:3954} INFO - Setting next_dagrun for example_params_ui_tutorial to None, run_after=None
[2026-05-24T16:41:28.935+0000] {processor.py:183} INFO - Processing /home/varn1t/ml-pipeline/venv/lib/python3.11/site-packages/airflow/example_dags/example_params_ui_tutorial.py took 0.056 seconds
[2026-05-24T16:42:28.709+0000] {processor.py:161} INFO - Started process (PID=26675) to work on /home/varn1t/ml-pipeline/venv/lib/python3.11/site-packages/airflow/example_dags/example_params_ui_tutorial.py
[2026-05-24T16:42:28.710+0000] {processor.py:830} INFO - Processing file /home/varn1t/ml-pipeline/venv/lib/python3.11/site-packages/airflow/example_dags/example_params_ui_tutorial.py for tasks to queue
[2026-05-24T16:42:28.711+0000] {logging_mixin.py:188} INFO - [2026-05-24T16:42:28.711+0000] {dagbag.py:545} INFO - Filling up the DagBag from /home/varn1t/ml-pipeline/venv/lib/python3.11/site-packages/airflow/example_dags/example_params_ui_tutorial.py
[2026-05-24T16:42:28.719+0000] {processor.py:840} INFO - DAG(s) 'example_params_ui_tutorial' retrieved from /home/varn1t/ml-pipeline/venv/lib/python3.11/site-packages/airflow/example_dags/example_params_ui_tutorial.py
[2026-05-24T16:42:28.739+0000] {logging_mixin.py:188} INFO - [2026-05-24T16:42:28.739+0000] {dag.py:3096} INFO - Sync 1 DAGs
[2026-05-24T16:42:28.747+0000] {logging_mixin.py:188} INFO - [2026-05-24T16:42:28.747+0000] {dag.py:3954} INFO - Setting next_dagrun for example_params_ui_tutorial to None, run_after=None
[2026-05-24T16:42:28.762+0000] {processor.py:183} INFO - Processing /home/varn1t/ml-pipeline/venv/lib/python3.11/site-packages/airflow/example_dags/example_params_ui_tutorial.py took 0.056 seconds
[2026-05-24T16:43:36.520+0000] {processor.py:161} INFO - Started process (PID=26982) to work on /home/varn1t/ml-pipeline/venv/lib/python3.11/site-packages/airflow/example_dags/example_params_ui_tutorial.py
[2026-05-24T16:43:36.521+0000] {processor.py:830} INFO - Processing file /home/varn1t/ml-pipeline/venv/lib/python3.11/site-packages/airflow/example_dags/example_params_ui_tutorial.py for tasks to queue
[2026-05-24T16:43:36.522+0000] {logging_mixin.py:188} INFO - [2026-05-24T16:43:36.522+0000] {dagbag.py:545} INFO - Filling up the DagBag from /home/varn1t/ml-pipeline/venv/lib/python3.11/site-packages/airflow/example_dags/example_params_ui_tutorial.py
[2026-05-24T16:43:36.530+0000] {processor.py:840} INFO - DAG(s) 'example_params_ui_tutorial' retrieved from /home/varn1t/ml-pipeline/venv/lib/python3.11/site-packages/airflow/example_dags/example_params_ui_tutorial.py
[2026-05-24T16:43:36.553+0000] {logging_mixin.py:188} INFO - [2026-05-24T16:43:36.553+0000] {dag.py:3096} INFO - Sync 1 DAGs
[2026-05-24T16:43:36.561+0000] {logging_mixin.py:188} INFO - [2026-05-24T16:43:36.561+0000] {dag.py:3954} INFO - Setting next_dagrun for example_params_ui_tutorial to None, run_after=None
[2026-05-24T16:43:36.579+0000] {processor.py:183} INFO - Processing /home/varn1t/ml-pipeline/venv/lib/python3.11/site-packages/airflow/example_dags/example_params_ui_tutorial.py took 0.064 seconds
[2026-05-24T16:44:43.566+0000] {processor.py:161} INFO - Started process (PID=27281) to work on /home/varn1t/ml-pipeline/venv/lib/python3.11/site-packages/airflow/example_dags/example_params_ui_tutorial.py
[2026-05-24T16:44:43.567+0000] {processor.py:830} INFO - Processing file /home/varn1t/ml-pipeline/venv/lib/python3.11/site-packages/airflow/example_dags/example_params_ui_tutorial.py for tasks to queue
[2026-05-24T16:44:43.568+0000] {logging_mixin.py:188} INFO - [2026-05-24T16:44:43.568+0000] {dagbag.py:545} INFO - Filling up the DagBag from /home/varn1t/ml-pipeline/venv/lib/python3.11/site-packages/airflow/example_dags/example_params_ui_tutorial.py
[2026-05-24T16:44:43.576+0000] {processor.py:840} INFO - DAG(s) 'example_params_ui_tutorial' retrieved from /home/varn1t/ml-pipeline/venv/lib/python3.11/site-packages/airflow/example_dags/example_params_ui_tutorial.py
[2026-05-24T16:44:43.595+0000] {logging_mixin.py:188} INFO - [2026-05-24T16:44:43.595+0000] {dag.py:3096} INFO - Sync 1 DAGs
[2026-05-24T16:44:43.602+0000] {logging_mixin.py:188} INFO - [2026-05-24T16:44:43.602+0000] {dag.py:3954} INFO - Setting next_dagrun for example_params_ui_tutorial to None, run_after=None
[2026-05-24T16:44:43.617+0000] {processor.py:183} INFO - Processing /home/varn1t/ml-pipeline/venv/lib/python3.11/site-packages/airflow/example_dags/example_params_ui_tutorial.py took 0.055 seconds
[2026-05-24T16:45:51.549+0000] {processor.py:161} INFO - Started process (PID=27584) to work on /home/varn1t/ml-pipeline/venv/lib/python3.11/site-packages/airflow/example_dags/example_params_ui_tutorial.py
[2026-05-24T16:45:51.550+0000] {processor.py:830} INFO - Processing file /home/varn1t/ml-pipeline/venv/lib/python3.11/site-packages/airflow/example_dags/example_params_ui_tutorial.py for tasks to queue
[2026-05-24T16:45:51.551+0000] {logging_mixin.py:188} INFO - [2026-05-24T16:45:51.551+0000] {dagbag.py:545} INFO - Filling up the DagBag from /home/varn1t/ml-pipeline/venv/lib/python3.11/site-packages/airflow/example_dags/example_params_ui_tutorial.py
[2026-05-24T16:45:51.558+0000] {processor.py:840} INFO - DAG(s) 'example_params_ui_tutorial' retrieved from /home/varn1t/ml-pipeline/venv/lib/python3.11/site-packages/airflow/example_dags/example_params_ui_tutorial.py
[2026-05-24T16:45:51.578+0000] {logging_mixin.py:188} INFO - [2026-05-24T16:45:51.578+0000] {dag.py:3096} INFO - Sync 1 DAGs
[2026-05-24T16:45:51.586+0000] {logging_mixin.py:188} INFO - [2026-05-24T16:45:51.586+0000] {dag.py:3954} INFO - Setting next_dagrun for example_params_ui_tutorial to None, run_after=None
[2026-05-24T16:45:51.605+0000] {processor.py:183} INFO - Processing /home/varn1t/ml-pipeline/venv/lib/python3.11/site-packages/airflow/example_dags/example_params_ui_tutorial.py took 0.060 seconds
[2026-05-24T17:09:17.537+0000] {processor.py:161} INFO - Started process (PID=27920) to work on /home/varn1t/ml-pipeline/venv/lib/python3.11/site-packages/airflow/example_dags/example_params_ui_tutorial.py
[2026-05-24T17:09:17.538+0000] {processor.py:830} INFO - Processing file /home/varn1t/ml-pipeline/venv/lib/python3.11/site-packages/airflow/example_dags/example_params_ui_tutorial.py for tasks to queue
[2026-05-24T17:09:17.540+0000] {logging_mixin.py:188} INFO - [2026-05-24T17:09:17.540+0000] {dagbag.py:545} INFO - Filling up the DagBag from /home/varn1t/ml-pipeline/venv/lib/python3.11/site-packages/airflow/example_dags/example_params_ui_tutorial.py
[2026-05-24T17:09:17.550+0000] {processor.py:840} INFO - DAG(s) 'example_params_ui_tutorial' retrieved from /home/varn1t/ml-pipeline/venv/lib/python3.11/site-packages/airflow/example_dags/example_params_ui_tutorial.py
[2026-05-24T17:09:17.574+0000] {logging_mixin.py:188} INFO - [2026-05-24T17:09:17.574+0000] {dag.py:3096} INFO - Sync 1 DAGs
[2026-05-24T17:09:17.584+0000] {logging_mixin.py:188} INFO - [2026-05-24T17:09:17.584+0000] {dag.py:3954} INFO - Setting next_dagrun for example_params_ui_tutorial to None, run_after=None
[2026-05-24T17:09:17.599+0000] {processor.py:183} INFO - Processing /home/varn1t/ml-pipeline/venv/lib/python3.11/site-packages/airflow/example_dags/example_params_ui_tutorial.py took 0.067 seconds
[2026-05-24T17:10:19.280+0000] {processor.py:161} INFO - Started process (PID=28188) to work on /home/varn1t/ml-pipeline/venv/lib/python3.11/site-packages/airflow/example_dags/example_params_ui_tutorial.py
[2026-05-24T17:10:19.280+0000] {processor.py:830} INFO - Processing file /home/varn1t/ml-pipeline/venv/lib/python3.11/site-packages/airflow/example_dags/example_params_ui_tutorial.py for tasks to queue
[2026-05-24T17:10:19.282+0000] {logging_mixin.py:188} INFO - [2026-05-24T17:10:19.281+0000] {dagbag.py:545} INFO - Filling up the DagBag from /home/varn1t/ml-pipeline/venv/lib/python3.11/site-packages/airflow/example_dags/example_params_ui_tutorial.py
[2026-05-24T17:10:19.289+0000] {processor.py:840} INFO - DAG(s) 'example_params_ui_tutorial' retrieved from /home/varn1t/ml-pipeline/venv/lib/python3.11/site-packages/airflow/example_dags/example_params_ui_tutorial.py
[2026-05-24T17:10:19.310+0000] {logging_mixin.py:188} INFO - [2026-05-24T17:10:19.310+0000] {dag.py:3096} INFO - Sync 1 DAGs
[2026-05-24T17:10:19.317+0000] {logging_mixin.py:188} INFO - [2026-05-24T17:10:19.317+0000] {dag.py:3954} INFO - Setting next_dagrun for example_params_ui_tutorial to None, run_after=None
[2026-05-24T17:10:19.331+0000] {processor.py:183} INFO - Processing /home/varn1t/ml-pipeline/venv/lib/python3.11/site-packages/airflow/example_dags/example_params_ui_tutorial.py took 0.056 seconds
[2026-05-24T17:11:24.842+0000] {processor.py:161} INFO - Started process (PID=28484) to work on /home/varn1t/ml-pipeline/venv/lib/python3.11/site-packages/airflow/example_dags/example_params_ui_tutorial.py
[2026-05-24T17:11:24.843+0000] {processor.py:830} INFO - Processing file /home/varn1t/ml-pipeline/venv/lib/python3.11/site-packages/airflow/example_dags/example_params_ui_tutorial.py for tasks to queue
[2026-05-24T17:11:24.845+0000] {logging_mixin.py:188} INFO - [2026-05-24T17:11:24.845+0000] {dagbag.py:545} INFO - Filling up the DagBag from /home/varn1t/ml-pipeline/venv/lib/python3.11/site-packages/airflow/example_dags/example_params_ui_tutorial.py
[2026-05-24T17:11:24.853+0000] {processor.py:840} INFO - DAG(s) 'example_params_ui_tutorial' retrieved from /home/varn1t/ml-pipeline/venv/lib/python3.11/site-packages/airflow/example_dags/example_params_ui_tutorial.py
[2026-05-24T17:11:24.871+0000] {logging_mixin.py:188} INFO - [2026-05-24T17:11:24.871+0000] {dag.py:3096} INFO - Sync 1 DAGs
[2026-05-24T17:11:24.879+0000] {logging_mixin.py:188} INFO - [2026-05-24T17:11:24.878+0000] {dag.py:3954} INFO - Setting next_dagrun for example_params_ui_tutorial to None, run_after=None
[2026-05-24T17:11:24.892+0000] {processor.py:183} INFO - Processing /home/varn1t/ml-pipeline/venv/lib/python3.11/site-packages/airflow/example_dags/example_params_ui_tutorial.py took 0.055 seconds
[2026-05-24T17:12:27.481+0000] {processor.py:161} INFO - Started process (PID=28760) to work on /home/varn1t/ml-pipeline/venv/lib/python3.11/site-packages/airflow/example_dags/example_params_ui_tutorial.py
[2026-05-24T17:12:27.482+0000] {processor.py:830} INFO - Processing file /home/varn1t/ml-pipeline/venv/lib/python3.11/site-packages/airflow/example_dags/example_params_ui_tutorial.py for tasks to queue
[2026-05-24T17:12:27.484+0000] {logging_mixin.py:188} INFO - [2026-05-24T17:12:27.483+0000] {dagbag.py:545} INFO - Filling up the DagBag from /home/varn1t/ml-pipeline/venv/lib/python3.11/site-packages/airflow/example_dags/example_params_ui_tutorial.py
[2026-05-24T17:12:27.494+0000] {processor.py:840} INFO - DAG(s) 'example_params_ui_tutorial' retrieved from /home/varn1t/ml-pipeline/venv/lib/python3.11/site-packages/airflow/example_dags/example_params_ui_tutorial.py
[2026-05-24T17:12:27.518+0000] {logging_mixin.py:188} INFO - [2026-05-24T17:12:27.518+0000] {dag.py:3096} INFO - Sync 1 DAGs
[2026-05-24T17:12:27.528+0000] {logging_mixin.py:188} INFO - [2026-05-24T17:12:27.528+0000] {dag.py:3954} INFO - Setting next_dagrun for example_params_ui_tutorial to None, run_after=None
[2026-05-24T17:12:27.549+0000] {processor.py:183} INFO - Processing /home/varn1t/ml-pipeline/venv/lib/python3.11/site-packages/airflow/example_dags/example_params_ui_tutorial.py took 0.073 seconds
[2026-05-24T17:13:30.899+0000] {processor.py:161} INFO - Started process (PID=29048) to work on /home/varn1t/ml-pipeline/venv/lib/python3.11/site-packages/airflow/example_dags/example_params_ui_tutorial.py
[2026-05-24T17:13:30.900+0000] {processor.py:830} INFO - Processing file /home/varn1t/ml-pipeline/venv/lib/python3.11/site-packages/airflow/example_dags/example_params_ui_tutorial.py for tasks to queue
[2026-05-24T17:13:30.901+0000] {logging_mixin.py:188} INFO - [2026-05-24T17:13:30.901+0000] {dagbag.py:545} INFO - Filling up the DagBag from /home/varn1t/ml-pipeline/venv/lib/python3.11/site-packages/airflow/example_dags/example_params_ui_tutorial.py
[2026-05-24T17:13:30.911+0000] {processor.py:840} INFO - DAG(s) 'example_params_ui_tutorial' retrieved from /home/varn1t/ml-pipeline/venv/lib/python3.11/site-packages/airflow/example_dags/example_params_ui_tutorial.py
[2026-05-24T17:13:30.937+0000] {logging_mixin.py:188} INFO - [2026-05-24T17:13:30.937+0000] {dag.py:3096} INFO - Sync 1 DAGs
[2026-05-24T17:13:30.945+0000] {logging_mixin.py:188} INFO - [2026-05-24T17:13:30.945+0000] {dag.py:3954} INFO - Setting next_dagrun for example_params_ui_tutorial to None, run_after=None
[2026-05-24T17:13:30.959+0000] {processor.py:183} INFO - Processing /home/varn1t/ml-pipeline/venv/lib/python3.11/site-packages/airflow/example_dags/example_params_ui_tutorial.py took 0.065 seconds
[2026-05-24T17:14:32.273+0000] {processor.py:161} INFO - Started process (PID=29339) to work on /home/varn1t/ml-pipeline/venv/lib/python3.11/site-packages/airflow/example_dags/example_params_ui_tutorial.py
[2026-05-24T17:14:32.274+0000] {processor.py:830} INFO - Processing file /home/varn1t/ml-pipeline/venv/lib/python3.11/site-packages/airflow/example_dags/example_params_ui_tutorial.py for tasks to queue
[2026-05-24T17:14:32.276+0000] {logging_mixin.py:188} INFO - [2026-05-24T17:14:32.276+0000] {dagbag.py:545} INFO - Filling up the DagBag from /home/varn1t/ml-pipeline/venv/lib/python3.11/site-packages/airflow/example_dags/example_params_ui_tutorial.py
[2026-05-24T17:14:32.287+0000] {processor.py:840} INFO - DAG(s) 'example_params_ui_tutorial' retrieved from /home/varn1t/ml-pipeline/venv/lib/python3.11/site-packages/airflow/example_dags/example_params_ui_tutorial.py
[2026-05-24T17:14:32.312+0000] {logging_mixin.py:188} INFO - [2026-05-24T17:14:32.312+0000] {dag.py:3096} INFO - Sync 1 DAGs
[2026-05-24T17:14:32.320+0000] {logging_mixin.py:188} INFO - [2026-05-24T17:14:32.320+0000] {dag.py:3954} INFO - Setting next_dagrun for example_params_ui_tutorial to None, run_after=None
[2026-05-24T17:14:32.336+0000] {processor.py:183} INFO - Processing /home/varn1t/ml-pipeline/venv/lib/python3.11/site-packages/airflow/example_dags/example_params_ui_tutorial.py took 0.068 seconds
[2026-05-24T17:15:43.216+0000] {processor.py:161} INFO - Started process (PID=29734) to work on /home/varn1t/ml-pipeline/venv/lib/python3.11/site-packages/airflow/example_dags/example_params_ui_tutorial.py
[2026-05-24T17:15:43.217+0000] {processor.py:830} INFO - Processing file /home/varn1t/ml-pipeline/venv/lib/python3.11/site-packages/airflow/example_dags/example_params_ui_tutorial.py for tasks to queue
[2026-05-24T17:15:43.218+0000] {logging_mixin.py:188} INFO - [2026-05-24T17:15:43.218+0000] {dagbag.py:545} INFO - Filling up the DagBag from /home/varn1t/ml-pipeline/venv/lib/python3.11/site-packages/airflow/example_dags/example_params_ui_tutorial.py
[2026-05-24T17:15:43.226+0000] {processor.py:840} INFO - DAG(s) 'example_params_ui_tutorial' retrieved from /home/varn1t/ml-pipeline/venv/lib/python3.11/site-packages/airflow/example_dags/example_params_ui_tutorial.py
[2026-05-24T17:15:43.245+0000] {logging_mixin.py:188} INFO - [2026-05-24T17:15:43.245+0000] {dag.py:3096} INFO - Sync 1 DAGs
[2026-05-24T17:15:43.251+0000] {logging_mixin.py:188} INFO - [2026-05-24T17:15:43.251+0000] {dag.py:3954} INFO - Setting next_dagrun for example_params_ui_tutorial to None, run_after=None
[2026-05-24T17:15:43.264+0000] {processor.py:183} INFO - Processing /home/varn1t/ml-pipeline/venv/lib/python3.11/site-packages/airflow/example_dags/example_params_ui_tutorial.py took 0.051 seconds
[2026-05-24T17:16:45.991+0000] {processor.py:161} INFO - Started process (PID=30000) to work on /home/varn1t/ml-pipeline/venv/lib/python3.11/site-packages/airflow/example_dags/example_params_ui_tutorial.py
[2026-05-24T17:16:45.992+0000] {processor.py:830} INFO - Processing file /home/varn1t/ml-pipeline/venv/lib/python3.11/site-packages/airflow/example_dags/example_params_ui_tutorial.py for tasks to queue
[2026-05-24T17:16:45.994+0000] {logging_mixin.py:188} INFO - [2026-05-24T17:16:45.993+0000] {dagbag.py:545} INFO - Filling up the DagBag from /home/varn1t/ml-pipeline/venv/lib/python3.11/site-packages/airflow/example_dags/example_params_ui_tutorial.py
[2026-05-24T17:16:46.004+0000] {processor.py:840} INFO - DAG(s) 'example_params_ui_tutorial' retrieved from /home/varn1t/ml-pipeline/venv/lib/python3.11/site-packages/airflow/example_dags/example_params_ui_tutorial.py
[2026-05-24T17:16:46.030+0000] {logging_mixin.py:188} INFO - [2026-05-24T17:16:46.029+0000] {dag.py:3096} INFO - Sync 1 DAGs
[2026-05-24T17:16:46.040+0000] {logging_mixin.py:188} INFO - [2026-05-24T17:16:46.040+0000] {dag.py:3954} INFO - Setting next_dagrun for example_params_ui_tutorial to None, run_after=None
[2026-05-24T17:16:46.061+0000] {processor.py:183} INFO - Processing /home/varn1t/ml-pipeline/venv/lib/python3.11/site-packages/airflow/example_dags/example_params_ui_tutorial.py took 0.078 seconds
[2026-05-24T17:17:58.985+0000] {processor.py:161} INFO - Started process (PID=30691) to work on /home/varn1t/ml-pipeline/venv/lib/python3.11/site-packages/airflow/example_dags/example_params_ui_tutorial.py
[2026-05-24T17:17:58.986+0000] {processor.py:830} INFO - Processing file /home/varn1t/ml-pipeline/venv/lib/python3.11/site-packages/airflow/example_dags/example_params_ui_tutorial.py for tasks to queue
[2026-05-24T17:17:58.988+0000] {logging_mixin.py:188} INFO - [2026-05-24T17:17:58.988+0000] {dagbag.py:545} INFO - Filling up the DagBag from /home/varn1t/ml-pipeline/venv/lib/python3.11/site-packages/airflow/example_dags/example_params_ui_tutorial.py
[2026-05-24T17:17:59.000+0000] {processor.py:840} INFO - DAG(s) 'example_params_ui_tutorial' retrieved from /home/varn1t/ml-pipeline/venv/lib/python3.11/site-packages/airflow/example_dags/example_params_ui_tutorial.py
[2026-05-24T17:17:59.026+0000] {logging_mixin.py:188} INFO - [2026-05-24T17:17:59.026+0000] {dag.py:3096} INFO - Sync 1 DAGs
[2026-05-24T17:17:59.039+0000] {logging_mixin.py:188} INFO - [2026-05-24T17:17:59.039+0000] {dag.py:3954} INFO - Setting next_dagrun for example_params_ui_tutorial to None, run_after=None
[2026-05-24T17:17:59.058+0000] {processor.py:183} INFO - Processing /home/varn1t/ml-pipeline/venv/lib/python3.11/site-packages/airflow/example_dags/example_params_ui_tutorial.py took 0.079 seconds
[2026-05-24T17:19:03.736+0000] {processor.py:161} INFO - Started process (PID=31159) to work on /home/varn1t/ml-pipeline/venv/lib/python3.11/site-packages/airflow/example_dags/example_params_ui_tutorial.py
[2026-05-24T17:19:03.737+0000] {processor.py:830} INFO - Processing file /home/varn1t/ml-pipeline/venv/lib/python3.11/site-packages/airflow/example_dags/example_params_ui_tutorial.py for tasks to queue
[2026-05-24T17:19:03.738+0000] {logging_mixin.py:188} INFO - [2026-05-24T17:19:03.738+0000] {dagbag.py:545} INFO - Filling up the DagBag from /home/varn1t/ml-pipeline/venv/lib/python3.11/site-packages/airflow/example_dags/example_params_ui_tutorial.py
[2026-05-24T17:19:03.746+0000] {processor.py:840} INFO - DAG(s) 'example_params_ui_tutorial' retrieved from /home/varn1t/ml-pipeline/venv/lib/python3.11/site-packages/airflow/example_dags/example_params_ui_tutorial.py
[2026-05-24T17:19:03.772+0000] {logging_mixin.py:188} INFO - [2026-05-24T17:19:03.772+0000] {dag.py:3096} INFO - Sync 1 DAGs
[2026-05-24T17:19:03.781+0000] {logging_mixin.py:188} INFO - [2026-05-24T17:19:03.781+0000] {dag.py:3954} INFO - Setting next_dagrun for example_params_ui_tutorial to None, run_after=None
[2026-05-24T17:19:03.797+0000] {processor.py:183} INFO - Processing /home/varn1t/ml-pipeline/venv/lib/python3.11/site-packages/airflow/example_dags/example_params_ui_tutorial.py took 0.065 seconds
[2026-05-24T17:20:12.543+0000] {processor.py:161} INFO - Started process (PID=31644) to work on /home/varn1t/ml-pipeline/venv/lib/python3.11/site-packages/airflow/example_dags/example_params_ui_tutorial.py
[2026-05-24T17:20:12.544+0000] {processor.py:830} INFO - Processing file /home/varn1t/ml-pipeline/venv/lib/python3.11/site-packages/airflow/example_dags/example_params_ui_tutorial.py for tasks to queue
[2026-05-24T17:20:12.546+0000] {logging_mixin.py:188} INFO - [2026-05-24T17:20:12.545+0000] {dagbag.py:545} INFO - Filling up the DagBag from /home/varn1t/ml-pipeline/venv/lib/python3.11/site-packages/airflow/example_dags/example_params_ui_tutorial.py
[2026-05-24T17:20:12.553+0000] {processor.py:840} INFO - DAG(s) 'example_params_ui_tutorial' retrieved from /home/varn1t/ml-pipeline/venv/lib/python3.11/site-packages/airflow/example_dags/example_params_ui_tutorial.py
[2026-05-24T17:20:12.574+0000] {logging_mixin.py:188} INFO - [2026-05-24T17:20:12.574+0000] {dag.py:3096} INFO - Sync 1 DAGs
[2026-05-24T17:20:12.580+0000] {logging_mixin.py:188} INFO - [2026-05-24T17:20:12.580+0000] {dag.py:3954} INFO - Setting next_dagrun for example_params_ui_tutorial to None, run_after=None
[2026-05-24T17:20:12.592+0000] {processor.py:183} INFO - Processing /home/varn1t/ml-pipeline/venv/lib/python3.11/site-packages/airflow/example_dags/example_params_ui_tutorial.py took 0.053 seconds
[2026-05-24T17:21:19.222+0000] {processor.py:161} INFO - Started process (PID=32085) to work on /home/varn1t/ml-pipeline/venv/lib/python3.11/site-packages/airflow/example_dags/example_params_ui_tutorial.py
[2026-05-24T17:21:19.223+0000] {processor.py:830} INFO - Processing file /home/varn1t/ml-pipeline/venv/lib/python3.11/site-packages/airflow/example_dags/example_params_ui_tutorial.py for tasks to queue
[2026-05-24T17:21:19.225+0000] {logging_mixin.py:188} INFO - [2026-05-24T17:21:19.224+0000] {dagbag.py:545} INFO - Filling up the DagBag from /home/varn1t/ml-pipeline/venv/lib/python3.11/site-packages/airflow/example_dags/example_params_ui_tutorial.py
[2026-05-24T17:21:19.234+0000] {processor.py:840} INFO - DAG(s) 'example_params_ui_tutorial' retrieved from /home/varn1t/ml-pipeline/venv/lib/python3.11/site-packages/airflow/example_dags/example_params_ui_tutorial.py
[2026-05-24T17:21:19.255+0000] {logging_mixin.py:188} INFO - [2026-05-24T17:21:19.255+0000] {dag.py:3096} INFO - Sync 1 DAGs
[2026-05-24T17:21:19.261+0000] {logging_mixin.py:188} INFO - [2026-05-24T17:21:19.261+0000] {dag.py:3954} INFO - Setting next_dagrun for example_params_ui_tutorial to None, run_after=None
[2026-05-24T17:21:19.275+0000] {processor.py:183} INFO - Processing /home/varn1t/ml-pipeline/venv/lib/python3.11/site-packages/airflow/example_dags/example_params_ui_tutorial.py took 0.059 seconds
[2026-05-24T17:22:24.108+0000] {processor.py:161} INFO - Started process (PID=32404) to work on /home/varn1t/ml-pipeline/venv/lib/python3.11/site-packages/airflow/example_dags/example_params_ui_tutorial.py
[2026-05-24T17:22:24.109+0000] {processor.py:830} INFO - Processing file /home/varn1t/ml-pipeline/venv/lib/python3.11/site-packages/airflow/example_dags/example_params_ui_tutorial.py for tasks to queue
[2026-05-24T17:22:24.110+0000] {logging_mixin.py:188} INFO - [2026-05-24T17:22:24.110+0000] {dagbag.py:545} INFO - Filling up the DagBag from /home/varn1t/ml-pipeline/venv/lib/python3.11/site-packages/airflow/example_dags/example_params_ui_tutorial.py
[2026-05-24T17:22:24.118+0000] {processor.py:840} INFO - DAG(s) 'example_params_ui_tutorial' retrieved from /home/varn1t/ml-pipeline/venv/lib/python3.11/site-packages/airflow/example_dags/example_params_ui_tutorial.py
[2026-05-24T17:22:24.138+0000] {logging_mixin.py:188} INFO - [2026-05-24T17:22:24.138+0000] {dag.py:3096} INFO - Sync 1 DAGs
[2026-05-24T17:22:24.144+0000] {logging_mixin.py:188} INFO - [2026-05-24T17:22:24.144+0000] {dag.py:3954} INFO - Setting next_dagrun for example_params_ui_tutorial to None, run_after=None
[2026-05-24T17:22:24.157+0000] {processor.py:183} INFO - Processing /home/varn1t/ml-pipeline/venv/lib/python3.11/site-packages/airflow/example_dags/example_params_ui_tutorial.py took 0.053 seconds
[2026-05-24T17:23:33.330+0000] {processor.py:161} INFO - Started process (PID=32725) to work on /home/varn1t/ml-pipeline/venv/lib/python3.11/site-packages/airflow/example_dags/example_params_ui_tutorial.py
[2026-05-24T17:23:33.331+0000] {processor.py:830} INFO - Processing file /home/varn1t/ml-pipeline/venv/lib/python3.11/site-packages/airflow/example_dags/example_params_ui_tutorial.py for tasks to queue
[2026-05-24T17:23:33.332+0000] {logging_mixin.py:188} INFO - [2026-05-24T17:23:33.332+0000] {dagbag.py:545} INFO - Filling up the DagBag from /home/varn1t/ml-pipeline/venv/lib/python3.11/site-packages/airflow/example_dags/example_params_ui_tutorial.py
[2026-05-24T17:23:33.340+0000] {processor.py:840} INFO - DAG(s) 'example_params_ui_tutorial' retrieved from /home/varn1t/ml-pipeline/venv/lib/python3.11/site-packages/airflow/example_dags/example_params_ui_tutorial.py
[2026-05-24T17:23:33.362+0000] {logging_mixin.py:188} INFO - [2026-05-24T17:23:33.362+0000] {dag.py:3096} INFO - Sync 1 DAGs
[2026-05-24T17:23:33.371+0000] {logging_mixin.py:188} INFO - [2026-05-24T17:23:33.370+0000] {dag.py:3954} INFO - Setting next_dagrun for example_params_ui_tutorial to None, run_after=None
[2026-05-24T17:23:33.387+0000] {processor.py:183} INFO - Processing /home/varn1t/ml-pipeline/venv/lib/python3.11/site-packages/airflow/example_dags/example_params_ui_tutorial.py took 0.062 seconds
[2026-05-24T17:24:36.102+0000] {processor.py:161} INFO - Started process (PID=33153) to work on /home/varn1t/ml-pipeline/venv/lib/python3.11/site-packages/airflow/example_dags/example_params_ui_tutorial.py
[2026-05-24T17:24:36.103+0000] {processor.py:830} INFO - Processing file /home/varn1t/ml-pipeline/venv/lib/python3.11/site-packages/airflow/example_dags/example_params_ui_tutorial.py for tasks to queue
[2026-05-24T17:24:36.104+0000] {logging_mixin.py:188} INFO - [2026-05-24T17:24:36.104+0000] {dagbag.py:545} INFO - Filling up the DagBag from /home/varn1t/ml-pipeline/venv/lib/python3.11/site-packages/airflow/example_dags/example_params_ui_tutorial.py
[2026-05-24T17:24:36.112+0000] {processor.py:840} INFO - DAG(s) 'example_params_ui_tutorial' retrieved from /home/varn1t/ml-pipeline/venv/lib/python3.11/site-packages/airflow/example_dags/example_params_ui_tutorial.py
[2026-05-24T17:24:36.132+0000] {logging_mixin.py:188} INFO - [2026-05-24T17:24:36.132+0000] {dag.py:3096} INFO - Sync 1 DAGs
[2026-05-24T17:24:36.138+0000] {logging_mixin.py:188} INFO - [2026-05-24T17:24:36.138+0000] {dag.py:3954} INFO - Setting next_dagrun for example_params_ui_tutorial to None, run_after=None
[2026-05-24T17:24:36.151+0000] {processor.py:183} INFO - Processing /home/varn1t/ml-pipeline/venv/lib/python3.11/site-packages/airflow/example_dags/example_params_ui_tutorial.py took 0.055 seconds
[2026-05-24T17:25:43.669+0000] {processor.py:161} INFO - Started process (PID=33509) to work on /home/varn1t/ml-pipeline/venv/lib/python3.11/site-packages/airflow/example_dags/example_params_ui_tutorial.py
[2026-05-24T17:25:43.669+0000] {processor.py:830} INFO - Processing file /home/varn1t/ml-pipeline/venv/lib/python3.11/site-packages/airflow/example_dags/example_params_ui_tutorial.py for tasks to queue
[2026-05-24T17:25:43.671+0000] {logging_mixin.py:188} INFO - [2026-05-24T17:25:43.670+0000] {dagbag.py:545} INFO - Filling up the DagBag from /home/varn1t/ml-pipeline/venv/lib/python3.11/site-packages/airflow/example_dags/example_params_ui_tutorial.py
[2026-05-24T17:25:43.680+0000] {processor.py:840} INFO - DAG(s) 'example_params_ui_tutorial' retrieved from /home/varn1t/ml-pipeline/venv/lib/python3.11/site-packages/airflow/example_dags/example_params_ui_tutorial.py
[2026-05-24T17:25:43.702+0000] {logging_mixin.py:188} INFO - [2026-05-24T17:25:43.702+0000] {dag.py:3096} INFO - Sync 1 DAGs
[2026-05-24T17:25:43.711+0000] {logging_mixin.py:188} INFO - [2026-05-24T17:25:43.711+0000] {dag.py:3954} INFO - Setting next_dagrun for example_params_ui_tutorial to None, run_after=None
[2026-05-24T17:25:43.730+0000] {processor.py:183} INFO - Processing /home/varn1t/ml-pipeline/venv/lib/python3.11/site-packages/airflow/example_dags/example_params_ui_tutorial.py took 0.067 seconds
