[2026-05-24T13:29:04.268+0000] {processor.py:161} INFO - Started process (PID=4145) to work on /home/varn1t/ml-pipeline/venv/lib/python3.11/site-packages/airflow/example_dags/example_params_trigger_ui.py
[2026-05-24T13:29:04.268+0000] {processor.py:830} INFO - Processing file /home/varn1t/ml-pipeline/venv/lib/python3.11/site-packages/airflow/example_dags/example_params_trigger_ui.py for tasks to queue
[2026-05-24T13:29:04.270+0000] {logging_mixin.py:188} INFO - [2026-05-24T13:29:04.269+0000] {dagbag.py:545} INFO - Filling up the DagBag from /home/varn1t/ml-pipeline/venv/lib/python3.11/site-packages/airflow/example_dags/example_params_trigger_ui.py
[2026-05-24T13:29:04.282+0000] {processor.py:840} INFO - DAG(s) 'example_params_trigger_ui' retrieved from /home/varn1t/ml-pipeline/venv/lib/python3.11/site-packages/airflow/example_dags/example_params_trigger_ui.py
[2026-05-24T13:29:04.353+0000] {logging_mixin.py:188} INFO - [2026-05-24T13:29:04.353+0000] {dag.py:3096} INFO - Sync 1 DAGs
[2026-05-24T13:29:04.468+0000] {logging_mixin.py:188} INFO - [2026-05-24T13:29:04.468+0000] {dag.py:3954} INFO - Setting next_dagrun for example_params_trigger_ui to None, run_after=None
[2026-05-24T13:29:04.482+0000] {processor.py:183} INFO - Processing /home/varn1t/ml-pipeline/venv/lib/python3.11/site-packages/airflow/example_dags/example_params_trigger_ui.py took 0.218 seconds
[2026-05-24T13:29:58.036+0000] {processor.py:161} INFO - Started process (PID=4396) to work on /home/varn1t/ml-pipeline/venv/lib/python3.11/site-packages/airflow/example_dags/example_params_trigger_ui.py
[2026-05-24T13:29:58.037+0000] {processor.py:830} INFO - Processing file /home/varn1t/ml-pipeline/venv/lib/python3.11/site-packages/airflow/example_dags/example_params_trigger_ui.py for tasks to queue
[2026-05-24T13:29:58.038+0000] {logging_mixin.py:188} INFO - [2026-05-24T13:29:58.038+0000] {dagbag.py:545} INFO - Filling up the DagBag from /home/varn1t/ml-pipeline/venv/lib/python3.11/site-packages/airflow/example_dags/example_params_trigger_ui.py
[2026-05-24T13:29:58.050+0000] {processor.py:840} INFO - DAG(s) 'example_params_trigger_ui' retrieved from /home/varn1t/ml-pipeline/venv/lib/python3.11/site-packages/airflow/example_dags/example_params_trigger_ui.py
[2026-05-24T13:29:58.073+0000] {logging_mixin.py:188} INFO - [2026-05-24T13:29:58.073+0000] {dag.py:3096} INFO - Sync 1 DAGs
[2026-05-24T13:29:58.082+0000] {logging_mixin.py:188} INFO - [2026-05-24T13:29:58.082+0000] {dag.py:3954} INFO - Setting next_dagrun for example_params_trigger_ui to None, run_after=None
[2026-05-24T13:29:58.099+0000] {processor.py:183} INFO - Processing /home/varn1t/ml-pipeline/venv/lib/python3.11/site-packages/airflow/example_dags/example_params_trigger_ui.py took 0.069 seconds
[2026-05-24T13:30:51.099+0000] {processor.py:161} INFO - Started process (PID=4615) to work on /home/varn1t/ml-pipeline/venv/lib/python3.11/site-packages/airflow/example_dags/example_params_trigger_ui.py
[2026-05-24T13:30:51.100+0000] {processor.py:830} INFO - Processing file /home/varn1t/ml-pipeline/venv/lib/python3.11/site-packages/airflow/example_dags/example_params_trigger_ui.py for tasks to queue
[2026-05-24T13:30:51.101+0000] {logging_mixin.py:188} INFO - [2026-05-24T13:30:51.101+0000] {dagbag.py:545} INFO - Filling up the DagBag from /home/varn1t/ml-pipeline/venv/lib/python3.11/site-packages/airflow/example_dags/example_params_trigger_ui.py
[2026-05-24T13:30:51.110+0000] {processor.py:840} INFO - DAG(s) 'example_params_trigger_ui' retrieved from /home/varn1t/ml-pipeline/venv/lib/python3.11/site-packages/airflow/example_dags/example_params_trigger_ui.py
[2026-05-24T13:30:51.131+0000] {logging_mixin.py:188} INFO - [2026-05-24T13:30:51.130+0000] {dag.py:3096} INFO - Sync 1 DAGs
[2026-05-24T13:30:51.139+0000] {logging_mixin.py:188} INFO - [2026-05-24T13:30:51.138+0000] {dag.py:3954} INFO - Setting next_dagrun for example_params_trigger_ui to None, run_after=None
[2026-05-24T13:30:51.157+0000] {processor.py:183} INFO - Processing /home/varn1t/ml-pipeline/venv/lib/python3.11/site-packages/airflow/example_dags/example_params_trigger_ui.py took 0.062 seconds
[2026-05-24T13:31:52.658+0000] {processor.py:161} INFO - Started process (PID=4903) to work on /home/varn1t/ml-pipeline/venv/lib/python3.11/site-packages/airflow/example_dags/example_params_trigger_ui.py
[2026-05-24T13:31:52.659+0000] {processor.py:830} INFO - Processing file /home/varn1t/ml-pipeline/venv/lib/python3.11/site-packages/airflow/example_dags/example_params_trigger_ui.py for tasks to queue
[2026-05-24T13:31:52.660+0000] {logging_mixin.py:188} INFO - [2026-05-24T13:31:52.660+0000] {dagbag.py:545} INFO - Filling up the DagBag from /home/varn1t/ml-pipeline/venv/lib/python3.11/site-packages/airflow/example_dags/example_params_trigger_ui.py
[2026-05-24T13:31:52.671+0000] {processor.py:840} INFO - DAG(s) 'example_params_trigger_ui' retrieved from /home/varn1t/ml-pipeline/venv/lib/python3.11/site-packages/airflow/example_dags/example_params_trigger_ui.py
[2026-05-24T13:31:52.695+0000] {logging_mixin.py:188} INFO - [2026-05-24T13:31:52.694+0000] {dag.py:3096} INFO - Sync 1 DAGs
[2026-05-24T13:31:52.702+0000] {logging_mixin.py:188} INFO - [2026-05-24T13:31:52.702+0000] {dag.py:3954} INFO - Setting next_dagrun for example_params_trigger_ui to None, run_after=None
[2026-05-24T13:31:52.720+0000] {processor.py:183} INFO - Processing /home/varn1t/ml-pipeline/venv/lib/python3.11/site-packages/airflow/example_dags/example_params_trigger_ui.py took 0.067 seconds
[2026-05-24T13:32:49.722+0000] {processor.py:161} INFO - Started process (PID=5147) to work on /home/varn1t/ml-pipeline/venv/lib/python3.11/site-packages/airflow/example_dags/example_params_trigger_ui.py
[2026-05-24T13:32:49.724+0000] {processor.py:830} INFO - Processing file /home/varn1t/ml-pipeline/venv/lib/python3.11/site-packages/airflow/example_dags/example_params_trigger_ui.py for tasks to queue
[2026-05-24T13:32:49.725+0000] {logging_mixin.py:188} INFO - [2026-05-24T13:32:49.725+0000] {dagbag.py:545} INFO - Filling up the DagBag from /home/varn1t/ml-pipeline/venv/lib/python3.11/site-packages/airflow/example_dags/example_params_trigger_ui.py
[2026-05-24T13:32:49.737+0000] {processor.py:840} INFO - DAG(s) 'example_params_trigger_ui' retrieved from /home/varn1t/ml-pipeline/venv/lib/python3.11/site-packages/airflow/example_dags/example_params_trigger_ui.py
[2026-05-24T13:32:49.759+0000] {logging_mixin.py:188} INFO - [2026-05-24T13:32:49.759+0000] {dag.py:3096} INFO - Sync 1 DAGs
[2026-05-24T13:32:49.767+0000] {logging_mixin.py:188} INFO - [2026-05-24T13:32:49.767+0000] {dag.py:3954} INFO - Setting next_dagrun for example_params_trigger_ui to None, run_after=None
[2026-05-24T13:32:49.782+0000] {processor.py:183} INFO - Processing /home/varn1t/ml-pipeline/venv/lib/python3.11/site-packages/airflow/example_dags/example_params_trigger_ui.py took 0.065 seconds
[2026-05-24T13:33:46.818+0000] {processor.py:161} INFO - Started process (PID=5499) to work on /home/varn1t/ml-pipeline/venv/lib/python3.11/site-packages/airflow/example_dags/example_params_trigger_ui.py
[2026-05-24T13:33:46.819+0000] {processor.py:830} INFO - Processing file /home/varn1t/ml-pipeline/venv/lib/python3.11/site-packages/airflow/example_dags/example_params_trigger_ui.py for tasks to queue
[2026-05-24T13:33:46.819+0000] {logging_mixin.py:188} INFO - [2026-05-24T13:33:46.819+0000] {dagbag.py:545} INFO - Filling up the DagBag from /home/varn1t/ml-pipeline/venv/lib/python3.11/site-packages/airflow/example_dags/example_params_trigger_ui.py
[2026-05-24T13:33:46.834+0000] {processor.py:840} INFO - DAG(s) 'example_params_trigger_ui' retrieved from /home/varn1t/ml-pipeline/venv/lib/python3.11/site-packages/airflow/example_dags/example_params_trigger_ui.py
[2026-05-24T13:33:46.860+0000] {logging_mixin.py:188} INFO - [2026-05-24T13:33:46.859+0000] {dag.py:3096} INFO - Sync 1 DAGs
[2026-05-24T13:33:46.869+0000] {logging_mixin.py:188} INFO - [2026-05-24T13:33:46.869+0000] {dag.py:3954} INFO - Setting next_dagrun for example_params_trigger_ui to None, run_after=None
[2026-05-24T13:33:46.883+0000] {processor.py:183} INFO - Processing /home/varn1t/ml-pipeline/venv/lib/python3.11/site-packages/airflow/example_dags/example_params_trigger_ui.py took 0.070 seconds
[2026-05-24T13:34:41.505+0000] {processor.py:161} INFO - Started process (PID=5894) to work on /home/varn1t/ml-pipeline/venv/lib/python3.11/site-packages/airflow/example_dags/example_params_trigger_ui.py
[2026-05-24T13:34:41.506+0000] {processor.py:830} INFO - Processing file /home/varn1t/ml-pipeline/venv/lib/python3.11/site-packages/airflow/example_dags/example_params_trigger_ui.py for tasks to queue
[2026-05-24T13:34:41.506+0000] {logging_mixin.py:188} INFO - [2026-05-24T13:34:41.506+0000] {dagbag.py:545} INFO - Filling up the DagBag from /home/varn1t/ml-pipeline/venv/lib/python3.11/site-packages/airflow/example_dags/example_params_trigger_ui.py
[2026-05-24T13:34:41.515+0000] {processor.py:840} INFO - DAG(s) 'example_params_trigger_ui' retrieved from /home/varn1t/ml-pipeline/venv/lib/python3.11/site-packages/airflow/example_dags/example_params_trigger_ui.py
[2026-05-24T13:34:41.533+0000] {logging_mixin.py:188} INFO - [2026-05-24T13:34:41.533+0000] {dag.py:3096} INFO - Sync 1 DAGs
[2026-05-24T13:34:41.540+0000] {logging_mixin.py:188} INFO - [2026-05-24T13:34:41.540+0000] {dag.py:3954} INFO - Setting next_dagrun for example_params_trigger_ui to None, run_after=None
[2026-05-24T13:34:41.556+0000] {processor.py:183} INFO - Processing /home/varn1t/ml-pipeline/venv/lib/python3.11/site-packages/airflow/example_dags/example_params_trigger_ui.py took 0.054 seconds
[2026-05-24T13:35:41.529+0000] {processor.py:161} INFO - Started process (PID=6281) to work on /home/varn1t/ml-pipeline/venv/lib/python3.11/site-packages/airflow/example_dags/example_params_trigger_ui.py
[2026-05-24T13:35:41.530+0000] {processor.py:830} INFO - Processing file /home/varn1t/ml-pipeline/venv/lib/python3.11/site-packages/airflow/example_dags/example_params_trigger_ui.py for tasks to queue
[2026-05-24T13:35:41.531+0000] {logging_mixin.py:188} INFO - [2026-05-24T13:35:41.531+0000] {dagbag.py:545} INFO - Filling up the DagBag from /home/varn1t/ml-pipeline/venv/lib/python3.11/site-packages/airflow/example_dags/example_params_trigger_ui.py
[2026-05-24T13:35:41.543+0000] {processor.py:840} INFO - DAG(s) 'example_params_trigger_ui' retrieved from /home/varn1t/ml-pipeline/venv/lib/python3.11/site-packages/airflow/example_dags/example_params_trigger_ui.py
[2026-05-24T13:35:41.565+0000] {logging_mixin.py:188} INFO - [2026-05-24T13:35:41.564+0000] {dag.py:3096} INFO - Sync 1 DAGs
[2026-05-24T13:35:41.573+0000] {logging_mixin.py:188} INFO - [2026-05-24T13:35:41.573+0000] {dag.py:3954} INFO - Setting next_dagrun for example_params_trigger_ui to None, run_after=None
[2026-05-24T13:35:41.593+0000] {processor.py:183} INFO - Processing /home/varn1t/ml-pipeline/venv/lib/python3.11/site-packages/airflow/example_dags/example_params_trigger_ui.py took 0.069 seconds
[2026-05-24T13:36:39.472+0000] {processor.py:161} INFO - Started process (PID=6560) to work on /home/varn1t/ml-pipeline/venv/lib/python3.11/site-packages/airflow/example_dags/example_params_trigger_ui.py
[2026-05-24T13:36:39.473+0000] {processor.py:830} INFO - Processing file /home/varn1t/ml-pipeline/venv/lib/python3.11/site-packages/airflow/example_dags/example_params_trigger_ui.py for tasks to queue
[2026-05-24T13:36:39.474+0000] {logging_mixin.py:188} INFO - [2026-05-24T13:36:39.473+0000] {dagbag.py:545} INFO - Filling up the DagBag from /home/varn1t/ml-pipeline/venv/lib/python3.11/site-packages/airflow/example_dags/example_params_trigger_ui.py
[2026-05-24T13:36:39.487+0000] {processor.py:840} INFO - DAG(s) 'example_params_trigger_ui' retrieved from /home/varn1t/ml-pipeline/venv/lib/python3.11/site-packages/airflow/example_dags/example_params_trigger_ui.py
[2026-05-24T13:36:39.508+0000] {logging_mixin.py:188} INFO - [2026-05-24T13:36:39.507+0000] {dag.py:3096} INFO - Sync 1 DAGs
[2026-05-24T13:36:39.514+0000] {logging_mixin.py:188} INFO - [2026-05-24T13:36:39.514+0000] {dag.py:3954} INFO - Setting next_dagrun for example_params_trigger_ui to None, run_after=None
[2026-05-24T13:36:39.528+0000] {processor.py:183} INFO - Processing /home/varn1t/ml-pipeline/venv/lib/python3.11/site-packages/airflow/example_dags/example_params_trigger_ui.py took 0.060 seconds
[2026-05-24T13:37:36.255+0000] {processor.py:161} INFO - Started process (PID=7207) to work on /home/varn1t/ml-pipeline/venv/lib/python3.11/site-packages/airflow/example_dags/example_params_trigger_ui.py
[2026-05-24T13:37:36.256+0000] {processor.py:830} INFO - Processing file /home/varn1t/ml-pipeline/venv/lib/python3.11/site-packages/airflow/example_dags/example_params_trigger_ui.py for tasks to queue
[2026-05-24T13:37:36.257+0000] {logging_mixin.py:188} INFO - [2026-05-24T13:37:36.257+0000] {dagbag.py:545} INFO - Filling up the DagBag from /home/varn1t/ml-pipeline/venv/lib/python3.11/site-packages/airflow/example_dags/example_params_trigger_ui.py
[2026-05-24T13:37:36.275+0000] {processor.py:840} INFO - DAG(s) 'example_params_trigger_ui' retrieved from /home/varn1t/ml-pipeline/venv/lib/python3.11/site-packages/airflow/example_dags/example_params_trigger_ui.py
[2026-05-24T13:37:36.303+0000] {logging_mixin.py:188} INFO - [2026-05-24T13:37:36.303+0000] {dag.py:3096} INFO - Sync 1 DAGs
[2026-05-24T13:37:36.311+0000] {logging_mixin.py:188} INFO - [2026-05-24T13:37:36.310+0000] {dag.py:3954} INFO - Setting next_dagrun for example_params_trigger_ui to None, run_after=None
[2026-05-24T13:37:36.326+0000] {processor.py:183} INFO - Processing /home/varn1t/ml-pipeline/venv/lib/python3.11/site-packages/airflow/example_dags/example_params_trigger_ui.py took 0.076 seconds
[2026-05-24T13:38:24.077+0000] {processor.py:161} INFO - Started process (PID=7427) to work on /home/varn1t/ml-pipeline/venv/lib/python3.11/site-packages/airflow/example_dags/example_params_trigger_ui.py
[2026-05-24T13:38:24.078+0000] {processor.py:830} INFO - Processing file /home/varn1t/ml-pipeline/venv/lib/python3.11/site-packages/airflow/example_dags/example_params_trigger_ui.py for tasks to queue
[2026-05-24T13:38:24.079+0000] {logging_mixin.py:188} INFO - [2026-05-24T13:38:24.079+0000] {dagbag.py:545} INFO - Filling up the DagBag from /home/varn1t/ml-pipeline/venv/lib/python3.11/site-packages/airflow/example_dags/example_params_trigger_ui.py
[2026-05-24T13:38:24.088+0000] {processor.py:840} INFO - DAG(s) 'example_params_trigger_ui' retrieved from /home/varn1t/ml-pipeline/venv/lib/python3.11/site-packages/airflow/example_dags/example_params_trigger_ui.py
[2026-05-24T13:38:24.107+0000] {logging_mixin.py:188} INFO - [2026-05-24T13:38:24.107+0000] {dag.py:3096} INFO - Sync 1 DAGs
[2026-05-24T13:38:24.115+0000] {logging_mixin.py:188} INFO - [2026-05-24T13:38:24.115+0000] {dag.py:3954} INFO - Setting next_dagrun for example_params_trigger_ui to None, run_after=None
[2026-05-24T13:38:24.133+0000] {processor.py:183} INFO - Processing /home/varn1t/ml-pipeline/venv/lib/python3.11/site-packages/airflow/example_dags/example_params_trigger_ui.py took 0.059 seconds
[2026-05-24T13:39:21.523+0000] {processor.py:161} INFO - Started process (PID=7698) to work on /home/varn1t/ml-pipeline/venv/lib/python3.11/site-packages/airflow/example_dags/example_params_trigger_ui.py
[2026-05-24T13:39:21.524+0000] {processor.py:830} INFO - Processing file /home/varn1t/ml-pipeline/venv/lib/python3.11/site-packages/airflow/example_dags/example_params_trigger_ui.py for tasks to queue
[2026-05-24T13:39:21.525+0000] {logging_mixin.py:188} INFO - [2026-05-24T13:39:21.524+0000] {dagbag.py:545} INFO - Filling up the DagBag from /home/varn1t/ml-pipeline/venv/lib/python3.11/site-packages/airflow/example_dags/example_params_trigger_ui.py
[2026-05-24T13:39:21.534+0000] {processor.py:840} INFO - DAG(s) 'example_params_trigger_ui' retrieved from /home/varn1t/ml-pipeline/venv/lib/python3.11/site-packages/airflow/example_dags/example_params_trigger_ui.py
[2026-05-24T13:39:21.552+0000] {logging_mixin.py:188} INFO - [2026-05-24T13:39:21.552+0000] {dag.py:3096} INFO - Sync 1 DAGs
[2026-05-24T13:39:21.558+0000] {logging_mixin.py:188} INFO - [2026-05-24T13:39:21.558+0000] {dag.py:3954} INFO - Setting next_dagrun for example_params_trigger_ui to None, run_after=None
[2026-05-24T13:39:21.573+0000] {processor.py:183} INFO - Processing /home/varn1t/ml-pipeline/venv/lib/python3.11/site-packages/airflow/example_dags/example_params_trigger_ui.py took 0.053 seconds
[2026-05-24T13:40:23.164+0000] {processor.py:161} INFO - Started process (PID=7958) to work on /home/varn1t/ml-pipeline/venv/lib/python3.11/site-packages/airflow/example_dags/example_params_trigger_ui.py
[2026-05-24T13:40:23.166+0000] {processor.py:830} INFO - Processing file /home/varn1t/ml-pipeline/venv/lib/python3.11/site-packages/airflow/example_dags/example_params_trigger_ui.py for tasks to queue
[2026-05-24T13:40:23.166+0000] {logging_mixin.py:188} INFO - [2026-05-24T13:40:23.166+0000] {dagbag.py:545} INFO - Filling up the DagBag from /home/varn1t/ml-pipeline/venv/lib/python3.11/site-packages/airflow/example_dags/example_params_trigger_ui.py
[2026-05-24T13:40:23.178+0000] {processor.py:840} INFO - DAG(s) 'example_params_trigger_ui' retrieved from /home/varn1t/ml-pipeline/venv/lib/python3.11/site-packages/airflow/example_dags/example_params_trigger_ui.py
[2026-05-24T13:40:23.202+0000] {logging_mixin.py:188} INFO - [2026-05-24T13:40:23.202+0000] {dag.py:3096} INFO - Sync 1 DAGs
[2026-05-24T13:40:23.211+0000] {logging_mixin.py:188} INFO - [2026-05-24T13:40:23.210+0000] {dag.py:3954} INFO - Setting next_dagrun for example_params_trigger_ui to None, run_after=None
[2026-05-24T13:40:23.228+0000] {processor.py:183} INFO - Processing /home/varn1t/ml-pipeline/venv/lib/python3.11/site-packages/airflow/example_dags/example_params_trigger_ui.py took 0.070 seconds
[2026-05-24T13:41:18.840+0000] {processor.py:161} INFO - Started process (PID=8212) to work on /home/varn1t/ml-pipeline/venv/lib/python3.11/site-packages/airflow/example_dags/example_params_trigger_ui.py
[2026-05-24T13:41:18.841+0000] {processor.py:830} INFO - Processing file /home/varn1t/ml-pipeline/venv/lib/python3.11/site-packages/airflow/example_dags/example_params_trigger_ui.py for tasks to queue
[2026-05-24T13:41:18.841+0000] {logging_mixin.py:188} INFO - [2026-05-24T13:41:18.841+0000] {dagbag.py:545} INFO - Filling up the DagBag from /home/varn1t/ml-pipeline/venv/lib/python3.11/site-packages/airflow/example_dags/example_params_trigger_ui.py
[2026-05-24T13:41:18.852+0000] {processor.py:840} INFO - DAG(s) 'example_params_trigger_ui' retrieved from /home/varn1t/ml-pipeline/venv/lib/python3.11/site-packages/airflow/example_dags/example_params_trigger_ui.py
[2026-05-24T13:41:18.874+0000] {logging_mixin.py:188} INFO - [2026-05-24T13:41:18.874+0000] {dag.py:3096} INFO - Sync 1 DAGs
[2026-05-24T13:41:18.884+0000] {logging_mixin.py:188} INFO - [2026-05-24T13:41:18.884+0000] {dag.py:3954} INFO - Setting next_dagrun for example_params_trigger_ui to None, run_after=None
[2026-05-24T13:41:18.900+0000] {processor.py:183} INFO - Processing /home/varn1t/ml-pipeline/venv/lib/python3.11/site-packages/airflow/example_dags/example_params_trigger_ui.py took 0.066 seconds
[2026-05-24T13:42:20.294+0000] {processor.py:161} INFO - Started process (PID=8475) to work on /home/varn1t/ml-pipeline/venv/lib/python3.11/site-packages/airflow/example_dags/example_params_trigger_ui.py
[2026-05-24T13:42:20.295+0000] {processor.py:830} INFO - Processing file /home/varn1t/ml-pipeline/venv/lib/python3.11/site-packages/airflow/example_dags/example_params_trigger_ui.py for tasks to queue
[2026-05-24T13:42:20.296+0000] {logging_mixin.py:188} INFO - [2026-05-24T13:42:20.295+0000] {dagbag.py:545} INFO - Filling up the DagBag from /home/varn1t/ml-pipeline/venv/lib/python3.11/site-packages/airflow/example_dags/example_params_trigger_ui.py
[2026-05-24T13:42:20.304+0000] {processor.py:840} INFO - DAG(s) 'example_params_trigger_ui' retrieved from /home/varn1t/ml-pipeline/venv/lib/python3.11/site-packages/airflow/example_dags/example_params_trigger_ui.py
[2026-05-24T13:42:20.324+0000] {logging_mixin.py:188} INFO - [2026-05-24T13:42:20.324+0000] {dag.py:3096} INFO - Sync 1 DAGs
[2026-05-24T13:42:20.332+0000] {logging_mixin.py:188} INFO - [2026-05-24T13:42:20.331+0000] {dag.py:3954} INFO - Setting next_dagrun for example_params_trigger_ui to None, run_after=None
[2026-05-24T13:42:20.348+0000] {processor.py:183} INFO - Processing /home/varn1t/ml-pipeline/venv/lib/python3.11/site-packages/airflow/example_dags/example_params_trigger_ui.py took 0.057 seconds
[2026-05-24T13:43:23.957+0000] {processor.py:161} INFO - Started process (PID=8756) to work on /home/varn1t/ml-pipeline/venv/lib/python3.11/site-packages/airflow/example_dags/example_params_trigger_ui.py
[2026-05-24T13:43:23.959+0000] {processor.py:830} INFO - Processing file /home/varn1t/ml-pipeline/venv/lib/python3.11/site-packages/airflow/example_dags/example_params_trigger_ui.py for tasks to queue
[2026-05-24T13:43:23.959+0000] {logging_mixin.py:188} INFO - [2026-05-24T13:43:23.959+0000] {dagbag.py:545} INFO - Filling up the DagBag from /home/varn1t/ml-pipeline/venv/lib/python3.11/site-packages/airflow/example_dags/example_params_trigger_ui.py
[2026-05-24T13:43:23.971+0000] {processor.py:840} INFO - DAG(s) 'example_params_trigger_ui' retrieved from /home/varn1t/ml-pipeline/venv/lib/python3.11/site-packages/airflow/example_dags/example_params_trigger_ui.py
[2026-05-24T13:43:23.992+0000] {logging_mixin.py:188} INFO - [2026-05-24T13:43:23.992+0000] {dag.py:3096} INFO - Sync 1 DAGs
[2026-05-24T13:43:23.999+0000] {logging_mixin.py:188} INFO - [2026-05-24T13:43:23.999+0000] {dag.py:3954} INFO - Setting next_dagrun for example_params_trigger_ui to None, run_after=None
[2026-05-24T13:43:24.014+0000] {processor.py:183} INFO - Processing /home/varn1t/ml-pipeline/venv/lib/python3.11/site-packages/airflow/example_dags/example_params_trigger_ui.py took 0.062 seconds
[2026-05-24T13:44:27.618+0000] {processor.py:161} INFO - Started process (PID=9046) to work on /home/varn1t/ml-pipeline/venv/lib/python3.11/site-packages/airflow/example_dags/example_params_trigger_ui.py
[2026-05-24T13:44:27.619+0000] {processor.py:830} INFO - Processing file /home/varn1t/ml-pipeline/venv/lib/python3.11/site-packages/airflow/example_dags/example_params_trigger_ui.py for tasks to queue
[2026-05-24T13:44:27.619+0000] {logging_mixin.py:188} INFO - [2026-05-24T13:44:27.619+0000] {dagbag.py:545} INFO - Filling up the DagBag from /home/varn1t/ml-pipeline/venv/lib/python3.11/site-packages/airflow/example_dags/example_params_trigger_ui.py
[2026-05-24T13:44:27.630+0000] {processor.py:840} INFO - DAG(s) 'example_params_trigger_ui' retrieved from /home/varn1t/ml-pipeline/venv/lib/python3.11/site-packages/airflow/example_dags/example_params_trigger_ui.py
[2026-05-24T13:44:27.649+0000] {logging_mixin.py:188} INFO - [2026-05-24T13:44:27.649+0000] {dag.py:3096} INFO - Sync 1 DAGs
[2026-05-24T13:44:27.656+0000] {logging_mixin.py:188} INFO - [2026-05-24T13:44:27.656+0000] {dag.py:3954} INFO - Setting next_dagrun for example_params_trigger_ui to None, run_after=None
[2026-05-24T13:44:27.672+0000] {processor.py:183} INFO - Processing /home/varn1t/ml-pipeline/venv/lib/python3.11/site-packages/airflow/example_dags/example_params_trigger_ui.py took 0.059 seconds
[2026-05-24T13:45:29.372+0000] {processor.py:161} INFO - Started process (PID=9324) to work on /home/varn1t/ml-pipeline/venv/lib/python3.11/site-packages/airflow/example_dags/example_params_trigger_ui.py
[2026-05-24T13:45:29.373+0000] {processor.py:830} INFO - Processing file /home/varn1t/ml-pipeline/venv/lib/python3.11/site-packages/airflow/example_dags/example_params_trigger_ui.py for tasks to queue
[2026-05-24T13:45:29.374+0000] {logging_mixin.py:188} INFO - [2026-05-24T13:45:29.373+0000] {dagbag.py:545} INFO - Filling up the DagBag from /home/varn1t/ml-pipeline/venv/lib/python3.11/site-packages/airflow/example_dags/example_params_trigger_ui.py
[2026-05-24T13:45:29.385+0000] {processor.py:840} INFO - DAG(s) 'example_params_trigger_ui' retrieved from /home/varn1t/ml-pipeline/venv/lib/python3.11/site-packages/airflow/example_dags/example_params_trigger_ui.py
[2026-05-24T13:45:29.405+0000] {logging_mixin.py:188} INFO - [2026-05-24T13:45:29.404+0000] {dag.py:3096} INFO - Sync 1 DAGs
[2026-05-24T13:45:29.412+0000] {logging_mixin.py:188} INFO - [2026-05-24T13:45:29.412+0000] {dag.py:3954} INFO - Setting next_dagrun for example_params_trigger_ui to None, run_after=None
[2026-05-24T13:45:29.431+0000] {processor.py:183} INFO - Processing /home/varn1t/ml-pipeline/venv/lib/python3.11/site-packages/airflow/example_dags/example_params_trigger_ui.py took 0.063 seconds
[2026-05-24T13:46:34.398+0000] {processor.py:161} INFO - Started process (PID=9604) to work on /home/varn1t/ml-pipeline/venv/lib/python3.11/site-packages/airflow/example_dags/example_params_trigger_ui.py
[2026-05-24T13:46:34.399+0000] {processor.py:830} INFO - Processing file /home/varn1t/ml-pipeline/venv/lib/python3.11/site-packages/airflow/example_dags/example_params_trigger_ui.py for tasks to queue
[2026-05-24T13:46:34.400+0000] {logging_mixin.py:188} INFO - [2026-05-24T13:46:34.399+0000] {dagbag.py:545} INFO - Filling up the DagBag from /home/varn1t/ml-pipeline/venv/lib/python3.11/site-packages/airflow/example_dags/example_params_trigger_ui.py
[2026-05-24T13:46:34.413+0000] {processor.py:840} INFO - DAG(s) 'example_params_trigger_ui' retrieved from /home/varn1t/ml-pipeline/venv/lib/python3.11/site-packages/airflow/example_dags/example_params_trigger_ui.py
[2026-05-24T13:46:34.439+0000] {logging_mixin.py:188} INFO - [2026-05-24T13:46:34.439+0000] {dag.py:3096} INFO - Sync 1 DAGs
[2026-05-24T13:46:34.449+0000] {logging_mixin.py:188} INFO - [2026-05-24T13:46:34.449+0000] {dag.py:3954} INFO - Setting next_dagrun for example_params_trigger_ui to None, run_after=None
[2026-05-24T13:46:34.467+0000] {processor.py:183} INFO - Processing /home/varn1t/ml-pipeline/venv/lib/python3.11/site-packages/airflow/example_dags/example_params_trigger_ui.py took 0.073 seconds
[2026-05-24T13:47:39.732+0000] {processor.py:161} INFO - Started process (PID=9888) to work on /home/varn1t/ml-pipeline/venv/lib/python3.11/site-packages/airflow/example_dags/example_params_trigger_ui.py
[2026-05-24T13:47:39.733+0000] {processor.py:830} INFO - Processing file /home/varn1t/ml-pipeline/venv/lib/python3.11/site-packages/airflow/example_dags/example_params_trigger_ui.py for tasks to queue
[2026-05-24T13:47:39.734+0000] {logging_mixin.py:188} INFO - [2026-05-24T13:47:39.733+0000] {dagbag.py:545} INFO - Filling up the DagBag from /home/varn1t/ml-pipeline/venv/lib/python3.11/site-packages/airflow/example_dags/example_params_trigger_ui.py
[2026-05-24T13:47:39.746+0000] {processor.py:840} INFO - DAG(s) 'example_params_trigger_ui' retrieved from /home/varn1t/ml-pipeline/venv/lib/python3.11/site-packages/airflow/example_dags/example_params_trigger_ui.py
[2026-05-24T13:47:39.768+0000] {logging_mixin.py:188} INFO - [2026-05-24T13:47:39.768+0000] {dag.py:3096} INFO - Sync 1 DAGs
[2026-05-24T13:47:39.776+0000] {logging_mixin.py:188} INFO - [2026-05-24T13:47:39.776+0000] {dag.py:3954} INFO - Setting next_dagrun for example_params_trigger_ui to None, run_after=None
[2026-05-24T13:47:39.796+0000] {processor.py:183} INFO - Processing /home/varn1t/ml-pipeline/venv/lib/python3.11/site-packages/airflow/example_dags/example_params_trigger_ui.py took 0.068 seconds
[2026-05-24T13:48:40.650+0000] {processor.py:161} INFO - Started process (PID=10447) to work on /home/varn1t/ml-pipeline/venv/lib/python3.11/site-packages/airflow/example_dags/example_params_trigger_ui.py
[2026-05-24T13:48:40.652+0000] {processor.py:830} INFO - Processing file /home/varn1t/ml-pipeline/venv/lib/python3.11/site-packages/airflow/example_dags/example_params_trigger_ui.py for tasks to queue
[2026-05-24T13:48:40.652+0000] {logging_mixin.py:188} INFO - [2026-05-24T13:48:40.652+0000] {dagbag.py:545} INFO - Filling up the DagBag from /home/varn1t/ml-pipeline/venv/lib/python3.11/site-packages/airflow/example_dags/example_params_trigger_ui.py
[2026-05-24T13:48:40.669+0000] {processor.py:840} INFO - DAG(s) 'example_params_trigger_ui' retrieved from /home/varn1t/ml-pipeline/venv/lib/python3.11/site-packages/airflow/example_dags/example_params_trigger_ui.py
[2026-05-24T13:48:40.694+0000] {logging_mixin.py:188} INFO - [2026-05-24T13:48:40.694+0000] {dag.py:3096} INFO - Sync 1 DAGs
[2026-05-24T13:48:40.702+0000] {logging_mixin.py:188} INFO - [2026-05-24T13:48:40.702+0000] {dag.py:3954} INFO - Setting next_dagrun for example_params_trigger_ui to None, run_after=None
[2026-05-24T13:48:40.725+0000] {processor.py:183} INFO - Processing /home/varn1t/ml-pipeline/venv/lib/python3.11/site-packages/airflow/example_dags/example_params_trigger_ui.py took 0.083 seconds
[2026-05-24T13:49:41.701+0000] {processor.py:161} INFO - Started process (PID=11234) to work on /home/varn1t/ml-pipeline/venv/lib/python3.11/site-packages/airflow/example_dags/example_params_trigger_ui.py
[2026-05-24T13:49:41.703+0000] {processor.py:830} INFO - Processing file /home/varn1t/ml-pipeline/venv/lib/python3.11/site-packages/airflow/example_dags/example_params_trigger_ui.py for tasks to queue
[2026-05-24T13:49:41.703+0000] {logging_mixin.py:188} INFO - [2026-05-24T13:49:41.703+0000] {dagbag.py:545} INFO - Filling up the DagBag from /home/varn1t/ml-pipeline/venv/lib/python3.11/site-packages/airflow/example_dags/example_params_trigger_ui.py
[2026-05-24T13:49:41.713+0000] {processor.py:840} INFO - DAG(s) 'example_params_trigger_ui' retrieved from /home/varn1t/ml-pipeline/venv/lib/python3.11/site-packages/airflow/example_dags/example_params_trigger_ui.py
[2026-05-24T13:49:41.731+0000] {logging_mixin.py:188} INFO - [2026-05-24T13:49:41.731+0000] {dag.py:3096} INFO - Sync 1 DAGs
[2026-05-24T13:49:41.736+0000] {logging_mixin.py:188} INFO - [2026-05-24T13:49:41.736+0000] {dag.py:3954} INFO - Setting next_dagrun for example_params_trigger_ui to None, run_after=None
[2026-05-24T13:49:41.750+0000] {processor.py:183} INFO - Processing /home/varn1t/ml-pipeline/venv/lib/python3.11/site-packages/airflow/example_dags/example_params_trigger_ui.py took 0.053 seconds
[2026-05-24T13:50:41.477+0000] {processor.py:161} INFO - Started process (PID=11583) to work on /home/varn1t/ml-pipeline/venv/lib/python3.11/site-packages/airflow/example_dags/example_params_trigger_ui.py
[2026-05-24T13:50:41.478+0000] {processor.py:830} INFO - Processing file /home/varn1t/ml-pipeline/venv/lib/python3.11/site-packages/airflow/example_dags/example_params_trigger_ui.py for tasks to queue
[2026-05-24T13:50:41.478+0000] {logging_mixin.py:188} INFO - [2026-05-24T13:50:41.478+0000] {dagbag.py:545} INFO - Filling up the DagBag from /home/varn1t/ml-pipeline/venv/lib/python3.11/site-packages/airflow/example_dags/example_params_trigger_ui.py
[2026-05-24T13:50:41.488+0000] {processor.py:840} INFO - DAG(s) 'example_params_trigger_ui' retrieved from /home/varn1t/ml-pipeline/venv/lib/python3.11/site-packages/airflow/example_dags/example_params_trigger_ui.py
[2026-05-24T13:50:41.512+0000] {logging_mixin.py:188} INFO - [2026-05-24T13:50:41.512+0000] {dag.py:3096} INFO - Sync 1 DAGs
[2026-05-24T13:50:41.518+0000] {logging_mixin.py:188} INFO - [2026-05-24T13:50:41.518+0000] {dag.py:3954} INFO - Setting next_dagrun for example_params_trigger_ui to None, run_after=None
[2026-05-24T13:50:41.534+0000] {processor.py:183} INFO - Processing /home/varn1t/ml-pipeline/venv/lib/python3.11/site-packages/airflow/example_dags/example_params_trigger_ui.py took 0.061 seconds
[2026-05-24T13:51:44.291+0000] {processor.py:161} INFO - Started process (PID=12067) to work on /home/varn1t/ml-pipeline/venv/lib/python3.11/site-packages/airflow/example_dags/example_params_trigger_ui.py
[2026-05-24T13:51:44.291+0000] {processor.py:830} INFO - Processing file /home/varn1t/ml-pipeline/venv/lib/python3.11/site-packages/airflow/example_dags/example_params_trigger_ui.py for tasks to queue
[2026-05-24T13:51:44.292+0000] {logging_mixin.py:188} INFO - [2026-05-24T13:51:44.292+0000] {dagbag.py:545} INFO - Filling up the DagBag from /home/varn1t/ml-pipeline/venv/lib/python3.11/site-packages/airflow/example_dags/example_params_trigger_ui.py
[2026-05-24T13:51:44.304+0000] {processor.py:840} INFO - DAG(s) 'example_params_trigger_ui' retrieved from /home/varn1t/ml-pipeline/venv/lib/python3.11/site-packages/airflow/example_dags/example_params_trigger_ui.py
[2026-05-24T13:51:44.323+0000] {logging_mixin.py:188} INFO - [2026-05-24T13:51:44.323+0000] {dag.py:3096} INFO - Sync 1 DAGs
[2026-05-24T13:51:44.330+0000] {logging_mixin.py:188} INFO - [2026-05-24T13:51:44.329+0000] {dag.py:3954} INFO - Setting next_dagrun for example_params_trigger_ui to None, run_after=None
[2026-05-24T13:51:44.347+0000] {processor.py:183} INFO - Processing /home/varn1t/ml-pipeline/venv/lib/python3.11/site-packages/airflow/example_dags/example_params_trigger_ui.py took 0.063 seconds
[2026-05-24T13:52:45.043+0000] {processor.py:161} INFO - Started process (PID=12393) to work on /home/varn1t/ml-pipeline/venv/lib/python3.11/site-packages/airflow/example_dags/example_params_trigger_ui.py
[2026-05-24T13:52:45.044+0000] {processor.py:830} INFO - Processing file /home/varn1t/ml-pipeline/venv/lib/python3.11/site-packages/airflow/example_dags/example_params_trigger_ui.py for tasks to queue
[2026-05-24T13:52:45.044+0000] {logging_mixin.py:188} INFO - [2026-05-24T13:52:45.044+0000] {dagbag.py:545} INFO - Filling up the DagBag from /home/varn1t/ml-pipeline/venv/lib/python3.11/site-packages/airflow/example_dags/example_params_trigger_ui.py
[2026-05-24T13:52:45.058+0000] {processor.py:840} INFO - DAG(s) 'example_params_trigger_ui' retrieved from /home/varn1t/ml-pipeline/venv/lib/python3.11/site-packages/airflow/example_dags/example_params_trigger_ui.py
[2026-05-24T13:52:45.083+0000] {logging_mixin.py:188} INFO - [2026-05-24T13:52:45.083+0000] {dag.py:3096} INFO - Sync 1 DAGs
[2026-05-24T13:52:45.090+0000] {logging_mixin.py:188} INFO - [2026-05-24T13:52:45.090+0000] {dag.py:3954} INFO - Setting next_dagrun for example_params_trigger_ui to None, run_after=None
[2026-05-24T13:52:45.104+0000] {processor.py:183} INFO - Processing /home/varn1t/ml-pipeline/venv/lib/python3.11/site-packages/airflow/example_dags/example_params_trigger_ui.py took 0.066 seconds
[2026-05-24T13:53:50.416+0000] {processor.py:161} INFO - Started process (PID=12711) to work on /home/varn1t/ml-pipeline/venv/lib/python3.11/site-packages/airflow/example_dags/example_params_trigger_ui.py
[2026-05-24T13:53:50.417+0000] {processor.py:830} INFO - Processing file /home/varn1t/ml-pipeline/venv/lib/python3.11/site-packages/airflow/example_dags/example_params_trigger_ui.py for tasks to queue
[2026-05-24T13:53:50.417+0000] {logging_mixin.py:188} INFO - [2026-05-24T13:53:50.417+0000] {dagbag.py:545} INFO - Filling up the DagBag from /home/varn1t/ml-pipeline/venv/lib/python3.11/site-packages/airflow/example_dags/example_params_trigger_ui.py
[2026-05-24T13:53:50.426+0000] {processor.py:840} INFO - DAG(s) 'example_params_trigger_ui' retrieved from /home/varn1t/ml-pipeline/venv/lib/python3.11/site-packages/airflow/example_dags/example_params_trigger_ui.py
[2026-05-24T13:53:50.444+0000] {logging_mixin.py:188} INFO - [2026-05-24T13:53:50.444+0000] {dag.py:3096} INFO - Sync 1 DAGs
[2026-05-24T13:53:50.453+0000] {logging_mixin.py:188} INFO - [2026-05-24T13:53:50.453+0000] {dag.py:3954} INFO - Setting next_dagrun for example_params_trigger_ui to None, run_after=None
[2026-05-24T13:53:50.470+0000] {processor.py:183} INFO - Processing /home/varn1t/ml-pipeline/venv/lib/python3.11/site-packages/airflow/example_dags/example_params_trigger_ui.py took 0.059 seconds
[2026-05-24T13:54:50.045+0000] {processor.py:161} INFO - Started process (PID=12964) to work on /home/varn1t/ml-pipeline/venv/lib/python3.11/site-packages/airflow/example_dags/example_params_trigger_ui.py
[2026-05-24T13:54:50.046+0000] {processor.py:830} INFO - Processing file /home/varn1t/ml-pipeline/venv/lib/python3.11/site-packages/airflow/example_dags/example_params_trigger_ui.py for tasks to queue
[2026-05-24T13:54:50.046+0000] {logging_mixin.py:188} INFO - [2026-05-24T13:54:50.046+0000] {dagbag.py:545} INFO - Filling up the DagBag from /home/varn1t/ml-pipeline/venv/lib/python3.11/site-packages/airflow/example_dags/example_params_trigger_ui.py
[2026-05-24T13:54:50.057+0000] {processor.py:840} INFO - DAG(s) 'example_params_trigger_ui' retrieved from /home/varn1t/ml-pipeline/venv/lib/python3.11/site-packages/airflow/example_dags/example_params_trigger_ui.py
[2026-05-24T13:54:50.084+0000] {logging_mixin.py:188} INFO - [2026-05-24T13:54:50.083+0000] {dag.py:3096} INFO - Sync 1 DAGs
[2026-05-24T13:54:50.095+0000] {logging_mixin.py:188} INFO - [2026-05-24T13:54:50.095+0000] {dag.py:3954} INFO - Setting next_dagrun for example_params_trigger_ui to None, run_after=None
[2026-05-24T13:54:50.114+0000] {processor.py:183} INFO - Processing /home/varn1t/ml-pipeline/venv/lib/python3.11/site-packages/airflow/example_dags/example_params_trigger_ui.py took 0.074 seconds
[2026-05-24T13:55:47.644+0000] {processor.py:161} INFO - Started process (PID=13227) to work on /home/varn1t/ml-pipeline/venv/lib/python3.11/site-packages/airflow/example_dags/example_params_trigger_ui.py
[2026-05-24T13:55:47.645+0000] {processor.py:830} INFO - Processing file /home/varn1t/ml-pipeline/venv/lib/python3.11/site-packages/airflow/example_dags/example_params_trigger_ui.py for tasks to queue
[2026-05-24T13:55:47.645+0000] {logging_mixin.py:188} INFO - [2026-05-24T13:55:47.645+0000] {dagbag.py:545} INFO - Filling up the DagBag from /home/varn1t/ml-pipeline/venv/lib/python3.11/site-packages/airflow/example_dags/example_params_trigger_ui.py
[2026-05-24T13:55:47.655+0000] {processor.py:840} INFO - DAG(s) 'example_params_trigger_ui' retrieved from /home/varn1t/ml-pipeline/venv/lib/python3.11/site-packages/airflow/example_dags/example_params_trigger_ui.py
[2026-05-24T13:55:47.674+0000] {logging_mixin.py:188} INFO - [2026-05-24T13:55:47.674+0000] {dag.py:3096} INFO - Sync 1 DAGs
[2026-05-24T13:55:47.682+0000] {logging_mixin.py:188} INFO - [2026-05-24T13:55:47.682+0000] {dag.py:3954} INFO - Setting next_dagrun for example_params_trigger_ui to None, run_after=None
[2026-05-24T13:55:47.696+0000] {processor.py:183} INFO - Processing /home/varn1t/ml-pipeline/venv/lib/python3.11/site-packages/airflow/example_dags/example_params_trigger_ui.py took 0.056 seconds
[2026-05-24T13:56:47.930+0000] {processor.py:161} INFO - Started process (PID=13482) to work on /home/varn1t/ml-pipeline/venv/lib/python3.11/site-packages/airflow/example_dags/example_params_trigger_ui.py
[2026-05-24T13:56:47.931+0000] {processor.py:830} INFO - Processing file /home/varn1t/ml-pipeline/venv/lib/python3.11/site-packages/airflow/example_dags/example_params_trigger_ui.py for tasks to queue
[2026-05-24T13:56:47.931+0000] {logging_mixin.py:188} INFO - [2026-05-24T13:56:47.931+0000] {dagbag.py:545} INFO - Filling up the DagBag from /home/varn1t/ml-pipeline/venv/lib/python3.11/site-packages/airflow/example_dags/example_params_trigger_ui.py
[2026-05-24T13:56:47.945+0000] {processor.py:840} INFO - DAG(s) 'example_params_trigger_ui' retrieved from /home/varn1t/ml-pipeline/venv/lib/python3.11/site-packages/airflow/example_dags/example_params_trigger_ui.py
[2026-05-24T13:56:47.968+0000] {logging_mixin.py:188} INFO - [2026-05-24T13:56:47.967+0000] {dag.py:3096} INFO - Sync 1 DAGs
[2026-05-24T13:56:47.977+0000] {logging_mixin.py:188} INFO - [2026-05-24T13:56:47.977+0000] {dag.py:3954} INFO - Setting next_dagrun for example_params_trigger_ui to None, run_after=None
[2026-05-24T13:56:47.995+0000] {processor.py:183} INFO - Processing /home/varn1t/ml-pipeline/venv/lib/python3.11/site-packages/airflow/example_dags/example_params_trigger_ui.py took 0.070 seconds
[2026-05-24T13:57:55.740+0000] {processor.py:161} INFO - Started process (PID=13779) to work on /home/varn1t/ml-pipeline/venv/lib/python3.11/site-packages/airflow/example_dags/example_params_trigger_ui.py
[2026-05-24T13:57:55.741+0000] {processor.py:830} INFO - Processing file /home/varn1t/ml-pipeline/venv/lib/python3.11/site-packages/airflow/example_dags/example_params_trigger_ui.py for tasks to queue
[2026-05-24T13:57:55.742+0000] {logging_mixin.py:188} INFO - [2026-05-24T13:57:55.741+0000] {dagbag.py:545} INFO - Filling up the DagBag from /home/varn1t/ml-pipeline/venv/lib/python3.11/site-packages/airflow/example_dags/example_params_trigger_ui.py
[2026-05-24T13:57:55.755+0000] {processor.py:840} INFO - DAG(s) 'example_params_trigger_ui' retrieved from /home/varn1t/ml-pipeline/venv/lib/python3.11/site-packages/airflow/example_dags/example_params_trigger_ui.py
[2026-05-24T13:57:55.777+0000] {logging_mixin.py:188} INFO - [2026-05-24T13:57:55.777+0000] {dag.py:3096} INFO - Sync 1 DAGs
[2026-05-24T13:57:55.786+0000] {logging_mixin.py:188} INFO - [2026-05-24T13:57:55.786+0000] {dag.py:3954} INFO - Setting next_dagrun for example_params_trigger_ui to None, run_after=None
[2026-05-24T13:57:55.808+0000] {processor.py:183} INFO - Processing /home/varn1t/ml-pipeline/venv/lib/python3.11/site-packages/airflow/example_dags/example_params_trigger_ui.py took 0.072 seconds
[2026-05-24T13:58:56.227+0000] {processor.py:161} INFO - Started process (PID=14059) to work on /home/varn1t/ml-pipeline/venv/lib/python3.11/site-packages/airflow/example_dags/example_params_trigger_ui.py
[2026-05-24T13:58:56.227+0000] {processor.py:830} INFO - Processing file /home/varn1t/ml-pipeline/venv/lib/python3.11/site-packages/airflow/example_dags/example_params_trigger_ui.py for tasks to queue
[2026-05-24T13:58:56.228+0000] {logging_mixin.py:188} INFO - [2026-05-24T13:58:56.228+0000] {dagbag.py:545} INFO - Filling up the DagBag from /home/varn1t/ml-pipeline/venv/lib/python3.11/site-packages/airflow/example_dags/example_params_trigger_ui.py
[2026-05-24T13:58:56.237+0000] {processor.py:840} INFO - DAG(s) 'example_params_trigger_ui' retrieved from /home/varn1t/ml-pipeline/venv/lib/python3.11/site-packages/airflow/example_dags/example_params_trigger_ui.py
[2026-05-24T13:58:56.255+0000] {logging_mixin.py:188} INFO - [2026-05-24T13:58:56.255+0000] {dag.py:3096} INFO - Sync 1 DAGs
[2026-05-24T13:58:56.263+0000] {logging_mixin.py:188} INFO - [2026-05-24T13:58:56.263+0000] {dag.py:3954} INFO - Setting next_dagrun for example_params_trigger_ui to None, run_after=None
[2026-05-24T13:58:56.283+0000] {processor.py:183} INFO - Processing /home/varn1t/ml-pipeline/venv/lib/python3.11/site-packages/airflow/example_dags/example_params_trigger_ui.py took 0.060 seconds
[2026-05-24T13:59:59.875+0000] {processor.py:161} INFO - Started process (PID=14343) to work on /home/varn1t/ml-pipeline/venv/lib/python3.11/site-packages/airflow/example_dags/example_params_trigger_ui.py
[2026-05-24T13:59:59.876+0000] {processor.py:830} INFO - Processing file /home/varn1t/ml-pipeline/venv/lib/python3.11/site-packages/airflow/example_dags/example_params_trigger_ui.py for tasks to queue
[2026-05-24T13:59:59.876+0000] {logging_mixin.py:188} INFO - [2026-05-24T13:59:59.876+0000] {dagbag.py:545} INFO - Filling up the DagBag from /home/varn1t/ml-pipeline/venv/lib/python3.11/site-packages/airflow/example_dags/example_params_trigger_ui.py
[2026-05-24T13:59:59.885+0000] {processor.py:840} INFO - DAG(s) 'example_params_trigger_ui' retrieved from /home/varn1t/ml-pipeline/venv/lib/python3.11/site-packages/airflow/example_dags/example_params_trigger_ui.py
[2026-05-24T13:59:59.904+0000] {logging_mixin.py:188} INFO - [2026-05-24T13:59:59.903+0000] {dag.py:3096} INFO - Sync 1 DAGs
[2026-05-24T13:59:59.910+0000] {logging_mixin.py:188} INFO - [2026-05-24T13:59:59.910+0000] {dag.py:3954} INFO - Setting next_dagrun for example_params_trigger_ui to None, run_after=None
[2026-05-24T13:59:59.926+0000] {processor.py:183} INFO - Processing /home/varn1t/ml-pipeline/venv/lib/python3.11/site-packages/airflow/example_dags/example_params_trigger_ui.py took 0.055 seconds
[2026-05-24T14:00:58.025+0000] {processor.py:161} INFO - Started process (PID=14589) to work on /home/varn1t/ml-pipeline/venv/lib/python3.11/site-packages/airflow/example_dags/example_params_trigger_ui.py
[2026-05-24T14:00:58.026+0000] {processor.py:830} INFO - Processing file /home/varn1t/ml-pipeline/venv/lib/python3.11/site-packages/airflow/example_dags/example_params_trigger_ui.py for tasks to queue
[2026-05-24T14:00:58.027+0000] {logging_mixin.py:188} INFO - [2026-05-24T14:00:58.026+0000] {dagbag.py:545} INFO - Filling up the DagBag from /home/varn1t/ml-pipeline/venv/lib/python3.11/site-packages/airflow/example_dags/example_params_trigger_ui.py
[2026-05-24T14:00:58.037+0000] {processor.py:840} INFO - DAG(s) 'example_params_trigger_ui' retrieved from /home/varn1t/ml-pipeline/venv/lib/python3.11/site-packages/airflow/example_dags/example_params_trigger_ui.py
[2026-05-24T14:00:58.058+0000] {logging_mixin.py:188} INFO - [2026-05-24T14:00:58.058+0000] {dag.py:3096} INFO - Sync 1 DAGs
[2026-05-24T14:00:58.065+0000] {logging_mixin.py:188} INFO - [2026-05-24T14:00:58.065+0000] {dag.py:3954} INFO - Setting next_dagrun for example_params_trigger_ui to None, run_after=None
[2026-05-24T14:00:58.081+0000] {processor.py:183} INFO - Processing /home/varn1t/ml-pipeline/venv/lib/python3.11/site-packages/airflow/example_dags/example_params_trigger_ui.py took 0.060 seconds
[2026-05-24T14:01:59.595+0000] {processor.py:161} INFO - Started process (PID=14870) to work on /home/varn1t/ml-pipeline/venv/lib/python3.11/site-packages/airflow/example_dags/example_params_trigger_ui.py
[2026-05-24T14:01:59.596+0000] {processor.py:830} INFO - Processing file /home/varn1t/ml-pipeline/venv/lib/python3.11/site-packages/airflow/example_dags/example_params_trigger_ui.py for tasks to queue
[2026-05-24T14:01:59.597+0000] {logging_mixin.py:188} INFO - [2026-05-24T14:01:59.597+0000] {dagbag.py:545} INFO - Filling up the DagBag from /home/varn1t/ml-pipeline/venv/lib/python3.11/site-packages/airflow/example_dags/example_params_trigger_ui.py
[2026-05-24T14:01:59.607+0000] {processor.py:840} INFO - DAG(s) 'example_params_trigger_ui' retrieved from /home/varn1t/ml-pipeline/venv/lib/python3.11/site-packages/airflow/example_dags/example_params_trigger_ui.py
[2026-05-24T14:01:59.626+0000] {logging_mixin.py:188} INFO - [2026-05-24T14:01:59.626+0000] {dag.py:3096} INFO - Sync 1 DAGs
[2026-05-24T14:01:59.632+0000] {logging_mixin.py:188} INFO - [2026-05-24T14:01:59.632+0000] {dag.py:3954} INFO - Setting next_dagrun for example_params_trigger_ui to None, run_after=None
[2026-05-24T14:01:59.646+0000] {processor.py:183} INFO - Processing /home/varn1t/ml-pipeline/venv/lib/python3.11/site-packages/airflow/example_dags/example_params_trigger_ui.py took 0.055 seconds
[2026-05-24T14:02:55.771+0000] {processor.py:161} INFO - Started process (PID=15109) to work on /home/varn1t/ml-pipeline/venv/lib/python3.11/site-packages/airflow/example_dags/example_params_trigger_ui.py
[2026-05-24T14:02:55.772+0000] {processor.py:830} INFO - Processing file /home/varn1t/ml-pipeline/venv/lib/python3.11/site-packages/airflow/example_dags/example_params_trigger_ui.py for tasks to queue
[2026-05-24T14:02:55.772+0000] {logging_mixin.py:188} INFO - [2026-05-24T14:02:55.772+0000] {dagbag.py:545} INFO - Filling up the DagBag from /home/varn1t/ml-pipeline/venv/lib/python3.11/site-packages/airflow/example_dags/example_params_trigger_ui.py
[2026-05-24T14:02:55.784+0000] {processor.py:840} INFO - DAG(s) 'example_params_trigger_ui' retrieved from /home/varn1t/ml-pipeline/venv/lib/python3.11/site-packages/airflow/example_dags/example_params_trigger_ui.py
[2026-05-24T14:02:55.807+0000] {logging_mixin.py:188} INFO - [2026-05-24T14:02:55.807+0000] {dag.py:3096} INFO - Sync 1 DAGs
[2026-05-24T14:02:55.818+0000] {logging_mixin.py:188} INFO - [2026-05-24T14:02:55.818+0000] {dag.py:3954} INFO - Setting next_dagrun for example_params_trigger_ui to None, run_after=None
[2026-05-24T14:02:55.836+0000] {processor.py:183} INFO - Processing /home/varn1t/ml-pipeline/venv/lib/python3.11/site-packages/airflow/example_dags/example_params_trigger_ui.py took 0.069 seconds
[2026-05-24T14:03:58.531+0000] {processor.py:161} INFO - Started process (PID=15419) to work on /home/varn1t/ml-pipeline/venv/lib/python3.11/site-packages/airflow/example_dags/example_params_trigger_ui.py
[2026-05-24T14:03:58.532+0000] {processor.py:830} INFO - Processing file /home/varn1t/ml-pipeline/venv/lib/python3.11/site-packages/airflow/example_dags/example_params_trigger_ui.py for tasks to queue
[2026-05-24T14:03:58.532+0000] {logging_mixin.py:188} INFO - [2026-05-24T14:03:58.532+0000] {dagbag.py:545} INFO - Filling up the DagBag from /home/varn1t/ml-pipeline/venv/lib/python3.11/site-packages/airflow/example_dags/example_params_trigger_ui.py
[2026-05-24T14:03:58.543+0000] {processor.py:840} INFO - DAG(s) 'example_params_trigger_ui' retrieved from /home/varn1t/ml-pipeline/venv/lib/python3.11/site-packages/airflow/example_dags/example_params_trigger_ui.py
[2026-05-24T14:03:58.564+0000] {logging_mixin.py:188} INFO - [2026-05-24T14:03:58.564+0000] {dag.py:3096} INFO - Sync 1 DAGs
[2026-05-24T14:03:58.572+0000] {logging_mixin.py:188} INFO - [2026-05-24T14:03:58.572+0000] {dag.py:3954} INFO - Setting next_dagrun for example_params_trigger_ui to None, run_after=None
[2026-05-24T14:03:58.589+0000] {processor.py:183} INFO - Processing /home/varn1t/ml-pipeline/venv/lib/python3.11/site-packages/airflow/example_dags/example_params_trigger_ui.py took 0.063 seconds
[2026-05-24T14:05:00.880+0000] {processor.py:161} INFO - Started process (PID=15679) to work on /home/varn1t/ml-pipeline/venv/lib/python3.11/site-packages/airflow/example_dags/example_params_trigger_ui.py
[2026-05-24T14:05:00.881+0000] {processor.py:830} INFO - Processing file /home/varn1t/ml-pipeline/venv/lib/python3.11/site-packages/airflow/example_dags/example_params_trigger_ui.py for tasks to queue
[2026-05-24T14:05:00.882+0000] {logging_mixin.py:188} INFO - [2026-05-24T14:05:00.882+0000] {dagbag.py:545} INFO - Filling up the DagBag from /home/varn1t/ml-pipeline/venv/lib/python3.11/site-packages/airflow/example_dags/example_params_trigger_ui.py
[2026-05-24T14:05:00.892+0000] {processor.py:840} INFO - DAG(s) 'example_params_trigger_ui' retrieved from /home/varn1t/ml-pipeline/venv/lib/python3.11/site-packages/airflow/example_dags/example_params_trigger_ui.py
[2026-05-24T14:05:00.920+0000] {logging_mixin.py:188} INFO - [2026-05-24T14:05:00.919+0000] {dag.py:3096} INFO - Sync 1 DAGs
[2026-05-24T14:05:00.929+0000] {logging_mixin.py:188} INFO - [2026-05-24T14:05:00.929+0000] {dag.py:3954} INFO - Setting next_dagrun for example_params_trigger_ui to None, run_after=None
[2026-05-24T14:05:00.948+0000] {processor.py:183} INFO - Processing /home/varn1t/ml-pipeline/venv/lib/python3.11/site-packages/airflow/example_dags/example_params_trigger_ui.py took 0.072 seconds
[2026-05-24T14:06:02.538+0000] {processor.py:161} INFO - Started process (PID=15955) to work on /home/varn1t/ml-pipeline/venv/lib/python3.11/site-packages/airflow/example_dags/example_params_trigger_ui.py
[2026-05-24T14:06:02.539+0000] {processor.py:830} INFO - Processing file /home/varn1t/ml-pipeline/venv/lib/python3.11/site-packages/airflow/example_dags/example_params_trigger_ui.py for tasks to queue
[2026-05-24T14:06:02.540+0000] {logging_mixin.py:188} INFO - [2026-05-24T14:06:02.540+0000] {dagbag.py:545} INFO - Filling up the DagBag from /home/varn1t/ml-pipeline/venv/lib/python3.11/site-packages/airflow/example_dags/example_params_trigger_ui.py
[2026-05-24T14:06:02.554+0000] {processor.py:840} INFO - DAG(s) 'example_params_trigger_ui' retrieved from /home/varn1t/ml-pipeline/venv/lib/python3.11/site-packages/airflow/example_dags/example_params_trigger_ui.py
[2026-05-24T14:06:02.573+0000] {logging_mixin.py:188} INFO - [2026-05-24T14:06:02.573+0000] {dag.py:3096} INFO - Sync 1 DAGs
[2026-05-24T14:06:02.579+0000] {logging_mixin.py:188} INFO - [2026-05-24T14:06:02.579+0000] {dag.py:3954} INFO - Setting next_dagrun for example_params_trigger_ui to None, run_after=None
[2026-05-24T14:06:02.594+0000] {processor.py:183} INFO - Processing /home/varn1t/ml-pipeline/venv/lib/python3.11/site-packages/airflow/example_dags/example_params_trigger_ui.py took 0.061 seconds
[2026-05-24T14:07:07.206+0000] {processor.py:161} INFO - Started process (PID=16254) to work on /home/varn1t/ml-pipeline/venv/lib/python3.11/site-packages/airflow/example_dags/example_params_trigger_ui.py
[2026-05-24T14:07:07.207+0000] {processor.py:830} INFO - Processing file /home/varn1t/ml-pipeline/venv/lib/python3.11/site-packages/airflow/example_dags/example_params_trigger_ui.py for tasks to queue
[2026-05-24T14:07:07.208+0000] {logging_mixin.py:188} INFO - [2026-05-24T14:07:07.208+0000] {dagbag.py:545} INFO - Filling up the DagBag from /home/varn1t/ml-pipeline/venv/lib/python3.11/site-packages/airflow/example_dags/example_params_trigger_ui.py
[2026-05-24T14:07:07.217+0000] {processor.py:840} INFO - DAG(s) 'example_params_trigger_ui' retrieved from /home/varn1t/ml-pipeline/venv/lib/python3.11/site-packages/airflow/example_dags/example_params_trigger_ui.py
[2026-05-24T14:07:07.238+0000] {logging_mixin.py:188} INFO - [2026-05-24T14:07:07.238+0000] {dag.py:3096} INFO - Sync 1 DAGs
[2026-05-24T14:07:07.245+0000] {logging_mixin.py:188} INFO - [2026-05-24T14:07:07.245+0000] {dag.py:3954} INFO - Setting next_dagrun for example_params_trigger_ui to None, run_after=None
[2026-05-24T14:07:07.258+0000] {processor.py:183} INFO - Processing /home/varn1t/ml-pipeline/venv/lib/python3.11/site-packages/airflow/example_dags/example_params_trigger_ui.py took 0.056 seconds
[2026-05-24T14:08:10.334+0000] {processor.py:161} INFO - Started process (PID=16538) to work on /home/varn1t/ml-pipeline/venv/lib/python3.11/site-packages/airflow/example_dags/example_params_trigger_ui.py
[2026-05-24T14:08:10.335+0000] {processor.py:830} INFO - Processing file /home/varn1t/ml-pipeline/venv/lib/python3.11/site-packages/airflow/example_dags/example_params_trigger_ui.py for tasks to queue
[2026-05-24T14:08:10.335+0000] {logging_mixin.py:188} INFO - [2026-05-24T14:08:10.335+0000] {dagbag.py:545} INFO - Filling up the DagBag from /home/varn1t/ml-pipeline/venv/lib/python3.11/site-packages/airflow/example_dags/example_params_trigger_ui.py
[2026-05-24T14:08:10.346+0000] {processor.py:840} INFO - DAG(s) 'example_params_trigger_ui' retrieved from /home/varn1t/ml-pipeline/venv/lib/python3.11/site-packages/airflow/example_dags/example_params_trigger_ui.py
[2026-05-24T14:08:10.367+0000] {logging_mixin.py:188} INFO - [2026-05-24T14:08:10.366+0000] {dag.py:3096} INFO - Sync 1 DAGs
[2026-05-24T14:08:10.375+0000] {logging_mixin.py:188} INFO - [2026-05-24T14:08:10.375+0000] {dag.py:3954} INFO - Setting next_dagrun for example_params_trigger_ui to None, run_after=None
[2026-05-24T14:08:10.390+0000] {processor.py:183} INFO - Processing /home/varn1t/ml-pipeline/venv/lib/python3.11/site-packages/airflow/example_dags/example_params_trigger_ui.py took 0.061 seconds
[2026-05-24T14:09:10.481+0000] {processor.py:161} INFO - Started process (PID=16821) to work on /home/varn1t/ml-pipeline/venv/lib/python3.11/site-packages/airflow/example_dags/example_params_trigger_ui.py
[2026-05-24T14:09:10.482+0000] {processor.py:830} INFO - Processing file /home/varn1t/ml-pipeline/venv/lib/python3.11/site-packages/airflow/example_dags/example_params_trigger_ui.py for tasks to queue
[2026-05-24T14:09:10.482+0000] {logging_mixin.py:188} INFO - [2026-05-24T14:09:10.482+0000] {dagbag.py:545} INFO - Filling up the DagBag from /home/varn1t/ml-pipeline/venv/lib/python3.11/site-packages/airflow/example_dags/example_params_trigger_ui.py
[2026-05-24T14:09:10.492+0000] {processor.py:840} INFO - DAG(s) 'example_params_trigger_ui' retrieved from /home/varn1t/ml-pipeline/venv/lib/python3.11/site-packages/airflow/example_dags/example_params_trigger_ui.py
[2026-05-24T14:09:10.513+0000] {logging_mixin.py:188} INFO - [2026-05-24T14:09:10.512+0000] {dag.py:3096} INFO - Sync 1 DAGs
[2026-05-24T14:09:10.523+0000] {logging_mixin.py:188} INFO - [2026-05-24T14:09:10.523+0000] {dag.py:3954} INFO - Setting next_dagrun for example_params_trigger_ui to None, run_after=None
[2026-05-24T14:09:10.539+0000] {processor.py:183} INFO - Processing /home/varn1t/ml-pipeline/venv/lib/python3.11/site-packages/airflow/example_dags/example_params_trigger_ui.py took 0.063 seconds
[2026-05-24T14:10:13.727+0000] {processor.py:161} INFO - Started process (PID=17104) to work on /home/varn1t/ml-pipeline/venv/lib/python3.11/site-packages/airflow/example_dags/example_params_trigger_ui.py
[2026-05-24T14:10:13.728+0000] {processor.py:830} INFO - Processing file /home/varn1t/ml-pipeline/venv/lib/python3.11/site-packages/airflow/example_dags/example_params_trigger_ui.py for tasks to queue
[2026-05-24T14:10:13.728+0000] {logging_mixin.py:188} INFO - [2026-05-24T14:10:13.728+0000] {dagbag.py:545} INFO - Filling up the DagBag from /home/varn1t/ml-pipeline/venv/lib/python3.11/site-packages/airflow/example_dags/example_params_trigger_ui.py
[2026-05-24T14:10:13.738+0000] {processor.py:840} INFO - DAG(s) 'example_params_trigger_ui' retrieved from /home/varn1t/ml-pipeline/venv/lib/python3.11/site-packages/airflow/example_dags/example_params_trigger_ui.py
[2026-05-24T14:10:13.757+0000] {logging_mixin.py:188} INFO - [2026-05-24T14:10:13.757+0000] {dag.py:3096} INFO - Sync 1 DAGs
[2026-05-24T14:10:13.763+0000] {logging_mixin.py:188} INFO - [2026-05-24T14:10:13.763+0000] {dag.py:3954} INFO - Setting next_dagrun for example_params_trigger_ui to None, run_after=None
[2026-05-24T14:10:13.778+0000] {processor.py:183} INFO - Processing /home/varn1t/ml-pipeline/venv/lib/python3.11/site-packages/airflow/example_dags/example_params_trigger_ui.py took 0.057 seconds
[2026-05-24T14:11:17.819+0000] {processor.py:161} INFO - Started process (PID=17375) to work on /home/varn1t/ml-pipeline/venv/lib/python3.11/site-packages/airflow/example_dags/example_params_trigger_ui.py
[2026-05-24T14:11:17.820+0000] {processor.py:830} INFO - Processing file /home/varn1t/ml-pipeline/venv/lib/python3.11/site-packages/airflow/example_dags/example_params_trigger_ui.py for tasks to queue
[2026-05-24T14:11:17.821+0000] {logging_mixin.py:188} INFO - [2026-05-24T14:11:17.821+0000] {dagbag.py:545} INFO - Filling up the DagBag from /home/varn1t/ml-pipeline/venv/lib/python3.11/site-packages/airflow/example_dags/example_params_trigger_ui.py
[2026-05-24T14:11:17.834+0000] {processor.py:840} INFO - DAG(s) 'example_params_trigger_ui' retrieved from /home/varn1t/ml-pipeline/venv/lib/python3.11/site-packages/airflow/example_dags/example_params_trigger_ui.py
[2026-05-24T14:11:17.858+0000] {logging_mixin.py:188} INFO - [2026-05-24T14:11:17.858+0000] {dag.py:3096} INFO - Sync 1 DAGs
[2026-05-24T14:11:17.866+0000] {logging_mixin.py:188} INFO - [2026-05-24T14:11:17.866+0000] {dag.py:3954} INFO - Setting next_dagrun for example_params_trigger_ui to None, run_after=None
[2026-05-24T14:11:17.881+0000] {processor.py:183} INFO - Processing /home/varn1t/ml-pipeline/venv/lib/python3.11/site-packages/airflow/example_dags/example_params_trigger_ui.py took 0.066 seconds
[2026-05-24T14:12:16.076+0000] {processor.py:161} INFO - Started process (PID=17649) to work on /home/varn1t/ml-pipeline/venv/lib/python3.11/site-packages/airflow/example_dags/example_params_trigger_ui.py
[2026-05-24T14:12:16.077+0000] {processor.py:830} INFO - Processing file /home/varn1t/ml-pipeline/venv/lib/python3.11/site-packages/airflow/example_dags/example_params_trigger_ui.py for tasks to queue
[2026-05-24T14:12:16.078+0000] {logging_mixin.py:188} INFO - [2026-05-24T14:12:16.077+0000] {dagbag.py:545} INFO - Filling up the DagBag from /home/varn1t/ml-pipeline/venv/lib/python3.11/site-packages/airflow/example_dags/example_params_trigger_ui.py
[2026-05-24T14:12:16.092+0000] {processor.py:840} INFO - DAG(s) 'example_params_trigger_ui' retrieved from /home/varn1t/ml-pipeline/venv/lib/python3.11/site-packages/airflow/example_dags/example_params_trigger_ui.py
[2026-05-24T14:12:16.123+0000] {logging_mixin.py:188} INFO - [2026-05-24T14:12:16.123+0000] {dag.py:3096} INFO - Sync 1 DAGs
[2026-05-24T14:12:16.133+0000] {logging_mixin.py:188} INFO - [2026-05-24T14:12:16.133+0000] {dag.py:3954} INFO - Setting next_dagrun for example_params_trigger_ui to None, run_after=None
[2026-05-24T14:12:16.163+0000] {processor.py:183} INFO - Processing /home/varn1t/ml-pipeline/venv/lib/python3.11/site-packages/airflow/example_dags/example_params_trigger_ui.py took 0.092 seconds
[2026-05-24T14:13:17.543+0000] {processor.py:161} INFO - Started process (PID=17908) to work on /home/varn1t/ml-pipeline/venv/lib/python3.11/site-packages/airflow/example_dags/example_params_trigger_ui.py
[2026-05-24T14:13:17.544+0000] {processor.py:830} INFO - Processing file /home/varn1t/ml-pipeline/venv/lib/python3.11/site-packages/airflow/example_dags/example_params_trigger_ui.py for tasks to queue
[2026-05-24T14:13:17.545+0000] {logging_mixin.py:188} INFO - [2026-05-24T14:13:17.545+0000] {dagbag.py:545} INFO - Filling up the DagBag from /home/varn1t/ml-pipeline/venv/lib/python3.11/site-packages/airflow/example_dags/example_params_trigger_ui.py
[2026-05-24T14:13:17.554+0000] {processor.py:840} INFO - DAG(s) 'example_params_trigger_ui' retrieved from /home/varn1t/ml-pipeline/venv/lib/python3.11/site-packages/airflow/example_dags/example_params_trigger_ui.py
[2026-05-24T14:13:17.574+0000] {logging_mixin.py:188} INFO - [2026-05-24T14:13:17.574+0000] {dag.py:3096} INFO - Sync 1 DAGs
[2026-05-24T14:13:17.581+0000] {logging_mixin.py:188} INFO - [2026-05-24T14:13:17.581+0000] {dag.py:3954} INFO - Setting next_dagrun for example_params_trigger_ui to None, run_after=None
[2026-05-24T14:13:17.596+0000] {processor.py:183} INFO - Processing /home/varn1t/ml-pipeline/venv/lib/python3.11/site-packages/airflow/example_dags/example_params_trigger_ui.py took 0.057 seconds
[2026-05-24T14:14:18.375+0000] {processor.py:161} INFO - Started process (PID=18204) to work on /home/varn1t/ml-pipeline/venv/lib/python3.11/site-packages/airflow/example_dags/example_params_trigger_ui.py
[2026-05-24T14:14:18.376+0000] {processor.py:830} INFO - Processing file /home/varn1t/ml-pipeline/venv/lib/python3.11/site-packages/airflow/example_dags/example_params_trigger_ui.py for tasks to queue
[2026-05-24T14:14:18.376+0000] {logging_mixin.py:188} INFO - [2026-05-24T14:14:18.376+0000] {dagbag.py:545} INFO - Filling up the DagBag from /home/varn1t/ml-pipeline/venv/lib/python3.11/site-packages/airflow/example_dags/example_params_trigger_ui.py
[2026-05-24T14:14:18.387+0000] {processor.py:840} INFO - DAG(s) 'example_params_trigger_ui' retrieved from /home/varn1t/ml-pipeline/venv/lib/python3.11/site-packages/airflow/example_dags/example_params_trigger_ui.py
[2026-05-24T14:14:18.408+0000] {logging_mixin.py:188} INFO - [2026-05-24T14:14:18.408+0000] {dag.py:3096} INFO - Sync 1 DAGs
[2026-05-24T14:14:18.415+0000] {logging_mixin.py:188} INFO - [2026-05-24T14:14:18.415+0000] {dag.py:3954} INFO - Setting next_dagrun for example_params_trigger_ui to None, run_after=None
[2026-05-24T14:14:18.429+0000] {processor.py:183} INFO - Processing /home/varn1t/ml-pipeline/venv/lib/python3.11/site-packages/airflow/example_dags/example_params_trigger_ui.py took 0.058 seconds
[2026-05-24T14:15:21.155+0000] {processor.py:161} INFO - Started process (PID=18465) to work on /home/varn1t/ml-pipeline/venv/lib/python3.11/site-packages/airflow/example_dags/example_params_trigger_ui.py
[2026-05-24T14:15:21.156+0000] {processor.py:830} INFO - Processing file /home/varn1t/ml-pipeline/venv/lib/python3.11/site-packages/airflow/example_dags/example_params_trigger_ui.py for tasks to queue
[2026-05-24T14:15:21.156+0000] {logging_mixin.py:188} INFO - [2026-05-24T14:15:21.156+0000] {dagbag.py:545} INFO - Filling up the DagBag from /home/varn1t/ml-pipeline/venv/lib/python3.11/site-packages/airflow/example_dags/example_params_trigger_ui.py
[2026-05-24T14:15:21.170+0000] {processor.py:840} INFO - DAG(s) 'example_params_trigger_ui' retrieved from /home/varn1t/ml-pipeline/venv/lib/python3.11/site-packages/airflow/example_dags/example_params_trigger_ui.py
[2026-05-24T14:15:21.192+0000] {logging_mixin.py:188} INFO - [2026-05-24T14:15:21.192+0000] {dag.py:3096} INFO - Sync 1 DAGs
[2026-05-24T14:15:21.201+0000] {logging_mixin.py:188} INFO - [2026-05-24T14:15:21.201+0000] {dag.py:3954} INFO - Setting next_dagrun for example_params_trigger_ui to None, run_after=None
[2026-05-24T14:15:21.217+0000] {processor.py:183} INFO - Processing /home/varn1t/ml-pipeline/venv/lib/python3.11/site-packages/airflow/example_dags/example_params_trigger_ui.py took 0.067 seconds
[2026-05-24T14:16:13.530+0000] {processor.py:161} INFO - Started process (PID=18695) to work on /home/varn1t/ml-pipeline/venv/lib/python3.11/site-packages/airflow/example_dags/example_params_trigger_ui.py
[2026-05-24T14:16:13.532+0000] {processor.py:830} INFO - Processing file /home/varn1t/ml-pipeline/venv/lib/python3.11/site-packages/airflow/example_dags/example_params_trigger_ui.py for tasks to queue
[2026-05-24T14:16:13.533+0000] {logging_mixin.py:188} INFO - [2026-05-24T14:16:13.533+0000] {dagbag.py:545} INFO - Filling up the DagBag from /home/varn1t/ml-pipeline/venv/lib/python3.11/site-packages/airflow/example_dags/example_params_trigger_ui.py
[2026-05-24T14:16:13.554+0000] {processor.py:840} INFO - DAG(s) 'example_params_trigger_ui' retrieved from /home/varn1t/ml-pipeline/venv/lib/python3.11/site-packages/airflow/example_dags/example_params_trigger_ui.py
[2026-05-24T14:16:13.596+0000] {logging_mixin.py:188} INFO - [2026-05-24T14:16:13.596+0000] {dag.py:3096} INFO - Sync 1 DAGs
[2026-05-24T14:16:13.611+0000] {logging_mixin.py:188} INFO - [2026-05-24T14:16:13.611+0000] {dag.py:3954} INFO - Setting next_dagrun for example_params_trigger_ui to None, run_after=None
[2026-05-24T14:16:13.642+0000] {processor.py:183} INFO - Processing /home/varn1t/ml-pipeline/venv/lib/python3.11/site-packages/airflow/example_dags/example_params_trigger_ui.py took 0.121 seconds
[2026-05-24T14:17:08.711+0000] {processor.py:161} INFO - Started process (PID=18948) to work on /home/varn1t/ml-pipeline/venv/lib/python3.11/site-packages/airflow/example_dags/example_params_trigger_ui.py
[2026-05-24T14:17:08.713+0000] {processor.py:830} INFO - Processing file /home/varn1t/ml-pipeline/venv/lib/python3.11/site-packages/airflow/example_dags/example_params_trigger_ui.py for tasks to queue
[2026-05-24T14:17:08.715+0000] {logging_mixin.py:188} INFO - [2026-05-24T14:17:08.714+0000] {dagbag.py:545} INFO - Filling up the DagBag from /home/varn1t/ml-pipeline/venv/lib/python3.11/site-packages/airflow/example_dags/example_params_trigger_ui.py
[2026-05-24T14:17:08.756+0000] {processor.py:840} INFO - DAG(s) 'example_params_trigger_ui' retrieved from /home/varn1t/ml-pipeline/venv/lib/python3.11/site-packages/airflow/example_dags/example_params_trigger_ui.py
[2026-05-24T14:17:08.865+0000] {logging_mixin.py:188} INFO - [2026-05-24T14:17:08.865+0000] {dag.py:3096} INFO - Sync 1 DAGs
[2026-05-24T14:17:08.898+0000] {logging_mixin.py:188} INFO - [2026-05-24T14:17:08.898+0000] {dag.py:3954} INFO - Setting next_dagrun for example_params_trigger_ui to None, run_after=None
[2026-05-24T14:17:08.959+0000] {processor.py:183} INFO - Processing /home/varn1t/ml-pipeline/venv/lib/python3.11/site-packages/airflow/example_dags/example_params_trigger_ui.py took 0.266 seconds
[2026-05-24T14:18:04.796+0000] {processor.py:161} INFO - Started process (PID=19205) to work on /home/varn1t/ml-pipeline/venv/lib/python3.11/site-packages/airflow/example_dags/example_params_trigger_ui.py
[2026-05-24T14:18:04.797+0000] {processor.py:830} INFO - Processing file /home/varn1t/ml-pipeline/venv/lib/python3.11/site-packages/airflow/example_dags/example_params_trigger_ui.py for tasks to queue
[2026-05-24T14:18:04.798+0000] {logging_mixin.py:188} INFO - [2026-05-24T14:18:04.798+0000] {dagbag.py:545} INFO - Filling up the DagBag from /home/varn1t/ml-pipeline/venv/lib/python3.11/site-packages/airflow/example_dags/example_params_trigger_ui.py
[2026-05-24T14:18:04.808+0000] {processor.py:840} INFO - DAG(s) 'example_params_trigger_ui' retrieved from /home/varn1t/ml-pipeline/venv/lib/python3.11/site-packages/airflow/example_dags/example_params_trigger_ui.py
[2026-05-24T14:18:04.829+0000] {logging_mixin.py:188} INFO - [2026-05-24T14:18:04.829+0000] {dag.py:3096} INFO - Sync 1 DAGs
[2026-05-24T14:18:04.835+0000] {logging_mixin.py:188} INFO - [2026-05-24T14:18:04.835+0000] {dag.py:3954} INFO - Setting next_dagrun for example_params_trigger_ui to None, run_after=None
[2026-05-24T14:18:04.850+0000] {processor.py:183} INFO - Processing /home/varn1t/ml-pipeline/venv/lib/python3.11/site-packages/airflow/example_dags/example_params_trigger_ui.py took 0.059 seconds
[2026-05-24T14:18:50.467+0000] {processor.py:161} INFO - Started process (PID=19433) to work on /home/varn1t/ml-pipeline/venv/lib/python3.11/site-packages/airflow/example_dags/example_params_trigger_ui.py
[2026-05-24T14:18:50.468+0000] {processor.py:830} INFO - Processing file /home/varn1t/ml-pipeline/venv/lib/python3.11/site-packages/airflow/example_dags/example_params_trigger_ui.py for tasks to queue
[2026-05-24T14:18:50.469+0000] {logging_mixin.py:188} INFO - [2026-05-24T14:18:50.469+0000] {dagbag.py:545} INFO - Filling up the DagBag from /home/varn1t/ml-pipeline/venv/lib/python3.11/site-packages/airflow/example_dags/example_params_trigger_ui.py
[2026-05-24T14:18:50.482+0000] {processor.py:840} INFO - DAG(s) 'example_params_trigger_ui' retrieved from /home/varn1t/ml-pipeline/venv/lib/python3.11/site-packages/airflow/example_dags/example_params_trigger_ui.py
[2026-05-24T14:18:50.504+0000] {logging_mixin.py:188} INFO - [2026-05-24T14:18:50.504+0000] {dag.py:3096} INFO - Sync 1 DAGs
[2026-05-24T14:18:50.511+0000] {logging_mixin.py:188} INFO - [2026-05-24T14:18:50.511+0000] {dag.py:3954} INFO - Setting next_dagrun for example_params_trigger_ui to None, run_after=None
[2026-05-24T14:18:50.530+0000] {processor.py:183} INFO - Processing /home/varn1t/ml-pipeline/venv/lib/python3.11/site-packages/airflow/example_dags/example_params_trigger_ui.py took 0.069 seconds
[2026-05-24T14:19:53.219+0000] {processor.py:161} INFO - Started process (PID=19727) to work on /home/varn1t/ml-pipeline/venv/lib/python3.11/site-packages/airflow/example_dags/example_params_trigger_ui.py
[2026-05-24T14:19:53.221+0000] {processor.py:830} INFO - Processing file /home/varn1t/ml-pipeline/venv/lib/python3.11/site-packages/airflow/example_dags/example_params_trigger_ui.py for tasks to queue
[2026-05-24T14:19:53.221+0000] {logging_mixin.py:188} INFO - [2026-05-24T14:19:53.221+0000] {dagbag.py:545} INFO - Filling up the DagBag from /home/varn1t/ml-pipeline/venv/lib/python3.11/site-packages/airflow/example_dags/example_params_trigger_ui.py
[2026-05-24T14:19:53.237+0000] {processor.py:840} INFO - DAG(s) 'example_params_trigger_ui' retrieved from /home/varn1t/ml-pipeline/venv/lib/python3.11/site-packages/airflow/example_dags/example_params_trigger_ui.py
[2026-05-24T14:19:53.265+0000] {logging_mixin.py:188} INFO - [2026-05-24T14:19:53.264+0000] {dag.py:3096} INFO - Sync 1 DAGs
[2026-05-24T14:19:53.274+0000] {logging_mixin.py:188} INFO - [2026-05-24T14:19:53.273+0000] {dag.py:3954} INFO - Setting next_dagrun for example_params_trigger_ui to None, run_after=None
[2026-05-24T14:19:53.294+0000] {processor.py:183} INFO - Processing /home/varn1t/ml-pipeline/venv/lib/python3.11/site-packages/airflow/example_dags/example_params_trigger_ui.py took 0.080 seconds
[2026-05-24T14:20:56.517+0000] {processor.py:161} INFO - Started process (PID=19999) to work on /home/varn1t/ml-pipeline/venv/lib/python3.11/site-packages/airflow/example_dags/example_params_trigger_ui.py
[2026-05-24T14:20:56.519+0000] {processor.py:830} INFO - Processing file /home/varn1t/ml-pipeline/venv/lib/python3.11/site-packages/airflow/example_dags/example_params_trigger_ui.py for tasks to queue
[2026-05-24T14:20:56.520+0000] {logging_mixin.py:188} INFO - [2026-05-24T14:20:56.519+0000] {dagbag.py:545} INFO - Filling up the DagBag from /home/varn1t/ml-pipeline/venv/lib/python3.11/site-packages/airflow/example_dags/example_params_trigger_ui.py
[2026-05-24T14:20:56.533+0000] {processor.py:840} INFO - DAG(s) 'example_params_trigger_ui' retrieved from /home/varn1t/ml-pipeline/venv/lib/python3.11/site-packages/airflow/example_dags/example_params_trigger_ui.py
[2026-05-24T14:20:56.555+0000] {logging_mixin.py:188} INFO - [2026-05-24T14:20:56.554+0000] {dag.py:3096} INFO - Sync 1 DAGs
[2026-05-24T14:20:56.565+0000] {logging_mixin.py:188} INFO - [2026-05-24T14:20:56.564+0000] {dag.py:3954} INFO - Setting next_dagrun for example_params_trigger_ui to None, run_after=None
[2026-05-24T14:20:56.584+0000] {processor.py:183} INFO - Processing /home/varn1t/ml-pipeline/venv/lib/python3.11/site-packages/airflow/example_dags/example_params_trigger_ui.py took 0.075 seconds
[2026-05-24T14:21:58.061+0000] {processor.py:161} INFO - Started process (PID=20296) to work on /home/varn1t/ml-pipeline/venv/lib/python3.11/site-packages/airflow/example_dags/example_params_trigger_ui.py
[2026-05-24T14:21:58.063+0000] {processor.py:830} INFO - Processing file /home/varn1t/ml-pipeline/venv/lib/python3.11/site-packages/airflow/example_dags/example_params_trigger_ui.py for tasks to queue
[2026-05-24T14:21:58.063+0000] {logging_mixin.py:188} INFO - [2026-05-24T14:21:58.063+0000] {dagbag.py:545} INFO - Filling up the DagBag from /home/varn1t/ml-pipeline/venv/lib/python3.11/site-packages/airflow/example_dags/example_params_trigger_ui.py
[2026-05-24T14:21:58.076+0000] {processor.py:840} INFO - DAG(s) 'example_params_trigger_ui' retrieved from /home/varn1t/ml-pipeline/venv/lib/python3.11/site-packages/airflow/example_dags/example_params_trigger_ui.py
[2026-05-24T14:21:58.097+0000] {logging_mixin.py:188} INFO - [2026-05-24T14:21:58.097+0000] {dag.py:3096} INFO - Sync 1 DAGs
[2026-05-24T14:21:58.103+0000] {logging_mixin.py:188} INFO - [2026-05-24T14:21:58.103+0000] {dag.py:3954} INFO - Setting next_dagrun for example_params_trigger_ui to None, run_after=None
[2026-05-24T14:21:58.120+0000] {processor.py:183} INFO - Processing /home/varn1t/ml-pipeline/venv/lib/python3.11/site-packages/airflow/example_dags/example_params_trigger_ui.py took 0.064 seconds
[2026-05-24T14:23:04.321+0000] {processor.py:161} INFO - Started process (PID=20590) to work on /home/varn1t/ml-pipeline/venv/lib/python3.11/site-packages/airflow/example_dags/example_params_trigger_ui.py
[2026-05-24T14:23:04.322+0000] {processor.py:830} INFO - Processing file /home/varn1t/ml-pipeline/venv/lib/python3.11/site-packages/airflow/example_dags/example_params_trigger_ui.py for tasks to queue
[2026-05-24T14:23:04.323+0000] {logging_mixin.py:188} INFO - [2026-05-24T14:23:04.323+0000] {dagbag.py:545} INFO - Filling up the DagBag from /home/varn1t/ml-pipeline/venv/lib/python3.11/site-packages/airflow/example_dags/example_params_trigger_ui.py
[2026-05-24T14:23:04.336+0000] {processor.py:840} INFO - DAG(s) 'example_params_trigger_ui' retrieved from /home/varn1t/ml-pipeline/venv/lib/python3.11/site-packages/airflow/example_dags/example_params_trigger_ui.py
[2026-05-24T14:23:04.358+0000] {logging_mixin.py:188} INFO - [2026-05-24T14:23:04.358+0000] {dag.py:3096} INFO - Sync 1 DAGs
[2026-05-24T14:23:04.367+0000] {logging_mixin.py:188} INFO - [2026-05-24T14:23:04.367+0000] {dag.py:3954} INFO - Setting next_dagrun for example_params_trigger_ui to None, run_after=None
[2026-05-24T14:23:04.388+0000] {processor.py:183} INFO - Processing /home/varn1t/ml-pipeline/venv/lib/python3.11/site-packages/airflow/example_dags/example_params_trigger_ui.py took 0.073 seconds
[2026-05-24T14:24:04.354+0000] {processor.py:161} INFO - Started process (PID=20900) to work on /home/varn1t/ml-pipeline/venv/lib/python3.11/site-packages/airflow/example_dags/example_params_trigger_ui.py
[2026-05-24T14:24:04.355+0000] {processor.py:830} INFO - Processing file /home/varn1t/ml-pipeline/venv/lib/python3.11/site-packages/airflow/example_dags/example_params_trigger_ui.py for tasks to queue
[2026-05-24T14:24:04.356+0000] {logging_mixin.py:188} INFO - [2026-05-24T14:24:04.356+0000] {dagbag.py:545} INFO - Filling up the DagBag from /home/varn1t/ml-pipeline/venv/lib/python3.11/site-packages/airflow/example_dags/example_params_trigger_ui.py
[2026-05-24T14:24:04.366+0000] {processor.py:840} INFO - DAG(s) 'example_params_trigger_ui' retrieved from /home/varn1t/ml-pipeline/venv/lib/python3.11/site-packages/airflow/example_dags/example_params_trigger_ui.py
[2026-05-24T14:24:04.385+0000] {logging_mixin.py:188} INFO - [2026-05-24T14:24:04.385+0000] {dag.py:3096} INFO - Sync 1 DAGs
[2026-05-24T14:24:04.393+0000] {logging_mixin.py:188} INFO - [2026-05-24T14:24:04.393+0000] {dag.py:3954} INFO - Setting next_dagrun for example_params_trigger_ui to None, run_after=None
[2026-05-24T14:24:04.411+0000] {processor.py:183} INFO - Processing /home/varn1t/ml-pipeline/venv/lib/python3.11/site-packages/airflow/example_dags/example_params_trigger_ui.py took 0.061 seconds
[2026-05-24T14:25:03.857+0000] {processor.py:161} INFO - Started process (PID=21163) to work on /home/varn1t/ml-pipeline/venv/lib/python3.11/site-packages/airflow/example_dags/example_params_trigger_ui.py
[2026-05-24T14:25:03.858+0000] {processor.py:830} INFO - Processing file /home/varn1t/ml-pipeline/venv/lib/python3.11/site-packages/airflow/example_dags/example_params_trigger_ui.py for tasks to queue
[2026-05-24T14:25:03.859+0000] {logging_mixin.py:188} INFO - [2026-05-24T14:25:03.859+0000] {dagbag.py:545} INFO - Filling up the DagBag from /home/varn1t/ml-pipeline/venv/lib/python3.11/site-packages/airflow/example_dags/example_params_trigger_ui.py
[2026-05-24T14:25:03.870+0000] {processor.py:840} INFO - DAG(s) 'example_params_trigger_ui' retrieved from /home/varn1t/ml-pipeline/venv/lib/python3.11/site-packages/airflow/example_dags/example_params_trigger_ui.py
[2026-05-24T14:25:03.890+0000] {logging_mixin.py:188} INFO - [2026-05-24T14:25:03.890+0000] {dag.py:3096} INFO - Sync 1 DAGs
[2026-05-24T14:25:03.897+0000] {logging_mixin.py:188} INFO - [2026-05-24T14:25:03.897+0000] {dag.py:3954} INFO - Setting next_dagrun for example_params_trigger_ui to None, run_after=None
[2026-05-24T14:25:03.917+0000] {processor.py:183} INFO - Processing /home/varn1t/ml-pipeline/venv/lib/python3.11/site-packages/airflow/example_dags/example_params_trigger_ui.py took 0.065 seconds
[2026-05-24T14:26:05.743+0000] {processor.py:161} INFO - Started process (PID=21450) to work on /home/varn1t/ml-pipeline/venv/lib/python3.11/site-packages/airflow/example_dags/example_params_trigger_ui.py
[2026-05-24T14:26:05.744+0000] {processor.py:830} INFO - Processing file /home/varn1t/ml-pipeline/venv/lib/python3.11/site-packages/airflow/example_dags/example_params_trigger_ui.py for tasks to queue
[2026-05-24T14:26:05.745+0000] {logging_mixin.py:188} INFO - [2026-05-24T14:26:05.744+0000] {dagbag.py:545} INFO - Filling up the DagBag from /home/varn1t/ml-pipeline/venv/lib/python3.11/site-packages/airflow/example_dags/example_params_trigger_ui.py
[2026-05-24T14:26:05.755+0000] {processor.py:840} INFO - DAG(s) 'example_params_trigger_ui' retrieved from /home/varn1t/ml-pipeline/venv/lib/python3.11/site-packages/airflow/example_dags/example_params_trigger_ui.py
[2026-05-24T14:26:05.776+0000] {logging_mixin.py:188} INFO - [2026-05-24T14:26:05.776+0000] {dag.py:3096} INFO - Sync 1 DAGs
[2026-05-24T14:26:05.782+0000] {logging_mixin.py:188} INFO - [2026-05-24T14:26:05.782+0000] {dag.py:3954} INFO - Setting next_dagrun for example_params_trigger_ui to None, run_after=None
[2026-05-24T14:26:05.798+0000] {processor.py:183} INFO - Processing /home/varn1t/ml-pipeline/venv/lib/python3.11/site-packages/airflow/example_dags/example_params_trigger_ui.py took 0.060 seconds
[2026-05-24T14:27:03.419+0000] {processor.py:161} INFO - Started process (PID=21713) to work on /home/varn1t/ml-pipeline/venv/lib/python3.11/site-packages/airflow/example_dags/example_params_trigger_ui.py
[2026-05-24T14:27:03.420+0000] {processor.py:830} INFO - Processing file /home/varn1t/ml-pipeline/venv/lib/python3.11/site-packages/airflow/example_dags/example_params_trigger_ui.py for tasks to queue
[2026-05-24T14:27:03.421+0000] {logging_mixin.py:188} INFO - [2026-05-24T14:27:03.421+0000] {dagbag.py:545} INFO - Filling up the DagBag from /home/varn1t/ml-pipeline/venv/lib/python3.11/site-packages/airflow/example_dags/example_params_trigger_ui.py
[2026-05-24T14:27:03.433+0000] {processor.py:840} INFO - DAG(s) 'example_params_trigger_ui' retrieved from /home/varn1t/ml-pipeline/venv/lib/python3.11/site-packages/airflow/example_dags/example_params_trigger_ui.py
[2026-05-24T14:27:03.457+0000] {logging_mixin.py:188} INFO - [2026-05-24T14:27:03.457+0000] {dag.py:3096} INFO - Sync 1 DAGs
[2026-05-24T14:27:03.465+0000] {logging_mixin.py:188} INFO - [2026-05-24T14:27:03.464+0000] {dag.py:3954} INFO - Setting next_dagrun for example_params_trigger_ui to None, run_after=None
[2026-05-24T14:27:03.482+0000] {processor.py:183} INFO - Processing /home/varn1t/ml-pipeline/venv/lib/python3.11/site-packages/airflow/example_dags/example_params_trigger_ui.py took 0.068 seconds
[2026-05-24T14:28:03.293+0000] {processor.py:161} INFO - Started process (PID=21984) to work on /home/varn1t/ml-pipeline/venv/lib/python3.11/site-packages/airflow/example_dags/example_params_trigger_ui.py
[2026-05-24T14:28:03.295+0000] {processor.py:830} INFO - Processing file /home/varn1t/ml-pipeline/venv/lib/python3.11/site-packages/airflow/example_dags/example_params_trigger_ui.py for tasks to queue
[2026-05-24T14:28:03.297+0000] {logging_mixin.py:188} INFO - [2026-05-24T14:28:03.296+0000] {dagbag.py:545} INFO - Filling up the DagBag from /home/varn1t/ml-pipeline/venv/lib/python3.11/site-packages/airflow/example_dags/example_params_trigger_ui.py
[2026-05-24T14:28:03.324+0000] {processor.py:840} INFO - DAG(s) 'example_params_trigger_ui' retrieved from /home/varn1t/ml-pipeline/venv/lib/python3.11/site-packages/airflow/example_dags/example_params_trigger_ui.py
[2026-05-24T14:28:03.383+0000] {logging_mixin.py:188} INFO - [2026-05-24T14:28:03.383+0000] {dag.py:3096} INFO - Sync 1 DAGs
[2026-05-24T14:28:03.402+0000] {logging_mixin.py:188} INFO - [2026-05-24T14:28:03.402+0000] {dag.py:3954} INFO - Setting next_dagrun for example_params_trigger_ui to None, run_after=None
[2026-05-24T14:28:03.441+0000] {processor.py:183} INFO - Processing /home/varn1t/ml-pipeline/venv/lib/python3.11/site-packages/airflow/example_dags/example_params_trigger_ui.py took 0.159 seconds
[2026-05-24T14:28:47.898+0000] {processor.py:161} INFO - Started process (PID=22215) to work on /home/varn1t/ml-pipeline/venv/lib/python3.11/site-packages/airflow/example_dags/example_params_trigger_ui.py
[2026-05-24T14:28:47.899+0000] {processor.py:830} INFO - Processing file /home/varn1t/ml-pipeline/venv/lib/python3.11/site-packages/airflow/example_dags/example_params_trigger_ui.py for tasks to queue
[2026-05-24T14:28:47.900+0000] {logging_mixin.py:188} INFO - [2026-05-24T14:28:47.899+0000] {dagbag.py:545} INFO - Filling up the DagBag from /home/varn1t/ml-pipeline/venv/lib/python3.11/site-packages/airflow/example_dags/example_params_trigger_ui.py
[2026-05-24T14:28:47.910+0000] {processor.py:840} INFO - DAG(s) 'example_params_trigger_ui' retrieved from /home/varn1t/ml-pipeline/venv/lib/python3.11/site-packages/airflow/example_dags/example_params_trigger_ui.py
[2026-05-24T14:28:47.936+0000] {logging_mixin.py:188} INFO - [2026-05-24T14:28:47.936+0000] {dag.py:3096} INFO - Sync 1 DAGs
[2026-05-24T14:28:47.943+0000] {logging_mixin.py:188} INFO - [2026-05-24T14:28:47.943+0000] {dag.py:3954} INFO - Setting next_dagrun for example_params_trigger_ui to None, run_after=None
[2026-05-24T14:28:47.962+0000] {processor.py:183} INFO - Processing /home/varn1t/ml-pipeline/venv/lib/python3.11/site-packages/airflow/example_dags/example_params_trigger_ui.py took 0.068 seconds
[2026-05-24T14:29:50.426+0000] {processor.py:161} INFO - Started process (PID=22483) to work on /home/varn1t/ml-pipeline/venv/lib/python3.11/site-packages/airflow/example_dags/example_params_trigger_ui.py
[2026-05-24T14:29:50.427+0000] {processor.py:830} INFO - Processing file /home/varn1t/ml-pipeline/venv/lib/python3.11/site-packages/airflow/example_dags/example_params_trigger_ui.py for tasks to queue
[2026-05-24T14:29:50.428+0000] {logging_mixin.py:188} INFO - [2026-05-24T14:29:50.427+0000] {dagbag.py:545} INFO - Filling up the DagBag from /home/varn1t/ml-pipeline/venv/lib/python3.11/site-packages/airflow/example_dags/example_params_trigger_ui.py
[2026-05-24T14:29:50.438+0000] {processor.py:840} INFO - DAG(s) 'example_params_trigger_ui' retrieved from /home/varn1t/ml-pipeline/venv/lib/python3.11/site-packages/airflow/example_dags/example_params_trigger_ui.py
[2026-05-24T14:29:50.458+0000] {logging_mixin.py:188} INFO - [2026-05-24T14:29:50.458+0000] {dag.py:3096} INFO - Sync 1 DAGs
[2026-05-24T14:29:50.464+0000] {logging_mixin.py:188} INFO - [2026-05-24T14:29:50.464+0000] {dag.py:3954} INFO - Setting next_dagrun for example_params_trigger_ui to None, run_after=None
[2026-05-24T14:29:50.478+0000] {processor.py:183} INFO - Processing /home/varn1t/ml-pipeline/venv/lib/python3.11/site-packages/airflow/example_dags/example_params_trigger_ui.py took 0.057 seconds
[2026-05-24T14:30:49.791+0000] {processor.py:161} INFO - Started process (PID=22758) to work on /home/varn1t/ml-pipeline/venv/lib/python3.11/site-packages/airflow/example_dags/example_params_trigger_ui.py
[2026-05-24T14:30:49.791+0000] {processor.py:830} INFO - Processing file /home/varn1t/ml-pipeline/venv/lib/python3.11/site-packages/airflow/example_dags/example_params_trigger_ui.py for tasks to queue
[2026-05-24T14:30:49.792+0000] {logging_mixin.py:188} INFO - [2026-05-24T14:30:49.792+0000] {dagbag.py:545} INFO - Filling up the DagBag from /home/varn1t/ml-pipeline/venv/lib/python3.11/site-packages/airflow/example_dags/example_params_trigger_ui.py
[2026-05-24T14:30:49.802+0000] {processor.py:840} INFO - DAG(s) 'example_params_trigger_ui' retrieved from /home/varn1t/ml-pipeline/venv/lib/python3.11/site-packages/airflow/example_dags/example_params_trigger_ui.py
[2026-05-24T14:30:49.821+0000] {logging_mixin.py:188} INFO - [2026-05-24T14:30:49.821+0000] {dag.py:3096} INFO - Sync 1 DAGs
[2026-05-24T14:30:49.827+0000] {logging_mixin.py:188} INFO - [2026-05-24T14:30:49.827+0000] {dag.py:3954} INFO - Setting next_dagrun for example_params_trigger_ui to None, run_after=None
[2026-05-24T14:30:49.842+0000] {processor.py:183} INFO - Processing /home/varn1t/ml-pipeline/venv/lib/python3.11/site-packages/airflow/example_dags/example_params_trigger_ui.py took 0.057 seconds
[2026-05-24T14:31:54.615+0000] {processor.py:161} INFO - Started process (PID=23033) to work on /home/varn1t/ml-pipeline/venv/lib/python3.11/site-packages/airflow/example_dags/example_params_trigger_ui.py
[2026-05-24T14:31:54.616+0000] {processor.py:830} INFO - Processing file /home/varn1t/ml-pipeline/venv/lib/python3.11/site-packages/airflow/example_dags/example_params_trigger_ui.py for tasks to queue
[2026-05-24T14:31:54.617+0000] {logging_mixin.py:188} INFO - [2026-05-24T14:31:54.617+0000] {dagbag.py:545} INFO - Filling up the DagBag from /home/varn1t/ml-pipeline/venv/lib/python3.11/site-packages/airflow/example_dags/example_params_trigger_ui.py
[2026-05-24T14:31:54.627+0000] {processor.py:840} INFO - DAG(s) 'example_params_trigger_ui' retrieved from /home/varn1t/ml-pipeline/venv/lib/python3.11/site-packages/airflow/example_dags/example_params_trigger_ui.py
[2026-05-24T14:31:54.645+0000] {logging_mixin.py:188} INFO - [2026-05-24T14:31:54.645+0000] {dag.py:3096} INFO - Sync 1 DAGs
[2026-05-24T14:31:54.651+0000] {logging_mixin.py:188} INFO - [2026-05-24T14:31:54.651+0000] {dag.py:3954} INFO - Setting next_dagrun for example_params_trigger_ui to None, run_after=None
[2026-05-24T14:31:54.670+0000] {processor.py:183} INFO - Processing /home/varn1t/ml-pipeline/venv/lib/python3.11/site-packages/airflow/example_dags/example_params_trigger_ui.py took 0.058 seconds
[2026-05-24T14:32:56.795+0000] {processor.py:161} INFO - Started process (PID=23321) to work on /home/varn1t/ml-pipeline/venv/lib/python3.11/site-packages/airflow/example_dags/example_params_trigger_ui.py
[2026-05-24T14:32:56.796+0000] {processor.py:830} INFO - Processing file /home/varn1t/ml-pipeline/venv/lib/python3.11/site-packages/airflow/example_dags/example_params_trigger_ui.py for tasks to queue
[2026-05-24T14:32:56.797+0000] {logging_mixin.py:188} INFO - [2026-05-24T14:32:56.797+0000] {dagbag.py:545} INFO - Filling up the DagBag from /home/varn1t/ml-pipeline/venv/lib/python3.11/site-packages/airflow/example_dags/example_params_trigger_ui.py
[2026-05-24T14:32:56.809+0000] {processor.py:840} INFO - DAG(s) 'example_params_trigger_ui' retrieved from /home/varn1t/ml-pipeline/venv/lib/python3.11/site-packages/airflow/example_dags/example_params_trigger_ui.py
[2026-05-24T14:32:56.832+0000] {logging_mixin.py:188} INFO - [2026-05-24T14:32:56.832+0000] {dag.py:3096} INFO - Sync 1 DAGs
[2026-05-24T14:32:56.839+0000] {logging_mixin.py:188} INFO - [2026-05-24T14:32:56.839+0000] {dag.py:3954} INFO - Setting next_dagrun for example_params_trigger_ui to None, run_after=None
[2026-05-24T14:32:56.856+0000] {processor.py:183} INFO - Processing /home/varn1t/ml-pipeline/venv/lib/python3.11/site-packages/airflow/example_dags/example_params_trigger_ui.py took 0.065 seconds
[2026-05-24T14:33:58.904+0000] {processor.py:161} INFO - Started process (PID=23614) to work on /home/varn1t/ml-pipeline/venv/lib/python3.11/site-packages/airflow/example_dags/example_params_trigger_ui.py
[2026-05-24T14:33:58.905+0000] {processor.py:830} INFO - Processing file /home/varn1t/ml-pipeline/venv/lib/python3.11/site-packages/airflow/example_dags/example_params_trigger_ui.py for tasks to queue
[2026-05-24T14:33:58.905+0000] {logging_mixin.py:188} INFO - [2026-05-24T14:33:58.905+0000] {dagbag.py:545} INFO - Filling up the DagBag from /home/varn1t/ml-pipeline/venv/lib/python3.11/site-packages/airflow/example_dags/example_params_trigger_ui.py
[2026-05-24T14:33:58.915+0000] {processor.py:840} INFO - DAG(s) 'example_params_trigger_ui' retrieved from /home/varn1t/ml-pipeline/venv/lib/python3.11/site-packages/airflow/example_dags/example_params_trigger_ui.py
[2026-05-24T14:33:58.937+0000] {logging_mixin.py:188} INFO - [2026-05-24T14:33:58.937+0000] {dag.py:3096} INFO - Sync 1 DAGs
[2026-05-24T14:33:58.944+0000] {logging_mixin.py:188} INFO - [2026-05-24T14:33:58.944+0000] {dag.py:3954} INFO - Setting next_dagrun for example_params_trigger_ui to None, run_after=None
[2026-05-24T14:33:58.959+0000] {processor.py:183} INFO - Processing /home/varn1t/ml-pipeline/venv/lib/python3.11/site-packages/airflow/example_dags/example_params_trigger_ui.py took 0.059 seconds
[2026-05-24T14:35:00.523+0000] {processor.py:161} INFO - Started process (PID=23893) to work on /home/varn1t/ml-pipeline/venv/lib/python3.11/site-packages/airflow/example_dags/example_params_trigger_ui.py
[2026-05-24T14:35:00.524+0000] {processor.py:830} INFO - Processing file /home/varn1t/ml-pipeline/venv/lib/python3.11/site-packages/airflow/example_dags/example_params_trigger_ui.py for tasks to queue
[2026-05-24T14:35:00.525+0000] {logging_mixin.py:188} INFO - [2026-05-24T14:35:00.525+0000] {dagbag.py:545} INFO - Filling up the DagBag from /home/varn1t/ml-pipeline/venv/lib/python3.11/site-packages/airflow/example_dags/example_params_trigger_ui.py
[2026-05-24T14:35:00.539+0000] {processor.py:840} INFO - DAG(s) 'example_params_trigger_ui' retrieved from /home/varn1t/ml-pipeline/venv/lib/python3.11/site-packages/airflow/example_dags/example_params_trigger_ui.py
[2026-05-24T14:35:00.561+0000] {logging_mixin.py:188} INFO - [2026-05-24T14:35:00.561+0000] {dag.py:3096} INFO - Sync 1 DAGs
[2026-05-24T14:35:00.568+0000] {logging_mixin.py:188} INFO - [2026-05-24T14:35:00.568+0000] {dag.py:3954} INFO - Setting next_dagrun for example_params_trigger_ui to None, run_after=None
[2026-05-24T14:35:00.583+0000] {processor.py:183} INFO - Processing /home/varn1t/ml-pipeline/venv/lib/python3.11/site-packages/airflow/example_dags/example_params_trigger_ui.py took 0.066 seconds
[2026-05-24T14:36:02.488+0000] {processor.py:161} INFO - Started process (PID=24161) to work on /home/varn1t/ml-pipeline/venv/lib/python3.11/site-packages/airflow/example_dags/example_params_trigger_ui.py
[2026-05-24T14:36:02.489+0000] {processor.py:830} INFO - Processing file /home/varn1t/ml-pipeline/venv/lib/python3.11/site-packages/airflow/example_dags/example_params_trigger_ui.py for tasks to queue
[2026-05-24T14:36:02.490+0000] {logging_mixin.py:188} INFO - [2026-05-24T14:36:02.489+0000] {dagbag.py:545} INFO - Filling up the DagBag from /home/varn1t/ml-pipeline/venv/lib/python3.11/site-packages/airflow/example_dags/example_params_trigger_ui.py
[2026-05-24T14:36:02.502+0000] {processor.py:840} INFO - DAG(s) 'example_params_trigger_ui' retrieved from /home/varn1t/ml-pipeline/venv/lib/python3.11/site-packages/airflow/example_dags/example_params_trigger_ui.py
[2026-05-24T14:36:02.523+0000] {logging_mixin.py:188} INFO - [2026-05-24T14:36:02.523+0000] {dag.py:3096} INFO - Sync 1 DAGs
[2026-05-24T14:36:02.530+0000] {logging_mixin.py:188} INFO - [2026-05-24T14:36:02.530+0000] {dag.py:3954} INFO - Setting next_dagrun for example_params_trigger_ui to None, run_after=None
[2026-05-24T14:36:02.545+0000] {processor.py:183} INFO - Processing /home/varn1t/ml-pipeline/venv/lib/python3.11/site-packages/airflow/example_dags/example_params_trigger_ui.py took 0.063 seconds
[2026-05-24T14:37:06.857+0000] {processor.py:161} INFO - Started process (PID=24453) to work on /home/varn1t/ml-pipeline/venv/lib/python3.11/site-packages/airflow/example_dags/example_params_trigger_ui.py
[2026-05-24T14:37:06.858+0000] {processor.py:830} INFO - Processing file /home/varn1t/ml-pipeline/venv/lib/python3.11/site-packages/airflow/example_dags/example_params_trigger_ui.py for tasks to queue
[2026-05-24T14:37:06.858+0000] {logging_mixin.py:188} INFO - [2026-05-24T14:37:06.858+0000] {dagbag.py:545} INFO - Filling up the DagBag from /home/varn1t/ml-pipeline/venv/lib/python3.11/site-packages/airflow/example_dags/example_params_trigger_ui.py
[2026-05-24T14:37:06.868+0000] {processor.py:840} INFO - DAG(s) 'example_params_trigger_ui' retrieved from /home/varn1t/ml-pipeline/venv/lib/python3.11/site-packages/airflow/example_dags/example_params_trigger_ui.py
[2026-05-24T14:37:06.890+0000] {logging_mixin.py:188} INFO - [2026-05-24T14:37:06.890+0000] {dag.py:3096} INFO - Sync 1 DAGs
[2026-05-24T14:37:06.897+0000] {logging_mixin.py:188} INFO - [2026-05-24T14:37:06.897+0000] {dag.py:3954} INFO - Setting next_dagrun for example_params_trigger_ui to None, run_after=None
[2026-05-24T14:37:06.913+0000] {processor.py:183} INFO - Processing /home/varn1t/ml-pipeline/venv/lib/python3.11/site-packages/airflow/example_dags/example_params_trigger_ui.py took 0.060 seconds
[2026-05-24T14:38:05.856+0000] {processor.py:161} INFO - Started process (PID=24730) to work on /home/varn1t/ml-pipeline/venv/lib/python3.11/site-packages/airflow/example_dags/example_params_trigger_ui.py
[2026-05-24T14:38:05.857+0000] {processor.py:830} INFO - Processing file /home/varn1t/ml-pipeline/venv/lib/python3.11/site-packages/airflow/example_dags/example_params_trigger_ui.py for tasks to queue
[2026-05-24T14:38:05.857+0000] {logging_mixin.py:188} INFO - [2026-05-24T14:38:05.857+0000] {dagbag.py:545} INFO - Filling up the DagBag from /home/varn1t/ml-pipeline/venv/lib/python3.11/site-packages/airflow/example_dags/example_params_trigger_ui.py
[2026-05-24T14:38:05.867+0000] {processor.py:840} INFO - DAG(s) 'example_params_trigger_ui' retrieved from /home/varn1t/ml-pipeline/venv/lib/python3.11/site-packages/airflow/example_dags/example_params_trigger_ui.py
[2026-05-24T14:38:05.888+0000] {logging_mixin.py:188} INFO - [2026-05-24T14:38:05.888+0000] {dag.py:3096} INFO - Sync 1 DAGs
[2026-05-24T14:38:05.896+0000] {logging_mixin.py:188} INFO - [2026-05-24T14:38:05.896+0000] {dag.py:3954} INFO - Setting next_dagrun for example_params_trigger_ui to None, run_after=None
[2026-05-24T14:38:05.912+0000] {processor.py:183} INFO - Processing /home/varn1t/ml-pipeline/venv/lib/python3.11/site-packages/airflow/example_dags/example_params_trigger_ui.py took 0.060 seconds
[2026-05-24T14:39:05.261+0000] {processor.py:161} INFO - Started process (PID=25032) to work on /home/varn1t/ml-pipeline/venv/lib/python3.11/site-packages/airflow/example_dags/example_params_trigger_ui.py
[2026-05-24T14:39:05.262+0000] {processor.py:830} INFO - Processing file /home/varn1t/ml-pipeline/venv/lib/python3.11/site-packages/airflow/example_dags/example_params_trigger_ui.py for tasks to queue
[2026-05-24T14:39:05.263+0000] {logging_mixin.py:188} INFO - [2026-05-24T14:39:05.262+0000] {dagbag.py:545} INFO - Filling up the DagBag from /home/varn1t/ml-pipeline/venv/lib/python3.11/site-packages/airflow/example_dags/example_params_trigger_ui.py
[2026-05-24T14:39:05.273+0000] {processor.py:840} INFO - DAG(s) 'example_params_trigger_ui' retrieved from /home/varn1t/ml-pipeline/venv/lib/python3.11/site-packages/airflow/example_dags/example_params_trigger_ui.py
[2026-05-24T14:39:05.293+0000] {logging_mixin.py:188} INFO - [2026-05-24T14:39:05.292+0000] {dag.py:3096} INFO - Sync 1 DAGs
[2026-05-24T14:39:05.300+0000] {logging_mixin.py:188} INFO - [2026-05-24T14:39:05.300+0000] {dag.py:3954} INFO - Setting next_dagrun for example_params_trigger_ui to None, run_after=None
[2026-05-24T14:39:05.319+0000] {processor.py:183} INFO - Processing /home/varn1t/ml-pipeline/venv/lib/python3.11/site-packages/airflow/example_dags/example_params_trigger_ui.py took 0.063 seconds
[2026-05-24T14:40:09.826+0000] {processor.py:161} INFO - Started process (PID=25311) to work on /home/varn1t/ml-pipeline/venv/lib/python3.11/site-packages/airflow/example_dags/example_params_trigger_ui.py
[2026-05-24T14:40:09.827+0000] {processor.py:830} INFO - Processing file /home/varn1t/ml-pipeline/venv/lib/python3.11/site-packages/airflow/example_dags/example_params_trigger_ui.py for tasks to queue
[2026-05-24T14:40:09.827+0000] {logging_mixin.py:188} INFO - [2026-05-24T14:40:09.827+0000] {dagbag.py:545} INFO - Filling up the DagBag from /home/varn1t/ml-pipeline/venv/lib/python3.11/site-packages/airflow/example_dags/example_params_trigger_ui.py
[2026-05-24T14:40:09.837+0000] {processor.py:840} INFO - DAG(s) 'example_params_trigger_ui' retrieved from /home/varn1t/ml-pipeline/venv/lib/python3.11/site-packages/airflow/example_dags/example_params_trigger_ui.py
[2026-05-24T14:40:09.859+0000] {logging_mixin.py:188} INFO - [2026-05-24T14:40:09.859+0000] {dag.py:3096} INFO - Sync 1 DAGs
[2026-05-24T14:40:09.866+0000] {logging_mixin.py:188} INFO - [2026-05-24T14:40:09.866+0000] {dag.py:3954} INFO - Setting next_dagrun for example_params_trigger_ui to None, run_after=None
[2026-05-24T14:40:09.975+0000] {processor.py:183} INFO - Processing /home/varn1t/ml-pipeline/venv/lib/python3.11/site-packages/airflow/example_dags/example_params_trigger_ui.py took 0.153 seconds
[2026-05-24T14:40:56.555+0000] {processor.py:161} INFO - Started process (PID=25506) to work on /home/varn1t/ml-pipeline/venv/lib/python3.11/site-packages/airflow/example_dags/example_params_trigger_ui.py
[2026-05-24T14:40:56.556+0000] {processor.py:830} INFO - Processing file /home/varn1t/ml-pipeline/venv/lib/python3.11/site-packages/airflow/example_dags/example_params_trigger_ui.py for tasks to queue
[2026-05-24T14:40:56.557+0000] {logging_mixin.py:188} INFO - [2026-05-24T14:40:56.556+0000] {dagbag.py:545} INFO - Filling up the DagBag from /home/varn1t/ml-pipeline/venv/lib/python3.11/site-packages/airflow/example_dags/example_params_trigger_ui.py
[2026-05-24T14:40:56.568+0000] {processor.py:840} INFO - DAG(s) 'example_params_trigger_ui' retrieved from /home/varn1t/ml-pipeline/venv/lib/python3.11/site-packages/airflow/example_dags/example_params_trigger_ui.py
[2026-05-24T14:40:56.590+0000] {logging_mixin.py:188} INFO - [2026-05-24T14:40:56.590+0000] {dag.py:3096} INFO - Sync 1 DAGs
[2026-05-24T14:40:56.597+0000] {logging_mixin.py:188} INFO - [2026-05-24T14:40:56.597+0000] {dag.py:3954} INFO - Setting next_dagrun for example_params_trigger_ui to None, run_after=None
[2026-05-24T14:40:56.616+0000] {processor.py:183} INFO - Processing /home/varn1t/ml-pipeline/venv/lib/python3.11/site-packages/airflow/example_dags/example_params_trigger_ui.py took 0.065 seconds
[2026-05-24T14:41:44.509+0000] {processor.py:161} INFO - Started process (PID=25715) to work on /home/varn1t/ml-pipeline/venv/lib/python3.11/site-packages/airflow/example_dags/example_params_trigger_ui.py
[2026-05-24T14:41:44.510+0000] {processor.py:830} INFO - Processing file /home/varn1t/ml-pipeline/venv/lib/python3.11/site-packages/airflow/example_dags/example_params_trigger_ui.py for tasks to queue
[2026-05-24T14:41:44.510+0000] {logging_mixin.py:188} INFO - [2026-05-24T14:41:44.510+0000] {dagbag.py:545} INFO - Filling up the DagBag from /home/varn1t/ml-pipeline/venv/lib/python3.11/site-packages/airflow/example_dags/example_params_trigger_ui.py
[2026-05-24T14:41:44.521+0000] {processor.py:840} INFO - DAG(s) 'example_params_trigger_ui' retrieved from /home/varn1t/ml-pipeline/venv/lib/python3.11/site-packages/airflow/example_dags/example_params_trigger_ui.py
[2026-05-24T14:41:44.546+0000] {logging_mixin.py:188} INFO - [2026-05-24T14:41:44.546+0000] {dag.py:3096} INFO - Sync 1 DAGs
[2026-05-24T14:41:44.553+0000] {logging_mixin.py:188} INFO - [2026-05-24T14:41:44.553+0000] {dag.py:3954} INFO - Setting next_dagrun for example_params_trigger_ui to None, run_after=None
[2026-05-24T14:41:44.573+0000] {processor.py:183} INFO - Processing /home/varn1t/ml-pipeline/venv/lib/python3.11/site-packages/airflow/example_dags/example_params_trigger_ui.py took 0.068 seconds
[2026-05-24T14:42:32.474+0000] {processor.py:161} INFO - Started process (PID=25926) to work on /home/varn1t/ml-pipeline/venv/lib/python3.11/site-packages/airflow/example_dags/example_params_trigger_ui.py
[2026-05-24T14:42:32.475+0000] {processor.py:830} INFO - Processing file /home/varn1t/ml-pipeline/venv/lib/python3.11/site-packages/airflow/example_dags/example_params_trigger_ui.py for tasks to queue
[2026-05-24T14:42:32.476+0000] {logging_mixin.py:188} INFO - [2026-05-24T14:42:32.476+0000] {dagbag.py:545} INFO - Filling up the DagBag from /home/varn1t/ml-pipeline/venv/lib/python3.11/site-packages/airflow/example_dags/example_params_trigger_ui.py
[2026-05-24T14:42:32.487+0000] {processor.py:840} INFO - DAG(s) 'example_params_trigger_ui' retrieved from /home/varn1t/ml-pipeline/venv/lib/python3.11/site-packages/airflow/example_dags/example_params_trigger_ui.py
[2026-05-24T14:42:32.512+0000] {logging_mixin.py:188} INFO - [2026-05-24T14:42:32.512+0000] {dag.py:3096} INFO - Sync 1 DAGs
[2026-05-24T14:42:32.520+0000] {logging_mixin.py:188} INFO - [2026-05-24T14:42:32.520+0000] {dag.py:3954} INFO - Setting next_dagrun for example_params_trigger_ui to None, run_after=None
[2026-05-24T14:42:32.535+0000] {processor.py:183} INFO - Processing /home/varn1t/ml-pipeline/venv/lib/python3.11/site-packages/airflow/example_dags/example_params_trigger_ui.py took 0.067 seconds
[2026-05-24T14:43:35.722+0000] {processor.py:161} INFO - Started process (PID=26235) to work on /home/varn1t/ml-pipeline/venv/lib/python3.11/site-packages/airflow/example_dags/example_params_trigger_ui.py
[2026-05-24T14:43:35.723+0000] {processor.py:830} INFO - Processing file /home/varn1t/ml-pipeline/venv/lib/python3.11/site-packages/airflow/example_dags/example_params_trigger_ui.py for tasks to queue
[2026-05-24T14:43:35.724+0000] {logging_mixin.py:188} INFO - [2026-05-24T14:43:35.724+0000] {dagbag.py:545} INFO - Filling up the DagBag from /home/varn1t/ml-pipeline/venv/lib/python3.11/site-packages/airflow/example_dags/example_params_trigger_ui.py
[2026-05-24T14:43:35.735+0000] {processor.py:840} INFO - DAG(s) 'example_params_trigger_ui' retrieved from /home/varn1t/ml-pipeline/venv/lib/python3.11/site-packages/airflow/example_dags/example_params_trigger_ui.py
[2026-05-24T14:43:35.755+0000] {logging_mixin.py:188} INFO - [2026-05-24T14:43:35.755+0000] {dag.py:3096} INFO - Sync 1 DAGs
[2026-05-24T14:43:35.763+0000] {logging_mixin.py:188} INFO - [2026-05-24T14:43:35.763+0000] {dag.py:3954} INFO - Setting next_dagrun for example_params_trigger_ui to None, run_after=None
[2026-05-24T14:43:35.781+0000] {processor.py:183} INFO - Processing /home/varn1t/ml-pipeline/venv/lib/python3.11/site-packages/airflow/example_dags/example_params_trigger_ui.py took 0.063 seconds
[2026-05-24T14:44:38.606+0000] {processor.py:161} INFO - Started process (PID=26518) to work on /home/varn1t/ml-pipeline/venv/lib/python3.11/site-packages/airflow/example_dags/example_params_trigger_ui.py
[2026-05-24T14:44:38.607+0000] {processor.py:830} INFO - Processing file /home/varn1t/ml-pipeline/venv/lib/python3.11/site-packages/airflow/example_dags/example_params_trigger_ui.py for tasks to queue
[2026-05-24T14:44:38.608+0000] {logging_mixin.py:188} INFO - [2026-05-24T14:44:38.607+0000] {dagbag.py:545} INFO - Filling up the DagBag from /home/varn1t/ml-pipeline/venv/lib/python3.11/site-packages/airflow/example_dags/example_params_trigger_ui.py
[2026-05-24T14:44:38.617+0000] {processor.py:840} INFO - DAG(s) 'example_params_trigger_ui' retrieved from /home/varn1t/ml-pipeline/venv/lib/python3.11/site-packages/airflow/example_dags/example_params_trigger_ui.py
[2026-05-24T14:44:38.636+0000] {logging_mixin.py:188} INFO - [2026-05-24T14:44:38.636+0000] {dag.py:3096} INFO - Sync 1 DAGs
[2026-05-24T14:44:38.643+0000] {logging_mixin.py:188} INFO - [2026-05-24T14:44:38.643+0000] {dag.py:3954} INFO - Setting next_dagrun for example_params_trigger_ui to None, run_after=None
[2026-05-24T14:44:38.659+0000] {processor.py:183} INFO - Processing /home/varn1t/ml-pipeline/venv/lib/python3.11/site-packages/airflow/example_dags/example_params_trigger_ui.py took 0.057 seconds
[2026-05-24T14:45:37.951+0000] {processor.py:161} INFO - Started process (PID=26788) to work on /home/varn1t/ml-pipeline/venv/lib/python3.11/site-packages/airflow/example_dags/example_params_trigger_ui.py
[2026-05-24T14:45:37.952+0000] {processor.py:830} INFO - Processing file /home/varn1t/ml-pipeline/venv/lib/python3.11/site-packages/airflow/example_dags/example_params_trigger_ui.py for tasks to queue
[2026-05-24T14:45:37.952+0000] {logging_mixin.py:188} INFO - [2026-05-24T14:45:37.952+0000] {dagbag.py:545} INFO - Filling up the DagBag from /home/varn1t/ml-pipeline/venv/lib/python3.11/site-packages/airflow/example_dags/example_params_trigger_ui.py
[2026-05-24T14:45:37.964+0000] {processor.py:840} INFO - DAG(s) 'example_params_trigger_ui' retrieved from /home/varn1t/ml-pipeline/venv/lib/python3.11/site-packages/airflow/example_dags/example_params_trigger_ui.py
[2026-05-24T14:45:37.985+0000] {logging_mixin.py:188} INFO - [2026-05-24T14:45:37.985+0000] {dag.py:3096} INFO - Sync 1 DAGs
[2026-05-24T14:45:37.992+0000] {logging_mixin.py:188} INFO - [2026-05-24T14:45:37.992+0000] {dag.py:3954} INFO - Setting next_dagrun for example_params_trigger_ui to None, run_after=None
[2026-05-24T14:45:38.009+0000] {processor.py:183} INFO - Processing /home/varn1t/ml-pipeline/venv/lib/python3.11/site-packages/airflow/example_dags/example_params_trigger_ui.py took 0.063 seconds
[2026-05-24T14:46:24.420+0000] {processor.py:161} INFO - Started process (PID=27001) to work on /home/varn1t/ml-pipeline/venv/lib/python3.11/site-packages/airflow/example_dags/example_params_trigger_ui.py
[2026-05-24T14:46:24.421+0000] {processor.py:830} INFO - Processing file /home/varn1t/ml-pipeline/venv/lib/python3.11/site-packages/airflow/example_dags/example_params_trigger_ui.py for tasks to queue
[2026-05-24T14:46:24.422+0000] {logging_mixin.py:188} INFO - [2026-05-24T14:46:24.422+0000] {dagbag.py:545} INFO - Filling up the DagBag from /home/varn1t/ml-pipeline/venv/lib/python3.11/site-packages/airflow/example_dags/example_params_trigger_ui.py
[2026-05-24T14:46:24.434+0000] {processor.py:840} INFO - DAG(s) 'example_params_trigger_ui' retrieved from /home/varn1t/ml-pipeline/venv/lib/python3.11/site-packages/airflow/example_dags/example_params_trigger_ui.py
[2026-05-24T14:46:24.457+0000] {logging_mixin.py:188} INFO - [2026-05-24T14:46:24.457+0000] {dag.py:3096} INFO - Sync 1 DAGs
[2026-05-24T14:46:24.464+0000] {logging_mixin.py:188} INFO - [2026-05-24T14:46:24.464+0000] {dag.py:3954} INFO - Setting next_dagrun for example_params_trigger_ui to None, run_after=None
[2026-05-24T14:46:24.481+0000] {processor.py:183} INFO - Processing /home/varn1t/ml-pipeline/venv/lib/python3.11/site-packages/airflow/example_dags/example_params_trigger_ui.py took 0.066 seconds
[2026-05-24T14:47:28.362+0000] {processor.py:161} INFO - Started process (PID=27289) to work on /home/varn1t/ml-pipeline/venv/lib/python3.11/site-packages/airflow/example_dags/example_params_trigger_ui.py
[2026-05-24T14:47:28.363+0000] {processor.py:830} INFO - Processing file /home/varn1t/ml-pipeline/venv/lib/python3.11/site-packages/airflow/example_dags/example_params_trigger_ui.py for tasks to queue
[2026-05-24T14:47:28.364+0000] {logging_mixin.py:188} INFO - [2026-05-24T14:47:28.363+0000] {dagbag.py:545} INFO - Filling up the DagBag from /home/varn1t/ml-pipeline/venv/lib/python3.11/site-packages/airflow/example_dags/example_params_trigger_ui.py
[2026-05-24T14:47:28.374+0000] {processor.py:840} INFO - DAG(s) 'example_params_trigger_ui' retrieved from /home/varn1t/ml-pipeline/venv/lib/python3.11/site-packages/airflow/example_dags/example_params_trigger_ui.py
[2026-05-24T14:47:28.394+0000] {logging_mixin.py:188} INFO - [2026-05-24T14:47:28.393+0000] {dag.py:3096} INFO - Sync 1 DAGs
[2026-05-24T14:47:28.401+0000] {logging_mixin.py:188} INFO - [2026-05-24T14:47:28.401+0000] {dag.py:3954} INFO - Setting next_dagrun for example_params_trigger_ui to None, run_after=None
[2026-05-24T14:47:28.417+0000] {processor.py:183} INFO - Processing /home/varn1t/ml-pipeline/venv/lib/python3.11/site-packages/airflow/example_dags/example_params_trigger_ui.py took 0.059 seconds
[2026-05-24T14:48:28.413+0000] {processor.py:161} INFO - Started process (PID=27601) to work on /home/varn1t/ml-pipeline/venv/lib/python3.11/site-packages/airflow/example_dags/example_params_trigger_ui.py
[2026-05-24T14:48:28.415+0000] {processor.py:830} INFO - Processing file /home/varn1t/ml-pipeline/venv/lib/python3.11/site-packages/airflow/example_dags/example_params_trigger_ui.py for tasks to queue
[2026-05-24T14:48:28.415+0000] {logging_mixin.py:188} INFO - [2026-05-24T14:48:28.415+0000] {dagbag.py:545} INFO - Filling up the DagBag from /home/varn1t/ml-pipeline/venv/lib/python3.11/site-packages/airflow/example_dags/example_params_trigger_ui.py
[2026-05-24T14:48:28.426+0000] {processor.py:840} INFO - DAG(s) 'example_params_trigger_ui' retrieved from /home/varn1t/ml-pipeline/venv/lib/python3.11/site-packages/airflow/example_dags/example_params_trigger_ui.py
[2026-05-24T14:48:28.445+0000] {logging_mixin.py:188} INFO - [2026-05-24T14:48:28.445+0000] {dag.py:3096} INFO - Sync 1 DAGs
[2026-05-24T14:48:28.453+0000] {logging_mixin.py:188} INFO - [2026-05-24T14:48:28.453+0000] {dag.py:3954} INFO - Setting next_dagrun for example_params_trigger_ui to None, run_after=None
[2026-05-24T14:48:28.471+0000] {processor.py:183} INFO - Processing /home/varn1t/ml-pipeline/venv/lib/python3.11/site-packages/airflow/example_dags/example_params_trigger_ui.py took 0.063 seconds
[2026-05-24T14:49:27.858+0000] {processor.py:161} INFO - Started process (PID=27855) to work on /home/varn1t/ml-pipeline/venv/lib/python3.11/site-packages/airflow/example_dags/example_params_trigger_ui.py
[2026-05-24T14:49:27.860+0000] {processor.py:830} INFO - Processing file /home/varn1t/ml-pipeline/venv/lib/python3.11/site-packages/airflow/example_dags/example_params_trigger_ui.py for tasks to queue
[2026-05-24T14:49:27.861+0000] {logging_mixin.py:188} INFO - [2026-05-24T14:49:27.861+0000] {dagbag.py:545} INFO - Filling up the DagBag from /home/varn1t/ml-pipeline/venv/lib/python3.11/site-packages/airflow/example_dags/example_params_trigger_ui.py
[2026-05-24T14:49:27.873+0000] {processor.py:840} INFO - DAG(s) 'example_params_trigger_ui' retrieved from /home/varn1t/ml-pipeline/venv/lib/python3.11/site-packages/airflow/example_dags/example_params_trigger_ui.py
[2026-05-24T14:49:27.896+0000] {logging_mixin.py:188} INFO - [2026-05-24T14:49:27.896+0000] {dag.py:3096} INFO - Sync 1 DAGs
[2026-05-24T14:49:27.904+0000] {logging_mixin.py:188} INFO - [2026-05-24T14:49:27.904+0000] {dag.py:3954} INFO - Setting next_dagrun for example_params_trigger_ui to None, run_after=None
[2026-05-24T14:49:27.922+0000] {processor.py:183} INFO - Processing /home/varn1t/ml-pipeline/venv/lib/python3.11/site-packages/airflow/example_dags/example_params_trigger_ui.py took 0.068 seconds
[2026-05-24T14:50:29.489+0000] {processor.py:161} INFO - Started process (PID=28148) to work on /home/varn1t/ml-pipeline/venv/lib/python3.11/site-packages/airflow/example_dags/example_params_trigger_ui.py
[2026-05-24T14:50:29.491+0000] {processor.py:830} INFO - Processing file /home/varn1t/ml-pipeline/venv/lib/python3.11/site-packages/airflow/example_dags/example_params_trigger_ui.py for tasks to queue
[2026-05-24T14:50:29.492+0000] {logging_mixin.py:188} INFO - [2026-05-24T14:50:29.492+0000] {dagbag.py:545} INFO - Filling up the DagBag from /home/varn1t/ml-pipeline/venv/lib/python3.11/site-packages/airflow/example_dags/example_params_trigger_ui.py
[2026-05-24T14:50:29.504+0000] {processor.py:840} INFO - DAG(s) 'example_params_trigger_ui' retrieved from /home/varn1t/ml-pipeline/venv/lib/python3.11/site-packages/airflow/example_dags/example_params_trigger_ui.py
[2026-05-24T14:50:29.526+0000] {logging_mixin.py:188} INFO - [2026-05-24T14:50:29.526+0000] {dag.py:3096} INFO - Sync 1 DAGs
[2026-05-24T14:50:29.534+0000] {logging_mixin.py:188} INFO - [2026-05-24T14:50:29.534+0000] {dag.py:3954} INFO - Setting next_dagrun for example_params_trigger_ui to None, run_after=None
[2026-05-24T14:50:29.551+0000] {processor.py:183} INFO - Processing /home/varn1t/ml-pipeline/venv/lib/python3.11/site-packages/airflow/example_dags/example_params_trigger_ui.py took 0.068 seconds
[2026-05-24T14:51:34.279+0000] {processor.py:161} INFO - Started process (PID=28427) to work on /home/varn1t/ml-pipeline/venv/lib/python3.11/site-packages/airflow/example_dags/example_params_trigger_ui.py
[2026-05-24T14:51:34.282+0000] {processor.py:830} INFO - Processing file /home/varn1t/ml-pipeline/venv/lib/python3.11/site-packages/airflow/example_dags/example_params_trigger_ui.py for tasks to queue
[2026-05-24T14:51:34.283+0000] {logging_mixin.py:188} INFO - [2026-05-24T14:51:34.283+0000] {dagbag.py:545} INFO - Filling up the DagBag from /home/varn1t/ml-pipeline/venv/lib/python3.11/site-packages/airflow/example_dags/example_params_trigger_ui.py
[2026-05-24T14:51:34.297+0000] {processor.py:840} INFO - DAG(s) 'example_params_trigger_ui' retrieved from /home/varn1t/ml-pipeline/venv/lib/python3.11/site-packages/airflow/example_dags/example_params_trigger_ui.py
[2026-05-24T14:51:34.324+0000] {logging_mixin.py:188} INFO - [2026-05-24T14:51:34.324+0000] {dag.py:3096} INFO - Sync 1 DAGs
[2026-05-24T14:51:34.334+0000] {logging_mixin.py:188} INFO - [2026-05-24T14:51:34.333+0000] {dag.py:3954} INFO - Setting next_dagrun for example_params_trigger_ui to None, run_after=None
[2026-05-24T14:51:34.354+0000] {processor.py:183} INFO - Processing /home/varn1t/ml-pipeline/venv/lib/python3.11/site-packages/airflow/example_dags/example_params_trigger_ui.py took 0.080 seconds
[2026-05-24T14:52:39.224+0000] {processor.py:161} INFO - Started process (PID=28729) to work on /home/varn1t/ml-pipeline/venv/lib/python3.11/site-packages/airflow/example_dags/example_params_trigger_ui.py
[2026-05-24T14:52:39.225+0000] {processor.py:830} INFO - Processing file /home/varn1t/ml-pipeline/venv/lib/python3.11/site-packages/airflow/example_dags/example_params_trigger_ui.py for tasks to queue
[2026-05-24T14:52:39.226+0000] {logging_mixin.py:188} INFO - [2026-05-24T14:52:39.225+0000] {dagbag.py:545} INFO - Filling up the DagBag from /home/varn1t/ml-pipeline/venv/lib/python3.11/site-packages/airflow/example_dags/example_params_trigger_ui.py
[2026-05-24T14:52:39.236+0000] {processor.py:840} INFO - DAG(s) 'example_params_trigger_ui' retrieved from /home/varn1t/ml-pipeline/venv/lib/python3.11/site-packages/airflow/example_dags/example_params_trigger_ui.py
[2026-05-24T14:52:39.255+0000] {logging_mixin.py:188} INFO - [2026-05-24T14:52:39.255+0000] {dag.py:3096} INFO - Sync 1 DAGs
[2026-05-24T14:52:39.262+0000] {logging_mixin.py:188} INFO - [2026-05-24T14:52:39.261+0000] {dag.py:3954} INFO - Setting next_dagrun for example_params_trigger_ui to None, run_after=None
[2026-05-24T14:52:39.278+0000] {processor.py:183} INFO - Processing /home/varn1t/ml-pipeline/venv/lib/python3.11/site-packages/airflow/example_dags/example_params_trigger_ui.py took 0.060 seconds
[2026-05-24T14:53:38.565+0000] {processor.py:161} INFO - Started process (PID=29010) to work on /home/varn1t/ml-pipeline/venv/lib/python3.11/site-packages/airflow/example_dags/example_params_trigger_ui.py
[2026-05-24T14:53:38.566+0000] {processor.py:830} INFO - Processing file /home/varn1t/ml-pipeline/venv/lib/python3.11/site-packages/airflow/example_dags/example_params_trigger_ui.py for tasks to queue
[2026-05-24T14:53:38.566+0000] {logging_mixin.py:188} INFO - [2026-05-24T14:53:38.566+0000] {dagbag.py:545} INFO - Filling up the DagBag from /home/varn1t/ml-pipeline/venv/lib/python3.11/site-packages/airflow/example_dags/example_params_trigger_ui.py
[2026-05-24T14:53:38.577+0000] {processor.py:840} INFO - DAG(s) 'example_params_trigger_ui' retrieved from /home/varn1t/ml-pipeline/venv/lib/python3.11/site-packages/airflow/example_dags/example_params_trigger_ui.py
[2026-05-24T14:53:38.597+0000] {logging_mixin.py:188} INFO - [2026-05-24T14:53:38.597+0000] {dag.py:3096} INFO - Sync 1 DAGs
[2026-05-24T14:53:38.605+0000] {logging_mixin.py:188} INFO - [2026-05-24T14:53:38.605+0000] {dag.py:3954} INFO - Setting next_dagrun for example_params_trigger_ui to None, run_after=None
[2026-05-24T14:53:38.623+0000] {processor.py:183} INFO - Processing /home/varn1t/ml-pipeline/venv/lib/python3.11/site-packages/airflow/example_dags/example_params_trigger_ui.py took 0.062 seconds
[2026-05-24T14:54:39.201+0000] {processor.py:161} INFO - Started process (PID=29282) to work on /home/varn1t/ml-pipeline/venv/lib/python3.11/site-packages/airflow/example_dags/example_params_trigger_ui.py
[2026-05-24T14:54:39.202+0000] {processor.py:830} INFO - Processing file /home/varn1t/ml-pipeline/venv/lib/python3.11/site-packages/airflow/example_dags/example_params_trigger_ui.py for tasks to queue
[2026-05-24T14:54:39.202+0000] {logging_mixin.py:188} INFO - [2026-05-24T14:54:39.202+0000] {dagbag.py:545} INFO - Filling up the DagBag from /home/varn1t/ml-pipeline/venv/lib/python3.11/site-packages/airflow/example_dags/example_params_trigger_ui.py
[2026-05-24T14:54:39.216+0000] {processor.py:840} INFO - DAG(s) 'example_params_trigger_ui' retrieved from /home/varn1t/ml-pipeline/venv/lib/python3.11/site-packages/airflow/example_dags/example_params_trigger_ui.py
[2026-05-24T14:54:39.242+0000] {logging_mixin.py:188} INFO - [2026-05-24T14:54:39.242+0000] {dag.py:3096} INFO - Sync 1 DAGs
[2026-05-24T14:54:39.250+0000] {logging_mixin.py:188} INFO - [2026-05-24T14:54:39.250+0000] {dag.py:3954} INFO - Setting next_dagrun for example_params_trigger_ui to None, run_after=None
[2026-05-24T14:54:39.270+0000] {processor.py:183} INFO - Processing /home/varn1t/ml-pipeline/venv/lib/python3.11/site-packages/airflow/example_dags/example_params_trigger_ui.py took 0.075 seconds
[2026-05-24T14:55:42.803+0000] {processor.py:161} INFO - Started process (PID=29595) to work on /home/varn1t/ml-pipeline/venv/lib/python3.11/site-packages/airflow/example_dags/example_params_trigger_ui.py
[2026-05-24T14:55:42.804+0000] {processor.py:830} INFO - Processing file /home/varn1t/ml-pipeline/venv/lib/python3.11/site-packages/airflow/example_dags/example_params_trigger_ui.py for tasks to queue
[2026-05-24T14:55:42.805+0000] {logging_mixin.py:188} INFO - [2026-05-24T14:55:42.804+0000] {dagbag.py:545} INFO - Filling up the DagBag from /home/varn1t/ml-pipeline/venv/lib/python3.11/site-packages/airflow/example_dags/example_params_trigger_ui.py
[2026-05-24T14:55:42.816+0000] {processor.py:840} INFO - DAG(s) 'example_params_trigger_ui' retrieved from /home/varn1t/ml-pipeline/venv/lib/python3.11/site-packages/airflow/example_dags/example_params_trigger_ui.py
[2026-05-24T14:55:42.836+0000] {logging_mixin.py:188} INFO - [2026-05-24T14:55:42.836+0000] {dag.py:3096} INFO - Sync 1 DAGs
[2026-05-24T14:55:42.843+0000] {logging_mixin.py:188} INFO - [2026-05-24T14:55:42.843+0000] {dag.py:3954} INFO - Setting next_dagrun for example_params_trigger_ui to None, run_after=None
[2026-05-24T14:55:42.858+0000] {processor.py:183} INFO - Processing /home/varn1t/ml-pipeline/venv/lib/python3.11/site-packages/airflow/example_dags/example_params_trigger_ui.py took 0.058 seconds
[2026-05-24T14:56:48.893+0000] {processor.py:161} INFO - Started process (PID=29939) to work on /home/varn1t/ml-pipeline/venv/lib/python3.11/site-packages/airflow/example_dags/example_params_trigger_ui.py
[2026-05-24T14:56:48.894+0000] {processor.py:830} INFO - Processing file /home/varn1t/ml-pipeline/venv/lib/python3.11/site-packages/airflow/example_dags/example_params_trigger_ui.py for tasks to queue
[2026-05-24T14:56:48.895+0000] {logging_mixin.py:188} INFO - [2026-05-24T14:56:48.895+0000] {dagbag.py:545} INFO - Filling up the DagBag from /home/varn1t/ml-pipeline/venv/lib/python3.11/site-packages/airflow/example_dags/example_params_trigger_ui.py
[2026-05-24T14:56:48.913+0000] {processor.py:840} INFO - DAG(s) 'example_params_trigger_ui' retrieved from /home/varn1t/ml-pipeline/venv/lib/python3.11/site-packages/airflow/example_dags/example_params_trigger_ui.py
[2026-05-24T14:56:48.944+0000] {logging_mixin.py:188} INFO - [2026-05-24T14:56:48.943+0000] {dag.py:3096} INFO - Sync 1 DAGs
[2026-05-24T14:56:48.951+0000] {logging_mixin.py:188} INFO - [2026-05-24T14:56:48.951+0000] {dag.py:3954} INFO - Setting next_dagrun for example_params_trigger_ui to None, run_after=None
[2026-05-24T14:56:48.966+0000] {processor.py:183} INFO - Processing /home/varn1t/ml-pipeline/venv/lib/python3.11/site-packages/airflow/example_dags/example_params_trigger_ui.py took 0.085 seconds
[2026-05-24T14:57:37.312+0000] {processor.py:161} INFO - Started process (PID=30353) to work on /home/varn1t/ml-pipeline/venv/lib/python3.11/site-packages/airflow/example_dags/example_params_trigger_ui.py
[2026-05-24T14:57:37.313+0000] {processor.py:830} INFO - Processing file /home/varn1t/ml-pipeline/venv/lib/python3.11/site-packages/airflow/example_dags/example_params_trigger_ui.py for tasks to queue
[2026-05-24T14:57:37.314+0000] {logging_mixin.py:188} INFO - [2026-05-24T14:57:37.313+0000] {dagbag.py:545} INFO - Filling up the DagBag from /home/varn1t/ml-pipeline/venv/lib/python3.11/site-packages/airflow/example_dags/example_params_trigger_ui.py
[2026-05-24T14:57:37.325+0000] {processor.py:840} INFO - DAG(s) 'example_params_trigger_ui' retrieved from /home/varn1t/ml-pipeline/venv/lib/python3.11/site-packages/airflow/example_dags/example_params_trigger_ui.py
[2026-05-24T14:57:37.347+0000] {logging_mixin.py:188} INFO - [2026-05-24T14:57:37.346+0000] {dag.py:3096} INFO - Sync 1 DAGs
[2026-05-24T14:57:37.355+0000] {logging_mixin.py:188} INFO - [2026-05-24T14:57:37.355+0000] {dag.py:3954} INFO - Setting next_dagrun for example_params_trigger_ui to None, run_after=None
[2026-05-24T14:57:37.378+0000] {processor.py:183} INFO - Processing /home/varn1t/ml-pipeline/venv/lib/python3.11/site-packages/airflow/example_dags/example_params_trigger_ui.py took 0.070 seconds
[2026-05-24T14:58:39.176+0000] {processor.py:161} INFO - Started process (PID=30891) to work on /home/varn1t/ml-pipeline/venv/lib/python3.11/site-packages/airflow/example_dags/example_params_trigger_ui.py
[2026-05-24T14:58:39.176+0000] {processor.py:830} INFO - Processing file /home/varn1t/ml-pipeline/venv/lib/python3.11/site-packages/airflow/example_dags/example_params_trigger_ui.py for tasks to queue
[2026-05-24T14:58:39.177+0000] {logging_mixin.py:188} INFO - [2026-05-24T14:58:39.177+0000] {dagbag.py:545} INFO - Filling up the DagBag from /home/varn1t/ml-pipeline/venv/lib/python3.11/site-packages/airflow/example_dags/example_params_trigger_ui.py
[2026-05-24T14:58:39.187+0000] {processor.py:840} INFO - DAG(s) 'example_params_trigger_ui' retrieved from /home/varn1t/ml-pipeline/venv/lib/python3.11/site-packages/airflow/example_dags/example_params_trigger_ui.py
[2026-05-24T14:58:39.207+0000] {logging_mixin.py:188} INFO - [2026-05-24T14:58:39.207+0000] {dag.py:3096} INFO - Sync 1 DAGs
[2026-05-24T14:58:39.214+0000] {logging_mixin.py:188} INFO - [2026-05-24T14:58:39.214+0000] {dag.py:3954} INFO - Setting next_dagrun for example_params_trigger_ui to None, run_after=None
[2026-05-24T14:58:39.230+0000] {processor.py:183} INFO - Processing /home/varn1t/ml-pipeline/venv/lib/python3.11/site-packages/airflow/example_dags/example_params_trigger_ui.py took 0.058 seconds
[2026-05-24T14:59:43.336+0000] {processor.py:161} INFO - Started process (PID=31374) to work on /home/varn1t/ml-pipeline/venv/lib/python3.11/site-packages/airflow/example_dags/example_params_trigger_ui.py
[2026-05-24T14:59:43.337+0000] {processor.py:830} INFO - Processing file /home/varn1t/ml-pipeline/venv/lib/python3.11/site-packages/airflow/example_dags/example_params_trigger_ui.py for tasks to queue
[2026-05-24T14:59:43.337+0000] {logging_mixin.py:188} INFO - [2026-05-24T14:59:43.337+0000] {dagbag.py:545} INFO - Filling up the DagBag from /home/varn1t/ml-pipeline/venv/lib/python3.11/site-packages/airflow/example_dags/example_params_trigger_ui.py
[2026-05-24T14:59:43.350+0000] {processor.py:840} INFO - DAG(s) 'example_params_trigger_ui' retrieved from /home/varn1t/ml-pipeline/venv/lib/python3.11/site-packages/airflow/example_dags/example_params_trigger_ui.py
[2026-05-24T14:59:43.376+0000] {logging_mixin.py:188} INFO - [2026-05-24T14:59:43.376+0000] {dag.py:3096} INFO - Sync 1 DAGs
[2026-05-24T14:59:43.384+0000] {logging_mixin.py:188} INFO - [2026-05-24T14:59:43.384+0000] {dag.py:3954} INFO - Setting next_dagrun for example_params_trigger_ui to None, run_after=None
[2026-05-24T14:59:43.402+0000] {processor.py:183} INFO - Processing /home/varn1t/ml-pipeline/venv/lib/python3.11/site-packages/airflow/example_dags/example_params_trigger_ui.py took 0.073 seconds
[2026-05-24T15:00:44.096+0000] {processor.py:161} INFO - Started process (PID=31637) to work on /home/varn1t/ml-pipeline/venv/lib/python3.11/site-packages/airflow/example_dags/example_params_trigger_ui.py
[2026-05-24T15:00:44.097+0000] {processor.py:830} INFO - Processing file /home/varn1t/ml-pipeline/venv/lib/python3.11/site-packages/airflow/example_dags/example_params_trigger_ui.py for tasks to queue
[2026-05-24T15:00:44.097+0000] {logging_mixin.py:188} INFO - [2026-05-24T15:00:44.097+0000] {dagbag.py:545} INFO - Filling up the DagBag from /home/varn1t/ml-pipeline/venv/lib/python3.11/site-packages/airflow/example_dags/example_params_trigger_ui.py
[2026-05-24T15:00:44.108+0000] {processor.py:840} INFO - DAG(s) 'example_params_trigger_ui' retrieved from /home/varn1t/ml-pipeline/venv/lib/python3.11/site-packages/airflow/example_dags/example_params_trigger_ui.py
[2026-05-24T15:00:44.130+0000] {logging_mixin.py:188} INFO - [2026-05-24T15:00:44.130+0000] {dag.py:3096} INFO - Sync 1 DAGs
[2026-05-24T15:00:44.140+0000] {logging_mixin.py:188} INFO - [2026-05-24T15:00:44.139+0000] {dag.py:3954} INFO - Setting next_dagrun for example_params_trigger_ui to None, run_after=None
[2026-05-24T15:00:44.154+0000] {processor.py:183} INFO - Processing /home/varn1t/ml-pipeline/venv/lib/python3.11/site-packages/airflow/example_dags/example_params_trigger_ui.py took 0.065 seconds
[2026-05-24T15:01:43.181+0000] {processor.py:161} INFO - Started process (PID=31911) to work on /home/varn1t/ml-pipeline/venv/lib/python3.11/site-packages/airflow/example_dags/example_params_trigger_ui.py
[2026-05-24T15:01:43.182+0000] {processor.py:830} INFO - Processing file /home/varn1t/ml-pipeline/venv/lib/python3.11/site-packages/airflow/example_dags/example_params_trigger_ui.py for tasks to queue
[2026-05-24T15:01:43.182+0000] {logging_mixin.py:188} INFO - [2026-05-24T15:01:43.182+0000] {dagbag.py:545} INFO - Filling up the DagBag from /home/varn1t/ml-pipeline/venv/lib/python3.11/site-packages/airflow/example_dags/example_params_trigger_ui.py
[2026-05-24T15:01:43.193+0000] {processor.py:840} INFO - DAG(s) 'example_params_trigger_ui' retrieved from /home/varn1t/ml-pipeline/venv/lib/python3.11/site-packages/airflow/example_dags/example_params_trigger_ui.py
[2026-05-24T15:01:43.214+0000] {logging_mixin.py:188} INFO - [2026-05-24T15:01:43.214+0000] {dag.py:3096} INFO - Sync 1 DAGs
[2026-05-24T15:01:43.222+0000] {logging_mixin.py:188} INFO - [2026-05-24T15:01:43.221+0000] {dag.py:3954} INFO - Setting next_dagrun for example_params_trigger_ui to None, run_after=None
[2026-05-24T15:01:43.239+0000] {processor.py:183} INFO - Processing /home/varn1t/ml-pipeline/venv/lib/python3.11/site-packages/airflow/example_dags/example_params_trigger_ui.py took 0.064 seconds
[2026-05-24T15:02:44.803+0000] {processor.py:161} INFO - Started process (PID=32269) to work on /home/varn1t/ml-pipeline/venv/lib/python3.11/site-packages/airflow/example_dags/example_params_trigger_ui.py
[2026-05-24T15:02:44.804+0000] {processor.py:830} INFO - Processing file /home/varn1t/ml-pipeline/venv/lib/python3.11/site-packages/airflow/example_dags/example_params_trigger_ui.py for tasks to queue
[2026-05-24T15:02:44.805+0000] {logging_mixin.py:188} INFO - [2026-05-24T15:02:44.804+0000] {dagbag.py:545} INFO - Filling up the DagBag from /home/varn1t/ml-pipeline/venv/lib/python3.11/site-packages/airflow/example_dags/example_params_trigger_ui.py
[2026-05-24T15:02:44.814+0000] {processor.py:840} INFO - DAG(s) 'example_params_trigger_ui' retrieved from /home/varn1t/ml-pipeline/venv/lib/python3.11/site-packages/airflow/example_dags/example_params_trigger_ui.py
[2026-05-24T15:02:44.832+0000] {logging_mixin.py:188} INFO - [2026-05-24T15:02:44.831+0000] {dag.py:3096} INFO - Sync 1 DAGs
[2026-05-24T15:02:44.837+0000] {logging_mixin.py:188} INFO - [2026-05-24T15:02:44.837+0000] {dag.py:3954} INFO - Setting next_dagrun for example_params_trigger_ui to None, run_after=None
[2026-05-24T15:02:44.850+0000] {processor.py:183} INFO - Processing /home/varn1t/ml-pipeline/venv/lib/python3.11/site-packages/airflow/example_dags/example_params_trigger_ui.py took 0.053 seconds
[2026-05-24T15:03:48.984+0000] {processor.py:161} INFO - Started process (PID=32627) to work on /home/varn1t/ml-pipeline/venv/lib/python3.11/site-packages/airflow/example_dags/example_params_trigger_ui.py
[2026-05-24T15:03:48.985+0000] {processor.py:830} INFO - Processing file /home/varn1t/ml-pipeline/venv/lib/python3.11/site-packages/airflow/example_dags/example_params_trigger_ui.py for tasks to queue
[2026-05-24T15:03:48.986+0000] {logging_mixin.py:188} INFO - [2026-05-24T15:03:48.986+0000] {dagbag.py:545} INFO - Filling up the DagBag from /home/varn1t/ml-pipeline/venv/lib/python3.11/site-packages/airflow/example_dags/example_params_trigger_ui.py
[2026-05-24T15:03:48.996+0000] {processor.py:840} INFO - DAG(s) 'example_params_trigger_ui' retrieved from /home/varn1t/ml-pipeline/venv/lib/python3.11/site-packages/airflow/example_dags/example_params_trigger_ui.py
[2026-05-24T15:03:49.018+0000] {logging_mixin.py:188} INFO - [2026-05-24T15:03:49.018+0000] {dag.py:3096} INFO - Sync 1 DAGs
[2026-05-24T15:03:49.026+0000] {logging_mixin.py:188} INFO - [2026-05-24T15:03:49.026+0000] {dag.py:3954} INFO - Setting next_dagrun for example_params_trigger_ui to None, run_after=None
[2026-05-24T15:03:49.043+0000] {processor.py:183} INFO - Processing /home/varn1t/ml-pipeline/venv/lib/python3.11/site-packages/airflow/example_dags/example_params_trigger_ui.py took 0.065 seconds
[2026-05-24T15:04:48.038+0000] {processor.py:161} INFO - Started process (PID=32881) to work on /home/varn1t/ml-pipeline/venv/lib/python3.11/site-packages/airflow/example_dags/example_params_trigger_ui.py
[2026-05-24T15:04:48.039+0000] {processor.py:830} INFO - Processing file /home/varn1t/ml-pipeline/venv/lib/python3.11/site-packages/airflow/example_dags/example_params_trigger_ui.py for tasks to queue
[2026-05-24T15:04:48.040+0000] {logging_mixin.py:188} INFO - [2026-05-24T15:04:48.039+0000] {dagbag.py:545} INFO - Filling up the DagBag from /home/varn1t/ml-pipeline/venv/lib/python3.11/site-packages/airflow/example_dags/example_params_trigger_ui.py
[2026-05-24T15:04:48.053+0000] {processor.py:840} INFO - DAG(s) 'example_params_trigger_ui' retrieved from /home/varn1t/ml-pipeline/venv/lib/python3.11/site-packages/airflow/example_dags/example_params_trigger_ui.py
[2026-05-24T15:04:48.077+0000] {logging_mixin.py:188} INFO - [2026-05-24T15:04:48.077+0000] {dag.py:3096} INFO - Sync 1 DAGs
[2026-05-24T15:04:48.085+0000] {logging_mixin.py:188} INFO - [2026-05-24T15:04:48.085+0000] {dag.py:3954} INFO - Setting next_dagrun for example_params_trigger_ui to None, run_after=None
[2026-05-24T15:04:48.105+0000] {processor.py:183} INFO - Processing /home/varn1t/ml-pipeline/venv/lib/python3.11/site-packages/airflow/example_dags/example_params_trigger_ui.py took 0.075 seconds
[2026-05-24T15:05:47.941+0000] {processor.py:161} INFO - Started process (PID=33399) to work on /home/varn1t/ml-pipeline/venv/lib/python3.11/site-packages/airflow/example_dags/example_params_trigger_ui.py
[2026-05-24T15:05:47.943+0000] {processor.py:830} INFO - Processing file /home/varn1t/ml-pipeline/venv/lib/python3.11/site-packages/airflow/example_dags/example_params_trigger_ui.py for tasks to queue
[2026-05-24T15:05:47.944+0000] {logging_mixin.py:188} INFO - [2026-05-24T15:05:47.944+0000] {dagbag.py:545} INFO - Filling up the DagBag from /home/varn1t/ml-pipeline/venv/lib/python3.11/site-packages/airflow/example_dags/example_params_trigger_ui.py
[2026-05-24T15:05:47.957+0000] {processor.py:840} INFO - DAG(s) 'example_params_trigger_ui' retrieved from /home/varn1t/ml-pipeline/venv/lib/python3.11/site-packages/airflow/example_dags/example_params_trigger_ui.py
[2026-05-24T15:05:47.979+0000] {logging_mixin.py:188} INFO - [2026-05-24T15:05:47.979+0000] {dag.py:3096} INFO - Sync 1 DAGs
[2026-05-24T15:05:47.987+0000] {logging_mixin.py:188} INFO - [2026-05-24T15:05:47.987+0000] {dag.py:3954} INFO - Setting next_dagrun for example_params_trigger_ui to None, run_after=None
[2026-05-24T15:05:48.003+0000] {processor.py:183} INFO - Processing /home/varn1t/ml-pipeline/venv/lib/python3.11/site-packages/airflow/example_dags/example_params_trigger_ui.py took 0.071 seconds
[2026-05-24T15:06:49.355+0000] {processor.py:161} INFO - Started process (PID=34065) to work on /home/varn1t/ml-pipeline/venv/lib/python3.11/site-packages/airflow/example_dags/example_params_trigger_ui.py
[2026-05-24T15:06:49.357+0000] {processor.py:830} INFO - Processing file /home/varn1t/ml-pipeline/venv/lib/python3.11/site-packages/airflow/example_dags/example_params_trigger_ui.py for tasks to queue
[2026-05-24T15:06:49.358+0000] {logging_mixin.py:188} INFO - [2026-05-24T15:06:49.357+0000] {dagbag.py:545} INFO - Filling up the DagBag from /home/varn1t/ml-pipeline/venv/lib/python3.11/site-packages/airflow/example_dags/example_params_trigger_ui.py
[2026-05-24T15:06:49.371+0000] {processor.py:840} INFO - DAG(s) 'example_params_trigger_ui' retrieved from /home/varn1t/ml-pipeline/venv/lib/python3.11/site-packages/airflow/example_dags/example_params_trigger_ui.py
[2026-05-24T15:06:49.392+0000] {logging_mixin.py:188} INFO - [2026-05-24T15:06:49.392+0000] {dag.py:3096} INFO - Sync 1 DAGs
[2026-05-24T15:06:49.400+0000] {logging_mixin.py:188} INFO - [2026-05-24T15:06:49.400+0000] {dag.py:3954} INFO - Setting next_dagrun for example_params_trigger_ui to None, run_after=None
[2026-05-24T15:06:49.419+0000] {processor.py:183} INFO - Processing /home/varn1t/ml-pipeline/venv/lib/python3.11/site-packages/airflow/example_dags/example_params_trigger_ui.py took 0.072 seconds
[2026-05-24T15:07:55.892+0000] {processor.py:161} INFO - Started process (PID=34838) to work on /home/varn1t/ml-pipeline/venv/lib/python3.11/site-packages/airflow/example_dags/example_params_trigger_ui.py
[2026-05-24T15:07:55.894+0000] {processor.py:830} INFO - Processing file /home/varn1t/ml-pipeline/venv/lib/python3.11/site-packages/airflow/example_dags/example_params_trigger_ui.py for tasks to queue
[2026-05-24T15:07:55.894+0000] {logging_mixin.py:188} INFO - [2026-05-24T15:07:55.894+0000] {dagbag.py:545} INFO - Filling up the DagBag from /home/varn1t/ml-pipeline/venv/lib/python3.11/site-packages/airflow/example_dags/example_params_trigger_ui.py
[2026-05-24T15:07:55.904+0000] {processor.py:840} INFO - DAG(s) 'example_params_trigger_ui' retrieved from /home/varn1t/ml-pipeline/venv/lib/python3.11/site-packages/airflow/example_dags/example_params_trigger_ui.py
[2026-05-24T15:07:55.924+0000] {logging_mixin.py:188} INFO - [2026-05-24T15:07:55.924+0000] {dag.py:3096} INFO - Sync 1 DAGs
[2026-05-24T15:07:55.931+0000] {logging_mixin.py:188} INFO - [2026-05-24T15:07:55.931+0000] {dag.py:3954} INFO - Setting next_dagrun for example_params_trigger_ui to None, run_after=None
[2026-05-24T15:07:55.947+0000] {processor.py:183} INFO - Processing /home/varn1t/ml-pipeline/venv/lib/python3.11/site-packages/airflow/example_dags/example_params_trigger_ui.py took 0.061 seconds
[2026-05-24T15:08:57.416+0000] {processor.py:161} INFO - Started process (PID=35184) to work on /home/varn1t/ml-pipeline/venv/lib/python3.11/site-packages/airflow/example_dags/example_params_trigger_ui.py
[2026-05-24T15:08:57.417+0000] {processor.py:830} INFO - Processing file /home/varn1t/ml-pipeline/venv/lib/python3.11/site-packages/airflow/example_dags/example_params_trigger_ui.py for tasks to queue
[2026-05-24T15:08:57.418+0000] {logging_mixin.py:188} INFO - [2026-05-24T15:08:57.417+0000] {dagbag.py:545} INFO - Filling up the DagBag from /home/varn1t/ml-pipeline/venv/lib/python3.11/site-packages/airflow/example_dags/example_params_trigger_ui.py
[2026-05-24T15:08:57.428+0000] {processor.py:840} INFO - DAG(s) 'example_params_trigger_ui' retrieved from /home/varn1t/ml-pipeline/venv/lib/python3.11/site-packages/airflow/example_dags/example_params_trigger_ui.py
[2026-05-24T15:08:57.453+0000] {logging_mixin.py:188} INFO - [2026-05-24T15:08:57.452+0000] {dag.py:3096} INFO - Sync 1 DAGs
[2026-05-24T15:08:57.464+0000] {logging_mixin.py:188} INFO - [2026-05-24T15:08:57.463+0000] {dag.py:3954} INFO - Setting next_dagrun for example_params_trigger_ui to None, run_after=None
[2026-05-24T15:08:57.483+0000] {processor.py:183} INFO - Processing /home/varn1t/ml-pipeline/venv/lib/python3.11/site-packages/airflow/example_dags/example_params_trigger_ui.py took 0.073 seconds
[2026-05-24T15:10:00.753+0000] {processor.py:161} INFO - Started process (PID=35466) to work on /home/varn1t/ml-pipeline/venv/lib/python3.11/site-packages/airflow/example_dags/example_params_trigger_ui.py
[2026-05-24T15:10:00.754+0000] {processor.py:830} INFO - Processing file /home/varn1t/ml-pipeline/venv/lib/python3.11/site-packages/airflow/example_dags/example_params_trigger_ui.py for tasks to queue
[2026-05-24T15:10:00.754+0000] {logging_mixin.py:188} INFO - [2026-05-24T15:10:00.754+0000] {dagbag.py:545} INFO - Filling up the DagBag from /home/varn1t/ml-pipeline/venv/lib/python3.11/site-packages/airflow/example_dags/example_params_trigger_ui.py
[2026-05-24T15:10:00.764+0000] {processor.py:840} INFO - DAG(s) 'example_params_trigger_ui' retrieved from /home/varn1t/ml-pipeline/venv/lib/python3.11/site-packages/airflow/example_dags/example_params_trigger_ui.py
[2026-05-24T15:10:00.784+0000] {logging_mixin.py:188} INFO - [2026-05-24T15:10:00.784+0000] {dag.py:3096} INFO - Sync 1 DAGs
[2026-05-24T15:10:00.790+0000] {logging_mixin.py:188} INFO - [2026-05-24T15:10:00.790+0000] {dag.py:3954} INFO - Setting next_dagrun for example_params_trigger_ui to None, run_after=None
[2026-05-24T15:10:00.806+0000] {processor.py:183} INFO - Processing /home/varn1t/ml-pipeline/venv/lib/python3.11/site-packages/airflow/example_dags/example_params_trigger_ui.py took 0.059 seconds
[2026-05-24T15:11:06.315+0000] {processor.py:161} INFO - Started process (PID=35743) to work on /home/varn1t/ml-pipeline/venv/lib/python3.11/site-packages/airflow/example_dags/example_params_trigger_ui.py
[2026-05-24T15:11:06.316+0000] {processor.py:830} INFO - Processing file /home/varn1t/ml-pipeline/venv/lib/python3.11/site-packages/airflow/example_dags/example_params_trigger_ui.py for tasks to queue
[2026-05-24T15:11:06.317+0000] {logging_mixin.py:188} INFO - [2026-05-24T15:11:06.317+0000] {dagbag.py:545} INFO - Filling up the DagBag from /home/varn1t/ml-pipeline/venv/lib/python3.11/site-packages/airflow/example_dags/example_params_trigger_ui.py
[2026-05-24T15:11:06.326+0000] {processor.py:840} INFO - DAG(s) 'example_params_trigger_ui' retrieved from /home/varn1t/ml-pipeline/venv/lib/python3.11/site-packages/airflow/example_dags/example_params_trigger_ui.py
[2026-05-24T15:11:06.348+0000] {logging_mixin.py:188} INFO - [2026-05-24T15:11:06.348+0000] {dag.py:3096} INFO - Sync 1 DAGs
[2026-05-24T15:11:06.355+0000] {logging_mixin.py:188} INFO - [2026-05-24T15:11:06.355+0000] {dag.py:3954} INFO - Setting next_dagrun for example_params_trigger_ui to None, run_after=None
[2026-05-24T15:11:06.372+0000] {processor.py:183} INFO - Processing /home/varn1t/ml-pipeline/venv/lib/python3.11/site-packages/airflow/example_dags/example_params_trigger_ui.py took 0.062 seconds
[2026-05-24T15:12:05.727+0000] {processor.py:161} INFO - Started process (PID=36022) to work on /home/varn1t/ml-pipeline/venv/lib/python3.11/site-packages/airflow/example_dags/example_params_trigger_ui.py
[2026-05-24T15:12:05.729+0000] {processor.py:830} INFO - Processing file /home/varn1t/ml-pipeline/venv/lib/python3.11/site-packages/airflow/example_dags/example_params_trigger_ui.py for tasks to queue
[2026-05-24T15:12:05.729+0000] {logging_mixin.py:188} INFO - [2026-05-24T15:12:05.729+0000] {dagbag.py:545} INFO - Filling up the DagBag from /home/varn1t/ml-pipeline/venv/lib/python3.11/site-packages/airflow/example_dags/example_params_trigger_ui.py
[2026-05-24T15:12:05.743+0000] {processor.py:840} INFO - DAG(s) 'example_params_trigger_ui' retrieved from /home/varn1t/ml-pipeline/venv/lib/python3.11/site-packages/airflow/example_dags/example_params_trigger_ui.py
[2026-05-24T15:12:05.767+0000] {logging_mixin.py:188} INFO - [2026-05-24T15:12:05.767+0000] {dag.py:3096} INFO - Sync 1 DAGs
[2026-05-24T15:12:05.776+0000] {logging_mixin.py:188} INFO - [2026-05-24T15:12:05.775+0000] {dag.py:3954} INFO - Setting next_dagrun for example_params_trigger_ui to None, run_after=None
[2026-05-24T15:12:05.793+0000] {processor.py:183} INFO - Processing /home/varn1t/ml-pipeline/venv/lib/python3.11/site-packages/airflow/example_dags/example_params_trigger_ui.py took 0.073 seconds
[2026-05-24T15:12:52.370+0000] {processor.py:161} INFO - Started process (PID=36220) to work on /home/varn1t/ml-pipeline/venv/lib/python3.11/site-packages/airflow/example_dags/example_params_trigger_ui.py
[2026-05-24T15:12:52.370+0000] {processor.py:830} INFO - Processing file /home/varn1t/ml-pipeline/venv/lib/python3.11/site-packages/airflow/example_dags/example_params_trigger_ui.py for tasks to queue
[2026-05-24T15:12:52.371+0000] {logging_mixin.py:188} INFO - [2026-05-24T15:12:52.371+0000] {dagbag.py:545} INFO - Filling up the DagBag from /home/varn1t/ml-pipeline/venv/lib/python3.11/site-packages/airflow/example_dags/example_params_trigger_ui.py
[2026-05-24T15:12:52.382+0000] {processor.py:840} INFO - DAG(s) 'example_params_trigger_ui' retrieved from /home/varn1t/ml-pipeline/venv/lib/python3.11/site-packages/airflow/example_dags/example_params_trigger_ui.py
[2026-05-24T15:12:52.402+0000] {logging_mixin.py:188} INFO - [2026-05-24T15:12:52.402+0000] {dag.py:3096} INFO - Sync 1 DAGs
[2026-05-24T15:12:52.410+0000] {logging_mixin.py:188} INFO - [2026-05-24T15:12:52.410+0000] {dag.py:3954} INFO - Setting next_dagrun for example_params_trigger_ui to None, run_after=None
[2026-05-24T15:12:52.426+0000] {processor.py:183} INFO - Processing /home/varn1t/ml-pipeline/venv/lib/python3.11/site-packages/airflow/example_dags/example_params_trigger_ui.py took 0.063 seconds
[2026-05-24T15:13:53.766+0000] {processor.py:161} INFO - Started process (PID=36534) to work on /home/varn1t/ml-pipeline/venv/lib/python3.11/site-packages/airflow/example_dags/example_params_trigger_ui.py
[2026-05-24T15:13:53.768+0000] {processor.py:830} INFO - Processing file /home/varn1t/ml-pipeline/venv/lib/python3.11/site-packages/airflow/example_dags/example_params_trigger_ui.py for tasks to queue
[2026-05-24T15:13:53.769+0000] {logging_mixin.py:188} INFO - [2026-05-24T15:13:53.768+0000] {dagbag.py:545} INFO - Filling up the DagBag from /home/varn1t/ml-pipeline/venv/lib/python3.11/site-packages/airflow/example_dags/example_params_trigger_ui.py
[2026-05-24T15:13:53.779+0000] {processor.py:840} INFO - DAG(s) 'example_params_trigger_ui' retrieved from /home/varn1t/ml-pipeline/venv/lib/python3.11/site-packages/airflow/example_dags/example_params_trigger_ui.py
[2026-05-24T15:13:53.800+0000] {logging_mixin.py:188} INFO - [2026-05-24T15:13:53.799+0000] {dag.py:3096} INFO - Sync 1 DAGs
[2026-05-24T15:13:53.808+0000] {logging_mixin.py:188} INFO - [2026-05-24T15:13:53.808+0000] {dag.py:3954} INFO - Setting next_dagrun for example_params_trigger_ui to None, run_after=None
[2026-05-24T15:13:53.823+0000] {processor.py:183} INFO - Processing /home/varn1t/ml-pipeline/venv/lib/python3.11/site-packages/airflow/example_dags/example_params_trigger_ui.py took 0.064 seconds
[2026-05-24T15:14:51.364+0000] {processor.py:161} INFO - Started process (PID=36797) to work on /home/varn1t/ml-pipeline/venv/lib/python3.11/site-packages/airflow/example_dags/example_params_trigger_ui.py
[2026-05-24T15:14:51.365+0000] {processor.py:830} INFO - Processing file /home/varn1t/ml-pipeline/venv/lib/python3.11/site-packages/airflow/example_dags/example_params_trigger_ui.py for tasks to queue
[2026-05-24T15:14:51.366+0000] {logging_mixin.py:188} INFO - [2026-05-24T15:14:51.365+0000] {dagbag.py:545} INFO - Filling up the DagBag from /home/varn1t/ml-pipeline/venv/lib/python3.11/site-packages/airflow/example_dags/example_params_trigger_ui.py
[2026-05-24T15:14:51.375+0000] {processor.py:840} INFO - DAG(s) 'example_params_trigger_ui' retrieved from /home/varn1t/ml-pipeline/venv/lib/python3.11/site-packages/airflow/example_dags/example_params_trigger_ui.py
[2026-05-24T15:14:51.400+0000] {logging_mixin.py:188} INFO - [2026-05-24T15:14:51.399+0000] {dag.py:3096} INFO - Sync 1 DAGs
[2026-05-24T15:14:51.409+0000] {logging_mixin.py:188} INFO - [2026-05-24T15:14:51.409+0000] {dag.py:3954} INFO - Setting next_dagrun for example_params_trigger_ui to None, run_after=None
[2026-05-24T15:14:51.427+0000] {processor.py:183} INFO - Processing /home/varn1t/ml-pipeline/venv/lib/python3.11/site-packages/airflow/example_dags/example_params_trigger_ui.py took 0.068 seconds
[2026-05-24T15:15:50.852+0000] {processor.py:161} INFO - Started process (PID=37054) to work on /home/varn1t/ml-pipeline/venv/lib/python3.11/site-packages/airflow/example_dags/example_params_trigger_ui.py
[2026-05-24T15:15:50.853+0000] {processor.py:830} INFO - Processing file /home/varn1t/ml-pipeline/venv/lib/python3.11/site-packages/airflow/example_dags/example_params_trigger_ui.py for tasks to queue
[2026-05-24T15:15:50.854+0000] {logging_mixin.py:188} INFO - [2026-05-24T15:15:50.854+0000] {dagbag.py:545} INFO - Filling up the DagBag from /home/varn1t/ml-pipeline/venv/lib/python3.11/site-packages/airflow/example_dags/example_params_trigger_ui.py
[2026-05-24T15:15:50.862+0000] {processor.py:840} INFO - DAG(s) 'example_params_trigger_ui' retrieved from /home/varn1t/ml-pipeline/venv/lib/python3.11/site-packages/airflow/example_dags/example_params_trigger_ui.py
[2026-05-24T15:15:50.880+0000] {logging_mixin.py:188} INFO - [2026-05-24T15:15:50.880+0000] {dag.py:3096} INFO - Sync 1 DAGs
[2026-05-24T15:15:50.886+0000] {logging_mixin.py:188} INFO - [2026-05-24T15:15:50.886+0000] {dag.py:3954} INFO - Setting next_dagrun for example_params_trigger_ui to None, run_after=None
[2026-05-24T15:15:50.899+0000] {processor.py:183} INFO - Processing /home/varn1t/ml-pipeline/venv/lib/python3.11/site-packages/airflow/example_dags/example_params_trigger_ui.py took 0.052 seconds
[2026-05-24T15:16:51.781+0000] {processor.py:161} INFO - Started process (PID=37332) to work on /home/varn1t/ml-pipeline/venv/lib/python3.11/site-packages/airflow/example_dags/example_params_trigger_ui.py
[2026-05-24T15:16:51.782+0000] {processor.py:830} INFO - Processing file /home/varn1t/ml-pipeline/venv/lib/python3.11/site-packages/airflow/example_dags/example_params_trigger_ui.py for tasks to queue
[2026-05-24T15:16:51.783+0000] {logging_mixin.py:188} INFO - [2026-05-24T15:16:51.783+0000] {dagbag.py:545} INFO - Filling up the DagBag from /home/varn1t/ml-pipeline/venv/lib/python3.11/site-packages/airflow/example_dags/example_params_trigger_ui.py
[2026-05-24T15:16:51.793+0000] {processor.py:840} INFO - DAG(s) 'example_params_trigger_ui' retrieved from /home/varn1t/ml-pipeline/venv/lib/python3.11/site-packages/airflow/example_dags/example_params_trigger_ui.py
[2026-05-24T15:16:51.814+0000] {logging_mixin.py:188} INFO - [2026-05-24T15:16:51.814+0000] {dag.py:3096} INFO - Sync 1 DAGs
[2026-05-24T15:16:51.820+0000] {logging_mixin.py:188} INFO - [2026-05-24T15:16:51.820+0000] {dag.py:3954} INFO - Setting next_dagrun for example_params_trigger_ui to None, run_after=None
[2026-05-24T15:16:51.834+0000] {processor.py:183} INFO - Processing /home/varn1t/ml-pipeline/venv/lib/python3.11/site-packages/airflow/example_dags/example_params_trigger_ui.py took 0.058 seconds
[2026-05-24T15:17:51.152+0000] {processor.py:161} INFO - Started process (PID=37756) to work on /home/varn1t/ml-pipeline/venv/lib/python3.11/site-packages/airflow/example_dags/example_params_trigger_ui.py
[2026-05-24T15:17:51.153+0000] {processor.py:830} INFO - Processing file /home/varn1t/ml-pipeline/venv/lib/python3.11/site-packages/airflow/example_dags/example_params_trigger_ui.py for tasks to queue
[2026-05-24T15:17:51.154+0000] {logging_mixin.py:188} INFO - [2026-05-24T15:17:51.154+0000] {dagbag.py:545} INFO - Filling up the DagBag from /home/varn1t/ml-pipeline/venv/lib/python3.11/site-packages/airflow/example_dags/example_params_trigger_ui.py
[2026-05-24T15:17:51.164+0000] {processor.py:840} INFO - DAG(s) 'example_params_trigger_ui' retrieved from /home/varn1t/ml-pipeline/venv/lib/python3.11/site-packages/airflow/example_dags/example_params_trigger_ui.py
[2026-05-24T15:17:51.187+0000] {logging_mixin.py:188} INFO - [2026-05-24T15:17:51.187+0000] {dag.py:3096} INFO - Sync 1 DAGs
[2026-05-24T15:17:51.194+0000] {logging_mixin.py:188} INFO - [2026-05-24T15:17:51.194+0000] {dag.py:3954} INFO - Setting next_dagrun for example_params_trigger_ui to None, run_after=None
[2026-05-24T15:17:51.211+0000] {processor.py:183} INFO - Processing /home/varn1t/ml-pipeline/venv/lib/python3.11/site-packages/airflow/example_dags/example_params_trigger_ui.py took 0.066 seconds
[2026-05-24T15:18:48.760+0000] {processor.py:161} INFO - Started process (PID=38426) to work on /home/varn1t/ml-pipeline/venv/lib/python3.11/site-packages/airflow/example_dags/example_params_trigger_ui.py
[2026-05-24T15:18:48.761+0000] {processor.py:830} INFO - Processing file /home/varn1t/ml-pipeline/venv/lib/python3.11/site-packages/airflow/example_dags/example_params_trigger_ui.py for tasks to queue
[2026-05-24T15:18:48.762+0000] {logging_mixin.py:188} INFO - [2026-05-24T15:18:48.762+0000] {dagbag.py:545} INFO - Filling up the DagBag from /home/varn1t/ml-pipeline/venv/lib/python3.11/site-packages/airflow/example_dags/example_params_trigger_ui.py
[2026-05-24T15:18:48.775+0000] {processor.py:840} INFO - DAG(s) 'example_params_trigger_ui' retrieved from /home/varn1t/ml-pipeline/venv/lib/python3.11/site-packages/airflow/example_dags/example_params_trigger_ui.py
[2026-05-24T15:18:48.797+0000] {logging_mixin.py:188} INFO - [2026-05-24T15:18:48.797+0000] {dag.py:3096} INFO - Sync 1 DAGs
[2026-05-24T15:18:48.806+0000] {logging_mixin.py:188} INFO - [2026-05-24T15:18:48.806+0000] {dag.py:3954} INFO - Setting next_dagrun for example_params_trigger_ui to None, run_after=None
[2026-05-24T15:18:48.821+0000] {processor.py:183} INFO - Processing /home/varn1t/ml-pipeline/venv/lib/python3.11/site-packages/airflow/example_dags/example_params_trigger_ui.py took 0.069 seconds
[2026-05-24T15:19:50.741+0000] {processor.py:161} INFO - Started process (PID=38867) to work on /home/varn1t/ml-pipeline/venv/lib/python3.11/site-packages/airflow/example_dags/example_params_trigger_ui.py
[2026-05-24T15:19:50.742+0000] {processor.py:830} INFO - Processing file /home/varn1t/ml-pipeline/venv/lib/python3.11/site-packages/airflow/example_dags/example_params_trigger_ui.py for tasks to queue
[2026-05-24T15:19:50.743+0000] {logging_mixin.py:188} INFO - [2026-05-24T15:19:50.743+0000] {dagbag.py:545} INFO - Filling up the DagBag from /home/varn1t/ml-pipeline/venv/lib/python3.11/site-packages/airflow/example_dags/example_params_trigger_ui.py
[2026-05-24T15:19:50.752+0000] {processor.py:840} INFO - DAG(s) 'example_params_trigger_ui' retrieved from /home/varn1t/ml-pipeline/venv/lib/python3.11/site-packages/airflow/example_dags/example_params_trigger_ui.py
[2026-05-24T15:19:50.773+0000] {logging_mixin.py:188} INFO - [2026-05-24T15:19:50.773+0000] {dag.py:3096} INFO - Sync 1 DAGs
[2026-05-24T15:19:50.783+0000] {logging_mixin.py:188} INFO - [2026-05-24T15:19:50.782+0000] {dag.py:3954} INFO - Setting next_dagrun for example_params_trigger_ui to None, run_after=None
[2026-05-24T15:19:50.797+0000] {processor.py:183} INFO - Processing /home/varn1t/ml-pipeline/venv/lib/python3.11/site-packages/airflow/example_dags/example_params_trigger_ui.py took 0.062 seconds
[2026-05-24T15:20:56.369+0000] {processor.py:161} INFO - Started process (PID=39161) to work on /home/varn1t/ml-pipeline/venv/lib/python3.11/site-packages/airflow/example_dags/example_params_trigger_ui.py
[2026-05-24T15:20:56.370+0000] {processor.py:830} INFO - Processing file /home/varn1t/ml-pipeline/venv/lib/python3.11/site-packages/airflow/example_dags/example_params_trigger_ui.py for tasks to queue
[2026-05-24T15:20:56.371+0000] {logging_mixin.py:188} INFO - [2026-05-24T15:20:56.371+0000] {dagbag.py:545} INFO - Filling up the DagBag from /home/varn1t/ml-pipeline/venv/lib/python3.11/site-packages/airflow/example_dags/example_params_trigger_ui.py
[2026-05-24T15:20:56.380+0000] {processor.py:840} INFO - DAG(s) 'example_params_trigger_ui' retrieved from /home/varn1t/ml-pipeline/venv/lib/python3.11/site-packages/airflow/example_dags/example_params_trigger_ui.py
[2026-05-24T15:20:56.399+0000] {logging_mixin.py:188} INFO - [2026-05-24T15:20:56.399+0000] {dag.py:3096} INFO - Sync 1 DAGs
[2026-05-24T15:20:56.406+0000] {logging_mixin.py:188} INFO - [2026-05-24T15:20:56.406+0000] {dag.py:3954} INFO - Setting next_dagrun for example_params_trigger_ui to None, run_after=None
[2026-05-24T15:20:56.421+0000] {processor.py:183} INFO - Processing /home/varn1t/ml-pipeline/venv/lib/python3.11/site-packages/airflow/example_dags/example_params_trigger_ui.py took 0.057 seconds
[2026-05-24T15:21:54.371+0000] {processor.py:161} INFO - Started process (PID=39485) to work on /home/varn1t/ml-pipeline/venv/lib/python3.11/site-packages/airflow/example_dags/example_params_trigger_ui.py
[2026-05-24T15:21:54.373+0000] {processor.py:830} INFO - Processing file /home/varn1t/ml-pipeline/venv/lib/python3.11/site-packages/airflow/example_dags/example_params_trigger_ui.py for tasks to queue
[2026-05-24T15:21:54.373+0000] {logging_mixin.py:188} INFO - [2026-05-24T15:21:54.373+0000] {dagbag.py:545} INFO - Filling up the DagBag from /home/varn1t/ml-pipeline/venv/lib/python3.11/site-packages/airflow/example_dags/example_params_trigger_ui.py
[2026-05-24T15:21:54.384+0000] {processor.py:840} INFO - DAG(s) 'example_params_trigger_ui' retrieved from /home/varn1t/ml-pipeline/venv/lib/python3.11/site-packages/airflow/example_dags/example_params_trigger_ui.py
[2026-05-24T15:21:54.405+0000] {logging_mixin.py:188} INFO - [2026-05-24T15:21:54.405+0000] {dag.py:3096} INFO - Sync 1 DAGs
[2026-05-24T15:21:54.413+0000] {logging_mixin.py:188} INFO - [2026-05-24T15:21:54.413+0000] {dag.py:3954} INFO - Setting next_dagrun for example_params_trigger_ui to None, run_after=None
[2026-05-24T15:21:54.427+0000] {processor.py:183} INFO - Processing /home/varn1t/ml-pipeline/venv/lib/python3.11/site-packages/airflow/example_dags/example_params_trigger_ui.py took 0.063 seconds
[2026-05-24T15:22:55.909+0000] {processor.py:161} INFO - Started process (PID=40007) to work on /home/varn1t/ml-pipeline/venv/lib/python3.11/site-packages/airflow/example_dags/example_params_trigger_ui.py
[2026-05-24T15:22:55.910+0000] {processor.py:830} INFO - Processing file /home/varn1t/ml-pipeline/venv/lib/python3.11/site-packages/airflow/example_dags/example_params_trigger_ui.py for tasks to queue
[2026-05-24T15:22:55.911+0000] {logging_mixin.py:188} INFO - [2026-05-24T15:22:55.910+0000] {dagbag.py:545} INFO - Filling up the DagBag from /home/varn1t/ml-pipeline/venv/lib/python3.11/site-packages/airflow/example_dags/example_params_trigger_ui.py
[2026-05-24T15:22:55.924+0000] {processor.py:840} INFO - DAG(s) 'example_params_trigger_ui' retrieved from /home/varn1t/ml-pipeline/venv/lib/python3.11/site-packages/airflow/example_dags/example_params_trigger_ui.py
[2026-05-24T15:22:55.945+0000] {logging_mixin.py:188} INFO - [2026-05-24T15:22:55.945+0000] {dag.py:3096} INFO - Sync 1 DAGs
[2026-05-24T15:22:55.953+0000] {logging_mixin.py:188} INFO - [2026-05-24T15:22:55.953+0000] {dag.py:3954} INFO - Setting next_dagrun for example_params_trigger_ui to None, run_after=None
[2026-05-24T15:22:55.969+0000] {processor.py:183} INFO - Processing /home/varn1t/ml-pipeline/venv/lib/python3.11/site-packages/airflow/example_dags/example_params_trigger_ui.py took 0.065 seconds
[2026-05-24T15:23:59.283+0000] {processor.py:161} INFO - Started process (PID=40493) to work on /home/varn1t/ml-pipeline/venv/lib/python3.11/site-packages/airflow/example_dags/example_params_trigger_ui.py
[2026-05-24T15:23:59.284+0000] {processor.py:830} INFO - Processing file /home/varn1t/ml-pipeline/venv/lib/python3.11/site-packages/airflow/example_dags/example_params_trigger_ui.py for tasks to queue
[2026-05-24T15:23:59.284+0000] {logging_mixin.py:188} INFO - [2026-05-24T15:23:59.284+0000] {dagbag.py:545} INFO - Filling up the DagBag from /home/varn1t/ml-pipeline/venv/lib/python3.11/site-packages/airflow/example_dags/example_params_trigger_ui.py
[2026-05-24T15:23:59.295+0000] {processor.py:840} INFO - DAG(s) 'example_params_trigger_ui' retrieved from /home/varn1t/ml-pipeline/venv/lib/python3.11/site-packages/airflow/example_dags/example_params_trigger_ui.py
[2026-05-24T15:23:59.317+0000] {logging_mixin.py:188} INFO - [2026-05-24T15:23:59.317+0000] {dag.py:3096} INFO - Sync 1 DAGs
[2026-05-24T15:23:59.324+0000] {logging_mixin.py:188} INFO - [2026-05-24T15:23:59.324+0000] {dag.py:3954} INFO - Setting next_dagrun for example_params_trigger_ui to None, run_after=None
[2026-05-24T15:23:59.342+0000] {processor.py:183} INFO - Processing /home/varn1t/ml-pipeline/venv/lib/python3.11/site-packages/airflow/example_dags/example_params_trigger_ui.py took 0.065 seconds
[2026-05-24T15:25:47.118+0000] {processor.py:161} INFO - Started process (PID=42266) to work on /home/varn1t/ml-pipeline/venv/lib/python3.11/site-packages/airflow/example_dags/example_params_trigger_ui.py
[2026-05-24T15:25:47.119+0000] {processor.py:830} INFO - Processing file /home/varn1t/ml-pipeline/venv/lib/python3.11/site-packages/airflow/example_dags/example_params_trigger_ui.py for tasks to queue
[2026-05-24T15:25:47.120+0000] {logging_mixin.py:188} INFO - [2026-05-24T15:25:47.119+0000] {dagbag.py:545} INFO - Filling up the DagBag from /home/varn1t/ml-pipeline/venv/lib/python3.11/site-packages/airflow/example_dags/example_params_trigger_ui.py
[2026-05-24T15:25:47.128+0000] {processor.py:840} INFO - DAG(s) 'example_params_trigger_ui' retrieved from /home/varn1t/ml-pipeline/venv/lib/python3.11/site-packages/airflow/example_dags/example_params_trigger_ui.py
[2026-05-24T15:25:47.149+0000] {logging_mixin.py:188} INFO - [2026-05-24T15:25:47.148+0000] {dag.py:3096} INFO - Sync 1 DAGs
[2026-05-24T15:25:47.155+0000] {logging_mixin.py:188} INFO - [2026-05-24T15:25:47.155+0000] {dag.py:3954} INFO - Setting next_dagrun for example_params_trigger_ui to None, run_after=None
[2026-05-24T15:25:47.169+0000] {processor.py:183} INFO - Processing /home/varn1t/ml-pipeline/venv/lib/python3.11/site-packages/airflow/example_dags/example_params_trigger_ui.py took 0.057 seconds
[2026-05-24T15:26:42.616+0000] {processor.py:161} INFO - Started process (PID=42541) to work on /home/varn1t/ml-pipeline/venv/lib/python3.11/site-packages/airflow/example_dags/example_params_trigger_ui.py
[2026-05-24T15:26:42.617+0000] {processor.py:830} INFO - Processing file /home/varn1t/ml-pipeline/venv/lib/python3.11/site-packages/airflow/example_dags/example_params_trigger_ui.py for tasks to queue
[2026-05-24T15:26:42.618+0000] {logging_mixin.py:188} INFO - [2026-05-24T15:26:42.617+0000] {dagbag.py:545} INFO - Filling up the DagBag from /home/varn1t/ml-pipeline/venv/lib/python3.11/site-packages/airflow/example_dags/example_params_trigger_ui.py
[2026-05-24T15:26:42.627+0000] {processor.py:840} INFO - DAG(s) 'example_params_trigger_ui' retrieved from /home/varn1t/ml-pipeline/venv/lib/python3.11/site-packages/airflow/example_dags/example_params_trigger_ui.py
[2026-05-24T15:26:42.648+0000] {logging_mixin.py:188} INFO - [2026-05-24T15:26:42.648+0000] {dag.py:3096} INFO - Sync 1 DAGs
[2026-05-24T15:26:42.657+0000] {logging_mixin.py:188} INFO - [2026-05-24T15:26:42.657+0000] {dag.py:3954} INFO - Setting next_dagrun for example_params_trigger_ui to None, run_after=None
[2026-05-24T15:26:42.673+0000] {processor.py:183} INFO - Processing /home/varn1t/ml-pipeline/venv/lib/python3.11/site-packages/airflow/example_dags/example_params_trigger_ui.py took 0.062 seconds
[2026-05-24T15:27:48.011+0000] {processor.py:161} INFO - Started process (PID=42965) to work on /home/varn1t/ml-pipeline/venv/lib/python3.11/site-packages/airflow/example_dags/example_params_trigger_ui.py
[2026-05-24T15:27:48.012+0000] {processor.py:830} INFO - Processing file /home/varn1t/ml-pipeline/venv/lib/python3.11/site-packages/airflow/example_dags/example_params_trigger_ui.py for tasks to queue
[2026-05-24T15:27:48.013+0000] {logging_mixin.py:188} INFO - [2026-05-24T15:27:48.013+0000] {dagbag.py:545} INFO - Filling up the DagBag from /home/varn1t/ml-pipeline/venv/lib/python3.11/site-packages/airflow/example_dags/example_params_trigger_ui.py
[2026-05-24T15:27:48.023+0000] {processor.py:840} INFO - DAG(s) 'example_params_trigger_ui' retrieved from /home/varn1t/ml-pipeline/venv/lib/python3.11/site-packages/airflow/example_dags/example_params_trigger_ui.py
[2026-05-24T15:27:48.044+0000] {logging_mixin.py:188} INFO - [2026-05-24T15:27:48.044+0000] {dag.py:3096} INFO - Sync 1 DAGs
[2026-05-24T15:27:48.051+0000] {logging_mixin.py:188} INFO - [2026-05-24T15:27:48.051+0000] {dag.py:3954} INFO - Setting next_dagrun for example_params_trigger_ui to None, run_after=None
[2026-05-24T15:27:48.066+0000] {processor.py:183} INFO - Processing /home/varn1t/ml-pipeline/venv/lib/python3.11/site-packages/airflow/example_dags/example_params_trigger_ui.py took 0.061 seconds
[2026-05-24T15:29:39.091+0000] {processor.py:161} INFO - Started process (PID=43936) to work on /home/varn1t/ml-pipeline/venv/lib/python3.11/site-packages/airflow/example_dags/example_params_trigger_ui.py
[2026-05-24T15:29:39.092+0000] {processor.py:830} INFO - Processing file /home/varn1t/ml-pipeline/venv/lib/python3.11/site-packages/airflow/example_dags/example_params_trigger_ui.py for tasks to queue
[2026-05-24T15:29:39.093+0000] {logging_mixin.py:188} INFO - [2026-05-24T15:29:39.093+0000] {dagbag.py:545} INFO - Filling up the DagBag from /home/varn1t/ml-pipeline/venv/lib/python3.11/site-packages/airflow/example_dags/example_params_trigger_ui.py
[2026-05-24T15:29:39.106+0000] {processor.py:840} INFO - DAG(s) 'example_params_trigger_ui' retrieved from /home/varn1t/ml-pipeline/venv/lib/python3.11/site-packages/airflow/example_dags/example_params_trigger_ui.py
[2026-05-24T15:29:39.129+0000] {logging_mixin.py:188} INFO - [2026-05-24T15:29:39.129+0000] {dag.py:3096} INFO - Sync 1 DAGs
[2026-05-24T15:29:39.138+0000] {logging_mixin.py:188} INFO - [2026-05-24T15:29:39.137+0000] {dag.py:3954} INFO - Setting next_dagrun for example_params_trigger_ui to None, run_after=None
[2026-05-24T15:29:39.155+0000] {processor.py:183} INFO - Processing /home/varn1t/ml-pipeline/venv/lib/python3.11/site-packages/airflow/example_dags/example_params_trigger_ui.py took 0.071 seconds
[2026-05-24T15:30:35.765+0000] {processor.py:161} INFO - Started process (PID=44419) to work on /home/varn1t/ml-pipeline/venv/lib/python3.11/site-packages/airflow/example_dags/example_params_trigger_ui.py
[2026-05-24T15:30:35.765+0000] {processor.py:830} INFO - Processing file /home/varn1t/ml-pipeline/venv/lib/python3.11/site-packages/airflow/example_dags/example_params_trigger_ui.py for tasks to queue
[2026-05-24T15:30:35.766+0000] {logging_mixin.py:188} INFO - [2026-05-24T15:30:35.766+0000] {dagbag.py:545} INFO - Filling up the DagBag from /home/varn1t/ml-pipeline/venv/lib/python3.11/site-packages/airflow/example_dags/example_params_trigger_ui.py
[2026-05-24T15:30:35.776+0000] {processor.py:840} INFO - DAG(s) 'example_params_trigger_ui' retrieved from /home/varn1t/ml-pipeline/venv/lib/python3.11/site-packages/airflow/example_dags/example_params_trigger_ui.py
[2026-05-24T15:30:35.797+0000] {logging_mixin.py:188} INFO - [2026-05-24T15:30:35.797+0000] {dag.py:3096} INFO - Sync 1 DAGs
[2026-05-24T15:30:35.804+0000] {logging_mixin.py:188} INFO - [2026-05-24T15:30:35.804+0000] {dag.py:3954} INFO - Setting next_dagrun for example_params_trigger_ui to None, run_after=None
[2026-05-24T15:30:35.824+0000] {processor.py:183} INFO - Processing /home/varn1t/ml-pipeline/venv/lib/python3.11/site-packages/airflow/example_dags/example_params_trigger_ui.py took 0.064 seconds
[2026-05-24T15:31:39.273+0000] {processor.py:161} INFO - Started process (PID=45145) to work on /home/varn1t/ml-pipeline/venv/lib/python3.11/site-packages/airflow/example_dags/example_params_trigger_ui.py
[2026-05-24T15:31:39.274+0000] {processor.py:830} INFO - Processing file /home/varn1t/ml-pipeline/venv/lib/python3.11/site-packages/airflow/example_dags/example_params_trigger_ui.py for tasks to queue
[2026-05-24T15:31:39.275+0000] {logging_mixin.py:188} INFO - [2026-05-24T15:31:39.274+0000] {dagbag.py:545} INFO - Filling up the DagBag from /home/varn1t/ml-pipeline/venv/lib/python3.11/site-packages/airflow/example_dags/example_params_trigger_ui.py
[2026-05-24T15:31:39.283+0000] {processor.py:840} INFO - DAG(s) 'example_params_trigger_ui' retrieved from /home/varn1t/ml-pipeline/venv/lib/python3.11/site-packages/airflow/example_dags/example_params_trigger_ui.py
[2026-05-24T15:31:39.303+0000] {logging_mixin.py:188} INFO - [2026-05-24T15:31:39.303+0000] {dag.py:3096} INFO - Sync 1 DAGs
[2026-05-24T15:31:39.310+0000] {logging_mixin.py:188} INFO - [2026-05-24T15:31:39.309+0000] {dag.py:3954} INFO - Setting next_dagrun for example_params_trigger_ui to None, run_after=None
[2026-05-24T15:31:39.323+0000] {processor.py:183} INFO - Processing /home/varn1t/ml-pipeline/venv/lib/python3.11/site-packages/airflow/example_dags/example_params_trigger_ui.py took 0.055 seconds
[2026-05-24T15:32:42.538+0000] {processor.py:161} INFO - Started process (PID=45696) to work on /home/varn1t/ml-pipeline/venv/lib/python3.11/site-packages/airflow/example_dags/example_params_trigger_ui.py
[2026-05-24T15:32:42.539+0000] {processor.py:830} INFO - Processing file /home/varn1t/ml-pipeline/venv/lib/python3.11/site-packages/airflow/example_dags/example_params_trigger_ui.py for tasks to queue
[2026-05-24T15:32:42.540+0000] {logging_mixin.py:188} INFO - [2026-05-24T15:32:42.540+0000] {dagbag.py:545} INFO - Filling up the DagBag from /home/varn1t/ml-pipeline/venv/lib/python3.11/site-packages/airflow/example_dags/example_params_trigger_ui.py
[2026-05-24T15:32:42.550+0000] {processor.py:840} INFO - DAG(s) 'example_params_trigger_ui' retrieved from /home/varn1t/ml-pipeline/venv/lib/python3.11/site-packages/airflow/example_dags/example_params_trigger_ui.py
[2026-05-24T15:32:42.571+0000] {logging_mixin.py:188} INFO - [2026-05-24T15:32:42.571+0000] {dag.py:3096} INFO - Sync 1 DAGs
[2026-05-24T15:32:42.578+0000] {logging_mixin.py:188} INFO - [2026-05-24T15:32:42.578+0000] {dag.py:3954} INFO - Setting next_dagrun for example_params_trigger_ui to None, run_after=None
[2026-05-24T15:32:42.593+0000] {processor.py:183} INFO - Processing /home/varn1t/ml-pipeline/venv/lib/python3.11/site-packages/airflow/example_dags/example_params_trigger_ui.py took 0.062 seconds
[2026-05-24T15:33:33.185+0000] {processor.py:161} INFO - Started process (PID=45909) to work on /home/varn1t/ml-pipeline/venv/lib/python3.11/site-packages/airflow/example_dags/example_params_trigger_ui.py
[2026-05-24T15:33:33.186+0000] {processor.py:830} INFO - Processing file /home/varn1t/ml-pipeline/venv/lib/python3.11/site-packages/airflow/example_dags/example_params_trigger_ui.py for tasks to queue
[2026-05-24T15:33:33.187+0000] {logging_mixin.py:188} INFO - [2026-05-24T15:33:33.187+0000] {dagbag.py:545} INFO - Filling up the DagBag from /home/varn1t/ml-pipeline/venv/lib/python3.11/site-packages/airflow/example_dags/example_params_trigger_ui.py
[2026-05-24T15:33:33.196+0000] {processor.py:840} INFO - DAG(s) 'example_params_trigger_ui' retrieved from /home/varn1t/ml-pipeline/venv/lib/python3.11/site-packages/airflow/example_dags/example_params_trigger_ui.py
[2026-05-24T15:33:33.215+0000] {logging_mixin.py:188} INFO - [2026-05-24T15:33:33.215+0000] {dag.py:3096} INFO - Sync 1 DAGs
[2026-05-24T15:33:33.221+0000] {logging_mixin.py:188} INFO - [2026-05-24T15:33:33.221+0000] {dag.py:3954} INFO - Setting next_dagrun for example_params_trigger_ui to None, run_after=None
[2026-05-24T15:33:33.235+0000] {processor.py:183} INFO - Processing /home/varn1t/ml-pipeline/venv/lib/python3.11/site-packages/airflow/example_dags/example_params_trigger_ui.py took 0.057 seconds
[2026-05-24T15:34:38.235+0000] {processor.py:161} INFO - Started process (PID=46272) to work on /home/varn1t/ml-pipeline/venv/lib/python3.11/site-packages/airflow/example_dags/example_params_trigger_ui.py
[2026-05-24T15:34:38.236+0000] {processor.py:830} INFO - Processing file /home/varn1t/ml-pipeline/venv/lib/python3.11/site-packages/airflow/example_dags/example_params_trigger_ui.py for tasks to queue
[2026-05-24T15:34:38.237+0000] {logging_mixin.py:188} INFO - [2026-05-24T15:34:38.237+0000] {dagbag.py:545} INFO - Filling up the DagBag from /home/varn1t/ml-pipeline/venv/lib/python3.11/site-packages/airflow/example_dags/example_params_trigger_ui.py
[2026-05-24T15:34:38.247+0000] {processor.py:840} INFO - DAG(s) 'example_params_trigger_ui' retrieved from /home/varn1t/ml-pipeline/venv/lib/python3.11/site-packages/airflow/example_dags/example_params_trigger_ui.py
[2026-05-24T15:34:38.269+0000] {logging_mixin.py:188} INFO - [2026-05-24T15:34:38.269+0000] {dag.py:3096} INFO - Sync 1 DAGs
[2026-05-24T15:34:38.277+0000] {logging_mixin.py:188} INFO - [2026-05-24T15:34:38.277+0000] {dag.py:3954} INFO - Setting next_dagrun for example_params_trigger_ui to None, run_after=None
[2026-05-24T15:34:38.297+0000] {processor.py:183} INFO - Processing /home/varn1t/ml-pipeline/venv/lib/python3.11/site-packages/airflow/example_dags/example_params_trigger_ui.py took 0.068 seconds
[2026-05-24T15:42:02.981+0000] {processor.py:161} INFO - Started process (PID=2305) to work on /home/varn1t/ml-pipeline/venv/lib/python3.11/site-packages/airflow/example_dags/example_params_trigger_ui.py
[2026-05-24T15:42:02.983+0000] {processor.py:830} INFO - Processing file /home/varn1t/ml-pipeline/venv/lib/python3.11/site-packages/airflow/example_dags/example_params_trigger_ui.py for tasks to queue
[2026-05-24T15:42:02.984+0000] {logging_mixin.py:188} INFO - [2026-05-24T15:42:02.984+0000] {dagbag.py:545} INFO - Filling up the DagBag from /home/varn1t/ml-pipeline/venv/lib/python3.11/site-packages/airflow/example_dags/example_params_trigger_ui.py
[2026-05-24T15:42:02.996+0000] {processor.py:840} INFO - DAG(s) 'example_params_trigger_ui' retrieved from /home/varn1t/ml-pipeline/venv/lib/python3.11/site-packages/airflow/example_dags/example_params_trigger_ui.py
[2026-05-24T15:42:03.022+0000] {logging_mixin.py:188} INFO - [2026-05-24T15:42:03.022+0000] {dag.py:3096} INFO - Sync 1 DAGs
[2026-05-24T15:42:03.035+0000] {logging_mixin.py:188} INFO - [2026-05-24T15:42:03.035+0000] {dag.py:3954} INFO - Setting next_dagrun for example_params_trigger_ui to None, run_after=None
[2026-05-24T15:42:03.056+0000] {processor.py:183} INFO - Processing /home/varn1t/ml-pipeline/venv/lib/python3.11/site-packages/airflow/example_dags/example_params_trigger_ui.py took 0.079 seconds
[2026-05-24T15:42:54.465+0000] {processor.py:161} INFO - Started process (PID=2640) to work on /home/varn1t/ml-pipeline/venv/lib/python3.11/site-packages/airflow/example_dags/example_params_trigger_ui.py
[2026-05-24T15:42:54.466+0000] {processor.py:830} INFO - Processing file /home/varn1t/ml-pipeline/venv/lib/python3.11/site-packages/airflow/example_dags/example_params_trigger_ui.py for tasks to queue
[2026-05-24T15:42:54.467+0000] {logging_mixin.py:188} INFO - [2026-05-24T15:42:54.467+0000] {dagbag.py:545} INFO - Filling up the DagBag from /home/varn1t/ml-pipeline/venv/lib/python3.11/site-packages/airflow/example_dags/example_params_trigger_ui.py
[2026-05-24T15:42:54.477+0000] {processor.py:840} INFO - DAG(s) 'example_params_trigger_ui' retrieved from /home/varn1t/ml-pipeline/venv/lib/python3.11/site-packages/airflow/example_dags/example_params_trigger_ui.py
[2026-05-24T15:42:54.502+0000] {logging_mixin.py:188} INFO - [2026-05-24T15:42:54.502+0000] {dag.py:3096} INFO - Sync 1 DAGs
[2026-05-24T15:42:54.510+0000] {logging_mixin.py:188} INFO - [2026-05-24T15:42:54.510+0000] {dag.py:3954} INFO - Setting next_dagrun for example_params_trigger_ui to None, run_after=None
[2026-05-24T15:42:54.532+0000] {processor.py:183} INFO - Processing /home/varn1t/ml-pipeline/venv/lib/python3.11/site-packages/airflow/example_dags/example_params_trigger_ui.py took 0.071 seconds
[2026-05-24T15:43:50.019+0000] {processor.py:161} INFO - Started process (PID=2921) to work on /home/varn1t/ml-pipeline/venv/lib/python3.11/site-packages/airflow/example_dags/example_params_trigger_ui.py
[2026-05-24T15:43:50.019+0000] {processor.py:830} INFO - Processing file /home/varn1t/ml-pipeline/venv/lib/python3.11/site-packages/airflow/example_dags/example_params_trigger_ui.py for tasks to queue
[2026-05-24T15:43:50.021+0000] {logging_mixin.py:188} INFO - [2026-05-24T15:43:50.021+0000] {dagbag.py:545} INFO - Filling up the DagBag from /home/varn1t/ml-pipeline/venv/lib/python3.11/site-packages/airflow/example_dags/example_params_trigger_ui.py
[2026-05-24T15:43:50.032+0000] {processor.py:840} INFO - DAG(s) 'example_params_trigger_ui' retrieved from /home/varn1t/ml-pipeline/venv/lib/python3.11/site-packages/airflow/example_dags/example_params_trigger_ui.py
[2026-05-24T15:43:50.165+0000] {logging_mixin.py:188} INFO - [2026-05-24T15:43:50.165+0000] {dag.py:3096} INFO - Sync 1 DAGs
[2026-05-24T15:43:50.172+0000] {logging_mixin.py:188} INFO - [2026-05-24T15:43:50.171+0000] {dag.py:3954} INFO - Setting next_dagrun for example_params_trigger_ui to None, run_after=None
[2026-05-24T15:43:50.196+0000] {processor.py:183} INFO - Processing /home/varn1t/ml-pipeline/venv/lib/python3.11/site-packages/airflow/example_dags/example_params_trigger_ui.py took 0.182 seconds
[2026-05-24T15:44:53.161+0000] {processor.py:161} INFO - Started process (PID=3328) to work on /home/varn1t/ml-pipeline/venv/lib/python3.11/site-packages/airflow/example_dags/example_params_trigger_ui.py
[2026-05-24T15:44:53.162+0000] {processor.py:830} INFO - Processing file /home/varn1t/ml-pipeline/venv/lib/python3.11/site-packages/airflow/example_dags/example_params_trigger_ui.py for tasks to queue
[2026-05-24T15:44:53.164+0000] {logging_mixin.py:188} INFO - [2026-05-24T15:44:53.163+0000] {dagbag.py:545} INFO - Filling up the DagBag from /home/varn1t/ml-pipeline/venv/lib/python3.11/site-packages/airflow/example_dags/example_params_trigger_ui.py
[2026-05-24T15:44:53.175+0000] {processor.py:840} INFO - DAG(s) 'example_params_trigger_ui' retrieved from /home/varn1t/ml-pipeline/venv/lib/python3.11/site-packages/airflow/example_dags/example_params_trigger_ui.py
[2026-05-24T15:44:53.197+0000] {logging_mixin.py:188} INFO - [2026-05-24T15:44:53.196+0000] {dag.py:3096} INFO - Sync 1 DAGs
[2026-05-24T15:44:53.204+0000] {logging_mixin.py:188} INFO - [2026-05-24T15:44:53.203+0000] {dag.py:3954} INFO - Setting next_dagrun for example_params_trigger_ui to None, run_after=None
[2026-05-24T15:44:53.219+0000] {processor.py:183} INFO - Processing /home/varn1t/ml-pipeline/venv/lib/python3.11/site-packages/airflow/example_dags/example_params_trigger_ui.py took 0.062 seconds
[2026-05-24T15:46:01.005+0000] {processor.py:161} INFO - Started process (PID=3859) to work on /home/varn1t/ml-pipeline/venv/lib/python3.11/site-packages/airflow/example_dags/example_params_trigger_ui.py
[2026-05-24T15:46:01.008+0000] {processor.py:830} INFO - Processing file /home/varn1t/ml-pipeline/venv/lib/python3.11/site-packages/airflow/example_dags/example_params_trigger_ui.py for tasks to queue
[2026-05-24T15:46:01.013+0000] {logging_mixin.py:188} INFO - [2026-05-24T15:46:01.013+0000] {dagbag.py:545} INFO - Filling up the DagBag from /home/varn1t/ml-pipeline/venv/lib/python3.11/site-packages/airflow/example_dags/example_params_trigger_ui.py
[2026-05-24T15:46:01.030+0000] {processor.py:840} INFO - DAG(s) 'example_params_trigger_ui' retrieved from /home/varn1t/ml-pipeline/venv/lib/python3.11/site-packages/airflow/example_dags/example_params_trigger_ui.py
[2026-05-24T15:46:01.094+0000] {logging_mixin.py:188} INFO - [2026-05-24T15:46:01.093+0000] {dag.py:3096} INFO - Sync 1 DAGs
[2026-05-24T15:46:01.139+0000] {logging_mixin.py:188} INFO - [2026-05-24T15:46:01.139+0000] {dag.py:3954} INFO - Setting next_dagrun for example_params_trigger_ui to None, run_after=None
[2026-05-24T15:46:01.185+0000] {processor.py:183} INFO - Processing /home/varn1t/ml-pipeline/venv/lib/python3.11/site-packages/airflow/example_dags/example_params_trigger_ui.py took 0.189 seconds
[2026-05-24T15:46:57.888+0000] {processor.py:161} INFO - Started process (PID=4348) to work on /home/varn1t/ml-pipeline/venv/lib/python3.11/site-packages/airflow/example_dags/example_params_trigger_ui.py
[2026-05-24T15:46:57.890+0000] {processor.py:830} INFO - Processing file /home/varn1t/ml-pipeline/venv/lib/python3.11/site-packages/airflow/example_dags/example_params_trigger_ui.py for tasks to queue
[2026-05-24T15:46:57.893+0000] {logging_mixin.py:188} INFO - [2026-05-24T15:46:57.892+0000] {dagbag.py:545} INFO - Filling up the DagBag from /home/varn1t/ml-pipeline/venv/lib/python3.11/site-packages/airflow/example_dags/example_params_trigger_ui.py
[2026-05-24T15:46:57.916+0000] {processor.py:840} INFO - DAG(s) 'example_params_trigger_ui' retrieved from /home/varn1t/ml-pipeline/venv/lib/python3.11/site-packages/airflow/example_dags/example_params_trigger_ui.py
[2026-05-24T15:46:57.966+0000] {logging_mixin.py:188} INFO - [2026-05-24T15:46:57.966+0000] {dag.py:3096} INFO - Sync 1 DAGs
[2026-05-24T15:46:57.981+0000] {logging_mixin.py:188} INFO - [2026-05-24T15:46:57.981+0000] {dag.py:3954} INFO - Setting next_dagrun for example_params_trigger_ui to None, run_after=None
[2026-05-24T15:46:58.010+0000] {processor.py:183} INFO - Processing /home/varn1t/ml-pipeline/venv/lib/python3.11/site-packages/airflow/example_dags/example_params_trigger_ui.py took 0.137 seconds
[2026-05-24T15:47:49.123+0000] {processor.py:161} INFO - Started process (PID=4741) to work on /home/varn1t/ml-pipeline/venv/lib/python3.11/site-packages/airflow/example_dags/example_params_trigger_ui.py
[2026-05-24T15:47:49.125+0000] {processor.py:830} INFO - Processing file /home/varn1t/ml-pipeline/venv/lib/python3.11/site-packages/airflow/example_dags/example_params_trigger_ui.py for tasks to queue
[2026-05-24T15:47:49.127+0000] {logging_mixin.py:188} INFO - [2026-05-24T15:47:49.126+0000] {dagbag.py:545} INFO - Filling up the DagBag from /home/varn1t/ml-pipeline/venv/lib/python3.11/site-packages/airflow/example_dags/example_params_trigger_ui.py
[2026-05-24T15:47:49.147+0000] {processor.py:840} INFO - DAG(s) 'example_params_trigger_ui' retrieved from /home/varn1t/ml-pipeline/venv/lib/python3.11/site-packages/airflow/example_dags/example_params_trigger_ui.py
[2026-05-24T15:47:49.185+0000] {logging_mixin.py:188} INFO - [2026-05-24T15:47:49.185+0000] {dag.py:3096} INFO - Sync 1 DAGs
[2026-05-24T15:47:49.203+0000] {logging_mixin.py:188} INFO - [2026-05-24T15:47:49.203+0000] {dag.py:3954} INFO - Setting next_dagrun for example_params_trigger_ui to None, run_after=None
[2026-05-24T15:47:49.224+0000] {processor.py:183} INFO - Processing /home/varn1t/ml-pipeline/venv/lib/python3.11/site-packages/airflow/example_dags/example_params_trigger_ui.py took 0.115 seconds
[2026-05-24T15:48:39.239+0000] {processor.py:161} INFO - Started process (PID=5134) to work on /home/varn1t/ml-pipeline/venv/lib/python3.11/site-packages/airflow/example_dags/example_params_trigger_ui.py
[2026-05-24T15:48:39.240+0000] {processor.py:830} INFO - Processing file /home/varn1t/ml-pipeline/venv/lib/python3.11/site-packages/airflow/example_dags/example_params_trigger_ui.py for tasks to queue
[2026-05-24T15:48:39.242+0000] {logging_mixin.py:188} INFO - [2026-05-24T15:48:39.242+0000] {dagbag.py:545} INFO - Filling up the DagBag from /home/varn1t/ml-pipeline/venv/lib/python3.11/site-packages/airflow/example_dags/example_params_trigger_ui.py
[2026-05-24T15:48:39.263+0000] {processor.py:840} INFO - DAG(s) 'example_params_trigger_ui' retrieved from /home/varn1t/ml-pipeline/venv/lib/python3.11/site-packages/airflow/example_dags/example_params_trigger_ui.py
[2026-05-24T15:48:39.310+0000] {logging_mixin.py:188} INFO - [2026-05-24T15:48:39.309+0000] {dag.py:3096} INFO - Sync 1 DAGs
[2026-05-24T15:48:39.319+0000] {logging_mixin.py:188} INFO - [2026-05-24T15:48:39.319+0000] {dag.py:3954} INFO - Setting next_dagrun for example_params_trigger_ui to None, run_after=None
[2026-05-24T15:48:39.347+0000] {processor.py:183} INFO - Processing /home/varn1t/ml-pipeline/venv/lib/python3.11/site-packages/airflow/example_dags/example_params_trigger_ui.py took 0.116 seconds
[2026-05-24T15:49:27.721+0000] {processor.py:161} INFO - Started process (PID=5505) to work on /home/varn1t/ml-pipeline/venv/lib/python3.11/site-packages/airflow/example_dags/example_params_trigger_ui.py
[2026-05-24T15:49:27.722+0000] {processor.py:830} INFO - Processing file /home/varn1t/ml-pipeline/venv/lib/python3.11/site-packages/airflow/example_dags/example_params_trigger_ui.py for tasks to queue
[2026-05-24T15:49:27.724+0000] {logging_mixin.py:188} INFO - [2026-05-24T15:49:27.723+0000] {dagbag.py:545} INFO - Filling up the DagBag from /home/varn1t/ml-pipeline/venv/lib/python3.11/site-packages/airflow/example_dags/example_params_trigger_ui.py
[2026-05-24T15:49:27.735+0000] {processor.py:840} INFO - DAG(s) 'example_params_trigger_ui' retrieved from /home/varn1t/ml-pipeline/venv/lib/python3.11/site-packages/airflow/example_dags/example_params_trigger_ui.py
[2026-05-24T15:49:27.758+0000] {logging_mixin.py:188} INFO - [2026-05-24T15:49:27.758+0000] {dag.py:3096} INFO - Sync 1 DAGs
[2026-05-24T15:49:27.765+0000] {logging_mixin.py:188} INFO - [2026-05-24T15:49:27.765+0000] {dag.py:3954} INFO - Setting next_dagrun for example_params_trigger_ui to None, run_after=None
[2026-05-24T15:49:27.784+0000] {processor.py:183} INFO - Processing /home/varn1t/ml-pipeline/venv/lib/python3.11/site-packages/airflow/example_dags/example_params_trigger_ui.py took 0.069 seconds
[2026-05-24T15:50:29.896+0000] {processor.py:161} INFO - Started process (PID=6079) to work on /home/varn1t/ml-pipeline/venv/lib/python3.11/site-packages/airflow/example_dags/example_params_trigger_ui.py
[2026-05-24T15:50:29.897+0000] {processor.py:830} INFO - Processing file /home/varn1t/ml-pipeline/venv/lib/python3.11/site-packages/airflow/example_dags/example_params_trigger_ui.py for tasks to queue
[2026-05-24T15:50:29.898+0000] {logging_mixin.py:188} INFO - [2026-05-24T15:50:29.897+0000] {dagbag.py:545} INFO - Filling up the DagBag from /home/varn1t/ml-pipeline/venv/lib/python3.11/site-packages/airflow/example_dags/example_params_trigger_ui.py
[2026-05-24T15:50:29.906+0000] {processor.py:840} INFO - DAG(s) 'example_params_trigger_ui' retrieved from /home/varn1t/ml-pipeline/venv/lib/python3.11/site-packages/airflow/example_dags/example_params_trigger_ui.py
[2026-05-24T15:50:29.924+0000] {logging_mixin.py:188} INFO - [2026-05-24T15:50:29.924+0000] {dag.py:3096} INFO - Sync 1 DAGs
[2026-05-24T15:50:29.930+0000] {logging_mixin.py:188} INFO - [2026-05-24T15:50:29.930+0000] {dag.py:3954} INFO - Setting next_dagrun for example_params_trigger_ui to None, run_after=None
[2026-05-24T15:50:29.944+0000] {processor.py:183} INFO - Processing /home/varn1t/ml-pipeline/venv/lib/python3.11/site-packages/airflow/example_dags/example_params_trigger_ui.py took 0.052 seconds
[2026-05-24T15:51:37.099+0000] {processor.py:161} INFO - Started process (PID=6689) to work on /home/varn1t/ml-pipeline/venv/lib/python3.11/site-packages/airflow/example_dags/example_params_trigger_ui.py
[2026-05-24T15:51:37.099+0000] {processor.py:830} INFO - Processing file /home/varn1t/ml-pipeline/venv/lib/python3.11/site-packages/airflow/example_dags/example_params_trigger_ui.py for tasks to queue
[2026-05-24T15:51:37.101+0000] {logging_mixin.py:188} INFO - [2026-05-24T15:51:37.100+0000] {dagbag.py:545} INFO - Filling up the DagBag from /home/varn1t/ml-pipeline/venv/lib/python3.11/site-packages/airflow/example_dags/example_params_trigger_ui.py
[2026-05-24T15:51:37.111+0000] {processor.py:840} INFO - DAG(s) 'example_params_trigger_ui' retrieved from /home/varn1t/ml-pipeline/venv/lib/python3.11/site-packages/airflow/example_dags/example_params_trigger_ui.py
[2026-05-24T15:51:37.133+0000] {logging_mixin.py:188} INFO - [2026-05-24T15:51:37.133+0000] {dag.py:3096} INFO - Sync 1 DAGs
[2026-05-24T15:51:37.142+0000] {logging_mixin.py:188} INFO - [2026-05-24T15:51:37.142+0000] {dag.py:3954} INFO - Setting next_dagrun for example_params_trigger_ui to None, run_after=None
[2026-05-24T15:51:37.159+0000] {processor.py:183} INFO - Processing /home/varn1t/ml-pipeline/venv/lib/python3.11/site-packages/airflow/example_dags/example_params_trigger_ui.py took 0.065 seconds
[2026-05-24T15:52:25.219+0000] {processor.py:161} INFO - Started process (PID=7039) to work on /home/varn1t/ml-pipeline/venv/lib/python3.11/site-packages/airflow/example_dags/example_params_trigger_ui.py
[2026-05-24T15:52:25.220+0000] {processor.py:830} INFO - Processing file /home/varn1t/ml-pipeline/venv/lib/python3.11/site-packages/airflow/example_dags/example_params_trigger_ui.py for tasks to queue
[2026-05-24T15:52:25.222+0000] {logging_mixin.py:188} INFO - [2026-05-24T15:52:25.222+0000] {dagbag.py:545} INFO - Filling up the DagBag from /home/varn1t/ml-pipeline/venv/lib/python3.11/site-packages/airflow/example_dags/example_params_trigger_ui.py
[2026-05-24T15:52:25.238+0000] {processor.py:840} INFO - DAG(s) 'example_params_trigger_ui' retrieved from /home/varn1t/ml-pipeline/venv/lib/python3.11/site-packages/airflow/example_dags/example_params_trigger_ui.py
[2026-05-24T15:52:25.272+0000] {logging_mixin.py:188} INFO - [2026-05-24T15:52:25.271+0000] {dag.py:3096} INFO - Sync 1 DAGs
[2026-05-24T15:52:25.286+0000] {logging_mixin.py:188} INFO - [2026-05-24T15:52:25.286+0000] {dag.py:3954} INFO - Setting next_dagrun for example_params_trigger_ui to None, run_after=None
[2026-05-24T15:52:25.310+0000] {processor.py:183} INFO - Processing /home/varn1t/ml-pipeline/venv/lib/python3.11/site-packages/airflow/example_dags/example_params_trigger_ui.py took 0.098 seconds
[2026-05-24T15:53:32.409+0000] {processor.py:161} INFO - Started process (PID=7588) to work on /home/varn1t/ml-pipeline/venv/lib/python3.11/site-packages/airflow/example_dags/example_params_trigger_ui.py
[2026-05-24T15:53:32.411+0000] {processor.py:830} INFO - Processing file /home/varn1t/ml-pipeline/venv/lib/python3.11/site-packages/airflow/example_dags/example_params_trigger_ui.py for tasks to queue
[2026-05-24T15:53:32.413+0000] {logging_mixin.py:188} INFO - [2026-05-24T15:53:32.413+0000] {dagbag.py:545} INFO - Filling up the DagBag from /home/varn1t/ml-pipeline/venv/lib/python3.11/site-packages/airflow/example_dags/example_params_trigger_ui.py
[2026-05-24T15:53:32.439+0000] {processor.py:840} INFO - DAG(s) 'example_params_trigger_ui' retrieved from /home/varn1t/ml-pipeline/venv/lib/python3.11/site-packages/airflow/example_dags/example_params_trigger_ui.py
[2026-05-24T15:53:32.498+0000] {logging_mixin.py:188} INFO - [2026-05-24T15:53:32.498+0000] {dag.py:3096} INFO - Sync 1 DAGs
[2026-05-24T15:53:32.518+0000] {logging_mixin.py:188} INFO - [2026-05-24T15:53:32.518+0000] {dag.py:3954} INFO - Setting next_dagrun for example_params_trigger_ui to None, run_after=None
[2026-05-24T15:53:32.563+0000] {processor.py:183} INFO - Processing /home/varn1t/ml-pipeline/venv/lib/python3.11/site-packages/airflow/example_dags/example_params_trigger_ui.py took 0.168 seconds
[2026-05-24T15:54:21.880+0000] {processor.py:161} INFO - Started process (PID=8119) to work on /home/varn1t/ml-pipeline/venv/lib/python3.11/site-packages/airflow/example_dags/example_params_trigger_ui.py
[2026-05-24T15:54:21.881+0000] {processor.py:830} INFO - Processing file /home/varn1t/ml-pipeline/venv/lib/python3.11/site-packages/airflow/example_dags/example_params_trigger_ui.py for tasks to queue
[2026-05-24T15:54:21.882+0000] {logging_mixin.py:188} INFO - [2026-05-24T15:54:21.882+0000] {dagbag.py:545} INFO - Filling up the DagBag from /home/varn1t/ml-pipeline/venv/lib/python3.11/site-packages/airflow/example_dags/example_params_trigger_ui.py
[2026-05-24T15:54:21.890+0000] {processor.py:840} INFO - DAG(s) 'example_params_trigger_ui' retrieved from /home/varn1t/ml-pipeline/venv/lib/python3.11/site-packages/airflow/example_dags/example_params_trigger_ui.py
[2026-05-24T15:54:21.912+0000] {logging_mixin.py:188} INFO - [2026-05-24T15:54:21.912+0000] {dag.py:3096} INFO - Sync 1 DAGs
[2026-05-24T15:54:21.919+0000] {logging_mixin.py:188} INFO - [2026-05-24T15:54:21.918+0000] {dag.py:3954} INFO - Setting next_dagrun for example_params_trigger_ui to None, run_after=None
[2026-05-24T15:54:21.934+0000] {processor.py:183} INFO - Processing /home/varn1t/ml-pipeline/venv/lib/python3.11/site-packages/airflow/example_dags/example_params_trigger_ui.py took 0.057 seconds
[2026-05-24T15:55:27.019+0000] {processor.py:161} INFO - Started process (PID=8808) to work on /home/varn1t/ml-pipeline/venv/lib/python3.11/site-packages/airflow/example_dags/example_params_trigger_ui.py
[2026-05-24T15:55:27.020+0000] {processor.py:830} INFO - Processing file /home/varn1t/ml-pipeline/venv/lib/python3.11/site-packages/airflow/example_dags/example_params_trigger_ui.py for tasks to queue
[2026-05-24T15:55:27.021+0000] {logging_mixin.py:188} INFO - [2026-05-24T15:55:27.021+0000] {dagbag.py:545} INFO - Filling up the DagBag from /home/varn1t/ml-pipeline/venv/lib/python3.11/site-packages/airflow/example_dags/example_params_trigger_ui.py
[2026-05-24T15:55:27.036+0000] {processor.py:840} INFO - DAG(s) 'example_params_trigger_ui' retrieved from /home/varn1t/ml-pipeline/venv/lib/python3.11/site-packages/airflow/example_dags/example_params_trigger_ui.py
[2026-05-24T15:55:27.069+0000] {logging_mixin.py:188} INFO - [2026-05-24T15:55:27.069+0000] {dag.py:3096} INFO - Sync 1 DAGs
[2026-05-24T15:55:27.081+0000] {logging_mixin.py:188} INFO - [2026-05-24T15:55:27.080+0000] {dag.py:3954} INFO - Setting next_dagrun for example_params_trigger_ui to None, run_after=None
[2026-05-24T15:55:27.103+0000] {processor.py:183} INFO - Processing /home/varn1t/ml-pipeline/venv/lib/python3.11/site-packages/airflow/example_dags/example_params_trigger_ui.py took 0.090 seconds
[2026-05-24T15:56:32.527+0000] {processor.py:161} INFO - Started process (PID=9687) to work on /home/varn1t/ml-pipeline/venv/lib/python3.11/site-packages/airflow/example_dags/example_params_trigger_ui.py
[2026-05-24T15:56:32.528+0000] {processor.py:830} INFO - Processing file /home/varn1t/ml-pipeline/venv/lib/python3.11/site-packages/airflow/example_dags/example_params_trigger_ui.py for tasks to queue
[2026-05-24T15:56:32.530+0000] {logging_mixin.py:188} INFO - [2026-05-24T15:56:32.530+0000] {dagbag.py:545} INFO - Filling up the DagBag from /home/varn1t/ml-pipeline/venv/lib/python3.11/site-packages/airflow/example_dags/example_params_trigger_ui.py
[2026-05-24T15:56:32.544+0000] {processor.py:840} INFO - DAG(s) 'example_params_trigger_ui' retrieved from /home/varn1t/ml-pipeline/venv/lib/python3.11/site-packages/airflow/example_dags/example_params_trigger_ui.py
[2026-05-24T15:56:32.574+0000] {logging_mixin.py:188} INFO - [2026-05-24T15:56:32.574+0000] {dag.py:3096} INFO - Sync 1 DAGs
[2026-05-24T15:56:32.583+0000] {logging_mixin.py:188} INFO - [2026-05-24T15:56:32.582+0000] {dag.py:3954} INFO - Setting next_dagrun for example_params_trigger_ui to None, run_after=None
[2026-05-24T15:56:32.613+0000] {processor.py:183} INFO - Processing /home/varn1t/ml-pipeline/venv/lib/python3.11/site-packages/airflow/example_dags/example_params_trigger_ui.py took 0.092 seconds
[2026-05-24T15:57:21.069+0000] {processor.py:161} INFO - Started process (PID=10032) to work on /home/varn1t/ml-pipeline/venv/lib/python3.11/site-packages/airflow/example_dags/example_params_trigger_ui.py
[2026-05-24T15:57:21.070+0000] {processor.py:830} INFO - Processing file /home/varn1t/ml-pipeline/venv/lib/python3.11/site-packages/airflow/example_dags/example_params_trigger_ui.py for tasks to queue
[2026-05-24T15:57:21.071+0000] {logging_mixin.py:188} INFO - [2026-05-24T15:57:21.071+0000] {dagbag.py:545} INFO - Filling up the DagBag from /home/varn1t/ml-pipeline/venv/lib/python3.11/site-packages/airflow/example_dags/example_params_trigger_ui.py
[2026-05-24T15:57:21.084+0000] {processor.py:840} INFO - DAG(s) 'example_params_trigger_ui' retrieved from /home/varn1t/ml-pipeline/venv/lib/python3.11/site-packages/airflow/example_dags/example_params_trigger_ui.py
[2026-05-24T15:57:21.108+0000] {logging_mixin.py:188} INFO - [2026-05-24T15:57:21.108+0000] {dag.py:3096} INFO - Sync 1 DAGs
[2026-05-24T15:57:21.117+0000] {logging_mixin.py:188} INFO - [2026-05-24T15:57:21.117+0000] {dag.py:3954} INFO - Setting next_dagrun for example_params_trigger_ui to None, run_after=None
[2026-05-24T15:57:21.135+0000] {processor.py:183} INFO - Processing /home/varn1t/ml-pipeline/venv/lib/python3.11/site-packages/airflow/example_dags/example_params_trigger_ui.py took 0.071 seconds
[2026-05-24T15:58:30.987+0000] {processor.py:161} INFO - Started process (PID=10662) to work on /home/varn1t/ml-pipeline/venv/lib/python3.11/site-packages/airflow/example_dags/example_params_trigger_ui.py
[2026-05-24T15:58:30.990+0000] {processor.py:830} INFO - Processing file /home/varn1t/ml-pipeline/venv/lib/python3.11/site-packages/airflow/example_dags/example_params_trigger_ui.py for tasks to queue
[2026-05-24T15:58:30.992+0000] {logging_mixin.py:188} INFO - [2026-05-24T15:58:30.992+0000] {dagbag.py:545} INFO - Filling up the DagBag from /home/varn1t/ml-pipeline/venv/lib/python3.11/site-packages/airflow/example_dags/example_params_trigger_ui.py
[2026-05-24T15:58:31.050+0000] {processor.py:840} INFO - DAG(s) 'example_params_trigger_ui' retrieved from /home/varn1t/ml-pipeline/venv/lib/python3.11/site-packages/airflow/example_dags/example_params_trigger_ui.py
[2026-05-24T15:58:31.116+0000] {logging_mixin.py:188} INFO - [2026-05-24T15:58:31.116+0000] {dag.py:3096} INFO - Sync 1 DAGs
[2026-05-24T15:58:31.135+0000] {logging_mixin.py:188} INFO - [2026-05-24T15:58:31.135+0000] {dag.py:3954} INFO - Setting next_dagrun for example_params_trigger_ui to None, run_after=None
[2026-05-24T15:58:31.179+0000] {processor.py:183} INFO - Processing /home/varn1t/ml-pipeline/venv/lib/python3.11/site-packages/airflow/example_dags/example_params_trigger_ui.py took 0.210 seconds
[2026-05-24T15:59:23.501+0000] {processor.py:161} INFO - Started process (PID=11058) to work on /home/varn1t/ml-pipeline/venv/lib/python3.11/site-packages/airflow/example_dags/example_params_trigger_ui.py
[2026-05-24T15:59:23.502+0000] {processor.py:830} INFO - Processing file /home/varn1t/ml-pipeline/venv/lib/python3.11/site-packages/airflow/example_dags/example_params_trigger_ui.py for tasks to queue
[2026-05-24T15:59:23.504+0000] {logging_mixin.py:188} INFO - [2026-05-24T15:59:23.503+0000] {dagbag.py:545} INFO - Filling up the DagBag from /home/varn1t/ml-pipeline/venv/lib/python3.11/site-packages/airflow/example_dags/example_params_trigger_ui.py
[2026-05-24T15:59:23.515+0000] {processor.py:840} INFO - DAG(s) 'example_params_trigger_ui' retrieved from /home/varn1t/ml-pipeline/venv/lib/python3.11/site-packages/airflow/example_dags/example_params_trigger_ui.py
[2026-05-24T15:59:23.538+0000] {logging_mixin.py:188} INFO - [2026-05-24T15:59:23.538+0000] {dag.py:3096} INFO - Sync 1 DAGs
[2026-05-24T15:59:23.546+0000] {logging_mixin.py:188} INFO - [2026-05-24T15:59:23.546+0000] {dag.py:3954} INFO - Setting next_dagrun for example_params_trigger_ui to None, run_after=None
[2026-05-24T15:59:23.563+0000] {processor.py:183} INFO - Processing /home/varn1t/ml-pipeline/venv/lib/python3.11/site-packages/airflow/example_dags/example_params_trigger_ui.py took 0.067 seconds
[2026-05-24T16:00:26.757+0000] {processor.py:161} INFO - Started process (PID=11359) to work on /home/varn1t/ml-pipeline/venv/lib/python3.11/site-packages/airflow/example_dags/example_params_trigger_ui.py
[2026-05-24T16:00:26.758+0000] {processor.py:830} INFO - Processing file /home/varn1t/ml-pipeline/venv/lib/python3.11/site-packages/airflow/example_dags/example_params_trigger_ui.py for tasks to queue
[2026-05-24T16:00:26.759+0000] {logging_mixin.py:188} INFO - [2026-05-24T16:00:26.759+0000] {dagbag.py:545} INFO - Filling up the DagBag from /home/varn1t/ml-pipeline/venv/lib/python3.11/site-packages/airflow/example_dags/example_params_trigger_ui.py
[2026-05-24T16:00:26.770+0000] {processor.py:840} INFO - DAG(s) 'example_params_trigger_ui' retrieved from /home/varn1t/ml-pipeline/venv/lib/python3.11/site-packages/airflow/example_dags/example_params_trigger_ui.py
[2026-05-24T16:00:26.791+0000] {logging_mixin.py:188} INFO - [2026-05-24T16:00:26.791+0000] {dag.py:3096} INFO - Sync 1 DAGs
[2026-05-24T16:00:26.799+0000] {logging_mixin.py:188} INFO - [2026-05-24T16:00:26.798+0000] {dag.py:3954} INFO - Setting next_dagrun for example_params_trigger_ui to None, run_after=None
[2026-05-24T16:00:26.820+0000] {processor.py:183} INFO - Processing /home/varn1t/ml-pipeline/venv/lib/python3.11/site-packages/airflow/example_dags/example_params_trigger_ui.py took 0.068 seconds
[2026-05-24T16:01:28.668+0000] {processor.py:161} INFO - Started process (PID=11635) to work on /home/varn1t/ml-pipeline/venv/lib/python3.11/site-packages/airflow/example_dags/example_params_trigger_ui.py
[2026-05-24T16:01:28.669+0000] {processor.py:830} INFO - Processing file /home/varn1t/ml-pipeline/venv/lib/python3.11/site-packages/airflow/example_dags/example_params_trigger_ui.py for tasks to queue
[2026-05-24T16:01:28.671+0000] {logging_mixin.py:188} INFO - [2026-05-24T16:01:28.671+0000] {dagbag.py:545} INFO - Filling up the DagBag from /home/varn1t/ml-pipeline/venv/lib/python3.11/site-packages/airflow/example_dags/example_params_trigger_ui.py
[2026-05-24T16:01:28.681+0000] {processor.py:840} INFO - DAG(s) 'example_params_trigger_ui' retrieved from /home/varn1t/ml-pipeline/venv/lib/python3.11/site-packages/airflow/example_dags/example_params_trigger_ui.py
[2026-05-24T16:01:28.705+0000] {logging_mixin.py:188} INFO - [2026-05-24T16:01:28.705+0000] {dag.py:3096} INFO - Sync 1 DAGs
[2026-05-24T16:01:28.713+0000] {logging_mixin.py:188} INFO - [2026-05-24T16:01:28.713+0000] {dag.py:3954} INFO - Setting next_dagrun for example_params_trigger_ui to None, run_after=None
[2026-05-24T16:01:28.731+0000] {processor.py:183} INFO - Processing /home/varn1t/ml-pipeline/venv/lib/python3.11/site-packages/airflow/example_dags/example_params_trigger_ui.py took 0.068 seconds
[2026-05-24T16:03:56.643+0000] {processor.py:161} INFO - Started process (PID=14010) to work on /home/varn1t/ml-pipeline/venv/lib/python3.11/site-packages/airflow/example_dags/example_params_trigger_ui.py
[2026-05-24T16:03:56.645+0000] {processor.py:830} INFO - Processing file /home/varn1t/ml-pipeline/venv/lib/python3.11/site-packages/airflow/example_dags/example_params_trigger_ui.py for tasks to queue
[2026-05-24T16:03:56.646+0000] {logging_mixin.py:188} INFO - [2026-05-24T16:03:56.646+0000] {dagbag.py:545} INFO - Filling up the DagBag from /home/varn1t/ml-pipeline/venv/lib/python3.11/site-packages/airflow/example_dags/example_params_trigger_ui.py
[2026-05-24T16:03:56.657+0000] {processor.py:840} INFO - DAG(s) 'example_params_trigger_ui' retrieved from /home/varn1t/ml-pipeline/venv/lib/python3.11/site-packages/airflow/example_dags/example_params_trigger_ui.py
[2026-05-24T16:03:56.686+0000] {logging_mixin.py:188} INFO - [2026-05-24T16:03:56.686+0000] {dag.py:3096} INFO - Sync 1 DAGs
[2026-05-24T16:03:56.694+0000] {logging_mixin.py:188} INFO - [2026-05-24T16:03:56.694+0000] {dag.py:3954} INFO - Setting next_dagrun for example_params_trigger_ui to None, run_after=None
[2026-05-24T16:03:56.714+0000] {processor.py:183} INFO - Processing /home/varn1t/ml-pipeline/venv/lib/python3.11/site-packages/airflow/example_dags/example_params_trigger_ui.py took 0.075 seconds
[2026-05-24T16:04:49.075+0000] {processor.py:161} INFO - Started process (PID=14233) to work on /home/varn1t/ml-pipeline/venv/lib/python3.11/site-packages/airflow/example_dags/example_params_trigger_ui.py
[2026-05-24T16:04:49.077+0000] {processor.py:830} INFO - Processing file /home/varn1t/ml-pipeline/venv/lib/python3.11/site-packages/airflow/example_dags/example_params_trigger_ui.py for tasks to queue
[2026-05-24T16:04:49.079+0000] {logging_mixin.py:188} INFO - [2026-05-24T16:04:49.078+0000] {dagbag.py:545} INFO - Filling up the DagBag from /home/varn1t/ml-pipeline/venv/lib/python3.11/site-packages/airflow/example_dags/example_params_trigger_ui.py
[2026-05-24T16:04:49.092+0000] {processor.py:840} INFO - DAG(s) 'example_params_trigger_ui' retrieved from /home/varn1t/ml-pipeline/venv/lib/python3.11/site-packages/airflow/example_dags/example_params_trigger_ui.py
[2026-05-24T16:04:49.116+0000] {logging_mixin.py:188} INFO - [2026-05-24T16:04:49.115+0000] {dag.py:3096} INFO - Sync 1 DAGs
[2026-05-24T16:04:49.125+0000] {logging_mixin.py:188} INFO - [2026-05-24T16:04:49.125+0000] {dag.py:3954} INFO - Setting next_dagrun for example_params_trigger_ui to None, run_after=None
[2026-05-24T16:04:49.144+0000] {processor.py:183} INFO - Processing /home/varn1t/ml-pipeline/venv/lib/python3.11/site-packages/airflow/example_dags/example_params_trigger_ui.py took 0.076 seconds
[2026-05-24T16:05:51.350+0000] {processor.py:161} INFO - Started process (PID=14511) to work on /home/varn1t/ml-pipeline/venv/lib/python3.11/site-packages/airflow/example_dags/example_params_trigger_ui.py
[2026-05-24T16:05:51.351+0000] {processor.py:830} INFO - Processing file /home/varn1t/ml-pipeline/venv/lib/python3.11/site-packages/airflow/example_dags/example_params_trigger_ui.py for tasks to queue
[2026-05-24T16:05:51.352+0000] {logging_mixin.py:188} INFO - [2026-05-24T16:05:51.352+0000] {dagbag.py:545} INFO - Filling up the DagBag from /home/varn1t/ml-pipeline/venv/lib/python3.11/site-packages/airflow/example_dags/example_params_trigger_ui.py
[2026-05-24T16:05:51.361+0000] {processor.py:840} INFO - DAG(s) 'example_params_trigger_ui' retrieved from /home/varn1t/ml-pipeline/venv/lib/python3.11/site-packages/airflow/example_dags/example_params_trigger_ui.py
[2026-05-24T16:05:51.379+0000] {logging_mixin.py:188} INFO - [2026-05-24T16:05:51.379+0000] {dag.py:3096} INFO - Sync 1 DAGs
[2026-05-24T16:05:51.385+0000] {logging_mixin.py:188} INFO - [2026-05-24T16:05:51.385+0000] {dag.py:3954} INFO - Setting next_dagrun for example_params_trigger_ui to None, run_after=None
[2026-05-24T16:05:51.398+0000] {processor.py:183} INFO - Processing /home/varn1t/ml-pipeline/venv/lib/python3.11/site-packages/airflow/example_dags/example_params_trigger_ui.py took 0.052 seconds
[2026-05-24T16:06:52.906+0000] {processor.py:161} INFO - Started process (PID=14800) to work on /home/varn1t/ml-pipeline/venv/lib/python3.11/site-packages/airflow/example_dags/example_params_trigger_ui.py
[2026-05-24T16:06:52.907+0000] {processor.py:830} INFO - Processing file /home/varn1t/ml-pipeline/venv/lib/python3.11/site-packages/airflow/example_dags/example_params_trigger_ui.py for tasks to queue
[2026-05-24T16:06:52.908+0000] {logging_mixin.py:188} INFO - [2026-05-24T16:06:52.908+0000] {dagbag.py:545} INFO - Filling up the DagBag from /home/varn1t/ml-pipeline/venv/lib/python3.11/site-packages/airflow/example_dags/example_params_trigger_ui.py
[2026-05-24T16:06:52.919+0000] {processor.py:840} INFO - DAG(s) 'example_params_trigger_ui' retrieved from /home/varn1t/ml-pipeline/venv/lib/python3.11/site-packages/airflow/example_dags/example_params_trigger_ui.py
[2026-05-24T16:06:52.939+0000] {logging_mixin.py:188} INFO - [2026-05-24T16:06:52.939+0000] {dag.py:3096} INFO - Sync 1 DAGs
[2026-05-24T16:06:52.946+0000] {logging_mixin.py:188} INFO - [2026-05-24T16:06:52.946+0000] {dag.py:3954} INFO - Setting next_dagrun for example_params_trigger_ui to None, run_after=None
[2026-05-24T16:06:52.966+0000] {processor.py:183} INFO - Processing /home/varn1t/ml-pipeline/venv/lib/python3.11/site-packages/airflow/example_dags/example_params_trigger_ui.py took 0.065 seconds
[2026-05-24T16:07:53.251+0000] {processor.py:161} INFO - Started process (PID=15099) to work on /home/varn1t/ml-pipeline/venv/lib/python3.11/site-packages/airflow/example_dags/example_params_trigger_ui.py
[2026-05-24T16:07:53.252+0000] {processor.py:830} INFO - Processing file /home/varn1t/ml-pipeline/venv/lib/python3.11/site-packages/airflow/example_dags/example_params_trigger_ui.py for tasks to queue
[2026-05-24T16:07:53.253+0000] {logging_mixin.py:188} INFO - [2026-05-24T16:07:53.253+0000] {dagbag.py:545} INFO - Filling up the DagBag from /home/varn1t/ml-pipeline/venv/lib/python3.11/site-packages/airflow/example_dags/example_params_trigger_ui.py
[2026-05-24T16:07:53.265+0000] {processor.py:840} INFO - DAG(s) 'example_params_trigger_ui' retrieved from /home/varn1t/ml-pipeline/venv/lib/python3.11/site-packages/airflow/example_dags/example_params_trigger_ui.py
[2026-05-24T16:07:53.286+0000] {logging_mixin.py:188} INFO - [2026-05-24T16:07:53.286+0000] {dag.py:3096} INFO - Sync 1 DAGs
[2026-05-24T16:07:53.292+0000] {logging_mixin.py:188} INFO - [2026-05-24T16:07:53.292+0000] {dag.py:3954} INFO - Setting next_dagrun for example_params_trigger_ui to None, run_after=None
[2026-05-24T16:07:53.306+0000] {processor.py:183} INFO - Processing /home/varn1t/ml-pipeline/venv/lib/python3.11/site-packages/airflow/example_dags/example_params_trigger_ui.py took 0.059 seconds
[2026-05-24T16:08:59.298+0000] {processor.py:161} INFO - Started process (PID=15425) to work on /home/varn1t/ml-pipeline/venv/lib/python3.11/site-packages/airflow/example_dags/example_params_trigger_ui.py
[2026-05-24T16:08:59.299+0000] {processor.py:830} INFO - Processing file /home/varn1t/ml-pipeline/venv/lib/python3.11/site-packages/airflow/example_dags/example_params_trigger_ui.py for tasks to queue
[2026-05-24T16:08:59.300+0000] {logging_mixin.py:188} INFO - [2026-05-24T16:08:59.300+0000] {dagbag.py:545} INFO - Filling up the DagBag from /home/varn1t/ml-pipeline/venv/lib/python3.11/site-packages/airflow/example_dags/example_params_trigger_ui.py
[2026-05-24T16:08:59.311+0000] {processor.py:840} INFO - DAG(s) 'example_params_trigger_ui' retrieved from /home/varn1t/ml-pipeline/venv/lib/python3.11/site-packages/airflow/example_dags/example_params_trigger_ui.py
[2026-05-24T16:08:59.330+0000] {logging_mixin.py:188} INFO - [2026-05-24T16:08:59.330+0000] {dag.py:3096} INFO - Sync 1 DAGs
[2026-05-24T16:08:59.336+0000] {logging_mixin.py:188} INFO - [2026-05-24T16:08:59.336+0000] {dag.py:3954} INFO - Setting next_dagrun for example_params_trigger_ui to None, run_after=None
[2026-05-24T16:08:59.349+0000] {processor.py:183} INFO - Processing /home/varn1t/ml-pipeline/venv/lib/python3.11/site-packages/airflow/example_dags/example_params_trigger_ui.py took 0.056 seconds
[2026-05-24T16:10:02.891+0000] {processor.py:161} INFO - Started process (PID=15713) to work on /home/varn1t/ml-pipeline/venv/lib/python3.11/site-packages/airflow/example_dags/example_params_trigger_ui.py
[2026-05-24T16:10:02.892+0000] {processor.py:830} INFO - Processing file /home/varn1t/ml-pipeline/venv/lib/python3.11/site-packages/airflow/example_dags/example_params_trigger_ui.py for tasks to queue
[2026-05-24T16:10:02.893+0000] {logging_mixin.py:188} INFO - [2026-05-24T16:10:02.893+0000] {dagbag.py:545} INFO - Filling up the DagBag from /home/varn1t/ml-pipeline/venv/lib/python3.11/site-packages/airflow/example_dags/example_params_trigger_ui.py
[2026-05-24T16:10:02.903+0000] {processor.py:840} INFO - DAG(s) 'example_params_trigger_ui' retrieved from /home/varn1t/ml-pipeline/venv/lib/python3.11/site-packages/airflow/example_dags/example_params_trigger_ui.py
[2026-05-24T16:10:02.924+0000] {logging_mixin.py:188} INFO - [2026-05-24T16:10:02.924+0000] {dag.py:3096} INFO - Sync 1 DAGs
[2026-05-24T16:10:02.930+0000] {logging_mixin.py:188} INFO - [2026-05-24T16:10:02.930+0000] {dag.py:3954} INFO - Setting next_dagrun for example_params_trigger_ui to None, run_after=None
[2026-05-24T16:10:02.949+0000] {processor.py:183} INFO - Processing /home/varn1t/ml-pipeline/venv/lib/python3.11/site-packages/airflow/example_dags/example_params_trigger_ui.py took 0.063 seconds
[2026-05-24T16:11:06.206+0000] {processor.py:161} INFO - Started process (PID=15975) to work on /home/varn1t/ml-pipeline/venv/lib/python3.11/site-packages/airflow/example_dags/example_params_trigger_ui.py
[2026-05-24T16:11:06.207+0000] {processor.py:830} INFO - Processing file /home/varn1t/ml-pipeline/venv/lib/python3.11/site-packages/airflow/example_dags/example_params_trigger_ui.py for tasks to queue
[2026-05-24T16:11:06.208+0000] {logging_mixin.py:188} INFO - [2026-05-24T16:11:06.208+0000] {dagbag.py:545} INFO - Filling up the DagBag from /home/varn1t/ml-pipeline/venv/lib/python3.11/site-packages/airflow/example_dags/example_params_trigger_ui.py
[2026-05-24T16:11:06.217+0000] {processor.py:840} INFO - DAG(s) 'example_params_trigger_ui' retrieved from /home/varn1t/ml-pipeline/venv/lib/python3.11/site-packages/airflow/example_dags/example_params_trigger_ui.py
[2026-05-24T16:11:06.234+0000] {logging_mixin.py:188} INFO - [2026-05-24T16:11:06.234+0000] {dag.py:3096} INFO - Sync 1 DAGs
[2026-05-24T16:11:06.240+0000] {logging_mixin.py:188} INFO - [2026-05-24T16:11:06.240+0000] {dag.py:3954} INFO - Setting next_dagrun for example_params_trigger_ui to None, run_after=None
[2026-05-24T16:11:06.253+0000] {processor.py:183} INFO - Processing /home/varn1t/ml-pipeline/venv/lib/python3.11/site-packages/airflow/example_dags/example_params_trigger_ui.py took 0.051 seconds
[2026-05-24T16:11:52.088+0000] {processor.py:161} INFO - Started process (PID=16198) to work on /home/varn1t/ml-pipeline/venv/lib/python3.11/site-packages/airflow/example_dags/example_params_trigger_ui.py
[2026-05-24T16:11:52.089+0000] {processor.py:830} INFO - Processing file /home/varn1t/ml-pipeline/venv/lib/python3.11/site-packages/airflow/example_dags/example_params_trigger_ui.py for tasks to queue
[2026-05-24T16:11:52.090+0000] {logging_mixin.py:188} INFO - [2026-05-24T16:11:52.090+0000] {dagbag.py:545} INFO - Filling up the DagBag from /home/varn1t/ml-pipeline/venv/lib/python3.11/site-packages/airflow/example_dags/example_params_trigger_ui.py
[2026-05-24T16:11:52.103+0000] {processor.py:840} INFO - DAG(s) 'example_params_trigger_ui' retrieved from /home/varn1t/ml-pipeline/venv/lib/python3.11/site-packages/airflow/example_dags/example_params_trigger_ui.py
[2026-05-24T16:11:52.128+0000] {logging_mixin.py:188} INFO - [2026-05-24T16:11:52.128+0000] {dag.py:3096} INFO - Sync 1 DAGs
[2026-05-24T16:11:52.137+0000] {logging_mixin.py:188} INFO - [2026-05-24T16:11:52.137+0000] {dag.py:3954} INFO - Setting next_dagrun for example_params_trigger_ui to None, run_after=None
[2026-05-24T16:11:52.155+0000] {processor.py:183} INFO - Processing /home/varn1t/ml-pipeline/venv/lib/python3.11/site-packages/airflow/example_dags/example_params_trigger_ui.py took 0.072 seconds
[2026-05-24T16:12:56.822+0000] {processor.py:161} INFO - Started process (PID=16490) to work on /home/varn1t/ml-pipeline/venv/lib/python3.11/site-packages/airflow/example_dags/example_params_trigger_ui.py
[2026-05-24T16:12:56.823+0000] {processor.py:830} INFO - Processing file /home/varn1t/ml-pipeline/venv/lib/python3.11/site-packages/airflow/example_dags/example_params_trigger_ui.py for tasks to queue
[2026-05-24T16:12:56.824+0000] {logging_mixin.py:188} INFO - [2026-05-24T16:12:56.824+0000] {dagbag.py:545} INFO - Filling up the DagBag from /home/varn1t/ml-pipeline/venv/lib/python3.11/site-packages/airflow/example_dags/example_params_trigger_ui.py
[2026-05-24T16:12:56.835+0000] {processor.py:840} INFO - DAG(s) 'example_params_trigger_ui' retrieved from /home/varn1t/ml-pipeline/venv/lib/python3.11/site-packages/airflow/example_dags/example_params_trigger_ui.py
[2026-05-24T16:12:56.858+0000] {logging_mixin.py:188} INFO - [2026-05-24T16:12:56.858+0000] {dag.py:3096} INFO - Sync 1 DAGs
[2026-05-24T16:12:56.865+0000] {logging_mixin.py:188} INFO - [2026-05-24T16:12:56.865+0000] {dag.py:3954} INFO - Setting next_dagrun for example_params_trigger_ui to None, run_after=None
[2026-05-24T16:12:56.882+0000] {processor.py:183} INFO - Processing /home/varn1t/ml-pipeline/venv/lib/python3.11/site-packages/airflow/example_dags/example_params_trigger_ui.py took 0.067 seconds
[2026-05-24T16:14:01.876+0000] {processor.py:161} INFO - Started process (PID=16761) to work on /home/varn1t/ml-pipeline/venv/lib/python3.11/site-packages/airflow/example_dags/example_params_trigger_ui.py
[2026-05-24T16:14:01.877+0000] {processor.py:830} INFO - Processing file /home/varn1t/ml-pipeline/venv/lib/python3.11/site-packages/airflow/example_dags/example_params_trigger_ui.py for tasks to queue
[2026-05-24T16:14:01.878+0000] {logging_mixin.py:188} INFO - [2026-05-24T16:14:01.878+0000] {dagbag.py:545} INFO - Filling up the DagBag from /home/varn1t/ml-pipeline/venv/lib/python3.11/site-packages/airflow/example_dags/example_params_trigger_ui.py
[2026-05-24T16:14:01.890+0000] {processor.py:840} INFO - DAG(s) 'example_params_trigger_ui' retrieved from /home/varn1t/ml-pipeline/venv/lib/python3.11/site-packages/airflow/example_dags/example_params_trigger_ui.py
[2026-05-24T16:14:01.910+0000] {logging_mixin.py:188} INFO - [2026-05-24T16:14:01.910+0000] {dag.py:3096} INFO - Sync 1 DAGs
[2026-05-24T16:14:01.919+0000] {logging_mixin.py:188} INFO - [2026-05-24T16:14:01.919+0000] {dag.py:3954} INFO - Setting next_dagrun for example_params_trigger_ui to None, run_after=None
[2026-05-24T16:14:01.935+0000] {processor.py:183} INFO - Processing /home/varn1t/ml-pipeline/venv/lib/python3.11/site-packages/airflow/example_dags/example_params_trigger_ui.py took 0.065 seconds
[2026-05-24T16:15:06.207+0000] {processor.py:161} INFO - Started process (PID=17054) to work on /home/varn1t/ml-pipeline/venv/lib/python3.11/site-packages/airflow/example_dags/example_params_trigger_ui.py
[2026-05-24T16:15:06.208+0000] {processor.py:830} INFO - Processing file /home/varn1t/ml-pipeline/venv/lib/python3.11/site-packages/airflow/example_dags/example_params_trigger_ui.py for tasks to queue
[2026-05-24T16:15:06.209+0000] {logging_mixin.py:188} INFO - [2026-05-24T16:15:06.209+0000] {dagbag.py:545} INFO - Filling up the DagBag from /home/varn1t/ml-pipeline/venv/lib/python3.11/site-packages/airflow/example_dags/example_params_trigger_ui.py
[2026-05-24T16:15:06.219+0000] {processor.py:840} INFO - DAG(s) 'example_params_trigger_ui' retrieved from /home/varn1t/ml-pipeline/venv/lib/python3.11/site-packages/airflow/example_dags/example_params_trigger_ui.py
[2026-05-24T16:15:06.241+0000] {logging_mixin.py:188} INFO - [2026-05-24T16:15:06.241+0000] {dag.py:3096} INFO - Sync 1 DAGs
[2026-05-24T16:15:06.249+0000] {logging_mixin.py:188} INFO - [2026-05-24T16:15:06.249+0000] {dag.py:3954} INFO - Setting next_dagrun for example_params_trigger_ui to None, run_after=None
[2026-05-24T16:15:06.265+0000] {processor.py:183} INFO - Processing /home/varn1t/ml-pipeline/venv/lib/python3.11/site-packages/airflow/example_dags/example_params_trigger_ui.py took 0.062 seconds
[2026-05-24T16:16:08.184+0000] {processor.py:161} INFO - Started process (PID=17316) to work on /home/varn1t/ml-pipeline/venv/lib/python3.11/site-packages/airflow/example_dags/example_params_trigger_ui.py
[2026-05-24T16:16:08.185+0000] {processor.py:830} INFO - Processing file /home/varn1t/ml-pipeline/venv/lib/python3.11/site-packages/airflow/example_dags/example_params_trigger_ui.py for tasks to queue
[2026-05-24T16:16:08.187+0000] {logging_mixin.py:188} INFO - [2026-05-24T16:16:08.187+0000] {dagbag.py:545} INFO - Filling up the DagBag from /home/varn1t/ml-pipeline/venv/lib/python3.11/site-packages/airflow/example_dags/example_params_trigger_ui.py
[2026-05-24T16:16:08.196+0000] {processor.py:840} INFO - DAG(s) 'example_params_trigger_ui' retrieved from /home/varn1t/ml-pipeline/venv/lib/python3.11/site-packages/airflow/example_dags/example_params_trigger_ui.py
[2026-05-24T16:16:08.214+0000] {logging_mixin.py:188} INFO - [2026-05-24T16:16:08.214+0000] {dag.py:3096} INFO - Sync 1 DAGs
[2026-05-24T16:16:08.221+0000] {logging_mixin.py:188} INFO - [2026-05-24T16:16:08.221+0000] {dag.py:3954} INFO - Setting next_dagrun for example_params_trigger_ui to None, run_after=None
[2026-05-24T16:16:08.237+0000] {processor.py:183} INFO - Processing /home/varn1t/ml-pipeline/venv/lib/python3.11/site-packages/airflow/example_dags/example_params_trigger_ui.py took 0.057 seconds
[2026-05-24T16:17:10.841+0000] {processor.py:161} INFO - Started process (PID=17624) to work on /home/varn1t/ml-pipeline/venv/lib/python3.11/site-packages/airflow/example_dags/example_params_trigger_ui.py
[2026-05-24T16:17:10.842+0000] {processor.py:830} INFO - Processing file /home/varn1t/ml-pipeline/venv/lib/python3.11/site-packages/airflow/example_dags/example_params_trigger_ui.py for tasks to queue
[2026-05-24T16:17:10.844+0000] {logging_mixin.py:188} INFO - [2026-05-24T16:17:10.843+0000] {dagbag.py:545} INFO - Filling up the DagBag from /home/varn1t/ml-pipeline/venv/lib/python3.11/site-packages/airflow/example_dags/example_params_trigger_ui.py
[2026-05-24T16:17:10.854+0000] {processor.py:840} INFO - DAG(s) 'example_params_trigger_ui' retrieved from /home/varn1t/ml-pipeline/venv/lib/python3.11/site-packages/airflow/example_dags/example_params_trigger_ui.py
[2026-05-24T16:17:10.874+0000] {logging_mixin.py:188} INFO - [2026-05-24T16:17:10.873+0000] {dag.py:3096} INFO - Sync 1 DAGs
[2026-05-24T16:17:10.881+0000] {logging_mixin.py:188} INFO - [2026-05-24T16:17:10.880+0000] {dag.py:3954} INFO - Setting next_dagrun for example_params_trigger_ui to None, run_after=None
[2026-05-24T16:17:10.898+0000] {processor.py:183} INFO - Processing /home/varn1t/ml-pipeline/venv/lib/python3.11/site-packages/airflow/example_dags/example_params_trigger_ui.py took 0.061 seconds
[2026-05-24T16:18:07.849+0000] {processor.py:161} INFO - Started process (PID=18029) to work on /home/varn1t/ml-pipeline/venv/lib/python3.11/site-packages/airflow/example_dags/example_params_trigger_ui.py
[2026-05-24T16:18:07.850+0000] {processor.py:830} INFO - Processing file /home/varn1t/ml-pipeline/venv/lib/python3.11/site-packages/airflow/example_dags/example_params_trigger_ui.py for tasks to queue
[2026-05-24T16:18:07.851+0000] {logging_mixin.py:188} INFO - [2026-05-24T16:18:07.851+0000] {dagbag.py:545} INFO - Filling up the DagBag from /home/varn1t/ml-pipeline/venv/lib/python3.11/site-packages/airflow/example_dags/example_params_trigger_ui.py
[2026-05-24T16:18:07.861+0000] {processor.py:840} INFO - DAG(s) 'example_params_trigger_ui' retrieved from /home/varn1t/ml-pipeline/venv/lib/python3.11/site-packages/airflow/example_dags/example_params_trigger_ui.py
[2026-05-24T16:18:07.881+0000] {logging_mixin.py:188} INFO - [2026-05-24T16:18:07.881+0000] {dag.py:3096} INFO - Sync 1 DAGs
[2026-05-24T16:18:07.890+0000] {logging_mixin.py:188} INFO - [2026-05-24T16:18:07.890+0000] {dag.py:3954} INFO - Setting next_dagrun for example_params_trigger_ui to None, run_after=None
[2026-05-24T16:18:07.908+0000] {processor.py:183} INFO - Processing /home/varn1t/ml-pipeline/venv/lib/python3.11/site-packages/airflow/example_dags/example_params_trigger_ui.py took 0.063 seconds
[2026-05-24T16:19:14.178+0000] {processor.py:161} INFO - Started process (PID=18655) to work on /home/varn1t/ml-pipeline/venv/lib/python3.11/site-packages/airflow/example_dags/example_params_trigger_ui.py
[2026-05-24T16:19:14.179+0000] {processor.py:830} INFO - Processing file /home/varn1t/ml-pipeline/venv/lib/python3.11/site-packages/airflow/example_dags/example_params_trigger_ui.py for tasks to queue
[2026-05-24T16:19:14.180+0000] {logging_mixin.py:188} INFO - [2026-05-24T16:19:14.180+0000] {dagbag.py:545} INFO - Filling up the DagBag from /home/varn1t/ml-pipeline/venv/lib/python3.11/site-packages/airflow/example_dags/example_params_trigger_ui.py
[2026-05-24T16:19:14.191+0000] {processor.py:840} INFO - DAG(s) 'example_params_trigger_ui' retrieved from /home/varn1t/ml-pipeline/venv/lib/python3.11/site-packages/airflow/example_dags/example_params_trigger_ui.py
[2026-05-24T16:19:14.211+0000] {logging_mixin.py:188} INFO - [2026-05-24T16:19:14.211+0000] {dag.py:3096} INFO - Sync 1 DAGs
[2026-05-24T16:19:14.222+0000] {logging_mixin.py:188} INFO - [2026-05-24T16:19:14.221+0000] {dag.py:3954} INFO - Setting next_dagrun for example_params_trigger_ui to None, run_after=None
[2026-05-24T16:19:14.239+0000] {processor.py:183} INFO - Processing /home/varn1t/ml-pipeline/venv/lib/python3.11/site-packages/airflow/example_dags/example_params_trigger_ui.py took 0.067 seconds
[2026-05-24T16:20:18.943+0000] {processor.py:161} INFO - Started process (PID=19268) to work on /home/varn1t/ml-pipeline/venv/lib/python3.11/site-packages/airflow/example_dags/example_params_trigger_ui.py
[2026-05-24T16:20:18.945+0000] {processor.py:830} INFO - Processing file /home/varn1t/ml-pipeline/venv/lib/python3.11/site-packages/airflow/example_dags/example_params_trigger_ui.py for tasks to queue
[2026-05-24T16:20:18.947+0000] {logging_mixin.py:188} INFO - [2026-05-24T16:20:18.946+0000] {dagbag.py:545} INFO - Filling up the DagBag from /home/varn1t/ml-pipeline/venv/lib/python3.11/site-packages/airflow/example_dags/example_params_trigger_ui.py
[2026-05-24T16:20:18.956+0000] {processor.py:840} INFO - DAG(s) 'example_params_trigger_ui' retrieved from /home/varn1t/ml-pipeline/venv/lib/python3.11/site-packages/airflow/example_dags/example_params_trigger_ui.py
[2026-05-24T16:20:18.978+0000] {logging_mixin.py:188} INFO - [2026-05-24T16:20:18.977+0000] {dag.py:3096} INFO - Sync 1 DAGs
[2026-05-24T16:20:18.984+0000] {logging_mixin.py:188} INFO - [2026-05-24T16:20:18.984+0000] {dag.py:3954} INFO - Setting next_dagrun for example_params_trigger_ui to None, run_after=None
[2026-05-24T16:20:18.998+0000] {processor.py:183} INFO - Processing /home/varn1t/ml-pipeline/venv/lib/python3.11/site-packages/airflow/example_dags/example_params_trigger_ui.py took 0.060 seconds
[2026-05-24T16:21:25.029+0000] {processor.py:161} INFO - Started process (PID=19694) to work on /home/varn1t/ml-pipeline/venv/lib/python3.11/site-packages/airflow/example_dags/example_params_trigger_ui.py
[2026-05-24T16:21:25.030+0000] {processor.py:830} INFO - Processing file /home/varn1t/ml-pipeline/venv/lib/python3.11/site-packages/airflow/example_dags/example_params_trigger_ui.py for tasks to queue
[2026-05-24T16:21:25.031+0000] {logging_mixin.py:188} INFO - [2026-05-24T16:21:25.031+0000] {dagbag.py:545} INFO - Filling up the DagBag from /home/varn1t/ml-pipeline/venv/lib/python3.11/site-packages/airflow/example_dags/example_params_trigger_ui.py
[2026-05-24T16:21:25.041+0000] {processor.py:840} INFO - DAG(s) 'example_params_trigger_ui' retrieved from /home/varn1t/ml-pipeline/venv/lib/python3.11/site-packages/airflow/example_dags/example_params_trigger_ui.py
[2026-05-24T16:21:25.065+0000] {logging_mixin.py:188} INFO - [2026-05-24T16:21:25.065+0000] {dag.py:3096} INFO - Sync 1 DAGs
[2026-05-24T16:21:25.074+0000] {logging_mixin.py:188} INFO - [2026-05-24T16:21:25.073+0000] {dag.py:3954} INFO - Setting next_dagrun for example_params_trigger_ui to None, run_after=None
[2026-05-24T16:21:25.090+0000] {processor.py:183} INFO - Processing /home/varn1t/ml-pipeline/venv/lib/python3.11/site-packages/airflow/example_dags/example_params_trigger_ui.py took 0.065 seconds
[2026-05-24T16:22:25.681+0000] {processor.py:161} INFO - Started process (PID=20057) to work on /home/varn1t/ml-pipeline/venv/lib/python3.11/site-packages/airflow/example_dags/example_params_trigger_ui.py
[2026-05-24T16:22:25.683+0000] {processor.py:830} INFO - Processing file /home/varn1t/ml-pipeline/venv/lib/python3.11/site-packages/airflow/example_dags/example_params_trigger_ui.py for tasks to queue
[2026-05-24T16:22:25.684+0000] {logging_mixin.py:188} INFO - [2026-05-24T16:22:25.684+0000] {dagbag.py:545} INFO - Filling up the DagBag from /home/varn1t/ml-pipeline/venv/lib/python3.11/site-packages/airflow/example_dags/example_params_trigger_ui.py
[2026-05-24T16:22:25.693+0000] {processor.py:840} INFO - DAG(s) 'example_params_trigger_ui' retrieved from /home/varn1t/ml-pipeline/venv/lib/python3.11/site-packages/airflow/example_dags/example_params_trigger_ui.py
[2026-05-24T16:22:25.712+0000] {logging_mixin.py:188} INFO - [2026-05-24T16:22:25.711+0000] {dag.py:3096} INFO - Sync 1 DAGs
[2026-05-24T16:22:25.717+0000] {logging_mixin.py:188} INFO - [2026-05-24T16:22:25.717+0000] {dag.py:3954} INFO - Setting next_dagrun for example_params_trigger_ui to None, run_after=None
[2026-05-24T16:22:25.730+0000] {processor.py:183} INFO - Processing /home/varn1t/ml-pipeline/venv/lib/python3.11/site-packages/airflow/example_dags/example_params_trigger_ui.py took 0.055 seconds
[2026-05-24T16:23:26.231+0000] {processor.py:161} INFO - Started process (PID=20340) to work on /home/varn1t/ml-pipeline/venv/lib/python3.11/site-packages/airflow/example_dags/example_params_trigger_ui.py
[2026-05-24T16:23:26.232+0000] {processor.py:830} INFO - Processing file /home/varn1t/ml-pipeline/venv/lib/python3.11/site-packages/airflow/example_dags/example_params_trigger_ui.py for tasks to queue
[2026-05-24T16:23:26.233+0000] {logging_mixin.py:188} INFO - [2026-05-24T16:23:26.233+0000] {dagbag.py:545} INFO - Filling up the DagBag from /home/varn1t/ml-pipeline/venv/lib/python3.11/site-packages/airflow/example_dags/example_params_trigger_ui.py
[2026-05-24T16:23:26.242+0000] {processor.py:840} INFO - DAG(s) 'example_params_trigger_ui' retrieved from /home/varn1t/ml-pipeline/venv/lib/python3.11/site-packages/airflow/example_dags/example_params_trigger_ui.py
[2026-05-24T16:23:26.261+0000] {logging_mixin.py:188} INFO - [2026-05-24T16:23:26.260+0000] {dag.py:3096} INFO - Sync 1 DAGs
[2026-05-24T16:23:26.268+0000] {logging_mixin.py:188} INFO - [2026-05-24T16:23:26.267+0000] {dag.py:3954} INFO - Setting next_dagrun for example_params_trigger_ui to None, run_after=None
[2026-05-24T16:23:26.283+0000] {processor.py:183} INFO - Processing /home/varn1t/ml-pipeline/venv/lib/python3.11/site-packages/airflow/example_dags/example_params_trigger_ui.py took 0.056 seconds
[2026-05-24T16:24:30.404+0000] {processor.py:161} INFO - Started process (PID=20609) to work on /home/varn1t/ml-pipeline/venv/lib/python3.11/site-packages/airflow/example_dags/example_params_trigger_ui.py
[2026-05-24T16:24:30.405+0000] {processor.py:830} INFO - Processing file /home/varn1t/ml-pipeline/venv/lib/python3.11/site-packages/airflow/example_dags/example_params_trigger_ui.py for tasks to queue
[2026-05-24T16:24:30.406+0000] {logging_mixin.py:188} INFO - [2026-05-24T16:24:30.406+0000] {dagbag.py:545} INFO - Filling up the DagBag from /home/varn1t/ml-pipeline/venv/lib/python3.11/site-packages/airflow/example_dags/example_params_trigger_ui.py
[2026-05-24T16:24:30.416+0000] {processor.py:840} INFO - DAG(s) 'example_params_trigger_ui' retrieved from /home/varn1t/ml-pipeline/venv/lib/python3.11/site-packages/airflow/example_dags/example_params_trigger_ui.py
[2026-05-24T16:24:30.436+0000] {logging_mixin.py:188} INFO - [2026-05-24T16:24:30.436+0000] {dag.py:3096} INFO - Sync 1 DAGs
[2026-05-24T16:24:30.444+0000] {logging_mixin.py:188} INFO - [2026-05-24T16:24:30.443+0000] {dag.py:3954} INFO - Setting next_dagrun for example_params_trigger_ui to None, run_after=None
[2026-05-24T16:24:30.462+0000] {processor.py:183} INFO - Processing /home/varn1t/ml-pipeline/venv/lib/python3.11/site-packages/airflow/example_dags/example_params_trigger_ui.py took 0.063 seconds
[2026-05-24T16:25:37.883+0000] {processor.py:161} INFO - Started process (PID=20961) to work on /home/varn1t/ml-pipeline/venv/lib/python3.11/site-packages/airflow/example_dags/example_params_trigger_ui.py
[2026-05-24T16:25:37.884+0000] {processor.py:830} INFO - Processing file /home/varn1t/ml-pipeline/venv/lib/python3.11/site-packages/airflow/example_dags/example_params_trigger_ui.py for tasks to queue
[2026-05-24T16:25:37.886+0000] {logging_mixin.py:188} INFO - [2026-05-24T16:25:37.885+0000] {dagbag.py:545} INFO - Filling up the DagBag from /home/varn1t/ml-pipeline/venv/lib/python3.11/site-packages/airflow/example_dags/example_params_trigger_ui.py
[2026-05-24T16:25:37.894+0000] {processor.py:840} INFO - DAG(s) 'example_params_trigger_ui' retrieved from /home/varn1t/ml-pipeline/venv/lib/python3.11/site-packages/airflow/example_dags/example_params_trigger_ui.py
[2026-05-24T16:25:37.911+0000] {logging_mixin.py:188} INFO - [2026-05-24T16:25:37.911+0000] {dag.py:3096} INFO - Sync 1 DAGs
[2026-05-24T16:25:37.918+0000] {logging_mixin.py:188} INFO - [2026-05-24T16:25:37.918+0000] {dag.py:3954} INFO - Setting next_dagrun for example_params_trigger_ui to None, run_after=None
[2026-05-24T16:25:37.933+0000] {processor.py:183} INFO - Processing /home/varn1t/ml-pipeline/venv/lib/python3.11/site-packages/airflow/example_dags/example_params_trigger_ui.py took 0.054 seconds
[2026-05-24T16:26:43.085+0000] {processor.py:161} INFO - Started process (PID=21361) to work on /home/varn1t/ml-pipeline/venv/lib/python3.11/site-packages/airflow/example_dags/example_params_trigger_ui.py
[2026-05-24T16:26:43.087+0000] {processor.py:830} INFO - Processing file /home/varn1t/ml-pipeline/venv/lib/python3.11/site-packages/airflow/example_dags/example_params_trigger_ui.py for tasks to queue
[2026-05-24T16:26:43.088+0000] {logging_mixin.py:188} INFO - [2026-05-24T16:26:43.088+0000] {dagbag.py:545} INFO - Filling up the DagBag from /home/varn1t/ml-pipeline/venv/lib/python3.11/site-packages/airflow/example_dags/example_params_trigger_ui.py
[2026-05-24T16:26:43.099+0000] {processor.py:840} INFO - DAG(s) 'example_params_trigger_ui' retrieved from /home/varn1t/ml-pipeline/venv/lib/python3.11/site-packages/airflow/example_dags/example_params_trigger_ui.py
[2026-05-24T16:26:43.118+0000] {logging_mixin.py:188} INFO - [2026-05-24T16:26:43.118+0000] {dag.py:3096} INFO - Sync 1 DAGs
[2026-05-24T16:26:43.126+0000] {logging_mixin.py:188} INFO - [2026-05-24T16:26:43.126+0000] {dag.py:3954} INFO - Setting next_dagrun for example_params_trigger_ui to None, run_after=None
[2026-05-24T16:26:43.143+0000] {processor.py:183} INFO - Processing /home/varn1t/ml-pipeline/venv/lib/python3.11/site-packages/airflow/example_dags/example_params_trigger_ui.py took 0.063 seconds
[2026-05-24T16:27:48.254+0000] {processor.py:161} INFO - Started process (PID=21873) to work on /home/varn1t/ml-pipeline/venv/lib/python3.11/site-packages/airflow/example_dags/example_params_trigger_ui.py
[2026-05-24T16:27:48.255+0000] {processor.py:830} INFO - Processing file /home/varn1t/ml-pipeline/venv/lib/python3.11/site-packages/airflow/example_dags/example_params_trigger_ui.py for tasks to queue
[2026-05-24T16:27:48.256+0000] {logging_mixin.py:188} INFO - [2026-05-24T16:27:48.256+0000] {dagbag.py:545} INFO - Filling up the DagBag from /home/varn1t/ml-pipeline/venv/lib/python3.11/site-packages/airflow/example_dags/example_params_trigger_ui.py
[2026-05-24T16:27:48.264+0000] {processor.py:840} INFO - DAG(s) 'example_params_trigger_ui' retrieved from /home/varn1t/ml-pipeline/venv/lib/python3.11/site-packages/airflow/example_dags/example_params_trigger_ui.py
[2026-05-24T16:27:48.281+0000] {logging_mixin.py:188} INFO - [2026-05-24T16:27:48.281+0000] {dag.py:3096} INFO - Sync 1 DAGs
[2026-05-24T16:27:48.287+0000] {logging_mixin.py:188} INFO - [2026-05-24T16:27:48.287+0000] {dag.py:3954} INFO - Setting next_dagrun for example_params_trigger_ui to None, run_after=None
[2026-05-24T16:27:48.301+0000] {processor.py:183} INFO - Processing /home/varn1t/ml-pipeline/venv/lib/python3.11/site-packages/airflow/example_dags/example_params_trigger_ui.py took 0.051 seconds
[2026-05-24T16:28:50.309+0000] {processor.py:161} INFO - Started process (PID=22454) to work on /home/varn1t/ml-pipeline/venv/lib/python3.11/site-packages/airflow/example_dags/example_params_trigger_ui.py
[2026-05-24T16:28:50.310+0000] {processor.py:830} INFO - Processing file /home/varn1t/ml-pipeline/venv/lib/python3.11/site-packages/airflow/example_dags/example_params_trigger_ui.py for tasks to queue
[2026-05-24T16:28:50.312+0000] {logging_mixin.py:188} INFO - [2026-05-24T16:28:50.311+0000] {dagbag.py:545} INFO - Filling up the DagBag from /home/varn1t/ml-pipeline/venv/lib/python3.11/site-packages/airflow/example_dags/example_params_trigger_ui.py
[2026-05-24T16:28:50.327+0000] {processor.py:840} INFO - DAG(s) 'example_params_trigger_ui' retrieved from /home/varn1t/ml-pipeline/venv/lib/python3.11/site-packages/airflow/example_dags/example_params_trigger_ui.py
[2026-05-24T16:28:50.357+0000] {logging_mixin.py:188} INFO - [2026-05-24T16:28:50.357+0000] {dag.py:3096} INFO - Sync 1 DAGs
[2026-05-24T16:28:50.365+0000] {logging_mixin.py:188} INFO - [2026-05-24T16:28:50.365+0000] {dag.py:3954} INFO - Setting next_dagrun for example_params_trigger_ui to None, run_after=None
[2026-05-24T16:28:50.385+0000] {processor.py:183} INFO - Processing /home/varn1t/ml-pipeline/venv/lib/python3.11/site-packages/airflow/example_dags/example_params_trigger_ui.py took 0.082 seconds
[2026-05-24T16:29:53.086+0000] {processor.py:161} INFO - Started process (PID=22736) to work on /home/varn1t/ml-pipeline/venv/lib/python3.11/site-packages/airflow/example_dags/example_params_trigger_ui.py
[2026-05-24T16:29:53.087+0000] {processor.py:830} INFO - Processing file /home/varn1t/ml-pipeline/venv/lib/python3.11/site-packages/airflow/example_dags/example_params_trigger_ui.py for tasks to queue
[2026-05-24T16:29:53.089+0000] {logging_mixin.py:188} INFO - [2026-05-24T16:29:53.089+0000] {dagbag.py:545} INFO - Filling up the DagBag from /home/varn1t/ml-pipeline/venv/lib/python3.11/site-packages/airflow/example_dags/example_params_trigger_ui.py
[2026-05-24T16:29:53.103+0000] {processor.py:840} INFO - DAG(s) 'example_params_trigger_ui' retrieved from /home/varn1t/ml-pipeline/venv/lib/python3.11/site-packages/airflow/example_dags/example_params_trigger_ui.py
[2026-05-24T16:29:53.128+0000] {logging_mixin.py:188} INFO - [2026-05-24T16:29:53.128+0000] {dag.py:3096} INFO - Sync 1 DAGs
[2026-05-24T16:29:53.137+0000] {logging_mixin.py:188} INFO - [2026-05-24T16:29:53.137+0000] {dag.py:3954} INFO - Setting next_dagrun for example_params_trigger_ui to None, run_after=None
[2026-05-24T16:29:53.158+0000] {processor.py:183} INFO - Processing /home/varn1t/ml-pipeline/venv/lib/python3.11/site-packages/airflow/example_dags/example_params_trigger_ui.py took 0.077 seconds
[2026-05-24T16:31:01.364+0000] {processor.py:161} INFO - Started process (PID=23053) to work on /home/varn1t/ml-pipeline/venv/lib/python3.11/site-packages/airflow/example_dags/example_params_trigger_ui.py
[2026-05-24T16:31:01.365+0000] {processor.py:830} INFO - Processing file /home/varn1t/ml-pipeline/venv/lib/python3.11/site-packages/airflow/example_dags/example_params_trigger_ui.py for tasks to queue
[2026-05-24T16:31:01.367+0000] {logging_mixin.py:188} INFO - [2026-05-24T16:31:01.366+0000] {dagbag.py:545} INFO - Filling up the DagBag from /home/varn1t/ml-pipeline/venv/lib/python3.11/site-packages/airflow/example_dags/example_params_trigger_ui.py
[2026-05-24T16:31:01.379+0000] {processor.py:840} INFO - DAG(s) 'example_params_trigger_ui' retrieved from /home/varn1t/ml-pipeline/venv/lib/python3.11/site-packages/airflow/example_dags/example_params_trigger_ui.py
[2026-05-24T16:31:01.404+0000] {logging_mixin.py:188} INFO - [2026-05-24T16:31:01.404+0000] {dag.py:3096} INFO - Sync 1 DAGs
[2026-05-24T16:31:01.412+0000] {logging_mixin.py:188} INFO - [2026-05-24T16:31:01.412+0000] {dag.py:3954} INFO - Setting next_dagrun for example_params_trigger_ui to None, run_after=None
[2026-05-24T16:31:01.429+0000] {processor.py:183} INFO - Processing /home/varn1t/ml-pipeline/venv/lib/python3.11/site-packages/airflow/example_dags/example_params_trigger_ui.py took 0.069 seconds
[2026-05-24T16:32:04.112+0000] {processor.py:161} INFO - Started process (PID=23509) to work on /home/varn1t/ml-pipeline/venv/lib/python3.11/site-packages/airflow/example_dags/example_params_trigger_ui.py
[2026-05-24T16:32:04.113+0000] {processor.py:830} INFO - Processing file /home/varn1t/ml-pipeline/venv/lib/python3.11/site-packages/airflow/example_dags/example_params_trigger_ui.py for tasks to queue
[2026-05-24T16:32:04.115+0000] {logging_mixin.py:188} INFO - [2026-05-24T16:32:04.114+0000] {dagbag.py:545} INFO - Filling up the DagBag from /home/varn1t/ml-pipeline/venv/lib/python3.11/site-packages/airflow/example_dags/example_params_trigger_ui.py
[2026-05-24T16:32:04.126+0000] {processor.py:840} INFO - DAG(s) 'example_params_trigger_ui' retrieved from /home/varn1t/ml-pipeline/venv/lib/python3.11/site-packages/airflow/example_dags/example_params_trigger_ui.py
[2026-05-24T16:32:04.155+0000] {logging_mixin.py:188} INFO - [2026-05-24T16:32:04.154+0000] {dag.py:3096} INFO - Sync 1 DAGs
[2026-05-24T16:32:04.168+0000] {logging_mixin.py:188} INFO - [2026-05-24T16:32:04.167+0000] {dag.py:3954} INFO - Setting next_dagrun for example_params_trigger_ui to None, run_after=None
[2026-05-24T16:32:04.197+0000] {processor.py:183} INFO - Processing /home/varn1t/ml-pipeline/venv/lib/python3.11/site-packages/airflow/example_dags/example_params_trigger_ui.py took 0.092 seconds
[2026-05-24T16:32:51.873+0000] {processor.py:161} INFO - Started process (PID=23887) to work on /home/varn1t/ml-pipeline/venv/lib/python3.11/site-packages/airflow/example_dags/example_params_trigger_ui.py
[2026-05-24T16:32:51.874+0000] {processor.py:830} INFO - Processing file /home/varn1t/ml-pipeline/venv/lib/python3.11/site-packages/airflow/example_dags/example_params_trigger_ui.py for tasks to queue
[2026-05-24T16:32:51.876+0000] {logging_mixin.py:188} INFO - [2026-05-24T16:32:51.875+0000] {dagbag.py:545} INFO - Filling up the DagBag from /home/varn1t/ml-pipeline/venv/lib/python3.11/site-packages/airflow/example_dags/example_params_trigger_ui.py
[2026-05-24T16:32:51.886+0000] {processor.py:840} INFO - DAG(s) 'example_params_trigger_ui' retrieved from /home/varn1t/ml-pipeline/venv/lib/python3.11/site-packages/airflow/example_dags/example_params_trigger_ui.py
[2026-05-24T16:32:51.906+0000] {logging_mixin.py:188} INFO - [2026-05-24T16:32:51.906+0000] {dag.py:3096} INFO - Sync 1 DAGs
[2026-05-24T16:32:51.912+0000] {logging_mixin.py:188} INFO - [2026-05-24T16:32:51.912+0000] {dag.py:3954} INFO - Setting next_dagrun for example_params_trigger_ui to None, run_after=None
[2026-05-24T16:32:51.928+0000] {processor.py:183} INFO - Processing /home/varn1t/ml-pipeline/venv/lib/python3.11/site-packages/airflow/example_dags/example_params_trigger_ui.py took 0.059 seconds
[2026-05-24T16:33:39.529+0000] {processor.py:161} INFO - Started process (PID=24239) to work on /home/varn1t/ml-pipeline/venv/lib/python3.11/site-packages/airflow/example_dags/example_params_trigger_ui.py
[2026-05-24T16:33:39.530+0000] {processor.py:830} INFO - Processing file /home/varn1t/ml-pipeline/venv/lib/python3.11/site-packages/airflow/example_dags/example_params_trigger_ui.py for tasks to queue
[2026-05-24T16:33:39.532+0000] {logging_mixin.py:188} INFO - [2026-05-24T16:33:39.531+0000] {dagbag.py:545} INFO - Filling up the DagBag from /home/varn1t/ml-pipeline/venv/lib/python3.11/site-packages/airflow/example_dags/example_params_trigger_ui.py
[2026-05-24T16:33:39.543+0000] {processor.py:840} INFO - DAG(s) 'example_params_trigger_ui' retrieved from /home/varn1t/ml-pipeline/venv/lib/python3.11/site-packages/airflow/example_dags/example_params_trigger_ui.py
[2026-05-24T16:33:39.566+0000] {logging_mixin.py:188} INFO - [2026-05-24T16:33:39.566+0000] {dag.py:3096} INFO - Sync 1 DAGs
[2026-05-24T16:33:39.573+0000] {logging_mixin.py:188} INFO - [2026-05-24T16:33:39.573+0000] {dag.py:3954} INFO - Setting next_dagrun for example_params_trigger_ui to None, run_after=None
[2026-05-24T16:33:39.589+0000] {processor.py:183} INFO - Processing /home/varn1t/ml-pipeline/venv/lib/python3.11/site-packages/airflow/example_dags/example_params_trigger_ui.py took 0.065 seconds
[2026-05-24T16:34:37.064+0000] {processor.py:161} INFO - Started process (PID=24500) to work on /home/varn1t/ml-pipeline/venv/lib/python3.11/site-packages/airflow/example_dags/example_params_trigger_ui.py
[2026-05-24T16:34:37.065+0000] {processor.py:830} INFO - Processing file /home/varn1t/ml-pipeline/venv/lib/python3.11/site-packages/airflow/example_dags/example_params_trigger_ui.py for tasks to queue
[2026-05-24T16:34:37.066+0000] {logging_mixin.py:188} INFO - [2026-05-24T16:34:37.066+0000] {dagbag.py:545} INFO - Filling up the DagBag from /home/varn1t/ml-pipeline/venv/lib/python3.11/site-packages/airflow/example_dags/example_params_trigger_ui.py
[2026-05-24T16:34:37.076+0000] {processor.py:840} INFO - DAG(s) 'example_params_trigger_ui' retrieved from /home/varn1t/ml-pipeline/venv/lib/python3.11/site-packages/airflow/example_dags/example_params_trigger_ui.py
[2026-05-24T16:34:37.096+0000] {logging_mixin.py:188} INFO - [2026-05-24T16:34:37.096+0000] {dag.py:3096} INFO - Sync 1 DAGs
[2026-05-24T16:34:37.102+0000] {logging_mixin.py:188} INFO - [2026-05-24T16:34:37.101+0000] {dag.py:3954} INFO - Setting next_dagrun for example_params_trigger_ui to None, run_after=None
[2026-05-24T16:34:37.116+0000] {processor.py:183} INFO - Processing /home/varn1t/ml-pipeline/venv/lib/python3.11/site-packages/airflow/example_dags/example_params_trigger_ui.py took 0.057 seconds
[2026-05-24T16:35:42.035+0000] {processor.py:161} INFO - Started process (PID=24794) to work on /home/varn1t/ml-pipeline/venv/lib/python3.11/site-packages/airflow/example_dags/example_params_trigger_ui.py
[2026-05-24T16:35:42.036+0000] {processor.py:830} INFO - Processing file /home/varn1t/ml-pipeline/venv/lib/python3.11/site-packages/airflow/example_dags/example_params_trigger_ui.py for tasks to queue
[2026-05-24T16:35:42.037+0000] {logging_mixin.py:188} INFO - [2026-05-24T16:35:42.037+0000] {dagbag.py:545} INFO - Filling up the DagBag from /home/varn1t/ml-pipeline/venv/lib/python3.11/site-packages/airflow/example_dags/example_params_trigger_ui.py
[2026-05-24T16:35:42.046+0000] {processor.py:840} INFO - DAG(s) 'example_params_trigger_ui' retrieved from /home/varn1t/ml-pipeline/venv/lib/python3.11/site-packages/airflow/example_dags/example_params_trigger_ui.py
[2026-05-24T16:35:42.065+0000] {logging_mixin.py:188} INFO - [2026-05-24T16:35:42.064+0000] {dag.py:3096} INFO - Sync 1 DAGs
[2026-05-24T16:35:42.072+0000] {logging_mixin.py:188} INFO - [2026-05-24T16:35:42.072+0000] {dag.py:3954} INFO - Setting next_dagrun for example_params_trigger_ui to None, run_after=None
[2026-05-24T16:35:42.087+0000] {processor.py:183} INFO - Processing /home/varn1t/ml-pipeline/venv/lib/python3.11/site-packages/airflow/example_dags/example_params_trigger_ui.py took 0.056 seconds
[2026-05-24T16:36:28.765+0000] {processor.py:161} INFO - Started process (PID=25007) to work on /home/varn1t/ml-pipeline/venv/lib/python3.11/site-packages/airflow/example_dags/example_params_trigger_ui.py
[2026-05-24T16:36:28.766+0000] {processor.py:830} INFO - Processing file /home/varn1t/ml-pipeline/venv/lib/python3.11/site-packages/airflow/example_dags/example_params_trigger_ui.py for tasks to queue
[2026-05-24T16:36:28.767+0000] {logging_mixin.py:188} INFO - [2026-05-24T16:36:28.767+0000] {dagbag.py:545} INFO - Filling up the DagBag from /home/varn1t/ml-pipeline/venv/lib/python3.11/site-packages/airflow/example_dags/example_params_trigger_ui.py
[2026-05-24T16:36:28.777+0000] {processor.py:840} INFO - DAG(s) 'example_params_trigger_ui' retrieved from /home/varn1t/ml-pipeline/venv/lib/python3.11/site-packages/airflow/example_dags/example_params_trigger_ui.py
[2026-05-24T16:36:28.798+0000] {logging_mixin.py:188} INFO - [2026-05-24T16:36:28.797+0000] {dag.py:3096} INFO - Sync 1 DAGs
[2026-05-24T16:36:28.806+0000] {logging_mixin.py:188} INFO - [2026-05-24T16:36:28.806+0000] {dag.py:3954} INFO - Setting next_dagrun for example_params_trigger_ui to None, run_after=None
[2026-05-24T16:36:28.821+0000] {processor.py:183} INFO - Processing /home/varn1t/ml-pipeline/venv/lib/python3.11/site-packages/airflow/example_dags/example_params_trigger_ui.py took 0.060 seconds
[2026-05-24T16:37:33.282+0000] {processor.py:161} INFO - Started process (PID=25311) to work on /home/varn1t/ml-pipeline/venv/lib/python3.11/site-packages/airflow/example_dags/example_params_trigger_ui.py
[2026-05-24T16:37:33.283+0000] {processor.py:830} INFO - Processing file /home/varn1t/ml-pipeline/venv/lib/python3.11/site-packages/airflow/example_dags/example_params_trigger_ui.py for tasks to queue
[2026-05-24T16:37:33.285+0000] {logging_mixin.py:188} INFO - [2026-05-24T16:37:33.285+0000] {dagbag.py:545} INFO - Filling up the DagBag from /home/varn1t/ml-pipeline/venv/lib/python3.11/site-packages/airflow/example_dags/example_params_trigger_ui.py
[2026-05-24T16:37:33.296+0000] {processor.py:840} INFO - DAG(s) 'example_params_trigger_ui' retrieved from /home/varn1t/ml-pipeline/venv/lib/python3.11/site-packages/airflow/example_dags/example_params_trigger_ui.py
[2026-05-24T16:37:33.314+0000] {logging_mixin.py:188} INFO - [2026-05-24T16:37:33.314+0000] {dag.py:3096} INFO - Sync 1 DAGs
[2026-05-24T16:37:33.321+0000] {logging_mixin.py:188} INFO - [2026-05-24T16:37:33.320+0000] {dag.py:3954} INFO - Setting next_dagrun for example_params_trigger_ui to None, run_after=None
[2026-05-24T16:37:33.340+0000] {processor.py:183} INFO - Processing /home/varn1t/ml-pipeline/venv/lib/python3.11/site-packages/airflow/example_dags/example_params_trigger_ui.py took 0.063 seconds
[2026-05-24T16:38:39.828+0000] {processor.py:161} INFO - Started process (PID=25610) to work on /home/varn1t/ml-pipeline/venv/lib/python3.11/site-packages/airflow/example_dags/example_params_trigger_ui.py
[2026-05-24T16:38:39.829+0000] {processor.py:830} INFO - Processing file /home/varn1t/ml-pipeline/venv/lib/python3.11/site-packages/airflow/example_dags/example_params_trigger_ui.py for tasks to queue
[2026-05-24T16:38:39.830+0000] {logging_mixin.py:188} INFO - [2026-05-24T16:38:39.830+0000] {dagbag.py:545} INFO - Filling up the DagBag from /home/varn1t/ml-pipeline/venv/lib/python3.11/site-packages/airflow/example_dags/example_params_trigger_ui.py
[2026-05-24T16:38:39.839+0000] {processor.py:840} INFO - DAG(s) 'example_params_trigger_ui' retrieved from /home/varn1t/ml-pipeline/venv/lib/python3.11/site-packages/airflow/example_dags/example_params_trigger_ui.py
[2026-05-24T16:38:39.856+0000] {logging_mixin.py:188} INFO - [2026-05-24T16:38:39.856+0000] {dag.py:3096} INFO - Sync 1 DAGs
[2026-05-24T16:38:39.863+0000] {logging_mixin.py:188} INFO - [2026-05-24T16:38:39.863+0000] {dag.py:3954} INFO - Setting next_dagrun for example_params_trigger_ui to None, run_after=None
[2026-05-24T16:38:39.878+0000] {processor.py:183} INFO - Processing /home/varn1t/ml-pipeline/venv/lib/python3.11/site-packages/airflow/example_dags/example_params_trigger_ui.py took 0.055 seconds
[2026-05-24T16:39:43.928+0000] {processor.py:161} INFO - Started process (PID=25913) to work on /home/varn1t/ml-pipeline/venv/lib/python3.11/site-packages/airflow/example_dags/example_params_trigger_ui.py
[2026-05-24T16:39:43.929+0000] {processor.py:830} INFO - Processing file /home/varn1t/ml-pipeline/venv/lib/python3.11/site-packages/airflow/example_dags/example_params_trigger_ui.py for tasks to queue
[2026-05-24T16:39:43.930+0000] {logging_mixin.py:188} INFO - [2026-05-24T16:39:43.930+0000] {dagbag.py:545} INFO - Filling up the DagBag from /home/varn1t/ml-pipeline/venv/lib/python3.11/site-packages/airflow/example_dags/example_params_trigger_ui.py
[2026-05-24T16:39:43.938+0000] {processor.py:840} INFO - DAG(s) 'example_params_trigger_ui' retrieved from /home/varn1t/ml-pipeline/venv/lib/python3.11/site-packages/airflow/example_dags/example_params_trigger_ui.py
[2026-05-24T16:39:43.956+0000] {logging_mixin.py:188} INFO - [2026-05-24T16:39:43.956+0000] {dag.py:3096} INFO - Sync 1 DAGs
[2026-05-24T16:39:43.963+0000] {logging_mixin.py:188} INFO - [2026-05-24T16:39:43.963+0000] {dag.py:3954} INFO - Setting next_dagrun for example_params_trigger_ui to None, run_after=None
[2026-05-24T16:39:43.978+0000] {processor.py:183} INFO - Processing /home/varn1t/ml-pipeline/venv/lib/python3.11/site-packages/airflow/example_dags/example_params_trigger_ui.py took 0.054 seconds
[2026-05-24T16:40:47.578+0000] {processor.py:161} INFO - Started process (PID=26205) to work on /home/varn1t/ml-pipeline/venv/lib/python3.11/site-packages/airflow/example_dags/example_params_trigger_ui.py
[2026-05-24T16:40:47.578+0000] {processor.py:830} INFO - Processing file /home/varn1t/ml-pipeline/venv/lib/python3.11/site-packages/airflow/example_dags/example_params_trigger_ui.py for tasks to queue
[2026-05-24T16:40:47.579+0000] {logging_mixin.py:188} INFO - [2026-05-24T16:40:47.579+0000] {dagbag.py:545} INFO - Filling up the DagBag from /home/varn1t/ml-pipeline/venv/lib/python3.11/site-packages/airflow/example_dags/example_params_trigger_ui.py
[2026-05-24T16:40:47.588+0000] {processor.py:840} INFO - DAG(s) 'example_params_trigger_ui' retrieved from /home/varn1t/ml-pipeline/venv/lib/python3.11/site-packages/airflow/example_dags/example_params_trigger_ui.py
[2026-05-24T16:40:47.606+0000] {logging_mixin.py:188} INFO - [2026-05-24T16:40:47.606+0000] {dag.py:3096} INFO - Sync 1 DAGs
[2026-05-24T16:40:47.612+0000] {logging_mixin.py:188} INFO - [2026-05-24T16:40:47.612+0000] {dag.py:3954} INFO - Setting next_dagrun for example_params_trigger_ui to None, run_after=None
[2026-05-24T16:40:47.626+0000] {processor.py:183} INFO - Processing /home/varn1t/ml-pipeline/venv/lib/python3.11/site-packages/airflow/example_dags/example_params_trigger_ui.py took 0.053 seconds
[2026-05-24T16:41:43.640+0000] {processor.py:161} INFO - Started process (PID=26484) to work on /home/varn1t/ml-pipeline/venv/lib/python3.11/site-packages/airflow/example_dags/example_params_trigger_ui.py
[2026-05-24T16:41:43.641+0000] {processor.py:830} INFO - Processing file /home/varn1t/ml-pipeline/venv/lib/python3.11/site-packages/airflow/example_dags/example_params_trigger_ui.py for tasks to queue
[2026-05-24T16:41:43.642+0000] {logging_mixin.py:188} INFO - [2026-05-24T16:41:43.642+0000] {dagbag.py:545} INFO - Filling up the DagBag from /home/varn1t/ml-pipeline/venv/lib/python3.11/site-packages/airflow/example_dags/example_params_trigger_ui.py
[2026-05-24T16:41:43.654+0000] {processor.py:840} INFO - DAG(s) 'example_params_trigger_ui' retrieved from /home/varn1t/ml-pipeline/venv/lib/python3.11/site-packages/airflow/example_dags/example_params_trigger_ui.py
[2026-05-24T16:41:43.673+0000] {logging_mixin.py:188} INFO - [2026-05-24T16:41:43.673+0000] {dag.py:3096} INFO - Sync 1 DAGs
[2026-05-24T16:41:43.680+0000] {logging_mixin.py:188} INFO - [2026-05-24T16:41:43.680+0000] {dag.py:3954} INFO - Setting next_dagrun for example_params_trigger_ui to None, run_after=None
[2026-05-24T16:41:43.696+0000] {processor.py:183} INFO - Processing /home/varn1t/ml-pipeline/venv/lib/python3.11/site-packages/airflow/example_dags/example_params_trigger_ui.py took 0.060 seconds
[2026-05-24T16:42:48.950+0000] {processor.py:161} INFO - Started process (PID=26774) to work on /home/varn1t/ml-pipeline/venv/lib/python3.11/site-packages/airflow/example_dags/example_params_trigger_ui.py
[2026-05-24T16:42:48.951+0000] {processor.py:830} INFO - Processing file /home/varn1t/ml-pipeline/venv/lib/python3.11/site-packages/airflow/example_dags/example_params_trigger_ui.py for tasks to queue
[2026-05-24T16:42:48.952+0000] {logging_mixin.py:188} INFO - [2026-05-24T16:42:48.952+0000] {dagbag.py:545} INFO - Filling up the DagBag from /home/varn1t/ml-pipeline/venv/lib/python3.11/site-packages/airflow/example_dags/example_params_trigger_ui.py
[2026-05-24T16:42:48.962+0000] {processor.py:840} INFO - DAG(s) 'example_params_trigger_ui' retrieved from /home/varn1t/ml-pipeline/venv/lib/python3.11/site-packages/airflow/example_dags/example_params_trigger_ui.py
[2026-05-24T16:42:48.979+0000] {logging_mixin.py:188} INFO - [2026-05-24T16:42:48.979+0000] {dag.py:3096} INFO - Sync 1 DAGs
[2026-05-24T16:42:48.988+0000] {logging_mixin.py:188} INFO - [2026-05-24T16:42:48.988+0000] {dag.py:3954} INFO - Setting next_dagrun for example_params_trigger_ui to None, run_after=None
[2026-05-24T16:42:49.012+0000] {processor.py:183} INFO - Processing /home/varn1t/ml-pipeline/venv/lib/python3.11/site-packages/airflow/example_dags/example_params_trigger_ui.py took 0.065 seconds
[2026-05-24T16:43:35.385+0000] {processor.py:161} INFO - Started process (PID=26980) to work on /home/varn1t/ml-pipeline/venv/lib/python3.11/site-packages/airflow/example_dags/example_params_trigger_ui.py
[2026-05-24T16:43:35.386+0000] {processor.py:830} INFO - Processing file /home/varn1t/ml-pipeline/venv/lib/python3.11/site-packages/airflow/example_dags/example_params_trigger_ui.py for tasks to queue
[2026-05-24T16:43:35.387+0000] {logging_mixin.py:188} INFO - [2026-05-24T16:43:35.387+0000] {dagbag.py:545} INFO - Filling up the DagBag from /home/varn1t/ml-pipeline/venv/lib/python3.11/site-packages/airflow/example_dags/example_params_trigger_ui.py
[2026-05-24T16:43:35.399+0000] {processor.py:840} INFO - DAG(s) 'example_params_trigger_ui' retrieved from /home/varn1t/ml-pipeline/venv/lib/python3.11/site-packages/airflow/example_dags/example_params_trigger_ui.py
[2026-05-24T16:43:35.422+0000] {logging_mixin.py:188} INFO - [2026-05-24T16:43:35.422+0000] {dag.py:3096} INFO - Sync 1 DAGs
[2026-05-24T16:43:35.428+0000] {logging_mixin.py:188} INFO - [2026-05-24T16:43:35.428+0000] {dag.py:3954} INFO - Setting next_dagrun for example_params_trigger_ui to None, run_after=None
[2026-05-24T16:43:35.444+0000] {processor.py:183} INFO - Processing /home/varn1t/ml-pipeline/venv/lib/python3.11/site-packages/airflow/example_dags/example_params_trigger_ui.py took 0.063 seconds
[2026-05-24T16:44:42.216+0000] {processor.py:161} INFO - Started process (PID=27271) to work on /home/varn1t/ml-pipeline/venv/lib/python3.11/site-packages/airflow/example_dags/example_params_trigger_ui.py
[2026-05-24T16:44:42.216+0000] {processor.py:830} INFO - Processing file /home/varn1t/ml-pipeline/venv/lib/python3.11/site-packages/airflow/example_dags/example_params_trigger_ui.py for tasks to queue
[2026-05-24T16:44:42.218+0000] {logging_mixin.py:188} INFO - [2026-05-24T16:44:42.218+0000] {dagbag.py:545} INFO - Filling up the DagBag from /home/varn1t/ml-pipeline/venv/lib/python3.11/site-packages/airflow/example_dags/example_params_trigger_ui.py
[2026-05-24T16:44:42.230+0000] {processor.py:840} INFO - DAG(s) 'example_params_trigger_ui' retrieved from /home/varn1t/ml-pipeline/venv/lib/python3.11/site-packages/airflow/example_dags/example_params_trigger_ui.py
[2026-05-24T16:44:42.248+0000] {logging_mixin.py:188} INFO - [2026-05-24T16:44:42.248+0000] {dag.py:3096} INFO - Sync 1 DAGs
[2026-05-24T16:44:42.254+0000] {logging_mixin.py:188} INFO - [2026-05-24T16:44:42.254+0000] {dag.py:3954} INFO - Setting next_dagrun for example_params_trigger_ui to None, run_after=None
[2026-05-24T16:44:42.269+0000] {processor.py:183} INFO - Processing /home/varn1t/ml-pipeline/venv/lib/python3.11/site-packages/airflow/example_dags/example_params_trigger_ui.py took 0.058 seconds
[2026-05-24T16:45:49.290+0000] {processor.py:161} INFO - Started process (PID=27576) to work on /home/varn1t/ml-pipeline/venv/lib/python3.11/site-packages/airflow/example_dags/example_params_trigger_ui.py
[2026-05-24T16:45:49.291+0000] {processor.py:830} INFO - Processing file /home/varn1t/ml-pipeline/venv/lib/python3.11/site-packages/airflow/example_dags/example_params_trigger_ui.py for tasks to queue
[2026-05-24T16:45:49.292+0000] {logging_mixin.py:188} INFO - [2026-05-24T16:45:49.292+0000] {dagbag.py:545} INFO - Filling up the DagBag from /home/varn1t/ml-pipeline/venv/lib/python3.11/site-packages/airflow/example_dags/example_params_trigger_ui.py
[2026-05-24T16:45:49.301+0000] {processor.py:840} INFO - DAG(s) 'example_params_trigger_ui' retrieved from /home/varn1t/ml-pipeline/venv/lib/python3.11/site-packages/airflow/example_dags/example_params_trigger_ui.py
[2026-05-24T16:45:49.320+0000] {logging_mixin.py:188} INFO - [2026-05-24T16:45:49.320+0000] {dag.py:3096} INFO - Sync 1 DAGs
[2026-05-24T16:45:49.327+0000] {logging_mixin.py:188} INFO - [2026-05-24T16:45:49.327+0000] {dag.py:3954} INFO - Setting next_dagrun for example_params_trigger_ui to None, run_after=None
[2026-05-24T16:45:49.345+0000] {processor.py:183} INFO - Processing /home/varn1t/ml-pipeline/venv/lib/python3.11/site-packages/airflow/example_dags/example_params_trigger_ui.py took 0.059 seconds
[2026-05-24T17:09:11.818+0000] {processor.py:161} INFO - Started process (PID=27893) to work on /home/varn1t/ml-pipeline/venv/lib/python3.11/site-packages/airflow/example_dags/example_params_trigger_ui.py
[2026-05-24T17:09:11.819+0000] {processor.py:830} INFO - Processing file /home/varn1t/ml-pipeline/venv/lib/python3.11/site-packages/airflow/example_dags/example_params_trigger_ui.py for tasks to queue
[2026-05-24T17:09:11.820+0000] {logging_mixin.py:188} INFO - [2026-05-24T17:09:11.820+0000] {dagbag.py:545} INFO - Filling up the DagBag from /home/varn1t/ml-pipeline/venv/lib/python3.11/site-packages/airflow/example_dags/example_params_trigger_ui.py
[2026-05-24T17:09:11.830+0000] {processor.py:840} INFO - DAG(s) 'example_params_trigger_ui' retrieved from /home/varn1t/ml-pipeline/venv/lib/python3.11/site-packages/airflow/example_dags/example_params_trigger_ui.py
[2026-05-24T17:09:11.849+0000] {logging_mixin.py:188} INFO - [2026-05-24T17:09:11.849+0000] {dag.py:3096} INFO - Sync 1 DAGs
[2026-05-24T17:09:11.858+0000] {logging_mixin.py:188} INFO - [2026-05-24T17:09:11.858+0000] {dag.py:3954} INFO - Setting next_dagrun for example_params_trigger_ui to None, run_after=None
[2026-05-24T17:09:11.874+0000] {processor.py:183} INFO - Processing /home/varn1t/ml-pipeline/venv/lib/python3.11/site-packages/airflow/example_dags/example_params_trigger_ui.py took 0.060 seconds
[2026-05-24T17:10:01.992+0000] {processor.py:161} INFO - Started process (PID=28115) to work on /home/varn1t/ml-pipeline/venv/lib/python3.11/site-packages/airflow/example_dags/example_params_trigger_ui.py
[2026-05-24T17:10:01.993+0000] {processor.py:830} INFO - Processing file /home/varn1t/ml-pipeline/venv/lib/python3.11/site-packages/airflow/example_dags/example_params_trigger_ui.py for tasks to queue
[2026-05-24T17:10:01.994+0000] {logging_mixin.py:188} INFO - [2026-05-24T17:10:01.994+0000] {dagbag.py:545} INFO - Filling up the DagBag from /home/varn1t/ml-pipeline/venv/lib/python3.11/site-packages/airflow/example_dags/example_params_trigger_ui.py
[2026-05-24T17:10:02.003+0000] {processor.py:840} INFO - DAG(s) 'example_params_trigger_ui' retrieved from /home/varn1t/ml-pipeline/venv/lib/python3.11/site-packages/airflow/example_dags/example_params_trigger_ui.py
[2026-05-24T17:10:02.023+0000] {logging_mixin.py:188} INFO - [2026-05-24T17:10:02.022+0000] {dag.py:3096} INFO - Sync 1 DAGs
[2026-05-24T17:10:02.031+0000] {logging_mixin.py:188} INFO - [2026-05-24T17:10:02.031+0000] {dag.py:3954} INFO - Setting next_dagrun for example_params_trigger_ui to None, run_after=None
[2026-05-24T17:10:02.049+0000] {processor.py:183} INFO - Processing /home/varn1t/ml-pipeline/venv/lib/python3.11/site-packages/airflow/example_dags/example_params_trigger_ui.py took 0.061 seconds
[2026-05-24T17:11:04.585+0000] {processor.py:161} INFO - Started process (PID=28388) to work on /home/varn1t/ml-pipeline/venv/lib/python3.11/site-packages/airflow/example_dags/example_params_trigger_ui.py
[2026-05-24T17:11:04.585+0000] {processor.py:830} INFO - Processing file /home/varn1t/ml-pipeline/venv/lib/python3.11/site-packages/airflow/example_dags/example_params_trigger_ui.py for tasks to queue
[2026-05-24T17:11:04.586+0000] {logging_mixin.py:188} INFO - [2026-05-24T17:11:04.586+0000] {dagbag.py:545} INFO - Filling up the DagBag from /home/varn1t/ml-pipeline/venv/lib/python3.11/site-packages/airflow/example_dags/example_params_trigger_ui.py
[2026-05-24T17:11:04.595+0000] {processor.py:840} INFO - DAG(s) 'example_params_trigger_ui' retrieved from /home/varn1t/ml-pipeline/venv/lib/python3.11/site-packages/airflow/example_dags/example_params_trigger_ui.py
[2026-05-24T17:11:04.612+0000] {logging_mixin.py:188} INFO - [2026-05-24T17:11:04.611+0000] {dag.py:3096} INFO - Sync 1 DAGs
[2026-05-24T17:11:04.618+0000] {logging_mixin.py:188} INFO - [2026-05-24T17:11:04.618+0000] {dag.py:3954} INFO - Setting next_dagrun for example_params_trigger_ui to None, run_after=None
[2026-05-24T17:11:04.635+0000] {processor.py:183} INFO - Processing /home/varn1t/ml-pipeline/venv/lib/python3.11/site-packages/airflow/example_dags/example_params_trigger_ui.py took 0.054 seconds
[2026-05-24T17:12:08.222+0000] {processor.py:161} INFO - Started process (PID=28676) to work on /home/varn1t/ml-pipeline/venv/lib/python3.11/site-packages/airflow/example_dags/example_params_trigger_ui.py
[2026-05-24T17:12:08.223+0000] {processor.py:830} INFO - Processing file /home/varn1t/ml-pipeline/venv/lib/python3.11/site-packages/airflow/example_dags/example_params_trigger_ui.py for tasks to queue
[2026-05-24T17:12:08.224+0000] {logging_mixin.py:188} INFO - [2026-05-24T17:12:08.224+0000] {dagbag.py:545} INFO - Filling up the DagBag from /home/varn1t/ml-pipeline/venv/lib/python3.11/site-packages/airflow/example_dags/example_params_trigger_ui.py
[2026-05-24T17:12:08.234+0000] {processor.py:840} INFO - DAG(s) 'example_params_trigger_ui' retrieved from /home/varn1t/ml-pipeline/venv/lib/python3.11/site-packages/airflow/example_dags/example_params_trigger_ui.py
[2026-05-24T17:12:08.255+0000] {logging_mixin.py:188} INFO - [2026-05-24T17:12:08.255+0000] {dag.py:3096} INFO - Sync 1 DAGs
[2026-05-24T17:12:08.262+0000] {logging_mixin.py:188} INFO - [2026-05-24T17:12:08.262+0000] {dag.py:3954} INFO - Setting next_dagrun for example_params_trigger_ui to None, run_after=None
[2026-05-24T17:12:08.275+0000] {processor.py:183} INFO - Processing /home/varn1t/ml-pipeline/venv/lib/python3.11/site-packages/airflow/example_dags/example_params_trigger_ui.py took 0.056 seconds
[2026-05-24T17:13:11.092+0000] {processor.py:161} INFO - Started process (PID=28952) to work on /home/varn1t/ml-pipeline/venv/lib/python3.11/site-packages/airflow/example_dags/example_params_trigger_ui.py
[2026-05-24T17:13:11.093+0000] {processor.py:830} INFO - Processing file /home/varn1t/ml-pipeline/venv/lib/python3.11/site-packages/airflow/example_dags/example_params_trigger_ui.py for tasks to queue
[2026-05-24T17:13:11.094+0000] {logging_mixin.py:188} INFO - [2026-05-24T17:13:11.094+0000] {dagbag.py:545} INFO - Filling up the DagBag from /home/varn1t/ml-pipeline/venv/lib/python3.11/site-packages/airflow/example_dags/example_params_trigger_ui.py
[2026-05-24T17:13:11.103+0000] {processor.py:840} INFO - DAG(s) 'example_params_trigger_ui' retrieved from /home/varn1t/ml-pipeline/venv/lib/python3.11/site-packages/airflow/example_dags/example_params_trigger_ui.py
[2026-05-24T17:13:11.121+0000] {logging_mixin.py:188} INFO - [2026-05-24T17:13:11.121+0000] {dag.py:3096} INFO - Sync 1 DAGs
[2026-05-24T17:13:11.127+0000] {logging_mixin.py:188} INFO - [2026-05-24T17:13:11.127+0000] {dag.py:3954} INFO - Setting next_dagrun for example_params_trigger_ui to None, run_after=None
[2026-05-24T17:13:11.140+0000] {processor.py:183} INFO - Processing /home/varn1t/ml-pipeline/venv/lib/python3.11/site-packages/airflow/example_dags/example_params_trigger_ui.py took 0.052 seconds
[2026-05-24T17:14:13.483+0000] {processor.py:161} INFO - Started process (PID=29264) to work on /home/varn1t/ml-pipeline/venv/lib/python3.11/site-packages/airflow/example_dags/example_params_trigger_ui.py
[2026-05-24T17:14:13.484+0000] {processor.py:830} INFO - Processing file /home/varn1t/ml-pipeline/venv/lib/python3.11/site-packages/airflow/example_dags/example_params_trigger_ui.py for tasks to queue
[2026-05-24T17:14:13.486+0000] {logging_mixin.py:188} INFO - [2026-05-24T17:14:13.486+0000] {dagbag.py:545} INFO - Filling up the DagBag from /home/varn1t/ml-pipeline/venv/lib/python3.11/site-packages/airflow/example_dags/example_params_trigger_ui.py
[2026-05-24T17:14:13.496+0000] {processor.py:840} INFO - DAG(s) 'example_params_trigger_ui' retrieved from /home/varn1t/ml-pipeline/venv/lib/python3.11/site-packages/airflow/example_dags/example_params_trigger_ui.py
[2026-05-24T17:14:13.520+0000] {logging_mixin.py:188} INFO - [2026-05-24T17:14:13.520+0000] {dag.py:3096} INFO - Sync 1 DAGs
[2026-05-24T17:14:13.529+0000] {logging_mixin.py:188} INFO - [2026-05-24T17:14:13.529+0000] {dag.py:3954} INFO - Setting next_dagrun for example_params_trigger_ui to None, run_after=None
[2026-05-24T17:14:13.546+0000] {processor.py:183} INFO - Processing /home/varn1t/ml-pipeline/venv/lib/python3.11/site-packages/airflow/example_dags/example_params_trigger_ui.py took 0.069 seconds
[2026-05-24T17:15:19.324+0000] {processor.py:161} INFO - Started process (PID=29618) to work on /home/varn1t/ml-pipeline/venv/lib/python3.11/site-packages/airflow/example_dags/example_params_trigger_ui.py
[2026-05-24T17:15:19.325+0000] {processor.py:830} INFO - Processing file /home/varn1t/ml-pipeline/venv/lib/python3.11/site-packages/airflow/example_dags/example_params_trigger_ui.py for tasks to queue
[2026-05-24T17:15:19.326+0000] {logging_mixin.py:188} INFO - [2026-05-24T17:15:19.326+0000] {dagbag.py:545} INFO - Filling up the DagBag from /home/varn1t/ml-pipeline/venv/lib/python3.11/site-packages/airflow/example_dags/example_params_trigger_ui.py
[2026-05-24T17:15:19.335+0000] {processor.py:840} INFO - DAG(s) 'example_params_trigger_ui' retrieved from /home/varn1t/ml-pipeline/venv/lib/python3.11/site-packages/airflow/example_dags/example_params_trigger_ui.py
[2026-05-24T17:15:19.355+0000] {logging_mixin.py:188} INFO - [2026-05-24T17:15:19.355+0000] {dag.py:3096} INFO - Sync 1 DAGs
[2026-05-24T17:15:19.453+0000] {logging_mixin.py:188} INFO - [2026-05-24T17:15:19.453+0000] {dag.py:3954} INFO - Setting next_dagrun for example_params_trigger_ui to None, run_after=None
[2026-05-24T17:15:19.468+0000] {processor.py:183} INFO - Processing /home/varn1t/ml-pipeline/venv/lib/python3.11/site-packages/airflow/example_dags/example_params_trigger_ui.py took 0.148 seconds
[2026-05-24T17:16:24.612+0000] {processor.py:161} INFO - Started process (PID=29914) to work on /home/varn1t/ml-pipeline/venv/lib/python3.11/site-packages/airflow/example_dags/example_params_trigger_ui.py
[2026-05-24T17:16:24.613+0000] {processor.py:830} INFO - Processing file /home/varn1t/ml-pipeline/venv/lib/python3.11/site-packages/airflow/example_dags/example_params_trigger_ui.py for tasks to queue
[2026-05-24T17:16:24.615+0000] {logging_mixin.py:188} INFO - [2026-05-24T17:16:24.614+0000] {dagbag.py:545} INFO - Filling up the DagBag from /home/varn1t/ml-pipeline/venv/lib/python3.11/site-packages/airflow/example_dags/example_params_trigger_ui.py
[2026-05-24T17:16:24.626+0000] {processor.py:840} INFO - DAG(s) 'example_params_trigger_ui' retrieved from /home/varn1t/ml-pipeline/venv/lib/python3.11/site-packages/airflow/example_dags/example_params_trigger_ui.py
[2026-05-24T17:16:24.732+0000] {logging_mixin.py:188} INFO - [2026-05-24T17:16:24.732+0000] {dag.py:3096} INFO - Sync 1 DAGs
[2026-05-24T17:16:24.737+0000] {logging_mixin.py:188} INFO - [2026-05-24T17:16:24.737+0000] {dag.py:3954} INFO - Setting next_dagrun for example_params_trigger_ui to None, run_after=None
[2026-05-24T17:16:24.749+0000] {processor.py:183} INFO - Processing /home/varn1t/ml-pipeline/venv/lib/python3.11/site-packages/airflow/example_dags/example_params_trigger_ui.py took 0.141 seconds
[2026-05-24T17:17:31.564+0000] {processor.py:161} INFO - Started process (PID=30545) to work on /home/varn1t/ml-pipeline/venv/lib/python3.11/site-packages/airflow/example_dags/example_params_trigger_ui.py
[2026-05-24T17:17:31.565+0000] {processor.py:830} INFO - Processing file /home/varn1t/ml-pipeline/venv/lib/python3.11/site-packages/airflow/example_dags/example_params_trigger_ui.py for tasks to queue
[2026-05-24T17:17:31.567+0000] {logging_mixin.py:188} INFO - [2026-05-24T17:17:31.566+0000] {dagbag.py:545} INFO - Filling up the DagBag from /home/varn1t/ml-pipeline/venv/lib/python3.11/site-packages/airflow/example_dags/example_params_trigger_ui.py
[2026-05-24T17:17:31.578+0000] {processor.py:840} INFO - DAG(s) 'example_params_trigger_ui' retrieved from /home/varn1t/ml-pipeline/venv/lib/python3.11/site-packages/airflow/example_dags/example_params_trigger_ui.py
[2026-05-24T17:17:31.696+0000] {logging_mixin.py:188} INFO - [2026-05-24T17:17:31.696+0000] {dag.py:3096} INFO - Sync 1 DAGs
[2026-05-24T17:17:31.702+0000] {logging_mixin.py:188} INFO - [2026-05-24T17:17:31.701+0000] {dag.py:3954} INFO - Setting next_dagrun for example_params_trigger_ui to None, run_after=None
[2026-05-24T17:17:31.720+0000] {processor.py:183} INFO - Processing /home/varn1t/ml-pipeline/venv/lib/python3.11/site-packages/airflow/example_dags/example_params_trigger_ui.py took 0.162 seconds
[2026-05-24T17:18:18.841+0000] {processor.py:161} INFO - Started process (PID=30871) to work on /home/varn1t/ml-pipeline/venv/lib/python3.11/site-packages/airflow/example_dags/example_params_trigger_ui.py
[2026-05-24T17:18:18.842+0000] {processor.py:830} INFO - Processing file /home/varn1t/ml-pipeline/venv/lib/python3.11/site-packages/airflow/example_dags/example_params_trigger_ui.py for tasks to queue
[2026-05-24T17:18:18.843+0000] {logging_mixin.py:188} INFO - [2026-05-24T17:18:18.843+0000] {dagbag.py:545} INFO - Filling up the DagBag from /home/varn1t/ml-pipeline/venv/lib/python3.11/site-packages/airflow/example_dags/example_params_trigger_ui.py
[2026-05-24T17:18:18.854+0000] {processor.py:840} INFO - DAG(s) 'example_params_trigger_ui' retrieved from /home/varn1t/ml-pipeline/venv/lib/python3.11/site-packages/airflow/example_dags/example_params_trigger_ui.py
[2026-05-24T17:18:18.876+0000] {logging_mixin.py:188} INFO - [2026-05-24T17:18:18.875+0000] {dag.py:3096} INFO - Sync 1 DAGs
[2026-05-24T17:18:18.979+0000] {logging_mixin.py:188} INFO - [2026-05-24T17:18:18.979+0000] {dag.py:3954} INFO - Setting next_dagrun for example_params_trigger_ui to None, run_after=None
[2026-05-24T17:18:18.996+0000] {processor.py:183} INFO - Processing /home/varn1t/ml-pipeline/venv/lib/python3.11/site-packages/airflow/example_dags/example_params_trigger_ui.py took 0.160 seconds
[2026-05-24T17:19:24.592+0000] {processor.py:161} INFO - Started process (PID=31375) to work on /home/varn1t/ml-pipeline/venv/lib/python3.11/site-packages/airflow/example_dags/example_params_trigger_ui.py
[2026-05-24T17:19:24.593+0000] {processor.py:830} INFO - Processing file /home/varn1t/ml-pipeline/venv/lib/python3.11/site-packages/airflow/example_dags/example_params_trigger_ui.py for tasks to queue
[2026-05-24T17:19:24.595+0000] {logging_mixin.py:188} INFO - [2026-05-24T17:19:24.595+0000] {dagbag.py:545} INFO - Filling up the DagBag from /home/varn1t/ml-pipeline/venv/lib/python3.11/site-packages/airflow/example_dags/example_params_trigger_ui.py
[2026-05-24T17:19:24.606+0000] {processor.py:840} INFO - DAG(s) 'example_params_trigger_ui' retrieved from /home/varn1t/ml-pipeline/venv/lib/python3.11/site-packages/airflow/example_dags/example_params_trigger_ui.py
[2026-05-24T17:19:24.729+0000] {logging_mixin.py:188} INFO - [2026-05-24T17:19:24.729+0000] {dag.py:3096} INFO - Sync 1 DAGs
[2026-05-24T17:19:24.735+0000] {logging_mixin.py:188} INFO - [2026-05-24T17:19:24.735+0000] {dag.py:3954} INFO - Setting next_dagrun for example_params_trigger_ui to None, run_after=None
[2026-05-24T17:19:24.750+0000] {processor.py:183} INFO - Processing /home/varn1t/ml-pipeline/venv/lib/python3.11/site-packages/airflow/example_dags/example_params_trigger_ui.py took 0.164 seconds
[2026-05-24T17:20:33.923+0000] {processor.py:161} INFO - Started process (PID=31790) to work on /home/varn1t/ml-pipeline/venv/lib/python3.11/site-packages/airflow/example_dags/example_params_trigger_ui.py
[2026-05-24T17:20:33.925+0000] {processor.py:830} INFO - Processing file /home/varn1t/ml-pipeline/venv/lib/python3.11/site-packages/airflow/example_dags/example_params_trigger_ui.py for tasks to queue
[2026-05-24T17:20:33.926+0000] {logging_mixin.py:188} INFO - [2026-05-24T17:20:33.926+0000] {dagbag.py:545} INFO - Filling up the DagBag from /home/varn1t/ml-pipeline/venv/lib/python3.11/site-packages/airflow/example_dags/example_params_trigger_ui.py
[2026-05-24T17:20:33.937+0000] {processor.py:840} INFO - DAG(s) 'example_params_trigger_ui' retrieved from /home/varn1t/ml-pipeline/venv/lib/python3.11/site-packages/airflow/example_dags/example_params_trigger_ui.py
[2026-05-24T17:20:33.963+0000] {logging_mixin.py:188} INFO - [2026-05-24T17:20:33.963+0000] {dag.py:3096} INFO - Sync 1 DAGs
[2026-05-24T17:20:33.969+0000] {logging_mixin.py:188} INFO - [2026-05-24T17:20:33.969+0000] {dag.py:3954} INFO - Setting next_dagrun for example_params_trigger_ui to None, run_after=None
[2026-05-24T17:20:33.986+0000] {processor.py:183} INFO - Processing /home/varn1t/ml-pipeline/venv/lib/python3.11/site-packages/airflow/example_dags/example_params_trigger_ui.py took 0.067 seconds
[2026-05-24T17:21:40.578+0000] {processor.py:161} INFO - Started process (PID=32212) to work on /home/varn1t/ml-pipeline/venv/lib/python3.11/site-packages/airflow/example_dags/example_params_trigger_ui.py
[2026-05-24T17:21:40.579+0000] {processor.py:830} INFO - Processing file /home/varn1t/ml-pipeline/venv/lib/python3.11/site-packages/airflow/example_dags/example_params_trigger_ui.py for tasks to queue
[2026-05-24T17:21:40.580+0000] {logging_mixin.py:188} INFO - [2026-05-24T17:21:40.580+0000] {dagbag.py:545} INFO - Filling up the DagBag from /home/varn1t/ml-pipeline/venv/lib/python3.11/site-packages/airflow/example_dags/example_params_trigger_ui.py
[2026-05-24T17:21:40.591+0000] {processor.py:840} INFO - DAG(s) 'example_params_trigger_ui' retrieved from /home/varn1t/ml-pipeline/venv/lib/python3.11/site-packages/airflow/example_dags/example_params_trigger_ui.py
[2026-05-24T17:21:40.610+0000] {logging_mixin.py:188} INFO - [2026-05-24T17:21:40.610+0000] {dag.py:3096} INFO - Sync 1 DAGs
[2026-05-24T17:21:40.617+0000] {logging_mixin.py:188} INFO - [2026-05-24T17:21:40.617+0000] {dag.py:3954} INFO - Setting next_dagrun for example_params_trigger_ui to None, run_after=None
[2026-05-24T17:21:40.631+0000] {processor.py:183} INFO - Processing /home/varn1t/ml-pipeline/venv/lib/python3.11/site-packages/airflow/example_dags/example_params_trigger_ui.py took 0.058 seconds
[2026-05-24T17:22:45.691+0000] {processor.py:161} INFO - Started process (PID=32522) to work on /home/varn1t/ml-pipeline/venv/lib/python3.11/site-packages/airflow/example_dags/example_params_trigger_ui.py
[2026-05-24T17:22:45.692+0000] {processor.py:830} INFO - Processing file /home/varn1t/ml-pipeline/venv/lib/python3.11/site-packages/airflow/example_dags/example_params_trigger_ui.py for tasks to queue
[2026-05-24T17:22:45.694+0000] {logging_mixin.py:188} INFO - [2026-05-24T17:22:45.693+0000] {dagbag.py:545} INFO - Filling up the DagBag from /home/varn1t/ml-pipeline/venv/lib/python3.11/site-packages/airflow/example_dags/example_params_trigger_ui.py
[2026-05-24T17:22:45.703+0000] {processor.py:840} INFO - DAG(s) 'example_params_trigger_ui' retrieved from /home/varn1t/ml-pipeline/venv/lib/python3.11/site-packages/airflow/example_dags/example_params_trigger_ui.py
[2026-05-24T17:22:45.723+0000] {logging_mixin.py:188} INFO - [2026-05-24T17:22:45.722+0000] {dag.py:3096} INFO - Sync 1 DAGs
[2026-05-24T17:22:45.730+0000] {logging_mixin.py:188} INFO - [2026-05-24T17:22:45.729+0000] {dag.py:3954} INFO - Setting next_dagrun for example_params_trigger_ui to None, run_after=None
[2026-05-24T17:22:45.756+0000] {processor.py:183} INFO - Processing /home/varn1t/ml-pipeline/venv/lib/python3.11/site-packages/airflow/example_dags/example_params_trigger_ui.py took 0.069 seconds
[2026-05-24T17:23:31.228+0000] {processor.py:161} INFO - Started process (PID=32717) to work on /home/varn1t/ml-pipeline/venv/lib/python3.11/site-packages/airflow/example_dags/example_params_trigger_ui.py
[2026-05-24T17:23:31.229+0000] {processor.py:830} INFO - Processing file /home/varn1t/ml-pipeline/venv/lib/python3.11/site-packages/airflow/example_dags/example_params_trigger_ui.py for tasks to queue
[2026-05-24T17:23:31.230+0000] {logging_mixin.py:188} INFO - [2026-05-24T17:23:31.230+0000] {dagbag.py:545} INFO - Filling up the DagBag from /home/varn1t/ml-pipeline/venv/lib/python3.11/site-packages/airflow/example_dags/example_params_trigger_ui.py
[2026-05-24T17:23:31.243+0000] {processor.py:840} INFO - DAG(s) 'example_params_trigger_ui' retrieved from /home/varn1t/ml-pipeline/venv/lib/python3.11/site-packages/airflow/example_dags/example_params_trigger_ui.py
[2026-05-24T17:23:31.275+0000] {logging_mixin.py:188} INFO - [2026-05-24T17:23:31.275+0000] {dag.py:3096} INFO - Sync 1 DAGs
[2026-05-24T17:23:31.282+0000] {logging_mixin.py:188} INFO - [2026-05-24T17:23:31.282+0000] {dag.py:3954} INFO - Setting next_dagrun for example_params_trigger_ui to None, run_after=None
[2026-05-24T17:23:31.299+0000] {processor.py:183} INFO - Processing /home/varn1t/ml-pipeline/venv/lib/python3.11/site-packages/airflow/example_dags/example_params_trigger_ui.py took 0.077 seconds
[2026-05-24T17:24:33.850+0000] {processor.py:161} INFO - Started process (PID=33145) to work on /home/varn1t/ml-pipeline/venv/lib/python3.11/site-packages/airflow/example_dags/example_params_trigger_ui.py
[2026-05-24T17:24:33.851+0000] {processor.py:830} INFO - Processing file /home/varn1t/ml-pipeline/venv/lib/python3.11/site-packages/airflow/example_dags/example_params_trigger_ui.py for tasks to queue
[2026-05-24T17:24:33.852+0000] {logging_mixin.py:188} INFO - [2026-05-24T17:24:33.852+0000] {dagbag.py:545} INFO - Filling up the DagBag from /home/varn1t/ml-pipeline/venv/lib/python3.11/site-packages/airflow/example_dags/example_params_trigger_ui.py
[2026-05-24T17:24:33.865+0000] {processor.py:840} INFO - DAG(s) 'example_params_trigger_ui' retrieved from /home/varn1t/ml-pipeline/venv/lib/python3.11/site-packages/airflow/example_dags/example_params_trigger_ui.py
[2026-05-24T17:24:33.885+0000] {logging_mixin.py:188} INFO - [2026-05-24T17:24:33.885+0000] {dag.py:3096} INFO - Sync 1 DAGs
[2026-05-24T17:24:33.892+0000] {logging_mixin.py:188} INFO - [2026-05-24T17:24:33.892+0000] {dag.py:3954} INFO - Setting next_dagrun for example_params_trigger_ui to None, run_after=None
[2026-05-24T17:24:33.913+0000] {processor.py:183} INFO - Processing /home/varn1t/ml-pipeline/venv/lib/python3.11/site-packages/airflow/example_dags/example_params_trigger_ui.py took 0.068 seconds
[2026-05-24T17:25:20.462+0000] {processor.py:161} INFO - Started process (PID=33385) to work on /home/varn1t/ml-pipeline/venv/lib/python3.11/site-packages/airflow/example_dags/example_params_trigger_ui.py
[2026-05-24T17:25:20.463+0000] {processor.py:830} INFO - Processing file /home/varn1t/ml-pipeline/venv/lib/python3.11/site-packages/airflow/example_dags/example_params_trigger_ui.py for tasks to queue
[2026-05-24T17:25:20.464+0000] {logging_mixin.py:188} INFO - [2026-05-24T17:25:20.464+0000] {dagbag.py:545} INFO - Filling up the DagBag from /home/varn1t/ml-pipeline/venv/lib/python3.11/site-packages/airflow/example_dags/example_params_trigger_ui.py
[2026-05-24T17:25:20.473+0000] {processor.py:840} INFO - DAG(s) 'example_params_trigger_ui' retrieved from /home/varn1t/ml-pipeline/venv/lib/python3.11/site-packages/airflow/example_dags/example_params_trigger_ui.py
[2026-05-24T17:25:20.492+0000] {logging_mixin.py:188} INFO - [2026-05-24T17:25:20.492+0000] {dag.py:3096} INFO - Sync 1 DAGs
[2026-05-24T17:25:20.497+0000] {logging_mixin.py:188} INFO - [2026-05-24T17:25:20.497+0000] {dag.py:3954} INFO - Setting next_dagrun for example_params_trigger_ui to None, run_after=None
[2026-05-24T17:25:20.513+0000] {processor.py:183} INFO - Processing /home/varn1t/ml-pipeline/venv/lib/python3.11/site-packages/airflow/example_dags/example_params_trigger_ui.py took 0.056 seconds
