[2026-05-24T13:29:16.963+0000] {processor.py:161} INFO - Started process (PID=4218) to work on /home/varn1t/ml-pipeline/venv/lib/python3.11/site-packages/airflow/example_dags/example_setup_teardown_taskflow.py
[2026-05-24T13:29:16.964+0000] {processor.py:830} INFO - Processing file /home/varn1t/ml-pipeline/venv/lib/python3.11/site-packages/airflow/example_dags/example_setup_teardown_taskflow.py for tasks to queue
[2026-05-24T13:29:16.965+0000] {logging_mixin.py:188} INFO - [2026-05-24T13:29:16.965+0000] {dagbag.py:545} INFO - Filling up the DagBag from /home/varn1t/ml-pipeline/venv/lib/python3.11/site-packages/airflow/example_dags/example_setup_teardown_taskflow.py
[2026-05-24T13:29:16.972+0000] {processor.py:840} INFO - DAG(s) 'example_setup_teardown_taskflow' retrieved from /home/varn1t/ml-pipeline/venv/lib/python3.11/site-packages/airflow/example_dags/example_setup_teardown_taskflow.py
[2026-05-24T13:29:17.047+0000] {logging_mixin.py:188} INFO - [2026-05-24T13:29:17.047+0000] {dag.py:3096} INFO - Sync 1 DAGs
[2026-05-24T13:29:17.200+0000] {logging_mixin.py:188} INFO - [2026-05-24T13:29:17.200+0000] {dag.py:3954} INFO - Setting next_dagrun for example_setup_teardown_taskflow to 2026-05-23 00:00:00+00:00, run_after=2026-05-24 00:00:00+00:00
[2026-05-24T13:29:17.216+0000] {processor.py:183} INFO - Processing /home/varn1t/ml-pipeline/venv/lib/python3.11/site-packages/airflow/example_dags/example_setup_teardown_taskflow.py took 0.257 seconds
[2026-05-24T13:30:08.516+0000] {processor.py:161} INFO - Started process (PID=4438) to work on /home/varn1t/ml-pipeline/venv/lib/python3.11/site-packages/airflow/example_dags/example_setup_teardown_taskflow.py
[2026-05-24T13:30:08.517+0000] {processor.py:830} INFO - Processing file /home/varn1t/ml-pipeline/venv/lib/python3.11/site-packages/airflow/example_dags/example_setup_teardown_taskflow.py for tasks to queue
[2026-05-24T13:30:08.519+0000] {logging_mixin.py:188} INFO - [2026-05-24T13:30:08.518+0000] {dagbag.py:545} INFO - Filling up the DagBag from /home/varn1t/ml-pipeline/venv/lib/python3.11/site-packages/airflow/example_dags/example_setup_teardown_taskflow.py
[2026-05-24T13:30:08.528+0000] {processor.py:840} INFO - DAG(s) 'example_setup_teardown_taskflow' retrieved from /home/varn1t/ml-pipeline/venv/lib/python3.11/site-packages/airflow/example_dags/example_setup_teardown_taskflow.py
[2026-05-24T13:30:08.543+0000] {logging_mixin.py:188} INFO - [2026-05-24T13:30:08.543+0000] {dag.py:3096} INFO - Sync 1 DAGs
[2026-05-24T13:30:08.556+0000] {logging_mixin.py:188} INFO - [2026-05-24T13:30:08.556+0000] {dag.py:3954} INFO - Setting next_dagrun for example_setup_teardown_taskflow to 2026-05-23 00:00:00+00:00, run_after=2026-05-24 00:00:00+00:00
[2026-05-24T13:30:08.692+0000] {processor.py:183} INFO - Processing /home/varn1t/ml-pipeline/venv/lib/python3.11/site-packages/airflow/example_dags/example_setup_teardown_taskflow.py took 0.181 seconds
[2026-05-24T13:31:15.662+0000] {processor.py:161} INFO - Started process (PID=4729) to work on /home/varn1t/ml-pipeline/venv/lib/python3.11/site-packages/airflow/example_dags/example_setup_teardown_taskflow.py
[2026-05-24T13:31:15.663+0000] {processor.py:830} INFO - Processing file /home/varn1t/ml-pipeline/venv/lib/python3.11/site-packages/airflow/example_dags/example_setup_teardown_taskflow.py for tasks to queue
[2026-05-24T13:31:15.664+0000] {logging_mixin.py:188} INFO - [2026-05-24T13:31:15.664+0000] {dagbag.py:545} INFO - Filling up the DagBag from /home/varn1t/ml-pipeline/venv/lib/python3.11/site-packages/airflow/example_dags/example_setup_teardown_taskflow.py
[2026-05-24T13:31:15.671+0000] {processor.py:840} INFO - DAG(s) 'example_setup_teardown_taskflow' retrieved from /home/varn1t/ml-pipeline/venv/lib/python3.11/site-packages/airflow/example_dags/example_setup_teardown_taskflow.py
[2026-05-24T13:31:15.685+0000] {logging_mixin.py:188} INFO - [2026-05-24T13:31:15.685+0000] {dag.py:3096} INFO - Sync 1 DAGs
[2026-05-24T13:31:15.700+0000] {logging_mixin.py:188} INFO - [2026-05-24T13:31:15.700+0000] {dag.py:3954} INFO - Setting next_dagrun for example_setup_teardown_taskflow to 2026-05-23 00:00:00+00:00, run_after=2026-05-24 00:00:00+00:00
[2026-05-24T13:31:15.718+0000] {processor.py:183} INFO - Processing /home/varn1t/ml-pipeline/venv/lib/python3.11/site-packages/airflow/example_dags/example_setup_teardown_taskflow.py took 0.059 seconds
[2026-05-24T13:32:14.347+0000] {processor.py:161} INFO - Started process (PID=4992) to work on /home/varn1t/ml-pipeline/venv/lib/python3.11/site-packages/airflow/example_dags/example_setup_teardown_taskflow.py
[2026-05-24T13:32:14.348+0000] {processor.py:830} INFO - Processing file /home/varn1t/ml-pipeline/venv/lib/python3.11/site-packages/airflow/example_dags/example_setup_teardown_taskflow.py for tasks to queue
[2026-05-24T13:32:14.349+0000] {logging_mixin.py:188} INFO - [2026-05-24T13:32:14.349+0000] {dagbag.py:545} INFO - Filling up the DagBag from /home/varn1t/ml-pipeline/venv/lib/python3.11/site-packages/airflow/example_dags/example_setup_teardown_taskflow.py
[2026-05-24T13:32:14.356+0000] {processor.py:840} INFO - DAG(s) 'example_setup_teardown_taskflow' retrieved from /home/varn1t/ml-pipeline/venv/lib/python3.11/site-packages/airflow/example_dags/example_setup_teardown_taskflow.py
[2026-05-24T13:32:14.368+0000] {logging_mixin.py:188} INFO - [2026-05-24T13:32:14.368+0000] {dag.py:3096} INFO - Sync 1 DAGs
[2026-05-24T13:32:14.380+0000] {logging_mixin.py:188} INFO - [2026-05-24T13:32:14.380+0000] {dag.py:3954} INFO - Setting next_dagrun for example_setup_teardown_taskflow to 2026-05-23 00:00:00+00:00, run_after=2026-05-24 00:00:00+00:00
[2026-05-24T13:32:14.397+0000] {processor.py:183} INFO - Processing /home/varn1t/ml-pipeline/venv/lib/python3.11/site-packages/airflow/example_dags/example_setup_teardown_taskflow.py took 0.054 seconds
[2026-05-24T13:33:12.519+0000] {processor.py:161} INFO - Started process (PID=5253) to work on /home/varn1t/ml-pipeline/venv/lib/python3.11/site-packages/airflow/example_dags/example_setup_teardown_taskflow.py
[2026-05-24T13:33:12.520+0000] {processor.py:830} INFO - Processing file /home/varn1t/ml-pipeline/venv/lib/python3.11/site-packages/airflow/example_dags/example_setup_teardown_taskflow.py for tasks to queue
[2026-05-24T13:33:12.521+0000] {logging_mixin.py:188} INFO - [2026-05-24T13:33:12.521+0000] {dagbag.py:545} INFO - Filling up the DagBag from /home/varn1t/ml-pipeline/venv/lib/python3.11/site-packages/airflow/example_dags/example_setup_teardown_taskflow.py
[2026-05-24T13:33:12.527+0000] {processor.py:840} INFO - DAG(s) 'example_setup_teardown_taskflow' retrieved from /home/varn1t/ml-pipeline/venv/lib/python3.11/site-packages/airflow/example_dags/example_setup_teardown_taskflow.py
[2026-05-24T13:33:12.538+0000] {logging_mixin.py:188} INFO - [2026-05-24T13:33:12.538+0000] {dag.py:3096} INFO - Sync 1 DAGs
[2026-05-24T13:33:12.552+0000] {logging_mixin.py:188} INFO - [2026-05-24T13:33:12.552+0000] {dag.py:3954} INFO - Setting next_dagrun for example_setup_teardown_taskflow to 2026-05-23 00:00:00+00:00, run_after=2026-05-24 00:00:00+00:00
[2026-05-24T13:33:12.567+0000] {processor.py:183} INFO - Processing /home/varn1t/ml-pipeline/venv/lib/python3.11/site-packages/airflow/example_dags/example_setup_teardown_taskflow.py took 0.053 seconds
[2026-05-24T13:34:08.669+0000] {processor.py:161} INFO - Started process (PID=5717) to work on /home/varn1t/ml-pipeline/venv/lib/python3.11/site-packages/airflow/example_dags/example_setup_teardown_taskflow.py
[2026-05-24T13:34:08.670+0000] {processor.py:830} INFO - Processing file /home/varn1t/ml-pipeline/venv/lib/python3.11/site-packages/airflow/example_dags/example_setup_teardown_taskflow.py for tasks to queue
[2026-05-24T13:34:08.670+0000] {logging_mixin.py:188} INFO - [2026-05-24T13:34:08.670+0000] {dagbag.py:545} INFO - Filling up the DagBag from /home/varn1t/ml-pipeline/venv/lib/python3.11/site-packages/airflow/example_dags/example_setup_teardown_taskflow.py
[2026-05-24T13:34:08.678+0000] {processor.py:840} INFO - DAG(s) 'example_setup_teardown_taskflow' retrieved from /home/varn1t/ml-pipeline/venv/lib/python3.11/site-packages/airflow/example_dags/example_setup_teardown_taskflow.py
[2026-05-24T13:34:08.689+0000] {logging_mixin.py:188} INFO - [2026-05-24T13:34:08.689+0000] {dag.py:3096} INFO - Sync 1 DAGs
[2026-05-24T13:34:08.702+0000] {logging_mixin.py:188} INFO - [2026-05-24T13:34:08.702+0000] {dag.py:3954} INFO - Setting next_dagrun for example_setup_teardown_taskflow to 2026-05-23 00:00:00+00:00, run_after=2026-05-24 00:00:00+00:00
[2026-05-24T13:34:08.717+0000] {processor.py:183} INFO - Processing /home/varn1t/ml-pipeline/venv/lib/python3.11/site-packages/airflow/example_dags/example_setup_teardown_taskflow.py took 0.053 seconds
[2026-05-24T13:35:05.578+0000] {processor.py:161} INFO - Started process (PID=6028) to work on /home/varn1t/ml-pipeline/venv/lib/python3.11/site-packages/airflow/example_dags/example_setup_teardown_taskflow.py
[2026-05-24T13:35:05.579+0000] {processor.py:830} INFO - Processing file /home/varn1t/ml-pipeline/venv/lib/python3.11/site-packages/airflow/example_dags/example_setup_teardown_taskflow.py for tasks to queue
[2026-05-24T13:35:05.580+0000] {logging_mixin.py:188} INFO - [2026-05-24T13:35:05.579+0000] {dagbag.py:545} INFO - Filling up the DagBag from /home/varn1t/ml-pipeline/venv/lib/python3.11/site-packages/airflow/example_dags/example_setup_teardown_taskflow.py
[2026-05-24T13:35:05.586+0000] {processor.py:840} INFO - DAG(s) 'example_setup_teardown_taskflow' retrieved from /home/varn1t/ml-pipeline/venv/lib/python3.11/site-packages/airflow/example_dags/example_setup_teardown_taskflow.py
[2026-05-24T13:35:05.596+0000] {logging_mixin.py:188} INFO - [2026-05-24T13:35:05.596+0000] {dag.py:3096} INFO - Sync 1 DAGs
[2026-05-24T13:35:05.606+0000] {logging_mixin.py:188} INFO - [2026-05-24T13:35:05.606+0000] {dag.py:3954} INFO - Setting next_dagrun for example_setup_teardown_taskflow to 2026-05-23 00:00:00+00:00, run_after=2026-05-24 00:00:00+00:00
[2026-05-24T13:35:05.618+0000] {processor.py:183} INFO - Processing /home/varn1t/ml-pipeline/venv/lib/python3.11/site-packages/airflow/example_dags/example_setup_teardown_taskflow.py took 0.044 seconds
[2026-05-24T13:36:04.338+0000] {processor.py:161} INFO - Started process (PID=6400) to work on /home/varn1t/ml-pipeline/venv/lib/python3.11/site-packages/airflow/example_dags/example_setup_teardown_taskflow.py
[2026-05-24T13:36:04.339+0000] {processor.py:830} INFO - Processing file /home/varn1t/ml-pipeline/venv/lib/python3.11/site-packages/airflow/example_dags/example_setup_teardown_taskflow.py for tasks to queue
[2026-05-24T13:36:04.340+0000] {logging_mixin.py:188} INFO - [2026-05-24T13:36:04.339+0000] {dagbag.py:545} INFO - Filling up the DagBag from /home/varn1t/ml-pipeline/venv/lib/python3.11/site-packages/airflow/example_dags/example_setup_teardown_taskflow.py
[2026-05-24T13:36:04.347+0000] {processor.py:840} INFO - DAG(s) 'example_setup_teardown_taskflow' retrieved from /home/varn1t/ml-pipeline/venv/lib/python3.11/site-packages/airflow/example_dags/example_setup_teardown_taskflow.py
[2026-05-24T13:36:04.359+0000] {logging_mixin.py:188} INFO - [2026-05-24T13:36:04.359+0000] {dag.py:3096} INFO - Sync 1 DAGs
[2026-05-24T13:36:04.373+0000] {logging_mixin.py:188} INFO - [2026-05-24T13:36:04.372+0000] {dag.py:3954} INFO - Setting next_dagrun for example_setup_teardown_taskflow to 2026-05-23 00:00:00+00:00, run_after=2026-05-24 00:00:00+00:00
[2026-05-24T13:36:04.387+0000] {processor.py:183} INFO - Processing /home/varn1t/ml-pipeline/venv/lib/python3.11/site-packages/airflow/example_dags/example_setup_teardown_taskflow.py took 0.053 seconds
[2026-05-24T13:37:11.347+0000] {processor.py:161} INFO - Started process (PID=6959) to work on /home/varn1t/ml-pipeline/venv/lib/python3.11/site-packages/airflow/example_dags/example_setup_teardown_taskflow.py
[2026-05-24T13:37:11.348+0000] {processor.py:830} INFO - Processing file /home/varn1t/ml-pipeline/venv/lib/python3.11/site-packages/airflow/example_dags/example_setup_teardown_taskflow.py for tasks to queue
[2026-05-24T13:37:11.349+0000] {logging_mixin.py:188} INFO - [2026-05-24T13:37:11.349+0000] {dagbag.py:545} INFO - Filling up the DagBag from /home/varn1t/ml-pipeline/venv/lib/python3.11/site-packages/airflow/example_dags/example_setup_teardown_taskflow.py
[2026-05-24T13:37:11.357+0000] {processor.py:840} INFO - DAG(s) 'example_setup_teardown_taskflow' retrieved from /home/varn1t/ml-pipeline/venv/lib/python3.11/site-packages/airflow/example_dags/example_setup_teardown_taskflow.py
[2026-05-24T13:37:11.369+0000] {logging_mixin.py:188} INFO - [2026-05-24T13:37:11.369+0000] {dag.py:3096} INFO - Sync 1 DAGs
[2026-05-24T13:37:11.381+0000] {logging_mixin.py:188} INFO - [2026-05-24T13:37:11.381+0000] {dag.py:3954} INFO - Setting next_dagrun for example_setup_teardown_taskflow to 2026-05-23 00:00:00+00:00, run_after=2026-05-24 00:00:00+00:00
[2026-05-24T13:37:11.398+0000] {processor.py:183} INFO - Processing /home/varn1t/ml-pipeline/venv/lib/python3.11/site-packages/airflow/example_dags/example_setup_teardown_taskflow.py took 0.055 seconds
[2026-05-24T13:38:03.266+0000] {processor.py:161} INFO - Started process (PID=7329) to work on /home/varn1t/ml-pipeline/venv/lib/python3.11/site-packages/airflow/example_dags/example_setup_teardown_taskflow.py
[2026-05-24T13:38:03.267+0000] {processor.py:830} INFO - Processing file /home/varn1t/ml-pipeline/venv/lib/python3.11/site-packages/airflow/example_dags/example_setup_teardown_taskflow.py for tasks to queue
[2026-05-24T13:38:03.268+0000] {logging_mixin.py:188} INFO - [2026-05-24T13:38:03.267+0000] {dagbag.py:545} INFO - Filling up the DagBag from /home/varn1t/ml-pipeline/venv/lib/python3.11/site-packages/airflow/example_dags/example_setup_teardown_taskflow.py
[2026-05-24T13:38:03.278+0000] {processor.py:840} INFO - DAG(s) 'example_setup_teardown_taskflow' retrieved from /home/varn1t/ml-pipeline/venv/lib/python3.11/site-packages/airflow/example_dags/example_setup_teardown_taskflow.py
[2026-05-24T13:38:03.293+0000] {logging_mixin.py:188} INFO - [2026-05-24T13:38:03.293+0000] {dag.py:3096} INFO - Sync 1 DAGs
[2026-05-24T13:38:03.309+0000] {logging_mixin.py:188} INFO - [2026-05-24T13:38:03.309+0000] {dag.py:3954} INFO - Setting next_dagrun for example_setup_teardown_taskflow to 2026-05-23 00:00:00+00:00, run_after=2026-05-24 00:00:00+00:00
[2026-05-24T13:38:03.328+0000] {processor.py:183} INFO - Processing /home/varn1t/ml-pipeline/venv/lib/python3.11/site-packages/airflow/example_dags/example_setup_teardown_taskflow.py took 0.068 seconds
[2026-05-24T13:38:59.958+0000] {processor.py:161} INFO - Started process (PID=7593) to work on /home/varn1t/ml-pipeline/venv/lib/python3.11/site-packages/airflow/example_dags/example_setup_teardown_taskflow.py
[2026-05-24T13:38:59.959+0000] {processor.py:830} INFO - Processing file /home/varn1t/ml-pipeline/venv/lib/python3.11/site-packages/airflow/example_dags/example_setup_teardown_taskflow.py for tasks to queue
[2026-05-24T13:38:59.959+0000] {logging_mixin.py:188} INFO - [2026-05-24T13:38:59.959+0000] {dagbag.py:545} INFO - Filling up the DagBag from /home/varn1t/ml-pipeline/venv/lib/python3.11/site-packages/airflow/example_dags/example_setup_teardown_taskflow.py
[2026-05-24T13:38:59.967+0000] {processor.py:840} INFO - DAG(s) 'example_setup_teardown_taskflow' retrieved from /home/varn1t/ml-pipeline/venv/lib/python3.11/site-packages/airflow/example_dags/example_setup_teardown_taskflow.py
[2026-05-24T13:38:59.979+0000] {logging_mixin.py:188} INFO - [2026-05-24T13:38:59.979+0000] {dag.py:3096} INFO - Sync 1 DAGs
[2026-05-24T13:38:59.991+0000] {logging_mixin.py:188} INFO - [2026-05-24T13:38:59.991+0000] {dag.py:3954} INFO - Setting next_dagrun for example_setup_teardown_taskflow to 2026-05-23 00:00:00+00:00, run_after=2026-05-24 00:00:00+00:00
[2026-05-24T13:39:00.006+0000] {processor.py:183} INFO - Processing /home/varn1t/ml-pipeline/venv/lib/python3.11/site-packages/airflow/example_dags/example_setup_teardown_taskflow.py took 0.052 seconds
[2026-05-24T13:40:02.051+0000] {processor.py:161} INFO - Started process (PID=7875) to work on /home/varn1t/ml-pipeline/venv/lib/python3.11/site-packages/airflow/example_dags/example_setup_teardown_taskflow.py
[2026-05-24T13:40:02.052+0000] {processor.py:830} INFO - Processing file /home/varn1t/ml-pipeline/venv/lib/python3.11/site-packages/airflow/example_dags/example_setup_teardown_taskflow.py for tasks to queue
[2026-05-24T13:40:02.053+0000] {logging_mixin.py:188} INFO - [2026-05-24T13:40:02.052+0000] {dagbag.py:545} INFO - Filling up the DagBag from /home/varn1t/ml-pipeline/venv/lib/python3.11/site-packages/airflow/example_dags/example_setup_teardown_taskflow.py
[2026-05-24T13:40:02.060+0000] {processor.py:840} INFO - DAG(s) 'example_setup_teardown_taskflow' retrieved from /home/varn1t/ml-pipeline/venv/lib/python3.11/site-packages/airflow/example_dags/example_setup_teardown_taskflow.py
[2026-05-24T13:40:02.072+0000] {logging_mixin.py:188} INFO - [2026-05-24T13:40:02.072+0000] {dag.py:3096} INFO - Sync 1 DAGs
[2026-05-24T13:40:02.086+0000] {logging_mixin.py:188} INFO - [2026-05-24T13:40:02.086+0000] {dag.py:3954} INFO - Setting next_dagrun for example_setup_teardown_taskflow to 2026-05-23 00:00:00+00:00, run_after=2026-05-24 00:00:00+00:00
[2026-05-24T13:40:02.100+0000] {processor.py:183} INFO - Processing /home/varn1t/ml-pipeline/venv/lib/python3.11/site-packages/airflow/example_dags/example_setup_teardown_taskflow.py took 0.053 seconds
[2026-05-24T13:40:59.234+0000] {processor.py:161} INFO - Started process (PID=8115) to work on /home/varn1t/ml-pipeline/venv/lib/python3.11/site-packages/airflow/example_dags/example_setup_teardown_taskflow.py
[2026-05-24T13:40:59.235+0000] {processor.py:830} INFO - Processing file /home/varn1t/ml-pipeline/venv/lib/python3.11/site-packages/airflow/example_dags/example_setup_teardown_taskflow.py for tasks to queue
[2026-05-24T13:40:59.236+0000] {logging_mixin.py:188} INFO - [2026-05-24T13:40:59.235+0000] {dagbag.py:545} INFO - Filling up the DagBag from /home/varn1t/ml-pipeline/venv/lib/python3.11/site-packages/airflow/example_dags/example_setup_teardown_taskflow.py
[2026-05-24T13:40:59.245+0000] {processor.py:840} INFO - DAG(s) 'example_setup_teardown_taskflow' retrieved from /home/varn1t/ml-pipeline/venv/lib/python3.11/site-packages/airflow/example_dags/example_setup_teardown_taskflow.py
[2026-05-24T13:40:59.256+0000] {logging_mixin.py:188} INFO - [2026-05-24T13:40:59.256+0000] {dag.py:3096} INFO - Sync 1 DAGs
[2026-05-24T13:40:59.271+0000] {logging_mixin.py:188} INFO - [2026-05-24T13:40:59.271+0000] {dag.py:3954} INFO - Setting next_dagrun for example_setup_teardown_taskflow to 2026-05-23 00:00:00+00:00, run_after=2026-05-24 00:00:00+00:00
[2026-05-24T13:40:59.289+0000] {processor.py:183} INFO - Processing /home/varn1t/ml-pipeline/venv/lib/python3.11/site-packages/airflow/example_dags/example_setup_teardown_taskflow.py took 0.060 seconds
[2026-05-24T13:41:58.618+0000] {processor.py:161} INFO - Started process (PID=8388) to work on /home/varn1t/ml-pipeline/venv/lib/python3.11/site-packages/airflow/example_dags/example_setup_teardown_taskflow.py
[2026-05-24T13:41:58.619+0000] {processor.py:830} INFO - Processing file /home/varn1t/ml-pipeline/venv/lib/python3.11/site-packages/airflow/example_dags/example_setup_teardown_taskflow.py for tasks to queue
[2026-05-24T13:41:58.620+0000] {logging_mixin.py:188} INFO - [2026-05-24T13:41:58.619+0000] {dagbag.py:545} INFO - Filling up the DagBag from /home/varn1t/ml-pipeline/venv/lib/python3.11/site-packages/airflow/example_dags/example_setup_teardown_taskflow.py
[2026-05-24T13:41:58.626+0000] {processor.py:840} INFO - DAG(s) 'example_setup_teardown_taskflow' retrieved from /home/varn1t/ml-pipeline/venv/lib/python3.11/site-packages/airflow/example_dags/example_setup_teardown_taskflow.py
[2026-05-24T13:41:58.637+0000] {logging_mixin.py:188} INFO - [2026-05-24T13:41:58.637+0000] {dag.py:3096} INFO - Sync 1 DAGs
[2026-05-24T13:41:58.648+0000] {logging_mixin.py:188} INFO - [2026-05-24T13:41:58.648+0000] {dag.py:3954} INFO - Setting next_dagrun for example_setup_teardown_taskflow to 2026-05-23 00:00:00+00:00, run_after=2026-05-24 00:00:00+00:00
[2026-05-24T13:41:58.663+0000] {processor.py:183} INFO - Processing /home/varn1t/ml-pipeline/venv/lib/python3.11/site-packages/airflow/example_dags/example_setup_teardown_taskflow.py took 0.048 seconds
[2026-05-24T13:43:02.557+0000] {processor.py:161} INFO - Started process (PID=8655) to work on /home/varn1t/ml-pipeline/venv/lib/python3.11/site-packages/airflow/example_dags/example_setup_teardown_taskflow.py
[2026-05-24T13:43:02.558+0000] {processor.py:830} INFO - Processing file /home/varn1t/ml-pipeline/venv/lib/python3.11/site-packages/airflow/example_dags/example_setup_teardown_taskflow.py for tasks to queue
[2026-05-24T13:43:02.559+0000] {logging_mixin.py:188} INFO - [2026-05-24T13:43:02.559+0000] {dagbag.py:545} INFO - Filling up the DagBag from /home/varn1t/ml-pipeline/venv/lib/python3.11/site-packages/airflow/example_dags/example_setup_teardown_taskflow.py
[2026-05-24T13:43:02.567+0000] {processor.py:840} INFO - DAG(s) 'example_setup_teardown_taskflow' retrieved from /home/varn1t/ml-pipeline/venv/lib/python3.11/site-packages/airflow/example_dags/example_setup_teardown_taskflow.py
[2026-05-24T13:43:02.578+0000] {logging_mixin.py:188} INFO - [2026-05-24T13:43:02.578+0000] {dag.py:3096} INFO - Sync 1 DAGs
[2026-05-24T13:43:02.591+0000] {logging_mixin.py:188} INFO - [2026-05-24T13:43:02.590+0000] {dag.py:3954} INFO - Setting next_dagrun for example_setup_teardown_taskflow to 2026-05-23 00:00:00+00:00, run_after=2026-05-24 00:00:00+00:00
[2026-05-24T13:43:02.605+0000] {processor.py:183} INFO - Processing /home/varn1t/ml-pipeline/venv/lib/python3.11/site-packages/airflow/example_dags/example_setup_teardown_taskflow.py took 0.052 seconds
[2026-05-24T13:44:05.299+0000] {processor.py:161} INFO - Started process (PID=8964) to work on /home/varn1t/ml-pipeline/venv/lib/python3.11/site-packages/airflow/example_dags/example_setup_teardown_taskflow.py
[2026-05-24T13:44:05.299+0000] {processor.py:830} INFO - Processing file /home/varn1t/ml-pipeline/venv/lib/python3.11/site-packages/airflow/example_dags/example_setup_teardown_taskflow.py for tasks to queue
[2026-05-24T13:44:05.300+0000] {logging_mixin.py:188} INFO - [2026-05-24T13:44:05.300+0000] {dagbag.py:545} INFO - Filling up the DagBag from /home/varn1t/ml-pipeline/venv/lib/python3.11/site-packages/airflow/example_dags/example_setup_teardown_taskflow.py
[2026-05-24T13:44:05.307+0000] {processor.py:840} INFO - DAG(s) 'example_setup_teardown_taskflow' retrieved from /home/varn1t/ml-pipeline/venv/lib/python3.11/site-packages/airflow/example_dags/example_setup_teardown_taskflow.py
[2026-05-24T13:44:05.319+0000] {logging_mixin.py:188} INFO - [2026-05-24T13:44:05.318+0000] {dag.py:3096} INFO - Sync 1 DAGs
[2026-05-24T13:44:05.332+0000] {logging_mixin.py:188} INFO - [2026-05-24T13:44:05.332+0000] {dag.py:3954} INFO - Setting next_dagrun for example_setup_teardown_taskflow to 2026-05-23 00:00:00+00:00, run_after=2026-05-24 00:00:00+00:00
[2026-05-24T13:44:05.354+0000] {processor.py:183} INFO - Processing /home/varn1t/ml-pipeline/venv/lib/python3.11/site-packages/airflow/example_dags/example_setup_teardown_taskflow.py took 0.060 seconds
[2026-05-24T13:45:09.958+0000] {processor.py:161} INFO - Started process (PID=9233) to work on /home/varn1t/ml-pipeline/venv/lib/python3.11/site-packages/airflow/example_dags/example_setup_teardown_taskflow.py
[2026-05-24T13:45:09.960+0000] {processor.py:830} INFO - Processing file /home/varn1t/ml-pipeline/venv/lib/python3.11/site-packages/airflow/example_dags/example_setup_teardown_taskflow.py for tasks to queue
[2026-05-24T13:45:09.960+0000] {logging_mixin.py:188} INFO - [2026-05-24T13:45:09.960+0000] {dagbag.py:545} INFO - Filling up the DagBag from /home/varn1t/ml-pipeline/venv/lib/python3.11/site-packages/airflow/example_dags/example_setup_teardown_taskflow.py
[2026-05-24T13:45:09.968+0000] {processor.py:840} INFO - DAG(s) 'example_setup_teardown_taskflow' retrieved from /home/varn1t/ml-pipeline/venv/lib/python3.11/site-packages/airflow/example_dags/example_setup_teardown_taskflow.py
[2026-05-24T13:45:09.980+0000] {logging_mixin.py:188} INFO - [2026-05-24T13:45:09.980+0000] {dag.py:3096} INFO - Sync 1 DAGs
[2026-05-24T13:45:09.994+0000] {logging_mixin.py:188} INFO - [2026-05-24T13:45:09.994+0000] {dag.py:3954} INFO - Setting next_dagrun for example_setup_teardown_taskflow to 2026-05-23 00:00:00+00:00, run_after=2026-05-24 00:00:00+00:00
[2026-05-24T13:45:10.009+0000] {processor.py:183} INFO - Processing /home/varn1t/ml-pipeline/venv/lib/python3.11/site-packages/airflow/example_dags/example_setup_teardown_taskflow.py took 0.055 seconds
[2026-05-24T13:46:12.721+0000] {processor.py:161} INFO - Started process (PID=9510) to work on /home/varn1t/ml-pipeline/venv/lib/python3.11/site-packages/airflow/example_dags/example_setup_teardown_taskflow.py
[2026-05-24T13:46:12.722+0000] {processor.py:830} INFO - Processing file /home/varn1t/ml-pipeline/venv/lib/python3.11/site-packages/airflow/example_dags/example_setup_teardown_taskflow.py for tasks to queue
[2026-05-24T13:46:12.723+0000] {logging_mixin.py:188} INFO - [2026-05-24T13:46:12.722+0000] {dagbag.py:545} INFO - Filling up the DagBag from /home/varn1t/ml-pipeline/venv/lib/python3.11/site-packages/airflow/example_dags/example_setup_teardown_taskflow.py
[2026-05-24T13:46:12.729+0000] {processor.py:840} INFO - DAG(s) 'example_setup_teardown_taskflow' retrieved from /home/varn1t/ml-pipeline/venv/lib/python3.11/site-packages/airflow/example_dags/example_setup_teardown_taskflow.py
[2026-05-24T13:46:12.742+0000] {logging_mixin.py:188} INFO - [2026-05-24T13:46:12.741+0000] {dag.py:3096} INFO - Sync 1 DAGs
[2026-05-24T13:46:12.755+0000] {logging_mixin.py:188} INFO - [2026-05-24T13:46:12.755+0000] {dag.py:3954} INFO - Setting next_dagrun for example_setup_teardown_taskflow to 2026-05-23 00:00:00+00:00, run_after=2026-05-24 00:00:00+00:00
[2026-05-24T13:46:12.771+0000] {processor.py:183} INFO - Processing /home/varn1t/ml-pipeline/venv/lib/python3.11/site-packages/airflow/example_dags/example_setup_teardown_taskflow.py took 0.055 seconds
[2026-05-24T13:47:20.600+0000] {processor.py:161} INFO - Started process (PID=9798) to work on /home/varn1t/ml-pipeline/venv/lib/python3.11/site-packages/airflow/example_dags/example_setup_teardown_taskflow.py
[2026-05-24T13:47:20.601+0000] {processor.py:830} INFO - Processing file /home/varn1t/ml-pipeline/venv/lib/python3.11/site-packages/airflow/example_dags/example_setup_teardown_taskflow.py for tasks to queue
[2026-05-24T13:47:20.601+0000] {logging_mixin.py:188} INFO - [2026-05-24T13:47:20.601+0000] {dagbag.py:545} INFO - Filling up the DagBag from /home/varn1t/ml-pipeline/venv/lib/python3.11/site-packages/airflow/example_dags/example_setup_teardown_taskflow.py
[2026-05-24T13:47:20.608+0000] {processor.py:840} INFO - DAG(s) 'example_setup_teardown_taskflow' retrieved from /home/varn1t/ml-pipeline/venv/lib/python3.11/site-packages/airflow/example_dags/example_setup_teardown_taskflow.py
[2026-05-24T13:47:20.620+0000] {logging_mixin.py:188} INFO - [2026-05-24T13:47:20.620+0000] {dag.py:3096} INFO - Sync 1 DAGs
[2026-05-24T13:47:20.633+0000] {logging_mixin.py:188} INFO - [2026-05-24T13:47:20.633+0000] {dag.py:3954} INFO - Setting next_dagrun for example_setup_teardown_taskflow to 2026-05-23 00:00:00+00:00, run_after=2026-05-24 00:00:00+00:00
[2026-05-24T13:47:20.650+0000] {processor.py:183} INFO - Processing /home/varn1t/ml-pipeline/venv/lib/python3.11/site-packages/airflow/example_dags/example_setup_teardown_taskflow.py took 0.055 seconds
[2026-05-24T13:48:22.951+0000] {processor.py:161} INFO - Started process (PID=10226) to work on /home/varn1t/ml-pipeline/venv/lib/python3.11/site-packages/airflow/example_dags/example_setup_teardown_taskflow.py
[2026-05-24T13:48:22.952+0000] {processor.py:830} INFO - Processing file /home/varn1t/ml-pipeline/venv/lib/python3.11/site-packages/airflow/example_dags/example_setup_teardown_taskflow.py for tasks to queue
[2026-05-24T13:48:22.953+0000] {logging_mixin.py:188} INFO - [2026-05-24T13:48:22.952+0000] {dagbag.py:545} INFO - Filling up the DagBag from /home/varn1t/ml-pipeline/venv/lib/python3.11/site-packages/airflow/example_dags/example_setup_teardown_taskflow.py
[2026-05-24T13:48:22.962+0000] {processor.py:840} INFO - DAG(s) 'example_setup_teardown_taskflow' retrieved from /home/varn1t/ml-pipeline/venv/lib/python3.11/site-packages/airflow/example_dags/example_setup_teardown_taskflow.py
[2026-05-24T13:48:22.978+0000] {logging_mixin.py:188} INFO - [2026-05-24T13:48:22.978+0000] {dag.py:3096} INFO - Sync 1 DAGs
[2026-05-24T13:48:22.996+0000] {logging_mixin.py:188} INFO - [2026-05-24T13:48:22.996+0000] {dag.py:3954} INFO - Setting next_dagrun for example_setup_teardown_taskflow to 2026-05-23 00:00:00+00:00, run_after=2026-05-24 00:00:00+00:00
[2026-05-24T13:48:23.016+0000] {processor.py:183} INFO - Processing /home/varn1t/ml-pipeline/venv/lib/python3.11/site-packages/airflow/example_dags/example_setup_teardown_taskflow.py took 0.072 seconds
[2026-05-24T13:49:23.291+0000] {processor.py:161} INFO - Started process (PID=10907) to work on /home/varn1t/ml-pipeline/venv/lib/python3.11/site-packages/airflow/example_dags/example_setup_teardown_taskflow.py
[2026-05-24T13:49:23.292+0000] {processor.py:830} INFO - Processing file /home/varn1t/ml-pipeline/venv/lib/python3.11/site-packages/airflow/example_dags/example_setup_teardown_taskflow.py for tasks to queue
[2026-05-24T13:49:23.293+0000] {logging_mixin.py:188} INFO - [2026-05-24T13:49:23.292+0000] {dagbag.py:545} INFO - Filling up the DagBag from /home/varn1t/ml-pipeline/venv/lib/python3.11/site-packages/airflow/example_dags/example_setup_teardown_taskflow.py
[2026-05-24T13:49:23.299+0000] {processor.py:840} INFO - DAG(s) 'example_setup_teardown_taskflow' retrieved from /home/varn1t/ml-pipeline/venv/lib/python3.11/site-packages/airflow/example_dags/example_setup_teardown_taskflow.py
[2026-05-24T13:49:23.311+0000] {logging_mixin.py:188} INFO - [2026-05-24T13:49:23.311+0000] {dag.py:3096} INFO - Sync 1 DAGs
[2026-05-24T13:49:23.332+0000] {logging_mixin.py:188} INFO - [2026-05-24T13:49:23.332+0000] {dag.py:3954} INFO - Setting next_dagrun for example_setup_teardown_taskflow to 2026-05-23 00:00:00+00:00, run_after=2026-05-24 00:00:00+00:00
[2026-05-24T13:49:23.345+0000] {processor.py:183} INFO - Processing /home/varn1t/ml-pipeline/venv/lib/python3.11/site-packages/airflow/example_dags/example_setup_teardown_taskflow.py took 0.059 seconds
[2026-05-24T13:50:25.171+0000] {processor.py:161} INFO - Started process (PID=11477) to work on /home/varn1t/ml-pipeline/venv/lib/python3.11/site-packages/airflow/example_dags/example_setup_teardown_taskflow.py
[2026-05-24T13:50:25.172+0000] {processor.py:830} INFO - Processing file /home/varn1t/ml-pipeline/venv/lib/python3.11/site-packages/airflow/example_dags/example_setup_teardown_taskflow.py for tasks to queue
[2026-05-24T13:50:25.173+0000] {logging_mixin.py:188} INFO - [2026-05-24T13:50:25.172+0000] {dagbag.py:545} INFO - Filling up the DagBag from /home/varn1t/ml-pipeline/venv/lib/python3.11/site-packages/airflow/example_dags/example_setup_teardown_taskflow.py
[2026-05-24T13:50:25.182+0000] {processor.py:840} INFO - DAG(s) 'example_setup_teardown_taskflow' retrieved from /home/varn1t/ml-pipeline/venv/lib/python3.11/site-packages/airflow/example_dags/example_setup_teardown_taskflow.py
[2026-05-24T13:50:25.197+0000] {logging_mixin.py:188} INFO - [2026-05-24T13:50:25.196+0000] {dag.py:3096} INFO - Sync 1 DAGs
[2026-05-24T13:50:25.213+0000] {logging_mixin.py:188} INFO - [2026-05-24T13:50:25.213+0000] {dag.py:3954} INFO - Setting next_dagrun for example_setup_teardown_taskflow to 2026-05-23 00:00:00+00:00, run_after=2026-05-24 00:00:00+00:00
[2026-05-24T13:50:25.230+0000] {processor.py:183} INFO - Processing /home/varn1t/ml-pipeline/venv/lib/python3.11/site-packages/airflow/example_dags/example_setup_teardown_taskflow.py took 0.066 seconds
[2026-05-24T13:51:25.323+0000] {processor.py:161} INFO - Started process (PID=11913) to work on /home/varn1t/ml-pipeline/venv/lib/python3.11/site-packages/airflow/example_dags/example_setup_teardown_taskflow.py
[2026-05-24T13:51:25.324+0000] {processor.py:830} INFO - Processing file /home/varn1t/ml-pipeline/venv/lib/python3.11/site-packages/airflow/example_dags/example_setup_teardown_taskflow.py for tasks to queue
[2026-05-24T13:51:25.325+0000] {logging_mixin.py:188} INFO - [2026-05-24T13:51:25.325+0000] {dagbag.py:545} INFO - Filling up the DagBag from /home/varn1t/ml-pipeline/venv/lib/python3.11/site-packages/airflow/example_dags/example_setup_teardown_taskflow.py
[2026-05-24T13:51:25.335+0000] {processor.py:840} INFO - DAG(s) 'example_setup_teardown_taskflow' retrieved from /home/varn1t/ml-pipeline/venv/lib/python3.11/site-packages/airflow/example_dags/example_setup_teardown_taskflow.py
[2026-05-24T13:51:25.351+0000] {logging_mixin.py:188} INFO - [2026-05-24T13:51:25.350+0000] {dag.py:3096} INFO - Sync 1 DAGs
[2026-05-24T13:51:25.363+0000] {logging_mixin.py:188} INFO - [2026-05-24T13:51:25.363+0000] {dag.py:3954} INFO - Setting next_dagrun for example_setup_teardown_taskflow to 2026-05-23 00:00:00+00:00, run_after=2026-05-24 00:00:00+00:00
[2026-05-24T13:51:25.381+0000] {processor.py:183} INFO - Processing /home/varn1t/ml-pipeline/venv/lib/python3.11/site-packages/airflow/example_dags/example_setup_teardown_taskflow.py took 0.063 seconds
[2026-05-24T13:52:25.295+0000] {processor.py:161} INFO - Started process (PID=12319) to work on /home/varn1t/ml-pipeline/venv/lib/python3.11/site-packages/airflow/example_dags/example_setup_teardown_taskflow.py
[2026-05-24T13:52:25.296+0000] {processor.py:830} INFO - Processing file /home/varn1t/ml-pipeline/venv/lib/python3.11/site-packages/airflow/example_dags/example_setup_teardown_taskflow.py for tasks to queue
[2026-05-24T13:52:25.296+0000] {logging_mixin.py:188} INFO - [2026-05-24T13:52:25.296+0000] {dagbag.py:545} INFO - Filling up the DagBag from /home/varn1t/ml-pipeline/venv/lib/python3.11/site-packages/airflow/example_dags/example_setup_teardown_taskflow.py
[2026-05-24T13:52:25.302+0000] {processor.py:840} INFO - DAG(s) 'example_setup_teardown_taskflow' retrieved from /home/varn1t/ml-pipeline/venv/lib/python3.11/site-packages/airflow/example_dags/example_setup_teardown_taskflow.py
[2026-05-24T13:52:25.313+0000] {logging_mixin.py:188} INFO - [2026-05-24T13:52:25.313+0000] {dag.py:3096} INFO - Sync 1 DAGs
[2026-05-24T13:52:25.323+0000] {logging_mixin.py:188} INFO - [2026-05-24T13:52:25.323+0000] {dag.py:3954} INFO - Setting next_dagrun for example_setup_teardown_taskflow to 2026-05-23 00:00:00+00:00, run_after=2026-05-24 00:00:00+00:00
[2026-05-24T13:52:25.337+0000] {processor.py:183} INFO - Processing /home/varn1t/ml-pipeline/venv/lib/python3.11/site-packages/airflow/example_dags/example_setup_teardown_taskflow.py took 0.046 seconds
[2026-05-24T13:53:31.631+0000] {processor.py:161} INFO - Started process (PID=12621) to work on /home/varn1t/ml-pipeline/venv/lib/python3.11/site-packages/airflow/example_dags/example_setup_teardown_taskflow.py
[2026-05-24T13:53:31.632+0000] {processor.py:830} INFO - Processing file /home/varn1t/ml-pipeline/venv/lib/python3.11/site-packages/airflow/example_dags/example_setup_teardown_taskflow.py for tasks to queue
[2026-05-24T13:53:31.632+0000] {logging_mixin.py:188} INFO - [2026-05-24T13:53:31.632+0000] {dagbag.py:545} INFO - Filling up the DagBag from /home/varn1t/ml-pipeline/venv/lib/python3.11/site-packages/airflow/example_dags/example_setup_teardown_taskflow.py
[2026-05-24T13:53:31.639+0000] {processor.py:840} INFO - DAG(s) 'example_setup_teardown_taskflow' retrieved from /home/varn1t/ml-pipeline/venv/lib/python3.11/site-packages/airflow/example_dags/example_setup_teardown_taskflow.py
[2026-05-24T13:53:31.649+0000] {logging_mixin.py:188} INFO - [2026-05-24T13:53:31.649+0000] {dag.py:3096} INFO - Sync 1 DAGs
[2026-05-24T13:53:31.661+0000] {logging_mixin.py:188} INFO - [2026-05-24T13:53:31.660+0000] {dag.py:3954} INFO - Setting next_dagrun for example_setup_teardown_taskflow to 2026-05-23 00:00:00+00:00, run_after=2026-05-24 00:00:00+00:00
[2026-05-24T13:53:31.676+0000] {processor.py:183} INFO - Processing /home/varn1t/ml-pipeline/venv/lib/python3.11/site-packages/airflow/example_dags/example_setup_teardown_taskflow.py took 0.049 seconds
[2026-05-24T13:54:31.764+0000] {processor.py:161} INFO - Started process (PID=12891) to work on /home/varn1t/ml-pipeline/venv/lib/python3.11/site-packages/airflow/example_dags/example_setup_teardown_taskflow.py
[2026-05-24T13:54:31.765+0000] {processor.py:830} INFO - Processing file /home/varn1t/ml-pipeline/venv/lib/python3.11/site-packages/airflow/example_dags/example_setup_teardown_taskflow.py for tasks to queue
[2026-05-24T13:54:31.766+0000] {logging_mixin.py:188} INFO - [2026-05-24T13:54:31.765+0000] {dagbag.py:545} INFO - Filling up the DagBag from /home/varn1t/ml-pipeline/venv/lib/python3.11/site-packages/airflow/example_dags/example_setup_teardown_taskflow.py
[2026-05-24T13:54:31.772+0000] {processor.py:840} INFO - DAG(s) 'example_setup_teardown_taskflow' retrieved from /home/varn1t/ml-pipeline/venv/lib/python3.11/site-packages/airflow/example_dags/example_setup_teardown_taskflow.py
[2026-05-24T13:54:31.784+0000] {logging_mixin.py:188} INFO - [2026-05-24T13:54:31.784+0000] {dag.py:3096} INFO - Sync 1 DAGs
[2026-05-24T13:54:31.796+0000] {logging_mixin.py:188} INFO - [2026-05-24T13:54:31.796+0000] {dag.py:3954} INFO - Setting next_dagrun for example_setup_teardown_taskflow to 2026-05-23 00:00:00+00:00, run_after=2026-05-24 00:00:00+00:00
[2026-05-24T13:54:31.809+0000] {processor.py:183} INFO - Processing /home/varn1t/ml-pipeline/venv/lib/python3.11/site-packages/airflow/example_dags/example_setup_teardown_taskflow.py took 0.049 seconds
[2026-05-24T13:55:30.917+0000] {processor.py:161} INFO - Started process (PID=13145) to work on /home/varn1t/ml-pipeline/venv/lib/python3.11/site-packages/airflow/example_dags/example_setup_teardown_taskflow.py
[2026-05-24T13:55:30.919+0000] {processor.py:830} INFO - Processing file /home/varn1t/ml-pipeline/venv/lib/python3.11/site-packages/airflow/example_dags/example_setup_teardown_taskflow.py for tasks to queue
[2026-05-24T13:55:30.920+0000] {logging_mixin.py:188} INFO - [2026-05-24T13:55:30.919+0000] {dagbag.py:545} INFO - Filling up the DagBag from /home/varn1t/ml-pipeline/venv/lib/python3.11/site-packages/airflow/example_dags/example_setup_teardown_taskflow.py
[2026-05-24T13:55:30.927+0000] {processor.py:840} INFO - DAG(s) 'example_setup_teardown_taskflow' retrieved from /home/varn1t/ml-pipeline/venv/lib/python3.11/site-packages/airflow/example_dags/example_setup_teardown_taskflow.py
[2026-05-24T13:55:30.938+0000] {logging_mixin.py:188} INFO - [2026-05-24T13:55:30.937+0000] {dag.py:3096} INFO - Sync 1 DAGs
[2026-05-24T13:55:30.950+0000] {logging_mixin.py:188} INFO - [2026-05-24T13:55:30.950+0000] {dag.py:3954} INFO - Setting next_dagrun for example_setup_teardown_taskflow to 2026-05-23 00:00:00+00:00, run_after=2026-05-24 00:00:00+00:00
[2026-05-24T13:55:30.965+0000] {processor.py:183} INFO - Processing /home/varn1t/ml-pipeline/venv/lib/python3.11/site-packages/airflow/example_dags/example_setup_teardown_taskflow.py took 0.053 seconds
[2026-05-24T13:56:27.386+0000] {processor.py:161} INFO - Started process (PID=13398) to work on /home/varn1t/ml-pipeline/venv/lib/python3.11/site-packages/airflow/example_dags/example_setup_teardown_taskflow.py
[2026-05-24T13:56:27.387+0000] {processor.py:830} INFO - Processing file /home/varn1t/ml-pipeline/venv/lib/python3.11/site-packages/airflow/example_dags/example_setup_teardown_taskflow.py for tasks to queue
[2026-05-24T13:56:27.387+0000] {logging_mixin.py:188} INFO - [2026-05-24T13:56:27.387+0000] {dagbag.py:545} INFO - Filling up the DagBag from /home/varn1t/ml-pipeline/venv/lib/python3.11/site-packages/airflow/example_dags/example_setup_teardown_taskflow.py
[2026-05-24T13:56:27.394+0000] {processor.py:840} INFO - DAG(s) 'example_setup_teardown_taskflow' retrieved from /home/varn1t/ml-pipeline/venv/lib/python3.11/site-packages/airflow/example_dags/example_setup_teardown_taskflow.py
[2026-05-24T13:56:27.404+0000] {logging_mixin.py:188} INFO - [2026-05-24T13:56:27.404+0000] {dag.py:3096} INFO - Sync 1 DAGs
[2026-05-24T13:56:27.415+0000] {logging_mixin.py:188} INFO - [2026-05-24T13:56:27.415+0000] {dag.py:3954} INFO - Setting next_dagrun for example_setup_teardown_taskflow to 2026-05-23 00:00:00+00:00, run_after=2026-05-24 00:00:00+00:00
[2026-05-24T13:56:27.428+0000] {processor.py:183} INFO - Processing /home/varn1t/ml-pipeline/venv/lib/python3.11/site-packages/airflow/example_dags/example_setup_teardown_taskflow.py took 0.047 seconds
[2026-05-24T13:57:35.298+0000] {processor.py:161} INFO - Started process (PID=13683) to work on /home/varn1t/ml-pipeline/venv/lib/python3.11/site-packages/airflow/example_dags/example_setup_teardown_taskflow.py
[2026-05-24T13:57:35.299+0000] {processor.py:830} INFO - Processing file /home/varn1t/ml-pipeline/venv/lib/python3.11/site-packages/airflow/example_dags/example_setup_teardown_taskflow.py for tasks to queue
[2026-05-24T13:57:35.299+0000] {logging_mixin.py:188} INFO - [2026-05-24T13:57:35.299+0000] {dagbag.py:545} INFO - Filling up the DagBag from /home/varn1t/ml-pipeline/venv/lib/python3.11/site-packages/airflow/example_dags/example_setup_teardown_taskflow.py
[2026-05-24T13:57:35.307+0000] {processor.py:840} INFO - DAG(s) 'example_setup_teardown_taskflow' retrieved from /home/varn1t/ml-pipeline/venv/lib/python3.11/site-packages/airflow/example_dags/example_setup_teardown_taskflow.py
[2026-05-24T13:57:35.318+0000] {logging_mixin.py:188} INFO - [2026-05-24T13:57:35.318+0000] {dag.py:3096} INFO - Sync 1 DAGs
[2026-05-24T13:57:35.329+0000] {logging_mixin.py:188} INFO - [2026-05-24T13:57:35.329+0000] {dag.py:3954} INFO - Setting next_dagrun for example_setup_teardown_taskflow to 2026-05-23 00:00:00+00:00, run_after=2026-05-24 00:00:00+00:00
[2026-05-24T13:57:35.345+0000] {processor.py:183} INFO - Processing /home/varn1t/ml-pipeline/venv/lib/python3.11/site-packages/airflow/example_dags/example_setup_teardown_taskflow.py took 0.052 seconds
[2026-05-24T13:58:36.821+0000] {processor.py:161} INFO - Started process (PID=13986) to work on /home/varn1t/ml-pipeline/venv/lib/python3.11/site-packages/airflow/example_dags/example_setup_teardown_taskflow.py
[2026-05-24T13:58:36.822+0000] {processor.py:830} INFO - Processing file /home/varn1t/ml-pipeline/venv/lib/python3.11/site-packages/airflow/example_dags/example_setup_teardown_taskflow.py for tasks to queue
[2026-05-24T13:58:36.823+0000] {logging_mixin.py:188} INFO - [2026-05-24T13:58:36.823+0000] {dagbag.py:545} INFO - Filling up the DagBag from /home/varn1t/ml-pipeline/venv/lib/python3.11/site-packages/airflow/example_dags/example_setup_teardown_taskflow.py
[2026-05-24T13:58:36.829+0000] {processor.py:840} INFO - DAG(s) 'example_setup_teardown_taskflow' retrieved from /home/varn1t/ml-pipeline/venv/lib/python3.11/site-packages/airflow/example_dags/example_setup_teardown_taskflow.py
[2026-05-24T13:58:36.843+0000] {logging_mixin.py:188} INFO - [2026-05-24T13:58:36.843+0000] {dag.py:3096} INFO - Sync 1 DAGs
[2026-05-24T13:58:36.857+0000] {logging_mixin.py:188} INFO - [2026-05-24T13:58:36.857+0000] {dag.py:3954} INFO - Setting next_dagrun for example_setup_teardown_taskflow to 2026-05-23 00:00:00+00:00, run_after=2026-05-24 00:00:00+00:00
[2026-05-24T13:58:36.870+0000] {processor.py:183} INFO - Processing /home/varn1t/ml-pipeline/venv/lib/python3.11/site-packages/airflow/example_dags/example_setup_teardown_taskflow.py took 0.053 seconds
[2026-05-24T13:59:42.287+0000] {processor.py:161} INFO - Started process (PID=14261) to work on /home/varn1t/ml-pipeline/venv/lib/python3.11/site-packages/airflow/example_dags/example_setup_teardown_taskflow.py
[2026-05-24T13:59:42.288+0000] {processor.py:830} INFO - Processing file /home/varn1t/ml-pipeline/venv/lib/python3.11/site-packages/airflow/example_dags/example_setup_teardown_taskflow.py for tasks to queue
[2026-05-24T13:59:42.288+0000] {logging_mixin.py:188} INFO - [2026-05-24T13:59:42.288+0000] {dagbag.py:545} INFO - Filling up the DagBag from /home/varn1t/ml-pipeline/venv/lib/python3.11/site-packages/airflow/example_dags/example_setup_teardown_taskflow.py
[2026-05-24T13:59:42.295+0000] {processor.py:840} INFO - DAG(s) 'example_setup_teardown_taskflow' retrieved from /home/varn1t/ml-pipeline/venv/lib/python3.11/site-packages/airflow/example_dags/example_setup_teardown_taskflow.py
[2026-05-24T13:59:42.305+0000] {logging_mixin.py:188} INFO - [2026-05-24T13:59:42.304+0000] {dag.py:3096} INFO - Sync 1 DAGs
[2026-05-24T13:59:42.315+0000] {logging_mixin.py:188} INFO - [2026-05-24T13:59:42.314+0000] {dag.py:3954} INFO - Setting next_dagrun for example_setup_teardown_taskflow to 2026-05-23 00:00:00+00:00, run_after=2026-05-24 00:00:00+00:00
[2026-05-24T13:59:42.329+0000] {processor.py:183} INFO - Processing /home/varn1t/ml-pipeline/venv/lib/python3.11/site-packages/airflow/example_dags/example_setup_teardown_taskflow.py took 0.047 seconds
[2026-05-24T14:00:41.515+0000] {processor.py:161} INFO - Started process (PID=14523) to work on /home/varn1t/ml-pipeline/venv/lib/python3.11/site-packages/airflow/example_dags/example_setup_teardown_taskflow.py
[2026-05-24T14:00:41.516+0000] {processor.py:830} INFO - Processing file /home/varn1t/ml-pipeline/venv/lib/python3.11/site-packages/airflow/example_dags/example_setup_teardown_taskflow.py for tasks to queue
[2026-05-24T14:00:41.517+0000] {logging_mixin.py:188} INFO - [2026-05-24T14:00:41.516+0000] {dagbag.py:545} INFO - Filling up the DagBag from /home/varn1t/ml-pipeline/venv/lib/python3.11/site-packages/airflow/example_dags/example_setup_teardown_taskflow.py
[2026-05-24T14:00:41.525+0000] {processor.py:840} INFO - DAG(s) 'example_setup_teardown_taskflow' retrieved from /home/varn1t/ml-pipeline/venv/lib/python3.11/site-packages/airflow/example_dags/example_setup_teardown_taskflow.py
[2026-05-24T14:00:41.535+0000] {logging_mixin.py:188} INFO - [2026-05-24T14:00:41.535+0000] {dag.py:3096} INFO - Sync 1 DAGs
[2026-05-24T14:00:41.545+0000] {logging_mixin.py:188} INFO - [2026-05-24T14:00:41.545+0000] {dag.py:3954} INFO - Setting next_dagrun for example_setup_teardown_taskflow to 2026-05-23 00:00:00+00:00, run_after=2026-05-24 00:00:00+00:00
[2026-05-24T14:00:41.558+0000] {processor.py:183} INFO - Processing /home/varn1t/ml-pipeline/venv/lib/python3.11/site-packages/airflow/example_dags/example_setup_teardown_taskflow.py took 0.046 seconds
[2026-05-24T14:01:39.881+0000] {processor.py:161} INFO - Started process (PID=14778) to work on /home/varn1t/ml-pipeline/venv/lib/python3.11/site-packages/airflow/example_dags/example_setup_teardown_taskflow.py
[2026-05-24T14:01:39.882+0000] {processor.py:830} INFO - Processing file /home/varn1t/ml-pipeline/venv/lib/python3.11/site-packages/airflow/example_dags/example_setup_teardown_taskflow.py for tasks to queue
[2026-05-24T14:01:39.883+0000] {logging_mixin.py:188} INFO - [2026-05-24T14:01:39.882+0000] {dagbag.py:545} INFO - Filling up the DagBag from /home/varn1t/ml-pipeline/venv/lib/python3.11/site-packages/airflow/example_dags/example_setup_teardown_taskflow.py
[2026-05-24T14:01:39.889+0000] {processor.py:840} INFO - DAG(s) 'example_setup_teardown_taskflow' retrieved from /home/varn1t/ml-pipeline/venv/lib/python3.11/site-packages/airflow/example_dags/example_setup_teardown_taskflow.py
[2026-05-24T14:01:39.905+0000] {logging_mixin.py:188} INFO - [2026-05-24T14:01:39.905+0000] {dag.py:3096} INFO - Sync 1 DAGs
[2026-05-24T14:01:39.918+0000] {logging_mixin.py:188} INFO - [2026-05-24T14:01:39.917+0000] {dag.py:3954} INFO - Setting next_dagrun for example_setup_teardown_taskflow to 2026-05-23 00:00:00+00:00, run_after=2026-05-24 00:00:00+00:00
[2026-05-24T14:01:39.931+0000] {processor.py:183} INFO - Processing /home/varn1t/ml-pipeline/venv/lib/python3.11/site-packages/airflow/example_dags/example_setup_teardown_taskflow.py took 0.054 seconds
[2026-05-24T14:02:39.266+0000] {processor.py:161} INFO - Started process (PID=15044) to work on /home/varn1t/ml-pipeline/venv/lib/python3.11/site-packages/airflow/example_dags/example_setup_teardown_taskflow.py
[2026-05-24T14:02:39.267+0000] {processor.py:830} INFO - Processing file /home/varn1t/ml-pipeline/venv/lib/python3.11/site-packages/airflow/example_dags/example_setup_teardown_taskflow.py for tasks to queue
[2026-05-24T14:02:39.267+0000] {logging_mixin.py:188} INFO - [2026-05-24T14:02:39.267+0000] {dagbag.py:545} INFO - Filling up the DagBag from /home/varn1t/ml-pipeline/venv/lib/python3.11/site-packages/airflow/example_dags/example_setup_teardown_taskflow.py
[2026-05-24T14:02:39.274+0000] {processor.py:840} INFO - DAG(s) 'example_setup_teardown_taskflow' retrieved from /home/varn1t/ml-pipeline/venv/lib/python3.11/site-packages/airflow/example_dags/example_setup_teardown_taskflow.py
[2026-05-24T14:02:39.286+0000] {logging_mixin.py:188} INFO - [2026-05-24T14:02:39.285+0000] {dag.py:3096} INFO - Sync 1 DAGs
[2026-05-24T14:02:39.297+0000] {logging_mixin.py:188} INFO - [2026-05-24T14:02:39.297+0000] {dag.py:3954} INFO - Setting next_dagrun for example_setup_teardown_taskflow to 2026-05-23 00:00:00+00:00, run_after=2026-05-24 00:00:00+00:00
[2026-05-24T14:02:39.311+0000] {processor.py:183} INFO - Processing /home/varn1t/ml-pipeline/venv/lib/python3.11/site-packages/airflow/example_dags/example_setup_teardown_taskflow.py took 0.049 seconds
[2026-05-24T14:03:39.708+0000] {processor.py:161} INFO - Started process (PID=15329) to work on /home/varn1t/ml-pipeline/venv/lib/python3.11/site-packages/airflow/example_dags/example_setup_teardown_taskflow.py
[2026-05-24T14:03:39.709+0000] {processor.py:830} INFO - Processing file /home/varn1t/ml-pipeline/venv/lib/python3.11/site-packages/airflow/example_dags/example_setup_teardown_taskflow.py for tasks to queue
[2026-05-24T14:03:39.710+0000] {logging_mixin.py:188} INFO - [2026-05-24T14:03:39.709+0000] {dagbag.py:545} INFO - Filling up the DagBag from /home/varn1t/ml-pipeline/venv/lib/python3.11/site-packages/airflow/example_dags/example_setup_teardown_taskflow.py
[2026-05-24T14:03:39.717+0000] {processor.py:840} INFO - DAG(s) 'example_setup_teardown_taskflow' retrieved from /home/varn1t/ml-pipeline/venv/lib/python3.11/site-packages/airflow/example_dags/example_setup_teardown_taskflow.py
[2026-05-24T14:03:39.730+0000] {logging_mixin.py:188} INFO - [2026-05-24T14:03:39.729+0000] {dag.py:3096} INFO - Sync 1 DAGs
[2026-05-24T14:03:39.743+0000] {logging_mixin.py:188} INFO - [2026-05-24T14:03:39.743+0000] {dag.py:3954} INFO - Setting next_dagrun for example_setup_teardown_taskflow to 2026-05-23 00:00:00+00:00, run_after=2026-05-24 00:00:00+00:00
[2026-05-24T14:03:39.759+0000] {processor.py:183} INFO - Processing /home/varn1t/ml-pipeline/venv/lib/python3.11/site-packages/airflow/example_dags/example_setup_teardown_taskflow.py took 0.056 seconds
[2026-05-24T14:04:42.499+0000] {processor.py:161} INFO - Started process (PID=15606) to work on /home/varn1t/ml-pipeline/venv/lib/python3.11/site-packages/airflow/example_dags/example_setup_teardown_taskflow.py
[2026-05-24T14:04:42.500+0000] {processor.py:830} INFO - Processing file /home/varn1t/ml-pipeline/venv/lib/python3.11/site-packages/airflow/example_dags/example_setup_teardown_taskflow.py for tasks to queue
[2026-05-24T14:04:42.500+0000] {logging_mixin.py:188} INFO - [2026-05-24T14:04:42.500+0000] {dagbag.py:545} INFO - Filling up the DagBag from /home/varn1t/ml-pipeline/venv/lib/python3.11/site-packages/airflow/example_dags/example_setup_teardown_taskflow.py
[2026-05-24T14:04:42.508+0000] {processor.py:840} INFO - DAG(s) 'example_setup_teardown_taskflow' retrieved from /home/varn1t/ml-pipeline/venv/lib/python3.11/site-packages/airflow/example_dags/example_setup_teardown_taskflow.py
[2026-05-24T14:04:42.523+0000] {logging_mixin.py:188} INFO - [2026-05-24T14:04:42.523+0000] {dag.py:3096} INFO - Sync 1 DAGs
[2026-05-24T14:04:42.538+0000] {logging_mixin.py:188} INFO - [2026-05-24T14:04:42.538+0000] {dag.py:3954} INFO - Setting next_dagrun for example_setup_teardown_taskflow to 2026-05-23 00:00:00+00:00, run_after=2026-05-24 00:00:00+00:00
[2026-05-24T14:04:42.556+0000] {processor.py:183} INFO - Processing /home/varn1t/ml-pipeline/venv/lib/python3.11/site-packages/airflow/example_dags/example_setup_teardown_taskflow.py took 0.062 seconds
[2026-05-24T14:05:43.130+0000] {processor.py:161} INFO - Started process (PID=15859) to work on /home/varn1t/ml-pipeline/venv/lib/python3.11/site-packages/airflow/example_dags/example_setup_teardown_taskflow.py
[2026-05-24T14:05:43.130+0000] {processor.py:830} INFO - Processing file /home/varn1t/ml-pipeline/venv/lib/python3.11/site-packages/airflow/example_dags/example_setup_teardown_taskflow.py for tasks to queue
[2026-05-24T14:05:43.131+0000] {logging_mixin.py:188} INFO - [2026-05-24T14:05:43.131+0000] {dagbag.py:545} INFO - Filling up the DagBag from /home/varn1t/ml-pipeline/venv/lib/python3.11/site-packages/airflow/example_dags/example_setup_teardown_taskflow.py
[2026-05-24T14:05:43.138+0000] {processor.py:840} INFO - DAG(s) 'example_setup_teardown_taskflow' retrieved from /home/varn1t/ml-pipeline/venv/lib/python3.11/site-packages/airflow/example_dags/example_setup_teardown_taskflow.py
[2026-05-24T14:05:43.153+0000] {logging_mixin.py:188} INFO - [2026-05-24T14:05:43.153+0000] {dag.py:3096} INFO - Sync 1 DAGs
[2026-05-24T14:05:43.165+0000] {logging_mixin.py:188} INFO - [2026-05-24T14:05:43.164+0000] {dag.py:3954} INFO - Setting next_dagrun for example_setup_teardown_taskflow to 2026-05-23 00:00:00+00:00, run_after=2026-05-24 00:00:00+00:00
[2026-05-24T14:05:43.179+0000] {processor.py:183} INFO - Processing /home/varn1t/ml-pipeline/venv/lib/python3.11/site-packages/airflow/example_dags/example_setup_teardown_taskflow.py took 0.053 seconds
[2026-05-24T14:06:48.012+0000] {processor.py:161} INFO - Started process (PID=16181) to work on /home/varn1t/ml-pipeline/venv/lib/python3.11/site-packages/airflow/example_dags/example_setup_teardown_taskflow.py
[2026-05-24T14:06:48.012+0000] {processor.py:830} INFO - Processing file /home/varn1t/ml-pipeline/venv/lib/python3.11/site-packages/airflow/example_dags/example_setup_teardown_taskflow.py for tasks to queue
[2026-05-24T14:06:48.013+0000] {logging_mixin.py:188} INFO - [2026-05-24T14:06:48.013+0000] {dagbag.py:545} INFO - Filling up the DagBag from /home/varn1t/ml-pipeline/venv/lib/python3.11/site-packages/airflow/example_dags/example_setup_teardown_taskflow.py
[2026-05-24T14:06:48.019+0000] {processor.py:840} INFO - DAG(s) 'example_setup_teardown_taskflow' retrieved from /home/varn1t/ml-pipeline/venv/lib/python3.11/site-packages/airflow/example_dags/example_setup_teardown_taskflow.py
[2026-05-24T14:06:48.029+0000] {logging_mixin.py:188} INFO - [2026-05-24T14:06:48.029+0000] {dag.py:3096} INFO - Sync 1 DAGs
[2026-05-24T14:06:48.040+0000] {logging_mixin.py:188} INFO - [2026-05-24T14:06:48.039+0000] {dag.py:3954} INFO - Setting next_dagrun for example_setup_teardown_taskflow to 2026-05-23 00:00:00+00:00, run_after=2026-05-24 00:00:00+00:00
[2026-05-24T14:06:48.057+0000] {processor.py:183} INFO - Processing /home/varn1t/ml-pipeline/venv/lib/python3.11/site-packages/airflow/example_dags/example_setup_teardown_taskflow.py took 0.050 seconds
[2026-05-24T14:07:53.700+0000] {processor.py:161} INFO - Started process (PID=16456) to work on /home/varn1t/ml-pipeline/venv/lib/python3.11/site-packages/airflow/example_dags/example_setup_teardown_taskflow.py
[2026-05-24T14:07:53.701+0000] {processor.py:830} INFO - Processing file /home/varn1t/ml-pipeline/venv/lib/python3.11/site-packages/airflow/example_dags/example_setup_teardown_taskflow.py for tasks to queue
[2026-05-24T14:07:53.702+0000] {logging_mixin.py:188} INFO - [2026-05-24T14:07:53.701+0000] {dagbag.py:545} INFO - Filling up the DagBag from /home/varn1t/ml-pipeline/venv/lib/python3.11/site-packages/airflow/example_dags/example_setup_teardown_taskflow.py
[2026-05-24T14:07:53.709+0000] {processor.py:840} INFO - DAG(s) 'example_setup_teardown_taskflow' retrieved from /home/varn1t/ml-pipeline/venv/lib/python3.11/site-packages/airflow/example_dags/example_setup_teardown_taskflow.py
[2026-05-24T14:07:53.721+0000] {logging_mixin.py:188} INFO - [2026-05-24T14:07:53.721+0000] {dag.py:3096} INFO - Sync 1 DAGs
[2026-05-24T14:07:53.733+0000] {logging_mixin.py:188} INFO - [2026-05-24T14:07:53.733+0000] {dag.py:3954} INFO - Setting next_dagrun for example_setup_teardown_taskflow to 2026-05-23 00:00:00+00:00, run_after=2026-05-24 00:00:00+00:00
[2026-05-24T14:07:53.751+0000] {processor.py:183} INFO - Processing /home/varn1t/ml-pipeline/venv/lib/python3.11/site-packages/airflow/example_dags/example_setup_teardown_taskflow.py took 0.054 seconds
[2026-05-24T14:08:52.831+0000] {processor.py:161} INFO - Started process (PID=16748) to work on /home/varn1t/ml-pipeline/venv/lib/python3.11/site-packages/airflow/example_dags/example_setup_teardown_taskflow.py
[2026-05-24T14:08:52.832+0000] {processor.py:830} INFO - Processing file /home/varn1t/ml-pipeline/venv/lib/python3.11/site-packages/airflow/example_dags/example_setup_teardown_taskflow.py for tasks to queue
[2026-05-24T14:08:52.833+0000] {logging_mixin.py:188} INFO - [2026-05-24T14:08:52.832+0000] {dagbag.py:545} INFO - Filling up the DagBag from /home/varn1t/ml-pipeline/venv/lib/python3.11/site-packages/airflow/example_dags/example_setup_teardown_taskflow.py
[2026-05-24T14:08:52.841+0000] {processor.py:840} INFO - DAG(s) 'example_setup_teardown_taskflow' retrieved from /home/varn1t/ml-pipeline/venv/lib/python3.11/site-packages/airflow/example_dags/example_setup_teardown_taskflow.py
[2026-05-24T14:08:52.851+0000] {logging_mixin.py:188} INFO - [2026-05-24T14:08:52.850+0000] {dag.py:3096} INFO - Sync 1 DAGs
[2026-05-24T14:08:52.860+0000] {logging_mixin.py:188} INFO - [2026-05-24T14:08:52.860+0000] {dag.py:3954} INFO - Setting next_dagrun for example_setup_teardown_taskflow to 2026-05-23 00:00:00+00:00, run_after=2026-05-24 00:00:00+00:00
[2026-05-24T14:08:52.873+0000] {processor.py:183} INFO - Processing /home/varn1t/ml-pipeline/venv/lib/python3.11/site-packages/airflow/example_dags/example_setup_teardown_taskflow.py took 0.047 seconds
[2026-05-24T14:09:55.556+0000] {processor.py:161} INFO - Started process (PID=17015) to work on /home/varn1t/ml-pipeline/venv/lib/python3.11/site-packages/airflow/example_dags/example_setup_teardown_taskflow.py
[2026-05-24T14:09:55.557+0000] {processor.py:830} INFO - Processing file /home/varn1t/ml-pipeline/venv/lib/python3.11/site-packages/airflow/example_dags/example_setup_teardown_taskflow.py for tasks to queue
[2026-05-24T14:09:55.557+0000] {logging_mixin.py:188} INFO - [2026-05-24T14:09:55.557+0000] {dagbag.py:545} INFO - Filling up the DagBag from /home/varn1t/ml-pipeline/venv/lib/python3.11/site-packages/airflow/example_dags/example_setup_teardown_taskflow.py
[2026-05-24T14:09:55.565+0000] {processor.py:840} INFO - DAG(s) 'example_setup_teardown_taskflow' retrieved from /home/varn1t/ml-pipeline/venv/lib/python3.11/site-packages/airflow/example_dags/example_setup_teardown_taskflow.py
[2026-05-24T14:09:55.574+0000] {logging_mixin.py:188} INFO - [2026-05-24T14:09:55.574+0000] {dag.py:3096} INFO - Sync 1 DAGs
[2026-05-24T14:09:55.584+0000] {logging_mixin.py:188} INFO - [2026-05-24T14:09:55.584+0000] {dag.py:3954} INFO - Setting next_dagrun for example_setup_teardown_taskflow to 2026-05-23 00:00:00+00:00, run_after=2026-05-24 00:00:00+00:00
[2026-05-24T14:09:55.597+0000] {processor.py:183} INFO - Processing /home/varn1t/ml-pipeline/venv/lib/python3.11/site-packages/airflow/example_dags/example_setup_teardown_taskflow.py took 0.045 seconds
[2026-05-24T14:10:57.052+0000] {processor.py:161} INFO - Started process (PID=17290) to work on /home/varn1t/ml-pipeline/venv/lib/python3.11/site-packages/airflow/example_dags/example_setup_teardown_taskflow.py
[2026-05-24T14:10:57.053+0000] {processor.py:830} INFO - Processing file /home/varn1t/ml-pipeline/venv/lib/python3.11/site-packages/airflow/example_dags/example_setup_teardown_taskflow.py for tasks to queue
[2026-05-24T14:10:57.054+0000] {logging_mixin.py:188} INFO - [2026-05-24T14:10:57.053+0000] {dagbag.py:545} INFO - Filling up the DagBag from /home/varn1t/ml-pipeline/venv/lib/python3.11/site-packages/airflow/example_dags/example_setup_teardown_taskflow.py
[2026-05-24T14:10:57.060+0000] {processor.py:840} INFO - DAG(s) 'example_setup_teardown_taskflow' retrieved from /home/varn1t/ml-pipeline/venv/lib/python3.11/site-packages/airflow/example_dags/example_setup_teardown_taskflow.py
[2026-05-24T14:10:57.072+0000] {logging_mixin.py:188} INFO - [2026-05-24T14:10:57.072+0000] {dag.py:3096} INFO - Sync 1 DAGs
[2026-05-24T14:10:57.084+0000] {logging_mixin.py:188} INFO - [2026-05-24T14:10:57.084+0000] {dag.py:3954} INFO - Setting next_dagrun for example_setup_teardown_taskflow to 2026-05-23 00:00:00+00:00, run_after=2026-05-24 00:00:00+00:00
[2026-05-24T14:10:57.098+0000] {processor.py:183} INFO - Processing /home/varn1t/ml-pipeline/venv/lib/python3.11/site-packages/airflow/example_dags/example_setup_teardown_taskflow.py took 0.050 seconds
[2026-05-24T14:11:58.694+0000] {processor.py:161} INFO - Started process (PID=17561) to work on /home/varn1t/ml-pipeline/venv/lib/python3.11/site-packages/airflow/example_dags/example_setup_teardown_taskflow.py
[2026-05-24T14:11:58.695+0000] {processor.py:830} INFO - Processing file /home/varn1t/ml-pipeline/venv/lib/python3.11/site-packages/airflow/example_dags/example_setup_teardown_taskflow.py for tasks to queue
[2026-05-24T14:11:58.695+0000] {logging_mixin.py:188} INFO - [2026-05-24T14:11:58.695+0000] {dagbag.py:545} INFO - Filling up the DagBag from /home/varn1t/ml-pipeline/venv/lib/python3.11/site-packages/airflow/example_dags/example_setup_teardown_taskflow.py
[2026-05-24T14:11:58.703+0000] {processor.py:840} INFO - DAG(s) 'example_setup_teardown_taskflow' retrieved from /home/varn1t/ml-pipeline/venv/lib/python3.11/site-packages/airflow/example_dags/example_setup_teardown_taskflow.py
[2026-05-24T14:11:58.722+0000] {logging_mixin.py:188} INFO - [2026-05-24T14:11:58.722+0000] {dag.py:3096} INFO - Sync 1 DAGs
[2026-05-24T14:11:58.735+0000] {logging_mixin.py:188} INFO - [2026-05-24T14:11:58.735+0000] {dag.py:3954} INFO - Setting next_dagrun for example_setup_teardown_taskflow to 2026-05-23 00:00:00+00:00, run_after=2026-05-24 00:00:00+00:00
[2026-05-24T14:11:58.752+0000] {processor.py:183} INFO - Processing /home/varn1t/ml-pipeline/venv/lib/python3.11/site-packages/airflow/example_dags/example_setup_teardown_taskflow.py took 0.062 seconds
[2026-05-24T14:12:58.224+0000] {processor.py:161} INFO - Started process (PID=17829) to work on /home/varn1t/ml-pipeline/venv/lib/python3.11/site-packages/airflow/example_dags/example_setup_teardown_taskflow.py
[2026-05-24T14:12:58.225+0000] {processor.py:830} INFO - Processing file /home/varn1t/ml-pipeline/venv/lib/python3.11/site-packages/airflow/example_dags/example_setup_teardown_taskflow.py for tasks to queue
[2026-05-24T14:12:58.226+0000] {logging_mixin.py:188} INFO - [2026-05-24T14:12:58.225+0000] {dagbag.py:545} INFO - Filling up the DagBag from /home/varn1t/ml-pipeline/venv/lib/python3.11/site-packages/airflow/example_dags/example_setup_teardown_taskflow.py
[2026-05-24T14:12:58.233+0000] {processor.py:840} INFO - DAG(s) 'example_setup_teardown_taskflow' retrieved from /home/varn1t/ml-pipeline/venv/lib/python3.11/site-packages/airflow/example_dags/example_setup_teardown_taskflow.py
[2026-05-24T14:12:58.246+0000] {logging_mixin.py:188} INFO - [2026-05-24T14:12:58.246+0000] {dag.py:3096} INFO - Sync 1 DAGs
[2026-05-24T14:12:58.258+0000] {logging_mixin.py:188} INFO - [2026-05-24T14:12:58.258+0000] {dag.py:3954} INFO - Setting next_dagrun for example_setup_teardown_taskflow to 2026-05-23 00:00:00+00:00, run_after=2026-05-24 00:00:00+00:00
[2026-05-24T14:12:58.272+0000] {processor.py:183} INFO - Processing /home/varn1t/ml-pipeline/venv/lib/python3.11/site-packages/airflow/example_dags/example_setup_teardown_taskflow.py took 0.052 seconds
[2026-05-24T14:13:58.573+0000] {processor.py:161} INFO - Started process (PID=18110) to work on /home/varn1t/ml-pipeline/venv/lib/python3.11/site-packages/airflow/example_dags/example_setup_teardown_taskflow.py
[2026-05-24T14:13:58.574+0000] {processor.py:830} INFO - Processing file /home/varn1t/ml-pipeline/venv/lib/python3.11/site-packages/airflow/example_dags/example_setup_teardown_taskflow.py for tasks to queue
[2026-05-24T14:13:58.575+0000] {logging_mixin.py:188} INFO - [2026-05-24T14:13:58.575+0000] {dagbag.py:545} INFO - Filling up the DagBag from /home/varn1t/ml-pipeline/venv/lib/python3.11/site-packages/airflow/example_dags/example_setup_teardown_taskflow.py
[2026-05-24T14:13:58.582+0000] {processor.py:840} INFO - DAG(s) 'example_setup_teardown_taskflow' retrieved from /home/varn1t/ml-pipeline/venv/lib/python3.11/site-packages/airflow/example_dags/example_setup_teardown_taskflow.py
[2026-05-24T14:13:58.594+0000] {logging_mixin.py:188} INFO - [2026-05-24T14:13:58.594+0000] {dag.py:3096} INFO - Sync 1 DAGs
[2026-05-24T14:13:58.611+0000] {logging_mixin.py:188} INFO - [2026-05-24T14:13:58.611+0000] {dag.py:3954} INFO - Setting next_dagrun for example_setup_teardown_taskflow to 2026-05-23 00:00:00+00:00, run_after=2026-05-24 00:00:00+00:00
[2026-05-24T14:13:58.629+0000] {processor.py:183} INFO - Processing /home/varn1t/ml-pipeline/venv/lib/python3.11/site-packages/airflow/example_dags/example_setup_teardown_taskflow.py took 0.060 seconds
[2026-05-24T14:15:00.984+0000] {processor.py:161} INFO - Started process (PID=18385) to work on /home/varn1t/ml-pipeline/venv/lib/python3.11/site-packages/airflow/example_dags/example_setup_teardown_taskflow.py
[2026-05-24T14:15:00.986+0000] {processor.py:830} INFO - Processing file /home/varn1t/ml-pipeline/venv/lib/python3.11/site-packages/airflow/example_dags/example_setup_teardown_taskflow.py for tasks to queue
[2026-05-24T14:15:00.986+0000] {logging_mixin.py:188} INFO - [2026-05-24T14:15:00.986+0000] {dagbag.py:545} INFO - Filling up the DagBag from /home/varn1t/ml-pipeline/venv/lib/python3.11/site-packages/airflow/example_dags/example_setup_teardown_taskflow.py
[2026-05-24T14:15:00.993+0000] {processor.py:840} INFO - DAG(s) 'example_setup_teardown_taskflow' retrieved from /home/varn1t/ml-pipeline/venv/lib/python3.11/site-packages/airflow/example_dags/example_setup_teardown_taskflow.py
[2026-05-24T14:15:01.003+0000] {logging_mixin.py:188} INFO - [2026-05-24T14:15:01.003+0000] {dag.py:3096} INFO - Sync 1 DAGs
[2026-05-24T14:15:01.014+0000] {logging_mixin.py:188} INFO - [2026-05-24T14:15:01.014+0000] {dag.py:3954} INFO - Setting next_dagrun for example_setup_teardown_taskflow to 2026-05-23 00:00:00+00:00, run_after=2026-05-24 00:00:00+00:00
[2026-05-24T14:15:01.028+0000] {processor.py:183} INFO - Processing /home/varn1t/ml-pipeline/venv/lib/python3.11/site-packages/airflow/example_dags/example_setup_teardown_taskflow.py took 0.049 seconds
[2026-05-24T14:16:18.643+0000] {processor.py:161} INFO - Started process (PID=18716) to work on /home/varn1t/ml-pipeline/venv/lib/python3.11/site-packages/airflow/example_dags/example_setup_teardown_taskflow.py
[2026-05-24T14:16:18.644+0000] {processor.py:830} INFO - Processing file /home/varn1t/ml-pipeline/venv/lib/python3.11/site-packages/airflow/example_dags/example_setup_teardown_taskflow.py for tasks to queue
[2026-05-24T14:16:18.645+0000] {logging_mixin.py:188} INFO - [2026-05-24T14:16:18.645+0000] {dagbag.py:545} INFO - Filling up the DagBag from /home/varn1t/ml-pipeline/venv/lib/python3.11/site-packages/airflow/example_dags/example_setup_teardown_taskflow.py
[2026-05-24T14:16:18.652+0000] {processor.py:840} INFO - DAG(s) 'example_setup_teardown_taskflow' retrieved from /home/varn1t/ml-pipeline/venv/lib/python3.11/site-packages/airflow/example_dags/example_setup_teardown_taskflow.py
[2026-05-24T14:16:18.665+0000] {logging_mixin.py:188} INFO - [2026-05-24T14:16:18.665+0000] {dag.py:3096} INFO - Sync 1 DAGs
[2026-05-24T14:16:18.679+0000] {logging_mixin.py:188} INFO - [2026-05-24T14:16:18.678+0000] {dag.py:3954} INFO - Setting next_dagrun for example_setup_teardown_taskflow to 2026-05-23 00:00:00+00:00, run_after=2026-05-24 00:00:00+00:00
[2026-05-24T14:16:18.698+0000] {processor.py:183} INFO - Processing /home/varn1t/ml-pipeline/venv/lib/python3.11/site-packages/airflow/example_dags/example_setup_teardown_taskflow.py took 0.059 seconds
[2026-05-24T14:17:14.933+0000] {processor.py:161} INFO - Started process (PID=18975) to work on /home/varn1t/ml-pipeline/venv/lib/python3.11/site-packages/airflow/example_dags/example_setup_teardown_taskflow.py
[2026-05-24T14:17:14.938+0000] {processor.py:830} INFO - Processing file /home/varn1t/ml-pipeline/venv/lib/python3.11/site-packages/airflow/example_dags/example_setup_teardown_taskflow.py for tasks to queue
[2026-05-24T14:17:14.940+0000] {logging_mixin.py:188} INFO - [2026-05-24T14:17:14.939+0000] {dagbag.py:545} INFO - Filling up the DagBag from /home/varn1t/ml-pipeline/venv/lib/python3.11/site-packages/airflow/example_dags/example_setup_teardown_taskflow.py
[2026-05-24T14:17:14.964+0000] {processor.py:840} INFO - DAG(s) 'example_setup_teardown_taskflow' retrieved from /home/varn1t/ml-pipeline/venv/lib/python3.11/site-packages/airflow/example_dags/example_setup_teardown_taskflow.py
[2026-05-24T14:17:14.997+0000] {logging_mixin.py:188} INFO - [2026-05-24T14:17:14.997+0000] {dag.py:3096} INFO - Sync 1 DAGs
[2026-05-24T14:17:15.043+0000] {logging_mixin.py:188} INFO - [2026-05-24T14:17:15.043+0000] {dag.py:3954} INFO - Setting next_dagrun for example_setup_teardown_taskflow to 2026-05-23 00:00:00+00:00, run_after=2026-05-24 00:00:00+00:00
[2026-05-24T14:17:15.083+0000] {processor.py:183} INFO - Processing /home/varn1t/ml-pipeline/venv/lib/python3.11/site-packages/airflow/example_dags/example_setup_teardown_taskflow.py took 0.162 seconds
[2026-05-24T14:18:10.227+0000] {processor.py:161} INFO - Started process (PID=19224) to work on /home/varn1t/ml-pipeline/venv/lib/python3.11/site-packages/airflow/example_dags/example_setup_teardown_taskflow.py
[2026-05-24T14:18:10.228+0000] {processor.py:830} INFO - Processing file /home/varn1t/ml-pipeline/venv/lib/python3.11/site-packages/airflow/example_dags/example_setup_teardown_taskflow.py for tasks to queue
[2026-05-24T14:18:10.229+0000] {logging_mixin.py:188} INFO - [2026-05-24T14:18:10.229+0000] {dagbag.py:545} INFO - Filling up the DagBag from /home/varn1t/ml-pipeline/venv/lib/python3.11/site-packages/airflow/example_dags/example_setup_teardown_taskflow.py
[2026-05-24T14:18:10.238+0000] {processor.py:840} INFO - DAG(s) 'example_setup_teardown_taskflow' retrieved from /home/varn1t/ml-pipeline/venv/lib/python3.11/site-packages/airflow/example_dags/example_setup_teardown_taskflow.py
[2026-05-24T14:18:10.252+0000] {logging_mixin.py:188} INFO - [2026-05-24T14:18:10.252+0000] {dag.py:3096} INFO - Sync 1 DAGs
[2026-05-24T14:18:10.267+0000] {logging_mixin.py:188} INFO - [2026-05-24T14:18:10.266+0000] {dag.py:3954} INFO - Setting next_dagrun for example_setup_teardown_taskflow to 2026-05-23 00:00:00+00:00, run_after=2026-05-24 00:00:00+00:00
[2026-05-24T14:18:10.287+0000] {processor.py:183} INFO - Processing /home/varn1t/ml-pipeline/venv/lib/python3.11/site-packages/airflow/example_dags/example_setup_teardown_taskflow.py took 0.065 seconds
[2026-05-24T14:19:13.900+0000] {processor.py:161} INFO - Started process (PID=19545) to work on /home/varn1t/ml-pipeline/venv/lib/python3.11/site-packages/airflow/example_dags/example_setup_teardown_taskflow.py
[2026-05-24T14:19:13.901+0000] {processor.py:830} INFO - Processing file /home/varn1t/ml-pipeline/venv/lib/python3.11/site-packages/airflow/example_dags/example_setup_teardown_taskflow.py for tasks to queue
[2026-05-24T14:19:13.902+0000] {logging_mixin.py:188} INFO - [2026-05-24T14:19:13.902+0000] {dagbag.py:545} INFO - Filling up the DagBag from /home/varn1t/ml-pipeline/venv/lib/python3.11/site-packages/airflow/example_dags/example_setup_teardown_taskflow.py
[2026-05-24T14:19:13.912+0000] {processor.py:840} INFO - DAG(s) 'example_setup_teardown_taskflow' retrieved from /home/varn1t/ml-pipeline/venv/lib/python3.11/site-packages/airflow/example_dags/example_setup_teardown_taskflow.py
[2026-05-24T14:19:13.926+0000] {logging_mixin.py:188} INFO - [2026-05-24T14:19:13.925+0000] {dag.py:3096} INFO - Sync 1 DAGs
[2026-05-24T14:19:13.940+0000] {logging_mixin.py:188} INFO - [2026-05-24T14:19:13.940+0000] {dag.py:3954} INFO - Setting next_dagrun for example_setup_teardown_taskflow to 2026-05-23 00:00:00+00:00, run_after=2026-05-24 00:00:00+00:00
[2026-05-24T14:19:13.959+0000] {processor.py:183} INFO - Processing /home/varn1t/ml-pipeline/venv/lib/python3.11/site-packages/airflow/example_dags/example_setup_teardown_taskflow.py took 0.065 seconds
[2026-05-24T14:20:18.551+0000] {processor.py:161} INFO - Started process (PID=19831) to work on /home/varn1t/ml-pipeline/venv/lib/python3.11/site-packages/airflow/example_dags/example_setup_teardown_taskflow.py
[2026-05-24T14:20:18.553+0000] {processor.py:830} INFO - Processing file /home/varn1t/ml-pipeline/venv/lib/python3.11/site-packages/airflow/example_dags/example_setup_teardown_taskflow.py for tasks to queue
[2026-05-24T14:20:18.553+0000] {logging_mixin.py:188} INFO - [2026-05-24T14:20:18.553+0000] {dagbag.py:545} INFO - Filling up the DagBag from /home/varn1t/ml-pipeline/venv/lib/python3.11/site-packages/airflow/example_dags/example_setup_teardown_taskflow.py
[2026-05-24T14:20:18.563+0000] {processor.py:840} INFO - DAG(s) 'example_setup_teardown_taskflow' retrieved from /home/varn1t/ml-pipeline/venv/lib/python3.11/site-packages/airflow/example_dags/example_setup_teardown_taskflow.py
[2026-05-24T14:20:18.580+0000] {logging_mixin.py:188} INFO - [2026-05-24T14:20:18.580+0000] {dag.py:3096} INFO - Sync 1 DAGs
[2026-05-24T14:20:18.596+0000] {logging_mixin.py:188} INFO - [2026-05-24T14:20:18.596+0000] {dag.py:3954} INFO - Setting next_dagrun for example_setup_teardown_taskflow to 2026-05-23 00:00:00+00:00, run_after=2026-05-24 00:00:00+00:00
[2026-05-24T14:20:18.616+0000] {processor.py:183} INFO - Processing /home/varn1t/ml-pipeline/venv/lib/python3.11/site-packages/airflow/example_dags/example_setup_teardown_taskflow.py took 0.070 seconds
[2026-05-24T14:21:19.351+0000] {processor.py:161} INFO - Started process (PID=20113) to work on /home/varn1t/ml-pipeline/venv/lib/python3.11/site-packages/airflow/example_dags/example_setup_teardown_taskflow.py
[2026-05-24T14:21:19.352+0000] {processor.py:830} INFO - Processing file /home/varn1t/ml-pipeline/venv/lib/python3.11/site-packages/airflow/example_dags/example_setup_teardown_taskflow.py for tasks to queue
[2026-05-24T14:21:19.353+0000] {logging_mixin.py:188} INFO - [2026-05-24T14:21:19.353+0000] {dagbag.py:545} INFO - Filling up the DagBag from /home/varn1t/ml-pipeline/venv/lib/python3.11/site-packages/airflow/example_dags/example_setup_teardown_taskflow.py
[2026-05-24T14:21:19.362+0000] {processor.py:840} INFO - DAG(s) 'example_setup_teardown_taskflow' retrieved from /home/varn1t/ml-pipeline/venv/lib/python3.11/site-packages/airflow/example_dags/example_setup_teardown_taskflow.py
[2026-05-24T14:21:19.375+0000] {logging_mixin.py:188} INFO - [2026-05-24T14:21:19.374+0000] {dag.py:3096} INFO - Sync 1 DAGs
[2026-05-24T14:21:19.387+0000] {logging_mixin.py:188} INFO - [2026-05-24T14:21:19.387+0000] {dag.py:3954} INFO - Setting next_dagrun for example_setup_teardown_taskflow to 2026-05-23 00:00:00+00:00, run_after=2026-05-24 00:00:00+00:00
[2026-05-24T14:21:19.407+0000] {processor.py:183} INFO - Processing /home/varn1t/ml-pipeline/venv/lib/python3.11/site-packages/airflow/example_dags/example_setup_teardown_taskflow.py took 0.062 seconds
[2026-05-24T14:22:22.139+0000] {processor.py:161} INFO - Started process (PID=20400) to work on /home/varn1t/ml-pipeline/venv/lib/python3.11/site-packages/airflow/example_dags/example_setup_teardown_taskflow.py
[2026-05-24T14:22:22.141+0000] {processor.py:830} INFO - Processing file /home/varn1t/ml-pipeline/venv/lib/python3.11/site-packages/airflow/example_dags/example_setup_teardown_taskflow.py for tasks to queue
[2026-05-24T14:22:22.141+0000] {logging_mixin.py:188} INFO - [2026-05-24T14:22:22.141+0000] {dagbag.py:545} INFO - Filling up the DagBag from /home/varn1t/ml-pipeline/venv/lib/python3.11/site-packages/airflow/example_dags/example_setup_teardown_taskflow.py
[2026-05-24T14:22:22.150+0000] {processor.py:840} INFO - DAG(s) 'example_setup_teardown_taskflow' retrieved from /home/varn1t/ml-pipeline/venv/lib/python3.11/site-packages/airflow/example_dags/example_setup_teardown_taskflow.py
[2026-05-24T14:22:22.164+0000] {logging_mixin.py:188} INFO - [2026-05-24T14:22:22.164+0000] {dag.py:3096} INFO - Sync 1 DAGs
[2026-05-24T14:22:22.178+0000] {logging_mixin.py:188} INFO - [2026-05-24T14:22:22.178+0000] {dag.py:3954} INFO - Setting next_dagrun for example_setup_teardown_taskflow to 2026-05-23 00:00:00+00:00, run_after=2026-05-24 00:00:00+00:00
[2026-05-24T14:22:22.197+0000] {processor.py:183} INFO - Processing /home/varn1t/ml-pipeline/venv/lib/python3.11/site-packages/airflow/example_dags/example_setup_teardown_taskflow.py took 0.064 seconds
[2026-05-24T14:23:28.806+0000] {processor.py:161} INFO - Started process (PID=20732) to work on /home/varn1t/ml-pipeline/venv/lib/python3.11/site-packages/airflow/example_dags/example_setup_teardown_taskflow.py
[2026-05-24T14:23:28.808+0000] {processor.py:830} INFO - Processing file /home/varn1t/ml-pipeline/venv/lib/python3.11/site-packages/airflow/example_dags/example_setup_teardown_taskflow.py for tasks to queue
[2026-05-24T14:23:28.809+0000] {logging_mixin.py:188} INFO - [2026-05-24T14:23:28.808+0000] {dagbag.py:545} INFO - Filling up the DagBag from /home/varn1t/ml-pipeline/venv/lib/python3.11/site-packages/airflow/example_dags/example_setup_teardown_taskflow.py
[2026-05-24T14:23:28.818+0000] {processor.py:840} INFO - DAG(s) 'example_setup_teardown_taskflow' retrieved from /home/varn1t/ml-pipeline/venv/lib/python3.11/site-packages/airflow/example_dags/example_setup_teardown_taskflow.py
[2026-05-24T14:23:28.832+0000] {logging_mixin.py:188} INFO - [2026-05-24T14:23:28.832+0000] {dag.py:3096} INFO - Sync 1 DAGs
[2026-05-24T14:23:28.848+0000] {logging_mixin.py:188} INFO - [2026-05-24T14:23:28.848+0000] {dag.py:3954} INFO - Setting next_dagrun for example_setup_teardown_taskflow to 2026-05-23 00:00:00+00:00, run_after=2026-05-24 00:00:00+00:00
[2026-05-24T14:23:28.870+0000] {processor.py:183} INFO - Processing /home/varn1t/ml-pipeline/venv/lib/python3.11/site-packages/airflow/example_dags/example_setup_teardown_taskflow.py took 0.069 seconds
[2026-05-24T14:24:27.795+0000] {processor.py:161} INFO - Started process (PID=20993) to work on /home/varn1t/ml-pipeline/venv/lib/python3.11/site-packages/airflow/example_dags/example_setup_teardown_taskflow.py
[2026-05-24T14:24:27.797+0000] {processor.py:830} INFO - Processing file /home/varn1t/ml-pipeline/venv/lib/python3.11/site-packages/airflow/example_dags/example_setup_teardown_taskflow.py for tasks to queue
[2026-05-24T14:24:27.798+0000] {logging_mixin.py:188} INFO - [2026-05-24T14:24:27.797+0000] {dagbag.py:545} INFO - Filling up the DagBag from /home/varn1t/ml-pipeline/venv/lib/python3.11/site-packages/airflow/example_dags/example_setup_teardown_taskflow.py
[2026-05-24T14:24:27.806+0000] {processor.py:840} INFO - DAG(s) 'example_setup_teardown_taskflow' retrieved from /home/varn1t/ml-pipeline/venv/lib/python3.11/site-packages/airflow/example_dags/example_setup_teardown_taskflow.py
[2026-05-24T14:24:27.822+0000] {logging_mixin.py:188} INFO - [2026-05-24T14:24:27.821+0000] {dag.py:3096} INFO - Sync 1 DAGs
[2026-05-24T14:24:27.835+0000] {logging_mixin.py:188} INFO - [2026-05-24T14:24:27.835+0000] {dag.py:3954} INFO - Setting next_dagrun for example_setup_teardown_taskflow to 2026-05-23 00:00:00+00:00, run_after=2026-05-24 00:00:00+00:00
[2026-05-24T14:24:27.856+0000] {processor.py:183} INFO - Processing /home/varn1t/ml-pipeline/venv/lib/python3.11/site-packages/airflow/example_dags/example_setup_teardown_taskflow.py took 0.067 seconds
[2026-05-24T14:25:26.463+0000] {processor.py:161} INFO - Started process (PID=21268) to work on /home/varn1t/ml-pipeline/venv/lib/python3.11/site-packages/airflow/example_dags/example_setup_teardown_taskflow.py
[2026-05-24T14:25:26.464+0000] {processor.py:830} INFO - Processing file /home/varn1t/ml-pipeline/venv/lib/python3.11/site-packages/airflow/example_dags/example_setup_teardown_taskflow.py for tasks to queue
[2026-05-24T14:25:26.465+0000] {logging_mixin.py:188} INFO - [2026-05-24T14:25:26.465+0000] {dagbag.py:545} INFO - Filling up the DagBag from /home/varn1t/ml-pipeline/venv/lib/python3.11/site-packages/airflow/example_dags/example_setup_teardown_taskflow.py
[2026-05-24T14:25:26.472+0000] {processor.py:840} INFO - DAG(s) 'example_setup_teardown_taskflow' retrieved from /home/varn1t/ml-pipeline/venv/lib/python3.11/site-packages/airflow/example_dags/example_setup_teardown_taskflow.py
[2026-05-24T14:25:26.483+0000] {logging_mixin.py:188} INFO - [2026-05-24T14:25:26.483+0000] {dag.py:3096} INFO - Sync 1 DAGs
[2026-05-24T14:25:26.494+0000] {logging_mixin.py:188} INFO - [2026-05-24T14:25:26.494+0000] {dag.py:3954} INFO - Setting next_dagrun for example_setup_teardown_taskflow to 2026-05-23 00:00:00+00:00, run_after=2026-05-24 00:00:00+00:00
[2026-05-24T14:25:26.511+0000] {processor.py:183} INFO - Processing /home/varn1t/ml-pipeline/venv/lib/python3.11/site-packages/airflow/example_dags/example_setup_teardown_taskflow.py took 0.053 seconds
[2026-05-24T14:26:28.768+0000] {processor.py:161} INFO - Started process (PID=21547) to work on /home/varn1t/ml-pipeline/venv/lib/python3.11/site-packages/airflow/example_dags/example_setup_teardown_taskflow.py
[2026-05-24T14:26:28.770+0000] {processor.py:830} INFO - Processing file /home/varn1t/ml-pipeline/venv/lib/python3.11/site-packages/airflow/example_dags/example_setup_teardown_taskflow.py for tasks to queue
[2026-05-24T14:26:28.771+0000] {logging_mixin.py:188} INFO - [2026-05-24T14:26:28.771+0000] {dagbag.py:545} INFO - Filling up the DagBag from /home/varn1t/ml-pipeline/venv/lib/python3.11/site-packages/airflow/example_dags/example_setup_teardown_taskflow.py
[2026-05-24T14:26:28.779+0000] {processor.py:840} INFO - DAG(s) 'example_setup_teardown_taskflow' retrieved from /home/varn1t/ml-pipeline/venv/lib/python3.11/site-packages/airflow/example_dags/example_setup_teardown_taskflow.py
[2026-05-24T14:26:28.793+0000] {logging_mixin.py:188} INFO - [2026-05-24T14:26:28.793+0000] {dag.py:3096} INFO - Sync 1 DAGs
[2026-05-24T14:26:28.808+0000] {logging_mixin.py:188} INFO - [2026-05-24T14:26:28.808+0000] {dag.py:3954} INFO - Setting next_dagrun for example_setup_teardown_taskflow to 2026-05-23 00:00:00+00:00, run_after=2026-05-24 00:00:00+00:00
[2026-05-24T14:26:28.827+0000] {processor.py:183} INFO - Processing /home/varn1t/ml-pipeline/venv/lib/python3.11/site-packages/airflow/example_dags/example_setup_teardown_taskflow.py took 0.065 seconds
[2026-05-24T14:27:26.293+0000] {processor.py:161} INFO - Started process (PID=21820) to work on /home/varn1t/ml-pipeline/venv/lib/python3.11/site-packages/airflow/example_dags/example_setup_teardown_taskflow.py
[2026-05-24T14:27:26.294+0000] {processor.py:830} INFO - Processing file /home/varn1t/ml-pipeline/venv/lib/python3.11/site-packages/airflow/example_dags/example_setup_teardown_taskflow.py for tasks to queue
[2026-05-24T14:27:26.295+0000] {logging_mixin.py:188} INFO - [2026-05-24T14:27:26.295+0000] {dagbag.py:545} INFO - Filling up the DagBag from /home/varn1t/ml-pipeline/venv/lib/python3.11/site-packages/airflow/example_dags/example_setup_teardown_taskflow.py
[2026-05-24T14:27:26.303+0000] {processor.py:840} INFO - DAG(s) 'example_setup_teardown_taskflow' retrieved from /home/varn1t/ml-pipeline/venv/lib/python3.11/site-packages/airflow/example_dags/example_setup_teardown_taskflow.py
[2026-05-24T14:27:26.317+0000] {logging_mixin.py:188} INFO - [2026-05-24T14:27:26.317+0000] {dag.py:3096} INFO - Sync 1 DAGs
[2026-05-24T14:27:26.333+0000] {logging_mixin.py:188} INFO - [2026-05-24T14:27:26.333+0000] {dag.py:3954} INFO - Setting next_dagrun for example_setup_teardown_taskflow to 2026-05-23 00:00:00+00:00, run_after=2026-05-24 00:00:00+00:00
[2026-05-24T14:27:26.351+0000] {processor.py:183} INFO - Processing /home/varn1t/ml-pipeline/venv/lib/python3.11/site-packages/airflow/example_dags/example_setup_teardown_taskflow.py took 0.062 seconds
[2026-05-24T14:28:30.207+0000] {processor.py:161} INFO - Started process (PID=22124) to work on /home/varn1t/ml-pipeline/venv/lib/python3.11/site-packages/airflow/example_dags/example_setup_teardown_taskflow.py
[2026-05-24T14:28:30.208+0000] {processor.py:830} INFO - Processing file /home/varn1t/ml-pipeline/venv/lib/python3.11/site-packages/airflow/example_dags/example_setup_teardown_taskflow.py for tasks to queue
[2026-05-24T14:28:30.209+0000] {logging_mixin.py:188} INFO - [2026-05-24T14:28:30.208+0000] {dagbag.py:545} INFO - Filling up the DagBag from /home/varn1t/ml-pipeline/venv/lib/python3.11/site-packages/airflow/example_dags/example_setup_teardown_taskflow.py
[2026-05-24T14:28:30.216+0000] {processor.py:840} INFO - DAG(s) 'example_setup_teardown_taskflow' retrieved from /home/varn1t/ml-pipeline/venv/lib/python3.11/site-packages/airflow/example_dags/example_setup_teardown_taskflow.py
[2026-05-24T14:28:30.227+0000] {logging_mixin.py:188} INFO - [2026-05-24T14:28:30.227+0000] {dag.py:3096} INFO - Sync 1 DAGs
[2026-05-24T14:28:30.238+0000] {logging_mixin.py:188} INFO - [2026-05-24T14:28:30.238+0000] {dag.py:3954} INFO - Setting next_dagrun for example_setup_teardown_taskflow to 2026-05-23 00:00:00+00:00, run_after=2026-05-24 00:00:00+00:00
[2026-05-24T14:28:30.254+0000] {processor.py:183} INFO - Processing /home/varn1t/ml-pipeline/venv/lib/python3.11/site-packages/airflow/example_dags/example_setup_teardown_taskflow.py took 0.051 seconds
[2026-05-24T14:29:34.444+0000] {processor.py:161} INFO - Started process (PID=22417) to work on /home/varn1t/ml-pipeline/venv/lib/python3.11/site-packages/airflow/example_dags/example_setup_teardown_taskflow.py
[2026-05-24T14:29:34.445+0000] {processor.py:830} INFO - Processing file /home/varn1t/ml-pipeline/venv/lib/python3.11/site-packages/airflow/example_dags/example_setup_teardown_taskflow.py for tasks to queue
[2026-05-24T14:29:34.445+0000] {logging_mixin.py:188} INFO - [2026-05-24T14:29:34.445+0000] {dagbag.py:545} INFO - Filling up the DagBag from /home/varn1t/ml-pipeline/venv/lib/python3.11/site-packages/airflow/example_dags/example_setup_teardown_taskflow.py
[2026-05-24T14:29:34.453+0000] {processor.py:840} INFO - DAG(s) 'example_setup_teardown_taskflow' retrieved from /home/varn1t/ml-pipeline/venv/lib/python3.11/site-packages/airflow/example_dags/example_setup_teardown_taskflow.py
[2026-05-24T14:29:34.466+0000] {logging_mixin.py:188} INFO - [2026-05-24T14:29:34.465+0000] {dag.py:3096} INFO - Sync 1 DAGs
[2026-05-24T14:29:34.481+0000] {logging_mixin.py:188} INFO - [2026-05-24T14:29:34.481+0000] {dag.py:3954} INFO - Setting next_dagrun for example_setup_teardown_taskflow to 2026-05-23 00:00:00+00:00, run_after=2026-05-24 00:00:00+00:00
[2026-05-24T14:29:34.499+0000] {processor.py:183} INFO - Processing /home/varn1t/ml-pipeline/venv/lib/python3.11/site-packages/airflow/example_dags/example_setup_teardown_taskflow.py took 0.059 seconds
[2026-05-24T14:30:33.249+0000] {processor.py:161} INFO - Started process (PID=22677) to work on /home/varn1t/ml-pipeline/venv/lib/python3.11/site-packages/airflow/example_dags/example_setup_teardown_taskflow.py
[2026-05-24T14:30:33.250+0000] {processor.py:830} INFO - Processing file /home/varn1t/ml-pipeline/venv/lib/python3.11/site-packages/airflow/example_dags/example_setup_teardown_taskflow.py for tasks to queue
[2026-05-24T14:30:33.251+0000] {logging_mixin.py:188} INFO - [2026-05-24T14:30:33.251+0000] {dagbag.py:545} INFO - Filling up the DagBag from /home/varn1t/ml-pipeline/venv/lib/python3.11/site-packages/airflow/example_dags/example_setup_teardown_taskflow.py
[2026-05-24T14:30:33.258+0000] {processor.py:840} INFO - DAG(s) 'example_setup_teardown_taskflow' retrieved from /home/varn1t/ml-pipeline/venv/lib/python3.11/site-packages/airflow/example_dags/example_setup_teardown_taskflow.py
[2026-05-24T14:30:33.269+0000] {logging_mixin.py:188} INFO - [2026-05-24T14:30:33.269+0000] {dag.py:3096} INFO - Sync 1 DAGs
[2026-05-24T14:30:33.281+0000] {logging_mixin.py:188} INFO - [2026-05-24T14:30:33.281+0000] {dag.py:3954} INFO - Setting next_dagrun for example_setup_teardown_taskflow to 2026-05-23 00:00:00+00:00, run_after=2026-05-24 00:00:00+00:00
[2026-05-24T14:30:33.296+0000] {processor.py:183} INFO - Processing /home/varn1t/ml-pipeline/venv/lib/python3.11/site-packages/airflow/example_dags/example_setup_teardown_taskflow.py took 0.051 seconds
[2026-05-24T14:31:37.520+0000] {processor.py:161} INFO - Started process (PID=22966) to work on /home/varn1t/ml-pipeline/venv/lib/python3.11/site-packages/airflow/example_dags/example_setup_teardown_taskflow.py
[2026-05-24T14:31:37.521+0000] {processor.py:830} INFO - Processing file /home/varn1t/ml-pipeline/venv/lib/python3.11/site-packages/airflow/example_dags/example_setup_teardown_taskflow.py for tasks to queue
[2026-05-24T14:31:37.522+0000] {logging_mixin.py:188} INFO - [2026-05-24T14:31:37.522+0000] {dagbag.py:545} INFO - Filling up the DagBag from /home/varn1t/ml-pipeline/venv/lib/python3.11/site-packages/airflow/example_dags/example_setup_teardown_taskflow.py
[2026-05-24T14:31:37.528+0000] {processor.py:840} INFO - DAG(s) 'example_setup_teardown_taskflow' retrieved from /home/varn1t/ml-pipeline/venv/lib/python3.11/site-packages/airflow/example_dags/example_setup_teardown_taskflow.py
[2026-05-24T14:31:37.538+0000] {logging_mixin.py:188} INFO - [2026-05-24T14:31:37.538+0000] {dag.py:3096} INFO - Sync 1 DAGs
[2026-05-24T14:31:37.553+0000] {logging_mixin.py:188} INFO - [2026-05-24T14:31:37.553+0000] {dag.py:3954} INFO - Setting next_dagrun for example_setup_teardown_taskflow to 2026-05-23 00:00:00+00:00, run_after=2026-05-24 00:00:00+00:00
[2026-05-24T14:31:37.568+0000] {processor.py:183} INFO - Processing /home/varn1t/ml-pipeline/venv/lib/python3.11/site-packages/airflow/example_dags/example_setup_teardown_taskflow.py took 0.052 seconds
[2026-05-24T14:32:38.229+0000] {processor.py:161} INFO - Started process (PID=23233) to work on /home/varn1t/ml-pipeline/venv/lib/python3.11/site-packages/airflow/example_dags/example_setup_teardown_taskflow.py
[2026-05-24T14:32:38.230+0000] {processor.py:830} INFO - Processing file /home/varn1t/ml-pipeline/venv/lib/python3.11/site-packages/airflow/example_dags/example_setup_teardown_taskflow.py for tasks to queue
[2026-05-24T14:32:38.230+0000] {logging_mixin.py:188} INFO - [2026-05-24T14:32:38.230+0000] {dagbag.py:545} INFO - Filling up the DagBag from /home/varn1t/ml-pipeline/venv/lib/python3.11/site-packages/airflow/example_dags/example_setup_teardown_taskflow.py
[2026-05-24T14:32:38.237+0000] {processor.py:840} INFO - DAG(s) 'example_setup_teardown_taskflow' retrieved from /home/varn1t/ml-pipeline/venv/lib/python3.11/site-packages/airflow/example_dags/example_setup_teardown_taskflow.py
[2026-05-24T14:32:38.248+0000] {logging_mixin.py:188} INFO - [2026-05-24T14:32:38.248+0000] {dag.py:3096} INFO - Sync 1 DAGs
[2026-05-24T14:32:38.262+0000] {logging_mixin.py:188} INFO - [2026-05-24T14:32:38.262+0000] {dag.py:3954} INFO - Setting next_dagrun for example_setup_teardown_taskflow to 2026-05-23 00:00:00+00:00, run_after=2026-05-24 00:00:00+00:00
[2026-05-24T14:32:38.281+0000] {processor.py:183} INFO - Processing /home/varn1t/ml-pipeline/venv/lib/python3.11/site-packages/airflow/example_dags/example_setup_teardown_taskflow.py took 0.056 seconds
[2026-05-24T14:33:42.677+0000] {processor.py:161} INFO - Started process (PID=23547) to work on /home/varn1t/ml-pipeline/venv/lib/python3.11/site-packages/airflow/example_dags/example_setup_teardown_taskflow.py
[2026-05-24T14:33:42.678+0000] {processor.py:830} INFO - Processing file /home/varn1t/ml-pipeline/venv/lib/python3.11/site-packages/airflow/example_dags/example_setup_teardown_taskflow.py for tasks to queue
[2026-05-24T14:33:42.678+0000] {logging_mixin.py:188} INFO - [2026-05-24T14:33:42.678+0000] {dagbag.py:545} INFO - Filling up the DagBag from /home/varn1t/ml-pipeline/venv/lib/python3.11/site-packages/airflow/example_dags/example_setup_teardown_taskflow.py
[2026-05-24T14:33:42.688+0000] {processor.py:840} INFO - DAG(s) 'example_setup_teardown_taskflow' retrieved from /home/varn1t/ml-pipeline/venv/lib/python3.11/site-packages/airflow/example_dags/example_setup_teardown_taskflow.py
[2026-05-24T14:33:42.699+0000] {logging_mixin.py:188} INFO - [2026-05-24T14:33:42.698+0000] {dag.py:3096} INFO - Sync 1 DAGs
[2026-05-24T14:33:42.710+0000] {logging_mixin.py:188} INFO - [2026-05-24T14:33:42.710+0000] {dag.py:3954} INFO - Setting next_dagrun for example_setup_teardown_taskflow to 2026-05-23 00:00:00+00:00, run_after=2026-05-24 00:00:00+00:00
[2026-05-24T14:33:42.723+0000] {processor.py:183} INFO - Processing /home/varn1t/ml-pipeline/venv/lib/python3.11/site-packages/airflow/example_dags/example_setup_teardown_taskflow.py took 0.051 seconds
[2026-05-24T14:34:43.368+0000] {processor.py:161} INFO - Started process (PID=23806) to work on /home/varn1t/ml-pipeline/venv/lib/python3.11/site-packages/airflow/example_dags/example_setup_teardown_taskflow.py
[2026-05-24T14:34:43.369+0000] {processor.py:830} INFO - Processing file /home/varn1t/ml-pipeline/venv/lib/python3.11/site-packages/airflow/example_dags/example_setup_teardown_taskflow.py for tasks to queue
[2026-05-24T14:34:43.370+0000] {logging_mixin.py:188} INFO - [2026-05-24T14:34:43.369+0000] {dagbag.py:545} INFO - Filling up the DagBag from /home/varn1t/ml-pipeline/venv/lib/python3.11/site-packages/airflow/example_dags/example_setup_teardown_taskflow.py
[2026-05-24T14:34:43.377+0000] {processor.py:840} INFO - DAG(s) 'example_setup_teardown_taskflow' retrieved from /home/varn1t/ml-pipeline/venv/lib/python3.11/site-packages/airflow/example_dags/example_setup_teardown_taskflow.py
[2026-05-24T14:34:43.390+0000] {logging_mixin.py:188} INFO - [2026-05-24T14:34:43.390+0000] {dag.py:3096} INFO - Sync 1 DAGs
[2026-05-24T14:34:43.403+0000] {logging_mixin.py:188} INFO - [2026-05-24T14:34:43.403+0000] {dag.py:3954} INFO - Setting next_dagrun for example_setup_teardown_taskflow to 2026-05-23 00:00:00+00:00, run_after=2026-05-24 00:00:00+00:00
[2026-05-24T14:34:43.418+0000] {processor.py:183} INFO - Processing /home/varn1t/ml-pipeline/venv/lib/python3.11/site-packages/airflow/example_dags/example_setup_teardown_taskflow.py took 0.055 seconds
[2026-05-24T14:35:45.673+0000] {processor.py:161} INFO - Started process (PID=24086) to work on /home/varn1t/ml-pipeline/venv/lib/python3.11/site-packages/airflow/example_dags/example_setup_teardown_taskflow.py
[2026-05-24T14:35:45.674+0000] {processor.py:830} INFO - Processing file /home/varn1t/ml-pipeline/venv/lib/python3.11/site-packages/airflow/example_dags/example_setup_teardown_taskflow.py for tasks to queue
[2026-05-24T14:35:45.675+0000] {logging_mixin.py:188} INFO - [2026-05-24T14:35:45.674+0000] {dagbag.py:545} INFO - Filling up the DagBag from /home/varn1t/ml-pipeline/venv/lib/python3.11/site-packages/airflow/example_dags/example_setup_teardown_taskflow.py
[2026-05-24T14:35:45.682+0000] {processor.py:840} INFO - DAG(s) 'example_setup_teardown_taskflow' retrieved from /home/varn1t/ml-pipeline/venv/lib/python3.11/site-packages/airflow/example_dags/example_setup_teardown_taskflow.py
[2026-05-24T14:35:45.696+0000] {logging_mixin.py:188} INFO - [2026-05-24T14:35:45.696+0000] {dag.py:3096} INFO - Sync 1 DAGs
[2026-05-24T14:35:45.709+0000] {logging_mixin.py:188} INFO - [2026-05-24T14:35:45.709+0000] {dag.py:3954} INFO - Setting next_dagrun for example_setup_teardown_taskflow to 2026-05-23 00:00:00+00:00, run_after=2026-05-24 00:00:00+00:00
[2026-05-24T14:35:45.724+0000] {processor.py:183} INFO - Processing /home/varn1t/ml-pipeline/venv/lib/python3.11/site-packages/airflow/example_dags/example_setup_teardown_taskflow.py took 0.055 seconds
[2026-05-24T14:36:50.362+0000] {processor.py:161} INFO - Started process (PID=24370) to work on /home/varn1t/ml-pipeline/venv/lib/python3.11/site-packages/airflow/example_dags/example_setup_teardown_taskflow.py
[2026-05-24T14:36:50.363+0000] {processor.py:830} INFO - Processing file /home/varn1t/ml-pipeline/venv/lib/python3.11/site-packages/airflow/example_dags/example_setup_teardown_taskflow.py for tasks to queue
[2026-05-24T14:36:50.363+0000] {logging_mixin.py:188} INFO - [2026-05-24T14:36:50.363+0000] {dagbag.py:545} INFO - Filling up the DagBag from /home/varn1t/ml-pipeline/venv/lib/python3.11/site-packages/airflow/example_dags/example_setup_teardown_taskflow.py
[2026-05-24T14:36:50.371+0000] {processor.py:840} INFO - DAG(s) 'example_setup_teardown_taskflow' retrieved from /home/varn1t/ml-pipeline/venv/lib/python3.11/site-packages/airflow/example_dags/example_setup_teardown_taskflow.py
[2026-05-24T14:36:50.383+0000] {logging_mixin.py:188} INFO - [2026-05-24T14:36:50.383+0000] {dag.py:3096} INFO - Sync 1 DAGs
[2026-05-24T14:36:50.394+0000] {logging_mixin.py:188} INFO - [2026-05-24T14:36:50.394+0000] {dag.py:3954} INFO - Setting next_dagrun for example_setup_teardown_taskflow to 2026-05-23 00:00:00+00:00, run_after=2026-05-24 00:00:00+00:00
[2026-05-24T14:36:50.408+0000] {processor.py:183} INFO - Processing /home/varn1t/ml-pipeline/venv/lib/python3.11/site-packages/airflow/example_dags/example_setup_teardown_taskflow.py took 0.051 seconds
[2026-05-24T14:37:48.472+0000] {processor.py:161} INFO - Started process (PID=24663) to work on /home/varn1t/ml-pipeline/venv/lib/python3.11/site-packages/airflow/example_dags/example_setup_teardown_taskflow.py
[2026-05-24T14:37:48.473+0000] {processor.py:830} INFO - Processing file /home/varn1t/ml-pipeline/venv/lib/python3.11/site-packages/airflow/example_dags/example_setup_teardown_taskflow.py for tasks to queue
[2026-05-24T14:37:48.474+0000] {logging_mixin.py:188} INFO - [2026-05-24T14:37:48.473+0000] {dagbag.py:545} INFO - Filling up the DagBag from /home/varn1t/ml-pipeline/venv/lib/python3.11/site-packages/airflow/example_dags/example_setup_teardown_taskflow.py
[2026-05-24T14:37:48.481+0000] {processor.py:840} INFO - DAG(s) 'example_setup_teardown_taskflow' retrieved from /home/varn1t/ml-pipeline/venv/lib/python3.11/site-packages/airflow/example_dags/example_setup_teardown_taskflow.py
[2026-05-24T14:37:48.492+0000] {logging_mixin.py:188} INFO - [2026-05-24T14:37:48.492+0000] {dag.py:3096} INFO - Sync 1 DAGs
[2026-05-24T14:37:48.503+0000] {logging_mixin.py:188} INFO - [2026-05-24T14:37:48.503+0000] {dag.py:3954} INFO - Setting next_dagrun for example_setup_teardown_taskflow to 2026-05-23 00:00:00+00:00, run_after=2026-05-24 00:00:00+00:00
[2026-05-24T14:37:48.518+0000] {processor.py:183} INFO - Processing /home/varn1t/ml-pipeline/venv/lib/python3.11/site-packages/airflow/example_dags/example_setup_teardown_taskflow.py took 0.050 seconds
[2026-05-24T14:38:51.269+0000] {processor.py:161} INFO - Started process (PID=24956) to work on /home/varn1t/ml-pipeline/venv/lib/python3.11/site-packages/airflow/example_dags/example_setup_teardown_taskflow.py
[2026-05-24T14:38:51.270+0000] {processor.py:830} INFO - Processing file /home/varn1t/ml-pipeline/venv/lib/python3.11/site-packages/airflow/example_dags/example_setup_teardown_taskflow.py for tasks to queue
[2026-05-24T14:38:51.270+0000] {logging_mixin.py:188} INFO - [2026-05-24T14:38:51.270+0000] {dagbag.py:545} INFO - Filling up the DagBag from /home/varn1t/ml-pipeline/venv/lib/python3.11/site-packages/airflow/example_dags/example_setup_teardown_taskflow.py
[2026-05-24T14:38:51.279+0000] {processor.py:840} INFO - DAG(s) 'example_setup_teardown_taskflow' retrieved from /home/varn1t/ml-pipeline/venv/lib/python3.11/site-packages/airflow/example_dags/example_setup_teardown_taskflow.py
[2026-05-24T14:38:51.291+0000] {logging_mixin.py:188} INFO - [2026-05-24T14:38:51.290+0000] {dag.py:3096} INFO - Sync 1 DAGs
[2026-05-24T14:38:51.304+0000] {logging_mixin.py:188} INFO - [2026-05-24T14:38:51.304+0000] {dag.py:3954} INFO - Setting next_dagrun for example_setup_teardown_taskflow to 2026-05-23 00:00:00+00:00, run_after=2026-05-24 00:00:00+00:00
[2026-05-24T14:38:51.323+0000] {processor.py:183} INFO - Processing /home/varn1t/ml-pipeline/venv/lib/python3.11/site-packages/airflow/example_dags/example_setup_teardown_taskflow.py took 0.058 seconds
[2026-05-24T14:39:52.904+0000] {processor.py:161} INFO - Started process (PID=25236) to work on /home/varn1t/ml-pipeline/venv/lib/python3.11/site-packages/airflow/example_dags/example_setup_teardown_taskflow.py
[2026-05-24T14:39:52.905+0000] {processor.py:830} INFO - Processing file /home/varn1t/ml-pipeline/venv/lib/python3.11/site-packages/airflow/example_dags/example_setup_teardown_taskflow.py for tasks to queue
[2026-05-24T14:39:52.906+0000] {logging_mixin.py:188} INFO - [2026-05-24T14:39:52.905+0000] {dagbag.py:545} INFO - Filling up the DagBag from /home/varn1t/ml-pipeline/venv/lib/python3.11/site-packages/airflow/example_dags/example_setup_teardown_taskflow.py
[2026-05-24T14:39:52.915+0000] {processor.py:840} INFO - DAG(s) 'example_setup_teardown_taskflow' retrieved from /home/varn1t/ml-pipeline/venv/lib/python3.11/site-packages/airflow/example_dags/example_setup_teardown_taskflow.py
[2026-05-24T14:39:52.933+0000] {logging_mixin.py:188} INFO - [2026-05-24T14:39:52.933+0000] {dag.py:3096} INFO - Sync 1 DAGs
[2026-05-24T14:39:52.954+0000] {logging_mixin.py:188} INFO - [2026-05-24T14:39:52.954+0000] {dag.py:3954} INFO - Setting next_dagrun for example_setup_teardown_taskflow to 2026-05-23 00:00:00+00:00, run_after=2026-05-24 00:00:00+00:00
[2026-05-24T14:39:52.974+0000] {processor.py:183} INFO - Processing /home/varn1t/ml-pipeline/venv/lib/python3.11/site-packages/airflow/example_dags/example_setup_teardown_taskflow.py took 0.075 seconds
[2026-05-24T14:41:01.699+0000] {processor.py:161} INFO - Started process (PID=25531) to work on /home/varn1t/ml-pipeline/venv/lib/python3.11/site-packages/airflow/example_dags/example_setup_teardown_taskflow.py
[2026-05-24T14:41:01.700+0000] {processor.py:830} INFO - Processing file /home/varn1t/ml-pipeline/venv/lib/python3.11/site-packages/airflow/example_dags/example_setup_teardown_taskflow.py for tasks to queue
[2026-05-24T14:41:01.701+0000] {logging_mixin.py:188} INFO - [2026-05-24T14:41:01.700+0000] {dagbag.py:545} INFO - Filling up the DagBag from /home/varn1t/ml-pipeline/venv/lib/python3.11/site-packages/airflow/example_dags/example_setup_teardown_taskflow.py
[2026-05-24T14:41:01.708+0000] {processor.py:840} INFO - DAG(s) 'example_setup_teardown_taskflow' retrieved from /home/varn1t/ml-pipeline/venv/lib/python3.11/site-packages/airflow/example_dags/example_setup_teardown_taskflow.py
[2026-05-24T14:41:01.720+0000] {logging_mixin.py:188} INFO - [2026-05-24T14:41:01.720+0000] {dag.py:3096} INFO - Sync 1 DAGs
[2026-05-24T14:41:01.734+0000] {logging_mixin.py:188} INFO - [2026-05-24T14:41:01.734+0000] {dag.py:3954} INFO - Setting next_dagrun for example_setup_teardown_taskflow to 2026-05-23 00:00:00+00:00, run_after=2026-05-24 00:00:00+00:00
[2026-05-24T14:41:01.751+0000] {processor.py:183} INFO - Processing /home/varn1t/ml-pipeline/venv/lib/python3.11/site-packages/airflow/example_dags/example_setup_teardown_taskflow.py took 0.057 seconds
[2026-05-24T14:42:11.960+0000] {processor.py:161} INFO - Started process (PID=25846) to work on /home/varn1t/ml-pipeline/venv/lib/python3.11/site-packages/airflow/example_dags/example_setup_teardown_taskflow.py
[2026-05-24T14:42:11.961+0000] {processor.py:830} INFO - Processing file /home/varn1t/ml-pipeline/venv/lib/python3.11/site-packages/airflow/example_dags/example_setup_teardown_taskflow.py for tasks to queue
[2026-05-24T14:42:11.961+0000] {logging_mixin.py:188} INFO - [2026-05-24T14:42:11.961+0000] {dagbag.py:545} INFO - Filling up the DagBag from /home/varn1t/ml-pipeline/venv/lib/python3.11/site-packages/airflow/example_dags/example_setup_teardown_taskflow.py
[2026-05-24T14:42:11.968+0000] {processor.py:840} INFO - DAG(s) 'example_setup_teardown_taskflow' retrieved from /home/varn1t/ml-pipeline/venv/lib/python3.11/site-packages/airflow/example_dags/example_setup_teardown_taskflow.py
[2026-05-24T14:42:11.980+0000] {logging_mixin.py:188} INFO - [2026-05-24T14:42:11.980+0000] {dag.py:3096} INFO - Sync 1 DAGs
[2026-05-24T14:42:11.993+0000] {logging_mixin.py:188} INFO - [2026-05-24T14:42:11.993+0000] {dag.py:3954} INFO - Setting next_dagrun for example_setup_teardown_taskflow to 2026-05-23 00:00:00+00:00, run_after=2026-05-24 00:00:00+00:00
[2026-05-24T14:42:12.098+0000] {processor.py:183} INFO - Processing /home/varn1t/ml-pipeline/venv/lib/python3.11/site-packages/airflow/example_dags/example_setup_teardown_taskflow.py took 0.142 seconds
[2026-05-24T14:43:20.027+0000] {processor.py:161} INFO - Started process (PID=26131) to work on /home/varn1t/ml-pipeline/venv/lib/python3.11/site-packages/airflow/example_dags/example_setup_teardown_taskflow.py
[2026-05-24T14:43:20.028+0000] {processor.py:830} INFO - Processing file /home/varn1t/ml-pipeline/venv/lib/python3.11/site-packages/airflow/example_dags/example_setup_teardown_taskflow.py for tasks to queue
[2026-05-24T14:43:20.028+0000] {logging_mixin.py:188} INFO - [2026-05-24T14:43:20.028+0000] {dagbag.py:545} INFO - Filling up the DagBag from /home/varn1t/ml-pipeline/venv/lib/python3.11/site-packages/airflow/example_dags/example_setup_teardown_taskflow.py
[2026-05-24T14:43:20.036+0000] {processor.py:840} INFO - DAG(s) 'example_setup_teardown_taskflow' retrieved from /home/varn1t/ml-pipeline/venv/lib/python3.11/site-packages/airflow/example_dags/example_setup_teardown_taskflow.py
[2026-05-24T14:43:20.049+0000] {logging_mixin.py:188} INFO - [2026-05-24T14:43:20.049+0000] {dag.py:3096} INFO - Sync 1 DAGs
[2026-05-24T14:43:20.163+0000] {logging_mixin.py:188} INFO - [2026-05-24T14:43:20.163+0000] {dag.py:3954} INFO - Setting next_dagrun for example_setup_teardown_taskflow to 2026-05-23 00:00:00+00:00, run_after=2026-05-24 00:00:00+00:00
[2026-05-24T14:43:20.186+0000] {processor.py:183} INFO - Processing /home/varn1t/ml-pipeline/venv/lib/python3.11/site-packages/airflow/example_dags/example_setup_teardown_taskflow.py took 0.163 seconds
[2026-05-24T14:44:21.736+0000] {processor.py:161} INFO - Started process (PID=26448) to work on /home/varn1t/ml-pipeline/venv/lib/python3.11/site-packages/airflow/example_dags/example_setup_teardown_taskflow.py
[2026-05-24T14:44:21.737+0000] {processor.py:830} INFO - Processing file /home/varn1t/ml-pipeline/venv/lib/python3.11/site-packages/airflow/example_dags/example_setup_teardown_taskflow.py for tasks to queue
[2026-05-24T14:44:21.738+0000] {logging_mixin.py:188} INFO - [2026-05-24T14:44:21.737+0000] {dagbag.py:545} INFO - Filling up the DagBag from /home/varn1t/ml-pipeline/venv/lib/python3.11/site-packages/airflow/example_dags/example_setup_teardown_taskflow.py
[2026-05-24T14:44:21.745+0000] {processor.py:840} INFO - DAG(s) 'example_setup_teardown_taskflow' retrieved from /home/varn1t/ml-pipeline/venv/lib/python3.11/site-packages/airflow/example_dags/example_setup_teardown_taskflow.py
[2026-05-24T14:44:21.759+0000] {logging_mixin.py:188} INFO - [2026-05-24T14:44:21.759+0000] {dag.py:3096} INFO - Sync 1 DAGs
[2026-05-24T14:44:21.779+0000] {logging_mixin.py:188} INFO - [2026-05-24T14:44:21.779+0000] {dag.py:3954} INFO - Setting next_dagrun for example_setup_teardown_taskflow to 2026-05-23 00:00:00+00:00, run_after=2026-05-24 00:00:00+00:00
[2026-05-24T14:44:21.801+0000] {processor.py:183} INFO - Processing /home/varn1t/ml-pipeline/venv/lib/python3.11/site-packages/airflow/example_dags/example_setup_teardown_taskflow.py took 0.070 seconds
[2026-05-24T14:45:21.096+0000] {processor.py:161} INFO - Started process (PID=26707) to work on /home/varn1t/ml-pipeline/venv/lib/python3.11/site-packages/airflow/example_dags/example_setup_teardown_taskflow.py
[2026-05-24T14:45:21.098+0000] {processor.py:830} INFO - Processing file /home/varn1t/ml-pipeline/venv/lib/python3.11/site-packages/airflow/example_dags/example_setup_teardown_taskflow.py for tasks to queue
[2026-05-24T14:45:21.099+0000] {logging_mixin.py:188} INFO - [2026-05-24T14:45:21.099+0000] {dagbag.py:545} INFO - Filling up the DagBag from /home/varn1t/ml-pipeline/venv/lib/python3.11/site-packages/airflow/example_dags/example_setup_teardown_taskflow.py
[2026-05-24T14:45:21.108+0000] {processor.py:840} INFO - DAG(s) 'example_setup_teardown_taskflow' retrieved from /home/varn1t/ml-pipeline/venv/lib/python3.11/site-packages/airflow/example_dags/example_setup_teardown_taskflow.py
[2026-05-24T14:45:21.121+0000] {logging_mixin.py:188} INFO - [2026-05-24T14:45:21.120+0000] {dag.py:3096} INFO - Sync 1 DAGs
[2026-05-24T14:45:21.135+0000] {logging_mixin.py:188} INFO - [2026-05-24T14:45:21.134+0000] {dag.py:3954} INFO - Setting next_dagrun for example_setup_teardown_taskflow to 2026-05-23 00:00:00+00:00, run_after=2026-05-24 00:00:00+00:00
[2026-05-24T14:45:21.151+0000] {processor.py:183} INFO - Processing /home/varn1t/ml-pipeline/venv/lib/python3.11/site-packages/airflow/example_dags/example_setup_teardown_taskflow.py took 0.060 seconds
[2026-05-24T14:46:27.816+0000] {processor.py:161} INFO - Started process (PID=27016) to work on /home/varn1t/ml-pipeline/venv/lib/python3.11/site-packages/airflow/example_dags/example_setup_teardown_taskflow.py
[2026-05-24T14:46:27.817+0000] {processor.py:830} INFO - Processing file /home/varn1t/ml-pipeline/venv/lib/python3.11/site-packages/airflow/example_dags/example_setup_teardown_taskflow.py for tasks to queue
[2026-05-24T14:46:27.817+0000] {logging_mixin.py:188} INFO - [2026-05-24T14:46:27.817+0000] {dagbag.py:545} INFO - Filling up the DagBag from /home/varn1t/ml-pipeline/venv/lib/python3.11/site-packages/airflow/example_dags/example_setup_teardown_taskflow.py
[2026-05-24T14:46:27.825+0000] {processor.py:840} INFO - DAG(s) 'example_setup_teardown_taskflow' retrieved from /home/varn1t/ml-pipeline/venv/lib/python3.11/site-packages/airflow/example_dags/example_setup_teardown_taskflow.py
[2026-05-24T14:46:27.840+0000] {logging_mixin.py:188} INFO - [2026-05-24T14:46:27.840+0000] {dag.py:3096} INFO - Sync 1 DAGs
[2026-05-24T14:46:27.854+0000] {logging_mixin.py:188} INFO - [2026-05-24T14:46:27.853+0000] {dag.py:3954} INFO - Setting next_dagrun for example_setup_teardown_taskflow to 2026-05-23 00:00:00+00:00, run_after=2026-05-24 00:00:00+00:00
[2026-05-24T14:46:27.873+0000] {processor.py:183} INFO - Processing /home/varn1t/ml-pipeline/venv/lib/python3.11/site-packages/airflow/example_dags/example_setup_teardown_taskflow.py took 0.062 seconds
[2026-05-24T14:47:31.119+0000] {processor.py:161} INFO - Started process (PID=27298) to work on /home/varn1t/ml-pipeline/venv/lib/python3.11/site-packages/airflow/example_dags/example_setup_teardown_taskflow.py
[2026-05-24T14:47:31.120+0000] {processor.py:830} INFO - Processing file /home/varn1t/ml-pipeline/venv/lib/python3.11/site-packages/airflow/example_dags/example_setup_teardown_taskflow.py for tasks to queue
[2026-05-24T14:47:31.121+0000] {logging_mixin.py:188} INFO - [2026-05-24T14:47:31.120+0000] {dagbag.py:545} INFO - Filling up the DagBag from /home/varn1t/ml-pipeline/venv/lib/python3.11/site-packages/airflow/example_dags/example_setup_teardown_taskflow.py
[2026-05-24T14:47:31.128+0000] {processor.py:840} INFO - DAG(s) 'example_setup_teardown_taskflow' retrieved from /home/varn1t/ml-pipeline/venv/lib/python3.11/site-packages/airflow/example_dags/example_setup_teardown_taskflow.py
[2026-05-24T14:47:31.139+0000] {logging_mixin.py:188} INFO - [2026-05-24T14:47:31.139+0000] {dag.py:3096} INFO - Sync 1 DAGs
[2026-05-24T14:47:31.150+0000] {logging_mixin.py:188} INFO - [2026-05-24T14:47:31.150+0000] {dag.py:3954} INFO - Setting next_dagrun for example_setup_teardown_taskflow to 2026-05-23 00:00:00+00:00, run_after=2026-05-24 00:00:00+00:00
[2026-05-24T14:47:31.166+0000] {processor.py:183} INFO - Processing /home/varn1t/ml-pipeline/venv/lib/python3.11/site-packages/airflow/example_dags/example_setup_teardown_taskflow.py took 0.052 seconds
[2026-05-24T14:48:30.505+0000] {processor.py:161} INFO - Started process (PID=27610) to work on /home/varn1t/ml-pipeline/venv/lib/python3.11/site-packages/airflow/example_dags/example_setup_teardown_taskflow.py
[2026-05-24T14:48:30.506+0000] {processor.py:830} INFO - Processing file /home/varn1t/ml-pipeline/venv/lib/python3.11/site-packages/airflow/example_dags/example_setup_teardown_taskflow.py for tasks to queue
[2026-05-24T14:48:30.507+0000] {logging_mixin.py:188} INFO - [2026-05-24T14:48:30.507+0000] {dagbag.py:545} INFO - Filling up the DagBag from /home/varn1t/ml-pipeline/venv/lib/python3.11/site-packages/airflow/example_dags/example_setup_teardown_taskflow.py
[2026-05-24T14:48:30.515+0000] {processor.py:840} INFO - DAG(s) 'example_setup_teardown_taskflow' retrieved from /home/varn1t/ml-pipeline/venv/lib/python3.11/site-packages/airflow/example_dags/example_setup_teardown_taskflow.py
[2026-05-24T14:48:30.528+0000] {logging_mixin.py:188} INFO - [2026-05-24T14:48:30.528+0000] {dag.py:3096} INFO - Sync 1 DAGs
[2026-05-24T14:48:30.542+0000] {logging_mixin.py:188} INFO - [2026-05-24T14:48:30.541+0000] {dag.py:3954} INFO - Setting next_dagrun for example_setup_teardown_taskflow to 2026-05-23 00:00:00+00:00, run_after=2026-05-24 00:00:00+00:00
[2026-05-24T14:48:30.562+0000] {processor.py:183} INFO - Processing /home/varn1t/ml-pipeline/venv/lib/python3.11/site-packages/airflow/example_dags/example_setup_teardown_taskflow.py took 0.063 seconds
[2026-05-24T14:49:31.244+0000] {processor.py:161} INFO - Started process (PID=27872) to work on /home/varn1t/ml-pipeline/venv/lib/python3.11/site-packages/airflow/example_dags/example_setup_teardown_taskflow.py
[2026-05-24T14:49:31.246+0000] {processor.py:830} INFO - Processing file /home/varn1t/ml-pipeline/venv/lib/python3.11/site-packages/airflow/example_dags/example_setup_teardown_taskflow.py for tasks to queue
[2026-05-24T14:49:31.247+0000] {logging_mixin.py:188} INFO - [2026-05-24T14:49:31.246+0000] {dagbag.py:545} INFO - Filling up the DagBag from /home/varn1t/ml-pipeline/venv/lib/python3.11/site-packages/airflow/example_dags/example_setup_teardown_taskflow.py
[2026-05-24T14:49:31.255+0000] {processor.py:840} INFO - DAG(s) 'example_setup_teardown_taskflow' retrieved from /home/varn1t/ml-pipeline/venv/lib/python3.11/site-packages/airflow/example_dags/example_setup_teardown_taskflow.py
[2026-05-24T14:49:31.266+0000] {logging_mixin.py:188} INFO - [2026-05-24T14:49:31.266+0000] {dag.py:3096} INFO - Sync 1 DAGs
[2026-05-24T14:49:31.278+0000] {logging_mixin.py:188} INFO - [2026-05-24T14:49:31.278+0000] {dag.py:3954} INFO - Setting next_dagrun for example_setup_teardown_taskflow to 2026-05-23 00:00:00+00:00, run_after=2026-05-24 00:00:00+00:00
[2026-05-24T14:49:31.298+0000] {processor.py:183} INFO - Processing /home/varn1t/ml-pipeline/venv/lib/python3.11/site-packages/airflow/example_dags/example_setup_teardown_taskflow.py took 0.059 seconds
[2026-05-24T14:50:32.345+0000] {processor.py:161} INFO - Started process (PID=28163) to work on /home/varn1t/ml-pipeline/venv/lib/python3.11/site-packages/airflow/example_dags/example_setup_teardown_taskflow.py
[2026-05-24T14:50:32.346+0000] {processor.py:830} INFO - Processing file /home/varn1t/ml-pipeline/venv/lib/python3.11/site-packages/airflow/example_dags/example_setup_teardown_taskflow.py for tasks to queue
[2026-05-24T14:50:32.347+0000] {logging_mixin.py:188} INFO - [2026-05-24T14:50:32.346+0000] {dagbag.py:545} INFO - Filling up the DagBag from /home/varn1t/ml-pipeline/venv/lib/python3.11/site-packages/airflow/example_dags/example_setup_teardown_taskflow.py
[2026-05-24T14:50:32.354+0000] {processor.py:840} INFO - DAG(s) 'example_setup_teardown_taskflow' retrieved from /home/varn1t/ml-pipeline/venv/lib/python3.11/site-packages/airflow/example_dags/example_setup_teardown_taskflow.py
[2026-05-24T14:50:32.365+0000] {logging_mixin.py:188} INFO - [2026-05-24T14:50:32.364+0000] {dag.py:3096} INFO - Sync 1 DAGs
[2026-05-24T14:50:32.377+0000] {logging_mixin.py:188} INFO - [2026-05-24T14:50:32.377+0000] {dag.py:3954} INFO - Setting next_dagrun for example_setup_teardown_taskflow to 2026-05-23 00:00:00+00:00, run_after=2026-05-24 00:00:00+00:00
[2026-05-24T14:50:32.394+0000] {processor.py:183} INFO - Processing /home/varn1t/ml-pipeline/venv/lib/python3.11/site-packages/airflow/example_dags/example_setup_teardown_taskflow.py took 0.053 seconds
[2026-05-24T14:51:37.686+0000] {processor.py:161} INFO - Started process (PID=28442) to work on /home/varn1t/ml-pipeline/venv/lib/python3.11/site-packages/airflow/example_dags/example_setup_teardown_taskflow.py
[2026-05-24T14:51:37.688+0000] {processor.py:830} INFO - Processing file /home/varn1t/ml-pipeline/venv/lib/python3.11/site-packages/airflow/example_dags/example_setup_teardown_taskflow.py for tasks to queue
[2026-05-24T14:51:37.689+0000] {logging_mixin.py:188} INFO - [2026-05-24T14:51:37.688+0000] {dagbag.py:545} INFO - Filling up the DagBag from /home/varn1t/ml-pipeline/venv/lib/python3.11/site-packages/airflow/example_dags/example_setup_teardown_taskflow.py
[2026-05-24T14:51:37.698+0000] {processor.py:840} INFO - DAG(s) 'example_setup_teardown_taskflow' retrieved from /home/varn1t/ml-pipeline/venv/lib/python3.11/site-packages/airflow/example_dags/example_setup_teardown_taskflow.py
[2026-05-24T14:51:37.711+0000] {logging_mixin.py:188} INFO - [2026-05-24T14:51:37.711+0000] {dag.py:3096} INFO - Sync 1 DAGs
[2026-05-24T14:51:37.723+0000] {logging_mixin.py:188} INFO - [2026-05-24T14:51:37.723+0000] {dag.py:3954} INFO - Setting next_dagrun for example_setup_teardown_taskflow to 2026-05-23 00:00:00+00:00, run_after=2026-05-24 00:00:00+00:00
[2026-05-24T14:51:37.743+0000] {processor.py:183} INFO - Processing /home/varn1t/ml-pipeline/venv/lib/python3.11/site-packages/airflow/example_dags/example_setup_teardown_taskflow.py took 0.062 seconds
[2026-05-24T14:52:41.817+0000] {processor.py:161} INFO - Started process (PID=28738) to work on /home/varn1t/ml-pipeline/venv/lib/python3.11/site-packages/airflow/example_dags/example_setup_teardown_taskflow.py
[2026-05-24T14:52:41.818+0000] {processor.py:830} INFO - Processing file /home/varn1t/ml-pipeline/venv/lib/python3.11/site-packages/airflow/example_dags/example_setup_teardown_taskflow.py for tasks to queue
[2026-05-24T14:52:41.819+0000] {logging_mixin.py:188} INFO - [2026-05-24T14:52:41.819+0000] {dagbag.py:545} INFO - Filling up the DagBag from /home/varn1t/ml-pipeline/venv/lib/python3.11/site-packages/airflow/example_dags/example_setup_teardown_taskflow.py
[2026-05-24T14:52:41.825+0000] {processor.py:840} INFO - DAG(s) 'example_setup_teardown_taskflow' retrieved from /home/varn1t/ml-pipeline/venv/lib/python3.11/site-packages/airflow/example_dags/example_setup_teardown_taskflow.py
[2026-05-24T14:52:41.835+0000] {logging_mixin.py:188} INFO - [2026-05-24T14:52:41.834+0000] {dag.py:3096} INFO - Sync 1 DAGs
[2026-05-24T14:52:41.845+0000] {logging_mixin.py:188} INFO - [2026-05-24T14:52:41.845+0000] {dag.py:3954} INFO - Setting next_dagrun for example_setup_teardown_taskflow to 2026-05-23 00:00:00+00:00, run_after=2026-05-24 00:00:00+00:00
[2026-05-24T14:52:41.858+0000] {processor.py:183} INFO - Processing /home/varn1t/ml-pipeline/venv/lib/python3.11/site-packages/airflow/example_dags/example_setup_teardown_taskflow.py took 0.045 seconds
[2026-05-24T14:53:41.951+0000] {processor.py:161} INFO - Started process (PID=29021) to work on /home/varn1t/ml-pipeline/venv/lib/python3.11/site-packages/airflow/example_dags/example_setup_teardown_taskflow.py
[2026-05-24T14:53:41.952+0000] {processor.py:830} INFO - Processing file /home/varn1t/ml-pipeline/venv/lib/python3.11/site-packages/airflow/example_dags/example_setup_teardown_taskflow.py for tasks to queue
[2026-05-24T14:53:41.953+0000] {logging_mixin.py:188} INFO - [2026-05-24T14:53:41.953+0000] {dagbag.py:545} INFO - Filling up the DagBag from /home/varn1t/ml-pipeline/venv/lib/python3.11/site-packages/airflow/example_dags/example_setup_teardown_taskflow.py
[2026-05-24T14:53:41.963+0000] {processor.py:840} INFO - DAG(s) 'example_setup_teardown_taskflow' retrieved from /home/varn1t/ml-pipeline/venv/lib/python3.11/site-packages/airflow/example_dags/example_setup_teardown_taskflow.py
[2026-05-24T14:53:41.975+0000] {logging_mixin.py:188} INFO - [2026-05-24T14:53:41.975+0000] {dag.py:3096} INFO - Sync 1 DAGs
[2026-05-24T14:53:41.986+0000] {logging_mixin.py:188} INFO - [2026-05-24T14:53:41.986+0000] {dag.py:3954} INFO - Setting next_dagrun for example_setup_teardown_taskflow to 2026-05-23 00:00:00+00:00, run_after=2026-05-24 00:00:00+00:00
[2026-05-24T14:53:42.001+0000] {processor.py:183} INFO - Processing /home/varn1t/ml-pipeline/venv/lib/python3.11/site-packages/airflow/example_dags/example_setup_teardown_taskflow.py took 0.054 seconds
[2026-05-24T14:54:42.349+0000] {processor.py:161} INFO - Started process (PID=29291) to work on /home/varn1t/ml-pipeline/venv/lib/python3.11/site-packages/airflow/example_dags/example_setup_teardown_taskflow.py
[2026-05-24T14:54:42.349+0000] {processor.py:830} INFO - Processing file /home/varn1t/ml-pipeline/venv/lib/python3.11/site-packages/airflow/example_dags/example_setup_teardown_taskflow.py for tasks to queue
[2026-05-24T14:54:42.350+0000] {logging_mixin.py:188} INFO - [2026-05-24T14:54:42.350+0000] {dagbag.py:545} INFO - Filling up the DagBag from /home/varn1t/ml-pipeline/venv/lib/python3.11/site-packages/airflow/example_dags/example_setup_teardown_taskflow.py
[2026-05-24T14:54:42.357+0000] {processor.py:840} INFO - DAG(s) 'example_setup_teardown_taskflow' retrieved from /home/varn1t/ml-pipeline/venv/lib/python3.11/site-packages/airflow/example_dags/example_setup_teardown_taskflow.py
[2026-05-24T14:54:42.370+0000] {logging_mixin.py:188} INFO - [2026-05-24T14:54:42.370+0000] {dag.py:3096} INFO - Sync 1 DAGs
[2026-05-24T14:54:42.383+0000] {logging_mixin.py:188} INFO - [2026-05-24T14:54:42.383+0000] {dag.py:3954} INFO - Setting next_dagrun for example_setup_teardown_taskflow to 2026-05-23 00:00:00+00:00, run_after=2026-05-24 00:00:00+00:00
[2026-05-24T14:54:42.402+0000] {processor.py:183} INFO - Processing /home/varn1t/ml-pipeline/venv/lib/python3.11/site-packages/airflow/example_dags/example_setup_teardown_taskflow.py took 0.057 seconds
[2026-05-24T14:55:46.090+0000] {processor.py:161} INFO - Started process (PID=29604) to work on /home/varn1t/ml-pipeline/venv/lib/python3.11/site-packages/airflow/example_dags/example_setup_teardown_taskflow.py
[2026-05-24T14:55:46.091+0000] {processor.py:830} INFO - Processing file /home/varn1t/ml-pipeline/venv/lib/python3.11/site-packages/airflow/example_dags/example_setup_teardown_taskflow.py for tasks to queue
[2026-05-24T14:55:46.092+0000] {logging_mixin.py:188} INFO - [2026-05-24T14:55:46.092+0000] {dagbag.py:545} INFO - Filling up the DagBag from /home/varn1t/ml-pipeline/venv/lib/python3.11/site-packages/airflow/example_dags/example_setup_teardown_taskflow.py
[2026-05-24T14:55:46.098+0000] {processor.py:840} INFO - DAG(s) 'example_setup_teardown_taskflow' retrieved from /home/varn1t/ml-pipeline/venv/lib/python3.11/site-packages/airflow/example_dags/example_setup_teardown_taskflow.py
[2026-05-24T14:55:46.108+0000] {logging_mixin.py:188} INFO - [2026-05-24T14:55:46.108+0000] {dag.py:3096} INFO - Sync 1 DAGs
[2026-05-24T14:55:46.118+0000] {logging_mixin.py:188} INFO - [2026-05-24T14:55:46.118+0000] {dag.py:3954} INFO - Setting next_dagrun for example_setup_teardown_taskflow to 2026-05-23 00:00:00+00:00, run_after=2026-05-24 00:00:00+00:00
[2026-05-24T14:55:46.131+0000] {processor.py:183} INFO - Processing /home/varn1t/ml-pipeline/venv/lib/python3.11/site-packages/airflow/example_dags/example_setup_teardown_taskflow.py took 0.045 seconds
[2026-05-24T14:56:54.105+0000] {processor.py:161} INFO - Started process (PID=30009) to work on /home/varn1t/ml-pipeline/venv/lib/python3.11/site-packages/airflow/example_dags/example_setup_teardown_taskflow.py
[2026-05-24T14:56:54.107+0000] {processor.py:830} INFO - Processing file /home/varn1t/ml-pipeline/venv/lib/python3.11/site-packages/airflow/example_dags/example_setup_teardown_taskflow.py for tasks to queue
[2026-05-24T14:56:54.109+0000] {logging_mixin.py:188} INFO - [2026-05-24T14:56:54.108+0000] {dagbag.py:545} INFO - Filling up the DagBag from /home/varn1t/ml-pipeline/venv/lib/python3.11/site-packages/airflow/example_dags/example_setup_teardown_taskflow.py
[2026-05-24T14:56:54.202+0000] {processor.py:840} INFO - DAG(s) 'example_setup_teardown_taskflow' retrieved from /home/varn1t/ml-pipeline/venv/lib/python3.11/site-packages/airflow/example_dags/example_setup_teardown_taskflow.py
[2026-05-24T14:56:54.317+0000] {logging_mixin.py:188} INFO - [2026-05-24T14:56:54.316+0000] {dag.py:3096} INFO - Sync 1 DAGs
[2026-05-24T14:56:54.428+0000] {logging_mixin.py:188} INFO - [2026-05-24T14:56:54.427+0000] {dag.py:3954} INFO - Setting next_dagrun for example_setup_teardown_taskflow to 2026-05-23 00:00:00+00:00, run_after=2026-05-24 00:00:00+00:00
[2026-05-24T14:56:54.487+0000] {processor.py:183} INFO - Processing /home/varn1t/ml-pipeline/venv/lib/python3.11/site-packages/airflow/example_dags/example_setup_teardown_taskflow.py took 0.456 seconds
[2026-05-24T14:58:01.152+0000] {processor.py:161} INFO - Started process (PID=30519) to work on /home/varn1t/ml-pipeline/venv/lib/python3.11/site-packages/airflow/example_dags/example_setup_teardown_taskflow.py
[2026-05-24T14:58:01.153+0000] {processor.py:830} INFO - Processing file /home/varn1t/ml-pipeline/venv/lib/python3.11/site-packages/airflow/example_dags/example_setup_teardown_taskflow.py for tasks to queue
[2026-05-24T14:58:01.153+0000] {logging_mixin.py:188} INFO - [2026-05-24T14:58:01.153+0000] {dagbag.py:545} INFO - Filling up the DagBag from /home/varn1t/ml-pipeline/venv/lib/python3.11/site-packages/airflow/example_dags/example_setup_teardown_taskflow.py
[2026-05-24T14:58:01.161+0000] {processor.py:840} INFO - DAG(s) 'example_setup_teardown_taskflow' retrieved from /home/varn1t/ml-pipeline/venv/lib/python3.11/site-packages/airflow/example_dags/example_setup_teardown_taskflow.py
[2026-05-24T14:58:01.172+0000] {logging_mixin.py:188} INFO - [2026-05-24T14:58:01.172+0000] {dag.py:3096} INFO - Sync 1 DAGs
[2026-05-24T14:58:01.184+0000] {logging_mixin.py:188} INFO - [2026-05-24T14:58:01.184+0000] {dag.py:3954} INFO - Setting next_dagrun for example_setup_teardown_taskflow to 2026-05-23 00:00:00+00:00, run_after=2026-05-24 00:00:00+00:00
[2026-05-24T14:58:01.199+0000] {processor.py:183} INFO - Processing /home/varn1t/ml-pipeline/venv/lib/python3.11/site-packages/airflow/example_dags/example_setup_teardown_taskflow.py took 0.051 seconds
[2026-05-24T14:59:04.959+0000] {processor.py:161} INFO - Started process (PID=31086) to work on /home/varn1t/ml-pipeline/venv/lib/python3.11/site-packages/airflow/example_dags/example_setup_teardown_taskflow.py
[2026-05-24T14:59:04.959+0000] {processor.py:830} INFO - Processing file /home/varn1t/ml-pipeline/venv/lib/python3.11/site-packages/airflow/example_dags/example_setup_teardown_taskflow.py for tasks to queue
[2026-05-24T14:59:04.960+0000] {logging_mixin.py:188} INFO - [2026-05-24T14:59:04.960+0000] {dagbag.py:545} INFO - Filling up the DagBag from /home/varn1t/ml-pipeline/venv/lib/python3.11/site-packages/airflow/example_dags/example_setup_teardown_taskflow.py
[2026-05-24T14:59:04.967+0000] {processor.py:840} INFO - DAG(s) 'example_setup_teardown_taskflow' retrieved from /home/varn1t/ml-pipeline/venv/lib/python3.11/site-packages/airflow/example_dags/example_setup_teardown_taskflow.py
[2026-05-24T14:59:04.978+0000] {logging_mixin.py:188} INFO - [2026-05-24T14:59:04.978+0000] {dag.py:3096} INFO - Sync 1 DAGs
[2026-05-24T14:59:04.990+0000] {logging_mixin.py:188} INFO - [2026-05-24T14:59:04.990+0000] {dag.py:3954} INFO - Setting next_dagrun for example_setup_teardown_taskflow to 2026-05-23 00:00:00+00:00, run_after=2026-05-24 00:00:00+00:00
[2026-05-24T14:59:05.003+0000] {processor.py:183} INFO - Processing /home/varn1t/ml-pipeline/venv/lib/python3.11/site-packages/airflow/example_dags/example_setup_teardown_taskflow.py took 0.049 seconds
[2026-05-24T15:00:06.602+0000] {processor.py:161} INFO - Started process (PID=31471) to work on /home/varn1t/ml-pipeline/venv/lib/python3.11/site-packages/airflow/example_dags/example_setup_teardown_taskflow.py
[2026-05-24T15:00:06.603+0000] {processor.py:830} INFO - Processing file /home/varn1t/ml-pipeline/venv/lib/python3.11/site-packages/airflow/example_dags/example_setup_teardown_taskflow.py for tasks to queue
[2026-05-24T15:00:06.604+0000] {logging_mixin.py:188} INFO - [2026-05-24T15:00:06.604+0000] {dagbag.py:545} INFO - Filling up the DagBag from /home/varn1t/ml-pipeline/venv/lib/python3.11/site-packages/airflow/example_dags/example_setup_teardown_taskflow.py
[2026-05-24T15:00:06.611+0000] {processor.py:840} INFO - DAG(s) 'example_setup_teardown_taskflow' retrieved from /home/varn1t/ml-pipeline/venv/lib/python3.11/site-packages/airflow/example_dags/example_setup_teardown_taskflow.py
[2026-05-24T15:00:06.622+0000] {logging_mixin.py:188} INFO - [2026-05-24T15:00:06.622+0000] {dag.py:3096} INFO - Sync 1 DAGs
[2026-05-24T15:00:06.634+0000] {logging_mixin.py:188} INFO - [2026-05-24T15:00:06.634+0000] {dag.py:3954} INFO - Setting next_dagrun for example_setup_teardown_taskflow to 2026-05-23 00:00:00+00:00, run_after=2026-05-24 00:00:00+00:00
[2026-05-24T15:00:06.656+0000] {processor.py:183} INFO - Processing /home/varn1t/ml-pipeline/venv/lib/python3.11/site-packages/airflow/example_dags/example_setup_teardown_taskflow.py took 0.060 seconds
[2026-05-24T15:01:04.881+0000] {processor.py:161} INFO - Started process (PID=31738) to work on /home/varn1t/ml-pipeline/venv/lib/python3.11/site-packages/airflow/example_dags/example_setup_teardown_taskflow.py
[2026-05-24T15:01:04.882+0000] {processor.py:830} INFO - Processing file /home/varn1t/ml-pipeline/venv/lib/python3.11/site-packages/airflow/example_dags/example_setup_teardown_taskflow.py for tasks to queue
[2026-05-24T15:01:04.882+0000] {logging_mixin.py:188} INFO - [2026-05-24T15:01:04.882+0000] {dagbag.py:545} INFO - Filling up the DagBag from /home/varn1t/ml-pipeline/venv/lib/python3.11/site-packages/airflow/example_dags/example_setup_teardown_taskflow.py
[2026-05-24T15:01:04.889+0000] {processor.py:840} INFO - DAG(s) 'example_setup_teardown_taskflow' retrieved from /home/varn1t/ml-pipeline/venv/lib/python3.11/site-packages/airflow/example_dags/example_setup_teardown_taskflow.py
[2026-05-24T15:01:04.900+0000] {logging_mixin.py:188} INFO - [2026-05-24T15:01:04.900+0000] {dag.py:3096} INFO - Sync 1 DAGs
[2026-05-24T15:01:04.913+0000] {logging_mixin.py:188} INFO - [2026-05-24T15:01:04.912+0000] {dag.py:3954} INFO - Setting next_dagrun for example_setup_teardown_taskflow to 2026-05-23 00:00:00+00:00, run_after=2026-05-24 00:00:00+00:00
[2026-05-24T15:01:04.928+0000] {processor.py:183} INFO - Processing /home/varn1t/ml-pipeline/venv/lib/python3.11/site-packages/airflow/example_dags/example_setup_teardown_taskflow.py took 0.054 seconds
[2026-05-24T15:02:05.978+0000] {processor.py:161} INFO - Started process (PID=32047) to work on /home/varn1t/ml-pipeline/venv/lib/python3.11/site-packages/airflow/example_dags/example_setup_teardown_taskflow.py
[2026-05-24T15:02:05.979+0000] {processor.py:830} INFO - Processing file /home/varn1t/ml-pipeline/venv/lib/python3.11/site-packages/airflow/example_dags/example_setup_teardown_taskflow.py for tasks to queue
[2026-05-24T15:02:05.979+0000] {logging_mixin.py:188} INFO - [2026-05-24T15:02:05.979+0000] {dagbag.py:545} INFO - Filling up the DagBag from /home/varn1t/ml-pipeline/venv/lib/python3.11/site-packages/airflow/example_dags/example_setup_teardown_taskflow.py
[2026-05-24T15:02:05.986+0000] {processor.py:840} INFO - DAG(s) 'example_setup_teardown_taskflow' retrieved from /home/varn1t/ml-pipeline/venv/lib/python3.11/site-packages/airflow/example_dags/example_setup_teardown_taskflow.py
[2026-05-24T15:02:05.998+0000] {logging_mixin.py:188} INFO - [2026-05-24T15:02:05.997+0000] {dag.py:3096} INFO - Sync 1 DAGs
[2026-05-24T15:02:06.010+0000] {logging_mixin.py:188} INFO - [2026-05-24T15:02:06.010+0000] {dag.py:3954} INFO - Setting next_dagrun for example_setup_teardown_taskflow to 2026-05-23 00:00:00+00:00, run_after=2026-05-24 00:00:00+00:00
[2026-05-24T15:02:06.026+0000] {processor.py:183} INFO - Processing /home/varn1t/ml-pipeline/venv/lib/python3.11/site-packages/airflow/example_dags/example_setup_teardown_taskflow.py took 0.056 seconds
[2026-05-24T15:03:07.601+0000] {processor.py:161} INFO - Started process (PID=32376) to work on /home/varn1t/ml-pipeline/venv/lib/python3.11/site-packages/airflow/example_dags/example_setup_teardown_taskflow.py
[2026-05-24T15:03:07.602+0000] {processor.py:830} INFO - Processing file /home/varn1t/ml-pipeline/venv/lib/python3.11/site-packages/airflow/example_dags/example_setup_teardown_taskflow.py for tasks to queue
[2026-05-24T15:03:07.602+0000] {logging_mixin.py:188} INFO - [2026-05-24T15:03:07.602+0000] {dagbag.py:545} INFO - Filling up the DagBag from /home/varn1t/ml-pipeline/venv/lib/python3.11/site-packages/airflow/example_dags/example_setup_teardown_taskflow.py
[2026-05-24T15:03:07.610+0000] {processor.py:840} INFO - DAG(s) 'example_setup_teardown_taskflow' retrieved from /home/varn1t/ml-pipeline/venv/lib/python3.11/site-packages/airflow/example_dags/example_setup_teardown_taskflow.py
[2026-05-24T15:03:07.622+0000] {logging_mixin.py:188} INFO - [2026-05-24T15:03:07.622+0000] {dag.py:3096} INFO - Sync 1 DAGs
[2026-05-24T15:03:07.635+0000] {logging_mixin.py:188} INFO - [2026-05-24T15:03:07.635+0000] {dag.py:3954} INFO - Setting next_dagrun for example_setup_teardown_taskflow to 2026-05-23 00:00:00+00:00, run_after=2026-05-24 00:00:00+00:00
[2026-05-24T15:03:07.653+0000] {processor.py:183} INFO - Processing /home/varn1t/ml-pipeline/venv/lib/python3.11/site-packages/airflow/example_dags/example_setup_teardown_taskflow.py took 0.059 seconds
[2026-05-24T15:04:10.907+0000] {processor.py:161} INFO - Started process (PID=32719) to work on /home/varn1t/ml-pipeline/venv/lib/python3.11/site-packages/airflow/example_dags/example_setup_teardown_taskflow.py
[2026-05-24T15:04:10.908+0000] {processor.py:830} INFO - Processing file /home/varn1t/ml-pipeline/venv/lib/python3.11/site-packages/airflow/example_dags/example_setup_teardown_taskflow.py for tasks to queue
[2026-05-24T15:04:10.908+0000] {logging_mixin.py:188} INFO - [2026-05-24T15:04:10.908+0000] {dagbag.py:545} INFO - Filling up the DagBag from /home/varn1t/ml-pipeline/venv/lib/python3.11/site-packages/airflow/example_dags/example_setup_teardown_taskflow.py
[2026-05-24T15:04:10.916+0000] {processor.py:840} INFO - DAG(s) 'example_setup_teardown_taskflow' retrieved from /home/varn1t/ml-pipeline/venv/lib/python3.11/site-packages/airflow/example_dags/example_setup_teardown_taskflow.py
[2026-05-24T15:04:10.928+0000] {logging_mixin.py:188} INFO - [2026-05-24T15:04:10.928+0000] {dag.py:3096} INFO - Sync 1 DAGs
[2026-05-24T15:04:10.942+0000] {logging_mixin.py:188} INFO - [2026-05-24T15:04:10.942+0000] {dag.py:3954} INFO - Setting next_dagrun for example_setup_teardown_taskflow to 2026-05-23 00:00:00+00:00, run_after=2026-05-24 00:00:00+00:00
[2026-05-24T15:04:10.958+0000] {processor.py:183} INFO - Processing /home/varn1t/ml-pipeline/venv/lib/python3.11/site-packages/airflow/example_dags/example_setup_teardown_taskflow.py took 0.058 seconds
[2026-05-24T15:05:09.708+0000] {processor.py:161} INFO - Started process (PID=33042) to work on /home/varn1t/ml-pipeline/venv/lib/python3.11/site-packages/airflow/example_dags/example_setup_teardown_taskflow.py
[2026-05-24T15:05:09.709+0000] {processor.py:830} INFO - Processing file /home/varn1t/ml-pipeline/venv/lib/python3.11/site-packages/airflow/example_dags/example_setup_teardown_taskflow.py for tasks to queue
[2026-05-24T15:05:09.709+0000] {logging_mixin.py:188} INFO - [2026-05-24T15:05:09.709+0000] {dagbag.py:545} INFO - Filling up the DagBag from /home/varn1t/ml-pipeline/venv/lib/python3.11/site-packages/airflow/example_dags/example_setup_teardown_taskflow.py
[2026-05-24T15:05:09.717+0000] {processor.py:840} INFO - DAG(s) 'example_setup_teardown_taskflow' retrieved from /home/varn1t/ml-pipeline/venv/lib/python3.11/site-packages/airflow/example_dags/example_setup_teardown_taskflow.py
[2026-05-24T15:05:09.728+0000] {logging_mixin.py:188} INFO - [2026-05-24T15:05:09.728+0000] {dag.py:3096} INFO - Sync 1 DAGs
[2026-05-24T15:05:09.745+0000] {logging_mixin.py:188} INFO - [2026-05-24T15:05:09.745+0000] {dag.py:3954} INFO - Setting next_dagrun for example_setup_teardown_taskflow to 2026-05-23 00:00:00+00:00, run_after=2026-05-24 00:00:00+00:00
[2026-05-24T15:05:09.765+0000] {processor.py:183} INFO - Processing /home/varn1t/ml-pipeline/venv/lib/python3.11/site-packages/airflow/example_dags/example_setup_teardown_taskflow.py took 0.063 seconds
[2026-05-24T15:06:12.477+0000] {processor.py:161} INFO - Started process (PID=33632) to work on /home/varn1t/ml-pipeline/venv/lib/python3.11/site-packages/airflow/example_dags/example_setup_teardown_taskflow.py
[2026-05-24T15:06:12.478+0000] {processor.py:830} INFO - Processing file /home/varn1t/ml-pipeline/venv/lib/python3.11/site-packages/airflow/example_dags/example_setup_teardown_taskflow.py for tasks to queue
[2026-05-24T15:06:12.479+0000] {logging_mixin.py:188} INFO - [2026-05-24T15:06:12.478+0000] {dagbag.py:545} INFO - Filling up the DagBag from /home/varn1t/ml-pipeline/venv/lib/python3.11/site-packages/airflow/example_dags/example_setup_teardown_taskflow.py
[2026-05-24T15:06:12.487+0000] {processor.py:840} INFO - DAG(s) 'example_setup_teardown_taskflow' retrieved from /home/varn1t/ml-pipeline/venv/lib/python3.11/site-packages/airflow/example_dags/example_setup_teardown_taskflow.py
[2026-05-24T15:06:12.501+0000] {logging_mixin.py:188} INFO - [2026-05-24T15:06:12.501+0000] {dag.py:3096} INFO - Sync 1 DAGs
[2026-05-24T15:06:12.514+0000] {logging_mixin.py:188} INFO - [2026-05-24T15:06:12.514+0000] {dag.py:3954} INFO - Setting next_dagrun for example_setup_teardown_taskflow to 2026-05-23 00:00:00+00:00, run_after=2026-05-24 00:00:00+00:00
[2026-05-24T15:06:12.530+0000] {processor.py:183} INFO - Processing /home/varn1t/ml-pipeline/venv/lib/python3.11/site-packages/airflow/example_dags/example_setup_teardown_taskflow.py took 0.060 seconds
[2026-05-24T15:07:12.899+0000] {processor.py:161} INFO - Started process (PID=34407) to work on /home/varn1t/ml-pipeline/venv/lib/python3.11/site-packages/airflow/example_dags/example_setup_teardown_taskflow.py
[2026-05-24T15:07:12.900+0000] {processor.py:830} INFO - Processing file /home/varn1t/ml-pipeline/venv/lib/python3.11/site-packages/airflow/example_dags/example_setup_teardown_taskflow.py for tasks to queue
[2026-05-24T15:07:12.900+0000] {logging_mixin.py:188} INFO - [2026-05-24T15:07:12.900+0000] {dagbag.py:545} INFO - Filling up the DagBag from /home/varn1t/ml-pipeline/venv/lib/python3.11/site-packages/airflow/example_dags/example_setup_teardown_taskflow.py
[2026-05-24T15:07:12.907+0000] {processor.py:840} INFO - DAG(s) 'example_setup_teardown_taskflow' retrieved from /home/varn1t/ml-pipeline/venv/lib/python3.11/site-packages/airflow/example_dags/example_setup_teardown_taskflow.py
[2026-05-24T15:07:12.920+0000] {logging_mixin.py:188} INFO - [2026-05-24T15:07:12.920+0000] {dag.py:3096} INFO - Sync 1 DAGs
[2026-05-24T15:07:12.934+0000] {logging_mixin.py:188} INFO - [2026-05-24T15:07:12.934+0000] {dag.py:3954} INFO - Setting next_dagrun for example_setup_teardown_taskflow to 2026-05-23 00:00:00+00:00, run_after=2026-05-24 00:00:00+00:00
[2026-05-24T15:07:12.953+0000] {processor.py:183} INFO - Processing /home/varn1t/ml-pipeline/venv/lib/python3.11/site-packages/airflow/example_dags/example_setup_teardown_taskflow.py took 0.060 seconds
[2026-05-24T15:08:21.807+0000] {processor.py:161} INFO - Started process (PID=34967) to work on /home/varn1t/ml-pipeline/venv/lib/python3.11/site-packages/airflow/example_dags/example_setup_teardown_taskflow.py
[2026-05-24T15:08:21.807+0000] {processor.py:830} INFO - Processing file /home/varn1t/ml-pipeline/venv/lib/python3.11/site-packages/airflow/example_dags/example_setup_teardown_taskflow.py for tasks to queue
[2026-05-24T15:08:21.808+0000] {logging_mixin.py:188} INFO - [2026-05-24T15:08:21.808+0000] {dagbag.py:545} INFO - Filling up the DagBag from /home/varn1t/ml-pipeline/venv/lib/python3.11/site-packages/airflow/example_dags/example_setup_teardown_taskflow.py
[2026-05-24T15:08:21.816+0000] {processor.py:840} INFO - DAG(s) 'example_setup_teardown_taskflow' retrieved from /home/varn1t/ml-pipeline/venv/lib/python3.11/site-packages/airflow/example_dags/example_setup_teardown_taskflow.py
[2026-05-24T15:08:21.829+0000] {logging_mixin.py:188} INFO - [2026-05-24T15:08:21.829+0000] {dag.py:3096} INFO - Sync 1 DAGs
[2026-05-24T15:08:21.842+0000] {logging_mixin.py:188} INFO - [2026-05-24T15:08:21.842+0000] {dag.py:3954} INFO - Setting next_dagrun for example_setup_teardown_taskflow to 2026-05-23 00:00:00+00:00, run_after=2026-05-24 00:00:00+00:00
[2026-05-24T15:08:21.856+0000] {processor.py:183} INFO - Processing /home/varn1t/ml-pipeline/venv/lib/python3.11/site-packages/airflow/example_dags/example_setup_teardown_taskflow.py took 0.056 seconds
[2026-05-24T15:09:23.794+0000] {processor.py:161} INFO - Started process (PID=35300) to work on /home/varn1t/ml-pipeline/venv/lib/python3.11/site-packages/airflow/example_dags/example_setup_teardown_taskflow.py
[2026-05-24T15:09:23.795+0000] {processor.py:830} INFO - Processing file /home/varn1t/ml-pipeline/venv/lib/python3.11/site-packages/airflow/example_dags/example_setup_teardown_taskflow.py for tasks to queue
[2026-05-24T15:09:23.795+0000] {logging_mixin.py:188} INFO - [2026-05-24T15:09:23.795+0000] {dagbag.py:545} INFO - Filling up the DagBag from /home/varn1t/ml-pipeline/venv/lib/python3.11/site-packages/airflow/example_dags/example_setup_teardown_taskflow.py
[2026-05-24T15:09:23.803+0000] {processor.py:840} INFO - DAG(s) 'example_setup_teardown_taskflow' retrieved from /home/varn1t/ml-pipeline/venv/lib/python3.11/site-packages/airflow/example_dags/example_setup_teardown_taskflow.py
[2026-05-24T15:09:23.816+0000] {logging_mixin.py:188} INFO - [2026-05-24T15:09:23.816+0000] {dag.py:3096} INFO - Sync 1 DAGs
[2026-05-24T15:09:23.833+0000] {logging_mixin.py:188} INFO - [2026-05-24T15:09:23.833+0000] {dag.py:3954} INFO - Setting next_dagrun for example_setup_teardown_taskflow to 2026-05-23 00:00:00+00:00, run_after=2026-05-24 00:00:00+00:00
[2026-05-24T15:09:23.849+0000] {processor.py:183} INFO - Processing /home/varn1t/ml-pipeline/venv/lib/python3.11/site-packages/airflow/example_dags/example_setup_teardown_taskflow.py took 0.061 seconds
[2026-05-24T15:10:25.449+0000] {processor.py:161} INFO - Started process (PID=35564) to work on /home/varn1t/ml-pipeline/venv/lib/python3.11/site-packages/airflow/example_dags/example_setup_teardown_taskflow.py
[2026-05-24T15:10:25.449+0000] {processor.py:830} INFO - Processing file /home/varn1t/ml-pipeline/venv/lib/python3.11/site-packages/airflow/example_dags/example_setup_teardown_taskflow.py for tasks to queue
[2026-05-24T15:10:25.450+0000] {logging_mixin.py:188} INFO - [2026-05-24T15:10:25.450+0000] {dagbag.py:545} INFO - Filling up the DagBag from /home/varn1t/ml-pipeline/venv/lib/python3.11/site-packages/airflow/example_dags/example_setup_teardown_taskflow.py
[2026-05-24T15:10:25.457+0000] {processor.py:840} INFO - DAG(s) 'example_setup_teardown_taskflow' retrieved from /home/varn1t/ml-pipeline/venv/lib/python3.11/site-packages/airflow/example_dags/example_setup_teardown_taskflow.py
[2026-05-24T15:10:25.467+0000] {logging_mixin.py:188} INFO - [2026-05-24T15:10:25.467+0000] {dag.py:3096} INFO - Sync 1 DAGs
[2026-05-24T15:10:25.482+0000] {logging_mixin.py:188} INFO - [2026-05-24T15:10:25.482+0000] {dag.py:3954} INFO - Setting next_dagrun for example_setup_teardown_taskflow to 2026-05-23 00:00:00+00:00, run_after=2026-05-24 00:00:00+00:00
[2026-05-24T15:10:25.500+0000] {processor.py:183} INFO - Processing /home/varn1t/ml-pipeline/venv/lib/python3.11/site-packages/airflow/example_dags/example_setup_teardown_taskflow.py took 0.059 seconds
[2026-05-24T15:11:32.469+0000] {processor.py:161} INFO - Started process (PID=35868) to work on /home/varn1t/ml-pipeline/venv/lib/python3.11/site-packages/airflow/example_dags/example_setup_teardown_taskflow.py
[2026-05-24T15:11:32.470+0000] {processor.py:830} INFO - Processing file /home/varn1t/ml-pipeline/venv/lib/python3.11/site-packages/airflow/example_dags/example_setup_teardown_taskflow.py for tasks to queue
[2026-05-24T15:11:32.470+0000] {logging_mixin.py:188} INFO - [2026-05-24T15:11:32.470+0000] {dagbag.py:545} INFO - Filling up the DagBag from /home/varn1t/ml-pipeline/venv/lib/python3.11/site-packages/airflow/example_dags/example_setup_teardown_taskflow.py
[2026-05-24T15:11:32.479+0000] {processor.py:840} INFO - DAG(s) 'example_setup_teardown_taskflow' retrieved from /home/varn1t/ml-pipeline/venv/lib/python3.11/site-packages/airflow/example_dags/example_setup_teardown_taskflow.py
[2026-05-24T15:11:32.493+0000] {logging_mixin.py:188} INFO - [2026-05-24T15:11:32.493+0000] {dag.py:3096} INFO - Sync 1 DAGs
[2026-05-24T15:11:32.510+0000] {logging_mixin.py:188} INFO - [2026-05-24T15:11:32.510+0000] {dag.py:3954} INFO - Setting next_dagrun for example_setup_teardown_taskflow to 2026-05-23 00:00:00+00:00, run_after=2026-05-24 00:00:00+00:00
[2026-05-24T15:11:32.528+0000] {processor.py:183} INFO - Processing /home/varn1t/ml-pipeline/venv/lib/python3.11/site-packages/airflow/example_dags/example_setup_teardown_taskflow.py took 0.067 seconds
[2026-05-24T15:12:33.244+0000] {processor.py:161} INFO - Started process (PID=36128) to work on /home/varn1t/ml-pipeline/venv/lib/python3.11/site-packages/airflow/example_dags/example_setup_teardown_taskflow.py
[2026-05-24T15:12:33.245+0000] {processor.py:830} INFO - Processing file /home/varn1t/ml-pipeline/venv/lib/python3.11/site-packages/airflow/example_dags/example_setup_teardown_taskflow.py for tasks to queue
[2026-05-24T15:12:33.246+0000] {logging_mixin.py:188} INFO - [2026-05-24T15:12:33.246+0000] {dagbag.py:545} INFO - Filling up the DagBag from /home/varn1t/ml-pipeline/venv/lib/python3.11/site-packages/airflow/example_dags/example_setup_teardown_taskflow.py
[2026-05-24T15:12:33.253+0000] {processor.py:840} INFO - DAG(s) 'example_setup_teardown_taskflow' retrieved from /home/varn1t/ml-pipeline/venv/lib/python3.11/site-packages/airflow/example_dags/example_setup_teardown_taskflow.py
[2026-05-24T15:12:33.265+0000] {logging_mixin.py:188} INFO - [2026-05-24T15:12:33.265+0000] {dag.py:3096} INFO - Sync 1 DAGs
[2026-05-24T15:12:33.279+0000] {logging_mixin.py:188} INFO - [2026-05-24T15:12:33.279+0000] {dag.py:3954} INFO - Setting next_dagrun for example_setup_teardown_taskflow to 2026-05-23 00:00:00+00:00, run_after=2026-05-24 00:00:00+00:00
[2026-05-24T15:12:33.296+0000] {processor.py:183} INFO - Processing /home/varn1t/ml-pipeline/venv/lib/python3.11/site-packages/airflow/example_dags/example_setup_teardown_taskflow.py took 0.060 seconds
[2026-05-24T15:13:37.209+0000] {processor.py:161} INFO - Started process (PID=36465) to work on /home/varn1t/ml-pipeline/venv/lib/python3.11/site-packages/airflow/example_dags/example_setup_teardown_taskflow.py
[2026-05-24T15:13:37.210+0000] {processor.py:830} INFO - Processing file /home/varn1t/ml-pipeline/venv/lib/python3.11/site-packages/airflow/example_dags/example_setup_teardown_taskflow.py for tasks to queue
[2026-05-24T15:13:37.210+0000] {logging_mixin.py:188} INFO - [2026-05-24T15:13:37.210+0000] {dagbag.py:545} INFO - Filling up the DagBag from /home/varn1t/ml-pipeline/venv/lib/python3.11/site-packages/airflow/example_dags/example_setup_teardown_taskflow.py
[2026-05-24T15:13:37.217+0000] {processor.py:840} INFO - DAG(s) 'example_setup_teardown_taskflow' retrieved from /home/varn1t/ml-pipeline/venv/lib/python3.11/site-packages/airflow/example_dags/example_setup_teardown_taskflow.py
[2026-05-24T15:13:37.227+0000] {logging_mixin.py:188} INFO - [2026-05-24T15:13:37.227+0000] {dag.py:3096} INFO - Sync 1 DAGs
[2026-05-24T15:13:37.239+0000] {logging_mixin.py:188} INFO - [2026-05-24T15:13:37.239+0000] {dag.py:3954} INFO - Setting next_dagrun for example_setup_teardown_taskflow to 2026-05-23 00:00:00+00:00, run_after=2026-05-24 00:00:00+00:00
[2026-05-24T15:13:37.253+0000] {processor.py:183} INFO - Processing /home/varn1t/ml-pipeline/venv/lib/python3.11/site-packages/airflow/example_dags/example_setup_teardown_taskflow.py took 0.050 seconds
[2026-05-24T15:14:35.946+0000] {processor.py:161} INFO - Started process (PID=36716) to work on /home/varn1t/ml-pipeline/venv/lib/python3.11/site-packages/airflow/example_dags/example_setup_teardown_taskflow.py
[2026-05-24T15:14:35.947+0000] {processor.py:830} INFO - Processing file /home/varn1t/ml-pipeline/venv/lib/python3.11/site-packages/airflow/example_dags/example_setup_teardown_taskflow.py for tasks to queue
[2026-05-24T15:14:35.948+0000] {logging_mixin.py:188} INFO - [2026-05-24T15:14:35.947+0000] {dagbag.py:545} INFO - Filling up the DagBag from /home/varn1t/ml-pipeline/venv/lib/python3.11/site-packages/airflow/example_dags/example_setup_teardown_taskflow.py
[2026-05-24T15:14:35.955+0000] {processor.py:840} INFO - DAG(s) 'example_setup_teardown_taskflow' retrieved from /home/varn1t/ml-pipeline/venv/lib/python3.11/site-packages/airflow/example_dags/example_setup_teardown_taskflow.py
[2026-05-24T15:14:35.964+0000] {logging_mixin.py:188} INFO - [2026-05-24T15:14:35.964+0000] {dag.py:3096} INFO - Sync 1 DAGs
[2026-05-24T15:14:35.975+0000] {logging_mixin.py:188} INFO - [2026-05-24T15:14:35.975+0000] {dag.py:3954} INFO - Setting next_dagrun for example_setup_teardown_taskflow to 2026-05-23 00:00:00+00:00, run_after=2026-05-24 00:00:00+00:00
[2026-05-24T15:14:35.989+0000] {processor.py:183} INFO - Processing /home/varn1t/ml-pipeline/venv/lib/python3.11/site-packages/airflow/example_dags/example_setup_teardown_taskflow.py took 0.048 seconds
[2026-05-24T15:15:35.438+0000] {processor.py:161} INFO - Started process (PID=36987) to work on /home/varn1t/ml-pipeline/venv/lib/python3.11/site-packages/airflow/example_dags/example_setup_teardown_taskflow.py
[2026-05-24T15:15:35.440+0000] {processor.py:830} INFO - Processing file /home/varn1t/ml-pipeline/venv/lib/python3.11/site-packages/airflow/example_dags/example_setup_teardown_taskflow.py for tasks to queue
[2026-05-24T15:15:35.440+0000] {logging_mixin.py:188} INFO - [2026-05-24T15:15:35.440+0000] {dagbag.py:545} INFO - Filling up the DagBag from /home/varn1t/ml-pipeline/venv/lib/python3.11/site-packages/airflow/example_dags/example_setup_teardown_taskflow.py
[2026-05-24T15:15:35.447+0000] {processor.py:840} INFO - DAG(s) 'example_setup_teardown_taskflow' retrieved from /home/varn1t/ml-pipeline/venv/lib/python3.11/site-packages/airflow/example_dags/example_setup_teardown_taskflow.py
[2026-05-24T15:15:35.458+0000] {logging_mixin.py:188} INFO - [2026-05-24T15:15:35.458+0000] {dag.py:3096} INFO - Sync 1 DAGs
[2026-05-24T15:15:35.471+0000] {logging_mixin.py:188} INFO - [2026-05-24T15:15:35.471+0000] {dag.py:3954} INFO - Setting next_dagrun for example_setup_teardown_taskflow to 2026-05-23 00:00:00+00:00, run_after=2026-05-24 00:00:00+00:00
[2026-05-24T15:15:35.488+0000] {processor.py:183} INFO - Processing /home/varn1t/ml-pipeline/venv/lib/python3.11/site-packages/airflow/example_dags/example_setup_teardown_taskflow.py took 0.056 seconds
[2026-05-24T15:16:34.639+0000] {processor.py:161} INFO - Started process (PID=37249) to work on /home/varn1t/ml-pipeline/venv/lib/python3.11/site-packages/airflow/example_dags/example_setup_teardown_taskflow.py
[2026-05-24T15:16:34.640+0000] {processor.py:830} INFO - Processing file /home/varn1t/ml-pipeline/venv/lib/python3.11/site-packages/airflow/example_dags/example_setup_teardown_taskflow.py for tasks to queue
[2026-05-24T15:16:34.641+0000] {logging_mixin.py:188} INFO - [2026-05-24T15:16:34.641+0000] {dagbag.py:545} INFO - Filling up the DagBag from /home/varn1t/ml-pipeline/venv/lib/python3.11/site-packages/airflow/example_dags/example_setup_teardown_taskflow.py
[2026-05-24T15:16:34.649+0000] {processor.py:840} INFO - DAG(s) 'example_setup_teardown_taskflow' retrieved from /home/varn1t/ml-pipeline/venv/lib/python3.11/site-packages/airflow/example_dags/example_setup_teardown_taskflow.py
[2026-05-24T15:16:34.660+0000] {logging_mixin.py:188} INFO - [2026-05-24T15:16:34.660+0000] {dag.py:3096} INFO - Sync 1 DAGs
[2026-05-24T15:16:34.674+0000] {logging_mixin.py:188} INFO - [2026-05-24T15:16:34.674+0000] {dag.py:3954} INFO - Setting next_dagrun for example_setup_teardown_taskflow to 2026-05-23 00:00:00+00:00, run_after=2026-05-24 00:00:00+00:00
[2026-05-24T15:16:34.688+0000] {processor.py:183} INFO - Processing /home/varn1t/ml-pipeline/venv/lib/python3.11/site-packages/airflow/example_dags/example_setup_teardown_taskflow.py took 0.056 seconds
[2026-05-24T15:17:33.479+0000] {processor.py:161} INFO - Started process (PID=37666) to work on /home/varn1t/ml-pipeline/venv/lib/python3.11/site-packages/airflow/example_dags/example_setup_teardown_taskflow.py
[2026-05-24T15:17:33.480+0000] {processor.py:830} INFO - Processing file /home/varn1t/ml-pipeline/venv/lib/python3.11/site-packages/airflow/example_dags/example_setup_teardown_taskflow.py for tasks to queue
[2026-05-24T15:17:33.480+0000] {logging_mixin.py:188} INFO - [2026-05-24T15:17:33.480+0000] {dagbag.py:545} INFO - Filling up the DagBag from /home/varn1t/ml-pipeline/venv/lib/python3.11/site-packages/airflow/example_dags/example_setup_teardown_taskflow.py
[2026-05-24T15:17:33.487+0000] {processor.py:840} INFO - DAG(s) 'example_setup_teardown_taskflow' retrieved from /home/varn1t/ml-pipeline/venv/lib/python3.11/site-packages/airflow/example_dags/example_setup_teardown_taskflow.py
[2026-05-24T15:17:33.499+0000] {logging_mixin.py:188} INFO - [2026-05-24T15:17:33.499+0000] {dag.py:3096} INFO - Sync 1 DAGs
[2026-05-24T15:17:33.512+0000] {logging_mixin.py:188} INFO - [2026-05-24T15:17:33.512+0000] {dag.py:3954} INFO - Setting next_dagrun for example_setup_teardown_taskflow to 2026-05-23 00:00:00+00:00, run_after=2026-05-24 00:00:00+00:00
[2026-05-24T15:17:33.528+0000] {processor.py:183} INFO - Processing /home/varn1t/ml-pipeline/venv/lib/python3.11/site-packages/airflow/example_dags/example_setup_teardown_taskflow.py took 0.055 seconds
[2026-05-24T15:18:32.504+0000] {processor.py:161} INFO - Started process (PID=38173) to work on /home/varn1t/ml-pipeline/venv/lib/python3.11/site-packages/airflow/example_dags/example_setup_teardown_taskflow.py
[2026-05-24T15:18:32.506+0000] {processor.py:830} INFO - Processing file /home/varn1t/ml-pipeline/venv/lib/python3.11/site-packages/airflow/example_dags/example_setup_teardown_taskflow.py for tasks to queue
[2026-05-24T15:18:32.507+0000] {logging_mixin.py:188} INFO - [2026-05-24T15:18:32.506+0000] {dagbag.py:545} INFO - Filling up the DagBag from /home/varn1t/ml-pipeline/venv/lib/python3.11/site-packages/airflow/example_dags/example_setup_teardown_taskflow.py
[2026-05-24T15:18:32.515+0000] {processor.py:840} INFO - DAG(s) 'example_setup_teardown_taskflow' retrieved from /home/varn1t/ml-pipeline/venv/lib/python3.11/site-packages/airflow/example_dags/example_setup_teardown_taskflow.py
[2026-05-24T15:18:32.528+0000] {logging_mixin.py:188} INFO - [2026-05-24T15:18:32.528+0000] {dag.py:3096} INFO - Sync 1 DAGs
[2026-05-24T15:18:32.541+0000] {logging_mixin.py:188} INFO - [2026-05-24T15:18:32.541+0000] {dag.py:3954} INFO - Setting next_dagrun for example_setup_teardown_taskflow to 2026-05-23 00:00:00+00:00, run_after=2026-05-24 00:00:00+00:00
[2026-05-24T15:18:32.555+0000] {processor.py:183} INFO - Processing /home/varn1t/ml-pipeline/venv/lib/python3.11/site-packages/airflow/example_dags/example_setup_teardown_taskflow.py took 0.057 seconds
[2026-05-24T15:19:34.212+0000] {processor.py:161} INFO - Started process (PID=38796) to work on /home/varn1t/ml-pipeline/venv/lib/python3.11/site-packages/airflow/example_dags/example_setup_teardown_taskflow.py
[2026-05-24T15:19:34.213+0000] {processor.py:830} INFO - Processing file /home/varn1t/ml-pipeline/venv/lib/python3.11/site-packages/airflow/example_dags/example_setup_teardown_taskflow.py for tasks to queue
[2026-05-24T15:19:34.214+0000] {logging_mixin.py:188} INFO - [2026-05-24T15:19:34.213+0000] {dagbag.py:545} INFO - Filling up the DagBag from /home/varn1t/ml-pipeline/venv/lib/python3.11/site-packages/airflow/example_dags/example_setup_teardown_taskflow.py
[2026-05-24T15:19:34.222+0000] {processor.py:840} INFO - DAG(s) 'example_setup_teardown_taskflow' retrieved from /home/varn1t/ml-pipeline/venv/lib/python3.11/site-packages/airflow/example_dags/example_setup_teardown_taskflow.py
[2026-05-24T15:19:34.233+0000] {logging_mixin.py:188} INFO - [2026-05-24T15:19:34.233+0000] {dag.py:3096} INFO - Sync 1 DAGs
[2026-05-24T15:19:34.245+0000] {logging_mixin.py:188} INFO - [2026-05-24T15:19:34.245+0000] {dag.py:3954} INFO - Setting next_dagrun for example_setup_teardown_taskflow to 2026-05-23 00:00:00+00:00, run_after=2026-05-24 00:00:00+00:00
[2026-05-24T15:19:34.259+0000] {processor.py:183} INFO - Processing /home/varn1t/ml-pipeline/venv/lib/python3.11/site-packages/airflow/example_dags/example_setup_teardown_taskflow.py took 0.053 seconds
[2026-05-24T15:20:36.963+0000] {processor.py:161} INFO - Started process (PID=39066) to work on /home/varn1t/ml-pipeline/venv/lib/python3.11/site-packages/airflow/example_dags/example_setup_teardown_taskflow.py
[2026-05-24T15:20:36.965+0000] {processor.py:830} INFO - Processing file /home/varn1t/ml-pipeline/venv/lib/python3.11/site-packages/airflow/example_dags/example_setup_teardown_taskflow.py for tasks to queue
[2026-05-24T15:20:36.965+0000] {logging_mixin.py:188} INFO - [2026-05-24T15:20:36.965+0000] {dagbag.py:545} INFO - Filling up the DagBag from /home/varn1t/ml-pipeline/venv/lib/python3.11/site-packages/airflow/example_dags/example_setup_teardown_taskflow.py
[2026-05-24T15:20:36.974+0000] {processor.py:840} INFO - DAG(s) 'example_setup_teardown_taskflow' retrieved from /home/varn1t/ml-pipeline/venv/lib/python3.11/site-packages/airflow/example_dags/example_setup_teardown_taskflow.py
[2026-05-24T15:20:36.989+0000] {logging_mixin.py:188} INFO - [2026-05-24T15:20:36.989+0000] {dag.py:3096} INFO - Sync 1 DAGs
[2026-05-24T15:20:37.002+0000] {logging_mixin.py:188} INFO - [2026-05-24T15:20:37.002+0000] {dag.py:3954} INFO - Setting next_dagrun for example_setup_teardown_taskflow to 2026-05-23 00:00:00+00:00, run_after=2026-05-24 00:00:00+00:00
[2026-05-24T15:20:37.018+0000] {processor.py:183} INFO - Processing /home/varn1t/ml-pipeline/venv/lib/python3.11/site-packages/airflow/example_dags/example_setup_teardown_taskflow.py took 0.063 seconds
[2026-05-24T15:21:38.637+0000] {processor.py:161} INFO - Started process (PID=39352) to work on /home/varn1t/ml-pipeline/venv/lib/python3.11/site-packages/airflow/example_dags/example_setup_teardown_taskflow.py
[2026-05-24T15:21:38.638+0000] {processor.py:830} INFO - Processing file /home/varn1t/ml-pipeline/venv/lib/python3.11/site-packages/airflow/example_dags/example_setup_teardown_taskflow.py for tasks to queue
[2026-05-24T15:21:38.639+0000] {logging_mixin.py:188} INFO - [2026-05-24T15:21:38.638+0000] {dagbag.py:545} INFO - Filling up the DagBag from /home/varn1t/ml-pipeline/venv/lib/python3.11/site-packages/airflow/example_dags/example_setup_teardown_taskflow.py
[2026-05-24T15:21:38.646+0000] {processor.py:840} INFO - DAG(s) 'example_setup_teardown_taskflow' retrieved from /home/varn1t/ml-pipeline/venv/lib/python3.11/site-packages/airflow/example_dags/example_setup_teardown_taskflow.py
[2026-05-24T15:21:38.657+0000] {logging_mixin.py:188} INFO - [2026-05-24T15:21:38.657+0000] {dag.py:3096} INFO - Sync 1 DAGs
[2026-05-24T15:21:38.670+0000] {logging_mixin.py:188} INFO - [2026-05-24T15:21:38.670+0000] {dag.py:3954} INFO - Setting next_dagrun for example_setup_teardown_taskflow to 2026-05-23 00:00:00+00:00, run_after=2026-05-24 00:00:00+00:00
[2026-05-24T15:21:38.684+0000] {processor.py:183} INFO - Processing /home/varn1t/ml-pipeline/venv/lib/python3.11/site-packages/airflow/example_dags/example_setup_teardown_taskflow.py took 0.053 seconds
[2026-05-24T15:22:38.249+0000] {processor.py:161} INFO - Started process (PID=39859) to work on /home/varn1t/ml-pipeline/venv/lib/python3.11/site-packages/airflow/example_dags/example_setup_teardown_taskflow.py
[2026-05-24T15:22:38.250+0000] {processor.py:830} INFO - Processing file /home/varn1t/ml-pipeline/venv/lib/python3.11/site-packages/airflow/example_dags/example_setup_teardown_taskflow.py for tasks to queue
[2026-05-24T15:22:38.250+0000] {logging_mixin.py:188} INFO - [2026-05-24T15:22:38.250+0000] {dagbag.py:545} INFO - Filling up the DagBag from /home/varn1t/ml-pipeline/venv/lib/python3.11/site-packages/airflow/example_dags/example_setup_teardown_taskflow.py
[2026-05-24T15:22:38.258+0000] {processor.py:840} INFO - DAG(s) 'example_setup_teardown_taskflow' retrieved from /home/varn1t/ml-pipeline/venv/lib/python3.11/site-packages/airflow/example_dags/example_setup_teardown_taskflow.py
[2026-05-24T15:22:38.270+0000] {logging_mixin.py:188} INFO - [2026-05-24T15:22:38.270+0000] {dag.py:3096} INFO - Sync 1 DAGs
[2026-05-24T15:22:38.284+0000] {logging_mixin.py:188} INFO - [2026-05-24T15:22:38.284+0000] {dag.py:3954} INFO - Setting next_dagrun for example_setup_teardown_taskflow to 2026-05-23 00:00:00+00:00, run_after=2026-05-24 00:00:00+00:00
[2026-05-24T15:22:38.301+0000] {processor.py:183} INFO - Processing /home/varn1t/ml-pipeline/venv/lib/python3.11/site-packages/airflow/example_dags/example_setup_teardown_taskflow.py took 0.058 seconds
[2026-05-24T15:23:41.298+0000] {processor.py:161} INFO - Started process (PID=40408) to work on /home/varn1t/ml-pipeline/venv/lib/python3.11/site-packages/airflow/example_dags/example_setup_teardown_taskflow.py
[2026-05-24T15:23:41.299+0000] {processor.py:830} INFO - Processing file /home/varn1t/ml-pipeline/venv/lib/python3.11/site-packages/airflow/example_dags/example_setup_teardown_taskflow.py for tasks to queue
[2026-05-24T15:23:41.299+0000] {logging_mixin.py:188} INFO - [2026-05-24T15:23:41.299+0000] {dagbag.py:545} INFO - Filling up the DagBag from /home/varn1t/ml-pipeline/venv/lib/python3.11/site-packages/airflow/example_dags/example_setup_teardown_taskflow.py
[2026-05-24T15:23:41.306+0000] {processor.py:840} INFO - DAG(s) 'example_setup_teardown_taskflow' retrieved from /home/varn1t/ml-pipeline/venv/lib/python3.11/site-packages/airflow/example_dags/example_setup_teardown_taskflow.py
[2026-05-24T15:23:41.319+0000] {logging_mixin.py:188} INFO - [2026-05-24T15:23:41.319+0000] {dag.py:3096} INFO - Sync 1 DAGs
[2026-05-24T15:23:41.330+0000] {logging_mixin.py:188} INFO - [2026-05-24T15:23:41.330+0000] {dag.py:3954} INFO - Setting next_dagrun for example_setup_teardown_taskflow to 2026-05-23 00:00:00+00:00, run_after=2026-05-24 00:00:00+00:00
[2026-05-24T15:23:41.343+0000] {processor.py:183} INFO - Processing /home/varn1t/ml-pipeline/venv/lib/python3.11/site-packages/airflow/example_dags/example_setup_teardown_taskflow.py took 0.053 seconds
[2026-05-24T15:24:45.231+0000] {processor.py:161} INFO - Started process (PID=40787) to work on /home/varn1t/ml-pipeline/venv/lib/python3.11/site-packages/airflow/example_dags/example_setup_teardown_taskflow.py
[2026-05-24T15:24:45.232+0000] {processor.py:830} INFO - Processing file /home/varn1t/ml-pipeline/venv/lib/python3.11/site-packages/airflow/example_dags/example_setup_teardown_taskflow.py for tasks to queue
[2026-05-24T15:24:45.233+0000] {logging_mixin.py:188} INFO - [2026-05-24T15:24:45.232+0000] {dagbag.py:545} INFO - Filling up the DagBag from /home/varn1t/ml-pipeline/venv/lib/python3.11/site-packages/airflow/example_dags/example_setup_teardown_taskflow.py
[2026-05-24T15:24:45.240+0000] {processor.py:840} INFO - DAG(s) 'example_setup_teardown_taskflow' retrieved from /home/varn1t/ml-pipeline/venv/lib/python3.11/site-packages/airflow/example_dags/example_setup_teardown_taskflow.py
[2026-05-24T15:24:45.256+0000] {logging_mixin.py:188} INFO - [2026-05-24T15:24:45.256+0000] {dag.py:3096} INFO - Sync 1 DAGs
[2026-05-24T15:24:45.273+0000] {logging_mixin.py:188} INFO - [2026-05-24T15:24:45.273+0000] {dag.py:3954} INFO - Setting next_dagrun for example_setup_teardown_taskflow to 2026-05-23 00:00:00+00:00, run_after=2026-05-24 00:00:00+00:00
[2026-05-24T15:24:45.289+0000] {processor.py:183} INFO - Processing /home/varn1t/ml-pipeline/venv/lib/python3.11/site-packages/airflow/example_dags/example_setup_teardown_taskflow.py took 0.066 seconds
[2026-05-24T15:26:23.057+0000] {processor.py:161} INFO - Started process (PID=42446) to work on /home/varn1t/ml-pipeline/venv/lib/python3.11/site-packages/airflow/example_dags/example_setup_teardown_taskflow.py
[2026-05-24T15:26:23.058+0000] {processor.py:830} INFO - Processing file /home/varn1t/ml-pipeline/venv/lib/python3.11/site-packages/airflow/example_dags/example_setup_teardown_taskflow.py for tasks to queue
[2026-05-24T15:26:23.058+0000] {logging_mixin.py:188} INFO - [2026-05-24T15:26:23.058+0000] {dagbag.py:545} INFO - Filling up the DagBag from /home/varn1t/ml-pipeline/venv/lib/python3.11/site-packages/airflow/example_dags/example_setup_teardown_taskflow.py
[2026-05-24T15:26:23.066+0000] {processor.py:840} INFO - DAG(s) 'example_setup_teardown_taskflow' retrieved from /home/varn1t/ml-pipeline/venv/lib/python3.11/site-packages/airflow/example_dags/example_setup_teardown_taskflow.py
[2026-05-24T15:26:23.076+0000] {logging_mixin.py:188} INFO - [2026-05-24T15:26:23.076+0000] {dag.py:3096} INFO - Sync 1 DAGs
[2026-05-24T15:26:23.087+0000] {logging_mixin.py:188} INFO - [2026-05-24T15:26:23.087+0000] {dag.py:3954} INFO - Setting next_dagrun for example_setup_teardown_taskflow to 2026-05-23 00:00:00+00:00, run_after=2026-05-24 00:00:00+00:00
[2026-05-24T15:26:23.101+0000] {processor.py:183} INFO - Processing /home/varn1t/ml-pipeline/venv/lib/python3.11/site-packages/airflow/example_dags/example_setup_teardown_taskflow.py took 0.050 seconds
[2026-05-24T15:27:26.846+0000] {processor.py:161} INFO - Started process (PID=42850) to work on /home/varn1t/ml-pipeline/venv/lib/python3.11/site-packages/airflow/example_dags/example_setup_teardown_taskflow.py
[2026-05-24T15:27:26.847+0000] {processor.py:830} INFO - Processing file /home/varn1t/ml-pipeline/venv/lib/python3.11/site-packages/airflow/example_dags/example_setup_teardown_taskflow.py for tasks to queue
[2026-05-24T15:27:26.848+0000] {logging_mixin.py:188} INFO - [2026-05-24T15:27:26.847+0000] {dagbag.py:545} INFO - Filling up the DagBag from /home/varn1t/ml-pipeline/venv/lib/python3.11/site-packages/airflow/example_dags/example_setup_teardown_taskflow.py
[2026-05-24T15:27:26.859+0000] {processor.py:840} INFO - DAG(s) 'example_setup_teardown_taskflow' retrieved from /home/varn1t/ml-pipeline/venv/lib/python3.11/site-packages/airflow/example_dags/example_setup_teardown_taskflow.py
[2026-05-24T15:27:26.875+0000] {logging_mixin.py:188} INFO - [2026-05-24T15:27:26.875+0000] {dag.py:3096} INFO - Sync 1 DAGs
[2026-05-24T15:27:26.891+0000] {logging_mixin.py:188} INFO - [2026-05-24T15:27:26.891+0000] {dag.py:3954} INFO - Setting next_dagrun for example_setup_teardown_taskflow to 2026-05-23 00:00:00+00:00, run_after=2026-05-24 00:00:00+00:00
[2026-05-24T15:27:26.913+0000] {processor.py:183} INFO - Processing /home/varn1t/ml-pipeline/venv/lib/python3.11/site-packages/airflow/example_dags/example_setup_teardown_taskflow.py took 0.075 seconds
[2026-05-24T15:29:01.055+0000] {processor.py:161} INFO - Started process (PID=43728) to work on /home/varn1t/ml-pipeline/venv/lib/python3.11/site-packages/airflow/example_dags/example_setup_teardown_taskflow.py
[2026-05-24T15:29:01.056+0000] {processor.py:830} INFO - Processing file /home/varn1t/ml-pipeline/venv/lib/python3.11/site-packages/airflow/example_dags/example_setup_teardown_taskflow.py for tasks to queue
[2026-05-24T15:29:01.057+0000] {logging_mixin.py:188} INFO - [2026-05-24T15:29:01.056+0000] {dagbag.py:545} INFO - Filling up the DagBag from /home/varn1t/ml-pipeline/venv/lib/python3.11/site-packages/airflow/example_dags/example_setup_teardown_taskflow.py
[2026-05-24T15:29:01.063+0000] {processor.py:840} INFO - DAG(s) 'example_setup_teardown_taskflow' retrieved from /home/varn1t/ml-pipeline/venv/lib/python3.11/site-packages/airflow/example_dags/example_setup_teardown_taskflow.py
[2026-05-24T15:29:01.075+0000] {logging_mixin.py:188} INFO - [2026-05-24T15:29:01.075+0000] {dag.py:3096} INFO - Sync 1 DAGs
[2026-05-24T15:29:01.087+0000] {logging_mixin.py:188} INFO - [2026-05-24T15:29:01.087+0000] {dag.py:3954} INFO - Setting next_dagrun for example_setup_teardown_taskflow to 2026-05-23 00:00:00+00:00, run_after=2026-05-24 00:00:00+00:00
[2026-05-24T15:29:01.102+0000] {processor.py:183} INFO - Processing /home/varn1t/ml-pipeline/venv/lib/python3.11/site-packages/airflow/example_dags/example_setup_teardown_taskflow.py took 0.053 seconds
[2026-05-24T15:30:04.367+0000] {processor.py:161} INFO - Started process (PID=44093) to work on /home/varn1t/ml-pipeline/venv/lib/python3.11/site-packages/airflow/example_dags/example_setup_teardown_taskflow.py
[2026-05-24T15:30:04.368+0000] {processor.py:830} INFO - Processing file /home/varn1t/ml-pipeline/venv/lib/python3.11/site-packages/airflow/example_dags/example_setup_teardown_taskflow.py for tasks to queue
[2026-05-24T15:30:04.368+0000] {logging_mixin.py:188} INFO - [2026-05-24T15:30:04.368+0000] {dagbag.py:545} INFO - Filling up the DagBag from /home/varn1t/ml-pipeline/venv/lib/python3.11/site-packages/airflow/example_dags/example_setup_teardown_taskflow.py
[2026-05-24T15:30:04.374+0000] {processor.py:840} INFO - DAG(s) 'example_setup_teardown_taskflow' retrieved from /home/varn1t/ml-pipeline/venv/lib/python3.11/site-packages/airflow/example_dags/example_setup_teardown_taskflow.py
[2026-05-24T15:30:04.385+0000] {logging_mixin.py:188} INFO - [2026-05-24T15:30:04.384+0000] {dag.py:3096} INFO - Sync 1 DAGs
[2026-05-24T15:30:04.395+0000] {logging_mixin.py:188} INFO - [2026-05-24T15:30:04.395+0000] {dag.py:3954} INFO - Setting next_dagrun for example_setup_teardown_taskflow to 2026-05-23 00:00:00+00:00, run_after=2026-05-24 00:00:00+00:00
[2026-05-24T15:30:04.408+0000] {processor.py:183} INFO - Processing /home/varn1t/ml-pipeline/venv/lib/python3.11/site-packages/airflow/example_dags/example_setup_teardown_taskflow.py took 0.046 seconds
[2026-05-24T15:30:57.557+0000] {processor.py:161} INFO - Started process (PID=44735) to work on /home/varn1t/ml-pipeline/venv/lib/python3.11/site-packages/airflow/example_dags/example_setup_teardown_taskflow.py
[2026-05-24T15:30:57.558+0000] {processor.py:830} INFO - Processing file /home/varn1t/ml-pipeline/venv/lib/python3.11/site-packages/airflow/example_dags/example_setup_teardown_taskflow.py for tasks to queue
[2026-05-24T15:30:57.559+0000] {logging_mixin.py:188} INFO - [2026-05-24T15:30:57.559+0000] {dagbag.py:545} INFO - Filling up the DagBag from /home/varn1t/ml-pipeline/venv/lib/python3.11/site-packages/airflow/example_dags/example_setup_teardown_taskflow.py
[2026-05-24T15:30:57.566+0000] {processor.py:840} INFO - DAG(s) 'example_setup_teardown_taskflow' retrieved from /home/varn1t/ml-pipeline/venv/lib/python3.11/site-packages/airflow/example_dags/example_setup_teardown_taskflow.py
[2026-05-24T15:30:57.577+0000] {logging_mixin.py:188} INFO - [2026-05-24T15:30:57.577+0000] {dag.py:3096} INFO - Sync 1 DAGs
[2026-05-24T15:30:57.589+0000] {logging_mixin.py:188} INFO - [2026-05-24T15:30:57.589+0000] {dag.py:3954} INFO - Setting next_dagrun for example_setup_teardown_taskflow to 2026-05-23 00:00:00+00:00, run_after=2026-05-24 00:00:00+00:00
[2026-05-24T15:30:57.604+0000] {processor.py:183} INFO - Processing /home/varn1t/ml-pipeline/venv/lib/python3.11/site-packages/airflow/example_dags/example_setup_teardown_taskflow.py took 0.053 seconds
[2026-05-24T15:31:59.537+0000] {processor.py:161} INFO - Started process (PID=45452) to work on /home/varn1t/ml-pipeline/venv/lib/python3.11/site-packages/airflow/example_dags/example_setup_teardown_taskflow.py
[2026-05-24T15:31:59.538+0000] {processor.py:830} INFO - Processing file /home/varn1t/ml-pipeline/venv/lib/python3.11/site-packages/airflow/example_dags/example_setup_teardown_taskflow.py for tasks to queue
[2026-05-24T15:31:59.539+0000] {logging_mixin.py:188} INFO - [2026-05-24T15:31:59.539+0000] {dagbag.py:545} INFO - Filling up the DagBag from /home/varn1t/ml-pipeline/venv/lib/python3.11/site-packages/airflow/example_dags/example_setup_teardown_taskflow.py
[2026-05-24T15:31:59.545+0000] {processor.py:840} INFO - DAG(s) 'example_setup_teardown_taskflow' retrieved from /home/varn1t/ml-pipeline/venv/lib/python3.11/site-packages/airflow/example_dags/example_setup_teardown_taskflow.py
[2026-05-24T15:31:59.558+0000] {logging_mixin.py:188} INFO - [2026-05-24T15:31:59.558+0000] {dag.py:3096} INFO - Sync 1 DAGs
[2026-05-24T15:31:59.573+0000] {logging_mixin.py:188} INFO - [2026-05-24T15:31:59.573+0000] {dag.py:3954} INFO - Setting next_dagrun for example_setup_teardown_taskflow to 2026-05-23 00:00:00+00:00, run_after=2026-05-24 00:00:00+00:00
[2026-05-24T15:31:59.589+0000] {processor.py:183} INFO - Processing /home/varn1t/ml-pipeline/venv/lib/python3.11/site-packages/airflow/example_dags/example_setup_teardown_taskflow.py took 0.059 seconds
[2026-05-24T15:33:08.220+0000] {processor.py:161} INFO - Started process (PID=45811) to work on /home/varn1t/ml-pipeline/venv/lib/python3.11/site-packages/airflow/example_dags/example_setup_teardown_taskflow.py
[2026-05-24T15:33:08.221+0000] {processor.py:830} INFO - Processing file /home/varn1t/ml-pipeline/venv/lib/python3.11/site-packages/airflow/example_dags/example_setup_teardown_taskflow.py for tasks to queue
[2026-05-24T15:33:08.223+0000] {logging_mixin.py:188} INFO - [2026-05-24T15:33:08.223+0000] {dagbag.py:545} INFO - Filling up the DagBag from /home/varn1t/ml-pipeline/venv/lib/python3.11/site-packages/airflow/example_dags/example_setup_teardown_taskflow.py
[2026-05-24T15:33:08.231+0000] {processor.py:840} INFO - DAG(s) 'example_setup_teardown_taskflow' retrieved from /home/varn1t/ml-pipeline/venv/lib/python3.11/site-packages/airflow/example_dags/example_setup_teardown_taskflow.py
[2026-05-24T15:33:08.244+0000] {logging_mixin.py:188} INFO - [2026-05-24T15:33:08.244+0000] {dag.py:3096} INFO - Sync 1 DAGs
[2026-05-24T15:33:08.262+0000] {logging_mixin.py:188} INFO - [2026-05-24T15:33:08.262+0000] {dag.py:3954} INFO - Setting next_dagrun for example_setup_teardown_taskflow to 2026-05-23 00:00:00+00:00, run_after=2026-05-24 00:00:00+00:00
[2026-05-24T15:33:08.282+0000] {processor.py:183} INFO - Processing /home/varn1t/ml-pipeline/venv/lib/python3.11/site-packages/airflow/example_dags/example_setup_teardown_taskflow.py took 0.070 seconds
[2026-05-24T15:34:13.480+0000] {processor.py:161} INFO - Started process (PID=46159) to work on /home/varn1t/ml-pipeline/venv/lib/python3.11/site-packages/airflow/example_dags/example_setup_teardown_taskflow.py
[2026-05-24T15:34:13.481+0000] {processor.py:830} INFO - Processing file /home/varn1t/ml-pipeline/venv/lib/python3.11/site-packages/airflow/example_dags/example_setup_teardown_taskflow.py for tasks to queue
[2026-05-24T15:34:13.482+0000] {logging_mixin.py:188} INFO - [2026-05-24T15:34:13.482+0000] {dagbag.py:545} INFO - Filling up the DagBag from /home/varn1t/ml-pipeline/venv/lib/python3.11/site-packages/airflow/example_dags/example_setup_teardown_taskflow.py
[2026-05-24T15:34:13.489+0000] {processor.py:840} INFO - DAG(s) 'example_setup_teardown_taskflow' retrieved from /home/varn1t/ml-pipeline/venv/lib/python3.11/site-packages/airflow/example_dags/example_setup_teardown_taskflow.py
[2026-05-24T15:34:13.501+0000] {logging_mixin.py:188} INFO - [2026-05-24T15:34:13.501+0000] {dag.py:3096} INFO - Sync 1 DAGs
[2026-05-24T15:34:13.513+0000] {logging_mixin.py:188} INFO - [2026-05-24T15:34:13.513+0000] {dag.py:3954} INFO - Setting next_dagrun for example_setup_teardown_taskflow to 2026-05-23 00:00:00+00:00, run_after=2026-05-24 00:00:00+00:00
[2026-05-24T15:34:13.530+0000] {processor.py:183} INFO - Processing /home/varn1t/ml-pipeline/venv/lib/python3.11/site-packages/airflow/example_dags/example_setup_teardown_taskflow.py took 0.056 seconds
[2026-05-24T15:42:12.681+0000] {processor.py:161} INFO - Started process (PID=2444) to work on /home/varn1t/ml-pipeline/venv/lib/python3.11/site-packages/airflow/example_dags/example_setup_teardown_taskflow.py
[2026-05-24T15:42:12.682+0000] {processor.py:830} INFO - Processing file /home/varn1t/ml-pipeline/venv/lib/python3.11/site-packages/airflow/example_dags/example_setup_teardown_taskflow.py for tasks to queue
[2026-05-24T15:42:12.684+0000] {logging_mixin.py:188} INFO - [2026-05-24T15:42:12.684+0000] {dagbag.py:545} INFO - Filling up the DagBag from /home/varn1t/ml-pipeline/venv/lib/python3.11/site-packages/airflow/example_dags/example_setup_teardown_taskflow.py
[2026-05-24T15:42:12.693+0000] {processor.py:840} INFO - DAG(s) 'example_setup_teardown_taskflow' retrieved from /home/varn1t/ml-pipeline/venv/lib/python3.11/site-packages/airflow/example_dags/example_setup_teardown_taskflow.py
[2026-05-24T15:42:12.706+0000] {logging_mixin.py:188} INFO - [2026-05-24T15:42:12.706+0000] {dag.py:3096} INFO - Sync 1 DAGs
[2026-05-24T15:42:12.722+0000] {logging_mixin.py:188} INFO - [2026-05-24T15:42:12.722+0000] {dag.py:3954} INFO - Setting next_dagrun for example_setup_teardown_taskflow to 2026-05-23 00:00:00+00:00, run_after=2026-05-24 00:00:00+00:00
[2026-05-24T15:42:12.746+0000] {processor.py:183} INFO - Processing /home/varn1t/ml-pipeline/venv/lib/python3.11/site-packages/airflow/example_dags/example_setup_teardown_taskflow.py took 0.070 seconds
[2026-05-24T15:43:18.215+0000] {processor.py:161} INFO - Started process (PID=2749) to work on /home/varn1t/ml-pipeline/venv/lib/python3.11/site-packages/airflow/example_dags/example_setup_teardown_taskflow.py
[2026-05-24T15:43:18.216+0000] {processor.py:830} INFO - Processing file /home/varn1t/ml-pipeline/venv/lib/python3.11/site-packages/airflow/example_dags/example_setup_teardown_taskflow.py for tasks to queue
[2026-05-24T15:43:18.218+0000] {logging_mixin.py:188} INFO - [2026-05-24T15:43:18.217+0000] {dagbag.py:545} INFO - Filling up the DagBag from /home/varn1t/ml-pipeline/venv/lib/python3.11/site-packages/airflow/example_dags/example_setup_teardown_taskflow.py
[2026-05-24T15:43:18.224+0000] {processor.py:840} INFO - DAG(s) 'example_setup_teardown_taskflow' retrieved from /home/varn1t/ml-pipeline/venv/lib/python3.11/site-packages/airflow/example_dags/example_setup_teardown_taskflow.py
[2026-05-24T15:43:18.236+0000] {logging_mixin.py:188} INFO - [2026-05-24T15:43:18.236+0000] {dag.py:3096} INFO - Sync 1 DAGs
[2026-05-24T15:43:18.248+0000] {logging_mixin.py:188} INFO - [2026-05-24T15:43:18.248+0000] {dag.py:3954} INFO - Setting next_dagrun for example_setup_teardown_taskflow to 2026-05-23 00:00:00+00:00, run_after=2026-05-24 00:00:00+00:00
[2026-05-24T15:43:18.362+0000] {processor.py:183} INFO - Processing /home/varn1t/ml-pipeline/venv/lib/python3.11/site-packages/airflow/example_dags/example_setup_teardown_taskflow.py took 0.151 seconds
[2026-05-24T15:44:13.774+0000] {processor.py:161} INFO - Started process (PID=3055) to work on /home/varn1t/ml-pipeline/venv/lib/python3.11/site-packages/airflow/example_dags/example_setup_teardown_taskflow.py
[2026-05-24T15:44:13.775+0000] {processor.py:830} INFO - Processing file /home/varn1t/ml-pipeline/venv/lib/python3.11/site-packages/airflow/example_dags/example_setup_teardown_taskflow.py for tasks to queue
[2026-05-24T15:44:13.777+0000] {logging_mixin.py:188} INFO - [2026-05-24T15:44:13.776+0000] {dagbag.py:545} INFO - Filling up the DagBag from /home/varn1t/ml-pipeline/venv/lib/python3.11/site-packages/airflow/example_dags/example_setup_teardown_taskflow.py
[2026-05-24T15:44:13.783+0000] {processor.py:840} INFO - DAG(s) 'example_setup_teardown_taskflow' retrieved from /home/varn1t/ml-pipeline/venv/lib/python3.11/site-packages/airflow/example_dags/example_setup_teardown_taskflow.py
[2026-05-24T15:44:13.794+0000] {logging_mixin.py:188} INFO - [2026-05-24T15:44:13.794+0000] {dag.py:3096} INFO - Sync 1 DAGs
[2026-05-24T15:44:13.807+0000] {logging_mixin.py:188} INFO - [2026-05-24T15:44:13.806+0000] {dag.py:3954} INFO - Setting next_dagrun for example_setup_teardown_taskflow to 2026-05-23 00:00:00+00:00, run_after=2026-05-24 00:00:00+00:00
[2026-05-24T15:44:13.824+0000] {processor.py:183} INFO - Processing /home/varn1t/ml-pipeline/venv/lib/python3.11/site-packages/airflow/example_dags/example_setup_teardown_taskflow.py took 0.053 seconds
[2026-05-24T15:45:13.561+0000] {processor.py:161} INFO - Started process (PID=3501) to work on /home/varn1t/ml-pipeline/venv/lib/python3.11/site-packages/airflow/example_dags/example_setup_teardown_taskflow.py
[2026-05-24T15:45:13.562+0000] {processor.py:830} INFO - Processing file /home/varn1t/ml-pipeline/venv/lib/python3.11/site-packages/airflow/example_dags/example_setup_teardown_taskflow.py for tasks to queue
[2026-05-24T15:45:13.565+0000] {logging_mixin.py:188} INFO - [2026-05-24T15:45:13.564+0000] {dagbag.py:545} INFO - Filling up the DagBag from /home/varn1t/ml-pipeline/venv/lib/python3.11/site-packages/airflow/example_dags/example_setup_teardown_taskflow.py
[2026-05-24T15:45:13.580+0000] {processor.py:840} INFO - DAG(s) 'example_setup_teardown_taskflow' retrieved from /home/varn1t/ml-pipeline/venv/lib/python3.11/site-packages/airflow/example_dags/example_setup_teardown_taskflow.py
[2026-05-24T15:45:13.606+0000] {logging_mixin.py:188} INFO - [2026-05-24T15:45:13.606+0000] {dag.py:3096} INFO - Sync 1 DAGs
[2026-05-24T15:45:13.627+0000] {logging_mixin.py:188} INFO - [2026-05-24T15:45:13.627+0000] {dag.py:3954} INFO - Setting next_dagrun for example_setup_teardown_taskflow to 2026-05-23 00:00:00+00:00, run_after=2026-05-24 00:00:00+00:00
[2026-05-24T15:45:13.661+0000] {processor.py:183} INFO - Processing /home/varn1t/ml-pipeline/venv/lib/python3.11/site-packages/airflow/example_dags/example_setup_teardown_taskflow.py took 0.110 seconds
[2026-05-24T15:46:11.753+0000] {processor.py:161} INFO - Started process (PID=3946) to work on /home/varn1t/ml-pipeline/venv/lib/python3.11/site-packages/airflow/example_dags/example_setup_teardown_taskflow.py
[2026-05-24T15:46:11.756+0000] {processor.py:830} INFO - Processing file /home/varn1t/ml-pipeline/venv/lib/python3.11/site-packages/airflow/example_dags/example_setup_teardown_taskflow.py for tasks to queue
[2026-05-24T15:46:11.758+0000] {logging_mixin.py:188} INFO - [2026-05-24T15:46:11.757+0000] {dagbag.py:545} INFO - Filling up the DagBag from /home/varn1t/ml-pipeline/venv/lib/python3.11/site-packages/airflow/example_dags/example_setup_teardown_taskflow.py
[2026-05-24T15:46:11.767+0000] {processor.py:840} INFO - DAG(s) 'example_setup_teardown_taskflow' retrieved from /home/varn1t/ml-pipeline/venv/lib/python3.11/site-packages/airflow/example_dags/example_setup_teardown_taskflow.py
[2026-05-24T15:46:11.797+0000] {logging_mixin.py:188} INFO - [2026-05-24T15:46:11.796+0000] {dag.py:3096} INFO - Sync 1 DAGs
[2026-05-24T15:46:11.866+0000] {logging_mixin.py:188} INFO - [2026-05-24T15:46:11.866+0000] {dag.py:3954} INFO - Setting next_dagrun for example_setup_teardown_taskflow to 2026-05-23 00:00:00+00:00, run_after=2026-05-24 00:00:00+00:00
[2026-05-24T15:46:11.926+0000] {processor.py:183} INFO - Processing /home/varn1t/ml-pipeline/venv/lib/python3.11/site-packages/airflow/example_dags/example_setup_teardown_taskflow.py took 0.182 seconds
[2026-05-24T15:47:08.058+0000] {processor.py:161} INFO - Started process (PID=4425) to work on /home/varn1t/ml-pipeline/venv/lib/python3.11/site-packages/airflow/example_dags/example_setup_teardown_taskflow.py
[2026-05-24T15:47:08.059+0000] {processor.py:830} INFO - Processing file /home/varn1t/ml-pipeline/venv/lib/python3.11/site-packages/airflow/example_dags/example_setup_teardown_taskflow.py for tasks to queue
[2026-05-24T15:47:08.061+0000] {logging_mixin.py:188} INFO - [2026-05-24T15:47:08.060+0000] {dagbag.py:545} INFO - Filling up the DagBag from /home/varn1t/ml-pipeline/venv/lib/python3.11/site-packages/airflow/example_dags/example_setup_teardown_taskflow.py
[2026-05-24T15:47:08.073+0000] {processor.py:840} INFO - DAG(s) 'example_setup_teardown_taskflow' retrieved from /home/varn1t/ml-pipeline/venv/lib/python3.11/site-packages/airflow/example_dags/example_setup_teardown_taskflow.py
[2026-05-24T15:47:08.097+0000] {logging_mixin.py:188} INFO - [2026-05-24T15:47:08.097+0000] {dag.py:3096} INFO - Sync 1 DAGs
[2026-05-24T15:47:08.132+0000] {logging_mixin.py:188} INFO - [2026-05-24T15:47:08.125+0000] {dag.py:3954} INFO - Setting next_dagrun for example_setup_teardown_taskflow to 2026-05-23 00:00:00+00:00, run_after=2026-05-24 00:00:00+00:00
[2026-05-24T15:47:08.169+0000] {processor.py:183} INFO - Processing /home/varn1t/ml-pipeline/venv/lib/python3.11/site-packages/airflow/example_dags/example_setup_teardown_taskflow.py took 0.117 seconds
[2026-05-24T15:48:22.359+0000] {processor.py:161} INFO - Started process (PID=5005) to work on /home/varn1t/ml-pipeline/venv/lib/python3.11/site-packages/airflow/example_dags/example_setup_teardown_taskflow.py
[2026-05-24T15:48:22.361+0000] {processor.py:830} INFO - Processing file /home/varn1t/ml-pipeline/venv/lib/python3.11/site-packages/airflow/example_dags/example_setup_teardown_taskflow.py for tasks to queue
[2026-05-24T15:48:22.363+0000] {logging_mixin.py:188} INFO - [2026-05-24T15:48:22.362+0000] {dagbag.py:545} INFO - Filling up the DagBag from /home/varn1t/ml-pipeline/venv/lib/python3.11/site-packages/airflow/example_dags/example_setup_teardown_taskflow.py
[2026-05-24T15:48:22.375+0000] {processor.py:840} INFO - DAG(s) 'example_setup_teardown_taskflow' retrieved from /home/varn1t/ml-pipeline/venv/lib/python3.11/site-packages/airflow/example_dags/example_setup_teardown_taskflow.py
[2026-05-24T15:48:22.398+0000] {logging_mixin.py:188} INFO - [2026-05-24T15:48:22.398+0000] {dag.py:3096} INFO - Sync 1 DAGs
[2026-05-24T15:48:22.414+0000] {logging_mixin.py:188} INFO - [2026-05-24T15:48:22.413+0000] {dag.py:3954} INFO - Setting next_dagrun for example_setup_teardown_taskflow to 2026-05-23 00:00:00+00:00, run_after=2026-05-24 00:00:00+00:00
[2026-05-24T15:48:22.443+0000] {processor.py:183} INFO - Processing /home/varn1t/ml-pipeline/venv/lib/python3.11/site-packages/airflow/example_dags/example_setup_teardown_taskflow.py took 0.090 seconds
[2026-05-24T15:49:32.013+0000] {processor.py:161} INFO - Started process (PID=5522) to work on /home/varn1t/ml-pipeline/venv/lib/python3.11/site-packages/airflow/example_dags/example_setup_teardown_taskflow.py
[2026-05-24T15:49:32.014+0000] {processor.py:830} INFO - Processing file /home/varn1t/ml-pipeline/venv/lib/python3.11/site-packages/airflow/example_dags/example_setup_teardown_taskflow.py for tasks to queue
[2026-05-24T15:49:32.015+0000] {logging_mixin.py:188} INFO - [2026-05-24T15:49:32.015+0000] {dagbag.py:545} INFO - Filling up the DagBag from /home/varn1t/ml-pipeline/venv/lib/python3.11/site-packages/airflow/example_dags/example_setup_teardown_taskflow.py
[2026-05-24T15:49:32.024+0000] {processor.py:840} INFO - DAG(s) 'example_setup_teardown_taskflow' retrieved from /home/varn1t/ml-pipeline/venv/lib/python3.11/site-packages/airflow/example_dags/example_setup_teardown_taskflow.py
[2026-05-24T15:49:32.039+0000] {logging_mixin.py:188} INFO - [2026-05-24T15:49:32.039+0000] {dag.py:3096} INFO - Sync 1 DAGs
[2026-05-24T15:49:32.055+0000] {logging_mixin.py:188} INFO - [2026-05-24T15:49:32.055+0000] {dag.py:3954} INFO - Setting next_dagrun for example_setup_teardown_taskflow to 2026-05-23 00:00:00+00:00, run_after=2026-05-24 00:00:00+00:00
[2026-05-24T15:49:32.075+0000] {processor.py:183} INFO - Processing /home/varn1t/ml-pipeline/venv/lib/python3.11/site-packages/airflow/example_dags/example_setup_teardown_taskflow.py took 0.067 seconds
[2026-05-24T15:50:34.736+0000] {processor.py:161} INFO - Started process (PID=6096) to work on /home/varn1t/ml-pipeline/venv/lib/python3.11/site-packages/airflow/example_dags/example_setup_teardown_taskflow.py
[2026-05-24T15:50:34.737+0000] {processor.py:830} INFO - Processing file /home/varn1t/ml-pipeline/venv/lib/python3.11/site-packages/airflow/example_dags/example_setup_teardown_taskflow.py for tasks to queue
[2026-05-24T15:50:34.739+0000] {logging_mixin.py:188} INFO - [2026-05-24T15:50:34.738+0000] {dagbag.py:545} INFO - Filling up the DagBag from /home/varn1t/ml-pipeline/venv/lib/python3.11/site-packages/airflow/example_dags/example_setup_teardown_taskflow.py
[2026-05-24T15:50:34.746+0000] {processor.py:840} INFO - DAG(s) 'example_setup_teardown_taskflow' retrieved from /home/varn1t/ml-pipeline/venv/lib/python3.11/site-packages/airflow/example_dags/example_setup_teardown_taskflow.py
[2026-05-24T15:50:34.762+0000] {logging_mixin.py:188} INFO - [2026-05-24T15:50:34.762+0000] {dag.py:3096} INFO - Sync 1 DAGs
[2026-05-24T15:50:34.780+0000] {logging_mixin.py:188} INFO - [2026-05-24T15:50:34.780+0000] {dag.py:3954} INFO - Setting next_dagrun for example_setup_teardown_taskflow to 2026-05-23 00:00:00+00:00, run_after=2026-05-24 00:00:00+00:00
[2026-05-24T15:50:34.805+0000] {processor.py:183} INFO - Processing /home/varn1t/ml-pipeline/venv/lib/python3.11/site-packages/airflow/example_dags/example_setup_teardown_taskflow.py took 0.074 seconds
[2026-05-24T15:51:41.890+0000] {processor.py:161} INFO - Started process (PID=6733) to work on /home/varn1t/ml-pipeline/venv/lib/python3.11/site-packages/airflow/example_dags/example_setup_teardown_taskflow.py
[2026-05-24T15:51:41.891+0000] {processor.py:830} INFO - Processing file /home/varn1t/ml-pipeline/venv/lib/python3.11/site-packages/airflow/example_dags/example_setup_teardown_taskflow.py for tasks to queue
[2026-05-24T15:51:41.892+0000] {logging_mixin.py:188} INFO - [2026-05-24T15:51:41.892+0000] {dagbag.py:545} INFO - Filling up the DagBag from /home/varn1t/ml-pipeline/venv/lib/python3.11/site-packages/airflow/example_dags/example_setup_teardown_taskflow.py
[2026-05-24T15:51:41.899+0000] {processor.py:840} INFO - DAG(s) 'example_setup_teardown_taskflow' retrieved from /home/varn1t/ml-pipeline/venv/lib/python3.11/site-packages/airflow/example_dags/example_setup_teardown_taskflow.py
[2026-05-24T15:51:41.913+0000] {logging_mixin.py:188} INFO - [2026-05-24T15:51:41.912+0000] {dag.py:3096} INFO - Sync 1 DAGs
[2026-05-24T15:51:41.927+0000] {logging_mixin.py:188} INFO - [2026-05-24T15:51:41.927+0000] {dag.py:3954} INFO - Setting next_dagrun for example_setup_teardown_taskflow to 2026-05-23 00:00:00+00:00, run_after=2026-05-24 00:00:00+00:00
[2026-05-24T15:51:41.946+0000] {processor.py:183} INFO - Processing /home/varn1t/ml-pipeline/venv/lib/python3.11/site-packages/airflow/example_dags/example_setup_teardown_taskflow.py took 0.061 seconds
[2026-05-24T15:52:49.747+0000] {processor.py:161} INFO - Started process (PID=7174) to work on /home/varn1t/ml-pipeline/venv/lib/python3.11/site-packages/airflow/example_dags/example_setup_teardown_taskflow.py
[2026-05-24T15:52:49.748+0000] {processor.py:830} INFO - Processing file /home/varn1t/ml-pipeline/venv/lib/python3.11/site-packages/airflow/example_dags/example_setup_teardown_taskflow.py for tasks to queue
[2026-05-24T15:52:49.749+0000] {logging_mixin.py:188} INFO - [2026-05-24T15:52:49.749+0000] {dagbag.py:545} INFO - Filling up the DagBag from /home/varn1t/ml-pipeline/venv/lib/python3.11/site-packages/airflow/example_dags/example_setup_teardown_taskflow.py
[2026-05-24T15:52:49.755+0000] {processor.py:840} INFO - DAG(s) 'example_setup_teardown_taskflow' retrieved from /home/varn1t/ml-pipeline/venv/lib/python3.11/site-packages/airflow/example_dags/example_setup_teardown_taskflow.py
[2026-05-24T15:52:49.766+0000] {logging_mixin.py:188} INFO - [2026-05-24T15:52:49.766+0000] {dag.py:3096} INFO - Sync 1 DAGs
[2026-05-24T15:52:49.777+0000] {logging_mixin.py:188} INFO - [2026-05-24T15:52:49.777+0000] {dag.py:3954} INFO - Setting next_dagrun for example_setup_teardown_taskflow to 2026-05-23 00:00:00+00:00, run_after=2026-05-24 00:00:00+00:00
[2026-05-24T15:52:49.795+0000] {processor.py:183} INFO - Processing /home/varn1t/ml-pipeline/venv/lib/python3.11/site-packages/airflow/example_dags/example_setup_teardown_taskflow.py took 0.052 seconds
[2026-05-24T15:54:01.387+0000] {processor.py:161} INFO - Started process (PID=8021) to work on /home/varn1t/ml-pipeline/venv/lib/python3.11/site-packages/airflow/example_dags/example_setup_teardown_taskflow.py
[2026-05-24T15:54:01.388+0000] {processor.py:830} INFO - Processing file /home/varn1t/ml-pipeline/venv/lib/python3.11/site-packages/airflow/example_dags/example_setup_teardown_taskflow.py for tasks to queue
[2026-05-24T15:54:01.389+0000] {logging_mixin.py:188} INFO - [2026-05-24T15:54:01.389+0000] {dagbag.py:545} INFO - Filling up the DagBag from /home/varn1t/ml-pipeline/venv/lib/python3.11/site-packages/airflow/example_dags/example_setup_teardown_taskflow.py
[2026-05-24T15:54:01.398+0000] {processor.py:840} INFO - DAG(s) 'example_setup_teardown_taskflow' retrieved from /home/varn1t/ml-pipeline/venv/lib/python3.11/site-packages/airflow/example_dags/example_setup_teardown_taskflow.py
[2026-05-24T15:54:01.412+0000] {logging_mixin.py:188} INFO - [2026-05-24T15:54:01.412+0000] {dag.py:3096} INFO - Sync 1 DAGs
[2026-05-24T15:54:01.428+0000] {logging_mixin.py:188} INFO - [2026-05-24T15:54:01.428+0000] {dag.py:3954} INFO - Setting next_dagrun for example_setup_teardown_taskflow to 2026-05-23 00:00:00+00:00, run_after=2026-05-24 00:00:00+00:00
[2026-05-24T15:54:01.444+0000] {processor.py:183} INFO - Processing /home/varn1t/ml-pipeline/venv/lib/python3.11/site-packages/airflow/example_dags/example_setup_teardown_taskflow.py took 0.062 seconds
[2026-05-24T15:55:08.357+0000] {processor.py:161} INFO - Started process (PID=8645) to work on /home/varn1t/ml-pipeline/venv/lib/python3.11/site-packages/airflow/example_dags/example_setup_teardown_taskflow.py
[2026-05-24T15:55:08.358+0000] {processor.py:830} INFO - Processing file /home/varn1t/ml-pipeline/venv/lib/python3.11/site-packages/airflow/example_dags/example_setup_teardown_taskflow.py for tasks to queue
[2026-05-24T15:55:08.359+0000] {logging_mixin.py:188} INFO - [2026-05-24T15:55:08.359+0000] {dagbag.py:545} INFO - Filling up the DagBag from /home/varn1t/ml-pipeline/venv/lib/python3.11/site-packages/airflow/example_dags/example_setup_teardown_taskflow.py
[2026-05-24T15:55:08.367+0000] {processor.py:840} INFO - DAG(s) 'example_setup_teardown_taskflow' retrieved from /home/varn1t/ml-pipeline/venv/lib/python3.11/site-packages/airflow/example_dags/example_setup_teardown_taskflow.py
[2026-05-24T15:55:08.379+0000] {logging_mixin.py:188} INFO - [2026-05-24T15:55:08.379+0000] {dag.py:3096} INFO - Sync 1 DAGs
[2026-05-24T15:55:08.392+0000] {logging_mixin.py:188} INFO - [2026-05-24T15:55:08.392+0000] {dag.py:3954} INFO - Setting next_dagrun for example_setup_teardown_taskflow to 2026-05-23 00:00:00+00:00, run_after=2026-05-24 00:00:00+00:00
[2026-05-24T15:55:08.411+0000] {processor.py:183} INFO - Processing /home/varn1t/ml-pipeline/venv/lib/python3.11/site-packages/airflow/example_dags/example_setup_teardown_taskflow.py took 0.059 seconds
[2026-05-24T15:56:15.383+0000] {processor.py:161} INFO - Started process (PID=9223) to work on /home/varn1t/ml-pipeline/venv/lib/python3.11/site-packages/airflow/example_dags/example_setup_teardown_taskflow.py
[2026-05-24T15:56:15.384+0000] {processor.py:830} INFO - Processing file /home/varn1t/ml-pipeline/venv/lib/python3.11/site-packages/airflow/example_dags/example_setup_teardown_taskflow.py for tasks to queue
[2026-05-24T15:56:15.385+0000] {logging_mixin.py:188} INFO - [2026-05-24T15:56:15.385+0000] {dagbag.py:545} INFO - Filling up the DagBag from /home/varn1t/ml-pipeline/venv/lib/python3.11/site-packages/airflow/example_dags/example_setup_teardown_taskflow.py
[2026-05-24T15:56:15.391+0000] {processor.py:840} INFO - DAG(s) 'example_setup_teardown_taskflow' retrieved from /home/varn1t/ml-pipeline/venv/lib/python3.11/site-packages/airflow/example_dags/example_setup_teardown_taskflow.py
[2026-05-24T15:56:15.403+0000] {logging_mixin.py:188} INFO - [2026-05-24T15:56:15.403+0000] {dag.py:3096} INFO - Sync 1 DAGs
[2026-05-24T15:56:15.416+0000] {logging_mixin.py:188} INFO - [2026-05-24T15:56:15.416+0000] {dag.py:3954} INFO - Setting next_dagrun for example_setup_teardown_taskflow to 2026-05-23 00:00:00+00:00, run_after=2026-05-24 00:00:00+00:00
[2026-05-24T15:56:15.434+0000] {processor.py:183} INFO - Processing /home/varn1t/ml-pipeline/venv/lib/python3.11/site-packages/airflow/example_dags/example_setup_teardown_taskflow.py took 0.055 seconds
[2026-05-24T15:57:23.698+0000] {processor.py:161} INFO - Started process (PID=10077) to work on /home/varn1t/ml-pipeline/venv/lib/python3.11/site-packages/airflow/example_dags/example_setup_teardown_taskflow.py
[2026-05-24T15:57:23.699+0000] {processor.py:830} INFO - Processing file /home/varn1t/ml-pipeline/venv/lib/python3.11/site-packages/airflow/example_dags/example_setup_teardown_taskflow.py for tasks to queue
[2026-05-24T15:57:23.700+0000] {logging_mixin.py:188} INFO - [2026-05-24T15:57:23.700+0000] {dagbag.py:545} INFO - Filling up the DagBag from /home/varn1t/ml-pipeline/venv/lib/python3.11/site-packages/airflow/example_dags/example_setup_teardown_taskflow.py
[2026-05-24T15:57:23.708+0000] {processor.py:840} INFO - DAG(s) 'example_setup_teardown_taskflow' retrieved from /home/varn1t/ml-pipeline/venv/lib/python3.11/site-packages/airflow/example_dags/example_setup_teardown_taskflow.py
[2026-05-24T15:57:23.721+0000] {logging_mixin.py:188} INFO - [2026-05-24T15:57:23.721+0000] {dag.py:3096} INFO - Sync 1 DAGs
[2026-05-24T15:57:23.735+0000] {logging_mixin.py:188} INFO - [2026-05-24T15:57:23.735+0000] {dag.py:3954} INFO - Setting next_dagrun for example_setup_teardown_taskflow to 2026-05-23 00:00:00+00:00, run_after=2026-05-24 00:00:00+00:00
[2026-05-24T15:57:23.756+0000] {processor.py:183} INFO - Processing /home/varn1t/ml-pipeline/venv/lib/python3.11/site-packages/airflow/example_dags/example_setup_teardown_taskflow.py took 0.063 seconds
[2026-05-24T15:58:33.149+0000] {processor.py:161} INFO - Started process (PID=10671) to work on /home/varn1t/ml-pipeline/venv/lib/python3.11/site-packages/airflow/example_dags/example_setup_teardown_taskflow.py
[2026-05-24T15:58:33.151+0000] {processor.py:830} INFO - Processing file /home/varn1t/ml-pipeline/venv/lib/python3.11/site-packages/airflow/example_dags/example_setup_teardown_taskflow.py for tasks to queue
[2026-05-24T15:58:33.154+0000] {logging_mixin.py:188} INFO - [2026-05-24T15:58:33.153+0000] {dagbag.py:545} INFO - Filling up the DagBag from /home/varn1t/ml-pipeline/venv/lib/python3.11/site-packages/airflow/example_dags/example_setup_teardown_taskflow.py
[2026-05-24T15:58:33.171+0000] {processor.py:840} INFO - DAG(s) 'example_setup_teardown_taskflow' retrieved from /home/varn1t/ml-pipeline/venv/lib/python3.11/site-packages/airflow/example_dags/example_setup_teardown_taskflow.py
[2026-05-24T15:58:33.196+0000] {logging_mixin.py:188} INFO - [2026-05-24T15:58:33.196+0000] {dag.py:3096} INFO - Sync 1 DAGs
[2026-05-24T15:58:33.238+0000] {logging_mixin.py:188} INFO - [2026-05-24T15:58:33.237+0000] {dag.py:3954} INFO - Setting next_dagrun for example_setup_teardown_taskflow to 2026-05-23 00:00:00+00:00, run_after=2026-05-24 00:00:00+00:00
[2026-05-24T15:58:33.280+0000] {processor.py:183} INFO - Processing /home/varn1t/ml-pipeline/venv/lib/python3.11/site-packages/airflow/example_dags/example_setup_teardown_taskflow.py took 0.141 seconds
[2026-05-24T15:59:25.214+0000] {processor.py:161} INFO - Started process (PID=11073) to work on /home/varn1t/ml-pipeline/venv/lib/python3.11/site-packages/airflow/example_dags/example_setup_teardown_taskflow.py
[2026-05-24T15:59:25.215+0000] {processor.py:830} INFO - Processing file /home/varn1t/ml-pipeline/venv/lib/python3.11/site-packages/airflow/example_dags/example_setup_teardown_taskflow.py for tasks to queue
[2026-05-24T15:59:25.216+0000] {logging_mixin.py:188} INFO - [2026-05-24T15:59:25.216+0000] {dagbag.py:545} INFO - Filling up the DagBag from /home/varn1t/ml-pipeline/venv/lib/python3.11/site-packages/airflow/example_dags/example_setup_teardown_taskflow.py
[2026-05-24T15:59:25.223+0000] {processor.py:840} INFO - DAG(s) 'example_setup_teardown_taskflow' retrieved from /home/varn1t/ml-pipeline/venv/lib/python3.11/site-packages/airflow/example_dags/example_setup_teardown_taskflow.py
[2026-05-24T15:59:25.236+0000] {logging_mixin.py:188} INFO - [2026-05-24T15:59:25.236+0000] {dag.py:3096} INFO - Sync 1 DAGs
[2026-05-24T15:59:25.250+0000] {logging_mixin.py:188} INFO - [2026-05-24T15:59:25.250+0000] {dag.py:3954} INFO - Setting next_dagrun for example_setup_teardown_taskflow to 2026-05-23 00:00:00+00:00, run_after=2026-05-24 00:00:00+00:00
[2026-05-24T15:59:25.264+0000] {processor.py:183} INFO - Processing /home/varn1t/ml-pipeline/venv/lib/python3.11/site-packages/airflow/example_dags/example_setup_teardown_taskflow.py took 0.057 seconds
[2026-05-24T16:00:30.086+0000] {processor.py:161} INFO - Started process (PID=11374) to work on /home/varn1t/ml-pipeline/venv/lib/python3.11/site-packages/airflow/example_dags/example_setup_teardown_taskflow.py
[2026-05-24T16:00:30.087+0000] {processor.py:830} INFO - Processing file /home/varn1t/ml-pipeline/venv/lib/python3.11/site-packages/airflow/example_dags/example_setup_teardown_taskflow.py for tasks to queue
[2026-05-24T16:00:30.088+0000] {logging_mixin.py:188} INFO - [2026-05-24T16:00:30.088+0000] {dagbag.py:545} INFO - Filling up the DagBag from /home/varn1t/ml-pipeline/venv/lib/python3.11/site-packages/airflow/example_dags/example_setup_teardown_taskflow.py
[2026-05-24T16:00:30.094+0000] {processor.py:840} INFO - DAG(s) 'example_setup_teardown_taskflow' retrieved from /home/varn1t/ml-pipeline/venv/lib/python3.11/site-packages/airflow/example_dags/example_setup_teardown_taskflow.py
[2026-05-24T16:00:30.106+0000] {logging_mixin.py:188} INFO - [2026-05-24T16:00:30.106+0000] {dag.py:3096} INFO - Sync 1 DAGs
[2026-05-24T16:00:30.119+0000] {logging_mixin.py:188} INFO - [2026-05-24T16:00:30.119+0000] {dag.py:3954} INFO - Setting next_dagrun for example_setup_teardown_taskflow to 2026-05-23 00:00:00+00:00, run_after=2026-05-24 00:00:00+00:00
[2026-05-24T16:00:30.133+0000] {processor.py:183} INFO - Processing /home/varn1t/ml-pipeline/venv/lib/python3.11/site-packages/airflow/example_dags/example_setup_teardown_taskflow.py took 0.051 seconds
[2026-05-24T16:01:30.211+0000] {processor.py:161} INFO - Started process (PID=11657) to work on /home/varn1t/ml-pipeline/venv/lib/python3.11/site-packages/airflow/example_dags/example_setup_teardown_taskflow.py
[2026-05-24T16:01:30.212+0000] {processor.py:830} INFO - Processing file /home/varn1t/ml-pipeline/venv/lib/python3.11/site-packages/airflow/example_dags/example_setup_teardown_taskflow.py for tasks to queue
[2026-05-24T16:01:30.213+0000] {logging_mixin.py:188} INFO - [2026-05-24T16:01:30.213+0000] {dagbag.py:545} INFO - Filling up the DagBag from /home/varn1t/ml-pipeline/venv/lib/python3.11/site-packages/airflow/example_dags/example_setup_teardown_taskflow.py
[2026-05-24T16:01:30.220+0000] {processor.py:840} INFO - DAG(s) 'example_setup_teardown_taskflow' retrieved from /home/varn1t/ml-pipeline/venv/lib/python3.11/site-packages/airflow/example_dags/example_setup_teardown_taskflow.py
[2026-05-24T16:01:30.231+0000] {logging_mixin.py:188} INFO - [2026-05-24T16:01:30.231+0000] {dag.py:3096} INFO - Sync 1 DAGs
[2026-05-24T16:01:30.243+0000] {logging_mixin.py:188} INFO - [2026-05-24T16:01:30.243+0000] {dag.py:3954} INFO - Setting next_dagrun for example_setup_teardown_taskflow to 2026-05-23 00:00:00+00:00, run_after=2026-05-24 00:00:00+00:00
[2026-05-24T16:01:30.261+0000] {processor.py:183} INFO - Processing /home/varn1t/ml-pipeline/venv/lib/python3.11/site-packages/airflow/example_dags/example_setup_teardown_taskflow.py took 0.055 seconds
[2026-05-24T16:04:04.664+0000] {processor.py:161} INFO - Started process (PID=14042) to work on /home/varn1t/ml-pipeline/venv/lib/python3.11/site-packages/airflow/example_dags/example_setup_teardown_taskflow.py
[2026-05-24T16:04:04.665+0000] {processor.py:830} INFO - Processing file /home/varn1t/ml-pipeline/venv/lib/python3.11/site-packages/airflow/example_dags/example_setup_teardown_taskflow.py for tasks to queue
[2026-05-24T16:04:04.667+0000] {logging_mixin.py:188} INFO - [2026-05-24T16:04:04.667+0000] {dagbag.py:545} INFO - Filling up the DagBag from /home/varn1t/ml-pipeline/venv/lib/python3.11/site-packages/airflow/example_dags/example_setup_teardown_taskflow.py
[2026-05-24T16:04:04.674+0000] {processor.py:840} INFO - DAG(s) 'example_setup_teardown_taskflow' retrieved from /home/varn1t/ml-pipeline/venv/lib/python3.11/site-packages/airflow/example_dags/example_setup_teardown_taskflow.py
[2026-05-24T16:04:04.686+0000] {logging_mixin.py:188} INFO - [2026-05-24T16:04:04.686+0000] {dag.py:3096} INFO - Sync 1 DAGs
[2026-05-24T16:04:04.697+0000] {logging_mixin.py:188} INFO - [2026-05-24T16:04:04.697+0000] {dag.py:3954} INFO - Setting next_dagrun for example_setup_teardown_taskflow to 2026-05-23 00:00:00+00:00, run_after=2026-05-24 00:00:00+00:00
[2026-05-24T16:04:04.714+0000] {processor.py:183} INFO - Processing /home/varn1t/ml-pipeline/venv/lib/python3.11/site-packages/airflow/example_dags/example_setup_teardown_taskflow.py took 0.054 seconds
[2026-05-24T16:05:11.331+0000] {processor.py:161} INFO - Started process (PID=14338) to work on /home/varn1t/ml-pipeline/venv/lib/python3.11/site-packages/airflow/example_dags/example_setup_teardown_taskflow.py
[2026-05-24T16:05:11.332+0000] {processor.py:830} INFO - Processing file /home/varn1t/ml-pipeline/venv/lib/python3.11/site-packages/airflow/example_dags/example_setup_teardown_taskflow.py for tasks to queue
[2026-05-24T16:05:11.333+0000] {logging_mixin.py:188} INFO - [2026-05-24T16:05:11.333+0000] {dagbag.py:545} INFO - Filling up the DagBag from /home/varn1t/ml-pipeline/venv/lib/python3.11/site-packages/airflow/example_dags/example_setup_teardown_taskflow.py
[2026-05-24T16:05:11.339+0000] {processor.py:840} INFO - DAG(s) 'example_setup_teardown_taskflow' retrieved from /home/varn1t/ml-pipeline/venv/lib/python3.11/site-packages/airflow/example_dags/example_setup_teardown_taskflow.py
[2026-05-24T16:05:11.351+0000] {logging_mixin.py:188} INFO - [2026-05-24T16:05:11.351+0000] {dag.py:3096} INFO - Sync 1 DAGs
[2026-05-24T16:05:11.363+0000] {logging_mixin.py:188} INFO - [2026-05-24T16:05:11.363+0000] {dag.py:3954} INFO - Setting next_dagrun for example_setup_teardown_taskflow to 2026-05-23 00:00:00+00:00, run_after=2026-05-24 00:00:00+00:00
[2026-05-24T16:05:11.378+0000] {processor.py:183} INFO - Processing /home/varn1t/ml-pipeline/venv/lib/python3.11/site-packages/airflow/example_dags/example_setup_teardown_taskflow.py took 0.054 seconds
[2026-05-24T16:06:13.550+0000] {processor.py:161} INFO - Started process (PID=14600) to work on /home/varn1t/ml-pipeline/venv/lib/python3.11/site-packages/airflow/example_dags/example_setup_teardown_taskflow.py
[2026-05-24T16:06:13.551+0000] {processor.py:830} INFO - Processing file /home/varn1t/ml-pipeline/venv/lib/python3.11/site-packages/airflow/example_dags/example_setup_teardown_taskflow.py for tasks to queue
[2026-05-24T16:06:13.553+0000] {logging_mixin.py:188} INFO - [2026-05-24T16:06:13.552+0000] {dagbag.py:545} INFO - Filling up the DagBag from /home/varn1t/ml-pipeline/venv/lib/python3.11/site-packages/airflow/example_dags/example_setup_teardown_taskflow.py
[2026-05-24T16:06:13.560+0000] {processor.py:840} INFO - DAG(s) 'example_setup_teardown_taskflow' retrieved from /home/varn1t/ml-pipeline/venv/lib/python3.11/site-packages/airflow/example_dags/example_setup_teardown_taskflow.py
[2026-05-24T16:06:13.573+0000] {logging_mixin.py:188} INFO - [2026-05-24T16:06:13.572+0000] {dag.py:3096} INFO - Sync 1 DAGs
[2026-05-24T16:06:13.587+0000] {logging_mixin.py:188} INFO - [2026-05-24T16:06:13.587+0000] {dag.py:3954} INFO - Setting next_dagrun for example_setup_teardown_taskflow to 2026-05-23 00:00:00+00:00, run_after=2026-05-24 00:00:00+00:00
[2026-05-24T16:06:13.605+0000] {processor.py:183} INFO - Processing /home/varn1t/ml-pipeline/venv/lib/python3.11/site-packages/airflow/example_dags/example_setup_teardown_taskflow.py took 0.060 seconds
[2026-05-24T16:07:13.322+0000] {processor.py:161} INFO - Started process (PID=14897) to work on /home/varn1t/ml-pipeline/venv/lib/python3.11/site-packages/airflow/example_dags/example_setup_teardown_taskflow.py
[2026-05-24T16:07:13.324+0000] {processor.py:830} INFO - Processing file /home/varn1t/ml-pipeline/venv/lib/python3.11/site-packages/airflow/example_dags/example_setup_teardown_taskflow.py for tasks to queue
[2026-05-24T16:07:13.325+0000] {logging_mixin.py:188} INFO - [2026-05-24T16:07:13.325+0000] {dagbag.py:545} INFO - Filling up the DagBag from /home/varn1t/ml-pipeline/venv/lib/python3.11/site-packages/airflow/example_dags/example_setup_teardown_taskflow.py
[2026-05-24T16:07:13.332+0000] {processor.py:840} INFO - DAG(s) 'example_setup_teardown_taskflow' retrieved from /home/varn1t/ml-pipeline/venv/lib/python3.11/site-packages/airflow/example_dags/example_setup_teardown_taskflow.py
[2026-05-24T16:07:13.344+0000] {logging_mixin.py:188} INFO - [2026-05-24T16:07:13.344+0000] {dag.py:3096} INFO - Sync 1 DAGs
[2026-05-24T16:07:13.357+0000] {logging_mixin.py:188} INFO - [2026-05-24T16:07:13.357+0000] {dag.py:3954} INFO - Setting next_dagrun for example_setup_teardown_taskflow to 2026-05-23 00:00:00+00:00, run_after=2026-05-24 00:00:00+00:00
[2026-05-24T16:07:13.373+0000] {processor.py:183} INFO - Processing /home/varn1t/ml-pipeline/venv/lib/python3.11/site-packages/airflow/example_dags/example_setup_teardown_taskflow.py took 0.055 seconds
[2026-05-24T16:08:13.971+0000] {processor.py:161} INFO - Started process (PID=15182) to work on /home/varn1t/ml-pipeline/venv/lib/python3.11/site-packages/airflow/example_dags/example_setup_teardown_taskflow.py
[2026-05-24T16:08:13.973+0000] {processor.py:830} INFO - Processing file /home/varn1t/ml-pipeline/venv/lib/python3.11/site-packages/airflow/example_dags/example_setup_teardown_taskflow.py for tasks to queue
[2026-05-24T16:08:13.974+0000] {logging_mixin.py:188} INFO - [2026-05-24T16:08:13.974+0000] {dagbag.py:545} INFO - Filling up the DagBag from /home/varn1t/ml-pipeline/venv/lib/python3.11/site-packages/airflow/example_dags/example_setup_teardown_taskflow.py
[2026-05-24T16:08:13.981+0000] {processor.py:840} INFO - DAG(s) 'example_setup_teardown_taskflow' retrieved from /home/varn1t/ml-pipeline/venv/lib/python3.11/site-packages/airflow/example_dags/example_setup_teardown_taskflow.py
[2026-05-24T16:08:13.993+0000] {logging_mixin.py:188} INFO - [2026-05-24T16:08:13.993+0000] {dag.py:3096} INFO - Sync 1 DAGs
[2026-05-24T16:08:14.006+0000] {logging_mixin.py:188} INFO - [2026-05-24T16:08:14.006+0000] {dag.py:3954} INFO - Setting next_dagrun for example_setup_teardown_taskflow to 2026-05-23 00:00:00+00:00, run_after=2026-05-24 00:00:00+00:00
[2026-05-24T16:08:14.024+0000] {processor.py:183} INFO - Processing /home/varn1t/ml-pipeline/venv/lib/python3.11/site-packages/airflow/example_dags/example_setup_teardown_taskflow.py took 0.059 seconds
[2026-05-24T16:09:21.251+0000] {processor.py:161} INFO - Started process (PID=15530) to work on /home/varn1t/ml-pipeline/venv/lib/python3.11/site-packages/airflow/example_dags/example_setup_teardown_taskflow.py
[2026-05-24T16:09:21.252+0000] {processor.py:830} INFO - Processing file /home/varn1t/ml-pipeline/venv/lib/python3.11/site-packages/airflow/example_dags/example_setup_teardown_taskflow.py for tasks to queue
[2026-05-24T16:09:21.253+0000] {logging_mixin.py:188} INFO - [2026-05-24T16:09:21.253+0000] {dagbag.py:545} INFO - Filling up the DagBag from /home/varn1t/ml-pipeline/venv/lib/python3.11/site-packages/airflow/example_dags/example_setup_teardown_taskflow.py
[2026-05-24T16:09:21.260+0000] {processor.py:840} INFO - DAG(s) 'example_setup_teardown_taskflow' retrieved from /home/varn1t/ml-pipeline/venv/lib/python3.11/site-packages/airflow/example_dags/example_setup_teardown_taskflow.py
[2026-05-24T16:09:21.271+0000] {logging_mixin.py:188} INFO - [2026-05-24T16:09:21.271+0000] {dag.py:3096} INFO - Sync 1 DAGs
[2026-05-24T16:09:21.282+0000] {logging_mixin.py:188} INFO - [2026-05-24T16:09:21.282+0000] {dag.py:3954} INFO - Setting next_dagrun for example_setup_teardown_taskflow to 2026-05-23 00:00:00+00:00, run_after=2026-05-24 00:00:00+00:00
[2026-05-24T16:09:21.296+0000] {processor.py:183} INFO - Processing /home/varn1t/ml-pipeline/venv/lib/python3.11/site-packages/airflow/example_dags/example_setup_teardown_taskflow.py took 0.050 seconds
[2026-05-24T16:10:24.566+0000] {processor.py:161} INFO - Started process (PID=15797) to work on /home/varn1t/ml-pipeline/venv/lib/python3.11/site-packages/airflow/example_dags/example_setup_teardown_taskflow.py
[2026-05-24T16:10:24.567+0000] {processor.py:830} INFO - Processing file /home/varn1t/ml-pipeline/venv/lib/python3.11/site-packages/airflow/example_dags/example_setup_teardown_taskflow.py for tasks to queue
[2026-05-24T16:10:24.569+0000] {logging_mixin.py:188} INFO - [2026-05-24T16:10:24.569+0000] {dagbag.py:545} INFO - Filling up the DagBag from /home/varn1t/ml-pipeline/venv/lib/python3.11/site-packages/airflow/example_dags/example_setup_teardown_taskflow.py
[2026-05-24T16:10:24.577+0000] {processor.py:840} INFO - DAG(s) 'example_setup_teardown_taskflow' retrieved from /home/varn1t/ml-pipeline/venv/lib/python3.11/site-packages/airflow/example_dags/example_setup_teardown_taskflow.py
[2026-05-24T16:10:24.591+0000] {logging_mixin.py:188} INFO - [2026-05-24T16:10:24.590+0000] {dag.py:3096} INFO - Sync 1 DAGs
[2026-05-24T16:10:24.604+0000] {logging_mixin.py:188} INFO - [2026-05-24T16:10:24.603+0000] {dag.py:3954} INFO - Setting next_dagrun for example_setup_teardown_taskflow to 2026-05-23 00:00:00+00:00, run_after=2026-05-24 00:00:00+00:00
[2026-05-24T16:10:24.622+0000] {processor.py:183} INFO - Processing /home/varn1t/ml-pipeline/venv/lib/python3.11/site-packages/airflow/example_dags/example_setup_teardown_taskflow.py took 0.062 seconds
[2026-05-24T16:11:30.389+0000] {processor.py:161} INFO - Started process (PID=16116) to work on /home/varn1t/ml-pipeline/venv/lib/python3.11/site-packages/airflow/example_dags/example_setup_teardown_taskflow.py
[2026-05-24T16:11:30.390+0000] {processor.py:830} INFO - Processing file /home/varn1t/ml-pipeline/venv/lib/python3.11/site-packages/airflow/example_dags/example_setup_teardown_taskflow.py for tasks to queue
[2026-05-24T16:11:30.391+0000] {logging_mixin.py:188} INFO - [2026-05-24T16:11:30.391+0000] {dagbag.py:545} INFO - Filling up the DagBag from /home/varn1t/ml-pipeline/venv/lib/python3.11/site-packages/airflow/example_dags/example_setup_teardown_taskflow.py
[2026-05-24T16:11:30.397+0000] {processor.py:840} INFO - DAG(s) 'example_setup_teardown_taskflow' retrieved from /home/varn1t/ml-pipeline/venv/lib/python3.11/site-packages/airflow/example_dags/example_setup_teardown_taskflow.py
[2026-05-24T16:11:30.413+0000] {logging_mixin.py:188} INFO - [2026-05-24T16:11:30.412+0000] {dag.py:3096} INFO - Sync 1 DAGs
[2026-05-24T16:11:30.428+0000] {logging_mixin.py:188} INFO - [2026-05-24T16:11:30.428+0000] {dag.py:3954} INFO - Setting next_dagrun for example_setup_teardown_taskflow to 2026-05-23 00:00:00+00:00, run_after=2026-05-24 00:00:00+00:00
[2026-05-24T16:11:30.452+0000] {processor.py:183} INFO - Processing /home/varn1t/ml-pipeline/venv/lib/python3.11/site-packages/airflow/example_dags/example_setup_teardown_taskflow.py took 0.067 seconds
[2026-05-24T16:12:36.609+0000] {processor.py:161} INFO - Started process (PID=16392) to work on /home/varn1t/ml-pipeline/venv/lib/python3.11/site-packages/airflow/example_dags/example_setup_teardown_taskflow.py
[2026-05-24T16:12:36.610+0000] {processor.py:830} INFO - Processing file /home/varn1t/ml-pipeline/venv/lib/python3.11/site-packages/airflow/example_dags/example_setup_teardown_taskflow.py for tasks to queue
[2026-05-24T16:12:36.612+0000] {logging_mixin.py:188} INFO - [2026-05-24T16:12:36.611+0000] {dagbag.py:545} INFO - Filling up the DagBag from /home/varn1t/ml-pipeline/venv/lib/python3.11/site-packages/airflow/example_dags/example_setup_teardown_taskflow.py
[2026-05-24T16:12:36.620+0000] {processor.py:840} INFO - DAG(s) 'example_setup_teardown_taskflow' retrieved from /home/varn1t/ml-pipeline/venv/lib/python3.11/site-packages/airflow/example_dags/example_setup_teardown_taskflow.py
[2026-05-24T16:12:36.634+0000] {logging_mixin.py:188} INFO - [2026-05-24T16:12:36.633+0000] {dag.py:3096} INFO - Sync 1 DAGs
[2026-05-24T16:12:36.647+0000] {logging_mixin.py:188} INFO - [2026-05-24T16:12:36.647+0000] {dag.py:3954} INFO - Setting next_dagrun for example_setup_teardown_taskflow to 2026-05-23 00:00:00+00:00, run_after=2026-05-24 00:00:00+00:00
[2026-05-24T16:12:36.667+0000] {processor.py:183} INFO - Processing /home/varn1t/ml-pipeline/venv/lib/python3.11/site-packages/airflow/example_dags/example_setup_teardown_taskflow.py took 0.064 seconds
[2026-05-24T16:13:39.112+0000] {processor.py:161} INFO - Started process (PID=16672) to work on /home/varn1t/ml-pipeline/venv/lib/python3.11/site-packages/airflow/example_dags/example_setup_teardown_taskflow.py
[2026-05-24T16:13:39.113+0000] {processor.py:830} INFO - Processing file /home/varn1t/ml-pipeline/venv/lib/python3.11/site-packages/airflow/example_dags/example_setup_teardown_taskflow.py for tasks to queue
[2026-05-24T16:13:39.114+0000] {logging_mixin.py:188} INFO - [2026-05-24T16:13:39.114+0000] {dagbag.py:545} INFO - Filling up the DagBag from /home/varn1t/ml-pipeline/venv/lib/python3.11/site-packages/airflow/example_dags/example_setup_teardown_taskflow.py
[2026-05-24T16:13:39.121+0000] {processor.py:840} INFO - DAG(s) 'example_setup_teardown_taskflow' retrieved from /home/varn1t/ml-pipeline/venv/lib/python3.11/site-packages/airflow/example_dags/example_setup_teardown_taskflow.py
[2026-05-24T16:13:39.132+0000] {logging_mixin.py:188} INFO - [2026-05-24T16:13:39.132+0000] {dag.py:3096} INFO - Sync 1 DAGs
[2026-05-24T16:13:39.144+0000] {logging_mixin.py:188} INFO - [2026-05-24T16:13:39.143+0000] {dag.py:3954} INFO - Setting next_dagrun for example_setup_teardown_taskflow to 2026-05-23 00:00:00+00:00, run_after=2026-05-24 00:00:00+00:00
[2026-05-24T16:13:39.160+0000] {processor.py:183} INFO - Processing /home/varn1t/ml-pipeline/venv/lib/python3.11/site-packages/airflow/example_dags/example_setup_teardown_taskflow.py took 0.053 seconds
[2026-05-24T16:14:44.127+0000] {processor.py:161} INFO - Started process (PID=16950) to work on /home/varn1t/ml-pipeline/venv/lib/python3.11/site-packages/airflow/example_dags/example_setup_teardown_taskflow.py
[2026-05-24T16:14:44.127+0000] {processor.py:830} INFO - Processing file /home/varn1t/ml-pipeline/venv/lib/python3.11/site-packages/airflow/example_dags/example_setup_teardown_taskflow.py for tasks to queue
[2026-05-24T16:14:44.129+0000] {logging_mixin.py:188} INFO - [2026-05-24T16:14:44.129+0000] {dagbag.py:545} INFO - Filling up the DagBag from /home/varn1t/ml-pipeline/venv/lib/python3.11/site-packages/airflow/example_dags/example_setup_teardown_taskflow.py
[2026-05-24T16:14:44.136+0000] {processor.py:840} INFO - DAG(s) 'example_setup_teardown_taskflow' retrieved from /home/varn1t/ml-pipeline/venv/lib/python3.11/site-packages/airflow/example_dags/example_setup_teardown_taskflow.py
[2026-05-24T16:14:44.151+0000] {logging_mixin.py:188} INFO - [2026-05-24T16:14:44.151+0000] {dag.py:3096} INFO - Sync 1 DAGs
[2026-05-24T16:14:44.165+0000] {logging_mixin.py:188} INFO - [2026-05-24T16:14:44.164+0000] {dag.py:3954} INFO - Setting next_dagrun for example_setup_teardown_taskflow to 2026-05-23 00:00:00+00:00, run_after=2026-05-24 00:00:00+00:00
[2026-05-24T16:14:44.182+0000] {processor.py:183} INFO - Processing /home/varn1t/ml-pipeline/venv/lib/python3.11/site-packages/airflow/example_dags/example_setup_teardown_taskflow.py took 0.059 seconds
[2026-05-24T16:15:47.629+0000] {processor.py:161} INFO - Started process (PID=17233) to work on /home/varn1t/ml-pipeline/venv/lib/python3.11/site-packages/airflow/example_dags/example_setup_teardown_taskflow.py
[2026-05-24T16:15:47.630+0000] {processor.py:830} INFO - Processing file /home/varn1t/ml-pipeline/venv/lib/python3.11/site-packages/airflow/example_dags/example_setup_teardown_taskflow.py for tasks to queue
[2026-05-24T16:15:47.631+0000] {logging_mixin.py:188} INFO - [2026-05-24T16:15:47.631+0000] {dagbag.py:545} INFO - Filling up the DagBag from /home/varn1t/ml-pipeline/venv/lib/python3.11/site-packages/airflow/example_dags/example_setup_teardown_taskflow.py
[2026-05-24T16:15:47.639+0000] {processor.py:840} INFO - DAG(s) 'example_setup_teardown_taskflow' retrieved from /home/varn1t/ml-pipeline/venv/lib/python3.11/site-packages/airflow/example_dags/example_setup_teardown_taskflow.py
[2026-05-24T16:15:47.655+0000] {logging_mixin.py:188} INFO - [2026-05-24T16:15:47.655+0000] {dag.py:3096} INFO - Sync 1 DAGs
[2026-05-24T16:15:47.669+0000] {logging_mixin.py:188} INFO - [2026-05-24T16:15:47.669+0000] {dag.py:3954} INFO - Setting next_dagrun for example_setup_teardown_taskflow to 2026-05-23 00:00:00+00:00, run_after=2026-05-24 00:00:00+00:00
[2026-05-24T16:15:47.687+0000] {processor.py:183} INFO - Processing /home/varn1t/ml-pipeline/venv/lib/python3.11/site-packages/airflow/example_dags/example_setup_teardown_taskflow.py took 0.062 seconds
[2026-05-24T16:16:50.297+0000] {processor.py:161} INFO - Started process (PID=17523) to work on /home/varn1t/ml-pipeline/venv/lib/python3.11/site-packages/airflow/example_dags/example_setup_teardown_taskflow.py
[2026-05-24T16:16:50.297+0000] {processor.py:830} INFO - Processing file /home/varn1t/ml-pipeline/venv/lib/python3.11/site-packages/airflow/example_dags/example_setup_teardown_taskflow.py for tasks to queue
[2026-05-24T16:16:50.299+0000] {logging_mixin.py:188} INFO - [2026-05-24T16:16:50.298+0000] {dagbag.py:545} INFO - Filling up the DagBag from /home/varn1t/ml-pipeline/venv/lib/python3.11/site-packages/airflow/example_dags/example_setup_teardown_taskflow.py
[2026-05-24T16:16:50.304+0000] {processor.py:840} INFO - DAG(s) 'example_setup_teardown_taskflow' retrieved from /home/varn1t/ml-pipeline/venv/lib/python3.11/site-packages/airflow/example_dags/example_setup_teardown_taskflow.py
[2026-05-24T16:16:50.314+0000] {logging_mixin.py:188} INFO - [2026-05-24T16:16:50.314+0000] {dag.py:3096} INFO - Sync 1 DAGs
[2026-05-24T16:16:50.324+0000] {logging_mixin.py:188} INFO - [2026-05-24T16:16:50.324+0000] {dag.py:3954} INFO - Setting next_dagrun for example_setup_teardown_taskflow to 2026-05-23 00:00:00+00:00, run_after=2026-05-24 00:00:00+00:00
[2026-05-24T16:16:50.338+0000] {processor.py:183} INFO - Processing /home/varn1t/ml-pipeline/venv/lib/python3.11/site-packages/airflow/example_dags/example_setup_teardown_taskflow.py took 0.045 seconds
[2026-05-24T16:17:50.597+0000] {processor.py:161} INFO - Started process (PID=17945) to work on /home/varn1t/ml-pipeline/venv/lib/python3.11/site-packages/airflow/example_dags/example_setup_teardown_taskflow.py
[2026-05-24T16:17:50.598+0000] {processor.py:830} INFO - Processing file /home/varn1t/ml-pipeline/venv/lib/python3.11/site-packages/airflow/example_dags/example_setup_teardown_taskflow.py for tasks to queue
[2026-05-24T16:17:50.600+0000] {logging_mixin.py:188} INFO - [2026-05-24T16:17:50.600+0000] {dagbag.py:545} INFO - Filling up the DagBag from /home/varn1t/ml-pipeline/venv/lib/python3.11/site-packages/airflow/example_dags/example_setup_teardown_taskflow.py
[2026-05-24T16:17:50.609+0000] {processor.py:840} INFO - DAG(s) 'example_setup_teardown_taskflow' retrieved from /home/varn1t/ml-pipeline/venv/lib/python3.11/site-packages/airflow/example_dags/example_setup_teardown_taskflow.py
[2026-05-24T16:17:50.625+0000] {logging_mixin.py:188} INFO - [2026-05-24T16:17:50.625+0000] {dag.py:3096} INFO - Sync 1 DAGs
[2026-05-24T16:17:50.641+0000] {logging_mixin.py:188} INFO - [2026-05-24T16:17:50.640+0000] {dag.py:3954} INFO - Setting next_dagrun for example_setup_teardown_taskflow to 2026-05-23 00:00:00+00:00, run_after=2026-05-24 00:00:00+00:00
[2026-05-24T16:17:50.660+0000] {processor.py:183} INFO - Processing /home/varn1t/ml-pipeline/venv/lib/python3.11/site-packages/airflow/example_dags/example_setup_teardown_taskflow.py took 0.068 seconds
[2026-05-24T16:18:52.643+0000] {processor.py:161} INFO - Started process (PID=18526) to work on /home/varn1t/ml-pipeline/venv/lib/python3.11/site-packages/airflow/example_dags/example_setup_teardown_taskflow.py
[2026-05-24T16:18:52.644+0000] {processor.py:830} INFO - Processing file /home/varn1t/ml-pipeline/venv/lib/python3.11/site-packages/airflow/example_dags/example_setup_teardown_taskflow.py for tasks to queue
[2026-05-24T16:18:52.645+0000] {logging_mixin.py:188} INFO - [2026-05-24T16:18:52.645+0000] {dagbag.py:545} INFO - Filling up the DagBag from /home/varn1t/ml-pipeline/venv/lib/python3.11/site-packages/airflow/example_dags/example_setup_teardown_taskflow.py
[2026-05-24T16:18:52.651+0000] {processor.py:840} INFO - DAG(s) 'example_setup_teardown_taskflow' retrieved from /home/varn1t/ml-pipeline/venv/lib/python3.11/site-packages/airflow/example_dags/example_setup_teardown_taskflow.py
[2026-05-24T16:18:52.661+0000] {logging_mixin.py:188} INFO - [2026-05-24T16:18:52.661+0000] {dag.py:3096} INFO - Sync 1 DAGs
[2026-05-24T16:18:52.672+0000] {logging_mixin.py:188} INFO - [2026-05-24T16:18:52.672+0000] {dag.py:3954} INFO - Setting next_dagrun for example_setup_teardown_taskflow to 2026-05-23 00:00:00+00:00, run_after=2026-05-24 00:00:00+00:00
[2026-05-24T16:18:52.684+0000] {processor.py:183} INFO - Processing /home/varn1t/ml-pipeline/venv/lib/python3.11/site-packages/airflow/example_dags/example_setup_teardown_taskflow.py took 0.045 seconds
[2026-05-24T16:19:58.111+0000] {processor.py:161} INFO - Started process (PID=18905) to work on /home/varn1t/ml-pipeline/venv/lib/python3.11/site-packages/airflow/example_dags/example_setup_teardown_taskflow.py
[2026-05-24T16:19:58.112+0000] {processor.py:830} INFO - Processing file /home/varn1t/ml-pipeline/venv/lib/python3.11/site-packages/airflow/example_dags/example_setup_teardown_taskflow.py for tasks to queue
[2026-05-24T16:19:58.113+0000] {logging_mixin.py:188} INFO - [2026-05-24T16:19:58.113+0000] {dagbag.py:545} INFO - Filling up the DagBag from /home/varn1t/ml-pipeline/venv/lib/python3.11/site-packages/airflow/example_dags/example_setup_teardown_taskflow.py
[2026-05-24T16:19:58.120+0000] {processor.py:840} INFO - DAG(s) 'example_setup_teardown_taskflow' retrieved from /home/varn1t/ml-pipeline/venv/lib/python3.11/site-packages/airflow/example_dags/example_setup_teardown_taskflow.py
[2026-05-24T16:19:58.130+0000] {logging_mixin.py:188} INFO - [2026-05-24T16:19:58.130+0000] {dag.py:3096} INFO - Sync 1 DAGs
[2026-05-24T16:19:58.147+0000] {logging_mixin.py:188} INFO - [2026-05-24T16:19:58.147+0000] {dag.py:3954} INFO - Setting next_dagrun for example_setup_teardown_taskflow to 2026-05-23 00:00:00+00:00, run_after=2026-05-24 00:00:00+00:00
[2026-05-24T16:19:58.162+0000] {processor.py:183} INFO - Processing /home/varn1t/ml-pipeline/venv/lib/python3.11/site-packages/airflow/example_dags/example_setup_teardown_taskflow.py took 0.056 seconds
[2026-05-24T16:21:04.037+0000] {processor.py:161} INFO - Started process (PID=19596) to work on /home/varn1t/ml-pipeline/venv/lib/python3.11/site-packages/airflow/example_dags/example_setup_teardown_taskflow.py
[2026-05-24T16:21:04.038+0000] {processor.py:830} INFO - Processing file /home/varn1t/ml-pipeline/venv/lib/python3.11/site-packages/airflow/example_dags/example_setup_teardown_taskflow.py for tasks to queue
[2026-05-24T16:21:04.039+0000] {logging_mixin.py:188} INFO - [2026-05-24T16:21:04.039+0000] {dagbag.py:545} INFO - Filling up the DagBag from /home/varn1t/ml-pipeline/venv/lib/python3.11/site-packages/airflow/example_dags/example_setup_teardown_taskflow.py
[2026-05-24T16:21:04.045+0000] {processor.py:840} INFO - DAG(s) 'example_setup_teardown_taskflow' retrieved from /home/varn1t/ml-pipeline/venv/lib/python3.11/site-packages/airflow/example_dags/example_setup_teardown_taskflow.py
[2026-05-24T16:21:04.054+0000] {logging_mixin.py:188} INFO - [2026-05-24T16:21:04.054+0000] {dag.py:3096} INFO - Sync 1 DAGs
[2026-05-24T16:21:04.065+0000] {logging_mixin.py:188} INFO - [2026-05-24T16:21:04.065+0000] {dag.py:3954} INFO - Setting next_dagrun for example_setup_teardown_taskflow to 2026-05-23 00:00:00+00:00, run_after=2026-05-24 00:00:00+00:00
[2026-05-24T16:21:04.079+0000] {processor.py:183} INFO - Processing /home/varn1t/ml-pipeline/venv/lib/python3.11/site-packages/airflow/example_dags/example_setup_teardown_taskflow.py took 0.046 seconds
[2026-05-24T16:22:03.955+0000] {processor.py:161} INFO - Started process (PID=19926) to work on /home/varn1t/ml-pipeline/venv/lib/python3.11/site-packages/airflow/example_dags/example_setup_teardown_taskflow.py
[2026-05-24T16:22:03.956+0000] {processor.py:830} INFO - Processing file /home/varn1t/ml-pipeline/venv/lib/python3.11/site-packages/airflow/example_dags/example_setup_teardown_taskflow.py for tasks to queue
[2026-05-24T16:22:03.957+0000] {logging_mixin.py:188} INFO - [2026-05-24T16:22:03.957+0000] {dagbag.py:545} INFO - Filling up the DagBag from /home/varn1t/ml-pipeline/venv/lib/python3.11/site-packages/airflow/example_dags/example_setup_teardown_taskflow.py
[2026-05-24T16:22:03.964+0000] {processor.py:840} INFO - DAG(s) 'example_setup_teardown_taskflow' retrieved from /home/varn1t/ml-pipeline/venv/lib/python3.11/site-packages/airflow/example_dags/example_setup_teardown_taskflow.py
[2026-05-24T16:22:03.977+0000] {logging_mixin.py:188} INFO - [2026-05-24T16:22:03.977+0000] {dag.py:3096} INFO - Sync 1 DAGs
[2026-05-24T16:22:03.992+0000] {logging_mixin.py:188} INFO - [2026-05-24T16:22:03.992+0000] {dag.py:3954} INFO - Setting next_dagrun for example_setup_teardown_taskflow to 2026-05-23 00:00:00+00:00, run_after=2026-05-24 00:00:00+00:00
[2026-05-24T16:22:04.010+0000] {processor.py:183} INFO - Processing /home/varn1t/ml-pipeline/venv/lib/python3.11/site-packages/airflow/example_dags/example_setup_teardown_taskflow.py took 0.060 seconds
[2026-05-24T16:23:06.319+0000] {processor.py:161} INFO - Started process (PID=20244) to work on /home/varn1t/ml-pipeline/venv/lib/python3.11/site-packages/airflow/example_dags/example_setup_teardown_taskflow.py
[2026-05-24T16:23:06.320+0000] {processor.py:830} INFO - Processing file /home/varn1t/ml-pipeline/venv/lib/python3.11/site-packages/airflow/example_dags/example_setup_teardown_taskflow.py for tasks to queue
[2026-05-24T16:23:06.321+0000] {logging_mixin.py:188} INFO - [2026-05-24T16:23:06.321+0000] {dagbag.py:545} INFO - Filling up the DagBag from /home/varn1t/ml-pipeline/venv/lib/python3.11/site-packages/airflow/example_dags/example_setup_teardown_taskflow.py
[2026-05-24T16:23:06.329+0000] {processor.py:840} INFO - DAG(s) 'example_setup_teardown_taskflow' retrieved from /home/varn1t/ml-pipeline/venv/lib/python3.11/site-packages/airflow/example_dags/example_setup_teardown_taskflow.py
[2026-05-24T16:23:06.341+0000] {logging_mixin.py:188} INFO - [2026-05-24T16:23:06.341+0000] {dag.py:3096} INFO - Sync 1 DAGs
[2026-05-24T16:23:06.354+0000] {logging_mixin.py:188} INFO - [2026-05-24T16:23:06.354+0000] {dag.py:3954} INFO - Setting next_dagrun for example_setup_teardown_taskflow to 2026-05-23 00:00:00+00:00, run_after=2026-05-24 00:00:00+00:00
[2026-05-24T16:23:06.369+0000] {processor.py:183} INFO - Processing /home/varn1t/ml-pipeline/venv/lib/python3.11/site-packages/airflow/example_dags/example_setup_teardown_taskflow.py took 0.054 seconds
[2026-05-24T16:24:08.241+0000] {processor.py:161} INFO - Started process (PID=20520) to work on /home/varn1t/ml-pipeline/venv/lib/python3.11/site-packages/airflow/example_dags/example_setup_teardown_taskflow.py
[2026-05-24T16:24:08.242+0000] {processor.py:830} INFO - Processing file /home/varn1t/ml-pipeline/venv/lib/python3.11/site-packages/airflow/example_dags/example_setup_teardown_taskflow.py for tasks to queue
[2026-05-24T16:24:08.243+0000] {logging_mixin.py:188} INFO - [2026-05-24T16:24:08.243+0000] {dagbag.py:545} INFO - Filling up the DagBag from /home/varn1t/ml-pipeline/venv/lib/python3.11/site-packages/airflow/example_dags/example_setup_teardown_taskflow.py
[2026-05-24T16:24:08.252+0000] {processor.py:840} INFO - DAG(s) 'example_setup_teardown_taskflow' retrieved from /home/varn1t/ml-pipeline/venv/lib/python3.11/site-packages/airflow/example_dags/example_setup_teardown_taskflow.py
[2026-05-24T16:24:08.266+0000] {logging_mixin.py:188} INFO - [2026-05-24T16:24:08.266+0000] {dag.py:3096} INFO - Sync 1 DAGs
[2026-05-24T16:24:08.281+0000] {logging_mixin.py:188} INFO - [2026-05-24T16:24:08.281+0000] {dag.py:3954} INFO - Setting next_dagrun for example_setup_teardown_taskflow to 2026-05-23 00:00:00+00:00, run_after=2026-05-24 00:00:00+00:00
[2026-05-24T16:24:08.301+0000] {processor.py:183} INFO - Processing /home/varn1t/ml-pipeline/venv/lib/python3.11/site-packages/airflow/example_dags/example_setup_teardown_taskflow.py took 0.065 seconds
[2026-05-24T16:25:14.856+0000] {processor.py:161} INFO - Started process (PID=20854) to work on /home/varn1t/ml-pipeline/venv/lib/python3.11/site-packages/airflow/example_dags/example_setup_teardown_taskflow.py
[2026-05-24T16:25:14.857+0000] {processor.py:830} INFO - Processing file /home/varn1t/ml-pipeline/venv/lib/python3.11/site-packages/airflow/example_dags/example_setup_teardown_taskflow.py for tasks to queue
[2026-05-24T16:25:14.858+0000] {logging_mixin.py:188} INFO - [2026-05-24T16:25:14.858+0000] {dagbag.py:545} INFO - Filling up the DagBag from /home/varn1t/ml-pipeline/venv/lib/python3.11/site-packages/airflow/example_dags/example_setup_teardown_taskflow.py
[2026-05-24T16:25:14.866+0000] {processor.py:840} INFO - DAG(s) 'example_setup_teardown_taskflow' retrieved from /home/varn1t/ml-pipeline/venv/lib/python3.11/site-packages/airflow/example_dags/example_setup_teardown_taskflow.py
[2026-05-24T16:25:14.880+0000] {logging_mixin.py:188} INFO - [2026-05-24T16:25:14.880+0000] {dag.py:3096} INFO - Sync 1 DAGs
[2026-05-24T16:25:14.894+0000] {logging_mixin.py:188} INFO - [2026-05-24T16:25:14.894+0000] {dag.py:3954} INFO - Setting next_dagrun for example_setup_teardown_taskflow to 2026-05-23 00:00:00+00:00, run_after=2026-05-24 00:00:00+00:00
[2026-05-24T16:25:14.911+0000] {processor.py:183} INFO - Processing /home/varn1t/ml-pipeline/venv/lib/python3.11/site-packages/airflow/example_dags/example_setup_teardown_taskflow.py took 0.060 seconds
[2026-05-24T16:26:19.443+0000] {processor.py:161} INFO - Started process (PID=21216) to work on /home/varn1t/ml-pipeline/venv/lib/python3.11/site-packages/airflow/example_dags/example_setup_teardown_taskflow.py
[2026-05-24T16:26:19.444+0000] {processor.py:830} INFO - Processing file /home/varn1t/ml-pipeline/venv/lib/python3.11/site-packages/airflow/example_dags/example_setup_teardown_taskflow.py for tasks to queue
[2026-05-24T16:26:19.445+0000] {logging_mixin.py:188} INFO - [2026-05-24T16:26:19.445+0000] {dagbag.py:545} INFO - Filling up the DagBag from /home/varn1t/ml-pipeline/venv/lib/python3.11/site-packages/airflow/example_dags/example_setup_teardown_taskflow.py
[2026-05-24T16:26:19.451+0000] {processor.py:840} INFO - DAG(s) 'example_setup_teardown_taskflow' retrieved from /home/varn1t/ml-pipeline/venv/lib/python3.11/site-packages/airflow/example_dags/example_setup_teardown_taskflow.py
[2026-05-24T16:26:19.461+0000] {logging_mixin.py:188} INFO - [2026-05-24T16:26:19.461+0000] {dag.py:3096} INFO - Sync 1 DAGs
[2026-05-24T16:26:19.472+0000] {logging_mixin.py:188} INFO - [2026-05-24T16:26:19.472+0000] {dag.py:3954} INFO - Setting next_dagrun for example_setup_teardown_taskflow to 2026-05-23 00:00:00+00:00, run_after=2026-05-24 00:00:00+00:00
[2026-05-24T16:26:19.490+0000] {processor.py:183} INFO - Processing /home/varn1t/ml-pipeline/venv/lib/python3.11/site-packages/airflow/example_dags/example_setup_teardown_taskflow.py took 0.052 seconds
[2026-05-24T16:27:25.376+0000] {processor.py:161} INFO - Started process (PID=21686) to work on /home/varn1t/ml-pipeline/venv/lib/python3.11/site-packages/airflow/example_dags/example_setup_teardown_taskflow.py
[2026-05-24T16:27:25.377+0000] {processor.py:830} INFO - Processing file /home/varn1t/ml-pipeline/venv/lib/python3.11/site-packages/airflow/example_dags/example_setup_teardown_taskflow.py for tasks to queue
[2026-05-24T16:27:25.378+0000] {logging_mixin.py:188} INFO - [2026-05-24T16:27:25.378+0000] {dagbag.py:545} INFO - Filling up the DagBag from /home/varn1t/ml-pipeline/venv/lib/python3.11/site-packages/airflow/example_dags/example_setup_teardown_taskflow.py
[2026-05-24T16:27:25.385+0000] {processor.py:840} INFO - DAG(s) 'example_setup_teardown_taskflow' retrieved from /home/varn1t/ml-pipeline/venv/lib/python3.11/site-packages/airflow/example_dags/example_setup_teardown_taskflow.py
[2026-05-24T16:27:25.397+0000] {logging_mixin.py:188} INFO - [2026-05-24T16:27:25.397+0000] {dag.py:3096} INFO - Sync 1 DAGs
[2026-05-24T16:27:25.408+0000] {logging_mixin.py:188} INFO - [2026-05-24T16:27:25.408+0000] {dag.py:3954} INFO - Setting next_dagrun for example_setup_teardown_taskflow to 2026-05-23 00:00:00+00:00, run_after=2026-05-24 00:00:00+00:00
[2026-05-24T16:27:25.426+0000] {processor.py:183} INFO - Processing /home/varn1t/ml-pipeline/venv/lib/python3.11/site-packages/airflow/example_dags/example_setup_teardown_taskflow.py took 0.054 seconds
[2026-05-24T16:28:29.770+0000] {processor.py:161} INFO - Started process (PID=22372) to work on /home/varn1t/ml-pipeline/venv/lib/python3.11/site-packages/airflow/example_dags/example_setup_teardown_taskflow.py
[2026-05-24T16:28:29.771+0000] {processor.py:830} INFO - Processing file /home/varn1t/ml-pipeline/venv/lib/python3.11/site-packages/airflow/example_dags/example_setup_teardown_taskflow.py for tasks to queue
[2026-05-24T16:28:29.772+0000] {logging_mixin.py:188} INFO - [2026-05-24T16:28:29.772+0000] {dagbag.py:545} INFO - Filling up the DagBag from /home/varn1t/ml-pipeline/venv/lib/python3.11/site-packages/airflow/example_dags/example_setup_teardown_taskflow.py
[2026-05-24T16:28:29.780+0000] {processor.py:840} INFO - DAG(s) 'example_setup_teardown_taskflow' retrieved from /home/varn1t/ml-pipeline/venv/lib/python3.11/site-packages/airflow/example_dags/example_setup_teardown_taskflow.py
[2026-05-24T16:28:29.794+0000] {logging_mixin.py:188} INFO - [2026-05-24T16:28:29.794+0000] {dag.py:3096} INFO - Sync 1 DAGs
[2026-05-24T16:28:29.805+0000] {logging_mixin.py:188} INFO - [2026-05-24T16:28:29.805+0000] {dag.py:3954} INFO - Setting next_dagrun for example_setup_teardown_taskflow to 2026-05-23 00:00:00+00:00, run_after=2026-05-24 00:00:00+00:00
[2026-05-24T16:28:29.823+0000] {processor.py:183} INFO - Processing /home/varn1t/ml-pipeline/venv/lib/python3.11/site-packages/airflow/example_dags/example_setup_teardown_taskflow.py took 0.057 seconds
[2026-05-24T16:29:32.531+0000] {processor.py:161} INFO - Started process (PID=22634) to work on /home/varn1t/ml-pipeline/venv/lib/python3.11/site-packages/airflow/example_dags/example_setup_teardown_taskflow.py
[2026-05-24T16:29:32.532+0000] {processor.py:830} INFO - Processing file /home/varn1t/ml-pipeline/venv/lib/python3.11/site-packages/airflow/example_dags/example_setup_teardown_taskflow.py for tasks to queue
[2026-05-24T16:29:32.534+0000] {logging_mixin.py:188} INFO - [2026-05-24T16:29:32.534+0000] {dagbag.py:545} INFO - Filling up the DagBag from /home/varn1t/ml-pipeline/venv/lib/python3.11/site-packages/airflow/example_dags/example_setup_teardown_taskflow.py
[2026-05-24T16:29:32.543+0000] {processor.py:840} INFO - DAG(s) 'example_setup_teardown_taskflow' retrieved from /home/varn1t/ml-pipeline/venv/lib/python3.11/site-packages/airflow/example_dags/example_setup_teardown_taskflow.py
[2026-05-24T16:29:32.556+0000] {logging_mixin.py:188} INFO - [2026-05-24T16:29:32.556+0000] {dag.py:3096} INFO - Sync 1 DAGs
[2026-05-24T16:29:32.568+0000] {logging_mixin.py:188} INFO - [2026-05-24T16:29:32.568+0000] {dag.py:3954} INFO - Setting next_dagrun for example_setup_teardown_taskflow to 2026-05-23 00:00:00+00:00, run_after=2026-05-24 00:00:00+00:00
[2026-05-24T16:29:32.587+0000] {processor.py:183} INFO - Processing /home/varn1t/ml-pipeline/venv/lib/python3.11/site-packages/airflow/example_dags/example_setup_teardown_taskflow.py took 0.062 seconds
[2026-05-24T16:30:40.815+0000] {processor.py:161} INFO - Started process (PID=22969) to work on /home/varn1t/ml-pipeline/venv/lib/python3.11/site-packages/airflow/example_dags/example_setup_teardown_taskflow.py
[2026-05-24T16:30:40.816+0000] {processor.py:830} INFO - Processing file /home/varn1t/ml-pipeline/venv/lib/python3.11/site-packages/airflow/example_dags/example_setup_teardown_taskflow.py for tasks to queue
[2026-05-24T16:30:40.817+0000] {logging_mixin.py:188} INFO - [2026-05-24T16:30:40.816+0000] {dagbag.py:545} INFO - Filling up the DagBag from /home/varn1t/ml-pipeline/venv/lib/python3.11/site-packages/airflow/example_dags/example_setup_teardown_taskflow.py
[2026-05-24T16:30:40.823+0000] {processor.py:840} INFO - DAG(s) 'example_setup_teardown_taskflow' retrieved from /home/varn1t/ml-pipeline/venv/lib/python3.11/site-packages/airflow/example_dags/example_setup_teardown_taskflow.py
[2026-05-24T16:30:40.834+0000] {logging_mixin.py:188} INFO - [2026-05-24T16:30:40.834+0000] {dag.py:3096} INFO - Sync 1 DAGs
[2026-05-24T16:30:40.847+0000] {logging_mixin.py:188} INFO - [2026-05-24T16:30:40.847+0000] {dag.py:3954} INFO - Setting next_dagrun for example_setup_teardown_taskflow to 2026-05-23 00:00:00+00:00, run_after=2026-05-24 00:00:00+00:00
[2026-05-24T16:30:40.862+0000] {processor.py:183} INFO - Processing /home/varn1t/ml-pipeline/venv/lib/python3.11/site-packages/airflow/example_dags/example_setup_teardown_taskflow.py took 0.051 seconds
[2026-05-24T16:31:42.508+0000] {processor.py:161} INFO - Started process (PID=23301) to work on /home/varn1t/ml-pipeline/venv/lib/python3.11/site-packages/airflow/example_dags/example_setup_teardown_taskflow.py
[2026-05-24T16:31:42.509+0000] {processor.py:830} INFO - Processing file /home/varn1t/ml-pipeline/venv/lib/python3.11/site-packages/airflow/example_dags/example_setup_teardown_taskflow.py for tasks to queue
[2026-05-24T16:31:42.510+0000] {logging_mixin.py:188} INFO - [2026-05-24T16:31:42.510+0000] {dagbag.py:545} INFO - Filling up the DagBag from /home/varn1t/ml-pipeline/venv/lib/python3.11/site-packages/airflow/example_dags/example_setup_teardown_taskflow.py
[2026-05-24T16:31:42.517+0000] {processor.py:840} INFO - DAG(s) 'example_setup_teardown_taskflow' retrieved from /home/varn1t/ml-pipeline/venv/lib/python3.11/site-packages/airflow/example_dags/example_setup_teardown_taskflow.py
[2026-05-24T16:31:42.527+0000] {logging_mixin.py:188} INFO - [2026-05-24T16:31:42.527+0000] {dag.py:3096} INFO - Sync 1 DAGs
[2026-05-24T16:31:42.540+0000] {logging_mixin.py:188} INFO - [2026-05-24T16:31:42.540+0000] {dag.py:3954} INFO - Setting next_dagrun for example_setup_teardown_taskflow to 2026-05-23 00:00:00+00:00, run_after=2026-05-24 00:00:00+00:00
[2026-05-24T16:31:42.556+0000] {processor.py:183} INFO - Processing /home/varn1t/ml-pipeline/venv/lib/python3.11/site-packages/airflow/example_dags/example_setup_teardown_taskflow.py took 0.052 seconds
[2026-05-24T16:32:37.065+0000] {processor.py:161} INFO - Started process (PID=23737) to work on /home/varn1t/ml-pipeline/venv/lib/python3.11/site-packages/airflow/example_dags/example_setup_teardown_taskflow.py
[2026-05-24T16:32:37.067+0000] {processor.py:830} INFO - Processing file /home/varn1t/ml-pipeline/venv/lib/python3.11/site-packages/airflow/example_dags/example_setup_teardown_taskflow.py for tasks to queue
[2026-05-24T16:32:37.071+0000] {logging_mixin.py:188} INFO - [2026-05-24T16:32:37.071+0000] {dagbag.py:545} INFO - Filling up the DagBag from /home/varn1t/ml-pipeline/venv/lib/python3.11/site-packages/airflow/example_dags/example_setup_teardown_taskflow.py
[2026-05-24T16:32:37.107+0000] {processor.py:840} INFO - DAG(s) 'example_setup_teardown_taskflow' retrieved from /home/varn1t/ml-pipeline/venv/lib/python3.11/site-packages/airflow/example_dags/example_setup_teardown_taskflow.py
[2026-05-24T16:32:37.159+0000] {logging_mixin.py:188} INFO - [2026-05-24T16:32:37.159+0000] {dag.py:3096} INFO - Sync 1 DAGs
[2026-05-24T16:32:37.193+0000] {logging_mixin.py:188} INFO - [2026-05-24T16:32:37.193+0000] {dag.py:3954} INFO - Setting next_dagrun for example_setup_teardown_taskflow to 2026-05-23 00:00:00+00:00, run_after=2026-05-24 00:00:00+00:00
[2026-05-24T16:32:37.232+0000] {processor.py:183} INFO - Processing /home/varn1t/ml-pipeline/venv/lib/python3.11/site-packages/airflow/example_dags/example_setup_teardown_taskflow.py took 0.181 seconds
[2026-05-24T16:33:47.775+0000] {processor.py:161} INFO - Started process (PID=24275) to work on /home/varn1t/ml-pipeline/venv/lib/python3.11/site-packages/airflow/example_dags/example_setup_teardown_taskflow.py
[2026-05-24T16:33:47.777+0000] {processor.py:830} INFO - Processing file /home/varn1t/ml-pipeline/venv/lib/python3.11/site-packages/airflow/example_dags/example_setup_teardown_taskflow.py for tasks to queue
[2026-05-24T16:33:47.780+0000] {logging_mixin.py:188} INFO - [2026-05-24T16:33:47.779+0000] {dagbag.py:545} INFO - Filling up the DagBag from /home/varn1t/ml-pipeline/venv/lib/python3.11/site-packages/airflow/example_dags/example_setup_teardown_taskflow.py
[2026-05-24T16:33:47.791+0000] {processor.py:840} INFO - DAG(s) 'example_setup_teardown_taskflow' retrieved from /home/varn1t/ml-pipeline/venv/lib/python3.11/site-packages/airflow/example_dags/example_setup_teardown_taskflow.py
[2026-05-24T16:33:47.807+0000] {logging_mixin.py:188} INFO - [2026-05-24T16:33:47.807+0000] {dag.py:3096} INFO - Sync 1 DAGs
[2026-05-24T16:33:47.826+0000] {logging_mixin.py:188} INFO - [2026-05-24T16:33:47.826+0000] {dag.py:3954} INFO - Setting next_dagrun for example_setup_teardown_taskflow to 2026-05-23 00:00:00+00:00, run_after=2026-05-24 00:00:00+00:00
[2026-05-24T16:33:47.848+0000] {processor.py:183} INFO - Processing /home/varn1t/ml-pipeline/venv/lib/python3.11/site-packages/airflow/example_dags/example_setup_teardown_taskflow.py took 0.081 seconds
[2026-05-24T16:34:45.923+0000] {processor.py:161} INFO - Started process (PID=24537) to work on /home/varn1t/ml-pipeline/venv/lib/python3.11/site-packages/airflow/example_dags/example_setup_teardown_taskflow.py
[2026-05-24T16:34:45.925+0000] {processor.py:830} INFO - Processing file /home/varn1t/ml-pipeline/venv/lib/python3.11/site-packages/airflow/example_dags/example_setup_teardown_taskflow.py for tasks to queue
[2026-05-24T16:34:45.927+0000] {logging_mixin.py:188} INFO - [2026-05-24T16:34:45.926+0000] {dagbag.py:545} INFO - Filling up the DagBag from /home/varn1t/ml-pipeline/venv/lib/python3.11/site-packages/airflow/example_dags/example_setup_teardown_taskflow.py
[2026-05-24T16:34:45.935+0000] {processor.py:840} INFO - DAG(s) 'example_setup_teardown_taskflow' retrieved from /home/varn1t/ml-pipeline/venv/lib/python3.11/site-packages/airflow/example_dags/example_setup_teardown_taskflow.py
[2026-05-24T16:34:45.947+0000] {logging_mixin.py:188} INFO - [2026-05-24T16:34:45.947+0000] {dag.py:3096} INFO - Sync 1 DAGs
[2026-05-24T16:34:45.957+0000] {logging_mixin.py:188} INFO - [2026-05-24T16:34:45.957+0000] {dag.py:3954} INFO - Setting next_dagrun for example_setup_teardown_taskflow to 2026-05-23 00:00:00+00:00, run_after=2026-05-24 00:00:00+00:00
[2026-05-24T16:34:45.971+0000] {processor.py:183} INFO - Processing /home/varn1t/ml-pipeline/venv/lib/python3.11/site-packages/airflow/example_dags/example_setup_teardown_taskflow.py took 0.053 seconds
[2026-05-24T16:35:51.174+0000] {processor.py:161} INFO - Started process (PID=24833) to work on /home/varn1t/ml-pipeline/venv/lib/python3.11/site-packages/airflow/example_dags/example_setup_teardown_taskflow.py
[2026-05-24T16:35:51.175+0000] {processor.py:830} INFO - Processing file /home/varn1t/ml-pipeline/venv/lib/python3.11/site-packages/airflow/example_dags/example_setup_teardown_taskflow.py for tasks to queue
[2026-05-24T16:35:51.176+0000] {logging_mixin.py:188} INFO - [2026-05-24T16:35:51.176+0000] {dagbag.py:545} INFO - Filling up the DagBag from /home/varn1t/ml-pipeline/venv/lib/python3.11/site-packages/airflow/example_dags/example_setup_teardown_taskflow.py
[2026-05-24T16:35:51.182+0000] {processor.py:840} INFO - DAG(s) 'example_setup_teardown_taskflow' retrieved from /home/varn1t/ml-pipeline/venv/lib/python3.11/site-packages/airflow/example_dags/example_setup_teardown_taskflow.py
[2026-05-24T16:35:51.191+0000] {logging_mixin.py:188} INFO - [2026-05-24T16:35:51.191+0000] {dag.py:3096} INFO - Sync 1 DAGs
[2026-05-24T16:35:51.201+0000] {logging_mixin.py:188} INFO - [2026-05-24T16:35:51.201+0000] {dag.py:3954} INFO - Setting next_dagrun for example_setup_teardown_taskflow to 2026-05-23 00:00:00+00:00, run_after=2026-05-24 00:00:00+00:00
[2026-05-24T16:35:51.215+0000] {processor.py:183} INFO - Processing /home/varn1t/ml-pipeline/venv/lib/python3.11/site-packages/airflow/example_dags/example_setup_teardown_taskflow.py took 0.046 seconds
[2026-05-24T16:36:55.566+0000] {processor.py:161} INFO - Started process (PID=25137) to work on /home/varn1t/ml-pipeline/venv/lib/python3.11/site-packages/airflow/example_dags/example_setup_teardown_taskflow.py
[2026-05-24T16:36:55.567+0000] {processor.py:830} INFO - Processing file /home/varn1t/ml-pipeline/venv/lib/python3.11/site-packages/airflow/example_dags/example_setup_teardown_taskflow.py for tasks to queue
[2026-05-24T16:36:55.568+0000] {logging_mixin.py:188} INFO - [2026-05-24T16:36:55.568+0000] {dagbag.py:545} INFO - Filling up the DagBag from /home/varn1t/ml-pipeline/venv/lib/python3.11/site-packages/airflow/example_dags/example_setup_teardown_taskflow.py
[2026-05-24T16:36:55.576+0000] {processor.py:840} INFO - DAG(s) 'example_setup_teardown_taskflow' retrieved from /home/varn1t/ml-pipeline/venv/lib/python3.11/site-packages/airflow/example_dags/example_setup_teardown_taskflow.py
[2026-05-24T16:36:55.592+0000] {logging_mixin.py:188} INFO - [2026-05-24T16:36:55.592+0000] {dag.py:3096} INFO - Sync 1 DAGs
[2026-05-24T16:36:55.610+0000] {logging_mixin.py:188} INFO - [2026-05-24T16:36:55.610+0000] {dag.py:3954} INFO - Setting next_dagrun for example_setup_teardown_taskflow to 2026-05-23 00:00:00+00:00, run_after=2026-05-24 00:00:00+00:00
[2026-05-24T16:36:55.629+0000] {processor.py:183} INFO - Processing /home/varn1t/ml-pipeline/venv/lib/python3.11/site-packages/airflow/example_dags/example_setup_teardown_taskflow.py took 0.068 seconds
[2026-05-24T16:38:01.467+0000] {processor.py:161} INFO - Started process (PID=25437) to work on /home/varn1t/ml-pipeline/venv/lib/python3.11/site-packages/airflow/example_dags/example_setup_teardown_taskflow.py
[2026-05-24T16:38:01.468+0000] {processor.py:830} INFO - Processing file /home/varn1t/ml-pipeline/venv/lib/python3.11/site-packages/airflow/example_dags/example_setup_teardown_taskflow.py for tasks to queue
[2026-05-24T16:38:01.469+0000] {logging_mixin.py:188} INFO - [2026-05-24T16:38:01.469+0000] {dagbag.py:545} INFO - Filling up the DagBag from /home/varn1t/ml-pipeline/venv/lib/python3.11/site-packages/airflow/example_dags/example_setup_teardown_taskflow.py
[2026-05-24T16:38:01.475+0000] {processor.py:840} INFO - DAG(s) 'example_setup_teardown_taskflow' retrieved from /home/varn1t/ml-pipeline/venv/lib/python3.11/site-packages/airflow/example_dags/example_setup_teardown_taskflow.py
[2026-05-24T16:38:01.485+0000] {logging_mixin.py:188} INFO - [2026-05-24T16:38:01.485+0000] {dag.py:3096} INFO - Sync 1 DAGs
[2026-05-24T16:38:01.498+0000] {logging_mixin.py:188} INFO - [2026-05-24T16:38:01.497+0000] {dag.py:3954} INFO - Setting next_dagrun for example_setup_teardown_taskflow to 2026-05-23 00:00:00+00:00, run_after=2026-05-24 00:00:00+00:00
[2026-05-24T16:38:01.516+0000] {processor.py:183} INFO - Processing /home/varn1t/ml-pipeline/venv/lib/python3.11/site-packages/airflow/example_dags/example_setup_teardown_taskflow.py took 0.053 seconds
[2026-05-24T16:39:07.479+0000] {processor.py:161} INFO - Started process (PID=25725) to work on /home/varn1t/ml-pipeline/venv/lib/python3.11/site-packages/airflow/example_dags/example_setup_teardown_taskflow.py
[2026-05-24T16:39:07.479+0000] {processor.py:830} INFO - Processing file /home/varn1t/ml-pipeline/venv/lib/python3.11/site-packages/airflow/example_dags/example_setup_teardown_taskflow.py for tasks to queue
[2026-05-24T16:39:07.481+0000] {logging_mixin.py:188} INFO - [2026-05-24T16:39:07.481+0000] {dagbag.py:545} INFO - Filling up the DagBag from /home/varn1t/ml-pipeline/venv/lib/python3.11/site-packages/airflow/example_dags/example_setup_teardown_taskflow.py
[2026-05-24T16:39:07.487+0000] {processor.py:840} INFO - DAG(s) 'example_setup_teardown_taskflow' retrieved from /home/varn1t/ml-pipeline/venv/lib/python3.11/site-packages/airflow/example_dags/example_setup_teardown_taskflow.py
[2026-05-24T16:39:07.500+0000] {logging_mixin.py:188} INFO - [2026-05-24T16:39:07.500+0000] {dag.py:3096} INFO - Sync 1 DAGs
[2026-05-24T16:39:07.513+0000] {logging_mixin.py:188} INFO - [2026-05-24T16:39:07.513+0000] {dag.py:3954} INFO - Setting next_dagrun for example_setup_teardown_taskflow to 2026-05-23 00:00:00+00:00, run_after=2026-05-24 00:00:00+00:00
[2026-05-24T16:39:07.527+0000] {processor.py:183} INFO - Processing /home/varn1t/ml-pipeline/venv/lib/python3.11/site-packages/airflow/example_dags/example_setup_teardown_taskflow.py took 0.052 seconds
[2026-05-24T16:40:10.216+0000] {processor.py:161} INFO - Started process (PID=26041) to work on /home/varn1t/ml-pipeline/venv/lib/python3.11/site-packages/airflow/example_dags/example_setup_teardown_taskflow.py
[2026-05-24T16:40:10.217+0000] {processor.py:830} INFO - Processing file /home/varn1t/ml-pipeline/venv/lib/python3.11/site-packages/airflow/example_dags/example_setup_teardown_taskflow.py for tasks to queue
[2026-05-24T16:40:10.218+0000] {logging_mixin.py:188} INFO - [2026-05-24T16:40:10.217+0000] {dagbag.py:545} INFO - Filling up the DagBag from /home/varn1t/ml-pipeline/venv/lib/python3.11/site-packages/airflow/example_dags/example_setup_teardown_taskflow.py
[2026-05-24T16:40:10.224+0000] {processor.py:840} INFO - DAG(s) 'example_setup_teardown_taskflow' retrieved from /home/varn1t/ml-pipeline/venv/lib/python3.11/site-packages/airflow/example_dags/example_setup_teardown_taskflow.py
[2026-05-24T16:40:10.235+0000] {logging_mixin.py:188} INFO - [2026-05-24T16:40:10.235+0000] {dag.py:3096} INFO - Sync 1 DAGs
[2026-05-24T16:40:10.245+0000] {logging_mixin.py:188} INFO - [2026-05-24T16:40:10.245+0000] {dag.py:3954} INFO - Setting next_dagrun for example_setup_teardown_taskflow to 2026-05-23 00:00:00+00:00, run_after=2026-05-24 00:00:00+00:00
[2026-05-24T16:40:10.258+0000] {processor.py:183} INFO - Processing /home/varn1t/ml-pipeline/venv/lib/python3.11/site-packages/airflow/example_dags/example_setup_teardown_taskflow.py took 0.047 seconds
[2026-05-24T16:41:14.068+0000] {processor.py:161} INFO - Started process (PID=26316) to work on /home/varn1t/ml-pipeline/venv/lib/python3.11/site-packages/airflow/example_dags/example_setup_teardown_taskflow.py
[2026-05-24T16:41:14.069+0000] {processor.py:830} INFO - Processing file /home/varn1t/ml-pipeline/venv/lib/python3.11/site-packages/airflow/example_dags/example_setup_teardown_taskflow.py for tasks to queue
[2026-05-24T16:41:14.070+0000] {logging_mixin.py:188} INFO - [2026-05-24T16:41:14.070+0000] {dagbag.py:545} INFO - Filling up the DagBag from /home/varn1t/ml-pipeline/venv/lib/python3.11/site-packages/airflow/example_dags/example_setup_teardown_taskflow.py
[2026-05-24T16:41:14.076+0000] {processor.py:840} INFO - DAG(s) 'example_setup_teardown_taskflow' retrieved from /home/varn1t/ml-pipeline/venv/lib/python3.11/site-packages/airflow/example_dags/example_setup_teardown_taskflow.py
[2026-05-24T16:41:14.085+0000] {logging_mixin.py:188} INFO - [2026-05-24T16:41:14.085+0000] {dag.py:3096} INFO - Sync 1 DAGs
[2026-05-24T16:41:14.102+0000] {logging_mixin.py:188} INFO - [2026-05-24T16:41:14.102+0000] {dag.py:3954} INFO - Setting next_dagrun for example_setup_teardown_taskflow to 2026-05-23 00:00:00+00:00, run_after=2026-05-24 00:00:00+00:00
[2026-05-24T16:41:14.117+0000] {processor.py:183} INFO - Processing /home/varn1t/ml-pipeline/venv/lib/python3.11/site-packages/airflow/example_dags/example_setup_teardown_taskflow.py took 0.053 seconds
[2026-05-24T16:42:10.728+0000] {processor.py:161} INFO - Started process (PID=26609) to work on /home/varn1t/ml-pipeline/venv/lib/python3.11/site-packages/airflow/example_dags/example_setup_teardown_taskflow.py
[2026-05-24T16:42:10.729+0000] {processor.py:830} INFO - Processing file /home/varn1t/ml-pipeline/venv/lib/python3.11/site-packages/airflow/example_dags/example_setup_teardown_taskflow.py for tasks to queue
[2026-05-24T16:42:10.730+0000] {logging_mixin.py:188} INFO - [2026-05-24T16:42:10.730+0000] {dagbag.py:545} INFO - Filling up the DagBag from /home/varn1t/ml-pipeline/venv/lib/python3.11/site-packages/airflow/example_dags/example_setup_teardown_taskflow.py
[2026-05-24T16:42:10.736+0000] {processor.py:840} INFO - DAG(s) 'example_setup_teardown_taskflow' retrieved from /home/varn1t/ml-pipeline/venv/lib/python3.11/site-packages/airflow/example_dags/example_setup_teardown_taskflow.py
[2026-05-24T16:42:10.749+0000] {logging_mixin.py:188} INFO - [2026-05-24T16:42:10.749+0000] {dag.py:3096} INFO - Sync 1 DAGs
[2026-05-24T16:42:10.763+0000] {logging_mixin.py:188} INFO - [2026-05-24T16:42:10.763+0000] {dag.py:3954} INFO - Setting next_dagrun for example_setup_teardown_taskflow to 2026-05-23 00:00:00+00:00, run_after=2026-05-24 00:00:00+00:00
[2026-05-24T16:42:10.777+0000] {processor.py:183} INFO - Processing /home/varn1t/ml-pipeline/venv/lib/python3.11/site-packages/airflow/example_dags/example_setup_teardown_taskflow.py took 0.054 seconds
[2026-05-24T16:43:18.212+0000] {processor.py:161} INFO - Started process (PID=26898) to work on /home/varn1t/ml-pipeline/venv/lib/python3.11/site-packages/airflow/example_dags/example_setup_teardown_taskflow.py
[2026-05-24T16:43:18.214+0000] {processor.py:830} INFO - Processing file /home/varn1t/ml-pipeline/venv/lib/python3.11/site-packages/airflow/example_dags/example_setup_teardown_taskflow.py for tasks to queue
[2026-05-24T16:43:18.215+0000] {logging_mixin.py:188} INFO - [2026-05-24T16:43:18.215+0000] {dagbag.py:545} INFO - Filling up the DagBag from /home/varn1t/ml-pipeline/venv/lib/python3.11/site-packages/airflow/example_dags/example_setup_teardown_taskflow.py
[2026-05-24T16:43:18.222+0000] {processor.py:840} INFO - DAG(s) 'example_setup_teardown_taskflow' retrieved from /home/varn1t/ml-pipeline/venv/lib/python3.11/site-packages/airflow/example_dags/example_setup_teardown_taskflow.py
[2026-05-24T16:43:18.234+0000] {logging_mixin.py:188} INFO - [2026-05-24T16:43:18.233+0000] {dag.py:3096} INFO - Sync 1 DAGs
[2026-05-24T16:43:18.246+0000] {logging_mixin.py:188} INFO - [2026-05-24T16:43:18.246+0000] {dag.py:3954} INFO - Setting next_dagrun for example_setup_teardown_taskflow to 2026-05-23 00:00:00+00:00, run_after=2026-05-24 00:00:00+00:00
[2026-05-24T16:43:18.267+0000] {processor.py:183} INFO - Processing /home/varn1t/ml-pipeline/venv/lib/python3.11/site-packages/airflow/example_dags/example_setup_teardown_taskflow.py took 0.059 seconds
[2026-05-24T16:44:25.566+0000] {processor.py:161} INFO - Started process (PID=27196) to work on /home/varn1t/ml-pipeline/venv/lib/python3.11/site-packages/airflow/example_dags/example_setup_teardown_taskflow.py
[2026-05-24T16:44:25.567+0000] {processor.py:830} INFO - Processing file /home/varn1t/ml-pipeline/venv/lib/python3.11/site-packages/airflow/example_dags/example_setup_teardown_taskflow.py for tasks to queue
[2026-05-24T16:44:25.568+0000] {logging_mixin.py:188} INFO - [2026-05-24T16:44:25.568+0000] {dagbag.py:545} INFO - Filling up the DagBag from /home/varn1t/ml-pipeline/venv/lib/python3.11/site-packages/airflow/example_dags/example_setup_teardown_taskflow.py
[2026-05-24T16:44:25.574+0000] {processor.py:840} INFO - DAG(s) 'example_setup_teardown_taskflow' retrieved from /home/varn1t/ml-pipeline/venv/lib/python3.11/site-packages/airflow/example_dags/example_setup_teardown_taskflow.py
[2026-05-24T16:44:25.583+0000] {logging_mixin.py:188} INFO - [2026-05-24T16:44:25.583+0000] {dag.py:3096} INFO - Sync 1 DAGs
[2026-05-24T16:44:25.593+0000] {logging_mixin.py:188} INFO - [2026-05-24T16:44:25.593+0000] {dag.py:3954} INFO - Setting next_dagrun for example_setup_teardown_taskflow to 2026-05-23 00:00:00+00:00, run_after=2026-05-24 00:00:00+00:00
[2026-05-24T16:44:25.610+0000] {processor.py:183} INFO - Processing /home/varn1t/ml-pipeline/venv/lib/python3.11/site-packages/airflow/example_dags/example_setup_teardown_taskflow.py took 0.048 seconds
[2026-05-24T16:45:31.813+0000] {processor.py:161} INFO - Started process (PID=27492) to work on /home/varn1t/ml-pipeline/venv/lib/python3.11/site-packages/airflow/example_dags/example_setup_teardown_taskflow.py
[2026-05-24T16:45:31.814+0000] {processor.py:830} INFO - Processing file /home/varn1t/ml-pipeline/venv/lib/python3.11/site-packages/airflow/example_dags/example_setup_teardown_taskflow.py for tasks to queue
[2026-05-24T16:45:31.815+0000] {logging_mixin.py:188} INFO - [2026-05-24T16:45:31.815+0000] {dagbag.py:545} INFO - Filling up the DagBag from /home/varn1t/ml-pipeline/venv/lib/python3.11/site-packages/airflow/example_dags/example_setup_teardown_taskflow.py
[2026-05-24T16:45:31.821+0000] {processor.py:840} INFO - DAG(s) 'example_setup_teardown_taskflow' retrieved from /home/varn1t/ml-pipeline/venv/lib/python3.11/site-packages/airflow/example_dags/example_setup_teardown_taskflow.py
[2026-05-24T16:45:31.833+0000] {logging_mixin.py:188} INFO - [2026-05-24T16:45:31.833+0000] {dag.py:3096} INFO - Sync 1 DAGs
[2026-05-24T16:45:31.845+0000] {logging_mixin.py:188} INFO - [2026-05-24T16:45:31.845+0000] {dag.py:3954} INFO - Setting next_dagrun for example_setup_teardown_taskflow to 2026-05-23 00:00:00+00:00, run_after=2026-05-24 00:00:00+00:00
[2026-05-24T16:45:31.861+0000] {processor.py:183} INFO - Processing /home/varn1t/ml-pipeline/venv/lib/python3.11/site-packages/airflow/example_dags/example_setup_teardown_taskflow.py took 0.052 seconds
[2026-05-24T17:09:16.412+0000] {processor.py:161} INFO - Started process (PID=27913) to work on /home/varn1t/ml-pipeline/venv/lib/python3.11/site-packages/airflow/example_dags/example_setup_teardown_taskflow.py
[2026-05-24T17:09:16.412+0000] {processor.py:830} INFO - Processing file /home/varn1t/ml-pipeline/venv/lib/python3.11/site-packages/airflow/example_dags/example_setup_teardown_taskflow.py for tasks to queue
[2026-05-24T17:09:16.414+0000] {logging_mixin.py:188} INFO - [2026-05-24T17:09:16.413+0000] {dagbag.py:545} INFO - Filling up the DagBag from /home/varn1t/ml-pipeline/venv/lib/python3.11/site-packages/airflow/example_dags/example_setup_teardown_taskflow.py
[2026-05-24T17:09:16.419+0000] {processor.py:840} INFO - DAG(s) 'example_setup_teardown_taskflow' retrieved from /home/varn1t/ml-pipeline/venv/lib/python3.11/site-packages/airflow/example_dags/example_setup_teardown_taskflow.py
[2026-05-24T17:09:16.434+0000] {logging_mixin.py:188} INFO - [2026-05-24T17:09:16.434+0000] {dag.py:3096} INFO - Sync 1 DAGs
[2026-05-24T17:09:16.448+0000] {logging_mixin.py:188} INFO - [2026-05-24T17:09:16.448+0000] {dag.py:3954} INFO - Setting next_dagrun for example_setup_teardown_taskflow to 2026-05-23 00:00:00+00:00, run_after=2026-05-24 00:00:00+00:00
[2026-05-24T17:09:16.464+0000] {processor.py:183} INFO - Processing /home/varn1t/ml-pipeline/venv/lib/python3.11/site-packages/airflow/example_dags/example_setup_teardown_taskflow.py took 0.057 seconds
[2026-05-24T17:10:18.155+0000] {processor.py:161} INFO - Started process (PID=28181) to work on /home/varn1t/ml-pipeline/venv/lib/python3.11/site-packages/airflow/example_dags/example_setup_teardown_taskflow.py
[2026-05-24T17:10:18.156+0000] {processor.py:830} INFO - Processing file /home/varn1t/ml-pipeline/venv/lib/python3.11/site-packages/airflow/example_dags/example_setup_teardown_taskflow.py for tasks to queue
[2026-05-24T17:10:18.158+0000] {logging_mixin.py:188} INFO - [2026-05-24T17:10:18.158+0000] {dagbag.py:545} INFO - Filling up the DagBag from /home/varn1t/ml-pipeline/venv/lib/python3.11/site-packages/airflow/example_dags/example_setup_teardown_taskflow.py
[2026-05-24T17:10:18.166+0000] {processor.py:840} INFO - DAG(s) 'example_setup_teardown_taskflow' retrieved from /home/varn1t/ml-pipeline/venv/lib/python3.11/site-packages/airflow/example_dags/example_setup_teardown_taskflow.py
[2026-05-24T17:10:18.175+0000] {logging_mixin.py:188} INFO - [2026-05-24T17:10:18.175+0000] {dag.py:3096} INFO - Sync 1 DAGs
[2026-05-24T17:10:18.184+0000] {logging_mixin.py:188} INFO - [2026-05-24T17:10:18.184+0000] {dag.py:3954} INFO - Setting next_dagrun for example_setup_teardown_taskflow to 2026-05-23 00:00:00+00:00, run_after=2026-05-24 00:00:00+00:00
[2026-05-24T17:10:18.198+0000] {processor.py:183} INFO - Processing /home/varn1t/ml-pipeline/venv/lib/python3.11/site-packages/airflow/example_dags/example_setup_teardown_taskflow.py took 0.047 seconds
[2026-05-24T17:11:23.714+0000] {processor.py:161} INFO - Started process (PID=28477) to work on /home/varn1t/ml-pipeline/venv/lib/python3.11/site-packages/airflow/example_dags/example_setup_teardown_taskflow.py
[2026-05-24T17:11:23.715+0000] {processor.py:830} INFO - Processing file /home/varn1t/ml-pipeline/venv/lib/python3.11/site-packages/airflow/example_dags/example_setup_teardown_taskflow.py for tasks to queue
[2026-05-24T17:11:23.716+0000] {logging_mixin.py:188} INFO - [2026-05-24T17:11:23.716+0000] {dagbag.py:545} INFO - Filling up the DagBag from /home/varn1t/ml-pipeline/venv/lib/python3.11/site-packages/airflow/example_dags/example_setup_teardown_taskflow.py
[2026-05-24T17:11:23.723+0000] {processor.py:840} INFO - DAG(s) 'example_setup_teardown_taskflow' retrieved from /home/varn1t/ml-pipeline/venv/lib/python3.11/site-packages/airflow/example_dags/example_setup_teardown_taskflow.py
[2026-05-24T17:11:23.735+0000] {logging_mixin.py:188} INFO - [2026-05-24T17:11:23.735+0000] {dag.py:3096} INFO - Sync 1 DAGs
[2026-05-24T17:11:23.749+0000] {logging_mixin.py:188} INFO - [2026-05-24T17:11:23.748+0000] {dag.py:3954} INFO - Setting next_dagrun for example_setup_teardown_taskflow to 2026-05-23 00:00:00+00:00, run_after=2026-05-24 00:00:00+00:00
[2026-05-24T17:11:23.766+0000] {processor.py:183} INFO - Processing /home/varn1t/ml-pipeline/venv/lib/python3.11/site-packages/airflow/example_dags/example_setup_teardown_taskflow.py took 0.056 seconds
[2026-05-24T17:12:26.352+0000] {processor.py:161} INFO - Started process (PID=28759) to work on /home/varn1t/ml-pipeline/venv/lib/python3.11/site-packages/airflow/example_dags/example_setup_teardown_taskflow.py
[2026-05-24T17:12:26.353+0000] {processor.py:830} INFO - Processing file /home/varn1t/ml-pipeline/venv/lib/python3.11/site-packages/airflow/example_dags/example_setup_teardown_taskflow.py for tasks to queue
[2026-05-24T17:12:26.355+0000] {logging_mixin.py:188} INFO - [2026-05-24T17:12:26.355+0000] {dagbag.py:545} INFO - Filling up the DagBag from /home/varn1t/ml-pipeline/venv/lib/python3.11/site-packages/airflow/example_dags/example_setup_teardown_taskflow.py
[2026-05-24T17:12:26.364+0000] {processor.py:840} INFO - DAG(s) 'example_setup_teardown_taskflow' retrieved from /home/varn1t/ml-pipeline/venv/lib/python3.11/site-packages/airflow/example_dags/example_setup_teardown_taskflow.py
[2026-05-24T17:12:26.379+0000] {logging_mixin.py:188} INFO - [2026-05-24T17:12:26.379+0000] {dag.py:3096} INFO - Sync 1 DAGs
[2026-05-24T17:12:26.398+0000] {logging_mixin.py:188} INFO - [2026-05-24T17:12:26.397+0000] {dag.py:3954} INFO - Setting next_dagrun for example_setup_teardown_taskflow to 2026-05-23 00:00:00+00:00, run_after=2026-05-24 00:00:00+00:00
[2026-05-24T17:12:26.417+0000] {processor.py:183} INFO - Processing /home/varn1t/ml-pipeline/venv/lib/python3.11/site-packages/airflow/example_dags/example_setup_teardown_taskflow.py took 0.071 seconds
[2026-05-24T17:13:30.232+0000] {processor.py:161} INFO - Started process (PID=29047) to work on /home/varn1t/ml-pipeline/venv/lib/python3.11/site-packages/airflow/example_dags/example_setup_teardown_taskflow.py
[2026-05-24T17:13:30.233+0000] {processor.py:830} INFO - Processing file /home/varn1t/ml-pipeline/venv/lib/python3.11/site-packages/airflow/example_dags/example_setup_teardown_taskflow.py for tasks to queue
[2026-05-24T17:13:30.234+0000] {logging_mixin.py:188} INFO - [2026-05-24T17:13:30.234+0000] {dagbag.py:545} INFO - Filling up the DagBag from /home/varn1t/ml-pipeline/venv/lib/python3.11/site-packages/airflow/example_dags/example_setup_teardown_taskflow.py
[2026-05-24T17:13:30.240+0000] {processor.py:840} INFO - DAG(s) 'example_setup_teardown_taskflow' retrieved from /home/varn1t/ml-pipeline/venv/lib/python3.11/site-packages/airflow/example_dags/example_setup_teardown_taskflow.py
[2026-05-24T17:13:30.252+0000] {logging_mixin.py:188} INFO - [2026-05-24T17:13:30.252+0000] {dag.py:3096} INFO - Sync 1 DAGs
[2026-05-24T17:13:30.264+0000] {logging_mixin.py:188} INFO - [2026-05-24T17:13:30.264+0000] {dag.py:3954} INFO - Setting next_dagrun for example_setup_teardown_taskflow to 2026-05-23 00:00:00+00:00, run_after=2026-05-24 00:00:00+00:00
[2026-05-24T17:13:30.277+0000] {processor.py:183} INFO - Processing /home/varn1t/ml-pipeline/venv/lib/python3.11/site-packages/airflow/example_dags/example_setup_teardown_taskflow.py took 0.049 seconds
[2026-05-24T17:14:31.145+0000] {processor.py:161} INFO - Started process (PID=29332) to work on /home/varn1t/ml-pipeline/venv/lib/python3.11/site-packages/airflow/example_dags/example_setup_teardown_taskflow.py
[2026-05-24T17:14:31.145+0000] {processor.py:830} INFO - Processing file /home/varn1t/ml-pipeline/venv/lib/python3.11/site-packages/airflow/example_dags/example_setup_teardown_taskflow.py for tasks to queue
[2026-05-24T17:14:31.147+0000] {logging_mixin.py:188} INFO - [2026-05-24T17:14:31.146+0000] {dagbag.py:545} INFO - Filling up the DagBag from /home/varn1t/ml-pipeline/venv/lib/python3.11/site-packages/airflow/example_dags/example_setup_teardown_taskflow.py
[2026-05-24T17:14:31.154+0000] {processor.py:840} INFO - DAG(s) 'example_setup_teardown_taskflow' retrieved from /home/varn1t/ml-pipeline/venv/lib/python3.11/site-packages/airflow/example_dags/example_setup_teardown_taskflow.py
[2026-05-24T17:14:31.165+0000] {logging_mixin.py:188} INFO - [2026-05-24T17:14:31.165+0000] {dag.py:3096} INFO - Sync 1 DAGs
[2026-05-24T17:14:31.178+0000] {logging_mixin.py:188} INFO - [2026-05-24T17:14:31.178+0000] {dag.py:3954} INFO - Setting next_dagrun for example_setup_teardown_taskflow to 2026-05-23 00:00:00+00:00, run_after=2026-05-24 00:00:00+00:00
[2026-05-24T17:14:31.193+0000] {processor.py:183} INFO - Processing /home/varn1t/ml-pipeline/venv/lib/python3.11/site-packages/airflow/example_dags/example_setup_teardown_taskflow.py took 0.054 seconds
[2026-05-24T17:15:42.128+0000] {processor.py:161} INFO - Started process (PID=29727) to work on /home/varn1t/ml-pipeline/venv/lib/python3.11/site-packages/airflow/example_dags/example_setup_teardown_taskflow.py
[2026-05-24T17:15:42.129+0000] {processor.py:830} INFO - Processing file /home/varn1t/ml-pipeline/venv/lib/python3.11/site-packages/airflow/example_dags/example_setup_teardown_taskflow.py for tasks to queue
[2026-05-24T17:15:42.130+0000] {logging_mixin.py:188} INFO - [2026-05-24T17:15:42.130+0000] {dagbag.py:545} INFO - Filling up the DagBag from /home/varn1t/ml-pipeline/venv/lib/python3.11/site-packages/airflow/example_dags/example_setup_teardown_taskflow.py
[2026-05-24T17:15:42.135+0000] {processor.py:840} INFO - DAG(s) 'example_setup_teardown_taskflow' retrieved from /home/varn1t/ml-pipeline/venv/lib/python3.11/site-packages/airflow/example_dags/example_setup_teardown_taskflow.py
[2026-05-24T17:15:42.146+0000] {logging_mixin.py:188} INFO - [2026-05-24T17:15:42.145+0000] {dag.py:3096} INFO - Sync 1 DAGs
[2026-05-24T17:15:42.155+0000] {logging_mixin.py:188} INFO - [2026-05-24T17:15:42.155+0000] {dag.py:3954} INFO - Setting next_dagrun for example_setup_teardown_taskflow to 2026-05-23 00:00:00+00:00, run_after=2026-05-24 00:00:00+00:00
[2026-05-24T17:15:42.170+0000] {processor.py:183} INFO - Processing /home/varn1t/ml-pipeline/venv/lib/python3.11/site-packages/airflow/example_dags/example_setup_teardown_taskflow.py took 0.046 seconds
[2026-05-24T17:16:44.861+0000] {processor.py:161} INFO - Started process (PID=29998) to work on /home/varn1t/ml-pipeline/venv/lib/python3.11/site-packages/airflow/example_dags/example_setup_teardown_taskflow.py
[2026-05-24T17:16:44.862+0000] {processor.py:830} INFO - Processing file /home/varn1t/ml-pipeline/venv/lib/python3.11/site-packages/airflow/example_dags/example_setup_teardown_taskflow.py for tasks to queue
[2026-05-24T17:16:44.863+0000] {logging_mixin.py:188} INFO - [2026-05-24T17:16:44.863+0000] {dagbag.py:545} INFO - Filling up the DagBag from /home/varn1t/ml-pipeline/venv/lib/python3.11/site-packages/airflow/example_dags/example_setup_teardown_taskflow.py
[2026-05-24T17:16:44.869+0000] {processor.py:840} INFO - DAG(s) 'example_setup_teardown_taskflow' retrieved from /home/varn1t/ml-pipeline/venv/lib/python3.11/site-packages/airflow/example_dags/example_setup_teardown_taskflow.py
[2026-05-24T17:16:44.879+0000] {logging_mixin.py:188} INFO - [2026-05-24T17:16:44.879+0000] {dag.py:3096} INFO - Sync 1 DAGs
[2026-05-24T17:16:44.890+0000] {logging_mixin.py:188} INFO - [2026-05-24T17:16:44.890+0000] {dag.py:3954} INFO - Setting next_dagrun for example_setup_teardown_taskflow to 2026-05-23 00:00:00+00:00, run_after=2026-05-24 00:00:00+00:00
[2026-05-24T17:16:44.911+0000] {processor.py:183} INFO - Processing /home/varn1t/ml-pipeline/venv/lib/python3.11/site-packages/airflow/example_dags/example_setup_teardown_taskflow.py took 0.054 seconds
[2026-05-24T17:17:57.853+0000] {processor.py:161} INFO - Started process (PID=30666) to work on /home/varn1t/ml-pipeline/venv/lib/python3.11/site-packages/airflow/example_dags/example_setup_teardown_taskflow.py
[2026-05-24T17:17:57.854+0000] {processor.py:830} INFO - Processing file /home/varn1t/ml-pipeline/venv/lib/python3.11/site-packages/airflow/example_dags/example_setup_teardown_taskflow.py for tasks to queue
[2026-05-24T17:17:57.855+0000] {logging_mixin.py:188} INFO - [2026-05-24T17:17:57.855+0000] {dagbag.py:545} INFO - Filling up the DagBag from /home/varn1t/ml-pipeline/venv/lib/python3.11/site-packages/airflow/example_dags/example_setup_teardown_taskflow.py
[2026-05-24T17:17:57.861+0000] {processor.py:840} INFO - DAG(s) 'example_setup_teardown_taskflow' retrieved from /home/varn1t/ml-pipeline/venv/lib/python3.11/site-packages/airflow/example_dags/example_setup_teardown_taskflow.py
[2026-05-24T17:17:57.872+0000] {logging_mixin.py:188} INFO - [2026-05-24T17:17:57.872+0000] {dag.py:3096} INFO - Sync 1 DAGs
[2026-05-24T17:17:57.883+0000] {logging_mixin.py:188} INFO - [2026-05-24T17:17:57.883+0000] {dag.py:3954} INFO - Setting next_dagrun for example_setup_teardown_taskflow to 2026-05-23 00:00:00+00:00, run_after=2026-05-24 00:00:00+00:00
[2026-05-24T17:17:57.900+0000] {processor.py:183} INFO - Processing /home/varn1t/ml-pipeline/venv/lib/python3.11/site-packages/airflow/example_dags/example_setup_teardown_taskflow.py took 0.051 seconds
[2026-05-24T17:19:02.609+0000] {processor.py:161} INFO - Started process (PID=31152) to work on /home/varn1t/ml-pipeline/venv/lib/python3.11/site-packages/airflow/example_dags/example_setup_teardown_taskflow.py
[2026-05-24T17:19:02.610+0000] {processor.py:830} INFO - Processing file /home/varn1t/ml-pipeline/venv/lib/python3.11/site-packages/airflow/example_dags/example_setup_teardown_taskflow.py for tasks to queue
[2026-05-24T17:19:02.612+0000] {logging_mixin.py:188} INFO - [2026-05-24T17:19:02.611+0000] {dagbag.py:545} INFO - Filling up the DagBag from /home/varn1t/ml-pipeline/venv/lib/python3.11/site-packages/airflow/example_dags/example_setup_teardown_taskflow.py
[2026-05-24T17:19:02.619+0000] {processor.py:840} INFO - DAG(s) 'example_setup_teardown_taskflow' retrieved from /home/varn1t/ml-pipeline/venv/lib/python3.11/site-packages/airflow/example_dags/example_setup_teardown_taskflow.py
[2026-05-24T17:19:02.632+0000] {logging_mixin.py:188} INFO - [2026-05-24T17:19:02.632+0000] {dag.py:3096} INFO - Sync 1 DAGs
[2026-05-24T17:19:02.644+0000] {logging_mixin.py:188} INFO - [2026-05-24T17:19:02.644+0000] {dag.py:3954} INFO - Setting next_dagrun for example_setup_teardown_taskflow to 2026-05-23 00:00:00+00:00, run_after=2026-05-24 00:00:00+00:00
[2026-05-24T17:19:02.662+0000] {processor.py:183} INFO - Processing /home/varn1t/ml-pipeline/venv/lib/python3.11/site-packages/airflow/example_dags/example_setup_teardown_taskflow.py took 0.057 seconds
[2026-05-24T17:20:11.418+0000] {processor.py:161} INFO - Started process (PID=31643) to work on /home/varn1t/ml-pipeline/venv/lib/python3.11/site-packages/airflow/example_dags/example_setup_teardown_taskflow.py
[2026-05-24T17:20:11.419+0000] {processor.py:830} INFO - Processing file /home/varn1t/ml-pipeline/venv/lib/python3.11/site-packages/airflow/example_dags/example_setup_teardown_taskflow.py for tasks to queue
[2026-05-24T17:20:11.420+0000] {logging_mixin.py:188} INFO - [2026-05-24T17:20:11.420+0000] {dagbag.py:545} INFO - Filling up the DagBag from /home/varn1t/ml-pipeline/venv/lib/python3.11/site-packages/airflow/example_dags/example_setup_teardown_taskflow.py
[2026-05-24T17:20:11.426+0000] {processor.py:840} INFO - DAG(s) 'example_setup_teardown_taskflow' retrieved from /home/varn1t/ml-pipeline/venv/lib/python3.11/site-packages/airflow/example_dags/example_setup_teardown_taskflow.py
[2026-05-24T17:20:11.436+0000] {logging_mixin.py:188} INFO - [2026-05-24T17:20:11.436+0000] {dag.py:3096} INFO - Sync 1 DAGs
[2026-05-24T17:20:11.447+0000] {logging_mixin.py:188} INFO - [2026-05-24T17:20:11.447+0000] {dag.py:3954} INFO - Setting next_dagrun for example_setup_teardown_taskflow to 2026-05-23 00:00:00+00:00, run_after=2026-05-24 00:00:00+00:00
[2026-05-24T17:20:11.460+0000] {processor.py:183} INFO - Processing /home/varn1t/ml-pipeline/venv/lib/python3.11/site-packages/airflow/example_dags/example_setup_teardown_taskflow.py took 0.047 seconds
[2026-05-24T17:21:18.090+0000] {processor.py:161} INFO - Started process (PID=32078) to work on /home/varn1t/ml-pipeline/venv/lib/python3.11/site-packages/airflow/example_dags/example_setup_teardown_taskflow.py
[2026-05-24T17:21:18.091+0000] {processor.py:830} INFO - Processing file /home/varn1t/ml-pipeline/venv/lib/python3.11/site-packages/airflow/example_dags/example_setup_teardown_taskflow.py for tasks to queue
[2026-05-24T17:21:18.092+0000] {logging_mixin.py:188} INFO - [2026-05-24T17:21:18.092+0000] {dagbag.py:545} INFO - Filling up the DagBag from /home/varn1t/ml-pipeline/venv/lib/python3.11/site-packages/airflow/example_dags/example_setup_teardown_taskflow.py
[2026-05-24T17:21:18.099+0000] {processor.py:840} INFO - DAG(s) 'example_setup_teardown_taskflow' retrieved from /home/varn1t/ml-pipeline/venv/lib/python3.11/site-packages/airflow/example_dags/example_setup_teardown_taskflow.py
[2026-05-24T17:21:18.111+0000] {logging_mixin.py:188} INFO - [2026-05-24T17:21:18.111+0000] {dag.py:3096} INFO - Sync 1 DAGs
[2026-05-24T17:21:18.124+0000] {logging_mixin.py:188} INFO - [2026-05-24T17:21:18.124+0000] {dag.py:3954} INFO - Setting next_dagrun for example_setup_teardown_taskflow to 2026-05-23 00:00:00+00:00, run_after=2026-05-24 00:00:00+00:00
[2026-05-24T17:21:18.138+0000] {processor.py:183} INFO - Processing /home/varn1t/ml-pipeline/venv/lib/python3.11/site-packages/airflow/example_dags/example_setup_teardown_taskflow.py took 0.052 seconds
[2026-05-24T17:22:22.981+0000] {processor.py:161} INFO - Started process (PID=32403) to work on /home/varn1t/ml-pipeline/venv/lib/python3.11/site-packages/airflow/example_dags/example_setup_teardown_taskflow.py
[2026-05-24T17:22:22.981+0000] {processor.py:830} INFO - Processing file /home/varn1t/ml-pipeline/venv/lib/python3.11/site-packages/airflow/example_dags/example_setup_teardown_taskflow.py for tasks to queue
[2026-05-24T17:22:22.983+0000] {logging_mixin.py:188} INFO - [2026-05-24T17:22:22.983+0000] {dagbag.py:545} INFO - Filling up the DagBag from /home/varn1t/ml-pipeline/venv/lib/python3.11/site-packages/airflow/example_dags/example_setup_teardown_taskflow.py
[2026-05-24T17:22:22.991+0000] {processor.py:840} INFO - DAG(s) 'example_setup_teardown_taskflow' retrieved from /home/varn1t/ml-pipeline/venv/lib/python3.11/site-packages/airflow/example_dags/example_setup_teardown_taskflow.py
[2026-05-24T17:22:23.002+0000] {logging_mixin.py:188} INFO - [2026-05-24T17:22:23.002+0000] {dag.py:3096} INFO - Sync 1 DAGs
[2026-05-24T17:22:23.015+0000] {logging_mixin.py:188} INFO - [2026-05-24T17:22:23.014+0000] {dag.py:3954} INFO - Setting next_dagrun for example_setup_teardown_taskflow to 2026-05-23 00:00:00+00:00, run_after=2026-05-24 00:00:00+00:00
[2026-05-24T17:22:23.029+0000] {processor.py:183} INFO - Processing /home/varn1t/ml-pipeline/venv/lib/python3.11/site-packages/airflow/example_dags/example_setup_teardown_taskflow.py took 0.053 seconds
[2026-05-24T17:23:32.205+0000] {processor.py:161} INFO - Started process (PID=32718) to work on /home/varn1t/ml-pipeline/venv/lib/python3.11/site-packages/airflow/example_dags/example_setup_teardown_taskflow.py
[2026-05-24T17:23:32.206+0000] {processor.py:830} INFO - Processing file /home/varn1t/ml-pipeline/venv/lib/python3.11/site-packages/airflow/example_dags/example_setup_teardown_taskflow.py for tasks to queue
[2026-05-24T17:23:32.207+0000] {logging_mixin.py:188} INFO - [2026-05-24T17:23:32.207+0000] {dagbag.py:545} INFO - Filling up the DagBag from /home/varn1t/ml-pipeline/venv/lib/python3.11/site-packages/airflow/example_dags/example_setup_teardown_taskflow.py
[2026-05-24T17:23:32.214+0000] {processor.py:840} INFO - DAG(s) 'example_setup_teardown_taskflow' retrieved from /home/varn1t/ml-pipeline/venv/lib/python3.11/site-packages/airflow/example_dags/example_setup_teardown_taskflow.py
[2026-05-24T17:23:32.224+0000] {logging_mixin.py:188} INFO - [2026-05-24T17:23:32.224+0000] {dag.py:3096} INFO - Sync 1 DAGs
[2026-05-24T17:23:32.234+0000] {logging_mixin.py:188} INFO - [2026-05-24T17:23:32.234+0000] {dag.py:3954} INFO - Setting next_dagrun for example_setup_teardown_taskflow to 2026-05-23 00:00:00+00:00, run_after=2026-05-24 00:00:00+00:00
[2026-05-24T17:23:32.251+0000] {processor.py:183} INFO - Processing /home/varn1t/ml-pipeline/venv/lib/python3.11/site-packages/airflow/example_dags/example_setup_teardown_taskflow.py took 0.052 seconds
[2026-05-24T17:24:34.976+0000] {processor.py:161} INFO - Started process (PID=33152) to work on /home/varn1t/ml-pipeline/venv/lib/python3.11/site-packages/airflow/example_dags/example_setup_teardown_taskflow.py
[2026-05-24T17:24:34.977+0000] {processor.py:830} INFO - Processing file /home/varn1t/ml-pipeline/venv/lib/python3.11/site-packages/airflow/example_dags/example_setup_teardown_taskflow.py for tasks to queue
[2026-05-24T17:24:34.978+0000] {logging_mixin.py:188} INFO - [2026-05-24T17:24:34.978+0000] {dagbag.py:545} INFO - Filling up the DagBag from /home/varn1t/ml-pipeline/venv/lib/python3.11/site-packages/airflow/example_dags/example_setup_teardown_taskflow.py
[2026-05-24T17:24:34.983+0000] {processor.py:840} INFO - DAG(s) 'example_setup_teardown_taskflow' retrieved from /home/varn1t/ml-pipeline/venv/lib/python3.11/site-packages/airflow/example_dags/example_setup_teardown_taskflow.py
[2026-05-24T17:24:34.993+0000] {logging_mixin.py:188} INFO - [2026-05-24T17:24:34.993+0000] {dag.py:3096} INFO - Sync 1 DAGs
[2026-05-24T17:24:35.004+0000] {logging_mixin.py:188} INFO - [2026-05-24T17:24:35.003+0000] {dag.py:3954} INFO - Setting next_dagrun for example_setup_teardown_taskflow to 2026-05-23 00:00:00+00:00, run_after=2026-05-24 00:00:00+00:00
[2026-05-24T17:24:35.021+0000] {processor.py:183} INFO - Processing /home/varn1t/ml-pipeline/venv/lib/python3.11/site-packages/airflow/example_dags/example_setup_teardown_taskflow.py took 0.050 seconds
[2026-05-24T17:25:43.051+0000] {processor.py:161} INFO - Started process (PID=33508) to work on /home/varn1t/ml-pipeline/venv/lib/python3.11/site-packages/airflow/example_dags/example_setup_teardown_taskflow.py
[2026-05-24T17:25:43.052+0000] {processor.py:830} INFO - Processing file /home/varn1t/ml-pipeline/venv/lib/python3.11/site-packages/airflow/example_dags/example_setup_teardown_taskflow.py for tasks to queue
[2026-05-24T17:25:43.054+0000] {logging_mixin.py:188} INFO - [2026-05-24T17:25:43.053+0000] {dagbag.py:545} INFO - Filling up the DagBag from /home/varn1t/ml-pipeline/venv/lib/python3.11/site-packages/airflow/example_dags/example_setup_teardown_taskflow.py
[2026-05-24T17:25:43.061+0000] {processor.py:840} INFO - DAG(s) 'example_setup_teardown_taskflow' retrieved from /home/varn1t/ml-pipeline/venv/lib/python3.11/site-packages/airflow/example_dags/example_setup_teardown_taskflow.py
[2026-05-24T17:25:43.076+0000] {logging_mixin.py:188} INFO - [2026-05-24T17:25:43.076+0000] {dag.py:3096} INFO - Sync 1 DAGs
[2026-05-24T17:25:43.090+0000] {logging_mixin.py:188} INFO - [2026-05-24T17:25:43.090+0000] {dag.py:3954} INFO - Setting next_dagrun for example_setup_teardown_taskflow to 2026-05-23 00:00:00+00:00, run_after=2026-05-24 00:00:00+00:00
[2026-05-24T17:25:43.109+0000] {processor.py:183} INFO - Processing /home/varn1t/ml-pipeline/venv/lib/python3.11/site-packages/airflow/example_dags/example_setup_teardown_taskflow.py took 0.065 seconds
