[2026-05-24T13:28:52.879+0000] {processor.py:161} INFO - Started process (PID=4016) to work on /home/varn1t/ml-pipeline/venv/lib/python3.11/site-packages/airflow/example_dags/example_branch_operator_decorator.py
[2026-05-24T13:28:52.881+0000] {processor.py:830} INFO - Processing file /home/varn1t/ml-pipeline/venv/lib/python3.11/site-packages/airflow/example_dags/example_branch_operator_decorator.py for tasks to queue
[2026-05-24T13:28:52.884+0000] {logging_mixin.py:188} INFO - [2026-05-24T13:28:52.883+0000] {dagbag.py:545} INFO - Filling up the DagBag from /home/varn1t/ml-pipeline/venv/lib/python3.11/site-packages/airflow/example_dags/example_branch_operator_decorator.py
[2026-05-24T13:28:52.958+0000] {processor.py:842} WARNING - No viable dags retrieved from /home/varn1t/ml-pipeline/venv/lib/python3.11/site-packages/airflow/example_dags/example_branch_operator_decorator.py
[2026-05-24T13:28:52.975+0000] {processor.py:183} INFO - Processing /home/varn1t/ml-pipeline/venv/lib/python3.11/site-packages/airflow/example_dags/example_branch_operator_decorator.py took 0.110 seconds
[2026-05-24T13:29:47.760+0000] {processor.py:161} INFO - Started process (PID=4356) to work on /home/varn1t/ml-pipeline/venv/lib/python3.11/site-packages/airflow/example_dags/example_branch_operator_decorator.py
[2026-05-24T13:29:47.761+0000] {processor.py:830} INFO - Processing file /home/varn1t/ml-pipeline/venv/lib/python3.11/site-packages/airflow/example_dags/example_branch_operator_decorator.py for tasks to queue
[2026-05-24T13:29:47.763+0000] {logging_mixin.py:188} INFO - [2026-05-24T13:29:47.762+0000] {dagbag.py:545} INFO - Filling up the DagBag from /home/varn1t/ml-pipeline/venv/lib/python3.11/site-packages/airflow/example_dags/example_branch_operator_decorator.py
[2026-05-24T13:29:47.799+0000] {processor.py:842} WARNING - No viable dags retrieved from /home/varn1t/ml-pipeline/venv/lib/python3.11/site-packages/airflow/example_dags/example_branch_operator_decorator.py
[2026-05-24T13:29:47.806+0000] {processor.py:183} INFO - Processing /home/varn1t/ml-pipeline/venv/lib/python3.11/site-packages/airflow/example_dags/example_branch_operator_decorator.py took 0.051 seconds
[2026-05-24T13:30:40.656+0000] {processor.py:161} INFO - Started process (PID=4575) to work on /home/varn1t/ml-pipeline/venv/lib/python3.11/site-packages/airflow/example_dags/example_branch_operator_decorator.py
[2026-05-24T13:30:40.657+0000] {processor.py:830} INFO - Processing file /home/varn1t/ml-pipeline/venv/lib/python3.11/site-packages/airflow/example_dags/example_branch_operator_decorator.py for tasks to queue
[2026-05-24T13:30:40.658+0000] {logging_mixin.py:188} INFO - [2026-05-24T13:30:40.658+0000] {dagbag.py:545} INFO - Filling up the DagBag from /home/varn1t/ml-pipeline/venv/lib/python3.11/site-packages/airflow/example_dags/example_branch_operator_decorator.py
[2026-05-24T13:30:40.696+0000] {processor.py:842} WARNING - No viable dags retrieved from /home/varn1t/ml-pipeline/venv/lib/python3.11/site-packages/airflow/example_dags/example_branch_operator_decorator.py
[2026-05-24T13:30:40.704+0000] {processor.py:183} INFO - Processing /home/varn1t/ml-pipeline/venv/lib/python3.11/site-packages/airflow/example_dags/example_branch_operator_decorator.py took 0.053 seconds
[2026-05-24T13:31:25.945+0000] {processor.py:161} INFO - Started process (PID=4769) to work on /home/varn1t/ml-pipeline/venv/lib/python3.11/site-packages/airflow/example_dags/example_branch_operator_decorator.py
[2026-05-24T13:31:25.946+0000] {processor.py:830} INFO - Processing file /home/varn1t/ml-pipeline/venv/lib/python3.11/site-packages/airflow/example_dags/example_branch_operator_decorator.py for tasks to queue
[2026-05-24T13:31:25.948+0000] {logging_mixin.py:188} INFO - [2026-05-24T13:31:25.947+0000] {dagbag.py:545} INFO - Filling up the DagBag from /home/varn1t/ml-pipeline/venv/lib/python3.11/site-packages/airflow/example_dags/example_branch_operator_decorator.py
[2026-05-24T13:31:25.987+0000] {processor.py:842} WARNING - No viable dags retrieved from /home/varn1t/ml-pipeline/venv/lib/python3.11/site-packages/airflow/example_dags/example_branch_operator_decorator.py
[2026-05-24T13:31:25.998+0000] {processor.py:183} INFO - Processing /home/varn1t/ml-pipeline/venv/lib/python3.11/site-packages/airflow/example_dags/example_branch_operator_decorator.py took 0.058 seconds
[2026-05-24T13:32:08.074+0000] {processor.py:161} INFO - Started process (PID=4968) to work on /home/varn1t/ml-pipeline/venv/lib/python3.11/site-packages/airflow/example_dags/example_branch_operator_decorator.py
[2026-05-24T13:32:08.074+0000] {processor.py:830} INFO - Processing file /home/varn1t/ml-pipeline/venv/lib/python3.11/site-packages/airflow/example_dags/example_branch_operator_decorator.py for tasks to queue
[2026-05-24T13:32:08.076+0000] {logging_mixin.py:188} INFO - [2026-05-24T13:32:08.075+0000] {dagbag.py:545} INFO - Filling up the DagBag from /home/varn1t/ml-pipeline/venv/lib/python3.11/site-packages/airflow/example_dags/example_branch_operator_decorator.py
[2026-05-24T13:32:08.112+0000] {processor.py:842} WARNING - No viable dags retrieved from /home/varn1t/ml-pipeline/venv/lib/python3.11/site-packages/airflow/example_dags/example_branch_operator_decorator.py
[2026-05-24T13:32:08.131+0000] {processor.py:183} INFO - Processing /home/varn1t/ml-pipeline/venv/lib/python3.11/site-packages/airflow/example_dags/example_branch_operator_decorator.py took 0.062 seconds
[2026-05-24T13:33:07.378+0000] {processor.py:161} INFO - Started process (PID=5232) to work on /home/varn1t/ml-pipeline/venv/lib/python3.11/site-packages/airflow/example_dags/example_branch_operator_decorator.py
[2026-05-24T13:33:07.379+0000] {processor.py:830} INFO - Processing file /home/varn1t/ml-pipeline/venv/lib/python3.11/site-packages/airflow/example_dags/example_branch_operator_decorator.py for tasks to queue
[2026-05-24T13:33:07.381+0000] {logging_mixin.py:188} INFO - [2026-05-24T13:33:07.381+0000] {dagbag.py:545} INFO - Filling up the DagBag from /home/varn1t/ml-pipeline/venv/lib/python3.11/site-packages/airflow/example_dags/example_branch_operator_decorator.py
[2026-05-24T13:33:07.418+0000] {processor.py:842} WARNING - No viable dags retrieved from /home/varn1t/ml-pipeline/venv/lib/python3.11/site-packages/airflow/example_dags/example_branch_operator_decorator.py
[2026-05-24T13:33:07.427+0000] {processor.py:183} INFO - Processing /home/varn1t/ml-pipeline/venv/lib/python3.11/site-packages/airflow/example_dags/example_branch_operator_decorator.py took 0.053 seconds
[2026-05-24T13:34:03.469+0000] {processor.py:161} INFO - Started process (PID=5664) to work on /home/varn1t/ml-pipeline/venv/lib/python3.11/site-packages/airflow/example_dags/example_branch_operator_decorator.py
[2026-05-24T13:34:03.470+0000] {processor.py:830} INFO - Processing file /home/varn1t/ml-pipeline/venv/lib/python3.11/site-packages/airflow/example_dags/example_branch_operator_decorator.py for tasks to queue
[2026-05-24T13:34:03.470+0000] {logging_mixin.py:188} INFO - [2026-05-24T13:34:03.470+0000] {dagbag.py:545} INFO - Filling up the DagBag from /home/varn1t/ml-pipeline/venv/lib/python3.11/site-packages/airflow/example_dags/example_branch_operator_decorator.py
[2026-05-24T13:34:03.511+0000] {processor.py:842} WARNING - No viable dags retrieved from /home/varn1t/ml-pipeline/venv/lib/python3.11/site-packages/airflow/example_dags/example_branch_operator_decorator.py
[2026-05-24T13:34:03.519+0000] {processor.py:183} INFO - Processing /home/varn1t/ml-pipeline/venv/lib/python3.11/site-packages/airflow/example_dags/example_branch_operator_decorator.py took 0.054 seconds
[2026-05-24T13:34:59.315+0000] {processor.py:161} INFO - Started process (PID=6004) to work on /home/varn1t/ml-pipeline/venv/lib/python3.11/site-packages/airflow/example_dags/example_branch_operator_decorator.py
[2026-05-24T13:34:59.317+0000] {processor.py:830} INFO - Processing file /home/varn1t/ml-pipeline/venv/lib/python3.11/site-packages/airflow/example_dags/example_branch_operator_decorator.py for tasks to queue
[2026-05-24T13:34:59.317+0000] {logging_mixin.py:188} INFO - [2026-05-24T13:34:59.317+0000] {dagbag.py:545} INFO - Filling up the DagBag from /home/varn1t/ml-pipeline/venv/lib/python3.11/site-packages/airflow/example_dags/example_branch_operator_decorator.py
[2026-05-24T13:34:59.351+0000] {processor.py:842} WARNING - No viable dags retrieved from /home/varn1t/ml-pipeline/venv/lib/python3.11/site-packages/airflow/example_dags/example_branch_operator_decorator.py
[2026-05-24T13:34:59.362+0000] {processor.py:183} INFO - Processing /home/varn1t/ml-pipeline/venv/lib/python3.11/site-packages/airflow/example_dags/example_branch_operator_decorator.py took 0.052 seconds
[2026-05-24T13:35:58.073+0000] {processor.py:161} INFO - Started process (PID=6376) to work on /home/varn1t/ml-pipeline/venv/lib/python3.11/site-packages/airflow/example_dags/example_branch_operator_decorator.py
[2026-05-24T13:35:58.074+0000] {processor.py:830} INFO - Processing file /home/varn1t/ml-pipeline/venv/lib/python3.11/site-packages/airflow/example_dags/example_branch_operator_decorator.py for tasks to queue
[2026-05-24T13:35:58.074+0000] {logging_mixin.py:188} INFO - [2026-05-24T13:35:58.074+0000] {dagbag.py:545} INFO - Filling up the DagBag from /home/varn1t/ml-pipeline/venv/lib/python3.11/site-packages/airflow/example_dags/example_branch_operator_decorator.py
[2026-05-24T13:35:58.110+0000] {processor.py:842} WARNING - No viable dags retrieved from /home/varn1t/ml-pipeline/venv/lib/python3.11/site-packages/airflow/example_dags/example_branch_operator_decorator.py
[2026-05-24T13:35:58.117+0000] {processor.py:183} INFO - Processing /home/varn1t/ml-pipeline/venv/lib/python3.11/site-packages/airflow/example_dags/example_branch_operator_decorator.py took 0.049 seconds
[2026-05-24T13:36:58.599+0000] {processor.py:161} INFO - Started process (PID=6720) to work on /home/varn1t/ml-pipeline/venv/lib/python3.11/site-packages/airflow/example_dags/example_branch_operator_decorator.py
[2026-05-24T13:36:58.600+0000] {processor.py:830} INFO - Processing file /home/varn1t/ml-pipeline/venv/lib/python3.11/site-packages/airflow/example_dags/example_branch_operator_decorator.py for tasks to queue
[2026-05-24T13:36:58.601+0000] {logging_mixin.py:188} INFO - [2026-05-24T13:36:58.600+0000] {dagbag.py:545} INFO - Filling up the DagBag from /home/varn1t/ml-pipeline/venv/lib/python3.11/site-packages/airflow/example_dags/example_branch_operator_decorator.py
[2026-05-24T13:36:58.636+0000] {processor.py:842} WARNING - No viable dags retrieved from /home/varn1t/ml-pipeline/venv/lib/python3.11/site-packages/airflow/example_dags/example_branch_operator_decorator.py
[2026-05-24T13:36:58.644+0000] {processor.py:183} INFO - Processing /home/varn1t/ml-pipeline/venv/lib/python3.11/site-packages/airflow/example_dags/example_branch_operator_decorator.py took 0.049 seconds
[2026-05-24T13:37:58.133+0000] {processor.py:161} INFO - Started process (PID=7305) to work on /home/varn1t/ml-pipeline/venv/lib/python3.11/site-packages/airflow/example_dags/example_branch_operator_decorator.py
[2026-05-24T13:37:58.134+0000] {processor.py:830} INFO - Processing file /home/varn1t/ml-pipeline/venv/lib/python3.11/site-packages/airflow/example_dags/example_branch_operator_decorator.py for tasks to queue
[2026-05-24T13:37:58.135+0000] {logging_mixin.py:188} INFO - [2026-05-24T13:37:58.135+0000] {dagbag.py:545} INFO - Filling up the DagBag from /home/varn1t/ml-pipeline/venv/lib/python3.11/site-packages/airflow/example_dags/example_branch_operator_decorator.py
[2026-05-24T13:37:58.167+0000] {processor.py:842} WARNING - No viable dags retrieved from /home/varn1t/ml-pipeline/venv/lib/python3.11/site-packages/airflow/example_dags/example_branch_operator_decorator.py
[2026-05-24T13:37:58.178+0000] {processor.py:183} INFO - Processing /home/varn1t/ml-pipeline/venv/lib/python3.11/site-packages/airflow/example_dags/example_branch_operator_decorator.py took 0.049 seconds
[2026-05-24T13:38:53.688+0000] {processor.py:161} INFO - Started process (PID=7569) to work on /home/varn1t/ml-pipeline/venv/lib/python3.11/site-packages/airflow/example_dags/example_branch_operator_decorator.py
[2026-05-24T13:38:53.689+0000] {processor.py:830} INFO - Processing file /home/varn1t/ml-pipeline/venv/lib/python3.11/site-packages/airflow/example_dags/example_branch_operator_decorator.py for tasks to queue
[2026-05-24T13:38:53.689+0000] {logging_mixin.py:188} INFO - [2026-05-24T13:38:53.689+0000] {dagbag.py:545} INFO - Filling up the DagBag from /home/varn1t/ml-pipeline/venv/lib/python3.11/site-packages/airflow/example_dags/example_branch_operator_decorator.py
[2026-05-24T13:38:53.720+0000] {processor.py:842} WARNING - No viable dags retrieved from /home/varn1t/ml-pipeline/venv/lib/python3.11/site-packages/airflow/example_dags/example_branch_operator_decorator.py
[2026-05-24T13:38:53.727+0000] {processor.py:183} INFO - Processing /home/varn1t/ml-pipeline/venv/lib/python3.11/site-packages/airflow/example_dags/example_branch_operator_decorator.py took 0.043 seconds
[2026-05-24T13:39:34.665+0000] {processor.py:161} INFO - Started process (PID=7748) to work on /home/varn1t/ml-pipeline/venv/lib/python3.11/site-packages/airflow/example_dags/example_branch_operator_decorator.py
[2026-05-24T13:39:34.666+0000] {processor.py:830} INFO - Processing file /home/varn1t/ml-pipeline/venv/lib/python3.11/site-packages/airflow/example_dags/example_branch_operator_decorator.py for tasks to queue
[2026-05-24T13:39:34.666+0000] {logging_mixin.py:188} INFO - [2026-05-24T13:39:34.666+0000] {dagbag.py:545} INFO - Filling up the DagBag from /home/varn1t/ml-pipeline/venv/lib/python3.11/site-packages/airflow/example_dags/example_branch_operator_decorator.py
[2026-05-24T13:39:34.696+0000] {processor.py:842} WARNING - No viable dags retrieved from /home/varn1t/ml-pipeline/venv/lib/python3.11/site-packages/airflow/example_dags/example_branch_operator_decorator.py
[2026-05-24T13:39:34.704+0000] {processor.py:183} INFO - Processing /home/varn1t/ml-pipeline/venv/lib/python3.11/site-packages/airflow/example_dags/example_branch_operator_decorator.py took 0.042 seconds
[2026-05-24T13:40:16.889+0000] {processor.py:161} INFO - Started process (PID=7933) to work on /home/varn1t/ml-pipeline/venv/lib/python3.11/site-packages/airflow/example_dags/example_branch_operator_decorator.py
[2026-05-24T13:40:16.890+0000] {processor.py:830} INFO - Processing file /home/varn1t/ml-pipeline/venv/lib/python3.11/site-packages/airflow/example_dags/example_branch_operator_decorator.py for tasks to queue
[2026-05-24T13:40:16.890+0000] {logging_mixin.py:188} INFO - [2026-05-24T13:40:16.890+0000] {dagbag.py:545} INFO - Filling up the DagBag from /home/varn1t/ml-pipeline/venv/lib/python3.11/site-packages/airflow/example_dags/example_branch_operator_decorator.py
[2026-05-24T13:40:16.926+0000] {processor.py:842} WARNING - No viable dags retrieved from /home/varn1t/ml-pipeline/venv/lib/python3.11/site-packages/airflow/example_dags/example_branch_operator_decorator.py
[2026-05-24T13:40:16.936+0000] {processor.py:183} INFO - Processing /home/varn1t/ml-pipeline/venv/lib/python3.11/site-packages/airflow/example_dags/example_branch_operator_decorator.py took 0.051 seconds
[2026-05-24T13:41:12.379+0000] {processor.py:161} INFO - Started process (PID=8187) to work on /home/varn1t/ml-pipeline/venv/lib/python3.11/site-packages/airflow/example_dags/example_branch_operator_decorator.py
[2026-05-24T13:41:12.380+0000] {processor.py:830} INFO - Processing file /home/varn1t/ml-pipeline/venv/lib/python3.11/site-packages/airflow/example_dags/example_branch_operator_decorator.py for tasks to queue
[2026-05-24T13:41:12.380+0000] {logging_mixin.py:188} INFO - [2026-05-24T13:41:12.380+0000] {dagbag.py:545} INFO - Filling up the DagBag from /home/varn1t/ml-pipeline/venv/lib/python3.11/site-packages/airflow/example_dags/example_branch_operator_decorator.py
[2026-05-24T13:41:12.411+0000] {processor.py:842} WARNING - No viable dags retrieved from /home/varn1t/ml-pipeline/venv/lib/python3.11/site-packages/airflow/example_dags/example_branch_operator_decorator.py
[2026-05-24T13:41:12.418+0000] {processor.py:183} INFO - Processing /home/varn1t/ml-pipeline/venv/lib/python3.11/site-packages/airflow/example_dags/example_branch_operator_decorator.py took 0.045 seconds
[2026-05-24T13:41:53.487+0000] {processor.py:161} INFO - Started process (PID=8370) to work on /home/varn1t/ml-pipeline/venv/lib/python3.11/site-packages/airflow/example_dags/example_branch_operator_decorator.py
[2026-05-24T13:41:53.488+0000] {processor.py:830} INFO - Processing file /home/varn1t/ml-pipeline/venv/lib/python3.11/site-packages/airflow/example_dags/example_branch_operator_decorator.py for tasks to queue
[2026-05-24T13:41:53.488+0000] {logging_mixin.py:188} INFO - [2026-05-24T13:41:53.488+0000] {dagbag.py:545} INFO - Filling up the DagBag from /home/varn1t/ml-pipeline/venv/lib/python3.11/site-packages/airflow/example_dags/example_branch_operator_decorator.py
[2026-05-24T13:41:53.518+0000] {processor.py:842} WARNING - No viable dags retrieved from /home/varn1t/ml-pipeline/venv/lib/python3.11/site-packages/airflow/example_dags/example_branch_operator_decorator.py
[2026-05-24T13:41:53.528+0000] {processor.py:183} INFO - Processing /home/varn1t/ml-pipeline/venv/lib/python3.11/site-packages/airflow/example_dags/example_branch_operator_decorator.py took 0.045 seconds
[2026-05-24T13:42:35.267+0000] {processor.py:161} INFO - Started process (PID=8549) to work on /home/varn1t/ml-pipeline/venv/lib/python3.11/site-packages/airflow/example_dags/example_branch_operator_decorator.py
[2026-05-24T13:42:35.268+0000] {processor.py:830} INFO - Processing file /home/varn1t/ml-pipeline/venv/lib/python3.11/site-packages/airflow/example_dags/example_branch_operator_decorator.py for tasks to queue
[2026-05-24T13:42:35.269+0000] {logging_mixin.py:188} INFO - [2026-05-24T13:42:35.268+0000] {dagbag.py:545} INFO - Filling up the DagBag from /home/varn1t/ml-pipeline/venv/lib/python3.11/site-packages/airflow/example_dags/example_branch_operator_decorator.py
[2026-05-24T13:42:35.300+0000] {processor.py:842} WARNING - No viable dags retrieved from /home/varn1t/ml-pipeline/venv/lib/python3.11/site-packages/airflow/example_dags/example_branch_operator_decorator.py
[2026-05-24T13:42:35.307+0000] {processor.py:183} INFO - Processing /home/varn1t/ml-pipeline/venv/lib/python3.11/site-packages/airflow/example_dags/example_branch_operator_decorator.py took 0.043 seconds
[2026-05-24T13:43:18.779+0000] {processor.py:161} INFO - Started process (PID=8735) to work on /home/varn1t/ml-pipeline/venv/lib/python3.11/site-packages/airflow/example_dags/example_branch_operator_decorator.py
[2026-05-24T13:43:18.780+0000] {processor.py:830} INFO - Processing file /home/varn1t/ml-pipeline/venv/lib/python3.11/site-packages/airflow/example_dags/example_branch_operator_decorator.py for tasks to queue
[2026-05-24T13:43:18.781+0000] {logging_mixin.py:188} INFO - [2026-05-24T13:43:18.781+0000] {dagbag.py:545} INFO - Filling up the DagBag from /home/varn1t/ml-pipeline/venv/lib/python3.11/site-packages/airflow/example_dags/example_branch_operator_decorator.py
[2026-05-24T13:43:18.812+0000] {processor.py:842} WARNING - No viable dags retrieved from /home/varn1t/ml-pipeline/venv/lib/python3.11/site-packages/airflow/example_dags/example_branch_operator_decorator.py
[2026-05-24T13:43:18.819+0000] {processor.py:183} INFO - Processing /home/varn1t/ml-pipeline/venv/lib/python3.11/site-packages/airflow/example_dags/example_branch_operator_decorator.py took 0.044 seconds
[2026-05-24T13:44:20.526+0000] {processor.py:161} INFO - Started process (PID=9021) to work on /home/varn1t/ml-pipeline/venv/lib/python3.11/site-packages/airflow/example_dags/example_branch_operator_decorator.py
[2026-05-24T13:44:20.527+0000] {processor.py:830} INFO - Processing file /home/varn1t/ml-pipeline/venv/lib/python3.11/site-packages/airflow/example_dags/example_branch_operator_decorator.py for tasks to queue
[2026-05-24T13:44:20.527+0000] {logging_mixin.py:188} INFO - [2026-05-24T13:44:20.527+0000] {dagbag.py:545} INFO - Filling up the DagBag from /home/varn1t/ml-pipeline/venv/lib/python3.11/site-packages/airflow/example_dags/example_branch_operator_decorator.py
[2026-05-24T13:44:20.565+0000] {processor.py:842} WARNING - No viable dags retrieved from /home/varn1t/ml-pipeline/venv/lib/python3.11/site-packages/airflow/example_dags/example_branch_operator_decorator.py
[2026-05-24T13:44:20.572+0000] {processor.py:183} INFO - Processing /home/varn1t/ml-pipeline/venv/lib/python3.11/site-packages/airflow/example_dags/example_branch_operator_decorator.py took 0.050 seconds
[2026-05-24T13:45:04.824+0000] {processor.py:161} INFO - Started process (PID=9209) to work on /home/varn1t/ml-pipeline/venv/lib/python3.11/site-packages/airflow/example_dags/example_branch_operator_decorator.py
[2026-05-24T13:45:04.825+0000] {processor.py:830} INFO - Processing file /home/varn1t/ml-pipeline/venv/lib/python3.11/site-packages/airflow/example_dags/example_branch_operator_decorator.py for tasks to queue
[2026-05-24T13:45:04.825+0000] {logging_mixin.py:188} INFO - [2026-05-24T13:45:04.825+0000] {dagbag.py:545} INFO - Filling up the DagBag from /home/varn1t/ml-pipeline/venv/lib/python3.11/site-packages/airflow/example_dags/example_branch_operator_decorator.py
[2026-05-24T13:45:04.862+0000] {processor.py:842} WARNING - No viable dags retrieved from /home/varn1t/ml-pipeline/venv/lib/python3.11/site-packages/airflow/example_dags/example_branch_operator_decorator.py
[2026-05-24T13:45:04.874+0000] {processor.py:183} INFO - Processing /home/varn1t/ml-pipeline/venv/lib/python3.11/site-packages/airflow/example_dags/example_branch_operator_decorator.py took 0.055 seconds
[2026-05-24T13:46:06.767+0000] {processor.py:161} INFO - Started process (PID=9486) to work on /home/varn1t/ml-pipeline/venv/lib/python3.11/site-packages/airflow/example_dags/example_branch_operator_decorator.py
[2026-05-24T13:46:06.768+0000] {processor.py:830} INFO - Processing file /home/varn1t/ml-pipeline/venv/lib/python3.11/site-packages/airflow/example_dags/example_branch_operator_decorator.py for tasks to queue
[2026-05-24T13:46:06.769+0000] {logging_mixin.py:188} INFO - [2026-05-24T13:46:06.768+0000] {dagbag.py:545} INFO - Filling up the DagBag from /home/varn1t/ml-pipeline/venv/lib/python3.11/site-packages/airflow/example_dags/example_branch_operator_decorator.py
[2026-05-24T13:46:06.802+0000] {processor.py:842} WARNING - No viable dags retrieved from /home/varn1t/ml-pipeline/venv/lib/python3.11/site-packages/airflow/example_dags/example_branch_operator_decorator.py
[2026-05-24T13:46:06.811+0000] {processor.py:183} INFO - Processing /home/varn1t/ml-pipeline/venv/lib/python3.11/site-packages/airflow/example_dags/example_branch_operator_decorator.py took 0.048 seconds
[2026-05-24T13:46:50.996+0000] {processor.py:161} INFO - Started process (PID=9685) to work on /home/varn1t/ml-pipeline/venv/lib/python3.11/site-packages/airflow/example_dags/example_branch_operator_decorator.py
[2026-05-24T13:46:50.997+0000] {processor.py:830} INFO - Processing file /home/varn1t/ml-pipeline/venv/lib/python3.11/site-packages/airflow/example_dags/example_branch_operator_decorator.py for tasks to queue
[2026-05-24T13:46:50.997+0000] {logging_mixin.py:188} INFO - [2026-05-24T13:46:50.997+0000] {dagbag.py:545} INFO - Filling up the DagBag from /home/varn1t/ml-pipeline/venv/lib/python3.11/site-packages/airflow/example_dags/example_branch_operator_decorator.py
[2026-05-24T13:46:51.033+0000] {processor.py:842} WARNING - No viable dags retrieved from /home/varn1t/ml-pipeline/venv/lib/python3.11/site-packages/airflow/example_dags/example_branch_operator_decorator.py
[2026-05-24T13:46:51.040+0000] {processor.py:183} INFO - Processing /home/varn1t/ml-pipeline/venv/lib/python3.11/site-packages/airflow/example_dags/example_branch_operator_decorator.py took 0.048 seconds
[2026-05-24T13:47:36.397+0000] {processor.py:161} INFO - Started process (PID=9878) to work on /home/varn1t/ml-pipeline/venv/lib/python3.11/site-packages/airflow/example_dags/example_branch_operator_decorator.py
[2026-05-24T13:47:36.398+0000] {processor.py:830} INFO - Processing file /home/varn1t/ml-pipeline/venv/lib/python3.11/site-packages/airflow/example_dags/example_branch_operator_decorator.py for tasks to queue
[2026-05-24T13:47:36.399+0000] {logging_mixin.py:188} INFO - [2026-05-24T13:47:36.398+0000] {dagbag.py:545} INFO - Filling up the DagBag from /home/varn1t/ml-pipeline/venv/lib/python3.11/site-packages/airflow/example_dags/example_branch_operator_decorator.py
[2026-05-24T13:47:36.434+0000] {processor.py:842} WARNING - No viable dags retrieved from /home/varn1t/ml-pipeline/venv/lib/python3.11/site-packages/airflow/example_dags/example_branch_operator_decorator.py
[2026-05-24T13:47:36.442+0000] {processor.py:183} INFO - Processing /home/varn1t/ml-pipeline/venv/lib/python3.11/site-packages/airflow/example_dags/example_branch_operator_decorator.py took 0.049 seconds
[2026-05-24T13:48:19.094+0000] {processor.py:161} INFO - Started process (PID=10209) to work on /home/varn1t/ml-pipeline/venv/lib/python3.11/site-packages/airflow/example_dags/example_branch_operator_decorator.py
[2026-05-24T13:48:19.096+0000] {processor.py:830} INFO - Processing file /home/varn1t/ml-pipeline/venv/lib/python3.11/site-packages/airflow/example_dags/example_branch_operator_decorator.py for tasks to queue
[2026-05-24T13:48:19.097+0000] {logging_mixin.py:188} INFO - [2026-05-24T13:48:19.097+0000] {dagbag.py:545} INFO - Filling up the DagBag from /home/varn1t/ml-pipeline/venv/lib/python3.11/site-packages/airflow/example_dags/example_branch_operator_decorator.py
[2026-05-24T13:48:19.138+0000] {processor.py:842} WARNING - No viable dags retrieved from /home/varn1t/ml-pipeline/venv/lib/python3.11/site-packages/airflow/example_dags/example_branch_operator_decorator.py
[2026-05-24T13:48:19.146+0000] {processor.py:183} INFO - Processing /home/varn1t/ml-pipeline/venv/lib/python3.11/site-packages/airflow/example_dags/example_branch_operator_decorator.py took 0.061 seconds
[2026-05-24T13:49:18.316+0000] {processor.py:161} INFO - Started process (PID=10854) to work on /home/varn1t/ml-pipeline/venv/lib/python3.11/site-packages/airflow/example_dags/example_branch_operator_decorator.py
[2026-05-24T13:49:18.317+0000] {processor.py:830} INFO - Processing file /home/varn1t/ml-pipeline/venv/lib/python3.11/site-packages/airflow/example_dags/example_branch_operator_decorator.py for tasks to queue
[2026-05-24T13:49:18.317+0000] {logging_mixin.py:188} INFO - [2026-05-24T13:49:18.317+0000] {dagbag.py:545} INFO - Filling up the DagBag from /home/varn1t/ml-pipeline/venv/lib/python3.11/site-packages/airflow/example_dags/example_branch_operator_decorator.py
[2026-05-24T13:49:18.352+0000] {processor.py:842} WARNING - No viable dags retrieved from /home/varn1t/ml-pipeline/venv/lib/python3.11/site-packages/airflow/example_dags/example_branch_operator_decorator.py
[2026-05-24T13:49:18.362+0000] {processor.py:183} INFO - Processing /home/varn1t/ml-pipeline/venv/lib/python3.11/site-packages/airflow/example_dags/example_branch_operator_decorator.py took 0.051 seconds
[2026-05-24T13:50:19.904+0000] {processor.py:161} INFO - Started process (PID=11432) to work on /home/varn1t/ml-pipeline/venv/lib/python3.11/site-packages/airflow/example_dags/example_branch_operator_decorator.py
[2026-05-24T13:50:19.905+0000] {processor.py:830} INFO - Processing file /home/varn1t/ml-pipeline/venv/lib/python3.11/site-packages/airflow/example_dags/example_branch_operator_decorator.py for tasks to queue
[2026-05-24T13:50:19.906+0000] {logging_mixin.py:188} INFO - [2026-05-24T13:50:19.906+0000] {dagbag.py:545} INFO - Filling up the DagBag from /home/varn1t/ml-pipeline/venv/lib/python3.11/site-packages/airflow/example_dags/example_branch_operator_decorator.py
[2026-05-24T13:50:19.941+0000] {processor.py:842} WARNING - No viable dags retrieved from /home/varn1t/ml-pipeline/venv/lib/python3.11/site-packages/airflow/example_dags/example_branch_operator_decorator.py
[2026-05-24T13:50:19.954+0000] {processor.py:183} INFO - Processing /home/varn1t/ml-pipeline/venv/lib/python3.11/site-packages/airflow/example_dags/example_branch_operator_decorator.py took 0.055 seconds
[2026-05-24T13:51:20.192+0000] {processor.py:161} INFO - Started process (PID=11874) to work on /home/varn1t/ml-pipeline/venv/lib/python3.11/site-packages/airflow/example_dags/example_branch_operator_decorator.py
[2026-05-24T13:51:20.193+0000] {processor.py:830} INFO - Processing file /home/varn1t/ml-pipeline/venv/lib/python3.11/site-packages/airflow/example_dags/example_branch_operator_decorator.py for tasks to queue
[2026-05-24T13:51:20.193+0000] {logging_mixin.py:188} INFO - [2026-05-24T13:51:20.193+0000] {dagbag.py:545} INFO - Filling up the DagBag from /home/varn1t/ml-pipeline/venv/lib/python3.11/site-packages/airflow/example_dags/example_branch_operator_decorator.py
[2026-05-24T13:51:20.229+0000] {processor.py:842} WARNING - No viable dags retrieved from /home/varn1t/ml-pipeline/venv/lib/python3.11/site-packages/airflow/example_dags/example_branch_operator_decorator.py
[2026-05-24T13:51:20.239+0000] {processor.py:183} INFO - Processing /home/varn1t/ml-pipeline/venv/lib/python3.11/site-packages/airflow/example_dags/example_branch_operator_decorator.py took 0.052 seconds
[2026-05-24T13:52:20.025+0000] {processor.py:161} INFO - Started process (PID=12295) to work on /home/varn1t/ml-pipeline/venv/lib/python3.11/site-packages/airflow/example_dags/example_branch_operator_decorator.py
[2026-05-24T13:52:20.026+0000] {processor.py:830} INFO - Processing file /home/varn1t/ml-pipeline/venv/lib/python3.11/site-packages/airflow/example_dags/example_branch_operator_decorator.py for tasks to queue
[2026-05-24T13:52:20.026+0000] {logging_mixin.py:188} INFO - [2026-05-24T13:52:20.026+0000] {dagbag.py:545} INFO - Filling up the DagBag from /home/varn1t/ml-pipeline/venv/lib/python3.11/site-packages/airflow/example_dags/example_branch_operator_decorator.py
[2026-05-24T13:52:20.056+0000] {processor.py:842} WARNING - No viable dags retrieved from /home/varn1t/ml-pipeline/venv/lib/python3.11/site-packages/airflow/example_dags/example_branch_operator_decorator.py
[2026-05-24T13:52:20.063+0000] {processor.py:183} INFO - Processing /home/varn1t/ml-pipeline/venv/lib/python3.11/site-packages/airflow/example_dags/example_branch_operator_decorator.py took 0.042 seconds
[2026-05-24T13:53:03.827+0000] {processor.py:161} INFO - Started process (PID=12481) to work on /home/varn1t/ml-pipeline/venv/lib/python3.11/site-packages/airflow/example_dags/example_branch_operator_decorator.py
[2026-05-24T13:53:03.829+0000] {processor.py:830} INFO - Processing file /home/varn1t/ml-pipeline/venv/lib/python3.11/site-packages/airflow/example_dags/example_branch_operator_decorator.py for tasks to queue
[2026-05-24T13:53:03.829+0000] {logging_mixin.py:188} INFO - [2026-05-24T13:53:03.829+0000] {dagbag.py:545} INFO - Filling up the DagBag from /home/varn1t/ml-pipeline/venv/lib/python3.11/site-packages/airflow/example_dags/example_branch_operator_decorator.py
[2026-05-24T13:53:03.862+0000] {processor.py:842} WARNING - No viable dags retrieved from /home/varn1t/ml-pipeline/venv/lib/python3.11/site-packages/airflow/example_dags/example_branch_operator_decorator.py
[2026-05-24T13:53:03.869+0000] {processor.py:183} INFO - Processing /home/varn1t/ml-pipeline/venv/lib/python3.11/site-packages/airflow/example_dags/example_branch_operator_decorator.py took 0.048 seconds
[2026-05-24T13:53:47.225+0000] {processor.py:161} INFO - Started process (PID=12696) to work on /home/varn1t/ml-pipeline/venv/lib/python3.11/site-packages/airflow/example_dags/example_branch_operator_decorator.py
[2026-05-24T13:53:47.226+0000] {processor.py:830} INFO - Processing file /home/varn1t/ml-pipeline/venv/lib/python3.11/site-packages/airflow/example_dags/example_branch_operator_decorator.py for tasks to queue
[2026-05-24T13:53:47.226+0000] {logging_mixin.py:188} INFO - [2026-05-24T13:53:47.226+0000] {dagbag.py:545} INFO - Filling up the DagBag from /home/varn1t/ml-pipeline/venv/lib/python3.11/site-packages/airflow/example_dags/example_branch_operator_decorator.py
[2026-05-24T13:53:47.261+0000] {processor.py:842} WARNING - No viable dags retrieved from /home/varn1t/ml-pipeline/venv/lib/python3.11/site-packages/airflow/example_dags/example_branch_operator_decorator.py
[2026-05-24T13:53:47.271+0000] {processor.py:183} INFO - Processing /home/varn1t/ml-pipeline/venv/lib/python3.11/site-packages/airflow/example_dags/example_branch_operator_decorator.py took 0.050 seconds
[2026-05-24T13:54:46.873+0000] {processor.py:161} INFO - Started process (PID=12949) to work on /home/varn1t/ml-pipeline/venv/lib/python3.11/site-packages/airflow/example_dags/example_branch_operator_decorator.py
[2026-05-24T13:54:46.874+0000] {processor.py:830} INFO - Processing file /home/varn1t/ml-pipeline/venv/lib/python3.11/site-packages/airflow/example_dags/example_branch_operator_decorator.py for tasks to queue
[2026-05-24T13:54:46.875+0000] {logging_mixin.py:188} INFO - [2026-05-24T13:54:46.874+0000] {dagbag.py:545} INFO - Filling up the DagBag from /home/varn1t/ml-pipeline/venv/lib/python3.11/site-packages/airflow/example_dags/example_branch_operator_decorator.py
[2026-05-24T13:54:46.912+0000] {processor.py:842} WARNING - No viable dags retrieved from /home/varn1t/ml-pipeline/venv/lib/python3.11/site-packages/airflow/example_dags/example_branch_operator_decorator.py
[2026-05-24T13:54:46.919+0000] {processor.py:183} INFO - Processing /home/varn1t/ml-pipeline/venv/lib/python3.11/site-packages/airflow/example_dags/example_branch_operator_decorator.py took 0.050 seconds
[2026-05-24T13:55:45.808+0000] {processor.py:161} INFO - Started process (PID=13218) to work on /home/varn1t/ml-pipeline/venv/lib/python3.11/site-packages/airflow/example_dags/example_branch_operator_decorator.py
[2026-05-24T13:55:45.809+0000] {processor.py:830} INFO - Processing file /home/varn1t/ml-pipeline/venv/lib/python3.11/site-packages/airflow/example_dags/example_branch_operator_decorator.py for tasks to queue
[2026-05-24T13:55:45.810+0000] {logging_mixin.py:188} INFO - [2026-05-24T13:55:45.810+0000] {dagbag.py:545} INFO - Filling up the DagBag from /home/varn1t/ml-pipeline/venv/lib/python3.11/site-packages/airflow/example_dags/example_branch_operator_decorator.py
[2026-05-24T13:55:45.844+0000] {processor.py:842} WARNING - No viable dags retrieved from /home/varn1t/ml-pipeline/venv/lib/python3.11/site-packages/airflow/example_dags/example_branch_operator_decorator.py
[2026-05-24T13:55:45.855+0000] {processor.py:183} INFO - Processing /home/varn1t/ml-pipeline/venv/lib/python3.11/site-packages/airflow/example_dags/example_branch_operator_decorator.py took 0.052 seconds
[2026-05-24T13:56:43.926+0000] {processor.py:161} INFO - Started process (PID=13466) to work on /home/varn1t/ml-pipeline/venv/lib/python3.11/site-packages/airflow/example_dags/example_branch_operator_decorator.py
[2026-05-24T13:56:43.927+0000] {processor.py:830} INFO - Processing file /home/varn1t/ml-pipeline/venv/lib/python3.11/site-packages/airflow/example_dags/example_branch_operator_decorator.py for tasks to queue
[2026-05-24T13:56:43.927+0000] {logging_mixin.py:188} INFO - [2026-05-24T13:56:43.927+0000] {dagbag.py:545} INFO - Filling up the DagBag from /home/varn1t/ml-pipeline/venv/lib/python3.11/site-packages/airflow/example_dags/example_branch_operator_decorator.py
[2026-05-24T13:56:43.959+0000] {processor.py:842} WARNING - No viable dags retrieved from /home/varn1t/ml-pipeline/venv/lib/python3.11/site-packages/airflow/example_dags/example_branch_operator_decorator.py
[2026-05-24T13:56:43.966+0000] {processor.py:183} INFO - Processing /home/varn1t/ml-pipeline/venv/lib/python3.11/site-packages/airflow/example_dags/example_branch_operator_decorator.py took 0.044 seconds
[2026-05-24T13:57:28.080+0000] {processor.py:161} INFO - Started process (PID=13652) to work on /home/varn1t/ml-pipeline/venv/lib/python3.11/site-packages/airflow/example_dags/example_branch_operator_decorator.py
[2026-05-24T13:57:28.081+0000] {processor.py:830} INFO - Processing file /home/varn1t/ml-pipeline/venv/lib/python3.11/site-packages/airflow/example_dags/example_branch_operator_decorator.py for tasks to queue
[2026-05-24T13:57:28.082+0000] {logging_mixin.py:188} INFO - [2026-05-24T13:57:28.082+0000] {dagbag.py:545} INFO - Filling up the DagBag from /home/varn1t/ml-pipeline/venv/lib/python3.11/site-packages/airflow/example_dags/example_branch_operator_decorator.py
[2026-05-24T13:57:28.115+0000] {processor.py:842} WARNING - No viable dags retrieved from /home/varn1t/ml-pipeline/venv/lib/python3.11/site-packages/airflow/example_dags/example_branch_operator_decorator.py
[2026-05-24T13:57:28.122+0000] {processor.py:183} INFO - Processing /home/varn1t/ml-pipeline/venv/lib/python3.11/site-packages/airflow/example_dags/example_branch_operator_decorator.py took 0.048 seconds
[2026-05-24T13:58:11.819+0000] {processor.py:161} INFO - Started process (PID=13845) to work on /home/varn1t/ml-pipeline/venv/lib/python3.11/site-packages/airflow/example_dags/example_branch_operator_decorator.py
[2026-05-24T13:58:11.820+0000] {processor.py:830} INFO - Processing file /home/varn1t/ml-pipeline/venv/lib/python3.11/site-packages/airflow/example_dags/example_branch_operator_decorator.py for tasks to queue
[2026-05-24T13:58:11.821+0000] {logging_mixin.py:188} INFO - [2026-05-24T13:58:11.820+0000] {dagbag.py:545} INFO - Filling up the DagBag from /home/varn1t/ml-pipeline/venv/lib/python3.11/site-packages/airflow/example_dags/example_branch_operator_decorator.py
[2026-05-24T13:58:11.853+0000] {processor.py:842} WARNING - No viable dags retrieved from /home/varn1t/ml-pipeline/venv/lib/python3.11/site-packages/airflow/example_dags/example_branch_operator_decorator.py
[2026-05-24T13:58:11.860+0000] {processor.py:183} INFO - Processing /home/varn1t/ml-pipeline/venv/lib/python3.11/site-packages/airflow/example_dags/example_branch_operator_decorator.py took 0.045 seconds
[2026-05-24T13:59:14.474+0000] {processor.py:161} INFO - Started process (PID=14147) to work on /home/varn1t/ml-pipeline/venv/lib/python3.11/site-packages/airflow/example_dags/example_branch_operator_decorator.py
[2026-05-24T13:59:14.475+0000] {processor.py:830} INFO - Processing file /home/varn1t/ml-pipeline/venv/lib/python3.11/site-packages/airflow/example_dags/example_branch_operator_decorator.py for tasks to queue
[2026-05-24T13:59:14.475+0000] {logging_mixin.py:188} INFO - [2026-05-24T13:59:14.475+0000] {dagbag.py:545} INFO - Filling up the DagBag from /home/varn1t/ml-pipeline/venv/lib/python3.11/site-packages/airflow/example_dags/example_branch_operator_decorator.py
[2026-05-24T13:59:14.506+0000] {processor.py:842} WARNING - No viable dags retrieved from /home/varn1t/ml-pipeline/venv/lib/python3.11/site-packages/airflow/example_dags/example_branch_operator_decorator.py
[2026-05-24T13:59:14.513+0000] {processor.py:183} INFO - Processing /home/varn1t/ml-pipeline/venv/lib/python3.11/site-packages/airflow/example_dags/example_branch_operator_decorator.py took 0.043 seconds
[2026-05-24T13:59:57.609+0000] {processor.py:161} INFO - Started process (PID=14335) to work on /home/varn1t/ml-pipeline/venv/lib/python3.11/site-packages/airflow/example_dags/example_branch_operator_decorator.py
[2026-05-24T13:59:57.610+0000] {processor.py:830} INFO - Processing file /home/varn1t/ml-pipeline/venv/lib/python3.11/site-packages/airflow/example_dags/example_branch_operator_decorator.py for tasks to queue
[2026-05-24T13:59:57.611+0000] {logging_mixin.py:188} INFO - [2026-05-24T13:59:57.610+0000] {dagbag.py:545} INFO - Filling up the DagBag from /home/varn1t/ml-pipeline/venv/lib/python3.11/site-packages/airflow/example_dags/example_branch_operator_decorator.py
[2026-05-24T13:59:57.644+0000] {processor.py:842} WARNING - No viable dags retrieved from /home/varn1t/ml-pipeline/venv/lib/python3.11/site-packages/airflow/example_dags/example_branch_operator_decorator.py
[2026-05-24T13:59:57.653+0000] {processor.py:183} INFO - Processing /home/varn1t/ml-pipeline/venv/lib/python3.11/site-packages/airflow/example_dags/example_branch_operator_decorator.py took 0.050 seconds
[2026-05-24T14:00:56.561+0000] {processor.py:161} INFO - Started process (PID=14587) to work on /home/varn1t/ml-pipeline/venv/lib/python3.11/site-packages/airflow/example_dags/example_branch_operator_decorator.py
[2026-05-24T14:00:56.561+0000] {processor.py:830} INFO - Processing file /home/varn1t/ml-pipeline/venv/lib/python3.11/site-packages/airflow/example_dags/example_branch_operator_decorator.py for tasks to queue
[2026-05-24T14:00:56.562+0000] {logging_mixin.py:188} INFO - [2026-05-24T14:00:56.562+0000] {dagbag.py:545} INFO - Filling up the DagBag from /home/varn1t/ml-pipeline/venv/lib/python3.11/site-packages/airflow/example_dags/example_branch_operator_decorator.py
[2026-05-24T14:00:56.604+0000] {processor.py:842} WARNING - No viable dags retrieved from /home/varn1t/ml-pipeline/venv/lib/python3.11/site-packages/airflow/example_dags/example_branch_operator_decorator.py
[2026-05-24T14:00:56.613+0000] {processor.py:183} INFO - Processing /home/varn1t/ml-pipeline/venv/lib/python3.11/site-packages/airflow/example_dags/example_branch_operator_decorator.py took 0.057 seconds
[2026-05-24T14:01:56.956+0000] {processor.py:161} INFO - Started process (PID=14861) to work on /home/varn1t/ml-pipeline/venv/lib/python3.11/site-packages/airflow/example_dags/example_branch_operator_decorator.py
[2026-05-24T14:01:56.957+0000] {processor.py:830} INFO - Processing file /home/varn1t/ml-pipeline/venv/lib/python3.11/site-packages/airflow/example_dags/example_branch_operator_decorator.py for tasks to queue
[2026-05-24T14:01:56.957+0000] {logging_mixin.py:188} INFO - [2026-05-24T14:01:56.957+0000] {dagbag.py:545} INFO - Filling up the DagBag from /home/varn1t/ml-pipeline/venv/lib/python3.11/site-packages/airflow/example_dags/example_branch_operator_decorator.py
[2026-05-24T14:01:56.993+0000] {processor.py:842} WARNING - No viable dags retrieved from /home/varn1t/ml-pipeline/venv/lib/python3.11/site-packages/airflow/example_dags/example_branch_operator_decorator.py
[2026-05-24T14:01:57.001+0000] {processor.py:183} INFO - Processing /home/varn1t/ml-pipeline/venv/lib/python3.11/site-packages/airflow/example_dags/example_branch_operator_decorator.py took 0.050 seconds
[2026-05-24T14:02:52.383+0000] {processor.py:161} INFO - Started process (PID=15100) to work on /home/varn1t/ml-pipeline/venv/lib/python3.11/site-packages/airflow/example_dags/example_branch_operator_decorator.py
[2026-05-24T14:02:52.384+0000] {processor.py:830} INFO - Processing file /home/varn1t/ml-pipeline/venv/lib/python3.11/site-packages/airflow/example_dags/example_branch_operator_decorator.py for tasks to queue
[2026-05-24T14:02:52.385+0000] {logging_mixin.py:188} INFO - [2026-05-24T14:02:52.384+0000] {dagbag.py:545} INFO - Filling up the DagBag from /home/varn1t/ml-pipeline/venv/lib/python3.11/site-packages/airflow/example_dags/example_branch_operator_decorator.py
[2026-05-24T14:02:52.416+0000] {processor.py:842} WARNING - No viable dags retrieved from /home/varn1t/ml-pipeline/venv/lib/python3.11/site-packages/airflow/example_dags/example_branch_operator_decorator.py
[2026-05-24T14:02:52.423+0000] {processor.py:183} INFO - Processing /home/varn1t/ml-pipeline/venv/lib/python3.11/site-packages/airflow/example_dags/example_branch_operator_decorator.py took 0.044 seconds
[2026-05-24T14:03:52.253+0000] {processor.py:161} INFO - Started process (PID=15394) to work on /home/varn1t/ml-pipeline/venv/lib/python3.11/site-packages/airflow/example_dags/example_branch_operator_decorator.py
[2026-05-24T14:03:52.254+0000] {processor.py:830} INFO - Processing file /home/varn1t/ml-pipeline/venv/lib/python3.11/site-packages/airflow/example_dags/example_branch_operator_decorator.py for tasks to queue
[2026-05-24T14:03:52.254+0000] {logging_mixin.py:188} INFO - [2026-05-24T14:03:52.254+0000] {dagbag.py:545} INFO - Filling up the DagBag from /home/varn1t/ml-pipeline/venv/lib/python3.11/site-packages/airflow/example_dags/example_branch_operator_decorator.py
[2026-05-24T14:03:52.288+0000] {processor.py:842} WARNING - No viable dags retrieved from /home/varn1t/ml-pipeline/venv/lib/python3.11/site-packages/airflow/example_dags/example_branch_operator_decorator.py
[2026-05-24T14:03:52.297+0000] {processor.py:183} INFO - Processing /home/varn1t/ml-pipeline/venv/lib/python3.11/site-packages/airflow/example_dags/example_branch_operator_decorator.py took 0.048 seconds
[2026-05-24T14:04:34.289+0000] {processor.py:161} INFO - Started process (PID=15574) to work on /home/varn1t/ml-pipeline/venv/lib/python3.11/site-packages/airflow/example_dags/example_branch_operator_decorator.py
[2026-05-24T14:04:34.290+0000] {processor.py:830} INFO - Processing file /home/varn1t/ml-pipeline/venv/lib/python3.11/site-packages/airflow/example_dags/example_branch_operator_decorator.py for tasks to queue
[2026-05-24T14:04:34.291+0000] {logging_mixin.py:188} INFO - [2026-05-24T14:04:34.290+0000] {dagbag.py:545} INFO - Filling up the DagBag from /home/varn1t/ml-pipeline/venv/lib/python3.11/site-packages/airflow/example_dags/example_branch_operator_decorator.py
[2026-05-24T14:04:34.322+0000] {processor.py:842} WARNING - No viable dags retrieved from /home/varn1t/ml-pipeline/venv/lib/python3.11/site-packages/airflow/example_dags/example_branch_operator_decorator.py
[2026-05-24T14:04:34.331+0000] {processor.py:183} INFO - Processing /home/varn1t/ml-pipeline/venv/lib/python3.11/site-packages/airflow/example_dags/example_branch_operator_decorator.py took 0.047 seconds
[2026-05-24T14:05:16.296+0000] {processor.py:161} INFO - Started process (PID=15754) to work on /home/varn1t/ml-pipeline/venv/lib/python3.11/site-packages/airflow/example_dags/example_branch_operator_decorator.py
[2026-05-24T14:05:16.297+0000] {processor.py:830} INFO - Processing file /home/varn1t/ml-pipeline/venv/lib/python3.11/site-packages/airflow/example_dags/example_branch_operator_decorator.py for tasks to queue
[2026-05-24T14:05:16.298+0000] {logging_mixin.py:188} INFO - [2026-05-24T14:05:16.297+0000] {dagbag.py:545} INFO - Filling up the DagBag from /home/varn1t/ml-pipeline/venv/lib/python3.11/site-packages/airflow/example_dags/example_branch_operator_decorator.py
[2026-05-24T14:05:16.331+0000] {processor.py:842} WARNING - No viable dags retrieved from /home/varn1t/ml-pipeline/venv/lib/python3.11/site-packages/airflow/example_dags/example_branch_operator_decorator.py
[2026-05-24T14:05:16.340+0000] {processor.py:183} INFO - Processing /home/varn1t/ml-pipeline/venv/lib/python3.11/site-packages/airflow/example_dags/example_branch_operator_decorator.py took 0.048 seconds
[2026-05-24T14:05:58.537+0000] {processor.py:161} INFO - Started process (PID=15939) to work on /home/varn1t/ml-pipeline/venv/lib/python3.11/site-packages/airflow/example_dags/example_branch_operator_decorator.py
[2026-05-24T14:05:58.538+0000] {processor.py:830} INFO - Processing file /home/varn1t/ml-pipeline/venv/lib/python3.11/site-packages/airflow/example_dags/example_branch_operator_decorator.py for tasks to queue
[2026-05-24T14:05:58.538+0000] {logging_mixin.py:188} INFO - [2026-05-24T14:05:58.538+0000] {dagbag.py:545} INFO - Filling up the DagBag from /home/varn1t/ml-pipeline/venv/lib/python3.11/site-packages/airflow/example_dags/example_branch_operator_decorator.py
[2026-05-24T14:05:58.570+0000] {processor.py:842} WARNING - No viable dags retrieved from /home/varn1t/ml-pipeline/venv/lib/python3.11/site-packages/airflow/example_dags/example_branch_operator_decorator.py
[2026-05-24T14:05:58.578+0000] {processor.py:183} INFO - Processing /home/varn1t/ml-pipeline/venv/lib/python3.11/site-packages/airflow/example_dags/example_branch_operator_decorator.py took 0.045 seconds
[2026-05-24T14:06:41.812+0000] {processor.py:161} INFO - Started process (PID=16157) to work on /home/varn1t/ml-pipeline/venv/lib/python3.11/site-packages/airflow/example_dags/example_branch_operator_decorator.py
[2026-05-24T14:06:41.813+0000] {processor.py:830} INFO - Processing file /home/varn1t/ml-pipeline/venv/lib/python3.11/site-packages/airflow/example_dags/example_branch_operator_decorator.py for tasks to queue
[2026-05-24T14:06:41.813+0000] {logging_mixin.py:188} INFO - [2026-05-24T14:06:41.813+0000] {dagbag.py:545} INFO - Filling up the DagBag from /home/varn1t/ml-pipeline/venv/lib/python3.11/site-packages/airflow/example_dags/example_branch_operator_decorator.py
[2026-05-24T14:06:41.847+0000] {processor.py:842} WARNING - No viable dags retrieved from /home/varn1t/ml-pipeline/venv/lib/python3.11/site-packages/airflow/example_dags/example_branch_operator_decorator.py
[2026-05-24T14:06:41.854+0000] {processor.py:183} INFO - Processing /home/varn1t/ml-pipeline/venv/lib/python3.11/site-packages/airflow/example_dags/example_branch_operator_decorator.py took 0.048 seconds
[2026-05-24T14:07:25.212+0000] {processor.py:161} INFO - Started process (PID=16342) to work on /home/varn1t/ml-pipeline/venv/lib/python3.11/site-packages/airflow/example_dags/example_branch_operator_decorator.py
[2026-05-24T14:07:25.213+0000] {processor.py:830} INFO - Processing file /home/varn1t/ml-pipeline/venv/lib/python3.11/site-packages/airflow/example_dags/example_branch_operator_decorator.py for tasks to queue
[2026-05-24T14:07:25.214+0000] {logging_mixin.py:188} INFO - [2026-05-24T14:07:25.213+0000] {dagbag.py:545} INFO - Filling up the DagBag from /home/varn1t/ml-pipeline/venv/lib/python3.11/site-packages/airflow/example_dags/example_branch_operator_decorator.py
[2026-05-24T14:07:25.248+0000] {processor.py:842} WARNING - No viable dags retrieved from /home/varn1t/ml-pipeline/venv/lib/python3.11/site-packages/airflow/example_dags/example_branch_operator_decorator.py
[2026-05-24T14:07:25.258+0000] {processor.py:183} INFO - Processing /home/varn1t/ml-pipeline/venv/lib/python3.11/site-packages/airflow/example_dags/example_branch_operator_decorator.py took 0.051 seconds
[2026-05-24T14:08:08.082+0000] {processor.py:161} INFO - Started process (PID=16530) to work on /home/varn1t/ml-pipeline/venv/lib/python3.11/site-packages/airflow/example_dags/example_branch_operator_decorator.py
[2026-05-24T14:08:08.082+0000] {processor.py:830} INFO - Processing file /home/varn1t/ml-pipeline/venv/lib/python3.11/site-packages/airflow/example_dags/example_branch_operator_decorator.py for tasks to queue
[2026-05-24T14:08:08.083+0000] {logging_mixin.py:188} INFO - [2026-05-24T14:08:08.083+0000] {dagbag.py:545} INFO - Filling up the DagBag from /home/varn1t/ml-pipeline/venv/lib/python3.11/site-packages/airflow/example_dags/example_branch_operator_decorator.py
[2026-05-24T14:08:08.114+0000] {processor.py:842} WARNING - No viable dags retrieved from /home/varn1t/ml-pipeline/venv/lib/python3.11/site-packages/airflow/example_dags/example_branch_operator_decorator.py
[2026-05-24T14:08:08.122+0000] {processor.py:183} INFO - Processing /home/varn1t/ml-pipeline/venv/lib/python3.11/site-packages/airflow/example_dags/example_branch_operator_decorator.py took 0.044 seconds
[2026-05-24T14:09:07.095+0000] {processor.py:161} INFO - Started process (PID=16806) to work on /home/varn1t/ml-pipeline/venv/lib/python3.11/site-packages/airflow/example_dags/example_branch_operator_decorator.py
[2026-05-24T14:09:07.096+0000] {processor.py:830} INFO - Processing file /home/varn1t/ml-pipeline/venv/lib/python3.11/site-packages/airflow/example_dags/example_branch_operator_decorator.py for tasks to queue
[2026-05-24T14:09:07.096+0000] {logging_mixin.py:188} INFO - [2026-05-24T14:09:07.096+0000] {dagbag.py:545} INFO - Filling up the DagBag from /home/varn1t/ml-pipeline/venv/lib/python3.11/site-packages/airflow/example_dags/example_branch_operator_decorator.py
[2026-05-24T14:09:07.130+0000] {processor.py:842} WARNING - No viable dags retrieved from /home/varn1t/ml-pipeline/venv/lib/python3.11/site-packages/airflow/example_dags/example_branch_operator_decorator.py
[2026-05-24T14:09:07.138+0000] {processor.py:183} INFO - Processing /home/varn1t/ml-pipeline/venv/lib/python3.11/site-packages/airflow/example_dags/example_branch_operator_decorator.py took 0.047 seconds
[2026-05-24T14:09:49.296+0000] {processor.py:161} INFO - Started process (PID=16991) to work on /home/varn1t/ml-pipeline/venv/lib/python3.11/site-packages/airflow/example_dags/example_branch_operator_decorator.py
[2026-05-24T14:09:49.297+0000] {processor.py:830} INFO - Processing file /home/varn1t/ml-pipeline/venv/lib/python3.11/site-packages/airflow/example_dags/example_branch_operator_decorator.py for tasks to queue
[2026-05-24T14:09:49.297+0000] {logging_mixin.py:188} INFO - [2026-05-24T14:09:49.297+0000] {dagbag.py:545} INFO - Filling up the DagBag from /home/varn1t/ml-pipeline/venv/lib/python3.11/site-packages/airflow/example_dags/example_branch_operator_decorator.py
[2026-05-24T14:09:49.328+0000] {processor.py:842} WARNING - No viable dags retrieved from /home/varn1t/ml-pipeline/venv/lib/python3.11/site-packages/airflow/example_dags/example_branch_operator_decorator.py
[2026-05-24T14:09:49.335+0000] {processor.py:183} INFO - Processing /home/varn1t/ml-pipeline/venv/lib/python3.11/site-packages/airflow/example_dags/example_branch_operator_decorator.py took 0.043 seconds
[2026-05-24T14:10:50.796+0000] {processor.py:161} INFO - Started process (PID=17266) to work on /home/varn1t/ml-pipeline/venv/lib/python3.11/site-packages/airflow/example_dags/example_branch_operator_decorator.py
[2026-05-24T14:10:50.797+0000] {processor.py:830} INFO - Processing file /home/varn1t/ml-pipeline/venv/lib/python3.11/site-packages/airflow/example_dags/example_branch_operator_decorator.py for tasks to queue
[2026-05-24T14:10:50.798+0000] {logging_mixin.py:188} INFO - [2026-05-24T14:10:50.797+0000] {dagbag.py:545} INFO - Filling up the DagBag from /home/varn1t/ml-pipeline/venv/lib/python3.11/site-packages/airflow/example_dags/example_branch_operator_decorator.py
[2026-05-24T14:10:50.833+0000] {processor.py:842} WARNING - No viable dags retrieved from /home/varn1t/ml-pipeline/venv/lib/python3.11/site-packages/airflow/example_dags/example_branch_operator_decorator.py
[2026-05-24T14:10:50.840+0000] {processor.py:183} INFO - Processing /home/varn1t/ml-pipeline/venv/lib/python3.11/site-packages/airflow/example_dags/example_branch_operator_decorator.py took 0.048 seconds
[2026-05-24T14:11:33.739+0000] {processor.py:161} INFO - Started process (PID=17462) to work on /home/varn1t/ml-pipeline/venv/lib/python3.11/site-packages/airflow/example_dags/example_branch_operator_decorator.py
[2026-05-24T14:11:33.740+0000] {processor.py:830} INFO - Processing file /home/varn1t/ml-pipeline/venv/lib/python3.11/site-packages/airflow/example_dags/example_branch_operator_decorator.py for tasks to queue
[2026-05-24T14:11:33.740+0000] {logging_mixin.py:188} INFO - [2026-05-24T14:11:33.740+0000] {dagbag.py:545} INFO - Filling up the DagBag from /home/varn1t/ml-pipeline/venv/lib/python3.11/site-packages/airflow/example_dags/example_branch_operator_decorator.py
[2026-05-24T14:11:33.791+0000] {processor.py:842} WARNING - No viable dags retrieved from /home/varn1t/ml-pipeline/venv/lib/python3.11/site-packages/airflow/example_dags/example_branch_operator_decorator.py
[2026-05-24T14:11:33.801+0000] {processor.py:183} INFO - Processing /home/varn1t/ml-pipeline/venv/lib/python3.11/site-packages/airflow/example_dags/example_branch_operator_decorator.py took 0.067 seconds
[2026-05-24T14:12:32.417+0000] {processor.py:161} INFO - Started process (PID=17714) to work on /home/varn1t/ml-pipeline/venv/lib/python3.11/site-packages/airflow/example_dags/example_branch_operator_decorator.py
[2026-05-24T14:12:32.418+0000] {processor.py:830} INFO - Processing file /home/varn1t/ml-pipeline/venv/lib/python3.11/site-packages/airflow/example_dags/example_branch_operator_decorator.py for tasks to queue
[2026-05-24T14:12:32.419+0000] {logging_mixin.py:188} INFO - [2026-05-24T14:12:32.419+0000] {dagbag.py:545} INFO - Filling up the DagBag from /home/varn1t/ml-pipeline/venv/lib/python3.11/site-packages/airflow/example_dags/example_branch_operator_decorator.py
[2026-05-24T14:12:32.450+0000] {processor.py:842} WARNING - No viable dags retrieved from /home/varn1t/ml-pipeline/venv/lib/python3.11/site-packages/airflow/example_dags/example_branch_operator_decorator.py
[2026-05-24T14:12:32.460+0000] {processor.py:183} INFO - Processing /home/varn1t/ml-pipeline/venv/lib/python3.11/site-packages/airflow/example_dags/example_branch_operator_decorator.py took 0.047 seconds
[2026-05-24T14:13:34.509+0000] {processor.py:161} INFO - Started process (PID=18017) to work on /home/varn1t/ml-pipeline/venv/lib/python3.11/site-packages/airflow/example_dags/example_branch_operator_decorator.py
[2026-05-24T14:13:34.510+0000] {processor.py:830} INFO - Processing file /home/varn1t/ml-pipeline/venv/lib/python3.11/site-packages/airflow/example_dags/example_branch_operator_decorator.py for tasks to queue
[2026-05-24T14:13:34.511+0000] {logging_mixin.py:188} INFO - [2026-05-24T14:13:34.511+0000] {dagbag.py:545} INFO - Filling up the DagBag from /home/varn1t/ml-pipeline/venv/lib/python3.11/site-packages/airflow/example_dags/example_branch_operator_decorator.py
[2026-05-24T14:13:34.545+0000] {processor.py:842} WARNING - No viable dags retrieved from /home/varn1t/ml-pipeline/venv/lib/python3.11/site-packages/airflow/example_dags/example_branch_operator_decorator.py
[2026-05-24T14:13:34.552+0000] {processor.py:183} INFO - Processing /home/varn1t/ml-pipeline/venv/lib/python3.11/site-packages/airflow/example_dags/example_branch_operator_decorator.py took 0.047 seconds
[2026-05-24T14:14:33.778+0000] {processor.py:161} INFO - Started process (PID=18264) to work on /home/varn1t/ml-pipeline/venv/lib/python3.11/site-packages/airflow/example_dags/example_branch_operator_decorator.py
[2026-05-24T14:14:33.779+0000] {processor.py:830} INFO - Processing file /home/varn1t/ml-pipeline/venv/lib/python3.11/site-packages/airflow/example_dags/example_branch_operator_decorator.py for tasks to queue
[2026-05-24T14:14:33.780+0000] {logging_mixin.py:188} INFO - [2026-05-24T14:14:33.779+0000] {dagbag.py:545} INFO - Filling up the DagBag from /home/varn1t/ml-pipeline/venv/lib/python3.11/site-packages/airflow/example_dags/example_branch_operator_decorator.py
[2026-05-24T14:14:33.811+0000] {processor.py:842} WARNING - No viable dags retrieved from /home/varn1t/ml-pipeline/venv/lib/python3.11/site-packages/airflow/example_dags/example_branch_operator_decorator.py
[2026-05-24T14:14:33.820+0000] {processor.py:183} INFO - Processing /home/varn1t/ml-pipeline/venv/lib/python3.11/site-packages/airflow/example_dags/example_branch_operator_decorator.py took 0.046 seconds
[2026-05-24T14:15:17.531+0000] {processor.py:161} INFO - Started process (PID=18449) to work on /home/varn1t/ml-pipeline/venv/lib/python3.11/site-packages/airflow/example_dags/example_branch_operator_decorator.py
[2026-05-24T14:15:17.532+0000] {processor.py:830} INFO - Processing file /home/varn1t/ml-pipeline/venv/lib/python3.11/site-packages/airflow/example_dags/example_branch_operator_decorator.py for tasks to queue
[2026-05-24T14:15:17.533+0000] {logging_mixin.py:188} INFO - [2026-05-24T14:15:17.533+0000] {dagbag.py:545} INFO - Filling up the DagBag from /home/varn1t/ml-pipeline/venv/lib/python3.11/site-packages/airflow/example_dags/example_branch_operator_decorator.py
[2026-05-24T14:15:17.571+0000] {processor.py:842} WARNING - No viable dags retrieved from /home/varn1t/ml-pipeline/venv/lib/python3.11/site-packages/airflow/example_dags/example_branch_operator_decorator.py
[2026-05-24T14:15:17.581+0000] {processor.py:183} INFO - Processing /home/varn1t/ml-pipeline/venv/lib/python3.11/site-packages/airflow/example_dags/example_branch_operator_decorator.py took 0.056 seconds
[2026-05-24T14:16:08.007+0000] {processor.py:161} INFO - Started process (PID=18671) to work on /home/varn1t/ml-pipeline/venv/lib/python3.11/site-packages/airflow/example_dags/example_branch_operator_decorator.py
[2026-05-24T14:16:08.008+0000] {processor.py:830} INFO - Processing file /home/varn1t/ml-pipeline/venv/lib/python3.11/site-packages/airflow/example_dags/example_branch_operator_decorator.py for tasks to queue
[2026-05-24T14:16:08.009+0000] {logging_mixin.py:188} INFO - [2026-05-24T14:16:08.009+0000] {dagbag.py:545} INFO - Filling up the DagBag from /home/varn1t/ml-pipeline/venv/lib/python3.11/site-packages/airflow/example_dags/example_branch_operator_decorator.py
[2026-05-24T14:16:08.077+0000] {processor.py:842} WARNING - No viable dags retrieved from /home/varn1t/ml-pipeline/venv/lib/python3.11/site-packages/airflow/example_dags/example_branch_operator_decorator.py
[2026-05-24T14:16:08.092+0000] {processor.py:183} INFO - Processing /home/varn1t/ml-pipeline/venv/lib/python3.11/site-packages/airflow/example_dags/example_branch_operator_decorator.py took 0.094 seconds
[2026-05-24T14:17:04.031+0000] {processor.py:161} INFO - Started process (PID=18930) to work on /home/varn1t/ml-pipeline/venv/lib/python3.11/site-packages/airflow/example_dags/example_branch_operator_decorator.py
[2026-05-24T14:17:04.034+0000] {processor.py:830} INFO - Processing file /home/varn1t/ml-pipeline/venv/lib/python3.11/site-packages/airflow/example_dags/example_branch_operator_decorator.py for tasks to queue
[2026-05-24T14:17:04.037+0000] {logging_mixin.py:188} INFO - [2026-05-24T14:17:04.036+0000] {dagbag.py:545} INFO - Filling up the DagBag from /home/varn1t/ml-pipeline/venv/lib/python3.11/site-packages/airflow/example_dags/example_branch_operator_decorator.py
[2026-05-24T14:17:04.233+0000] {processor.py:842} WARNING - No viable dags retrieved from /home/varn1t/ml-pipeline/venv/lib/python3.11/site-packages/airflow/example_dags/example_branch_operator_decorator.py
[2026-05-24T14:17:04.262+0000] {processor.py:183} INFO - Processing /home/varn1t/ml-pipeline/venv/lib/python3.11/site-packages/airflow/example_dags/example_branch_operator_decorator.py took 0.248 seconds
[2026-05-24T14:18:01.349+0000] {processor.py:161} INFO - Started process (PID=19189) to work on /home/varn1t/ml-pipeline/venv/lib/python3.11/site-packages/airflow/example_dags/example_branch_operator_decorator.py
[2026-05-24T14:18:01.350+0000] {processor.py:830} INFO - Processing file /home/varn1t/ml-pipeline/venv/lib/python3.11/site-packages/airflow/example_dags/example_branch_operator_decorator.py for tasks to queue
[2026-05-24T14:18:01.351+0000] {logging_mixin.py:188} INFO - [2026-05-24T14:18:01.351+0000] {dagbag.py:545} INFO - Filling up the DagBag from /home/varn1t/ml-pipeline/venv/lib/python3.11/site-packages/airflow/example_dags/example_branch_operator_decorator.py
[2026-05-24T14:18:01.385+0000] {processor.py:842} WARNING - No viable dags retrieved from /home/varn1t/ml-pipeline/venv/lib/python3.11/site-packages/airflow/example_dags/example_branch_operator_decorator.py
[2026-05-24T14:18:01.392+0000] {processor.py:183} INFO - Processing /home/varn1t/ml-pipeline/venv/lib/python3.11/site-packages/airflow/example_dags/example_branch_operator_decorator.py took 0.047 seconds
[2026-05-24T14:18:46.304+0000] {processor.py:161} INFO - Started process (PID=19417) to work on /home/varn1t/ml-pipeline/venv/lib/python3.11/site-packages/airflow/example_dags/example_branch_operator_decorator.py
[2026-05-24T14:18:46.305+0000] {processor.py:830} INFO - Processing file /home/varn1t/ml-pipeline/venv/lib/python3.11/site-packages/airflow/example_dags/example_branch_operator_decorator.py for tasks to queue
[2026-05-24T14:18:46.306+0000] {logging_mixin.py:188} INFO - [2026-05-24T14:18:46.305+0000] {dagbag.py:545} INFO - Filling up the DagBag from /home/varn1t/ml-pipeline/venv/lib/python3.11/site-packages/airflow/example_dags/example_branch_operator_decorator.py
[2026-05-24T14:18:46.355+0000] {processor.py:842} WARNING - No viable dags retrieved from /home/varn1t/ml-pipeline/venv/lib/python3.11/site-packages/airflow/example_dags/example_branch_operator_decorator.py
[2026-05-24T14:18:46.365+0000] {processor.py:183} INFO - Processing /home/varn1t/ml-pipeline/venv/lib/python3.11/site-packages/airflow/example_dags/example_branch_operator_decorator.py took 0.066 seconds
[2026-05-24T14:19:29.094+0000] {processor.py:161} INFO - Started process (PID=19602) to work on /home/varn1t/ml-pipeline/venv/lib/python3.11/site-packages/airflow/example_dags/example_branch_operator_decorator.py
[2026-05-24T14:19:29.096+0000] {processor.py:830} INFO - Processing file /home/varn1t/ml-pipeline/venv/lib/python3.11/site-packages/airflow/example_dags/example_branch_operator_decorator.py for tasks to queue
[2026-05-24T14:19:29.096+0000] {logging_mixin.py:188} INFO - [2026-05-24T14:19:29.096+0000] {dagbag.py:545} INFO - Filling up the DagBag from /home/varn1t/ml-pipeline/venv/lib/python3.11/site-packages/airflow/example_dags/example_branch_operator_decorator.py
[2026-05-24T14:19:29.136+0000] {processor.py:842} WARNING - No viable dags retrieved from /home/varn1t/ml-pipeline/venv/lib/python3.11/site-packages/airflow/example_dags/example_branch_operator_decorator.py
[2026-05-24T14:19:29.145+0000] {processor.py:183} INFO - Processing /home/varn1t/ml-pipeline/venv/lib/python3.11/site-packages/airflow/example_dags/example_branch_operator_decorator.py took 0.056 seconds
[2026-05-24T14:20:10.297+0000] {processor.py:161} INFO - Started process (PID=19797) to work on /home/varn1t/ml-pipeline/venv/lib/python3.11/site-packages/airflow/example_dags/example_branch_operator_decorator.py
[2026-05-24T14:20:10.298+0000] {processor.py:830} INFO - Processing file /home/varn1t/ml-pipeline/venv/lib/python3.11/site-packages/airflow/example_dags/example_branch_operator_decorator.py for tasks to queue
[2026-05-24T14:20:10.299+0000] {logging_mixin.py:188} INFO - [2026-05-24T14:20:10.299+0000] {dagbag.py:545} INFO - Filling up the DagBag from /home/varn1t/ml-pipeline/venv/lib/python3.11/site-packages/airflow/example_dags/example_branch_operator_decorator.py
[2026-05-24T14:20:10.334+0000] {processor.py:842} WARNING - No viable dags retrieved from /home/varn1t/ml-pipeline/venv/lib/python3.11/site-packages/airflow/example_dags/example_branch_operator_decorator.py
[2026-05-24T14:20:10.342+0000] {processor.py:183} INFO - Processing /home/varn1t/ml-pipeline/venv/lib/python3.11/site-packages/airflow/example_dags/example_branch_operator_decorator.py took 0.049 seconds
[2026-05-24T14:20:53.679+0000] {processor.py:161} INFO - Started process (PID=19990) to work on /home/varn1t/ml-pipeline/venv/lib/python3.11/site-packages/airflow/example_dags/example_branch_operator_decorator.py
[2026-05-24T14:20:53.680+0000] {processor.py:830} INFO - Processing file /home/varn1t/ml-pipeline/venv/lib/python3.11/site-packages/airflow/example_dags/example_branch_operator_decorator.py for tasks to queue
[2026-05-24T14:20:53.681+0000] {logging_mixin.py:188} INFO - [2026-05-24T14:20:53.681+0000] {dagbag.py:545} INFO - Filling up the DagBag from /home/varn1t/ml-pipeline/venv/lib/python3.11/site-packages/airflow/example_dags/example_branch_operator_decorator.py
[2026-05-24T14:20:53.716+0000] {processor.py:842} WARNING - No viable dags retrieved from /home/varn1t/ml-pipeline/venv/lib/python3.11/site-packages/airflow/example_dags/example_branch_operator_decorator.py
[2026-05-24T14:20:53.726+0000] {processor.py:183} INFO - Processing /home/varn1t/ml-pipeline/venv/lib/python3.11/site-packages/airflow/example_dags/example_branch_operator_decorator.py took 0.053 seconds
[2026-05-24T14:21:54.728+0000] {processor.py:161} INFO - Started process (PID=20280) to work on /home/varn1t/ml-pipeline/venv/lib/python3.11/site-packages/airflow/example_dags/example_branch_operator_decorator.py
[2026-05-24T14:21:54.729+0000] {processor.py:830} INFO - Processing file /home/varn1t/ml-pipeline/venv/lib/python3.11/site-packages/airflow/example_dags/example_branch_operator_decorator.py for tasks to queue
[2026-05-24T14:21:54.730+0000] {logging_mixin.py:188} INFO - [2026-05-24T14:21:54.729+0000] {dagbag.py:545} INFO - Filling up the DagBag from /home/varn1t/ml-pipeline/venv/lib/python3.11/site-packages/airflow/example_dags/example_branch_operator_decorator.py
[2026-05-24T14:21:54.768+0000] {processor.py:842} WARNING - No viable dags retrieved from /home/varn1t/ml-pipeline/venv/lib/python3.11/site-packages/airflow/example_dags/example_branch_operator_decorator.py
[2026-05-24T14:21:54.779+0000] {processor.py:183} INFO - Processing /home/varn1t/ml-pipeline/venv/lib/python3.11/site-packages/airflow/example_dags/example_branch_operator_decorator.py took 0.057 seconds
[2026-05-24T14:22:37.467+0000] {processor.py:161} INFO - Started process (PID=20475) to work on /home/varn1t/ml-pipeline/venv/lib/python3.11/site-packages/airflow/example_dags/example_branch_operator_decorator.py
[2026-05-24T14:22:37.468+0000] {processor.py:830} INFO - Processing file /home/varn1t/ml-pipeline/venv/lib/python3.11/site-packages/airflow/example_dags/example_branch_operator_decorator.py for tasks to queue
[2026-05-24T14:22:37.469+0000] {logging_mixin.py:188} INFO - [2026-05-24T14:22:37.468+0000] {dagbag.py:545} INFO - Filling up the DagBag from /home/varn1t/ml-pipeline/venv/lib/python3.11/site-packages/airflow/example_dags/example_branch_operator_decorator.py
[2026-05-24T14:22:37.508+0000] {processor.py:842} WARNING - No viable dags retrieved from /home/varn1t/ml-pipeline/venv/lib/python3.11/site-packages/airflow/example_dags/example_branch_operator_decorator.py
[2026-05-24T14:22:37.518+0000] {processor.py:183} INFO - Processing /home/varn1t/ml-pipeline/venv/lib/python3.11/site-packages/airflow/example_dags/example_branch_operator_decorator.py took 0.056 seconds
[2026-05-24T14:23:22.541+0000] {processor.py:161} INFO - Started process (PID=20680) to work on /home/varn1t/ml-pipeline/venv/lib/python3.11/site-packages/airflow/example_dags/example_branch_operator_decorator.py
[2026-05-24T14:23:22.542+0000] {processor.py:830} INFO - Processing file /home/varn1t/ml-pipeline/venv/lib/python3.11/site-packages/airflow/example_dags/example_branch_operator_decorator.py for tasks to queue
[2026-05-24T14:23:22.543+0000] {logging_mixin.py:188} INFO - [2026-05-24T14:23:22.543+0000] {dagbag.py:545} INFO - Filling up the DagBag from /home/varn1t/ml-pipeline/venv/lib/python3.11/site-packages/airflow/example_dags/example_branch_operator_decorator.py
[2026-05-24T14:23:22.579+0000] {processor.py:842} WARNING - No viable dags retrieved from /home/varn1t/ml-pipeline/venv/lib/python3.11/site-packages/airflow/example_dags/example_branch_operator_decorator.py
[2026-05-24T14:23:22.588+0000] {processor.py:183} INFO - Processing /home/varn1t/ml-pipeline/venv/lib/python3.11/site-packages/airflow/example_dags/example_branch_operator_decorator.py took 0.053 seconds
[2026-05-24T14:24:21.058+0000] {processor.py:161} INFO - Started process (PID=20968) to work on /home/varn1t/ml-pipeline/venv/lib/python3.11/site-packages/airflow/example_dags/example_branch_operator_decorator.py
[2026-05-24T14:24:21.060+0000] {processor.py:830} INFO - Processing file /home/varn1t/ml-pipeline/venv/lib/python3.11/site-packages/airflow/example_dags/example_branch_operator_decorator.py for tasks to queue
[2026-05-24T14:24:21.061+0000] {logging_mixin.py:188} INFO - [2026-05-24T14:24:21.060+0000] {dagbag.py:545} INFO - Filling up the DagBag from /home/varn1t/ml-pipeline/venv/lib/python3.11/site-packages/airflow/example_dags/example_branch_operator_decorator.py
[2026-05-24T14:24:21.095+0000] {processor.py:842} WARNING - No viable dags retrieved from /home/varn1t/ml-pipeline/venv/lib/python3.11/site-packages/airflow/example_dags/example_branch_operator_decorator.py
[2026-05-24T14:24:21.103+0000] {processor.py:183} INFO - Processing /home/varn1t/ml-pipeline/venv/lib/python3.11/site-packages/airflow/example_dags/example_branch_operator_decorator.py took 0.049 seconds
[2026-05-24T14:25:19.703+0000] {processor.py:161} INFO - Started process (PID=21243) to work on /home/varn1t/ml-pipeline/venv/lib/python3.11/site-packages/airflow/example_dags/example_branch_operator_decorator.py
[2026-05-24T14:25:19.704+0000] {processor.py:830} INFO - Processing file /home/varn1t/ml-pipeline/venv/lib/python3.11/site-packages/airflow/example_dags/example_branch_operator_decorator.py for tasks to queue
[2026-05-24T14:25:19.704+0000] {logging_mixin.py:188} INFO - [2026-05-24T14:25:19.704+0000] {dagbag.py:545} INFO - Filling up the DagBag from /home/varn1t/ml-pipeline/venv/lib/python3.11/site-packages/airflow/example_dags/example_branch_operator_decorator.py
[2026-05-24T14:25:19.737+0000] {processor.py:842} WARNING - No viable dags retrieved from /home/varn1t/ml-pipeline/venv/lib/python3.11/site-packages/airflow/example_dags/example_branch_operator_decorator.py
[2026-05-24T14:25:19.747+0000] {processor.py:183} INFO - Processing /home/varn1t/ml-pipeline/venv/lib/python3.11/site-packages/airflow/example_dags/example_branch_operator_decorator.py took 0.049 seconds
[2026-05-24T14:26:01.220+0000] {processor.py:161} INFO - Started process (PID=21432) to work on /home/varn1t/ml-pipeline/venv/lib/python3.11/site-packages/airflow/example_dags/example_branch_operator_decorator.py
[2026-05-24T14:26:01.221+0000] {processor.py:830} INFO - Processing file /home/varn1t/ml-pipeline/venv/lib/python3.11/site-packages/airflow/example_dags/example_branch_operator_decorator.py for tasks to queue
[2026-05-24T14:26:01.221+0000] {logging_mixin.py:188} INFO - [2026-05-24T14:26:01.221+0000] {dagbag.py:545} INFO - Filling up the DagBag from /home/varn1t/ml-pipeline/venv/lib/python3.11/site-packages/airflow/example_dags/example_branch_operator_decorator.py
[2026-05-24T14:26:01.263+0000] {processor.py:842} WARNING - No viable dags retrieved from /home/varn1t/ml-pipeline/venv/lib/python3.11/site-packages/airflow/example_dags/example_branch_operator_decorator.py
[2026-05-24T14:26:01.271+0000] {processor.py:183} INFO - Processing /home/varn1t/ml-pipeline/venv/lib/python3.11/site-packages/airflow/example_dags/example_branch_operator_decorator.py took 0.057 seconds
[2026-05-24T14:26:41.717+0000] {processor.py:161} INFO - Started process (PID=21619) to work on /home/varn1t/ml-pipeline/venv/lib/python3.11/site-packages/airflow/example_dags/example_branch_operator_decorator.py
[2026-05-24T14:26:41.719+0000] {processor.py:830} INFO - Processing file /home/varn1t/ml-pipeline/venv/lib/python3.11/site-packages/airflow/example_dags/example_branch_operator_decorator.py for tasks to queue
[2026-05-24T14:26:41.720+0000] {logging_mixin.py:188} INFO - [2026-05-24T14:26:41.719+0000] {dagbag.py:545} INFO - Filling up the DagBag from /home/varn1t/ml-pipeline/venv/lib/python3.11/site-packages/airflow/example_dags/example_branch_operator_decorator.py
[2026-05-24T14:26:41.761+0000] {processor.py:842} WARNING - No viable dags retrieved from /home/varn1t/ml-pipeline/venv/lib/python3.11/site-packages/airflow/example_dags/example_branch_operator_decorator.py
[2026-05-24T14:26:41.771+0000] {processor.py:183} INFO - Processing /home/varn1t/ml-pipeline/venv/lib/python3.11/site-packages/airflow/example_dags/example_branch_operator_decorator.py took 0.059 seconds
[2026-05-24T14:27:37.696+0000] {processor.py:161} INFO - Started process (PID=21871) to work on /home/varn1t/ml-pipeline/venv/lib/python3.11/site-packages/airflow/example_dags/example_branch_operator_decorator.py
[2026-05-24T14:27:37.697+0000] {processor.py:830} INFO - Processing file /home/varn1t/ml-pipeline/venv/lib/python3.11/site-packages/airflow/example_dags/example_branch_operator_decorator.py for tasks to queue
[2026-05-24T14:27:37.697+0000] {logging_mixin.py:188} INFO - [2026-05-24T14:27:37.697+0000] {dagbag.py:545} INFO - Filling up the DagBag from /home/varn1t/ml-pipeline/venv/lib/python3.11/site-packages/airflow/example_dags/example_branch_operator_decorator.py
[2026-05-24T14:27:37.748+0000] {processor.py:842} WARNING - No viable dags retrieved from /home/varn1t/ml-pipeline/venv/lib/python3.11/site-packages/airflow/example_dags/example_branch_operator_decorator.py
[2026-05-24T14:27:37.756+0000] {processor.py:183} INFO - Processing /home/varn1t/ml-pipeline/venv/lib/python3.11/site-packages/airflow/example_dags/example_branch_operator_decorator.py took 0.065 seconds
[2026-05-24T14:28:22.204+0000] {processor.py:161} INFO - Started process (PID=22059) to work on /home/varn1t/ml-pipeline/venv/lib/python3.11/site-packages/airflow/example_dags/example_branch_operator_decorator.py
[2026-05-24T14:28:22.205+0000] {processor.py:830} INFO - Processing file /home/varn1t/ml-pipeline/venv/lib/python3.11/site-packages/airflow/example_dags/example_branch_operator_decorator.py for tasks to queue
[2026-05-24T14:28:22.206+0000] {logging_mixin.py:188} INFO - [2026-05-24T14:28:22.205+0000] {dagbag.py:545} INFO - Filling up the DagBag from /home/varn1t/ml-pipeline/venv/lib/python3.11/site-packages/airflow/example_dags/example_branch_operator_decorator.py
[2026-05-24T14:28:22.244+0000] {processor.py:842} WARNING - No viable dags retrieved from /home/varn1t/ml-pipeline/venv/lib/python3.11/site-packages/airflow/example_dags/example_branch_operator_decorator.py
[2026-05-24T14:28:22.253+0000] {processor.py:183} INFO - Processing /home/varn1t/ml-pipeline/venv/lib/python3.11/site-packages/airflow/example_dags/example_branch_operator_decorator.py took 0.055 seconds
[2026-05-24T14:29:08.384+0000] {processor.py:161} INFO - Started process (PID=22299) to work on /home/varn1t/ml-pipeline/venv/lib/python3.11/site-packages/airflow/example_dags/example_branch_operator_decorator.py
[2026-05-24T14:29:08.385+0000] {processor.py:830} INFO - Processing file /home/varn1t/ml-pipeline/venv/lib/python3.11/site-packages/airflow/example_dags/example_branch_operator_decorator.py for tasks to queue
[2026-05-24T14:29:08.385+0000] {logging_mixin.py:188} INFO - [2026-05-24T14:29:08.385+0000] {dagbag.py:545} INFO - Filling up the DagBag from /home/varn1t/ml-pipeline/venv/lib/python3.11/site-packages/airflow/example_dags/example_branch_operator_decorator.py
[2026-05-24T14:29:08.425+0000] {processor.py:842} WARNING - No viable dags retrieved from /home/varn1t/ml-pipeline/venv/lib/python3.11/site-packages/airflow/example_dags/example_branch_operator_decorator.py
[2026-05-24T14:29:08.433+0000] {processor.py:183} INFO - Processing /home/varn1t/ml-pipeline/venv/lib/python3.11/site-packages/airflow/example_dags/example_branch_operator_decorator.py took 0.054 seconds
[2026-05-24T14:30:07.089+0000] {processor.py:161} INFO - Started process (PID=22567) to work on /home/varn1t/ml-pipeline/venv/lib/python3.11/site-packages/airflow/example_dags/example_branch_operator_decorator.py
[2026-05-24T14:30:07.090+0000] {processor.py:830} INFO - Processing file /home/varn1t/ml-pipeline/venv/lib/python3.11/site-packages/airflow/example_dags/example_branch_operator_decorator.py for tasks to queue
[2026-05-24T14:30:07.091+0000] {logging_mixin.py:188} INFO - [2026-05-24T14:30:07.091+0000] {dagbag.py:545} INFO - Filling up the DagBag from /home/varn1t/ml-pipeline/venv/lib/python3.11/site-packages/airflow/example_dags/example_branch_operator_decorator.py
[2026-05-24T14:30:07.123+0000] {processor.py:842} WARNING - No viable dags retrieved from /home/varn1t/ml-pipeline/venv/lib/python3.11/site-packages/airflow/example_dags/example_branch_operator_decorator.py
[2026-05-24T14:30:07.130+0000] {processor.py:183} INFO - Processing /home/varn1t/ml-pipeline/venv/lib/python3.11/site-packages/airflow/example_dags/example_branch_operator_decorator.py took 0.045 seconds
[2026-05-24T14:31:07.137+0000] {processor.py:161} INFO - Started process (PID=22825) to work on /home/varn1t/ml-pipeline/venv/lib/python3.11/site-packages/airflow/example_dags/example_branch_operator_decorator.py
[2026-05-24T14:31:07.138+0000] {processor.py:830} INFO - Processing file /home/varn1t/ml-pipeline/venv/lib/python3.11/site-packages/airflow/example_dags/example_branch_operator_decorator.py for tasks to queue
[2026-05-24T14:31:07.139+0000] {logging_mixin.py:188} INFO - [2026-05-24T14:31:07.139+0000] {dagbag.py:545} INFO - Filling up the DagBag from /home/varn1t/ml-pipeline/venv/lib/python3.11/site-packages/airflow/example_dags/example_branch_operator_decorator.py
[2026-05-24T14:31:07.176+0000] {processor.py:842} WARNING - No viable dags retrieved from /home/varn1t/ml-pipeline/venv/lib/python3.11/site-packages/airflow/example_dags/example_branch_operator_decorator.py
[2026-05-24T14:31:07.186+0000] {processor.py:183} INFO - Processing /home/varn1t/ml-pipeline/venv/lib/python3.11/site-packages/airflow/example_dags/example_branch_operator_decorator.py took 0.054 seconds
[2026-05-24T14:31:50.101+0000] {processor.py:161} INFO - Started process (PID=23017) to work on /home/varn1t/ml-pipeline/venv/lib/python3.11/site-packages/airflow/example_dags/example_branch_operator_decorator.py
[2026-05-24T14:31:50.102+0000] {processor.py:830} INFO - Processing file /home/varn1t/ml-pipeline/venv/lib/python3.11/site-packages/airflow/example_dags/example_branch_operator_decorator.py for tasks to queue
[2026-05-24T14:31:50.103+0000] {logging_mixin.py:188} INFO - [2026-05-24T14:31:50.102+0000] {dagbag.py:545} INFO - Filling up the DagBag from /home/varn1t/ml-pipeline/venv/lib/python3.11/site-packages/airflow/example_dags/example_branch_operator_decorator.py
[2026-05-24T14:31:50.134+0000] {processor.py:842} WARNING - No viable dags retrieved from /home/varn1t/ml-pipeline/venv/lib/python3.11/site-packages/airflow/example_dags/example_branch_operator_decorator.py
[2026-05-24T14:31:50.142+0000] {processor.py:183} INFO - Processing /home/varn1t/ml-pipeline/venv/lib/python3.11/site-packages/airflow/example_dags/example_branch_operator_decorator.py took 0.045 seconds
[2026-05-24T14:32:30.841+0000] {processor.py:161} INFO - Started process (PID=23201) to work on /home/varn1t/ml-pipeline/venv/lib/python3.11/site-packages/airflow/example_dags/example_branch_operator_decorator.py
[2026-05-24T14:32:30.842+0000] {processor.py:830} INFO - Processing file /home/varn1t/ml-pipeline/venv/lib/python3.11/site-packages/airflow/example_dags/example_branch_operator_decorator.py for tasks to queue
[2026-05-24T14:32:30.842+0000] {logging_mixin.py:188} INFO - [2026-05-24T14:32:30.842+0000] {dagbag.py:545} INFO - Filling up the DagBag from /home/varn1t/ml-pipeline/venv/lib/python3.11/site-packages/airflow/example_dags/example_branch_operator_decorator.py
[2026-05-24T14:32:30.874+0000] {processor.py:842} WARNING - No viable dags retrieved from /home/varn1t/ml-pipeline/venv/lib/python3.11/site-packages/airflow/example_dags/example_branch_operator_decorator.py
[2026-05-24T14:32:30.884+0000] {processor.py:183} INFO - Processing /home/varn1t/ml-pipeline/venv/lib/python3.11/site-packages/airflow/example_dags/example_branch_operator_decorator.py took 0.047 seconds
[2026-05-24T14:33:14.456+0000] {processor.py:161} INFO - Started process (PID=23389) to work on /home/varn1t/ml-pipeline/venv/lib/python3.11/site-packages/airflow/example_dags/example_branch_operator_decorator.py
[2026-05-24T14:33:14.457+0000] {processor.py:830} INFO - Processing file /home/varn1t/ml-pipeline/venv/lib/python3.11/site-packages/airflow/example_dags/example_branch_operator_decorator.py for tasks to queue
[2026-05-24T14:33:14.457+0000] {logging_mixin.py:188} INFO - [2026-05-24T14:33:14.457+0000] {dagbag.py:545} INFO - Filling up the DagBag from /home/varn1t/ml-pipeline/venv/lib/python3.11/site-packages/airflow/example_dags/example_branch_operator_decorator.py
[2026-05-24T14:33:14.488+0000] {processor.py:842} WARNING - No viable dags retrieved from /home/varn1t/ml-pipeline/venv/lib/python3.11/site-packages/airflow/example_dags/example_branch_operator_decorator.py
[2026-05-24T14:33:14.497+0000] {processor.py:183} INFO - Processing /home/varn1t/ml-pipeline/venv/lib/python3.11/site-packages/airflow/example_dags/example_branch_operator_decorator.py took 0.045 seconds
[2026-05-24T14:33:56.032+0000] {processor.py:161} INFO - Started process (PID=23599) to work on /home/varn1t/ml-pipeline/venv/lib/python3.11/site-packages/airflow/example_dags/example_branch_operator_decorator.py
[2026-05-24T14:33:56.033+0000] {processor.py:830} INFO - Processing file /home/varn1t/ml-pipeline/venv/lib/python3.11/site-packages/airflow/example_dags/example_branch_operator_decorator.py for tasks to queue
[2026-05-24T14:33:56.033+0000] {logging_mixin.py:188} INFO - [2026-05-24T14:33:56.033+0000] {dagbag.py:545} INFO - Filling up the DagBag from /home/varn1t/ml-pipeline/venv/lib/python3.11/site-packages/airflow/example_dags/example_branch_operator_decorator.py
[2026-05-24T14:33:56.063+0000] {processor.py:842} WARNING - No viable dags retrieved from /home/varn1t/ml-pipeline/venv/lib/python3.11/site-packages/airflow/example_dags/example_branch_operator_decorator.py
[2026-05-24T14:33:56.071+0000] {processor.py:183} INFO - Processing /home/varn1t/ml-pipeline/venv/lib/python3.11/site-packages/airflow/example_dags/example_branch_operator_decorator.py took 0.043 seconds
[2026-05-24T14:34:56.524+0000] {processor.py:161} INFO - Started process (PID=23877) to work on /home/varn1t/ml-pipeline/venv/lib/python3.11/site-packages/airflow/example_dags/example_branch_operator_decorator.py
[2026-05-24T14:34:56.525+0000] {processor.py:830} INFO - Processing file /home/varn1t/ml-pipeline/venv/lib/python3.11/site-packages/airflow/example_dags/example_branch_operator_decorator.py for tasks to queue
[2026-05-24T14:34:56.526+0000] {logging_mixin.py:188} INFO - [2026-05-24T14:34:56.526+0000] {dagbag.py:545} INFO - Filling up the DagBag from /home/varn1t/ml-pipeline/venv/lib/python3.11/site-packages/airflow/example_dags/example_branch_operator_decorator.py
[2026-05-24T14:34:56.559+0000] {processor.py:842} WARNING - No viable dags retrieved from /home/varn1t/ml-pipeline/venv/lib/python3.11/site-packages/airflow/example_dags/example_branch_operator_decorator.py
[2026-05-24T14:34:56.566+0000] {processor.py:183} INFO - Processing /home/varn1t/ml-pipeline/venv/lib/python3.11/site-packages/airflow/example_dags/example_branch_operator_decorator.py took 0.048 seconds
[2026-05-24T14:35:37.181+0000] {processor.py:161} INFO - Started process (PID=24052) to work on /home/varn1t/ml-pipeline/venv/lib/python3.11/site-packages/airflow/example_dags/example_branch_operator_decorator.py
[2026-05-24T14:35:37.182+0000] {processor.py:830} INFO - Processing file /home/varn1t/ml-pipeline/venv/lib/python3.11/site-packages/airflow/example_dags/example_branch_operator_decorator.py for tasks to queue
[2026-05-24T14:35:37.183+0000] {logging_mixin.py:188} INFO - [2026-05-24T14:35:37.183+0000] {dagbag.py:545} INFO - Filling up the DagBag from /home/varn1t/ml-pipeline/venv/lib/python3.11/site-packages/airflow/example_dags/example_branch_operator_decorator.py
[2026-05-24T14:35:37.213+0000] {processor.py:842} WARNING - No viable dags retrieved from /home/varn1t/ml-pipeline/venv/lib/python3.11/site-packages/airflow/example_dags/example_branch_operator_decorator.py
[2026-05-24T14:35:37.222+0000] {processor.py:183} INFO - Processing /home/varn1t/ml-pipeline/venv/lib/python3.11/site-packages/airflow/example_dags/example_branch_operator_decorator.py took 0.046 seconds
[2026-05-24T14:36:20.547+0000] {processor.py:161} INFO - Started process (PID=24245) to work on /home/varn1t/ml-pipeline/venv/lib/python3.11/site-packages/airflow/example_dags/example_branch_operator_decorator.py
[2026-05-24T14:36:20.547+0000] {processor.py:830} INFO - Processing file /home/varn1t/ml-pipeline/venv/lib/python3.11/site-packages/airflow/example_dags/example_branch_operator_decorator.py for tasks to queue
[2026-05-24T14:36:20.548+0000] {logging_mixin.py:188} INFO - [2026-05-24T14:36:20.548+0000] {dagbag.py:545} INFO - Filling up the DagBag from /home/varn1t/ml-pipeline/venv/lib/python3.11/site-packages/airflow/example_dags/example_branch_operator_decorator.py
[2026-05-24T14:36:20.583+0000] {processor.py:842} WARNING - No viable dags retrieved from /home/varn1t/ml-pipeline/venv/lib/python3.11/site-packages/airflow/example_dags/example_branch_operator_decorator.py
[2026-05-24T14:36:20.592+0000] {processor.py:183} INFO - Processing /home/varn1t/ml-pipeline/venv/lib/python3.11/site-packages/airflow/example_dags/example_branch_operator_decorator.py took 0.050 seconds
[2026-05-24T14:37:04.218+0000] {processor.py:161} INFO - Started process (PID=24444) to work on /home/varn1t/ml-pipeline/venv/lib/python3.11/site-packages/airflow/example_dags/example_branch_operator_decorator.py
[2026-05-24T14:37:04.219+0000] {processor.py:830} INFO - Processing file /home/varn1t/ml-pipeline/venv/lib/python3.11/site-packages/airflow/example_dags/example_branch_operator_decorator.py for tasks to queue
[2026-05-24T14:37:04.219+0000] {logging_mixin.py:188} INFO - [2026-05-24T14:37:04.219+0000] {dagbag.py:545} INFO - Filling up the DagBag from /home/varn1t/ml-pipeline/venv/lib/python3.11/site-packages/airflow/example_dags/example_branch_operator_decorator.py
[2026-05-24T14:37:04.247+0000] {processor.py:842} WARNING - No viable dags retrieved from /home/varn1t/ml-pipeline/venv/lib/python3.11/site-packages/airflow/example_dags/example_branch_operator_decorator.py
[2026-05-24T14:37:04.255+0000] {processor.py:183} INFO - Processing /home/varn1t/ml-pipeline/venv/lib/python3.11/site-packages/airflow/example_dags/example_branch_operator_decorator.py took 0.042 seconds
[2026-05-24T14:38:03.082+0000] {processor.py:161} INFO - Started process (PID=24721) to work on /home/varn1t/ml-pipeline/venv/lib/python3.11/site-packages/airflow/example_dags/example_branch_operator_decorator.py
[2026-05-24T14:38:03.083+0000] {processor.py:830} INFO - Processing file /home/varn1t/ml-pipeline/venv/lib/python3.11/site-packages/airflow/example_dags/example_branch_operator_decorator.py for tasks to queue
[2026-05-24T14:38:03.083+0000] {logging_mixin.py:188} INFO - [2026-05-24T14:38:03.083+0000] {dagbag.py:545} INFO - Filling up the DagBag from /home/varn1t/ml-pipeline/venv/lib/python3.11/site-packages/airflow/example_dags/example_branch_operator_decorator.py
[2026-05-24T14:38:03.115+0000] {processor.py:842} WARNING - No viable dags retrieved from /home/varn1t/ml-pipeline/venv/lib/python3.11/site-packages/airflow/example_dags/example_branch_operator_decorator.py
[2026-05-24T14:38:03.122+0000] {processor.py:183} INFO - Processing /home/varn1t/ml-pipeline/venv/lib/python3.11/site-packages/airflow/example_dags/example_branch_operator_decorator.py took 0.045 seconds
[2026-05-24T14:38:44.708+0000] {processor.py:161} INFO - Started process (PID=24931) to work on /home/varn1t/ml-pipeline/venv/lib/python3.11/site-packages/airflow/example_dags/example_branch_operator_decorator.py
[2026-05-24T14:38:44.708+0000] {processor.py:830} INFO - Processing file /home/varn1t/ml-pipeline/venv/lib/python3.11/site-packages/airflow/example_dags/example_branch_operator_decorator.py for tasks to queue
[2026-05-24T14:38:44.709+0000] {logging_mixin.py:188} INFO - [2026-05-24T14:38:44.709+0000] {dagbag.py:545} INFO - Filling up the DagBag from /home/varn1t/ml-pipeline/venv/lib/python3.11/site-packages/airflow/example_dags/example_branch_operator_decorator.py
[2026-05-24T14:38:44.737+0000] {processor.py:842} WARNING - No viable dags retrieved from /home/varn1t/ml-pipeline/venv/lib/python3.11/site-packages/airflow/example_dags/example_branch_operator_decorator.py
[2026-05-24T14:38:44.746+0000] {processor.py:183} INFO - Processing /home/varn1t/ml-pipeline/venv/lib/python3.11/site-packages/airflow/example_dags/example_branch_operator_decorator.py took 0.044 seconds
[2026-05-24T14:39:45.225+0000] {processor.py:161} INFO - Started process (PID=25210) to work on /home/varn1t/ml-pipeline/venv/lib/python3.11/site-packages/airflow/example_dags/example_branch_operator_decorator.py
[2026-05-24T14:39:45.226+0000] {processor.py:830} INFO - Processing file /home/varn1t/ml-pipeline/venv/lib/python3.11/site-packages/airflow/example_dags/example_branch_operator_decorator.py for tasks to queue
[2026-05-24T14:39:45.227+0000] {logging_mixin.py:188} INFO - [2026-05-24T14:39:45.226+0000] {dagbag.py:545} INFO - Filling up the DagBag from /home/varn1t/ml-pipeline/venv/lib/python3.11/site-packages/airflow/example_dags/example_branch_operator_decorator.py
[2026-05-24T14:39:45.259+0000] {processor.py:842} WARNING - No viable dags retrieved from /home/varn1t/ml-pipeline/venv/lib/python3.11/site-packages/airflow/example_dags/example_branch_operator_decorator.py
[2026-05-24T14:39:45.268+0000] {processor.py:183} INFO - Processing /home/varn1t/ml-pipeline/venv/lib/python3.11/site-packages/airflow/example_dags/example_branch_operator_decorator.py took 0.049 seconds
[2026-05-24T14:40:29.877+0000] {processor.py:161} INFO - Started process (PID=25400) to work on /home/varn1t/ml-pipeline/venv/lib/python3.11/site-packages/airflow/example_dags/example_branch_operator_decorator.py
[2026-05-24T14:40:29.878+0000] {processor.py:830} INFO - Processing file /home/varn1t/ml-pipeline/venv/lib/python3.11/site-packages/airflow/example_dags/example_branch_operator_decorator.py for tasks to queue
[2026-05-24T14:40:29.879+0000] {logging_mixin.py:188} INFO - [2026-05-24T14:40:29.879+0000] {dagbag.py:545} INFO - Filling up the DagBag from /home/varn1t/ml-pipeline/venv/lib/python3.11/site-packages/airflow/example_dags/example_branch_operator_decorator.py
[2026-05-24T14:40:29.908+0000] {processor.py:842} WARNING - No viable dags retrieved from /home/varn1t/ml-pipeline/venv/lib/python3.11/site-packages/airflow/example_dags/example_branch_operator_decorator.py
[2026-05-24T14:40:29.917+0000] {processor.py:183} INFO - Processing /home/varn1t/ml-pipeline/venv/lib/python3.11/site-packages/airflow/example_dags/example_branch_operator_decorator.py took 0.045 seconds
[2026-05-24T14:41:17.010+0000] {processor.py:161} INFO - Started process (PID=25604) to work on /home/varn1t/ml-pipeline/venv/lib/python3.11/site-packages/airflow/example_dags/example_branch_operator_decorator.py
[2026-05-24T14:41:17.011+0000] {processor.py:830} INFO - Processing file /home/varn1t/ml-pipeline/venv/lib/python3.11/site-packages/airflow/example_dags/example_branch_operator_decorator.py for tasks to queue
[2026-05-24T14:41:17.012+0000] {logging_mixin.py:188} INFO - [2026-05-24T14:41:17.012+0000] {dagbag.py:545} INFO - Filling up the DagBag from /home/varn1t/ml-pipeline/venv/lib/python3.11/site-packages/airflow/example_dags/example_branch_operator_decorator.py
[2026-05-24T14:41:17.044+0000] {processor.py:842} WARNING - No viable dags retrieved from /home/varn1t/ml-pipeline/venv/lib/python3.11/site-packages/airflow/example_dags/example_branch_operator_decorator.py
[2026-05-24T14:41:17.053+0000] {processor.py:183} INFO - Processing /home/varn1t/ml-pipeline/venv/lib/python3.11/site-packages/airflow/example_dags/example_branch_operator_decorator.py took 0.046 seconds
[2026-05-24T14:42:03.742+0000] {processor.py:161} INFO - Started process (PID=25812) to work on /home/varn1t/ml-pipeline/venv/lib/python3.11/site-packages/airflow/example_dags/example_branch_operator_decorator.py
[2026-05-24T14:42:03.743+0000] {processor.py:830} INFO - Processing file /home/varn1t/ml-pipeline/venv/lib/python3.11/site-packages/airflow/example_dags/example_branch_operator_decorator.py for tasks to queue
[2026-05-24T14:42:03.744+0000] {logging_mixin.py:188} INFO - [2026-05-24T14:42:03.744+0000] {dagbag.py:545} INFO - Filling up the DagBag from /home/varn1t/ml-pipeline/venv/lib/python3.11/site-packages/airflow/example_dags/example_branch_operator_decorator.py
[2026-05-24T14:42:03.784+0000] {processor.py:842} WARNING - No viable dags retrieved from /home/varn1t/ml-pipeline/venv/lib/python3.11/site-packages/airflow/example_dags/example_branch_operator_decorator.py
[2026-05-24T14:42:03.794+0000] {processor.py:183} INFO - Processing /home/varn1t/ml-pipeline/venv/lib/python3.11/site-packages/airflow/example_dags/example_branch_operator_decorator.py took 0.056 seconds
[2026-05-24T14:42:50.543+0000] {processor.py:161} INFO - Started process (PID=26009) to work on /home/varn1t/ml-pipeline/venv/lib/python3.11/site-packages/airflow/example_dags/example_branch_operator_decorator.py
[2026-05-24T14:42:50.544+0000] {processor.py:830} INFO - Processing file /home/varn1t/ml-pipeline/venv/lib/python3.11/site-packages/airflow/example_dags/example_branch_operator_decorator.py for tasks to queue
[2026-05-24T14:42:50.545+0000] {logging_mixin.py:188} INFO - [2026-05-24T14:42:50.545+0000] {dagbag.py:545} INFO - Filling up the DagBag from /home/varn1t/ml-pipeline/venv/lib/python3.11/site-packages/airflow/example_dags/example_branch_operator_decorator.py
[2026-05-24T14:42:50.577+0000] {processor.py:842} WARNING - No viable dags retrieved from /home/varn1t/ml-pipeline/venv/lib/python3.11/site-packages/airflow/example_dags/example_branch_operator_decorator.py
[2026-05-24T14:42:50.584+0000] {processor.py:183} INFO - Processing /home/varn1t/ml-pipeline/venv/lib/python3.11/site-packages/airflow/example_dags/example_branch_operator_decorator.py took 0.047 seconds
[2026-05-24T14:43:33.285+0000] {processor.py:161} INFO - Started process (PID=26227) to work on /home/varn1t/ml-pipeline/venv/lib/python3.11/site-packages/airflow/example_dags/example_branch_operator_decorator.py
[2026-05-24T14:43:33.286+0000] {processor.py:830} INFO - Processing file /home/varn1t/ml-pipeline/venv/lib/python3.11/site-packages/airflow/example_dags/example_branch_operator_decorator.py for tasks to queue
[2026-05-24T14:43:33.287+0000] {logging_mixin.py:188} INFO - [2026-05-24T14:43:33.287+0000] {dagbag.py:545} INFO - Filling up the DagBag from /home/varn1t/ml-pipeline/venv/lib/python3.11/site-packages/airflow/example_dags/example_branch_operator_decorator.py
[2026-05-24T14:43:33.319+0000] {processor.py:842} WARNING - No viable dags retrieved from /home/varn1t/ml-pipeline/venv/lib/python3.11/site-packages/airflow/example_dags/example_branch_operator_decorator.py
[2026-05-24T14:43:33.327+0000] {processor.py:183} INFO - Processing /home/varn1t/ml-pipeline/venv/lib/python3.11/site-packages/airflow/example_dags/example_branch_operator_decorator.py took 0.048 seconds
[2026-05-24T14:44:34.641+0000] {processor.py:161} INFO - Started process (PID=26502) to work on /home/varn1t/ml-pipeline/venv/lib/python3.11/site-packages/airflow/example_dags/example_branch_operator_decorator.py
[2026-05-24T14:44:34.642+0000] {processor.py:830} INFO - Processing file /home/varn1t/ml-pipeline/venv/lib/python3.11/site-packages/airflow/example_dags/example_branch_operator_decorator.py for tasks to queue
[2026-05-24T14:44:34.643+0000] {logging_mixin.py:188} INFO - [2026-05-24T14:44:34.643+0000] {dagbag.py:545} INFO - Filling up the DagBag from /home/varn1t/ml-pipeline/venv/lib/python3.11/site-packages/airflow/example_dags/example_branch_operator_decorator.py
[2026-05-24T14:44:34.680+0000] {processor.py:842} WARNING - No viable dags retrieved from /home/varn1t/ml-pipeline/venv/lib/python3.11/site-packages/airflow/example_dags/example_branch_operator_decorator.py
[2026-05-24T14:44:34.690+0000] {processor.py:183} INFO - Processing /home/varn1t/ml-pipeline/venv/lib/python3.11/site-packages/airflow/example_dags/example_branch_operator_decorator.py took 0.053 seconds
[2026-05-24T14:45:34.727+0000] {processor.py:161} INFO - Started process (PID=26778) to work on /home/varn1t/ml-pipeline/venv/lib/python3.11/site-packages/airflow/example_dags/example_branch_operator_decorator.py
[2026-05-24T14:45:34.728+0000] {processor.py:830} INFO - Processing file /home/varn1t/ml-pipeline/venv/lib/python3.11/site-packages/airflow/example_dags/example_branch_operator_decorator.py for tasks to queue
[2026-05-24T14:45:34.729+0000] {logging_mixin.py:188} INFO - [2026-05-24T14:45:34.729+0000] {dagbag.py:545} INFO - Filling up the DagBag from /home/varn1t/ml-pipeline/venv/lib/python3.11/site-packages/airflow/example_dags/example_branch_operator_decorator.py
[2026-05-24T14:45:34.762+0000] {processor.py:842} WARNING - No viable dags retrieved from /home/varn1t/ml-pipeline/venv/lib/python3.11/site-packages/airflow/example_dags/example_branch_operator_decorator.py
[2026-05-24T14:45:34.773+0000] {processor.py:183} INFO - Processing /home/varn1t/ml-pipeline/venv/lib/python3.11/site-packages/airflow/example_dags/example_branch_operator_decorator.py took 0.050 seconds
[2026-05-24T14:46:18.711+0000] {processor.py:161} INFO - Started process (PID=26976) to work on /home/varn1t/ml-pipeline/venv/lib/python3.11/site-packages/airflow/example_dags/example_branch_operator_decorator.py
[2026-05-24T14:46:18.712+0000] {processor.py:830} INFO - Processing file /home/varn1t/ml-pipeline/venv/lib/python3.11/site-packages/airflow/example_dags/example_branch_operator_decorator.py for tasks to queue
[2026-05-24T14:46:18.713+0000] {logging_mixin.py:188} INFO - [2026-05-24T14:46:18.713+0000] {dagbag.py:545} INFO - Filling up the DagBag from /home/varn1t/ml-pipeline/venv/lib/python3.11/site-packages/airflow/example_dags/example_branch_operator_decorator.py
[2026-05-24T14:46:18.749+0000] {processor.py:842} WARNING - No viable dags retrieved from /home/varn1t/ml-pipeline/venv/lib/python3.11/site-packages/airflow/example_dags/example_branch_operator_decorator.py
[2026-05-24T14:46:18.757+0000] {processor.py:183} INFO - Processing /home/varn1t/ml-pipeline/venv/lib/python3.11/site-packages/airflow/example_dags/example_branch_operator_decorator.py took 0.050 seconds
[2026-05-24T14:47:00.634+0000] {processor.py:161} INFO - Started process (PID=27169) to work on /home/varn1t/ml-pipeline/venv/lib/python3.11/site-packages/airflow/example_dags/example_branch_operator_decorator.py
[2026-05-24T14:47:00.636+0000] {processor.py:830} INFO - Processing file /home/varn1t/ml-pipeline/venv/lib/python3.11/site-packages/airflow/example_dags/example_branch_operator_decorator.py for tasks to queue
[2026-05-24T14:47:00.637+0000] {logging_mixin.py:188} INFO - [2026-05-24T14:47:00.637+0000] {dagbag.py:545} INFO - Filling up the DagBag from /home/varn1t/ml-pipeline/venv/lib/python3.11/site-packages/airflow/example_dags/example_branch_operator_decorator.py
[2026-05-24T14:47:00.676+0000] {processor.py:842} WARNING - No viable dags retrieved from /home/varn1t/ml-pipeline/venv/lib/python3.11/site-packages/airflow/example_dags/example_branch_operator_decorator.py
[2026-05-24T14:47:00.686+0000] {processor.py:183} INFO - Processing /home/varn1t/ml-pipeline/venv/lib/python3.11/site-packages/airflow/example_dags/example_branch_operator_decorator.py took 0.058 seconds
[2026-05-24T14:47:43.649+0000] {processor.py:161} INFO - Started process (PID=27365) to work on /home/varn1t/ml-pipeline/venv/lib/python3.11/site-packages/airflow/example_dags/example_branch_operator_decorator.py
[2026-05-24T14:47:43.651+0000] {processor.py:830} INFO - Processing file /home/varn1t/ml-pipeline/venv/lib/python3.11/site-packages/airflow/example_dags/example_branch_operator_decorator.py for tasks to queue
[2026-05-24T14:47:43.651+0000] {logging_mixin.py:188} INFO - [2026-05-24T14:47:43.651+0000] {dagbag.py:545} INFO - Filling up the DagBag from /home/varn1t/ml-pipeline/venv/lib/python3.11/site-packages/airflow/example_dags/example_branch_operator_decorator.py
[2026-05-24T14:47:43.686+0000] {processor.py:842} WARNING - No viable dags retrieved from /home/varn1t/ml-pipeline/venv/lib/python3.11/site-packages/airflow/example_dags/example_branch_operator_decorator.py
[2026-05-24T14:47:43.695+0000] {processor.py:183} INFO - Processing /home/varn1t/ml-pipeline/venv/lib/python3.11/site-packages/airflow/example_dags/example_branch_operator_decorator.py took 0.051 seconds
[2026-05-24T14:48:24.776+0000] {processor.py:161} INFO - Started process (PID=27555) to work on /home/varn1t/ml-pipeline/venv/lib/python3.11/site-packages/airflow/example_dags/example_branch_operator_decorator.py
[2026-05-24T14:48:24.777+0000] {processor.py:830} INFO - Processing file /home/varn1t/ml-pipeline/venv/lib/python3.11/site-packages/airflow/example_dags/example_branch_operator_decorator.py for tasks to queue
[2026-05-24T14:48:24.777+0000] {logging_mixin.py:188} INFO - [2026-05-24T14:48:24.777+0000] {dagbag.py:545} INFO - Filling up the DagBag from /home/varn1t/ml-pipeline/venv/lib/python3.11/site-packages/airflow/example_dags/example_branch_operator_decorator.py
[2026-05-24T14:48:24.813+0000] {processor.py:842} WARNING - No viable dags retrieved from /home/varn1t/ml-pipeline/venv/lib/python3.11/site-packages/airflow/example_dags/example_branch_operator_decorator.py
[2026-05-24T14:48:24.821+0000] {processor.py:183} INFO - Processing /home/varn1t/ml-pipeline/venv/lib/python3.11/site-packages/airflow/example_dags/example_branch_operator_decorator.py took 0.050 seconds
[2026-05-24T14:49:22.715+0000] {processor.py:161} INFO - Started process (PID=27838) to work on /home/varn1t/ml-pipeline/venv/lib/python3.11/site-packages/airflow/example_dags/example_branch_operator_decorator.py
[2026-05-24T14:49:22.716+0000] {processor.py:830} INFO - Processing file /home/varn1t/ml-pipeline/venv/lib/python3.11/site-packages/airflow/example_dags/example_branch_operator_decorator.py for tasks to queue
[2026-05-24T14:49:22.716+0000] {logging_mixin.py:188} INFO - [2026-05-24T14:49:22.716+0000] {dagbag.py:545} INFO - Filling up the DagBag from /home/varn1t/ml-pipeline/venv/lib/python3.11/site-packages/airflow/example_dags/example_branch_operator_decorator.py
[2026-05-24T14:49:22.749+0000] {processor.py:842} WARNING - No viable dags retrieved from /home/varn1t/ml-pipeline/venv/lib/python3.11/site-packages/airflow/example_dags/example_branch_operator_decorator.py
[2026-05-24T14:49:22.757+0000] {processor.py:183} INFO - Processing /home/varn1t/ml-pipeline/venv/lib/python3.11/site-packages/airflow/example_dags/example_branch_operator_decorator.py took 0.047 seconds
[2026-05-24T14:50:23.201+0000] {processor.py:161} INFO - Started process (PID=28124) to work on /home/varn1t/ml-pipeline/venv/lib/python3.11/site-packages/airflow/example_dags/example_branch_operator_decorator.py
[2026-05-24T14:50:23.202+0000] {processor.py:830} INFO - Processing file /home/varn1t/ml-pipeline/venv/lib/python3.11/site-packages/airflow/example_dags/example_branch_operator_decorator.py for tasks to queue
[2026-05-24T14:50:23.203+0000] {logging_mixin.py:188} INFO - [2026-05-24T14:50:23.203+0000] {dagbag.py:545} INFO - Filling up the DagBag from /home/varn1t/ml-pipeline/venv/lib/python3.11/site-packages/airflow/example_dags/example_branch_operator_decorator.py
[2026-05-24T14:50:23.242+0000] {processor.py:842} WARNING - No viable dags retrieved from /home/varn1t/ml-pipeline/venv/lib/python3.11/site-packages/airflow/example_dags/example_branch_operator_decorator.py
[2026-05-24T14:50:23.252+0000] {processor.py:183} INFO - Processing /home/varn1t/ml-pipeline/venv/lib/python3.11/site-packages/airflow/example_dags/example_branch_operator_decorator.py took 0.056 seconds
[2026-05-24T14:51:06.961+0000] {processor.py:161} INFO - Started process (PID=28318) to work on /home/varn1t/ml-pipeline/venv/lib/python3.11/site-packages/airflow/example_dags/example_branch_operator_decorator.py
[2026-05-24T14:51:06.963+0000] {processor.py:830} INFO - Processing file /home/varn1t/ml-pipeline/venv/lib/python3.11/site-packages/airflow/example_dags/example_branch_operator_decorator.py for tasks to queue
[2026-05-24T14:51:06.964+0000] {logging_mixin.py:188} INFO - [2026-05-24T14:51:06.964+0000] {dagbag.py:545} INFO - Filling up the DagBag from /home/varn1t/ml-pipeline/venv/lib/python3.11/site-packages/airflow/example_dags/example_branch_operator_decorator.py
[2026-05-24T14:51:07.000+0000] {processor.py:842} WARNING - No viable dags retrieved from /home/varn1t/ml-pipeline/venv/lib/python3.11/site-packages/airflow/example_dags/example_branch_operator_decorator.py
[2026-05-24T14:51:07.010+0000] {processor.py:183} INFO - Processing /home/varn1t/ml-pipeline/venv/lib/python3.11/site-packages/airflow/example_dags/example_branch_operator_decorator.py took 0.053 seconds
[2026-05-24T14:51:50.827+0000] {processor.py:161} INFO - Started process (PID=28511) to work on /home/varn1t/ml-pipeline/venv/lib/python3.11/site-packages/airflow/example_dags/example_branch_operator_decorator.py
[2026-05-24T14:51:50.828+0000] {processor.py:830} INFO - Processing file /home/varn1t/ml-pipeline/venv/lib/python3.11/site-packages/airflow/example_dags/example_branch_operator_decorator.py for tasks to queue
[2026-05-24T14:51:50.829+0000] {logging_mixin.py:188} INFO - [2026-05-24T14:51:50.829+0000] {dagbag.py:545} INFO - Filling up the DagBag from /home/varn1t/ml-pipeline/venv/lib/python3.11/site-packages/airflow/example_dags/example_branch_operator_decorator.py
[2026-05-24T14:51:50.873+0000] {processor.py:842} WARNING - No viable dags retrieved from /home/varn1t/ml-pipeline/venv/lib/python3.11/site-packages/airflow/example_dags/example_branch_operator_decorator.py
[2026-05-24T14:51:50.881+0000] {processor.py:183} INFO - Processing /home/varn1t/ml-pipeline/venv/lib/python3.11/site-packages/airflow/example_dags/example_branch_operator_decorator.py took 0.059 seconds
[2026-05-24T14:52:35.255+0000] {processor.py:161} INFO - Started process (PID=28712) to work on /home/varn1t/ml-pipeline/venv/lib/python3.11/site-packages/airflow/example_dags/example_branch_operator_decorator.py
[2026-05-24T14:52:35.256+0000] {processor.py:830} INFO - Processing file /home/varn1t/ml-pipeline/venv/lib/python3.11/site-packages/airflow/example_dags/example_branch_operator_decorator.py for tasks to queue
[2026-05-24T14:52:35.257+0000] {logging_mixin.py:188} INFO - [2026-05-24T14:52:35.257+0000] {dagbag.py:545} INFO - Filling up the DagBag from /home/varn1t/ml-pipeline/venv/lib/python3.11/site-packages/airflow/example_dags/example_branch_operator_decorator.py
[2026-05-24T14:52:35.291+0000] {processor.py:842} WARNING - No viable dags retrieved from /home/varn1t/ml-pipeline/venv/lib/python3.11/site-packages/airflow/example_dags/example_branch_operator_decorator.py
[2026-05-24T14:52:35.298+0000] {processor.py:183} INFO - Processing /home/varn1t/ml-pipeline/venv/lib/python3.11/site-packages/airflow/example_dags/example_branch_operator_decorator.py took 0.048 seconds
[2026-05-24T14:53:34.564+0000] {processor.py:161} INFO - Started process (PID=28993) to work on /home/varn1t/ml-pipeline/venv/lib/python3.11/site-packages/airflow/example_dags/example_branch_operator_decorator.py
[2026-05-24T14:53:34.565+0000] {processor.py:830} INFO - Processing file /home/varn1t/ml-pipeline/venv/lib/python3.11/site-packages/airflow/example_dags/example_branch_operator_decorator.py for tasks to queue
[2026-05-24T14:53:34.566+0000] {logging_mixin.py:188} INFO - [2026-05-24T14:53:34.566+0000] {dagbag.py:545} INFO - Filling up the DagBag from /home/varn1t/ml-pipeline/venv/lib/python3.11/site-packages/airflow/example_dags/example_branch_operator_decorator.py
[2026-05-24T14:53:34.601+0000] {processor.py:842} WARNING - No viable dags retrieved from /home/varn1t/ml-pipeline/venv/lib/python3.11/site-packages/airflow/example_dags/example_branch_operator_decorator.py
[2026-05-24T14:53:34.609+0000] {processor.py:183} INFO - Processing /home/varn1t/ml-pipeline/venv/lib/python3.11/site-packages/airflow/example_dags/example_branch_operator_decorator.py took 0.050 seconds
[2026-05-24T14:54:34.946+0000] {processor.py:161} INFO - Started process (PID=29265) to work on /home/varn1t/ml-pipeline/venv/lib/python3.11/site-packages/airflow/example_dags/example_branch_operator_decorator.py
[2026-05-24T14:54:34.947+0000] {processor.py:830} INFO - Processing file /home/varn1t/ml-pipeline/venv/lib/python3.11/site-packages/airflow/example_dags/example_branch_operator_decorator.py for tasks to queue
[2026-05-24T14:54:34.948+0000] {logging_mixin.py:188} INFO - [2026-05-24T14:54:34.948+0000] {dagbag.py:545} INFO - Filling up the DagBag from /home/varn1t/ml-pipeline/venv/lib/python3.11/site-packages/airflow/example_dags/example_branch_operator_decorator.py
[2026-05-24T14:54:34.986+0000] {processor.py:842} WARNING - No viable dags retrieved from /home/varn1t/ml-pipeline/venv/lib/python3.11/site-packages/airflow/example_dags/example_branch_operator_decorator.py
[2026-05-24T14:54:34.994+0000] {processor.py:183} INFO - Processing /home/varn1t/ml-pipeline/venv/lib/python3.11/site-packages/airflow/example_dags/example_branch_operator_decorator.py took 0.052 seconds
[2026-05-24T14:55:16.173+0000] {processor.py:161} INFO - Started process (PID=29475) to work on /home/varn1t/ml-pipeline/venv/lib/python3.11/site-packages/airflow/example_dags/example_branch_operator_decorator.py
[2026-05-24T14:55:16.173+0000] {processor.py:830} INFO - Processing file /home/varn1t/ml-pipeline/venv/lib/python3.11/site-packages/airflow/example_dags/example_branch_operator_decorator.py for tasks to queue
[2026-05-24T14:55:16.174+0000] {logging_mixin.py:188} INFO - [2026-05-24T14:55:16.174+0000] {dagbag.py:545} INFO - Filling up the DagBag from /home/varn1t/ml-pipeline/venv/lib/python3.11/site-packages/airflow/example_dags/example_branch_operator_decorator.py
[2026-05-24T14:55:16.205+0000] {processor.py:842} WARNING - No viable dags retrieved from /home/varn1t/ml-pipeline/venv/lib/python3.11/site-packages/airflow/example_dags/example_branch_operator_decorator.py
[2026-05-24T14:55:16.212+0000] {processor.py:183} INFO - Processing /home/varn1t/ml-pipeline/venv/lib/python3.11/site-packages/airflow/example_dags/example_branch_operator_decorator.py took 0.043 seconds
[2026-05-24T14:55:58.205+0000] {processor.py:161} INFO - Started process (PID=29669) to work on /home/varn1t/ml-pipeline/venv/lib/python3.11/site-packages/airflow/example_dags/example_branch_operator_decorator.py
[2026-05-24T14:55:58.206+0000] {processor.py:830} INFO - Processing file /home/varn1t/ml-pipeline/venv/lib/python3.11/site-packages/airflow/example_dags/example_branch_operator_decorator.py for tasks to queue
[2026-05-24T14:55:58.207+0000] {logging_mixin.py:188} INFO - [2026-05-24T14:55:58.207+0000] {dagbag.py:545} INFO - Filling up the DagBag from /home/varn1t/ml-pipeline/venv/lib/python3.11/site-packages/airflow/example_dags/example_branch_operator_decorator.py
[2026-05-24T14:55:58.239+0000] {processor.py:842} WARNING - No viable dags retrieved from /home/varn1t/ml-pipeline/venv/lib/python3.11/site-packages/airflow/example_dags/example_branch_operator_decorator.py
[2026-05-24T14:55:58.246+0000] {processor.py:183} INFO - Processing /home/varn1t/ml-pipeline/venv/lib/python3.11/site-packages/airflow/example_dags/example_branch_operator_decorator.py took 0.044 seconds
[2026-05-24T14:56:43.288+0000] {processor.py:161} INFO - Started process (PID=29896) to work on /home/varn1t/ml-pipeline/venv/lib/python3.11/site-packages/airflow/example_dags/example_branch_operator_decorator.py
[2026-05-24T14:56:43.289+0000] {processor.py:830} INFO - Processing file /home/varn1t/ml-pipeline/venv/lib/python3.11/site-packages/airflow/example_dags/example_branch_operator_decorator.py for tasks to queue
[2026-05-24T14:56:43.290+0000] {logging_mixin.py:188} INFO - [2026-05-24T14:56:43.290+0000] {dagbag.py:545} INFO - Filling up the DagBag from /home/varn1t/ml-pipeline/venv/lib/python3.11/site-packages/airflow/example_dags/example_branch_operator_decorator.py
[2026-05-24T14:56:43.328+0000] {processor.py:842} WARNING - No viable dags retrieved from /home/varn1t/ml-pipeline/venv/lib/python3.11/site-packages/airflow/example_dags/example_branch_operator_decorator.py
[2026-05-24T14:56:43.335+0000] {processor.py:183} INFO - Processing /home/varn1t/ml-pipeline/venv/lib/python3.11/site-packages/airflow/example_dags/example_branch_operator_decorator.py took 0.051 seconds
[2026-05-24T14:57:31.567+0000] {processor.py:161} INFO - Started process (PID=30315) to work on /home/varn1t/ml-pipeline/venv/lib/python3.11/site-packages/airflow/example_dags/example_branch_operator_decorator.py
[2026-05-24T14:57:31.568+0000] {processor.py:830} INFO - Processing file /home/varn1t/ml-pipeline/venv/lib/python3.11/site-packages/airflow/example_dags/example_branch_operator_decorator.py for tasks to queue
[2026-05-24T14:57:31.569+0000] {logging_mixin.py:188} INFO - [2026-05-24T14:57:31.569+0000] {dagbag.py:545} INFO - Filling up the DagBag from /home/varn1t/ml-pipeline/venv/lib/python3.11/site-packages/airflow/example_dags/example_branch_operator_decorator.py
[2026-05-24T14:57:31.610+0000] {processor.py:842} WARNING - No viable dags retrieved from /home/varn1t/ml-pipeline/venv/lib/python3.11/site-packages/airflow/example_dags/example_branch_operator_decorator.py
[2026-05-24T14:57:31.622+0000] {processor.py:183} INFO - Processing /home/varn1t/ml-pipeline/venv/lib/python3.11/site-packages/airflow/example_dags/example_branch_operator_decorator.py took 0.068 seconds
[2026-05-24T14:58:15.152+0000] {processor.py:161} INFO - Started process (PID=30672) to work on /home/varn1t/ml-pipeline/venv/lib/python3.11/site-packages/airflow/example_dags/example_branch_operator_decorator.py
[2026-05-24T14:58:15.153+0000] {processor.py:830} INFO - Processing file /home/varn1t/ml-pipeline/venv/lib/python3.11/site-packages/airflow/example_dags/example_branch_operator_decorator.py for tasks to queue
[2026-05-24T14:58:15.153+0000] {logging_mixin.py:188} INFO - [2026-05-24T14:58:15.153+0000] {dagbag.py:545} INFO - Filling up the DagBag from /home/varn1t/ml-pipeline/venv/lib/python3.11/site-packages/airflow/example_dags/example_branch_operator_decorator.py
[2026-05-24T14:58:15.189+0000] {processor.py:842} WARNING - No viable dags retrieved from /home/varn1t/ml-pipeline/venv/lib/python3.11/site-packages/airflow/example_dags/example_branch_operator_decorator.py
[2026-05-24T14:58:15.197+0000] {processor.py:183} INFO - Processing /home/varn1t/ml-pipeline/venv/lib/python3.11/site-packages/airflow/example_dags/example_branch_operator_decorator.py took 0.050 seconds
[2026-05-24T14:58:57.647+0000] {processor.py:161} INFO - Started process (PID=31050) to work on /home/varn1t/ml-pipeline/venv/lib/python3.11/site-packages/airflow/example_dags/example_branch_operator_decorator.py
[2026-05-24T14:58:57.648+0000] {processor.py:830} INFO - Processing file /home/varn1t/ml-pipeline/venv/lib/python3.11/site-packages/airflow/example_dags/example_branch_operator_decorator.py for tasks to queue
[2026-05-24T14:58:57.649+0000] {logging_mixin.py:188} INFO - [2026-05-24T14:58:57.648+0000] {dagbag.py:545} INFO - Filling up the DagBag from /home/varn1t/ml-pipeline/venv/lib/python3.11/site-packages/airflow/example_dags/example_branch_operator_decorator.py
[2026-05-24T14:58:57.682+0000] {processor.py:842} WARNING - No viable dags retrieved from /home/varn1t/ml-pipeline/venv/lib/python3.11/site-packages/airflow/example_dags/example_branch_operator_decorator.py
[2026-05-24T14:58:57.691+0000] {processor.py:183} INFO - Processing /home/varn1t/ml-pipeline/venv/lib/python3.11/site-packages/airflow/example_dags/example_branch_operator_decorator.py took 0.048 seconds
[2026-05-24T14:59:39.952+0000] {processor.py:161} INFO - Started process (PID=31365) to work on /home/varn1t/ml-pipeline/venv/lib/python3.11/site-packages/airflow/example_dags/example_branch_operator_decorator.py
[2026-05-24T14:59:39.953+0000] {processor.py:830} INFO - Processing file /home/varn1t/ml-pipeline/venv/lib/python3.11/site-packages/airflow/example_dags/example_branch_operator_decorator.py for tasks to queue
[2026-05-24T14:59:39.953+0000] {logging_mixin.py:188} INFO - [2026-05-24T14:59:39.953+0000] {dagbag.py:545} INFO - Filling up the DagBag from /home/varn1t/ml-pipeline/venv/lib/python3.11/site-packages/airflow/example_dags/example_branch_operator_decorator.py
[2026-05-24T14:59:39.988+0000] {processor.py:842} WARNING - No viable dags retrieved from /home/varn1t/ml-pipeline/venv/lib/python3.11/site-packages/airflow/example_dags/example_branch_operator_decorator.py
[2026-05-24T14:59:39.996+0000] {processor.py:183} INFO - Processing /home/varn1t/ml-pipeline/venv/lib/python3.11/site-packages/airflow/example_dags/example_branch_operator_decorator.py took 0.050 seconds
[2026-05-24T15:00:40.283+0000] {processor.py:161} INFO - Started process (PID=31621) to work on /home/varn1t/ml-pipeline/venv/lib/python3.11/site-packages/airflow/example_dags/example_branch_operator_decorator.py
[2026-05-24T15:00:40.283+0000] {processor.py:830} INFO - Processing file /home/varn1t/ml-pipeline/venv/lib/python3.11/site-packages/airflow/example_dags/example_branch_operator_decorator.py for tasks to queue
[2026-05-24T15:00:40.284+0000] {logging_mixin.py:188} INFO - [2026-05-24T15:00:40.284+0000] {dagbag.py:545} INFO - Filling up the DagBag from /home/varn1t/ml-pipeline/venv/lib/python3.11/site-packages/airflow/example_dags/example_branch_operator_decorator.py
[2026-05-24T15:00:40.315+0000] {processor.py:842} WARNING - No viable dags retrieved from /home/varn1t/ml-pipeline/venv/lib/python3.11/site-packages/airflow/example_dags/example_branch_operator_decorator.py
[2026-05-24T15:00:40.322+0000] {processor.py:183} INFO - Processing /home/varn1t/ml-pipeline/venv/lib/python3.11/site-packages/airflow/example_dags/example_branch_operator_decorator.py took 0.045 seconds
[2026-05-24T15:01:40.310+0000] {processor.py:161} INFO - Started process (PID=31897) to work on /home/varn1t/ml-pipeline/venv/lib/python3.11/site-packages/airflow/example_dags/example_branch_operator_decorator.py
[2026-05-24T15:01:40.311+0000] {processor.py:830} INFO - Processing file /home/varn1t/ml-pipeline/venv/lib/python3.11/site-packages/airflow/example_dags/example_branch_operator_decorator.py for tasks to queue
[2026-05-24T15:01:40.311+0000] {logging_mixin.py:188} INFO - [2026-05-24T15:01:40.311+0000] {dagbag.py:545} INFO - Filling up the DagBag from /home/varn1t/ml-pipeline/venv/lib/python3.11/site-packages/airflow/example_dags/example_branch_operator_decorator.py
[2026-05-24T15:01:40.354+0000] {processor.py:842} WARNING - No viable dags retrieved from /home/varn1t/ml-pipeline/venv/lib/python3.11/site-packages/airflow/example_dags/example_branch_operator_decorator.py
[2026-05-24T15:01:40.362+0000] {processor.py:183} INFO - Processing /home/varn1t/ml-pipeline/venv/lib/python3.11/site-packages/airflow/example_dags/example_branch_operator_decorator.py took 0.061 seconds
[2026-05-24T15:02:40.800+0000] {processor.py:161} INFO - Started process (PID=32253) to work on /home/varn1t/ml-pipeline/venv/lib/python3.11/site-packages/airflow/example_dags/example_branch_operator_decorator.py
[2026-05-24T15:02:40.801+0000] {processor.py:830} INFO - Processing file /home/varn1t/ml-pipeline/venv/lib/python3.11/site-packages/airflow/example_dags/example_branch_operator_decorator.py for tasks to queue
[2026-05-24T15:02:40.801+0000] {logging_mixin.py:188} INFO - [2026-05-24T15:02:40.801+0000] {dagbag.py:545} INFO - Filling up the DagBag from /home/varn1t/ml-pipeline/venv/lib/python3.11/site-packages/airflow/example_dags/example_branch_operator_decorator.py
[2026-05-24T15:02:40.835+0000] {processor.py:842} WARNING - No viable dags retrieved from /home/varn1t/ml-pipeline/venv/lib/python3.11/site-packages/airflow/example_dags/example_branch_operator_decorator.py
[2026-05-24T15:02:40.843+0000] {processor.py:183} INFO - Processing /home/varn1t/ml-pipeline/venv/lib/python3.11/site-packages/airflow/example_dags/example_branch_operator_decorator.py took 0.049 seconds
[2026-05-24T15:03:43.571+0000] {processor.py:161} INFO - Started process (PID=32607) to work on /home/varn1t/ml-pipeline/venv/lib/python3.11/site-packages/airflow/example_dags/example_branch_operator_decorator.py
[2026-05-24T15:03:43.572+0000] {processor.py:830} INFO - Processing file /home/varn1t/ml-pipeline/venv/lib/python3.11/site-packages/airflow/example_dags/example_branch_operator_decorator.py for tasks to queue
[2026-05-24T15:03:43.573+0000] {logging_mixin.py:188} INFO - [2026-05-24T15:03:43.573+0000] {dagbag.py:545} INFO - Filling up the DagBag from /home/varn1t/ml-pipeline/venv/lib/python3.11/site-packages/airflow/example_dags/example_branch_operator_decorator.py
[2026-05-24T15:03:43.604+0000] {processor.py:842} WARNING - No viable dags retrieved from /home/varn1t/ml-pipeline/venv/lib/python3.11/site-packages/airflow/example_dags/example_branch_operator_decorator.py
[2026-05-24T15:03:43.612+0000] {processor.py:183} INFO - Processing /home/varn1t/ml-pipeline/venv/lib/python3.11/site-packages/airflow/example_dags/example_branch_operator_decorator.py took 0.046 seconds
[2026-05-24T15:04:24.445+0000] {processor.py:161} INFO - Started process (PID=32790) to work on /home/varn1t/ml-pipeline/venv/lib/python3.11/site-packages/airflow/example_dags/example_branch_operator_decorator.py
[2026-05-24T15:04:24.446+0000] {processor.py:830} INFO - Processing file /home/varn1t/ml-pipeline/venv/lib/python3.11/site-packages/airflow/example_dags/example_branch_operator_decorator.py for tasks to queue
[2026-05-24T15:04:24.447+0000] {logging_mixin.py:188} INFO - [2026-05-24T15:04:24.446+0000] {dagbag.py:545} INFO - Filling up the DagBag from /home/varn1t/ml-pipeline/venv/lib/python3.11/site-packages/airflow/example_dags/example_branch_operator_decorator.py
[2026-05-24T15:04:24.482+0000] {processor.py:842} WARNING - No viable dags retrieved from /home/varn1t/ml-pipeline/venv/lib/python3.11/site-packages/airflow/example_dags/example_branch_operator_decorator.py
[2026-05-24T15:04:24.492+0000] {processor.py:183} INFO - Processing /home/varn1t/ml-pipeline/venv/lib/python3.11/site-packages/airflow/example_dags/example_branch_operator_decorator.py took 0.053 seconds
[2026-05-24T15:05:22.858+0000] {processor.py:161} INFO - Started process (PID=33099) to work on /home/varn1t/ml-pipeline/venv/lib/python3.11/site-packages/airflow/example_dags/example_branch_operator_decorator.py
[2026-05-24T15:05:22.859+0000] {processor.py:830} INFO - Processing file /home/varn1t/ml-pipeline/venv/lib/python3.11/site-packages/airflow/example_dags/example_branch_operator_decorator.py for tasks to queue
[2026-05-24T15:05:22.860+0000] {logging_mixin.py:188} INFO - [2026-05-24T15:05:22.860+0000] {dagbag.py:545} INFO - Filling up the DagBag from /home/varn1t/ml-pipeline/venv/lib/python3.11/site-packages/airflow/example_dags/example_branch_operator_decorator.py
[2026-05-24T15:05:22.899+0000] {processor.py:842} WARNING - No viable dags retrieved from /home/varn1t/ml-pipeline/venv/lib/python3.11/site-packages/airflow/example_dags/example_branch_operator_decorator.py
[2026-05-24T15:05:22.910+0000] {processor.py:183} INFO - Processing /home/varn1t/ml-pipeline/venv/lib/python3.11/site-packages/airflow/example_dags/example_branch_operator_decorator.py took 0.060 seconds
[2026-05-24T15:06:05.940+0000] {processor.py:161} INFO - Started process (PID=33580) to work on /home/varn1t/ml-pipeline/venv/lib/python3.11/site-packages/airflow/example_dags/example_branch_operator_decorator.py
[2026-05-24T15:06:05.941+0000] {processor.py:830} INFO - Processing file /home/varn1t/ml-pipeline/venv/lib/python3.11/site-packages/airflow/example_dags/example_branch_operator_decorator.py for tasks to queue
[2026-05-24T15:06:05.942+0000] {logging_mixin.py:188} INFO - [2026-05-24T15:06:05.941+0000] {dagbag.py:545} INFO - Filling up the DagBag from /home/varn1t/ml-pipeline/venv/lib/python3.11/site-packages/airflow/example_dags/example_branch_operator_decorator.py
[2026-05-24T15:06:05.979+0000] {processor.py:842} WARNING - No viable dags retrieved from /home/varn1t/ml-pipeline/venv/lib/python3.11/site-packages/airflow/example_dags/example_branch_operator_decorator.py
[2026-05-24T15:06:05.987+0000] {processor.py:183} INFO - Processing /home/varn1t/ml-pipeline/venv/lib/python3.11/site-packages/airflow/example_dags/example_branch_operator_decorator.py took 0.053 seconds
[2026-05-24T15:07:05.503+0000] {processor.py:161} INFO - Started process (PID=34260) to work on /home/varn1t/ml-pipeline/venv/lib/python3.11/site-packages/airflow/example_dags/example_branch_operator_decorator.py
[2026-05-24T15:07:05.503+0000] {processor.py:830} INFO - Processing file /home/varn1t/ml-pipeline/venv/lib/python3.11/site-packages/airflow/example_dags/example_branch_operator_decorator.py for tasks to queue
[2026-05-24T15:07:05.504+0000] {logging_mixin.py:188} INFO - [2026-05-24T15:07:05.504+0000] {dagbag.py:545} INFO - Filling up the DagBag from /home/varn1t/ml-pipeline/venv/lib/python3.11/site-packages/airflow/example_dags/example_branch_operator_decorator.py
[2026-05-24T15:07:05.540+0000] {processor.py:842} WARNING - No viable dags retrieved from /home/varn1t/ml-pipeline/venv/lib/python3.11/site-packages/airflow/example_dags/example_branch_operator_decorator.py
[2026-05-24T15:07:05.547+0000] {processor.py:183} INFO - Processing /home/varn1t/ml-pipeline/venv/lib/python3.11/site-packages/airflow/example_dags/example_branch_operator_decorator.py took 0.050 seconds
[2026-05-24T15:07:51.542+0000] {processor.py:161} INFO - Started process (PID=34822) to work on /home/varn1t/ml-pipeline/venv/lib/python3.11/site-packages/airflow/example_dags/example_branch_operator_decorator.py
[2026-05-24T15:07:51.543+0000] {processor.py:830} INFO - Processing file /home/varn1t/ml-pipeline/venv/lib/python3.11/site-packages/airflow/example_dags/example_branch_operator_decorator.py for tasks to queue
[2026-05-24T15:07:51.543+0000] {logging_mixin.py:188} INFO - [2026-05-24T15:07:51.543+0000] {dagbag.py:545} INFO - Filling up the DagBag from /home/varn1t/ml-pipeline/venv/lib/python3.11/site-packages/airflow/example_dags/example_branch_operator_decorator.py
[2026-05-24T15:07:51.580+0000] {processor.py:842} WARNING - No viable dags retrieved from /home/varn1t/ml-pipeline/venv/lib/python3.11/site-packages/airflow/example_dags/example_branch_operator_decorator.py
[2026-05-24T15:07:51.588+0000] {processor.py:183} INFO - Processing /home/varn1t/ml-pipeline/venv/lib/python3.11/site-packages/airflow/example_dags/example_branch_operator_decorator.py took 0.052 seconds
[2026-05-24T15:08:35.737+0000] {processor.py:161} INFO - Started process (PID=35094) to work on /home/varn1t/ml-pipeline/venv/lib/python3.11/site-packages/airflow/example_dags/example_branch_operator_decorator.py
[2026-05-24T15:08:35.739+0000] {processor.py:830} INFO - Processing file /home/varn1t/ml-pipeline/venv/lib/python3.11/site-packages/airflow/example_dags/example_branch_operator_decorator.py for tasks to queue
[2026-05-24T15:08:35.739+0000] {logging_mixin.py:188} INFO - [2026-05-24T15:08:35.739+0000] {dagbag.py:545} INFO - Filling up the DagBag from /home/varn1t/ml-pipeline/venv/lib/python3.11/site-packages/airflow/example_dags/example_branch_operator_decorator.py
[2026-05-24T15:08:35.772+0000] {processor.py:842} WARNING - No viable dags retrieved from /home/varn1t/ml-pipeline/venv/lib/python3.11/site-packages/airflow/example_dags/example_branch_operator_decorator.py
[2026-05-24T15:08:35.782+0000] {processor.py:183} INFO - Processing /home/varn1t/ml-pipeline/venv/lib/python3.11/site-packages/airflow/example_dags/example_branch_operator_decorator.py took 0.051 seconds
[2026-05-24T15:09:37.798+0000] {processor.py:161} INFO - Started process (PID=35357) to work on /home/varn1t/ml-pipeline/venv/lib/python3.11/site-packages/airflow/example_dags/example_branch_operator_decorator.py
[2026-05-24T15:09:37.798+0000] {processor.py:830} INFO - Processing file /home/varn1t/ml-pipeline/venv/lib/python3.11/site-packages/airflow/example_dags/example_branch_operator_decorator.py for tasks to queue
[2026-05-24T15:09:37.799+0000] {logging_mixin.py:188} INFO - [2026-05-24T15:09:37.799+0000] {dagbag.py:545} INFO - Filling up the DagBag from /home/varn1t/ml-pipeline/venv/lib/python3.11/site-packages/airflow/example_dags/example_branch_operator_decorator.py
[2026-05-24T15:09:37.830+0000] {processor.py:842} WARNING - No viable dags retrieved from /home/varn1t/ml-pipeline/venv/lib/python3.11/site-packages/airflow/example_dags/example_branch_operator_decorator.py
[2026-05-24T15:09:37.837+0000] {processor.py:183} INFO - Processing /home/varn1t/ml-pipeline/venv/lib/python3.11/site-packages/airflow/example_dags/example_branch_operator_decorator.py took 0.045 seconds
[2026-05-24T15:10:39.543+0000] {processor.py:161} INFO - Started process (PID=35636) to work on /home/varn1t/ml-pipeline/venv/lib/python3.11/site-packages/airflow/example_dags/example_branch_operator_decorator.py
[2026-05-24T15:10:39.544+0000] {processor.py:830} INFO - Processing file /home/varn1t/ml-pipeline/venv/lib/python3.11/site-packages/airflow/example_dags/example_branch_operator_decorator.py for tasks to queue
[2026-05-24T15:10:39.545+0000] {logging_mixin.py:188} INFO - [2026-05-24T15:10:39.544+0000] {dagbag.py:545} INFO - Filling up the DagBag from /home/varn1t/ml-pipeline/venv/lib/python3.11/site-packages/airflow/example_dags/example_branch_operator_decorator.py
[2026-05-24T15:10:39.581+0000] {processor.py:842} WARNING - No viable dags retrieved from /home/varn1t/ml-pipeline/venv/lib/python3.11/site-packages/airflow/example_dags/example_branch_operator_decorator.py
[2026-05-24T15:10:39.591+0000] {processor.py:183} INFO - Processing /home/varn1t/ml-pipeline/venv/lib/python3.11/site-packages/airflow/example_dags/example_branch_operator_decorator.py took 0.055 seconds
[2026-05-24T15:11:24.622+0000] {processor.py:161} INFO - Started process (PID=35832) to work on /home/varn1t/ml-pipeline/venv/lib/python3.11/site-packages/airflow/example_dags/example_branch_operator_decorator.py
[2026-05-24T15:11:24.622+0000] {processor.py:830} INFO - Processing file /home/varn1t/ml-pipeline/venv/lib/python3.11/site-packages/airflow/example_dags/example_branch_operator_decorator.py for tasks to queue
[2026-05-24T15:11:24.623+0000] {logging_mixin.py:188} INFO - [2026-05-24T15:11:24.623+0000] {dagbag.py:545} INFO - Filling up the DagBag from /home/varn1t/ml-pipeline/venv/lib/python3.11/site-packages/airflow/example_dags/example_branch_operator_decorator.py
[2026-05-24T15:11:24.659+0000] {processor.py:842} WARNING - No viable dags retrieved from /home/varn1t/ml-pipeline/venv/lib/python3.11/site-packages/airflow/example_dags/example_branch_operator_decorator.py
[2026-05-24T15:11:24.674+0000] {processor.py:183} INFO - Processing /home/varn1t/ml-pipeline/venv/lib/python3.11/site-packages/airflow/example_dags/example_branch_operator_decorator.py took 0.059 seconds
[2026-05-24T15:12:25.140+0000] {processor.py:161} INFO - Started process (PID=36095) to work on /home/varn1t/ml-pipeline/venv/lib/python3.11/site-packages/airflow/example_dags/example_branch_operator_decorator.py
[2026-05-24T15:12:25.142+0000] {processor.py:830} INFO - Processing file /home/varn1t/ml-pipeline/venv/lib/python3.11/site-packages/airflow/example_dags/example_branch_operator_decorator.py for tasks to queue
[2026-05-24T15:12:25.142+0000] {logging_mixin.py:188} INFO - [2026-05-24T15:12:25.142+0000] {dagbag.py:545} INFO - Filling up the DagBag from /home/varn1t/ml-pipeline/venv/lib/python3.11/site-packages/airflow/example_dags/example_branch_operator_decorator.py
[2026-05-24T15:12:25.181+0000] {processor.py:842} WARNING - No viable dags retrieved from /home/varn1t/ml-pipeline/venv/lib/python3.11/site-packages/airflow/example_dags/example_branch_operator_decorator.py
[2026-05-24T15:12:25.193+0000] {processor.py:183} INFO - Processing /home/varn1t/ml-pipeline/venv/lib/python3.11/site-packages/airflow/example_dags/example_branch_operator_decorator.py took 0.061 seconds
[2026-05-24T15:13:08.394+0000] {processor.py:161} INFO - Started process (PID=36287) to work on /home/varn1t/ml-pipeline/venv/lib/python3.11/site-packages/airflow/example_dags/example_branch_operator_decorator.py
[2026-05-24T15:13:08.396+0000] {processor.py:830} INFO - Processing file /home/varn1t/ml-pipeline/venv/lib/python3.11/site-packages/airflow/example_dags/example_branch_operator_decorator.py for tasks to queue
[2026-05-24T15:13:08.397+0000] {logging_mixin.py:188} INFO - [2026-05-24T15:13:08.396+0000] {dagbag.py:545} INFO - Filling up the DagBag from /home/varn1t/ml-pipeline/venv/lib/python3.11/site-packages/airflow/example_dags/example_branch_operator_decorator.py
[2026-05-24T15:13:08.430+0000] {processor.py:842} WARNING - No viable dags retrieved from /home/varn1t/ml-pipeline/venv/lib/python3.11/site-packages/airflow/example_dags/example_branch_operator_decorator.py
[2026-05-24T15:13:08.440+0000] {processor.py:183} INFO - Processing /home/varn1t/ml-pipeline/venv/lib/python3.11/site-packages/airflow/example_dags/example_branch_operator_decorator.py took 0.054 seconds
[2026-05-24T15:13:49.757+0000] {processor.py:161} INFO - Started process (PID=36517) to work on /home/varn1t/ml-pipeline/venv/lib/python3.11/site-packages/airflow/example_dags/example_branch_operator_decorator.py
[2026-05-24T15:13:49.758+0000] {processor.py:830} INFO - Processing file /home/varn1t/ml-pipeline/venv/lib/python3.11/site-packages/airflow/example_dags/example_branch_operator_decorator.py for tasks to queue
[2026-05-24T15:13:49.759+0000] {logging_mixin.py:188} INFO - [2026-05-24T15:13:49.759+0000] {dagbag.py:545} INFO - Filling up the DagBag from /home/varn1t/ml-pipeline/venv/lib/python3.11/site-packages/airflow/example_dags/example_branch_operator_decorator.py
[2026-05-24T15:13:49.795+0000] {processor.py:842} WARNING - No viable dags retrieved from /home/varn1t/ml-pipeline/venv/lib/python3.11/site-packages/airflow/example_dags/example_branch_operator_decorator.py
[2026-05-24T15:13:49.808+0000] {processor.py:183} INFO - Processing /home/varn1t/ml-pipeline/venv/lib/python3.11/site-packages/airflow/example_dags/example_branch_operator_decorator.py took 0.058 seconds
[2026-05-24T15:14:46.326+0000] {processor.py:161} INFO - Started process (PID=36774) to work on /home/varn1t/ml-pipeline/venv/lib/python3.11/site-packages/airflow/example_dags/example_branch_operator_decorator.py
[2026-05-24T15:14:46.328+0000] {processor.py:830} INFO - Processing file /home/varn1t/ml-pipeline/venv/lib/python3.11/site-packages/airflow/example_dags/example_branch_operator_decorator.py for tasks to queue
[2026-05-24T15:14:46.329+0000] {logging_mixin.py:188} INFO - [2026-05-24T15:14:46.328+0000] {dagbag.py:545} INFO - Filling up the DagBag from /home/varn1t/ml-pipeline/venv/lib/python3.11/site-packages/airflow/example_dags/example_branch_operator_decorator.py
[2026-05-24T15:14:46.363+0000] {processor.py:842} WARNING - No viable dags retrieved from /home/varn1t/ml-pipeline/venv/lib/python3.11/site-packages/airflow/example_dags/example_branch_operator_decorator.py
[2026-05-24T15:14:46.371+0000] {processor.py:183} INFO - Processing /home/varn1t/ml-pipeline/venv/lib/python3.11/site-packages/airflow/example_dags/example_branch_operator_decorator.py took 0.053 seconds
[2026-05-24T15:15:28.554+0000] {processor.py:161} INFO - Started process (PID=36961) to work on /home/varn1t/ml-pipeline/venv/lib/python3.11/site-packages/airflow/example_dags/example_branch_operator_decorator.py
[2026-05-24T15:15:28.555+0000] {processor.py:830} INFO - Processing file /home/varn1t/ml-pipeline/venv/lib/python3.11/site-packages/airflow/example_dags/example_branch_operator_decorator.py for tasks to queue
[2026-05-24T15:15:28.555+0000] {logging_mixin.py:188} INFO - [2026-05-24T15:15:28.555+0000] {dagbag.py:545} INFO - Filling up the DagBag from /home/varn1t/ml-pipeline/venv/lib/python3.11/site-packages/airflow/example_dags/example_branch_operator_decorator.py
[2026-05-24T15:15:28.590+0000] {processor.py:842} WARNING - No viable dags retrieved from /home/varn1t/ml-pipeline/venv/lib/python3.11/site-packages/airflow/example_dags/example_branch_operator_decorator.py
[2026-05-24T15:15:28.601+0000] {processor.py:183} INFO - Processing /home/varn1t/ml-pipeline/venv/lib/python3.11/site-packages/airflow/example_dags/example_branch_operator_decorator.py took 0.053 seconds
[2026-05-24T15:16:26.737+0000] {processor.py:161} INFO - Started process (PID=37211) to work on /home/varn1t/ml-pipeline/venv/lib/python3.11/site-packages/airflow/example_dags/example_branch_operator_decorator.py
[2026-05-24T15:16:26.738+0000] {processor.py:830} INFO - Processing file /home/varn1t/ml-pipeline/venv/lib/python3.11/site-packages/airflow/example_dags/example_branch_operator_decorator.py for tasks to queue
[2026-05-24T15:16:26.739+0000] {logging_mixin.py:188} INFO - [2026-05-24T15:16:26.738+0000] {dagbag.py:545} INFO - Filling up the DagBag from /home/varn1t/ml-pipeline/venv/lib/python3.11/site-packages/airflow/example_dags/example_branch_operator_decorator.py
[2026-05-24T15:16:26.773+0000] {processor.py:842} WARNING - No viable dags retrieved from /home/varn1t/ml-pipeline/venv/lib/python3.11/site-packages/airflow/example_dags/example_branch_operator_decorator.py
[2026-05-24T15:16:26.782+0000] {processor.py:183} INFO - Processing /home/varn1t/ml-pipeline/venv/lib/python3.11/site-packages/airflow/example_dags/example_branch_operator_decorator.py took 0.051 seconds
[2026-05-24T15:17:25.951+0000] {processor.py:161} INFO - Started process (PID=37629) to work on /home/varn1t/ml-pipeline/venv/lib/python3.11/site-packages/airflow/example_dags/example_branch_operator_decorator.py
[2026-05-24T15:17:25.952+0000] {processor.py:830} INFO - Processing file /home/varn1t/ml-pipeline/venv/lib/python3.11/site-packages/airflow/example_dags/example_branch_operator_decorator.py for tasks to queue
[2026-05-24T15:17:25.953+0000] {logging_mixin.py:188} INFO - [2026-05-24T15:17:25.952+0000] {dagbag.py:545} INFO - Filling up the DagBag from /home/varn1t/ml-pipeline/venv/lib/python3.11/site-packages/airflow/example_dags/example_branch_operator_decorator.py
[2026-05-24T15:17:25.985+0000] {processor.py:842} WARNING - No viable dags retrieved from /home/varn1t/ml-pipeline/venv/lib/python3.11/site-packages/airflow/example_dags/example_branch_operator_decorator.py
[2026-05-24T15:17:25.993+0000] {processor.py:183} INFO - Processing /home/varn1t/ml-pipeline/venv/lib/python3.11/site-packages/airflow/example_dags/example_branch_operator_decorator.py took 0.048 seconds
[2026-05-24T15:18:07.158+0000] {processor.py:161} INFO - Started process (PID=37993) to work on /home/varn1t/ml-pipeline/venv/lib/python3.11/site-packages/airflow/example_dags/example_branch_operator_decorator.py
[2026-05-24T15:18:07.159+0000] {processor.py:830} INFO - Processing file /home/varn1t/ml-pipeline/venv/lib/python3.11/site-packages/airflow/example_dags/example_branch_operator_decorator.py for tasks to queue
[2026-05-24T15:18:07.160+0000] {logging_mixin.py:188} INFO - [2026-05-24T15:18:07.159+0000] {dagbag.py:545} INFO - Filling up the DagBag from /home/varn1t/ml-pipeline/venv/lib/python3.11/site-packages/airflow/example_dags/example_branch_operator_decorator.py
[2026-05-24T15:18:07.193+0000] {processor.py:842} WARNING - No viable dags retrieved from /home/varn1t/ml-pipeline/venv/lib/python3.11/site-packages/airflow/example_dags/example_branch_operator_decorator.py
[2026-05-24T15:18:07.200+0000] {processor.py:183} INFO - Processing /home/varn1t/ml-pipeline/venv/lib/python3.11/site-packages/airflow/example_dags/example_branch_operator_decorator.py took 0.047 seconds
[2026-05-24T15:19:06.751+0000] {processor.py:161} INFO - Started process (PID=38606) to work on /home/varn1t/ml-pipeline/venv/lib/python3.11/site-packages/airflow/example_dags/example_branch_operator_decorator.py
[2026-05-24T15:19:06.752+0000] {processor.py:830} INFO - Processing file /home/varn1t/ml-pipeline/venv/lib/python3.11/site-packages/airflow/example_dags/example_branch_operator_decorator.py for tasks to queue
[2026-05-24T15:19:06.752+0000] {logging_mixin.py:188} INFO - [2026-05-24T15:19:06.752+0000] {dagbag.py:545} INFO - Filling up the DagBag from /home/varn1t/ml-pipeline/venv/lib/python3.11/site-packages/airflow/example_dags/example_branch_operator_decorator.py
[2026-05-24T15:19:06.791+0000] {processor.py:842} WARNING - No viable dags retrieved from /home/varn1t/ml-pipeline/venv/lib/python3.11/site-packages/airflow/example_dags/example_branch_operator_decorator.py
[2026-05-24T15:19:06.801+0000] {processor.py:183} INFO - Processing /home/varn1t/ml-pipeline/venv/lib/python3.11/site-packages/airflow/example_dags/example_branch_operator_decorator.py took 0.057 seconds
[2026-05-24T15:19:47.355+0000] {processor.py:161} INFO - Started process (PID=38851) to work on /home/varn1t/ml-pipeline/venv/lib/python3.11/site-packages/airflow/example_dags/example_branch_operator_decorator.py
[2026-05-24T15:19:47.356+0000] {processor.py:830} INFO - Processing file /home/varn1t/ml-pipeline/venv/lib/python3.11/site-packages/airflow/example_dags/example_branch_operator_decorator.py for tasks to queue
[2026-05-24T15:19:47.357+0000] {logging_mixin.py:188} INFO - [2026-05-24T15:19:47.357+0000] {dagbag.py:545} INFO - Filling up the DagBag from /home/varn1t/ml-pipeline/venv/lib/python3.11/site-packages/airflow/example_dags/example_branch_operator_decorator.py
[2026-05-24T15:19:47.391+0000] {processor.py:842} WARNING - No viable dags retrieved from /home/varn1t/ml-pipeline/venv/lib/python3.11/site-packages/airflow/example_dags/example_branch_operator_decorator.py
[2026-05-24T15:19:47.399+0000] {processor.py:183} INFO - Processing /home/varn1t/ml-pipeline/venv/lib/python3.11/site-packages/airflow/example_dags/example_branch_operator_decorator.py took 0.049 seconds
[2026-05-24T15:20:28.432+0000] {processor.py:161} INFO - Started process (PID=39034) to work on /home/varn1t/ml-pipeline/venv/lib/python3.11/site-packages/airflow/example_dags/example_branch_operator_decorator.py
[2026-05-24T15:20:28.433+0000] {processor.py:830} INFO - Processing file /home/varn1t/ml-pipeline/venv/lib/python3.11/site-packages/airflow/example_dags/example_branch_operator_decorator.py for tasks to queue
[2026-05-24T15:20:28.433+0000] {logging_mixin.py:188} INFO - [2026-05-24T15:20:28.433+0000] {dagbag.py:545} INFO - Filling up the DagBag from /home/varn1t/ml-pipeline/venv/lib/python3.11/site-packages/airflow/example_dags/example_branch_operator_decorator.py
[2026-05-24T15:20:28.467+0000] {processor.py:842} WARNING - No viable dags retrieved from /home/varn1t/ml-pipeline/venv/lib/python3.11/site-packages/airflow/example_dags/example_branch_operator_decorator.py
[2026-05-24T15:20:28.475+0000] {processor.py:183} INFO - Processing /home/varn1t/ml-pipeline/venv/lib/python3.11/site-packages/airflow/example_dags/example_branch_operator_decorator.py took 0.051 seconds
[2026-05-24T15:21:13.051+0000] {processor.py:161} INFO - Started process (PID=39230) to work on /home/varn1t/ml-pipeline/venv/lib/python3.11/site-packages/airflow/example_dags/example_branch_operator_decorator.py
[2026-05-24T15:21:13.052+0000] {processor.py:830} INFO - Processing file /home/varn1t/ml-pipeline/venv/lib/python3.11/site-packages/airflow/example_dags/example_branch_operator_decorator.py for tasks to queue
[2026-05-24T15:21:13.052+0000] {logging_mixin.py:188} INFO - [2026-05-24T15:21:13.052+0000] {dagbag.py:545} INFO - Filling up the DagBag from /home/varn1t/ml-pipeline/venv/lib/python3.11/site-packages/airflow/example_dags/example_branch_operator_decorator.py
[2026-05-24T15:21:13.083+0000] {processor.py:842} WARNING - No viable dags retrieved from /home/varn1t/ml-pipeline/venv/lib/python3.11/site-packages/airflow/example_dags/example_branch_operator_decorator.py
[2026-05-24T15:21:13.092+0000] {processor.py:183} INFO - Processing /home/varn1t/ml-pipeline/venv/lib/python3.11/site-packages/airflow/example_dags/example_branch_operator_decorator.py took 0.047 seconds
[2026-05-24T15:22:11.286+0000] {processor.py:161} INFO - Started process (PID=39658) to work on /home/varn1t/ml-pipeline/venv/lib/python3.11/site-packages/airflow/example_dags/example_branch_operator_decorator.py
[2026-05-24T15:22:11.287+0000] {processor.py:830} INFO - Processing file /home/varn1t/ml-pipeline/venv/lib/python3.11/site-packages/airflow/example_dags/example_branch_operator_decorator.py for tasks to queue
[2026-05-24T15:22:11.288+0000] {logging_mixin.py:188} INFO - [2026-05-24T15:22:11.288+0000] {dagbag.py:545} INFO - Filling up the DagBag from /home/varn1t/ml-pipeline/venv/lib/python3.11/site-packages/airflow/example_dags/example_branch_operator_decorator.py
[2026-05-24T15:22:11.323+0000] {processor.py:842} WARNING - No viable dags retrieved from /home/varn1t/ml-pipeline/venv/lib/python3.11/site-packages/airflow/example_dags/example_branch_operator_decorator.py
[2026-05-24T15:22:11.331+0000] {processor.py:183} INFO - Processing /home/varn1t/ml-pipeline/venv/lib/python3.11/site-packages/airflow/example_dags/example_branch_operator_decorator.py took 0.050 seconds
[2026-05-24T15:23:13.064+0000] {processor.py:161} INFO - Started process (PID=40173) to work on /home/varn1t/ml-pipeline/venv/lib/python3.11/site-packages/airflow/example_dags/example_branch_operator_decorator.py
[2026-05-24T15:23:13.065+0000] {processor.py:830} INFO - Processing file /home/varn1t/ml-pipeline/venv/lib/python3.11/site-packages/airflow/example_dags/example_branch_operator_decorator.py for tasks to queue
[2026-05-24T15:23:13.065+0000] {logging_mixin.py:188} INFO - [2026-05-24T15:23:13.065+0000] {dagbag.py:545} INFO - Filling up the DagBag from /home/varn1t/ml-pipeline/venv/lib/python3.11/site-packages/airflow/example_dags/example_branch_operator_decorator.py
[2026-05-24T15:23:13.099+0000] {processor.py:842} WARNING - No viable dags retrieved from /home/varn1t/ml-pipeline/venv/lib/python3.11/site-packages/airflow/example_dags/example_branch_operator_decorator.py
[2026-05-24T15:23:13.107+0000] {processor.py:183} INFO - Processing /home/varn1t/ml-pipeline/venv/lib/python3.11/site-packages/airflow/example_dags/example_branch_operator_decorator.py took 0.050 seconds
[2026-05-24T15:23:55.283+0000] {processor.py:161} INFO - Started process (PID=40477) to work on /home/varn1t/ml-pipeline/venv/lib/python3.11/site-packages/airflow/example_dags/example_branch_operator_decorator.py
[2026-05-24T15:23:55.284+0000] {processor.py:830} INFO - Processing file /home/varn1t/ml-pipeline/venv/lib/python3.11/site-packages/airflow/example_dags/example_branch_operator_decorator.py for tasks to queue
[2026-05-24T15:23:55.285+0000] {logging_mixin.py:188} INFO - [2026-05-24T15:23:55.285+0000] {dagbag.py:545} INFO - Filling up the DagBag from /home/varn1t/ml-pipeline/venv/lib/python3.11/site-packages/airflow/example_dags/example_branch_operator_decorator.py
[2026-05-24T15:23:55.319+0000] {processor.py:842} WARNING - No viable dags retrieved from /home/varn1t/ml-pipeline/venv/lib/python3.11/site-packages/airflow/example_dags/example_branch_operator_decorator.py
[2026-05-24T15:23:55.328+0000] {processor.py:183} INFO - Processing /home/varn1t/ml-pipeline/venv/lib/python3.11/site-packages/airflow/example_dags/example_branch_operator_decorator.py took 0.051 seconds
[2026-05-24T15:25:39.854+0000] {processor.py:161} INFO - Started process (PID=42096) to work on /home/varn1t/ml-pipeline/venv/lib/python3.11/site-packages/airflow/example_dags/example_branch_operator_decorator.py
[2026-05-24T15:25:39.855+0000] {processor.py:830} INFO - Processing file /home/varn1t/ml-pipeline/venv/lib/python3.11/site-packages/airflow/example_dags/example_branch_operator_decorator.py for tasks to queue
[2026-05-24T15:25:39.855+0000] {logging_mixin.py:188} INFO - [2026-05-24T15:25:39.855+0000] {dagbag.py:545} INFO - Filling up the DagBag from /home/varn1t/ml-pipeline/venv/lib/python3.11/site-packages/airflow/example_dags/example_branch_operator_decorator.py
[2026-05-24T15:25:39.890+0000] {processor.py:842} WARNING - No viable dags retrieved from /home/varn1t/ml-pipeline/venv/lib/python3.11/site-packages/airflow/example_dags/example_branch_operator_decorator.py
[2026-05-24T15:25:39.901+0000] {processor.py:183} INFO - Processing /home/varn1t/ml-pipeline/venv/lib/python3.11/site-packages/airflow/example_dags/example_branch_operator_decorator.py took 0.055 seconds
[2026-05-24T15:26:37.334+0000] {processor.py:161} INFO - Started process (PID=42523) to work on /home/varn1t/ml-pipeline/venv/lib/python3.11/site-packages/airflow/example_dags/example_branch_operator_decorator.py
[2026-05-24T15:26:37.335+0000] {processor.py:830} INFO - Processing file /home/varn1t/ml-pipeline/venv/lib/python3.11/site-packages/airflow/example_dags/example_branch_operator_decorator.py for tasks to queue
[2026-05-24T15:26:37.335+0000] {logging_mixin.py:188} INFO - [2026-05-24T15:26:37.335+0000] {dagbag.py:545} INFO - Filling up the DagBag from /home/varn1t/ml-pipeline/venv/lib/python3.11/site-packages/airflow/example_dags/example_branch_operator_decorator.py
[2026-05-24T15:26:37.374+0000] {processor.py:842} WARNING - No viable dags retrieved from /home/varn1t/ml-pipeline/venv/lib/python3.11/site-packages/airflow/example_dags/example_branch_operator_decorator.py
[2026-05-24T15:26:37.381+0000] {processor.py:183} INFO - Processing /home/varn1t/ml-pipeline/venv/lib/python3.11/site-packages/airflow/example_dags/example_branch_operator_decorator.py took 0.053 seconds
[2026-05-24T15:27:18.428+0000] {processor.py:161} INFO - Started process (PID=42795) to work on /home/varn1t/ml-pipeline/venv/lib/python3.11/site-packages/airflow/example_dags/example_branch_operator_decorator.py
[2026-05-24T15:27:18.429+0000] {processor.py:830} INFO - Processing file /home/varn1t/ml-pipeline/venv/lib/python3.11/site-packages/airflow/example_dags/example_branch_operator_decorator.py for tasks to queue
[2026-05-24T15:27:18.429+0000] {logging_mixin.py:188} INFO - [2026-05-24T15:27:18.429+0000] {dagbag.py:545} INFO - Filling up the DagBag from /home/varn1t/ml-pipeline/venv/lib/python3.11/site-packages/airflow/example_dags/example_branch_operator_decorator.py
[2026-05-24T15:27:18.460+0000] {processor.py:842} WARNING - No viable dags retrieved from /home/varn1t/ml-pipeline/venv/lib/python3.11/site-packages/airflow/example_dags/example_branch_operator_decorator.py
[2026-05-24T15:27:18.467+0000] {processor.py:183} INFO - Processing /home/varn1t/ml-pipeline/venv/lib/python3.11/site-packages/airflow/example_dags/example_branch_operator_decorator.py took 0.044 seconds
[2026-05-24T15:28:03.421+0000] {processor.py:161} INFO - Started process (PID=43041) to work on /home/varn1t/ml-pipeline/venv/lib/python3.11/site-packages/airflow/example_dags/example_branch_operator_decorator.py
[2026-05-24T15:28:03.422+0000] {processor.py:830} INFO - Processing file /home/varn1t/ml-pipeline/venv/lib/python3.11/site-packages/airflow/example_dags/example_branch_operator_decorator.py for tasks to queue
[2026-05-24T15:28:03.423+0000] {logging_mixin.py:188} INFO - [2026-05-24T15:28:03.423+0000] {dagbag.py:545} INFO - Filling up the DagBag from /home/varn1t/ml-pipeline/venv/lib/python3.11/site-packages/airflow/example_dags/example_branch_operator_decorator.py
[2026-05-24T15:28:03.459+0000] {processor.py:842} WARNING - No viable dags retrieved from /home/varn1t/ml-pipeline/venv/lib/python3.11/site-packages/airflow/example_dags/example_branch_operator_decorator.py
[2026-05-24T15:28:03.469+0000] {processor.py:183} INFO - Processing /home/varn1t/ml-pipeline/venv/lib/python3.11/site-packages/airflow/example_dags/example_branch_operator_decorator.py took 0.053 seconds
[2026-05-24T15:29:28.888+0000] {processor.py:161} INFO - Started process (PID=43881) to work on /home/varn1t/ml-pipeline/venv/lib/python3.11/site-packages/airflow/example_dags/example_branch_operator_decorator.py
[2026-05-24T15:29:28.889+0000] {processor.py:830} INFO - Processing file /home/varn1t/ml-pipeline/venv/lib/python3.11/site-packages/airflow/example_dags/example_branch_operator_decorator.py for tasks to queue
[2026-05-24T15:29:28.889+0000] {logging_mixin.py:188} INFO - [2026-05-24T15:29:28.889+0000] {dagbag.py:545} INFO - Filling up the DagBag from /home/varn1t/ml-pipeline/venv/lib/python3.11/site-packages/airflow/example_dags/example_branch_operator_decorator.py
[2026-05-24T15:29:28.926+0000] {processor.py:842} WARNING - No viable dags retrieved from /home/varn1t/ml-pipeline/venv/lib/python3.11/site-packages/airflow/example_dags/example_branch_operator_decorator.py
[2026-05-24T15:29:28.933+0000] {processor.py:183} INFO - Processing /home/varn1t/ml-pipeline/venv/lib/python3.11/site-packages/airflow/example_dags/example_branch_operator_decorator.py took 0.051 seconds
[2026-05-24T15:30:23.019+0000] {processor.py:161} INFO - Started process (PID=44192) to work on /home/varn1t/ml-pipeline/venv/lib/python3.11/site-packages/airflow/example_dags/example_branch_operator_decorator.py
[2026-05-24T15:30:23.020+0000] {processor.py:830} INFO - Processing file /home/varn1t/ml-pipeline/venv/lib/python3.11/site-packages/airflow/example_dags/example_branch_operator_decorator.py for tasks to queue
[2026-05-24T15:30:23.021+0000] {logging_mixin.py:188} INFO - [2026-05-24T15:30:23.020+0000] {dagbag.py:545} INFO - Filling up the DagBag from /home/varn1t/ml-pipeline/venv/lib/python3.11/site-packages/airflow/example_dags/example_branch_operator_decorator.py
[2026-05-24T15:30:23.061+0000] {processor.py:842} WARNING - No viable dags retrieved from /home/varn1t/ml-pipeline/venv/lib/python3.11/site-packages/airflow/example_dags/example_branch_operator_decorator.py
[2026-05-24T15:30:23.068+0000] {processor.py:183} INFO - Processing /home/varn1t/ml-pipeline/venv/lib/python3.11/site-packages/airflow/example_dags/example_branch_operator_decorator.py took 0.055 seconds
[2026-05-24T15:31:13.275+0000] {processor.py:161} INFO - Started process (PID=44914) to work on /home/varn1t/ml-pipeline/venv/lib/python3.11/site-packages/airflow/example_dags/example_branch_operator_decorator.py
[2026-05-24T15:31:13.276+0000] {processor.py:830} INFO - Processing file /home/varn1t/ml-pipeline/venv/lib/python3.11/site-packages/airflow/example_dags/example_branch_operator_decorator.py for tasks to queue
[2026-05-24T15:31:13.277+0000] {logging_mixin.py:188} INFO - [2026-05-24T15:31:13.276+0000] {dagbag.py:545} INFO - Filling up the DagBag from /home/varn1t/ml-pipeline/venv/lib/python3.11/site-packages/airflow/example_dags/example_branch_operator_decorator.py
[2026-05-24T15:31:13.312+0000] {processor.py:842} WARNING - No viable dags retrieved from /home/varn1t/ml-pipeline/venv/lib/python3.11/site-packages/airflow/example_dags/example_branch_operator_decorator.py
[2026-05-24T15:31:13.321+0000] {processor.py:183} INFO - Processing /home/varn1t/ml-pipeline/venv/lib/python3.11/site-packages/airflow/example_dags/example_branch_operator_decorator.py took 0.052 seconds
[2026-05-24T15:31:55.285+0000] {processor.py:161} INFO - Started process (PID=45381) to work on /home/varn1t/ml-pipeline/venv/lib/python3.11/site-packages/airflow/example_dags/example_branch_operator_decorator.py
[2026-05-24T15:31:55.285+0000] {processor.py:830} INFO - Processing file /home/varn1t/ml-pipeline/venv/lib/python3.11/site-packages/airflow/example_dags/example_branch_operator_decorator.py for tasks to queue
[2026-05-24T15:31:55.286+0000] {logging_mixin.py:188} INFO - [2026-05-24T15:31:55.286+0000] {dagbag.py:545} INFO - Filling up the DagBag from /home/varn1t/ml-pipeline/venv/lib/python3.11/site-packages/airflow/example_dags/example_branch_operator_decorator.py
[2026-05-24T15:31:55.319+0000] {processor.py:842} WARNING - No viable dags retrieved from /home/varn1t/ml-pipeline/venv/lib/python3.11/site-packages/airflow/example_dags/example_branch_operator_decorator.py
[2026-05-24T15:31:55.328+0000] {processor.py:183} INFO - Processing /home/varn1t/ml-pipeline/venv/lib/python3.11/site-packages/airflow/example_dags/example_branch_operator_decorator.py took 0.048 seconds
[2026-05-24T15:32:38.540+0000] {processor.py:161} INFO - Started process (PID=45680) to work on /home/varn1t/ml-pipeline/venv/lib/python3.11/site-packages/airflow/example_dags/example_branch_operator_decorator.py
[2026-05-24T15:32:38.541+0000] {processor.py:830} INFO - Processing file /home/varn1t/ml-pipeline/venv/lib/python3.11/site-packages/airflow/example_dags/example_branch_operator_decorator.py for tasks to queue
[2026-05-24T15:32:38.542+0000] {logging_mixin.py:188} INFO - [2026-05-24T15:32:38.541+0000] {dagbag.py:545} INFO - Filling up the DagBag from /home/varn1t/ml-pipeline/venv/lib/python3.11/site-packages/airflow/example_dags/example_branch_operator_decorator.py
[2026-05-24T15:32:38.583+0000] {processor.py:842} WARNING - No viable dags retrieved from /home/varn1t/ml-pipeline/venv/lib/python3.11/site-packages/airflow/example_dags/example_branch_operator_decorator.py
[2026-05-24T15:32:38.594+0000] {processor.py:183} INFO - Processing /home/varn1t/ml-pipeline/venv/lib/python3.11/site-packages/airflow/example_dags/example_branch_operator_decorator.py took 0.062 seconds
[2026-05-24T15:33:25.898+0000] {processor.py:161} INFO - Started process (PID=45883) to work on /home/varn1t/ml-pipeline/venv/lib/python3.11/site-packages/airflow/example_dags/example_branch_operator_decorator.py
[2026-05-24T15:33:25.899+0000] {processor.py:830} INFO - Processing file /home/varn1t/ml-pipeline/venv/lib/python3.11/site-packages/airflow/example_dags/example_branch_operator_decorator.py for tasks to queue
[2026-05-24T15:33:25.900+0000] {logging_mixin.py:188} INFO - [2026-05-24T15:33:25.900+0000] {dagbag.py:545} INFO - Filling up the DagBag from /home/varn1t/ml-pipeline/venv/lib/python3.11/site-packages/airflow/example_dags/example_branch_operator_decorator.py
[2026-05-24T15:33:25.933+0000] {processor.py:842} WARNING - No viable dags retrieved from /home/varn1t/ml-pipeline/venv/lib/python3.11/site-packages/airflow/example_dags/example_branch_operator_decorator.py
[2026-05-24T15:33:25.942+0000] {processor.py:183} INFO - Processing /home/varn1t/ml-pipeline/venv/lib/python3.11/site-packages/airflow/example_dags/example_branch_operator_decorator.py took 0.050 seconds
[2026-05-24T15:34:09.877+0000] {processor.py:161} INFO - Started process (PID=46143) to work on /home/varn1t/ml-pipeline/venv/lib/python3.11/site-packages/airflow/example_dags/example_branch_operator_decorator.py
[2026-05-24T15:34:09.878+0000] {processor.py:830} INFO - Processing file /home/varn1t/ml-pipeline/venv/lib/python3.11/site-packages/airflow/example_dags/example_branch_operator_decorator.py for tasks to queue
[2026-05-24T15:34:09.878+0000] {logging_mixin.py:188} INFO - [2026-05-24T15:34:09.878+0000] {dagbag.py:545} INFO - Filling up the DagBag from /home/varn1t/ml-pipeline/venv/lib/python3.11/site-packages/airflow/example_dags/example_branch_operator_decorator.py
[2026-05-24T15:34:09.913+0000] {processor.py:842} WARNING - No viable dags retrieved from /home/varn1t/ml-pipeline/venv/lib/python3.11/site-packages/airflow/example_dags/example_branch_operator_decorator.py
[2026-05-24T15:34:09.922+0000] {processor.py:183} INFO - Processing /home/varn1t/ml-pipeline/venv/lib/python3.11/site-packages/airflow/example_dags/example_branch_operator_decorator.py took 0.051 seconds
[2026-05-24T15:34:52.515+0000] {processor.py:161} INFO - Started process (PID=46330) to work on /home/varn1t/ml-pipeline/venv/lib/python3.11/site-packages/airflow/example_dags/example_branch_operator_decorator.py
[2026-05-24T15:34:52.515+0000] {processor.py:830} INFO - Processing file /home/varn1t/ml-pipeline/venv/lib/python3.11/site-packages/airflow/example_dags/example_branch_operator_decorator.py for tasks to queue
[2026-05-24T15:34:52.516+0000] {logging_mixin.py:188} INFO - [2026-05-24T15:34:52.516+0000] {dagbag.py:545} INFO - Filling up the DagBag from /home/varn1t/ml-pipeline/venv/lib/python3.11/site-packages/airflow/example_dags/example_branch_operator_decorator.py
[2026-05-24T15:34:52.555+0000] {processor.py:842} WARNING - No viable dags retrieved from /home/varn1t/ml-pipeline/venv/lib/python3.11/site-packages/airflow/example_dags/example_branch_operator_decorator.py
[2026-05-24T15:34:52.563+0000] {processor.py:183} INFO - Processing /home/varn1t/ml-pipeline/venv/lib/python3.11/site-packages/airflow/example_dags/example_branch_operator_decorator.py took 0.054 seconds
[2026-05-24T15:41:53.205+0000] {processor.py:161} INFO - Started process (PID=2260) to work on /home/varn1t/ml-pipeline/venv/lib/python3.11/site-packages/airflow/example_dags/example_branch_operator_decorator.py
[2026-05-24T15:41:53.206+0000] {processor.py:830} INFO - Processing file /home/varn1t/ml-pipeline/venv/lib/python3.11/site-packages/airflow/example_dags/example_branch_operator_decorator.py for tasks to queue
[2026-05-24T15:41:53.208+0000] {logging_mixin.py:188} INFO - [2026-05-24T15:41:53.208+0000] {dagbag.py:545} INFO - Filling up the DagBag from /home/varn1t/ml-pipeline/venv/lib/python3.11/site-packages/airflow/example_dags/example_branch_operator_decorator.py
[2026-05-24T15:41:53.261+0000] {processor.py:842} WARNING - No viable dags retrieved from /home/varn1t/ml-pipeline/venv/lib/python3.11/site-packages/airflow/example_dags/example_branch_operator_decorator.py
[2026-05-24T15:41:53.269+0000] {processor.py:183} INFO - Processing /home/varn1t/ml-pipeline/venv/lib/python3.11/site-packages/airflow/example_dags/example_branch_operator_decorator.py took 0.069 seconds
[2026-05-24T15:42:44.080+0000] {processor.py:161} INFO - Started process (PID=2600) to work on /home/varn1t/ml-pipeline/venv/lib/python3.11/site-packages/airflow/example_dags/example_branch_operator_decorator.py
[2026-05-24T15:42:44.081+0000] {processor.py:830} INFO - Processing file /home/varn1t/ml-pipeline/venv/lib/python3.11/site-packages/airflow/example_dags/example_branch_operator_decorator.py for tasks to queue
[2026-05-24T15:42:44.083+0000] {logging_mixin.py:188} INFO - [2026-05-24T15:42:44.082+0000] {dagbag.py:545} INFO - Filling up the DagBag from /home/varn1t/ml-pipeline/venv/lib/python3.11/site-packages/airflow/example_dags/example_branch_operator_decorator.py
[2026-05-24T15:42:44.121+0000] {processor.py:842} WARNING - No viable dags retrieved from /home/varn1t/ml-pipeline/venv/lib/python3.11/site-packages/airflow/example_dags/example_branch_operator_decorator.py
[2026-05-24T15:42:44.133+0000] {processor.py:183} INFO - Processing /home/varn1t/ml-pipeline/venv/lib/python3.11/site-packages/airflow/example_dags/example_branch_operator_decorator.py took 0.059 seconds
[2026-05-24T15:43:39.788+0000] {processor.py:161} INFO - Started process (PID=2880) to work on /home/varn1t/ml-pipeline/venv/lib/python3.11/site-packages/airflow/example_dags/example_branch_operator_decorator.py
[2026-05-24T15:43:39.789+0000] {processor.py:830} INFO - Processing file /home/varn1t/ml-pipeline/venv/lib/python3.11/site-packages/airflow/example_dags/example_branch_operator_decorator.py for tasks to queue
[2026-05-24T15:43:39.791+0000] {logging_mixin.py:188} INFO - [2026-05-24T15:43:39.791+0000] {dagbag.py:545} INFO - Filling up the DagBag from /home/varn1t/ml-pipeline/venv/lib/python3.11/site-packages/airflow/example_dags/example_branch_operator_decorator.py
[2026-05-24T15:43:39.843+0000] {processor.py:842} WARNING - No viable dags retrieved from /home/varn1t/ml-pipeline/venv/lib/python3.11/site-packages/airflow/example_dags/example_branch_operator_decorator.py
[2026-05-24T15:43:39.852+0000] {processor.py:183} INFO - Processing /home/varn1t/ml-pipeline/venv/lib/python3.11/site-packages/airflow/example_dags/example_branch_operator_decorator.py took 0.069 seconds
[2026-05-24T15:44:27.921+0000] {processor.py:161} INFO - Started process (PID=3113) to work on /home/varn1t/ml-pipeline/venv/lib/python3.11/site-packages/airflow/example_dags/example_branch_operator_decorator.py
[2026-05-24T15:44:27.922+0000] {processor.py:830} INFO - Processing file /home/varn1t/ml-pipeline/venv/lib/python3.11/site-packages/airflow/example_dags/example_branch_operator_decorator.py for tasks to queue
[2026-05-24T15:44:27.923+0000] {logging_mixin.py:188} INFO - [2026-05-24T15:44:27.923+0000] {dagbag.py:545} INFO - Filling up the DagBag from /home/varn1t/ml-pipeline/venv/lib/python3.11/site-packages/airflow/example_dags/example_branch_operator_decorator.py
[2026-05-24T15:44:27.960+0000] {processor.py:842} WARNING - No viable dags retrieved from /home/varn1t/ml-pipeline/venv/lib/python3.11/site-packages/airflow/example_dags/example_branch_operator_decorator.py
[2026-05-24T15:44:27.971+0000] {processor.py:183} INFO - Processing /home/varn1t/ml-pipeline/venv/lib/python3.11/site-packages/airflow/example_dags/example_branch_operator_decorator.py took 0.055 seconds
[2026-05-24T15:45:08.518+0000] {processor.py:161} INFO - Started process (PID=3460) to work on /home/varn1t/ml-pipeline/venv/lib/python3.11/site-packages/airflow/example_dags/example_branch_operator_decorator.py
[2026-05-24T15:45:08.519+0000] {processor.py:830} INFO - Processing file /home/varn1t/ml-pipeline/venv/lib/python3.11/site-packages/airflow/example_dags/example_branch_operator_decorator.py for tasks to queue
[2026-05-24T15:45:08.521+0000] {logging_mixin.py:188} INFO - [2026-05-24T15:45:08.520+0000] {dagbag.py:545} INFO - Filling up the DagBag from /home/varn1t/ml-pipeline/venv/lib/python3.11/site-packages/airflow/example_dags/example_branch_operator_decorator.py
[2026-05-24T15:45:08.573+0000] {processor.py:842} WARNING - No viable dags retrieved from /home/varn1t/ml-pipeline/venv/lib/python3.11/site-packages/airflow/example_dags/example_branch_operator_decorator.py
[2026-05-24T15:45:08.588+0000] {processor.py:183} INFO - Processing /home/varn1t/ml-pipeline/venv/lib/python3.11/site-packages/airflow/example_dags/example_branch_operator_decorator.py took 0.077 seconds
[2026-05-24T15:45:59.842+0000] {processor.py:161} INFO - Started process (PID=3851) to work on /home/varn1t/ml-pipeline/venv/lib/python3.11/site-packages/airflow/example_dags/example_branch_operator_decorator.py
[2026-05-24T15:45:59.845+0000] {processor.py:830} INFO - Processing file /home/varn1t/ml-pipeline/venv/lib/python3.11/site-packages/airflow/example_dags/example_branch_operator_decorator.py for tasks to queue
[2026-05-24T15:45:59.851+0000] {logging_mixin.py:188} INFO - [2026-05-24T15:45:59.850+0000] {dagbag.py:545} INFO - Filling up the DagBag from /home/varn1t/ml-pipeline/venv/lib/python3.11/site-packages/airflow/example_dags/example_branch_operator_decorator.py
[2026-05-24T15:45:59.914+0000] {processor.py:842} WARNING - No viable dags retrieved from /home/varn1t/ml-pipeline/venv/lib/python3.11/site-packages/airflow/example_dags/example_branch_operator_decorator.py
[2026-05-24T15:45:59.958+0000] {processor.py:183} INFO - Processing /home/varn1t/ml-pipeline/venv/lib/python3.11/site-packages/airflow/example_dags/example_branch_operator_decorator.py took 0.140 seconds
[2026-05-24T15:46:55.408+0000] {processor.py:161} INFO - Started process (PID=4322) to work on /home/varn1t/ml-pipeline/venv/lib/python3.11/site-packages/airflow/example_dags/example_branch_operator_decorator.py
[2026-05-24T15:46:55.409+0000] {processor.py:830} INFO - Processing file /home/varn1t/ml-pipeline/venv/lib/python3.11/site-packages/airflow/example_dags/example_branch_operator_decorator.py for tasks to queue
[2026-05-24T15:46:55.411+0000] {logging_mixin.py:188} INFO - [2026-05-24T15:46:55.410+0000] {dagbag.py:545} INFO - Filling up the DagBag from /home/varn1t/ml-pipeline/venv/lib/python3.11/site-packages/airflow/example_dags/example_branch_operator_decorator.py
[2026-05-24T15:46:55.472+0000] {processor.py:842} WARNING - No viable dags retrieved from /home/varn1t/ml-pipeline/venv/lib/python3.11/site-packages/airflow/example_dags/example_branch_operator_decorator.py
[2026-05-24T15:46:55.494+0000] {processor.py:183} INFO - Processing /home/varn1t/ml-pipeline/venv/lib/python3.11/site-packages/airflow/example_dags/example_branch_operator_decorator.py took 0.096 seconds
[2026-05-24T15:47:46.852+0000] {processor.py:161} INFO - Started process (PID=4726) to work on /home/varn1t/ml-pipeline/venv/lib/python3.11/site-packages/airflow/example_dags/example_branch_operator_decorator.py
[2026-05-24T15:47:46.853+0000] {processor.py:830} INFO - Processing file /home/varn1t/ml-pipeline/venv/lib/python3.11/site-packages/airflow/example_dags/example_branch_operator_decorator.py for tasks to queue
[2026-05-24T15:47:46.855+0000] {logging_mixin.py:188} INFO - [2026-05-24T15:47:46.854+0000] {dagbag.py:545} INFO - Filling up the DagBag from /home/varn1t/ml-pipeline/venv/lib/python3.11/site-packages/airflow/example_dags/example_branch_operator_decorator.py
[2026-05-24T15:47:46.916+0000] {processor.py:842} WARNING - No viable dags retrieved from /home/varn1t/ml-pipeline/venv/lib/python3.11/site-packages/airflow/example_dags/example_branch_operator_decorator.py
[2026-05-24T15:47:46.929+0000] {processor.py:183} INFO - Processing /home/varn1t/ml-pipeline/venv/lib/python3.11/site-packages/airflow/example_dags/example_branch_operator_decorator.py took 0.086 seconds
[2026-05-24T15:48:37.500+0000] {processor.py:161} INFO - Started process (PID=5116) to work on /home/varn1t/ml-pipeline/venv/lib/python3.11/site-packages/airflow/example_dags/example_branch_operator_decorator.py
[2026-05-24T15:48:37.501+0000] {processor.py:830} INFO - Processing file /home/varn1t/ml-pipeline/venv/lib/python3.11/site-packages/airflow/example_dags/example_branch_operator_decorator.py for tasks to queue
[2026-05-24T15:48:37.502+0000] {logging_mixin.py:188} INFO - [2026-05-24T15:48:37.502+0000] {dagbag.py:545} INFO - Filling up the DagBag from /home/varn1t/ml-pipeline/venv/lib/python3.11/site-packages/airflow/example_dags/example_branch_operator_decorator.py
[2026-05-24T15:48:37.560+0000] {processor.py:842} WARNING - No viable dags retrieved from /home/varn1t/ml-pipeline/venv/lib/python3.11/site-packages/airflow/example_dags/example_branch_operator_decorator.py
[2026-05-24T15:48:37.570+0000] {processor.py:183} INFO - Processing /home/varn1t/ml-pipeline/venv/lib/python3.11/site-packages/airflow/example_dags/example_branch_operator_decorator.py took 0.075 seconds
[2026-05-24T15:49:23.990+0000] {processor.py:161} INFO - Started process (PID=5495) to work on /home/varn1t/ml-pipeline/venv/lib/python3.11/site-packages/airflow/example_dags/example_branch_operator_decorator.py
[2026-05-24T15:49:23.990+0000] {processor.py:830} INFO - Processing file /home/varn1t/ml-pipeline/venv/lib/python3.11/site-packages/airflow/example_dags/example_branch_operator_decorator.py for tasks to queue
[2026-05-24T15:49:23.992+0000] {logging_mixin.py:188} INFO - [2026-05-24T15:49:23.991+0000] {dagbag.py:545} INFO - Filling up the DagBag from /home/varn1t/ml-pipeline/venv/lib/python3.11/site-packages/airflow/example_dags/example_branch_operator_decorator.py
[2026-05-24T15:49:24.032+0000] {processor.py:842} WARNING - No viable dags retrieved from /home/varn1t/ml-pipeline/venv/lib/python3.11/site-packages/airflow/example_dags/example_branch_operator_decorator.py
[2026-05-24T15:49:24.041+0000] {processor.py:183} INFO - Processing /home/varn1t/ml-pipeline/venv/lib/python3.11/site-packages/airflow/example_dags/example_branch_operator_decorator.py took 0.055 seconds
[2026-05-24T15:50:07.101+0000] {processor.py:161} INFO - Started process (PID=5883) to work on /home/varn1t/ml-pipeline/venv/lib/python3.11/site-packages/airflow/example_dags/example_branch_operator_decorator.py
[2026-05-24T15:50:07.102+0000] {processor.py:830} INFO - Processing file /home/varn1t/ml-pipeline/venv/lib/python3.11/site-packages/airflow/example_dags/example_branch_operator_decorator.py for tasks to queue
[2026-05-24T15:50:07.104+0000] {logging_mixin.py:188} INFO - [2026-05-24T15:50:07.103+0000] {dagbag.py:545} INFO - Filling up the DagBag from /home/varn1t/ml-pipeline/venv/lib/python3.11/site-packages/airflow/example_dags/example_branch_operator_decorator.py
[2026-05-24T15:50:07.144+0000] {processor.py:842} WARNING - No viable dags retrieved from /home/varn1t/ml-pipeline/venv/lib/python3.11/site-packages/airflow/example_dags/example_branch_operator_decorator.py
[2026-05-24T15:50:07.160+0000] {processor.py:183} INFO - Processing /home/varn1t/ml-pipeline/venv/lib/python3.11/site-packages/airflow/example_dags/example_branch_operator_decorator.py took 0.064 seconds
[2026-05-24T15:51:10.933+0000] {processor.py:161} INFO - Started process (PID=6458) to work on /home/varn1t/ml-pipeline/venv/lib/python3.11/site-packages/airflow/example_dags/example_branch_operator_decorator.py
[2026-05-24T15:51:10.934+0000] {processor.py:830} INFO - Processing file /home/varn1t/ml-pipeline/venv/lib/python3.11/site-packages/airflow/example_dags/example_branch_operator_decorator.py for tasks to queue
[2026-05-24T15:51:10.935+0000] {logging_mixin.py:188} INFO - [2026-05-24T15:51:10.935+0000] {dagbag.py:545} INFO - Filling up the DagBag from /home/varn1t/ml-pipeline/venv/lib/python3.11/site-packages/airflow/example_dags/example_branch_operator_decorator.py
[2026-05-24T15:51:10.968+0000] {processor.py:842} WARNING - No viable dags retrieved from /home/varn1t/ml-pipeline/venv/lib/python3.11/site-packages/airflow/example_dags/example_branch_operator_decorator.py
[2026-05-24T15:51:10.979+0000] {processor.py:183} INFO - Processing /home/varn1t/ml-pipeline/venv/lib/python3.11/site-packages/airflow/example_dags/example_branch_operator_decorator.py took 0.052 seconds
[2026-05-24T15:51:57.442+0000] {processor.py:161} INFO - Started process (PID=6870) to work on /home/varn1t/ml-pipeline/venv/lib/python3.11/site-packages/airflow/example_dags/example_branch_operator_decorator.py
[2026-05-24T15:51:57.443+0000] {processor.py:830} INFO - Processing file /home/varn1t/ml-pipeline/venv/lib/python3.11/site-packages/airflow/example_dags/example_branch_operator_decorator.py for tasks to queue
[2026-05-24T15:51:57.444+0000] {logging_mixin.py:188} INFO - [2026-05-24T15:51:57.444+0000] {dagbag.py:545} INFO - Filling up the DagBag from /home/varn1t/ml-pipeline/venv/lib/python3.11/site-packages/airflow/example_dags/example_branch_operator_decorator.py
[2026-05-24T15:51:57.495+0000] {processor.py:842} WARNING - No viable dags retrieved from /home/varn1t/ml-pipeline/venv/lib/python3.11/site-packages/airflow/example_dags/example_branch_operator_decorator.py
[2026-05-24T15:51:57.504+0000] {processor.py:183} INFO - Processing /home/varn1t/ml-pipeline/venv/lib/python3.11/site-packages/airflow/example_dags/example_branch_operator_decorator.py took 0.066 seconds
[2026-05-24T15:52:43.118+0000] {processor.py:161} INFO - Started process (PID=7130) to work on /home/varn1t/ml-pipeline/venv/lib/python3.11/site-packages/airflow/example_dags/example_branch_operator_decorator.py
[2026-05-24T15:52:43.121+0000] {processor.py:830} INFO - Processing file /home/varn1t/ml-pipeline/venv/lib/python3.11/site-packages/airflow/example_dags/example_branch_operator_decorator.py for tasks to queue
[2026-05-24T15:52:43.123+0000] {logging_mixin.py:188} INFO - [2026-05-24T15:52:43.122+0000] {dagbag.py:545} INFO - Filling up the DagBag from /home/varn1t/ml-pipeline/venv/lib/python3.11/site-packages/airflow/example_dags/example_branch_operator_decorator.py
[2026-05-24T15:52:43.170+0000] {processor.py:842} WARNING - No viable dags retrieved from /home/varn1t/ml-pipeline/venv/lib/python3.11/site-packages/airflow/example_dags/example_branch_operator_decorator.py
[2026-05-24T15:52:43.188+0000] {processor.py:183} INFO - Processing /home/varn1t/ml-pipeline/venv/lib/python3.11/site-packages/airflow/example_dags/example_branch_operator_decorator.py took 0.078 seconds
[2026-05-24T15:53:27.255+0000] {processor.py:161} INFO - Started process (PID=7546) to work on /home/varn1t/ml-pipeline/venv/lib/python3.11/site-packages/airflow/example_dags/example_branch_operator_decorator.py
[2026-05-24T15:53:27.256+0000] {processor.py:830} INFO - Processing file /home/varn1t/ml-pipeline/venv/lib/python3.11/site-packages/airflow/example_dags/example_branch_operator_decorator.py for tasks to queue
[2026-05-24T15:53:27.258+0000] {logging_mixin.py:188} INFO - [2026-05-24T15:53:27.258+0000] {dagbag.py:545} INFO - Filling up the DagBag from /home/varn1t/ml-pipeline/venv/lib/python3.11/site-packages/airflow/example_dags/example_branch_operator_decorator.py
[2026-05-24T15:53:27.315+0000] {processor.py:842} WARNING - No viable dags retrieved from /home/varn1t/ml-pipeline/venv/lib/python3.11/site-packages/airflow/example_dags/example_branch_operator_decorator.py
[2026-05-24T15:53:27.324+0000] {processor.py:183} INFO - Processing /home/varn1t/ml-pipeline/venv/lib/python3.11/site-packages/airflow/example_dags/example_branch_operator_decorator.py took 0.078 seconds
[2026-05-24T15:54:17.207+0000] {processor.py:161} INFO - Started process (PID=8101) to work on /home/varn1t/ml-pipeline/venv/lib/python3.11/site-packages/airflow/example_dags/example_branch_operator_decorator.py
[2026-05-24T15:54:17.209+0000] {processor.py:830} INFO - Processing file /home/varn1t/ml-pipeline/venv/lib/python3.11/site-packages/airflow/example_dags/example_branch_operator_decorator.py for tasks to queue
[2026-05-24T15:54:17.212+0000] {logging_mixin.py:188} INFO - [2026-05-24T15:54:17.211+0000] {dagbag.py:545} INFO - Filling up the DagBag from /home/varn1t/ml-pipeline/venv/lib/python3.11/site-packages/airflow/example_dags/example_branch_operator_decorator.py
[2026-05-24T15:54:17.260+0000] {processor.py:842} WARNING - No viable dags retrieved from /home/varn1t/ml-pipeline/venv/lib/python3.11/site-packages/airflow/example_dags/example_branch_operator_decorator.py
[2026-05-24T15:54:17.272+0000] {processor.py:183} INFO - Processing /home/varn1t/ml-pipeline/venv/lib/python3.11/site-packages/airflow/example_dags/example_branch_operator_decorator.py took 0.075 seconds
[2026-05-24T15:55:02.366+0000] {processor.py:161} INFO - Started process (PID=8484) to work on /home/varn1t/ml-pipeline/venv/lib/python3.11/site-packages/airflow/example_dags/example_branch_operator_decorator.py
[2026-05-24T15:55:02.367+0000] {processor.py:830} INFO - Processing file /home/varn1t/ml-pipeline/venv/lib/python3.11/site-packages/airflow/example_dags/example_branch_operator_decorator.py for tasks to queue
[2026-05-24T15:55:02.368+0000] {logging_mixin.py:188} INFO - [2026-05-24T15:55:02.368+0000] {dagbag.py:545} INFO - Filling up the DagBag from /home/varn1t/ml-pipeline/venv/lib/python3.11/site-packages/airflow/example_dags/example_branch_operator_decorator.py
[2026-05-24T15:55:02.409+0000] {processor.py:842} WARNING - No viable dags retrieved from /home/varn1t/ml-pipeline/venv/lib/python3.11/site-packages/airflow/example_dags/example_branch_operator_decorator.py
[2026-05-24T15:55:02.420+0000] {processor.py:183} INFO - Processing /home/varn1t/ml-pipeline/venv/lib/python3.11/site-packages/airflow/example_dags/example_branch_operator_decorator.py took 0.058 seconds
[2026-05-24T15:56:06.619+0000] {processor.py:161} INFO - Started process (PID=9153) to work on /home/varn1t/ml-pipeline/venv/lib/python3.11/site-packages/airflow/example_dags/example_branch_operator_decorator.py
[2026-05-24T15:56:06.622+0000] {processor.py:830} INFO - Processing file /home/varn1t/ml-pipeline/venv/lib/python3.11/site-packages/airflow/example_dags/example_branch_operator_decorator.py for tasks to queue
[2026-05-24T15:56:06.624+0000] {logging_mixin.py:188} INFO - [2026-05-24T15:56:06.624+0000] {dagbag.py:545} INFO - Filling up the DagBag from /home/varn1t/ml-pipeline/venv/lib/python3.11/site-packages/airflow/example_dags/example_branch_operator_decorator.py
[2026-05-24T15:56:06.855+0000] {processor.py:842} WARNING - No viable dags retrieved from /home/varn1t/ml-pipeline/venv/lib/python3.11/site-packages/airflow/example_dags/example_branch_operator_decorator.py
[2026-05-24T15:56:06.898+0000] {processor.py:183} INFO - Processing /home/varn1t/ml-pipeline/venv/lib/python3.11/site-packages/airflow/example_dags/example_branch_operator_decorator.py took 0.314 seconds
[2026-05-24T15:56:52.288+0000] {processor.py:161} INFO - Started process (PID=9843) to work on /home/varn1t/ml-pipeline/venv/lib/python3.11/site-packages/airflow/example_dags/example_branch_operator_decorator.py
[2026-05-24T15:56:52.289+0000] {processor.py:830} INFO - Processing file /home/varn1t/ml-pipeline/venv/lib/python3.11/site-packages/airflow/example_dags/example_branch_operator_decorator.py for tasks to queue
[2026-05-24T15:56:52.291+0000] {logging_mixin.py:188} INFO - [2026-05-24T15:56:52.290+0000] {dagbag.py:545} INFO - Filling up the DagBag from /home/varn1t/ml-pipeline/venv/lib/python3.11/site-packages/airflow/example_dags/example_branch_operator_decorator.py
[2026-05-24T15:56:52.342+0000] {processor.py:842} WARNING - No viable dags retrieved from /home/varn1t/ml-pipeline/venv/lib/python3.11/site-packages/airflow/example_dags/example_branch_operator_decorator.py
[2026-05-24T15:56:52.355+0000] {processor.py:183} INFO - Processing /home/varn1t/ml-pipeline/venv/lib/python3.11/site-packages/airflow/example_dags/example_branch_operator_decorator.py took 0.073 seconds
[2026-05-24T15:57:37.699+0000] {processor.py:161} INFO - Started process (PID=10182) to work on /home/varn1t/ml-pipeline/venv/lib/python3.11/site-packages/airflow/example_dags/example_branch_operator_decorator.py
[2026-05-24T15:57:37.700+0000] {processor.py:830} INFO - Processing file /home/varn1t/ml-pipeline/venv/lib/python3.11/site-packages/airflow/example_dags/example_branch_operator_decorator.py for tasks to queue
[2026-05-24T15:57:37.701+0000] {logging_mixin.py:188} INFO - [2026-05-24T15:57:37.701+0000] {dagbag.py:545} INFO - Filling up the DagBag from /home/varn1t/ml-pipeline/venv/lib/python3.11/site-packages/airflow/example_dags/example_branch_operator_decorator.py
[2026-05-24T15:57:37.734+0000] {processor.py:842} WARNING - No viable dags retrieved from /home/varn1t/ml-pipeline/venv/lib/python3.11/site-packages/airflow/example_dags/example_branch_operator_decorator.py
[2026-05-24T15:57:37.743+0000] {processor.py:183} INFO - Processing /home/varn1t/ml-pipeline/venv/lib/python3.11/site-packages/airflow/example_dags/example_branch_operator_decorator.py took 0.049 seconds
[2026-05-24T15:58:24.172+0000] {processor.py:161} INFO - Started process (PID=10599) to work on /home/varn1t/ml-pipeline/venv/lib/python3.11/site-packages/airflow/example_dags/example_branch_operator_decorator.py
[2026-05-24T15:58:24.173+0000] {processor.py:830} INFO - Processing file /home/varn1t/ml-pipeline/venv/lib/python3.11/site-packages/airflow/example_dags/example_branch_operator_decorator.py for tasks to queue
[2026-05-24T15:58:24.180+0000] {logging_mixin.py:188} INFO - [2026-05-24T15:58:24.179+0000] {dagbag.py:545} INFO - Filling up the DagBag from /home/varn1t/ml-pipeline/venv/lib/python3.11/site-packages/airflow/example_dags/example_branch_operator_decorator.py
[2026-05-24T15:58:24.278+0000] {processor.py:842} WARNING - No viable dags retrieved from /home/varn1t/ml-pipeline/venv/lib/python3.11/site-packages/airflow/example_dags/example_branch_operator_decorator.py
[2026-05-24T15:58:24.308+0000] {processor.py:183} INFO - Processing /home/varn1t/ml-pipeline/venv/lib/python3.11/site-packages/airflow/example_dags/example_branch_operator_decorator.py took 0.162 seconds
[2026-05-24T15:59:17.351+0000] {processor.py:161} INFO - Started process (PID=11018) to work on /home/varn1t/ml-pipeline/venv/lib/python3.11/site-packages/airflow/example_dags/example_branch_operator_decorator.py
[2026-05-24T15:59:17.353+0000] {processor.py:830} INFO - Processing file /home/varn1t/ml-pipeline/venv/lib/python3.11/site-packages/airflow/example_dags/example_branch_operator_decorator.py for tasks to queue
[2026-05-24T15:59:17.357+0000] {logging_mixin.py:188} INFO - [2026-05-24T15:59:17.356+0000] {dagbag.py:545} INFO - Filling up the DagBag from /home/varn1t/ml-pipeline/venv/lib/python3.11/site-packages/airflow/example_dags/example_branch_operator_decorator.py
[2026-05-24T15:59:17.395+0000] {processor.py:842} WARNING - No viable dags retrieved from /home/varn1t/ml-pipeline/venv/lib/python3.11/site-packages/airflow/example_dags/example_branch_operator_decorator.py
[2026-05-24T15:59:17.410+0000] {processor.py:183} INFO - Processing /home/varn1t/ml-pipeline/venv/lib/python3.11/site-packages/airflow/example_dags/example_branch_operator_decorator.py took 0.070 seconds
[2026-05-24T16:00:04.010+0000] {processor.py:161} INFO - Started process (PID=11253) to work on /home/varn1t/ml-pipeline/venv/lib/python3.11/site-packages/airflow/example_dags/example_branch_operator_decorator.py
[2026-05-24T16:00:04.011+0000] {processor.py:830} INFO - Processing file /home/varn1t/ml-pipeline/venv/lib/python3.11/site-packages/airflow/example_dags/example_branch_operator_decorator.py for tasks to queue
[2026-05-24T16:00:04.012+0000] {logging_mixin.py:188} INFO - [2026-05-24T16:00:04.012+0000] {dagbag.py:545} INFO - Filling up the DagBag from /home/varn1t/ml-pipeline/venv/lib/python3.11/site-packages/airflow/example_dags/example_branch_operator_decorator.py
[2026-05-24T16:00:04.056+0000] {processor.py:842} WARNING - No viable dags retrieved from /home/varn1t/ml-pipeline/venv/lib/python3.11/site-packages/airflow/example_dags/example_branch_operator_decorator.py
[2026-05-24T16:00:04.065+0000] {processor.py:183} INFO - Processing /home/varn1t/ml-pipeline/venv/lib/python3.11/site-packages/airflow/example_dags/example_branch_operator_decorator.py took 0.059 seconds
[2026-05-24T16:00:45.741+0000] {processor.py:161} INFO - Started process (PID=11433) to work on /home/varn1t/ml-pipeline/venv/lib/python3.11/site-packages/airflow/example_dags/example_branch_operator_decorator.py
[2026-05-24T16:00:45.741+0000] {processor.py:830} INFO - Processing file /home/varn1t/ml-pipeline/venv/lib/python3.11/site-packages/airflow/example_dags/example_branch_operator_decorator.py for tasks to queue
[2026-05-24T16:00:45.743+0000] {logging_mixin.py:188} INFO - [2026-05-24T16:00:45.742+0000] {dagbag.py:545} INFO - Filling up the DagBag from /home/varn1t/ml-pipeline/venv/lib/python3.11/site-packages/airflow/example_dags/example_branch_operator_decorator.py
[2026-05-24T16:00:45.778+0000] {processor.py:842} WARNING - No viable dags retrieved from /home/varn1t/ml-pipeline/venv/lib/python3.11/site-packages/airflow/example_dags/example_branch_operator_decorator.py
[2026-05-24T16:00:45.785+0000] {processor.py:183} INFO - Processing /home/varn1t/ml-pipeline/venv/lib/python3.11/site-packages/airflow/example_dags/example_branch_operator_decorator.py took 0.048 seconds
[2026-05-24T16:01:27.186+0000] {processor.py:161} INFO - Started process (PID=11613) to work on /home/varn1t/ml-pipeline/venv/lib/python3.11/site-packages/airflow/example_dags/example_branch_operator_decorator.py
[2026-05-24T16:01:27.188+0000] {processor.py:830} INFO - Processing file /home/varn1t/ml-pipeline/venv/lib/python3.11/site-packages/airflow/example_dags/example_branch_operator_decorator.py for tasks to queue
[2026-05-24T16:01:27.190+0000] {logging_mixin.py:188} INFO - [2026-05-24T16:01:27.189+0000] {dagbag.py:545} INFO - Filling up the DagBag from /home/varn1t/ml-pipeline/venv/lib/python3.11/site-packages/airflow/example_dags/example_branch_operator_decorator.py
[2026-05-24T16:01:27.235+0000] {processor.py:842} WARNING - No viable dags retrieved from /home/varn1t/ml-pipeline/venv/lib/python3.11/site-packages/airflow/example_dags/example_branch_operator_decorator.py
[2026-05-24T16:01:27.242+0000] {processor.py:183} INFO - Processing /home/varn1t/ml-pipeline/venv/lib/python3.11/site-packages/airflow/example_dags/example_branch_operator_decorator.py took 0.061 seconds
[2026-05-24T16:03:47.501+0000] {processor.py:161} INFO - Started process (PID=13976) to work on /home/varn1t/ml-pipeline/venv/lib/python3.11/site-packages/airflow/example_dags/example_branch_operator_decorator.py
[2026-05-24T16:03:47.502+0000] {processor.py:830} INFO - Processing file /home/varn1t/ml-pipeline/venv/lib/python3.11/site-packages/airflow/example_dags/example_branch_operator_decorator.py for tasks to queue
[2026-05-24T16:03:47.504+0000] {logging_mixin.py:188} INFO - [2026-05-24T16:03:47.503+0000] {dagbag.py:545} INFO - Filling up the DagBag from /home/varn1t/ml-pipeline/venv/lib/python3.11/site-packages/airflow/example_dags/example_branch_operator_decorator.py
[2026-05-24T16:03:47.543+0000] {processor.py:842} WARNING - No viable dags retrieved from /home/varn1t/ml-pipeline/venv/lib/python3.11/site-packages/airflow/example_dags/example_branch_operator_decorator.py
[2026-05-24T16:03:47.551+0000] {processor.py:183} INFO - Processing /home/varn1t/ml-pipeline/venv/lib/python3.11/site-packages/airflow/example_dags/example_branch_operator_decorator.py took 0.055 seconds
[2026-05-24T16:04:39.406+0000] {processor.py:161} INFO - Started process (PID=14199) to work on /home/varn1t/ml-pipeline/venv/lib/python3.11/site-packages/airflow/example_dags/example_branch_operator_decorator.py
[2026-05-24T16:04:39.407+0000] {processor.py:830} INFO - Processing file /home/varn1t/ml-pipeline/venv/lib/python3.11/site-packages/airflow/example_dags/example_branch_operator_decorator.py for tasks to queue
[2026-05-24T16:04:39.408+0000] {logging_mixin.py:188} INFO - [2026-05-24T16:04:39.408+0000] {dagbag.py:545} INFO - Filling up the DagBag from /home/varn1t/ml-pipeline/venv/lib/python3.11/site-packages/airflow/example_dags/example_branch_operator_decorator.py
[2026-05-24T16:04:39.446+0000] {processor.py:842} WARNING - No viable dags retrieved from /home/varn1t/ml-pipeline/venv/lib/python3.11/site-packages/airflow/example_dags/example_branch_operator_decorator.py
[2026-05-24T16:04:39.456+0000] {processor.py:183} INFO - Processing /home/varn1t/ml-pipeline/venv/lib/python3.11/site-packages/airflow/example_dags/example_branch_operator_decorator.py took 0.056 seconds
[2026-05-24T16:05:25.167+0000] {processor.py:161} INFO - Started process (PID=14395) to work on /home/varn1t/ml-pipeline/venv/lib/python3.11/site-packages/airflow/example_dags/example_branch_operator_decorator.py
[2026-05-24T16:05:25.168+0000] {processor.py:830} INFO - Processing file /home/varn1t/ml-pipeline/venv/lib/python3.11/site-packages/airflow/example_dags/example_branch_operator_decorator.py for tasks to queue
[2026-05-24T16:05:25.170+0000] {logging_mixin.py:188} INFO - [2026-05-24T16:05:25.169+0000] {dagbag.py:545} INFO - Filling up the DagBag from /home/varn1t/ml-pipeline/venv/lib/python3.11/site-packages/airflow/example_dags/example_branch_operator_decorator.py
[2026-05-24T16:05:25.202+0000] {processor.py:842} WARNING - No viable dags retrieved from /home/varn1t/ml-pipeline/venv/lib/python3.11/site-packages/airflow/example_dags/example_branch_operator_decorator.py
[2026-05-24T16:05:25.210+0000] {processor.py:183} INFO - Processing /home/varn1t/ml-pipeline/venv/lib/python3.11/site-packages/airflow/example_dags/example_branch_operator_decorator.py took 0.048 seconds
[2026-05-24T16:06:09.035+0000] {processor.py:161} INFO - Started process (PID=14583) to work on /home/varn1t/ml-pipeline/venv/lib/python3.11/site-packages/airflow/example_dags/example_branch_operator_decorator.py
[2026-05-24T16:06:09.037+0000] {processor.py:830} INFO - Processing file /home/varn1t/ml-pipeline/venv/lib/python3.11/site-packages/airflow/example_dags/example_branch_operator_decorator.py for tasks to queue
[2026-05-24T16:06:09.038+0000] {logging_mixin.py:188} INFO - [2026-05-24T16:06:09.038+0000] {dagbag.py:545} INFO - Filling up the DagBag from /home/varn1t/ml-pipeline/venv/lib/python3.11/site-packages/airflow/example_dags/example_branch_operator_decorator.py
[2026-05-24T16:06:09.077+0000] {processor.py:842} WARNING - No viable dags retrieved from /home/varn1t/ml-pipeline/venv/lib/python3.11/site-packages/airflow/example_dags/example_branch_operator_decorator.py
[2026-05-24T16:06:09.087+0000] {processor.py:183} INFO - Processing /home/varn1t/ml-pipeline/venv/lib/python3.11/site-packages/airflow/example_dags/example_branch_operator_decorator.py took 0.058 seconds
[2026-05-24T16:06:50.039+0000] {processor.py:161} INFO - Started process (PID=14790) to work on /home/varn1t/ml-pipeline/venv/lib/python3.11/site-packages/airflow/example_dags/example_branch_operator_decorator.py
[2026-05-24T16:06:50.040+0000] {processor.py:830} INFO - Processing file /home/varn1t/ml-pipeline/venv/lib/python3.11/site-packages/airflow/example_dags/example_branch_operator_decorator.py for tasks to queue
[2026-05-24T16:06:50.042+0000] {logging_mixin.py:188} INFO - [2026-05-24T16:06:50.042+0000] {dagbag.py:545} INFO - Filling up the DagBag from /home/varn1t/ml-pipeline/venv/lib/python3.11/site-packages/airflow/example_dags/example_branch_operator_decorator.py
[2026-05-24T16:06:50.080+0000] {processor.py:842} WARNING - No viable dags retrieved from /home/varn1t/ml-pipeline/venv/lib/python3.11/site-packages/airflow/example_dags/example_branch_operator_decorator.py
[2026-05-24T16:06:50.089+0000] {processor.py:183} INFO - Processing /home/varn1t/ml-pipeline/venv/lib/python3.11/site-packages/airflow/example_dags/example_branch_operator_decorator.py took 0.055 seconds
[2026-05-24T16:07:49.292+0000] {processor.py:161} INFO - Started process (PID=15083) to work on /home/varn1t/ml-pipeline/venv/lib/python3.11/site-packages/airflow/example_dags/example_branch_operator_decorator.py
[2026-05-24T16:07:49.293+0000] {processor.py:830} INFO - Processing file /home/varn1t/ml-pipeline/venv/lib/python3.11/site-packages/airflow/example_dags/example_branch_operator_decorator.py for tasks to queue
[2026-05-24T16:07:49.295+0000] {logging_mixin.py:188} INFO - [2026-05-24T16:07:49.294+0000] {dagbag.py:545} INFO - Filling up the DagBag from /home/varn1t/ml-pipeline/venv/lib/python3.11/site-packages/airflow/example_dags/example_branch_operator_decorator.py
[2026-05-24T16:07:49.331+0000] {processor.py:842} WARNING - No viable dags retrieved from /home/varn1t/ml-pipeline/venv/lib/python3.11/site-packages/airflow/example_dags/example_branch_operator_decorator.py
[2026-05-24T16:07:49.339+0000] {processor.py:183} INFO - Processing /home/varn1t/ml-pipeline/venv/lib/python3.11/site-packages/airflow/example_dags/example_branch_operator_decorator.py took 0.051 seconds
[2026-05-24T16:08:33.653+0000] {processor.py:161} INFO - Started process (PID=15298) to work on /home/varn1t/ml-pipeline/venv/lib/python3.11/site-packages/airflow/example_dags/example_branch_operator_decorator.py
[2026-05-24T16:08:33.654+0000] {processor.py:830} INFO - Processing file /home/varn1t/ml-pipeline/venv/lib/python3.11/site-packages/airflow/example_dags/example_branch_operator_decorator.py for tasks to queue
[2026-05-24T16:08:33.655+0000] {logging_mixin.py:188} INFO - [2026-05-24T16:08:33.655+0000] {dagbag.py:545} INFO - Filling up the DagBag from /home/varn1t/ml-pipeline/venv/lib/python3.11/site-packages/airflow/example_dags/example_branch_operator_decorator.py
[2026-05-24T16:08:33.705+0000] {processor.py:842} WARNING - No viable dags retrieved from /home/varn1t/ml-pipeline/venv/lib/python3.11/site-packages/airflow/example_dags/example_branch_operator_decorator.py
[2026-05-24T16:08:33.718+0000] {processor.py:183} INFO - Processing /home/varn1t/ml-pipeline/venv/lib/python3.11/site-packages/airflow/example_dags/example_branch_operator_decorator.py took 0.070 seconds
[2026-05-24T16:09:17.877+0000] {processor.py:161} INFO - Started process (PID=15515) to work on /home/varn1t/ml-pipeline/venv/lib/python3.11/site-packages/airflow/example_dags/example_branch_operator_decorator.py
[2026-05-24T16:09:17.878+0000] {processor.py:830} INFO - Processing file /home/varn1t/ml-pipeline/venv/lib/python3.11/site-packages/airflow/example_dags/example_branch_operator_decorator.py for tasks to queue
[2026-05-24T16:09:17.879+0000] {logging_mixin.py:188} INFO - [2026-05-24T16:09:17.879+0000] {dagbag.py:545} INFO - Filling up the DagBag from /home/varn1t/ml-pipeline/venv/lib/python3.11/site-packages/airflow/example_dags/example_branch_operator_decorator.py
[2026-05-24T16:09:17.917+0000] {processor.py:842} WARNING - No viable dags retrieved from /home/varn1t/ml-pipeline/venv/lib/python3.11/site-packages/airflow/example_dags/example_branch_operator_decorator.py
[2026-05-24T16:09:17.929+0000] {processor.py:183} INFO - Processing /home/varn1t/ml-pipeline/venv/lib/python3.11/site-packages/airflow/example_dags/example_branch_operator_decorator.py took 0.059 seconds
[2026-05-24T16:10:00.017+0000] {processor.py:161} INFO - Started process (PID=15698) to work on /home/varn1t/ml-pipeline/venv/lib/python3.11/site-packages/airflow/example_dags/example_branch_operator_decorator.py
[2026-05-24T16:10:00.018+0000] {processor.py:830} INFO - Processing file /home/varn1t/ml-pipeline/venv/lib/python3.11/site-packages/airflow/example_dags/example_branch_operator_decorator.py for tasks to queue
[2026-05-24T16:10:00.020+0000] {logging_mixin.py:188} INFO - [2026-05-24T16:10:00.020+0000] {dagbag.py:545} INFO - Filling up the DagBag from /home/varn1t/ml-pipeline/venv/lib/python3.11/site-packages/airflow/example_dags/example_branch_operator_decorator.py
[2026-05-24T16:10:00.055+0000] {processor.py:842} WARNING - No viable dags retrieved from /home/varn1t/ml-pipeline/venv/lib/python3.11/site-packages/airflow/example_dags/example_branch_operator_decorator.py
[2026-05-24T16:10:00.062+0000] {processor.py:183} INFO - Processing /home/varn1t/ml-pipeline/venv/lib/python3.11/site-packages/airflow/example_dags/example_branch_operator_decorator.py took 0.050 seconds
[2026-05-24T16:10:42.559+0000] {processor.py:161} INFO - Started process (PID=15885) to work on /home/varn1t/ml-pipeline/venv/lib/python3.11/site-packages/airflow/example_dags/example_branch_operator_decorator.py
[2026-05-24T16:10:42.560+0000] {processor.py:830} INFO - Processing file /home/varn1t/ml-pipeline/venv/lib/python3.11/site-packages/airflow/example_dags/example_branch_operator_decorator.py for tasks to queue
[2026-05-24T16:10:42.561+0000] {logging_mixin.py:188} INFO - [2026-05-24T16:10:42.561+0000] {dagbag.py:545} INFO - Filling up the DagBag from /home/varn1t/ml-pipeline/venv/lib/python3.11/site-packages/airflow/example_dags/example_branch_operator_decorator.py
[2026-05-24T16:10:42.592+0000] {processor.py:842} WARNING - No viable dags retrieved from /home/varn1t/ml-pipeline/venv/lib/python3.11/site-packages/airflow/example_dags/example_branch_operator_decorator.py
[2026-05-24T16:10:42.599+0000] {processor.py:183} INFO - Processing /home/varn1t/ml-pipeline/venv/lib/python3.11/site-packages/airflow/example_dags/example_branch_operator_decorator.py took 0.045 seconds
[2026-05-24T16:11:25.258+0000] {processor.py:161} INFO - Started process (PID=16065) to work on /home/varn1t/ml-pipeline/venv/lib/python3.11/site-packages/airflow/example_dags/example_branch_operator_decorator.py
[2026-05-24T16:11:25.259+0000] {processor.py:830} INFO - Processing file /home/varn1t/ml-pipeline/venv/lib/python3.11/site-packages/airflow/example_dags/example_branch_operator_decorator.py for tasks to queue
[2026-05-24T16:11:25.260+0000] {logging_mixin.py:188} INFO - [2026-05-24T16:11:25.260+0000] {dagbag.py:545} INFO - Filling up the DagBag from /home/varn1t/ml-pipeline/venv/lib/python3.11/site-packages/airflow/example_dags/example_branch_operator_decorator.py
[2026-05-24T16:11:25.294+0000] {processor.py:842} WARNING - No viable dags retrieved from /home/varn1t/ml-pipeline/venv/lib/python3.11/site-packages/airflow/example_dags/example_branch_operator_decorator.py
[2026-05-24T16:11:25.301+0000] {processor.py:183} INFO - Processing /home/varn1t/ml-pipeline/venv/lib/python3.11/site-packages/airflow/example_dags/example_branch_operator_decorator.py took 0.047 seconds
[2026-05-24T16:12:10.295+0000] {processor.py:161} INFO - Started process (PID=16286) to work on /home/varn1t/ml-pipeline/venv/lib/python3.11/site-packages/airflow/example_dags/example_branch_operator_decorator.py
[2026-05-24T16:12:10.296+0000] {processor.py:830} INFO - Processing file /home/varn1t/ml-pipeline/venv/lib/python3.11/site-packages/airflow/example_dags/example_branch_operator_decorator.py for tasks to queue
[2026-05-24T16:12:10.297+0000] {logging_mixin.py:188} INFO - [2026-05-24T16:12:10.297+0000] {dagbag.py:545} INFO - Filling up the DagBag from /home/varn1t/ml-pipeline/venv/lib/python3.11/site-packages/airflow/example_dags/example_branch_operator_decorator.py
[2026-05-24T16:12:10.331+0000] {processor.py:842} WARNING - No viable dags retrieved from /home/varn1t/ml-pipeline/venv/lib/python3.11/site-packages/airflow/example_dags/example_branch_operator_decorator.py
[2026-05-24T16:12:10.339+0000] {processor.py:183} INFO - Processing /home/varn1t/ml-pipeline/venv/lib/python3.11/site-packages/airflow/example_dags/example_branch_operator_decorator.py took 0.048 seconds
[2026-05-24T16:12:54.016+0000] {processor.py:161} INFO - Started process (PID=16474) to work on /home/varn1t/ml-pipeline/venv/lib/python3.11/site-packages/airflow/example_dags/example_branch_operator_decorator.py
[2026-05-24T16:12:54.017+0000] {processor.py:830} INFO - Processing file /home/varn1t/ml-pipeline/venv/lib/python3.11/site-packages/airflow/example_dags/example_branch_operator_decorator.py for tasks to queue
[2026-05-24T16:12:54.019+0000] {logging_mixin.py:188} INFO - [2026-05-24T16:12:54.019+0000] {dagbag.py:545} INFO - Filling up the DagBag from /home/varn1t/ml-pipeline/venv/lib/python3.11/site-packages/airflow/example_dags/example_branch_operator_decorator.py
[2026-05-24T16:12:54.059+0000] {processor.py:842} WARNING - No viable dags retrieved from /home/varn1t/ml-pipeline/venv/lib/python3.11/site-packages/airflow/example_dags/example_branch_operator_decorator.py
[2026-05-24T16:12:54.069+0000] {processor.py:183} INFO - Processing /home/varn1t/ml-pipeline/venv/lib/python3.11/site-packages/airflow/example_dags/example_branch_operator_decorator.py took 0.059 seconds
[2026-05-24T16:13:56.222+0000] {processor.py:161} INFO - Started process (PID=16738) to work on /home/varn1t/ml-pipeline/venv/lib/python3.11/site-packages/airflow/example_dags/example_branch_operator_decorator.py
[2026-05-24T16:13:56.223+0000] {processor.py:830} INFO - Processing file /home/varn1t/ml-pipeline/venv/lib/python3.11/site-packages/airflow/example_dags/example_branch_operator_decorator.py for tasks to queue
[2026-05-24T16:13:56.224+0000] {logging_mixin.py:188} INFO - [2026-05-24T16:13:56.224+0000] {dagbag.py:545} INFO - Filling up the DagBag from /home/varn1t/ml-pipeline/venv/lib/python3.11/site-packages/airflow/example_dags/example_branch_operator_decorator.py
[2026-05-24T16:13:56.267+0000] {processor.py:842} WARNING - No viable dags retrieved from /home/varn1t/ml-pipeline/venv/lib/python3.11/site-packages/airflow/example_dags/example_branch_operator_decorator.py
[2026-05-24T16:13:56.275+0000] {processor.py:183} INFO - Processing /home/varn1t/ml-pipeline/venv/lib/python3.11/site-packages/airflow/example_dags/example_branch_operator_decorator.py took 0.057 seconds
[2026-05-24T16:14:40.430+0000] {processor.py:161} INFO - Started process (PID=16930) to work on /home/varn1t/ml-pipeline/venv/lib/python3.11/site-packages/airflow/example_dags/example_branch_operator_decorator.py
[2026-05-24T16:14:40.431+0000] {processor.py:830} INFO - Processing file /home/varn1t/ml-pipeline/venv/lib/python3.11/site-packages/airflow/example_dags/example_branch_operator_decorator.py for tasks to queue
[2026-05-24T16:14:40.433+0000] {logging_mixin.py:188} INFO - [2026-05-24T16:14:40.432+0000] {dagbag.py:545} INFO - Filling up the DagBag from /home/varn1t/ml-pipeline/venv/lib/python3.11/site-packages/airflow/example_dags/example_branch_operator_decorator.py
[2026-05-24T16:14:40.472+0000] {processor.py:842} WARNING - No viable dags retrieved from /home/varn1t/ml-pipeline/venv/lib/python3.11/site-packages/airflow/example_dags/example_branch_operator_decorator.py
[2026-05-24T16:14:40.481+0000] {processor.py:183} INFO - Processing /home/varn1t/ml-pipeline/venv/lib/python3.11/site-packages/airflow/example_dags/example_branch_operator_decorator.py took 0.056 seconds
[2026-05-24T16:15:22.230+0000] {processor.py:161} INFO - Started process (PID=17120) to work on /home/varn1t/ml-pipeline/venv/lib/python3.11/site-packages/airflow/example_dags/example_branch_operator_decorator.py
[2026-05-24T16:15:22.230+0000] {processor.py:830} INFO - Processing file /home/varn1t/ml-pipeline/venv/lib/python3.11/site-packages/airflow/example_dags/example_branch_operator_decorator.py for tasks to queue
[2026-05-24T16:15:22.232+0000] {logging_mixin.py:188} INFO - [2026-05-24T16:15:22.231+0000] {dagbag.py:545} INFO - Filling up the DagBag from /home/varn1t/ml-pipeline/venv/lib/python3.11/site-packages/airflow/example_dags/example_branch_operator_decorator.py
[2026-05-24T16:15:22.276+0000] {processor.py:842} WARNING - No viable dags retrieved from /home/varn1t/ml-pipeline/venv/lib/python3.11/site-packages/airflow/example_dags/example_branch_operator_decorator.py
[2026-05-24T16:15:22.283+0000] {processor.py:183} INFO - Processing /home/varn1t/ml-pipeline/venv/lib/python3.11/site-packages/airflow/example_dags/example_branch_operator_decorator.py took 0.058 seconds
[2026-05-24T16:16:03.466+0000] {processor.py:161} INFO - Started process (PID=17296) to work on /home/varn1t/ml-pipeline/venv/lib/python3.11/site-packages/airflow/example_dags/example_branch_operator_decorator.py
[2026-05-24T16:16:03.466+0000] {processor.py:830} INFO - Processing file /home/varn1t/ml-pipeline/venv/lib/python3.11/site-packages/airflow/example_dags/example_branch_operator_decorator.py for tasks to queue
[2026-05-24T16:16:03.468+0000] {logging_mixin.py:188} INFO - [2026-05-24T16:16:03.468+0000] {dagbag.py:545} INFO - Filling up the DagBag from /home/varn1t/ml-pipeline/venv/lib/python3.11/site-packages/airflow/example_dags/example_branch_operator_decorator.py
[2026-05-24T16:16:03.512+0000] {processor.py:842} WARNING - No viable dags retrieved from /home/varn1t/ml-pipeline/venv/lib/python3.11/site-packages/airflow/example_dags/example_branch_operator_decorator.py
[2026-05-24T16:16:03.523+0000] {processor.py:183} INFO - Processing /home/varn1t/ml-pipeline/venv/lib/python3.11/site-packages/airflow/example_dags/example_branch_operator_decorator.py took 0.062 seconds
[2026-05-24T16:16:45.166+0000] {processor.py:161} INFO - Started process (PID=17506) to work on /home/varn1t/ml-pipeline/venv/lib/python3.11/site-packages/airflow/example_dags/example_branch_operator_decorator.py
[2026-05-24T16:16:45.167+0000] {processor.py:830} INFO - Processing file /home/varn1t/ml-pipeline/venv/lib/python3.11/site-packages/airflow/example_dags/example_branch_operator_decorator.py for tasks to queue
[2026-05-24T16:16:45.169+0000] {logging_mixin.py:188} INFO - [2026-05-24T16:16:45.168+0000] {dagbag.py:545} INFO - Filling up the DagBag from /home/varn1t/ml-pipeline/venv/lib/python3.11/site-packages/airflow/example_dags/example_branch_operator_decorator.py
[2026-05-24T16:16:45.204+0000] {processor.py:842} WARNING - No viable dags retrieved from /home/varn1t/ml-pipeline/venv/lib/python3.11/site-packages/airflow/example_dags/example_branch_operator_decorator.py
[2026-05-24T16:16:45.213+0000] {processor.py:183} INFO - Processing /home/varn1t/ml-pipeline/venv/lib/python3.11/site-packages/airflow/example_dags/example_branch_operator_decorator.py took 0.052 seconds
[2026-05-24T16:17:26.767+0000] {processor.py:161} INFO - Started process (PID=17690) to work on /home/varn1t/ml-pipeline/venv/lib/python3.11/site-packages/airflow/example_dags/example_branch_operator_decorator.py
[2026-05-24T16:17:26.768+0000] {processor.py:830} INFO - Processing file /home/varn1t/ml-pipeline/venv/lib/python3.11/site-packages/airflow/example_dags/example_branch_operator_decorator.py for tasks to queue
[2026-05-24T16:17:26.770+0000] {logging_mixin.py:188} INFO - [2026-05-24T16:17:26.769+0000] {dagbag.py:545} INFO - Filling up the DagBag from /home/varn1t/ml-pipeline/venv/lib/python3.11/site-packages/airflow/example_dags/example_branch_operator_decorator.py
[2026-05-24T16:17:26.814+0000] {processor.py:842} WARNING - No viable dags retrieved from /home/varn1t/ml-pipeline/venv/lib/python3.11/site-packages/airflow/example_dags/example_branch_operator_decorator.py
[2026-05-24T16:17:26.822+0000] {processor.py:183} INFO - Processing /home/varn1t/ml-pipeline/venv/lib/python3.11/site-packages/airflow/example_dags/example_branch_operator_decorator.py took 0.062 seconds
[2026-05-24T16:18:25.632+0000] {processor.py:161} INFO - Started process (PID=18163) to work on /home/varn1t/ml-pipeline/venv/lib/python3.11/site-packages/airflow/example_dags/example_branch_operator_decorator.py
[2026-05-24T16:18:25.633+0000] {processor.py:830} INFO - Processing file /home/varn1t/ml-pipeline/venv/lib/python3.11/site-packages/airflow/example_dags/example_branch_operator_decorator.py for tasks to queue
[2026-05-24T16:18:25.634+0000] {logging_mixin.py:188} INFO - [2026-05-24T16:18:25.634+0000] {dagbag.py:545} INFO - Filling up the DagBag from /home/varn1t/ml-pipeline/venv/lib/python3.11/site-packages/airflow/example_dags/example_branch_operator_decorator.py
[2026-05-24T16:18:25.681+0000] {processor.py:842} WARNING - No viable dags retrieved from /home/varn1t/ml-pipeline/venv/lib/python3.11/site-packages/airflow/example_dags/example_branch_operator_decorator.py
[2026-05-24T16:18:25.688+0000] {processor.py:183} INFO - Processing /home/varn1t/ml-pipeline/venv/lib/python3.11/site-packages/airflow/example_dags/example_branch_operator_decorator.py took 0.061 seconds
[2026-05-24T16:19:09.692+0000] {processor.py:161} INFO - Started process (PID=18638) to work on /home/varn1t/ml-pipeline/venv/lib/python3.11/site-packages/airflow/example_dags/example_branch_operator_decorator.py
[2026-05-24T16:19:09.694+0000] {processor.py:830} INFO - Processing file /home/varn1t/ml-pipeline/venv/lib/python3.11/site-packages/airflow/example_dags/example_branch_operator_decorator.py for tasks to queue
[2026-05-24T16:19:09.695+0000] {logging_mixin.py:188} INFO - [2026-05-24T16:19:09.695+0000] {dagbag.py:545} INFO - Filling up the DagBag from /home/varn1t/ml-pipeline/venv/lib/python3.11/site-packages/airflow/example_dags/example_branch_operator_decorator.py
[2026-05-24T16:19:09.732+0000] {processor.py:842} WARNING - No viable dags retrieved from /home/varn1t/ml-pipeline/venv/lib/python3.11/site-packages/airflow/example_dags/example_branch_operator_decorator.py
[2026-05-24T16:19:09.743+0000] {processor.py:183} INFO - Processing /home/varn1t/ml-pipeline/venv/lib/python3.11/site-packages/airflow/example_dags/example_branch_operator_decorator.py took 0.056 seconds
[2026-05-24T16:19:53.252+0000] {processor.py:161} INFO - Started process (PID=18887) to work on /home/varn1t/ml-pipeline/venv/lib/python3.11/site-packages/airflow/example_dags/example_branch_operator_decorator.py
[2026-05-24T16:19:53.253+0000] {processor.py:830} INFO - Processing file /home/varn1t/ml-pipeline/venv/lib/python3.11/site-packages/airflow/example_dags/example_branch_operator_decorator.py for tasks to queue
[2026-05-24T16:19:53.254+0000] {logging_mixin.py:188} INFO - [2026-05-24T16:19:53.254+0000] {dagbag.py:545} INFO - Filling up the DagBag from /home/varn1t/ml-pipeline/venv/lib/python3.11/site-packages/airflow/example_dags/example_branch_operator_decorator.py
[2026-05-24T16:19:53.288+0000] {processor.py:842} WARNING - No viable dags retrieved from /home/varn1t/ml-pipeline/venv/lib/python3.11/site-packages/airflow/example_dags/example_branch_operator_decorator.py
[2026-05-24T16:19:53.299+0000] {processor.py:183} INFO - Processing /home/varn1t/ml-pipeline/venv/lib/python3.11/site-packages/airflow/example_dags/example_branch_operator_decorator.py took 0.051 seconds
[2026-05-24T16:20:36.342+0000] {processor.py:161} INFO - Started process (PID=19350) to work on /home/varn1t/ml-pipeline/venv/lib/python3.11/site-packages/airflow/example_dags/example_branch_operator_decorator.py
[2026-05-24T16:20:36.343+0000] {processor.py:830} INFO - Processing file /home/varn1t/ml-pipeline/venv/lib/python3.11/site-packages/airflow/example_dags/example_branch_operator_decorator.py for tasks to queue
[2026-05-24T16:20:36.345+0000] {logging_mixin.py:188} INFO - [2026-05-24T16:20:36.345+0000] {dagbag.py:545} INFO - Filling up the DagBag from /home/varn1t/ml-pipeline/venv/lib/python3.11/site-packages/airflow/example_dags/example_branch_operator_decorator.py
[2026-05-24T16:20:36.384+0000] {processor.py:842} WARNING - No viable dags retrieved from /home/varn1t/ml-pipeline/venv/lib/python3.11/site-packages/airflow/example_dags/example_branch_operator_decorator.py
[2026-05-24T16:20:36.394+0000] {processor.py:183} INFO - Processing /home/varn1t/ml-pipeline/venv/lib/python3.11/site-packages/airflow/example_dags/example_branch_operator_decorator.py took 0.056 seconds
[2026-05-24T16:21:20.538+0000] {processor.py:161} INFO - Started process (PID=19677) to work on /home/varn1t/ml-pipeline/venv/lib/python3.11/site-packages/airflow/example_dags/example_branch_operator_decorator.py
[2026-05-24T16:21:20.539+0000] {processor.py:830} INFO - Processing file /home/varn1t/ml-pipeline/venv/lib/python3.11/site-packages/airflow/example_dags/example_branch_operator_decorator.py for tasks to queue
[2026-05-24T16:21:20.540+0000] {logging_mixin.py:188} INFO - [2026-05-24T16:21:20.540+0000] {dagbag.py:545} INFO - Filling up the DagBag from /home/varn1t/ml-pipeline/venv/lib/python3.11/site-packages/airflow/example_dags/example_branch_operator_decorator.py
[2026-05-24T16:21:20.571+0000] {processor.py:842} WARNING - No viable dags retrieved from /home/varn1t/ml-pipeline/venv/lib/python3.11/site-packages/airflow/example_dags/example_branch_operator_decorator.py
[2026-05-24T16:21:20.578+0000] {processor.py:183} INFO - Processing /home/varn1t/ml-pipeline/venv/lib/python3.11/site-packages/airflow/example_dags/example_branch_operator_decorator.py took 0.044 seconds
[2026-05-24T16:22:21.237+0000] {processor.py:161} INFO - Started process (PID=20024) to work on /home/varn1t/ml-pipeline/venv/lib/python3.11/site-packages/airflow/example_dags/example_branch_operator_decorator.py
[2026-05-24T16:22:21.237+0000] {processor.py:830} INFO - Processing file /home/varn1t/ml-pipeline/venv/lib/python3.11/site-packages/airflow/example_dags/example_branch_operator_decorator.py for tasks to queue
[2026-05-24T16:22:21.239+0000] {logging_mixin.py:188} INFO - [2026-05-24T16:22:21.239+0000] {dagbag.py:545} INFO - Filling up the DagBag from /home/varn1t/ml-pipeline/venv/lib/python3.11/site-packages/airflow/example_dags/example_branch_operator_decorator.py
[2026-05-24T16:22:21.279+0000] {processor.py:842} WARNING - No viable dags retrieved from /home/varn1t/ml-pipeline/venv/lib/python3.11/site-packages/airflow/example_dags/example_branch_operator_decorator.py
[2026-05-24T16:22:21.285+0000] {processor.py:183} INFO - Processing /home/varn1t/ml-pipeline/venv/lib/python3.11/site-packages/airflow/example_dags/example_branch_operator_decorator.py took 0.054 seconds
[2026-05-24T16:23:03.449+0000] {processor.py:161} INFO - Started process (PID=20234) to work on /home/varn1t/ml-pipeline/venv/lib/python3.11/site-packages/airflow/example_dags/example_branch_operator_decorator.py
[2026-05-24T16:23:03.450+0000] {processor.py:830} INFO - Processing file /home/varn1t/ml-pipeline/venv/lib/python3.11/site-packages/airflow/example_dags/example_branch_operator_decorator.py for tasks to queue
[2026-05-24T16:23:03.451+0000] {logging_mixin.py:188} INFO - [2026-05-24T16:23:03.451+0000] {dagbag.py:545} INFO - Filling up the DagBag from /home/varn1t/ml-pipeline/venv/lib/python3.11/site-packages/airflow/example_dags/example_branch_operator_decorator.py
[2026-05-24T16:23:03.489+0000] {processor.py:842} WARNING - No viable dags retrieved from /home/varn1t/ml-pipeline/venv/lib/python3.11/site-packages/airflow/example_dags/example_branch_operator_decorator.py
[2026-05-24T16:23:03.500+0000] {processor.py:183} INFO - Processing /home/varn1t/ml-pipeline/venv/lib/python3.11/site-packages/airflow/example_dags/example_branch_operator_decorator.py took 0.055 seconds
[2026-05-24T16:24:05.366+0000] {processor.py:161} INFO - Started process (PID=20510) to work on /home/varn1t/ml-pipeline/venv/lib/python3.11/site-packages/airflow/example_dags/example_branch_operator_decorator.py
[2026-05-24T16:24:05.367+0000] {processor.py:830} INFO - Processing file /home/varn1t/ml-pipeline/venv/lib/python3.11/site-packages/airflow/example_dags/example_branch_operator_decorator.py for tasks to queue
[2026-05-24T16:24:05.368+0000] {logging_mixin.py:188} INFO - [2026-05-24T16:24:05.368+0000] {dagbag.py:545} INFO - Filling up the DagBag from /home/varn1t/ml-pipeline/venv/lib/python3.11/site-packages/airflow/example_dags/example_branch_operator_decorator.py
[2026-05-24T16:24:05.397+0000] {processor.py:842} WARNING - No viable dags retrieved from /home/varn1t/ml-pipeline/venv/lib/python3.11/site-packages/airflow/example_dags/example_branch_operator_decorator.py
[2026-05-24T16:24:05.403+0000] {processor.py:183} INFO - Processing /home/varn1t/ml-pipeline/venv/lib/python3.11/site-packages/airflow/example_dags/example_branch_operator_decorator.py took 0.042 seconds
[2026-05-24T16:24:48.424+0000] {processor.py:161} INFO - Started process (PID=20702) to work on /home/varn1t/ml-pipeline/venv/lib/python3.11/site-packages/airflow/example_dags/example_branch_operator_decorator.py
[2026-05-24T16:24:48.425+0000] {processor.py:830} INFO - Processing file /home/varn1t/ml-pipeline/venv/lib/python3.11/site-packages/airflow/example_dags/example_branch_operator_decorator.py for tasks to queue
[2026-05-24T16:24:48.427+0000] {logging_mixin.py:188} INFO - [2026-05-24T16:24:48.426+0000] {dagbag.py:545} INFO - Filling up the DagBag from /home/varn1t/ml-pipeline/venv/lib/python3.11/site-packages/airflow/example_dags/example_branch_operator_decorator.py
[2026-05-24T16:24:48.470+0000] {processor.py:842} WARNING - No viable dags retrieved from /home/varn1t/ml-pipeline/venv/lib/python3.11/site-packages/airflow/example_dags/example_branch_operator_decorator.py
[2026-05-24T16:24:48.480+0000] {processor.py:183} INFO - Processing /home/varn1t/ml-pipeline/venv/lib/python3.11/site-packages/airflow/example_dags/example_branch_operator_decorator.py took 0.061 seconds
[2026-05-24T16:25:33.401+0000] {processor.py:161} INFO - Started process (PID=20938) to work on /home/varn1t/ml-pipeline/venv/lib/python3.11/site-packages/airflow/example_dags/example_branch_operator_decorator.py
[2026-05-24T16:25:33.402+0000] {processor.py:830} INFO - Processing file /home/varn1t/ml-pipeline/venv/lib/python3.11/site-packages/airflow/example_dags/example_branch_operator_decorator.py for tasks to queue
[2026-05-24T16:25:33.403+0000] {logging_mixin.py:188} INFO - [2026-05-24T16:25:33.403+0000] {dagbag.py:545} INFO - Filling up the DagBag from /home/varn1t/ml-pipeline/venv/lib/python3.11/site-packages/airflow/example_dags/example_branch_operator_decorator.py
[2026-05-24T16:25:33.453+0000] {processor.py:842} WARNING - No viable dags retrieved from /home/varn1t/ml-pipeline/venv/lib/python3.11/site-packages/airflow/example_dags/example_branch_operator_decorator.py
[2026-05-24T16:25:33.464+0000] {processor.py:183} INFO - Processing /home/varn1t/ml-pipeline/venv/lib/python3.11/site-packages/airflow/example_dags/example_branch_operator_decorator.py took 0.069 seconds
[2026-05-24T16:26:17.474+0000] {processor.py:161} INFO - Started process (PID=21208) to work on /home/varn1t/ml-pipeline/venv/lib/python3.11/site-packages/airflow/example_dags/example_branch_operator_decorator.py
[2026-05-24T16:26:17.474+0000] {processor.py:830} INFO - Processing file /home/varn1t/ml-pipeline/venv/lib/python3.11/site-packages/airflow/example_dags/example_branch_operator_decorator.py for tasks to queue
[2026-05-24T16:26:17.475+0000] {logging_mixin.py:188} INFO - [2026-05-24T16:26:17.475+0000] {dagbag.py:545} INFO - Filling up the DagBag from /home/varn1t/ml-pipeline/venv/lib/python3.11/site-packages/airflow/example_dags/example_branch_operator_decorator.py
[2026-05-24T16:26:17.508+0000] {processor.py:842} WARNING - No viable dags retrieved from /home/varn1t/ml-pipeline/venv/lib/python3.11/site-packages/airflow/example_dags/example_branch_operator_decorator.py
[2026-05-24T16:26:17.515+0000] {processor.py:183} INFO - Processing /home/varn1t/ml-pipeline/venv/lib/python3.11/site-packages/airflow/example_dags/example_branch_operator_decorator.py took 0.045 seconds
[2026-05-24T16:26:59.944+0000] {processor.py:161} INFO - Started process (PID=21444) to work on /home/varn1t/ml-pipeline/venv/lib/python3.11/site-packages/airflow/example_dags/example_branch_operator_decorator.py
[2026-05-24T16:26:59.945+0000] {processor.py:830} INFO - Processing file /home/varn1t/ml-pipeline/venv/lib/python3.11/site-packages/airflow/example_dags/example_branch_operator_decorator.py for tasks to queue
[2026-05-24T16:26:59.947+0000] {logging_mixin.py:188} INFO - [2026-05-24T16:26:59.946+0000] {dagbag.py:545} INFO - Filling up the DagBag from /home/varn1t/ml-pipeline/venv/lib/python3.11/site-packages/airflow/example_dags/example_branch_operator_decorator.py
[2026-05-24T16:26:59.980+0000] {processor.py:842} WARNING - No viable dags retrieved from /home/varn1t/ml-pipeline/venv/lib/python3.11/site-packages/airflow/example_dags/example_branch_operator_decorator.py
[2026-05-24T16:26:59.990+0000] {processor.py:183} INFO - Processing /home/varn1t/ml-pipeline/venv/lib/python3.11/site-packages/airflow/example_dags/example_branch_operator_decorator.py took 0.050 seconds
[2026-05-24T16:27:43.655+0000] {processor.py:161} INFO - Started process (PID=21850) to work on /home/varn1t/ml-pipeline/venv/lib/python3.11/site-packages/airflow/example_dags/example_branch_operator_decorator.py
[2026-05-24T16:27:43.656+0000] {processor.py:830} INFO - Processing file /home/varn1t/ml-pipeline/venv/lib/python3.11/site-packages/airflow/example_dags/example_branch_operator_decorator.py for tasks to queue
[2026-05-24T16:27:43.657+0000] {logging_mixin.py:188} INFO - [2026-05-24T16:27:43.657+0000] {dagbag.py:545} INFO - Filling up the DagBag from /home/varn1t/ml-pipeline/venv/lib/python3.11/site-packages/airflow/example_dags/example_branch_operator_decorator.py
[2026-05-24T16:27:43.701+0000] {processor.py:842} WARNING - No viable dags retrieved from /home/varn1t/ml-pipeline/venv/lib/python3.11/site-packages/airflow/example_dags/example_branch_operator_decorator.py
[2026-05-24T16:27:43.712+0000] {processor.py:183} INFO - Processing /home/varn1t/ml-pipeline/venv/lib/python3.11/site-packages/airflow/example_dags/example_branch_operator_decorator.py took 0.062 seconds
[2026-05-24T16:28:28.019+0000] {processor.py:161} INFO - Started process (PID=22364) to work on /home/varn1t/ml-pipeline/venv/lib/python3.11/site-packages/airflow/example_dags/example_branch_operator_decorator.py
[2026-05-24T16:28:28.020+0000] {processor.py:830} INFO - Processing file /home/varn1t/ml-pipeline/venv/lib/python3.11/site-packages/airflow/example_dags/example_branch_operator_decorator.py for tasks to queue
[2026-05-24T16:28:28.021+0000] {logging_mixin.py:188} INFO - [2026-05-24T16:28:28.021+0000] {dagbag.py:545} INFO - Filling up the DagBag from /home/varn1t/ml-pipeline/venv/lib/python3.11/site-packages/airflow/example_dags/example_branch_operator_decorator.py
[2026-05-24T16:28:28.054+0000] {processor.py:842} WARNING - No viable dags retrieved from /home/varn1t/ml-pipeline/venv/lib/python3.11/site-packages/airflow/example_dags/example_branch_operator_decorator.py
[2026-05-24T16:28:28.062+0000] {processor.py:183} INFO - Processing /home/varn1t/ml-pipeline/venv/lib/python3.11/site-packages/airflow/example_dags/example_branch_operator_decorator.py took 0.047 seconds
[2026-05-24T16:29:28.629+0000] {processor.py:161} INFO - Started process (PID=22618) to work on /home/varn1t/ml-pipeline/venv/lib/python3.11/site-packages/airflow/example_dags/example_branch_operator_decorator.py
[2026-05-24T16:29:28.629+0000] {processor.py:830} INFO - Processing file /home/varn1t/ml-pipeline/venv/lib/python3.11/site-packages/airflow/example_dags/example_branch_operator_decorator.py for tasks to queue
[2026-05-24T16:29:28.631+0000] {logging_mixin.py:188} INFO - [2026-05-24T16:29:28.631+0000] {dagbag.py:545} INFO - Filling up the DagBag from /home/varn1t/ml-pipeline/venv/lib/python3.11/site-packages/airflow/example_dags/example_branch_operator_decorator.py
[2026-05-24T16:29:28.669+0000] {processor.py:842} WARNING - No viable dags retrieved from /home/varn1t/ml-pipeline/venv/lib/python3.11/site-packages/airflow/example_dags/example_branch_operator_decorator.py
[2026-05-24T16:29:28.679+0000] {processor.py:183} INFO - Processing /home/varn1t/ml-pipeline/venv/lib/python3.11/site-packages/airflow/example_dags/example_branch_operator_decorator.py took 0.055 seconds
[2026-05-24T16:30:11.335+0000] {processor.py:161} INFO - Started process (PID=22808) to work on /home/varn1t/ml-pipeline/venv/lib/python3.11/site-packages/airflow/example_dags/example_branch_operator_decorator.py
[2026-05-24T16:30:11.336+0000] {processor.py:830} INFO - Processing file /home/varn1t/ml-pipeline/venv/lib/python3.11/site-packages/airflow/example_dags/example_branch_operator_decorator.py for tasks to queue
[2026-05-24T16:30:11.337+0000] {logging_mixin.py:188} INFO - [2026-05-24T16:30:11.337+0000] {dagbag.py:545} INFO - Filling up the DagBag from /home/varn1t/ml-pipeline/venv/lib/python3.11/site-packages/airflow/example_dags/example_branch_operator_decorator.py
[2026-05-24T16:30:11.376+0000] {processor.py:842} WARNING - No viable dags retrieved from /home/varn1t/ml-pipeline/venv/lib/python3.11/site-packages/airflow/example_dags/example_branch_operator_decorator.py
[2026-05-24T16:30:11.383+0000] {processor.py:183} INFO - Processing /home/varn1t/ml-pipeline/venv/lib/python3.11/site-packages/airflow/example_dags/example_branch_operator_decorator.py took 0.053 seconds
[2026-05-24T16:30:57.358+0000] {processor.py:161} INFO - Started process (PID=23037) to work on /home/varn1t/ml-pipeline/venv/lib/python3.11/site-packages/airflow/example_dags/example_branch_operator_decorator.py
[2026-05-24T16:30:57.359+0000] {processor.py:830} INFO - Processing file /home/varn1t/ml-pipeline/venv/lib/python3.11/site-packages/airflow/example_dags/example_branch_operator_decorator.py for tasks to queue
[2026-05-24T16:30:57.361+0000] {logging_mixin.py:188} INFO - [2026-05-24T16:30:57.361+0000] {dagbag.py:545} INFO - Filling up the DagBag from /home/varn1t/ml-pipeline/venv/lib/python3.11/site-packages/airflow/example_dags/example_branch_operator_decorator.py
[2026-05-24T16:30:57.413+0000] {processor.py:842} WARNING - No viable dags retrieved from /home/varn1t/ml-pipeline/venv/lib/python3.11/site-packages/airflow/example_dags/example_branch_operator_decorator.py
[2026-05-24T16:30:57.428+0000] {processor.py:183} INFO - Processing /home/varn1t/ml-pipeline/venv/lib/python3.11/site-packages/airflow/example_dags/example_branch_operator_decorator.py took 0.076 seconds
[2026-05-24T16:31:39.435+0000] {processor.py:161} INFO - Started process (PID=23285) to work on /home/varn1t/ml-pipeline/venv/lib/python3.11/site-packages/airflow/example_dags/example_branch_operator_decorator.py
[2026-05-24T16:31:39.435+0000] {processor.py:830} INFO - Processing file /home/varn1t/ml-pipeline/venv/lib/python3.11/site-packages/airflow/example_dags/example_branch_operator_decorator.py for tasks to queue
[2026-05-24T16:31:39.437+0000] {logging_mixin.py:188} INFO - [2026-05-24T16:31:39.437+0000] {dagbag.py:545} INFO - Filling up the DagBag from /home/varn1t/ml-pipeline/venv/lib/python3.11/site-packages/airflow/example_dags/example_branch_operator_decorator.py
[2026-05-24T16:31:39.467+0000] {processor.py:842} WARNING - No viable dags retrieved from /home/varn1t/ml-pipeline/venv/lib/python3.11/site-packages/airflow/example_dags/example_branch_operator_decorator.py
[2026-05-24T16:31:39.474+0000] {processor.py:183} INFO - Processing /home/varn1t/ml-pipeline/venv/lib/python3.11/site-packages/airflow/example_dags/example_branch_operator_decorator.py took 0.044 seconds
[2026-05-24T16:32:23.356+0000] {processor.py:161} INFO - Started process (PID=23674) to work on /home/varn1t/ml-pipeline/venv/lib/python3.11/site-packages/airflow/example_dags/example_branch_operator_decorator.py
[2026-05-24T16:32:23.357+0000] {processor.py:830} INFO - Processing file /home/varn1t/ml-pipeline/venv/lib/python3.11/site-packages/airflow/example_dags/example_branch_operator_decorator.py for tasks to queue
[2026-05-24T16:32:23.358+0000] {logging_mixin.py:188} INFO - [2026-05-24T16:32:23.358+0000] {dagbag.py:545} INFO - Filling up the DagBag from /home/varn1t/ml-pipeline/venv/lib/python3.11/site-packages/airflow/example_dags/example_branch_operator_decorator.py
[2026-05-24T16:32:23.419+0000] {processor.py:842} WARNING - No viable dags retrieved from /home/varn1t/ml-pipeline/venv/lib/python3.11/site-packages/airflow/example_dags/example_branch_operator_decorator.py
[2026-05-24T16:32:23.434+0000] {processor.py:183} INFO - Processing /home/varn1t/ml-pipeline/venv/lib/python3.11/site-packages/airflow/example_dags/example_branch_operator_decorator.py took 0.084 seconds
[2026-05-24T16:33:13.643+0000] {processor.py:161} INFO - Started process (PID=24042) to work on /home/varn1t/ml-pipeline/venv/lib/python3.11/site-packages/airflow/example_dags/example_branch_operator_decorator.py
[2026-05-24T16:33:13.644+0000] {processor.py:830} INFO - Processing file /home/varn1t/ml-pipeline/venv/lib/python3.11/site-packages/airflow/example_dags/example_branch_operator_decorator.py for tasks to queue
[2026-05-24T16:33:13.646+0000] {logging_mixin.py:188} INFO - [2026-05-24T16:33:13.646+0000] {dagbag.py:545} INFO - Filling up the DagBag from /home/varn1t/ml-pipeline/venv/lib/python3.11/site-packages/airflow/example_dags/example_branch_operator_decorator.py
[2026-05-24T16:33:13.703+0000] {processor.py:842} WARNING - No viable dags retrieved from /home/varn1t/ml-pipeline/venv/lib/python3.11/site-packages/airflow/example_dags/example_branch_operator_decorator.py
[2026-05-24T16:33:13.719+0000] {processor.py:183} INFO - Processing /home/varn1t/ml-pipeline/venv/lib/python3.11/site-packages/airflow/example_dags/example_branch_operator_decorator.py took 0.081 seconds
[2026-05-24T16:34:00.081+0000] {processor.py:161} INFO - Started process (PID=24330) to work on /home/varn1t/ml-pipeline/venv/lib/python3.11/site-packages/airflow/example_dags/example_branch_operator_decorator.py
[2026-05-24T16:34:00.082+0000] {processor.py:830} INFO - Processing file /home/varn1t/ml-pipeline/venv/lib/python3.11/site-packages/airflow/example_dags/example_branch_operator_decorator.py for tasks to queue
[2026-05-24T16:34:00.084+0000] {logging_mixin.py:188} INFO - [2026-05-24T16:34:00.084+0000] {dagbag.py:545} INFO - Filling up the DagBag from /home/varn1t/ml-pipeline/venv/lib/python3.11/site-packages/airflow/example_dags/example_branch_operator_decorator.py
[2026-05-24T16:34:00.142+0000] {processor.py:842} WARNING - No viable dags retrieved from /home/varn1t/ml-pipeline/venv/lib/python3.11/site-packages/airflow/example_dags/example_branch_operator_decorator.py
[2026-05-24T16:34:00.150+0000] {processor.py:183} INFO - Processing /home/varn1t/ml-pipeline/venv/lib/python3.11/site-packages/airflow/example_dags/example_branch_operator_decorator.py took 0.075 seconds
[2026-05-24T16:34:57.603+0000] {processor.py:161} INFO - Started process (PID=24604) to work on /home/varn1t/ml-pipeline/venv/lib/python3.11/site-packages/airflow/example_dags/example_branch_operator_decorator.py
[2026-05-24T16:34:57.604+0000] {processor.py:830} INFO - Processing file /home/varn1t/ml-pipeline/venv/lib/python3.11/site-packages/airflow/example_dags/example_branch_operator_decorator.py for tasks to queue
[2026-05-24T16:34:57.606+0000] {logging_mixin.py:188} INFO - [2026-05-24T16:34:57.606+0000] {dagbag.py:545} INFO - Filling up the DagBag from /home/varn1t/ml-pipeline/venv/lib/python3.11/site-packages/airflow/example_dags/example_branch_operator_decorator.py
[2026-05-24T16:34:57.643+0000] {processor.py:842} WARNING - No viable dags retrieved from /home/varn1t/ml-pipeline/venv/lib/python3.11/site-packages/airflow/example_dags/example_branch_operator_decorator.py
[2026-05-24T16:34:57.650+0000] {processor.py:183} INFO - Processing /home/varn1t/ml-pipeline/venv/lib/python3.11/site-packages/airflow/example_dags/example_branch_operator_decorator.py took 0.051 seconds
[2026-05-24T16:35:39.782+0000] {processor.py:161} INFO - Started process (PID=24786) to work on /home/varn1t/ml-pipeline/venv/lib/python3.11/site-packages/airflow/example_dags/example_branch_operator_decorator.py
[2026-05-24T16:35:39.782+0000] {processor.py:830} INFO - Processing file /home/varn1t/ml-pipeline/venv/lib/python3.11/site-packages/airflow/example_dags/example_branch_operator_decorator.py for tasks to queue
[2026-05-24T16:35:39.784+0000] {logging_mixin.py:188} INFO - [2026-05-24T16:35:39.783+0000] {dagbag.py:545} INFO - Filling up the DagBag from /home/varn1t/ml-pipeline/venv/lib/python3.11/site-packages/airflow/example_dags/example_branch_operator_decorator.py
[2026-05-24T16:35:39.819+0000] {processor.py:842} WARNING - No viable dags retrieved from /home/varn1t/ml-pipeline/venv/lib/python3.11/site-packages/airflow/example_dags/example_branch_operator_decorator.py
[2026-05-24T16:35:39.826+0000] {processor.py:183} INFO - Processing /home/varn1t/ml-pipeline/venv/lib/python3.11/site-packages/airflow/example_dags/example_branch_operator_decorator.py took 0.048 seconds
[2026-05-24T16:36:24.817+0000] {processor.py:161} INFO - Started process (PID=24985) to work on /home/varn1t/ml-pipeline/venv/lib/python3.11/site-packages/airflow/example_dags/example_branch_operator_decorator.py
[2026-05-24T16:36:24.818+0000] {processor.py:830} INFO - Processing file /home/varn1t/ml-pipeline/venv/lib/python3.11/site-packages/airflow/example_dags/example_branch_operator_decorator.py for tasks to queue
[2026-05-24T16:36:24.819+0000] {logging_mixin.py:188} INFO - [2026-05-24T16:36:24.819+0000] {dagbag.py:545} INFO - Filling up the DagBag from /home/varn1t/ml-pipeline/venv/lib/python3.11/site-packages/airflow/example_dags/example_branch_operator_decorator.py
[2026-05-24T16:36:24.851+0000] {processor.py:842} WARNING - No viable dags retrieved from /home/varn1t/ml-pipeline/venv/lib/python3.11/site-packages/airflow/example_dags/example_branch_operator_decorator.py
[2026-05-24T16:36:24.857+0000] {processor.py:183} INFO - Processing /home/varn1t/ml-pipeline/venv/lib/python3.11/site-packages/airflow/example_dags/example_branch_operator_decorator.py took 0.044 seconds
[2026-05-24T16:37:07.580+0000] {processor.py:161} INFO - Started process (PID=25203) to work on /home/varn1t/ml-pipeline/venv/lib/python3.11/site-packages/airflow/example_dags/example_branch_operator_decorator.py
[2026-05-24T16:37:07.581+0000] {processor.py:830} INFO - Processing file /home/varn1t/ml-pipeline/venv/lib/python3.11/site-packages/airflow/example_dags/example_branch_operator_decorator.py for tasks to queue
[2026-05-24T16:37:07.582+0000] {logging_mixin.py:188} INFO - [2026-05-24T16:37:07.582+0000] {dagbag.py:545} INFO - Filling up the DagBag from /home/varn1t/ml-pipeline/venv/lib/python3.11/site-packages/airflow/example_dags/example_branch_operator_decorator.py
[2026-05-24T16:37:07.614+0000] {processor.py:842} WARNING - No viable dags retrieved from /home/varn1t/ml-pipeline/venv/lib/python3.11/site-packages/airflow/example_dags/example_branch_operator_decorator.py
[2026-05-24T16:37:07.623+0000] {processor.py:183} INFO - Processing /home/varn1t/ml-pipeline/venv/lib/python3.11/site-packages/airflow/example_dags/example_branch_operator_decorator.py took 0.047 seconds
[2026-05-24T16:37:51.203+0000] {processor.py:161} INFO - Started process (PID=25393) to work on /home/varn1t/ml-pipeline/venv/lib/python3.11/site-packages/airflow/example_dags/example_branch_operator_decorator.py
[2026-05-24T16:37:51.204+0000] {processor.py:830} INFO - Processing file /home/varn1t/ml-pipeline/venv/lib/python3.11/site-packages/airflow/example_dags/example_branch_operator_decorator.py for tasks to queue
[2026-05-24T16:37:51.206+0000] {logging_mixin.py:188} INFO - [2026-05-24T16:37:51.206+0000] {dagbag.py:545} INFO - Filling up the DagBag from /home/varn1t/ml-pipeline/venv/lib/python3.11/site-packages/airflow/example_dags/example_branch_operator_decorator.py
[2026-05-24T16:37:51.238+0000] {processor.py:842} WARNING - No viable dags retrieved from /home/varn1t/ml-pipeline/venv/lib/python3.11/site-packages/airflow/example_dags/example_branch_operator_decorator.py
[2026-05-24T16:37:51.247+0000] {processor.py:183} INFO - Processing /home/varn1t/ml-pipeline/venv/lib/python3.11/site-packages/airflow/example_dags/example_branch_operator_decorator.py took 0.049 seconds
[2026-05-24T16:38:36.773+0000] {processor.py:161} INFO - Started process (PID=25600) to work on /home/varn1t/ml-pipeline/venv/lib/python3.11/site-packages/airflow/example_dags/example_branch_operator_decorator.py
[2026-05-24T16:38:36.775+0000] {processor.py:830} INFO - Processing file /home/varn1t/ml-pipeline/venv/lib/python3.11/site-packages/airflow/example_dags/example_branch_operator_decorator.py for tasks to queue
[2026-05-24T16:38:36.776+0000] {logging_mixin.py:188} INFO - [2026-05-24T16:38:36.776+0000] {dagbag.py:545} INFO - Filling up the DagBag from /home/varn1t/ml-pipeline/venv/lib/python3.11/site-packages/airflow/example_dags/example_branch_operator_decorator.py
[2026-05-24T16:38:36.816+0000] {processor.py:842} WARNING - No viable dags retrieved from /home/varn1t/ml-pipeline/venv/lib/python3.11/site-packages/airflow/example_dags/example_branch_operator_decorator.py
[2026-05-24T16:38:36.826+0000] {processor.py:183} INFO - Processing /home/varn1t/ml-pipeline/venv/lib/python3.11/site-packages/airflow/example_dags/example_branch_operator_decorator.py took 0.057 seconds
[2026-05-24T16:39:18.680+0000] {processor.py:161} INFO - Started process (PID=25783) to work on /home/varn1t/ml-pipeline/venv/lib/python3.11/site-packages/airflow/example_dags/example_branch_operator_decorator.py
[2026-05-24T16:39:18.681+0000] {processor.py:830} INFO - Processing file /home/varn1t/ml-pipeline/venv/lib/python3.11/site-packages/airflow/example_dags/example_branch_operator_decorator.py for tasks to queue
[2026-05-24T16:39:18.683+0000] {logging_mixin.py:188} INFO - [2026-05-24T16:39:18.682+0000] {dagbag.py:545} INFO - Filling up the DagBag from /home/varn1t/ml-pipeline/venv/lib/python3.11/site-packages/airflow/example_dags/example_branch_operator_decorator.py
[2026-05-24T16:39:18.714+0000] {processor.py:842} WARNING - No viable dags retrieved from /home/varn1t/ml-pipeline/venv/lib/python3.11/site-packages/airflow/example_dags/example_branch_operator_decorator.py
[2026-05-24T16:39:18.720+0000] {processor.py:183} INFO - Processing /home/varn1t/ml-pipeline/venv/lib/python3.11/site-packages/airflow/example_dags/example_branch_operator_decorator.py took 0.045 seconds
[2026-05-24T16:40:01.078+0000] {processor.py:161} INFO - Started process (PID=26005) to work on /home/varn1t/ml-pipeline/venv/lib/python3.11/site-packages/airflow/example_dags/example_branch_operator_decorator.py
[2026-05-24T16:40:01.079+0000] {processor.py:830} INFO - Processing file /home/varn1t/ml-pipeline/venv/lib/python3.11/site-packages/airflow/example_dags/example_branch_operator_decorator.py for tasks to queue
[2026-05-24T16:40:01.081+0000] {logging_mixin.py:188} INFO - [2026-05-24T16:40:01.080+0000] {dagbag.py:545} INFO - Filling up the DagBag from /home/varn1t/ml-pipeline/venv/lib/python3.11/site-packages/airflow/example_dags/example_branch_operator_decorator.py
[2026-05-24T16:40:01.113+0000] {processor.py:842} WARNING - No viable dags retrieved from /home/varn1t/ml-pipeline/venv/lib/python3.11/site-packages/airflow/example_dags/example_branch_operator_decorator.py
[2026-05-24T16:40:01.120+0000] {processor.py:183} INFO - Processing /home/varn1t/ml-pipeline/venv/lib/python3.11/site-packages/airflow/example_dags/example_branch_operator_decorator.py took 0.046 seconds
[2026-05-24T16:40:45.528+0000] {processor.py:161} INFO - Started process (PID=26196) to work on /home/varn1t/ml-pipeline/venv/lib/python3.11/site-packages/airflow/example_dags/example_branch_operator_decorator.py
[2026-05-24T16:40:45.529+0000] {processor.py:830} INFO - Processing file /home/varn1t/ml-pipeline/venv/lib/python3.11/site-packages/airflow/example_dags/example_branch_operator_decorator.py for tasks to queue
[2026-05-24T16:40:45.530+0000] {logging_mixin.py:188} INFO - [2026-05-24T16:40:45.530+0000] {dagbag.py:545} INFO - Filling up the DagBag from /home/varn1t/ml-pipeline/venv/lib/python3.11/site-packages/airflow/example_dags/example_branch_operator_decorator.py
[2026-05-24T16:40:45.561+0000] {processor.py:842} WARNING - No viable dags retrieved from /home/varn1t/ml-pipeline/venv/lib/python3.11/site-packages/airflow/example_dags/example_branch_operator_decorator.py
[2026-05-24T16:40:45.568+0000] {processor.py:183} INFO - Processing /home/varn1t/ml-pipeline/venv/lib/python3.11/site-packages/airflow/example_dags/example_branch_operator_decorator.py took 0.044 seconds
[2026-05-24T16:41:41.085+0000] {processor.py:161} INFO - Started process (PID=26469) to work on /home/varn1t/ml-pipeline/venv/lib/python3.11/site-packages/airflow/example_dags/example_branch_operator_decorator.py
[2026-05-24T16:41:41.086+0000] {processor.py:830} INFO - Processing file /home/varn1t/ml-pipeline/venv/lib/python3.11/site-packages/airflow/example_dags/example_branch_operator_decorator.py for tasks to queue
[2026-05-24T16:41:41.087+0000] {logging_mixin.py:188} INFO - [2026-05-24T16:41:41.087+0000] {dagbag.py:545} INFO - Filling up the DagBag from /home/varn1t/ml-pipeline/venv/lib/python3.11/site-packages/airflow/example_dags/example_branch_operator_decorator.py
[2026-05-24T16:41:41.119+0000] {processor.py:842} WARNING - No viable dags retrieved from /home/varn1t/ml-pipeline/venv/lib/python3.11/site-packages/airflow/example_dags/example_branch_operator_decorator.py
[2026-05-24T16:41:41.125+0000] {processor.py:183} INFO - Processing /home/varn1t/ml-pipeline/venv/lib/python3.11/site-packages/airflow/example_dags/example_branch_operator_decorator.py took 0.044 seconds
[2026-05-24T16:42:25.840+0000] {processor.py:161} INFO - Started process (PID=26666) to work on /home/varn1t/ml-pipeline/venv/lib/python3.11/site-packages/airflow/example_dags/example_branch_operator_decorator.py
[2026-05-24T16:42:25.842+0000] {processor.py:830} INFO - Processing file /home/varn1t/ml-pipeline/venv/lib/python3.11/site-packages/airflow/example_dags/example_branch_operator_decorator.py for tasks to queue
[2026-05-24T16:42:25.843+0000] {logging_mixin.py:188} INFO - [2026-05-24T16:42:25.843+0000] {dagbag.py:545} INFO - Filling up the DagBag from /home/varn1t/ml-pipeline/venv/lib/python3.11/site-packages/airflow/example_dags/example_branch_operator_decorator.py
[2026-05-24T16:42:25.893+0000] {processor.py:842} WARNING - No viable dags retrieved from /home/varn1t/ml-pipeline/venv/lib/python3.11/site-packages/airflow/example_dags/example_branch_operator_decorator.py
[2026-05-24T16:42:25.903+0000] {processor.py:183} INFO - Processing /home/varn1t/ml-pipeline/venv/lib/python3.11/site-packages/airflow/example_dags/example_branch_operator_decorator.py took 0.069 seconds
[2026-05-24T16:43:10.407+0000] {processor.py:161} INFO - Started process (PID=26866) to work on /home/varn1t/ml-pipeline/venv/lib/python3.11/site-packages/airflow/example_dags/example_branch_operator_decorator.py
[2026-05-24T16:43:10.408+0000] {processor.py:830} INFO - Processing file /home/varn1t/ml-pipeline/venv/lib/python3.11/site-packages/airflow/example_dags/example_branch_operator_decorator.py for tasks to queue
[2026-05-24T16:43:10.409+0000] {logging_mixin.py:188} INFO - [2026-05-24T16:43:10.409+0000] {dagbag.py:545} INFO - Filling up the DagBag from /home/varn1t/ml-pipeline/venv/lib/python3.11/site-packages/airflow/example_dags/example_branch_operator_decorator.py
[2026-05-24T16:43:10.443+0000] {processor.py:842} WARNING - No viable dags retrieved from /home/varn1t/ml-pipeline/venv/lib/python3.11/site-packages/airflow/example_dags/example_branch_operator_decorator.py
[2026-05-24T16:43:10.450+0000] {processor.py:183} INFO - Processing /home/varn1t/ml-pipeline/venv/lib/python3.11/site-packages/airflow/example_dags/example_branch_operator_decorator.py took 0.047 seconds
[2026-05-24T16:43:55.188+0000] {processor.py:161} INFO - Started process (PID=27063) to work on /home/varn1t/ml-pipeline/venv/lib/python3.11/site-packages/airflow/example_dags/example_branch_operator_decorator.py
[2026-05-24T16:43:55.189+0000] {processor.py:830} INFO - Processing file /home/varn1t/ml-pipeline/venv/lib/python3.11/site-packages/airflow/example_dags/example_branch_operator_decorator.py for tasks to queue
[2026-05-24T16:43:55.191+0000] {logging_mixin.py:188} INFO - [2026-05-24T16:43:55.190+0000] {dagbag.py:545} INFO - Filling up the DagBag from /home/varn1t/ml-pipeline/venv/lib/python3.11/site-packages/airflow/example_dags/example_branch_operator_decorator.py
[2026-05-24T16:43:55.229+0000] {processor.py:842} WARNING - No viable dags retrieved from /home/varn1t/ml-pipeline/venv/lib/python3.11/site-packages/airflow/example_dags/example_branch_operator_decorator.py
[2026-05-24T16:43:55.235+0000] {processor.py:183} INFO - Processing /home/varn1t/ml-pipeline/venv/lib/python3.11/site-packages/airflow/example_dags/example_branch_operator_decorator.py took 0.052 seconds
[2026-05-24T16:44:39.339+0000] {processor.py:161} INFO - Started process (PID=27262) to work on /home/varn1t/ml-pipeline/venv/lib/python3.11/site-packages/airflow/example_dags/example_branch_operator_decorator.py
[2026-05-24T16:44:39.340+0000] {processor.py:830} INFO - Processing file /home/varn1t/ml-pipeline/venv/lib/python3.11/site-packages/airflow/example_dags/example_branch_operator_decorator.py for tasks to queue
[2026-05-24T16:44:39.341+0000] {logging_mixin.py:188} INFO - [2026-05-24T16:44:39.341+0000] {dagbag.py:545} INFO - Filling up the DagBag from /home/varn1t/ml-pipeline/venv/lib/python3.11/site-packages/airflow/example_dags/example_branch_operator_decorator.py
[2026-05-24T16:44:39.375+0000] {processor.py:842} WARNING - No viable dags retrieved from /home/varn1t/ml-pipeline/venv/lib/python3.11/site-packages/airflow/example_dags/example_branch_operator_decorator.py
[2026-05-24T16:44:39.382+0000] {processor.py:183} INFO - Processing /home/varn1t/ml-pipeline/venv/lib/python3.11/site-packages/airflow/example_dags/example_branch_operator_decorator.py took 0.047 seconds
[2026-05-24T16:45:24.013+0000] {processor.py:161} INFO - Started process (PID=27460) to work on /home/varn1t/ml-pipeline/venv/lib/python3.11/site-packages/airflow/example_dags/example_branch_operator_decorator.py
[2026-05-24T16:45:24.014+0000] {processor.py:830} INFO - Processing file /home/varn1t/ml-pipeline/venv/lib/python3.11/site-packages/airflow/example_dags/example_branch_operator_decorator.py for tasks to queue
[2026-05-24T16:45:24.015+0000] {logging_mixin.py:188} INFO - [2026-05-24T16:45:24.015+0000] {dagbag.py:545} INFO - Filling up the DagBag from /home/varn1t/ml-pipeline/venv/lib/python3.11/site-packages/airflow/example_dags/example_branch_operator_decorator.py
[2026-05-24T16:45:24.052+0000] {processor.py:842} WARNING - No viable dags retrieved from /home/varn1t/ml-pipeline/venv/lib/python3.11/site-packages/airflow/example_dags/example_branch_operator_decorator.py
[2026-05-24T16:45:24.059+0000] {processor.py:183} INFO - Processing /home/varn1t/ml-pipeline/venv/lib/python3.11/site-packages/airflow/example_dags/example_branch_operator_decorator.py took 0.051 seconds
[2026-05-24T17:08:38.776+0000] {processor.py:161} INFO - Started process (PID=27713) to work on /home/varn1t/ml-pipeline/venv/lib/python3.11/site-packages/airflow/example_dags/example_branch_operator_decorator.py
[2026-05-24T17:08:38.777+0000] {processor.py:830} INFO - Processing file /home/varn1t/ml-pipeline/venv/lib/python3.11/site-packages/airflow/example_dags/example_branch_operator_decorator.py for tasks to queue
[2026-05-24T17:08:38.779+0000] {logging_mixin.py:188} INFO - [2026-05-24T17:08:38.779+0000] {dagbag.py:545} INFO - Filling up the DagBag from /home/varn1t/ml-pipeline/venv/lib/python3.11/site-packages/airflow/example_dags/example_branch_operator_decorator.py
[2026-05-24T17:08:38.811+0000] {processor.py:842} WARNING - No viable dags retrieved from /home/varn1t/ml-pipeline/venv/lib/python3.11/site-packages/airflow/example_dags/example_branch_operator_decorator.py
[2026-05-24T17:08:38.820+0000] {processor.py:183} INFO - Processing /home/varn1t/ml-pipeline/venv/lib/python3.11/site-packages/airflow/example_dags/example_branch_operator_decorator.py took 0.050 seconds
[2026-05-24T17:09:32.431+0000] {processor.py:161} INFO - Started process (PID=27982) to work on /home/varn1t/ml-pipeline/venv/lib/python3.11/site-packages/airflow/example_dags/example_branch_operator_decorator.py
[2026-05-24T17:09:32.432+0000] {processor.py:830} INFO - Processing file /home/varn1t/ml-pipeline/venv/lib/python3.11/site-packages/airflow/example_dags/example_branch_operator_decorator.py for tasks to queue
[2026-05-24T17:09:32.434+0000] {logging_mixin.py:188} INFO - [2026-05-24T17:09:32.434+0000] {dagbag.py:545} INFO - Filling up the DagBag from /home/varn1t/ml-pipeline/venv/lib/python3.11/site-packages/airflow/example_dags/example_branch_operator_decorator.py
[2026-05-24T17:09:32.465+0000] {processor.py:842} WARNING - No viable dags retrieved from /home/varn1t/ml-pipeline/venv/lib/python3.11/site-packages/airflow/example_dags/example_branch_operator_decorator.py
[2026-05-24T17:09:32.472+0000] {processor.py:183} INFO - Processing /home/varn1t/ml-pipeline/venv/lib/python3.11/site-packages/airflow/example_dags/example_branch_operator_decorator.py took 0.047 seconds
[2026-05-24T17:10:12.935+0000] {processor.py:161} INFO - Started process (PID=28163) to work on /home/varn1t/ml-pipeline/venv/lib/python3.11/site-packages/airflow/example_dags/example_branch_operator_decorator.py
[2026-05-24T17:10:12.936+0000] {processor.py:830} INFO - Processing file /home/varn1t/ml-pipeline/venv/lib/python3.11/site-packages/airflow/example_dags/example_branch_operator_decorator.py for tasks to queue
[2026-05-24T17:10:12.937+0000] {logging_mixin.py:188} INFO - [2026-05-24T17:10:12.937+0000] {dagbag.py:545} INFO - Filling up the DagBag from /home/varn1t/ml-pipeline/venv/lib/python3.11/site-packages/airflow/example_dags/example_branch_operator_decorator.py
[2026-05-24T17:10:12.970+0000] {processor.py:842} WARNING - No viable dags retrieved from /home/varn1t/ml-pipeline/venv/lib/python3.11/site-packages/airflow/example_dags/example_branch_operator_decorator.py
[2026-05-24T17:10:12.978+0000] {processor.py:183} INFO - Processing /home/varn1t/ml-pipeline/venv/lib/python3.11/site-packages/airflow/example_dags/example_branch_operator_decorator.py took 0.047 seconds
[2026-05-24T17:10:56.655+0000] {processor.py:161} INFO - Started process (PID=28356) to work on /home/varn1t/ml-pipeline/venv/lib/python3.11/site-packages/airflow/example_dags/example_branch_operator_decorator.py
[2026-05-24T17:10:56.656+0000] {processor.py:830} INFO - Processing file /home/varn1t/ml-pipeline/venv/lib/python3.11/site-packages/airflow/example_dags/example_branch_operator_decorator.py for tasks to queue
[2026-05-24T17:10:56.657+0000] {logging_mixin.py:188} INFO - [2026-05-24T17:10:56.657+0000] {dagbag.py:545} INFO - Filling up the DagBag from /home/varn1t/ml-pipeline/venv/lib/python3.11/site-packages/airflow/example_dags/example_branch_operator_decorator.py
[2026-05-24T17:10:56.697+0000] {processor.py:842} WARNING - No viable dags retrieved from /home/varn1t/ml-pipeline/venv/lib/python3.11/site-packages/airflow/example_dags/example_branch_operator_decorator.py
[2026-05-24T17:10:56.707+0000] {processor.py:183} INFO - Processing /home/varn1t/ml-pipeline/venv/lib/python3.11/site-packages/airflow/example_dags/example_branch_operator_decorator.py took 0.057 seconds
[2026-05-24T17:11:40.968+0000] {processor.py:161} INFO - Started process (PID=28549) to work on /home/varn1t/ml-pipeline/venv/lib/python3.11/site-packages/airflow/example_dags/example_branch_operator_decorator.py
[2026-05-24T17:11:40.969+0000] {processor.py:830} INFO - Processing file /home/varn1t/ml-pipeline/venv/lib/python3.11/site-packages/airflow/example_dags/example_branch_operator_decorator.py for tasks to queue
[2026-05-24T17:11:40.970+0000] {logging_mixin.py:188} INFO - [2026-05-24T17:11:40.970+0000] {dagbag.py:545} INFO - Filling up the DagBag from /home/varn1t/ml-pipeline/venv/lib/python3.11/site-packages/airflow/example_dags/example_branch_operator_decorator.py
[2026-05-24T17:11:41.000+0000] {processor.py:842} WARNING - No viable dags retrieved from /home/varn1t/ml-pipeline/venv/lib/python3.11/site-packages/airflow/example_dags/example_branch_operator_decorator.py
[2026-05-24T17:11:41.007+0000] {processor.py:183} INFO - Processing /home/varn1t/ml-pipeline/venv/lib/python3.11/site-packages/airflow/example_dags/example_branch_operator_decorator.py took 0.043 seconds
[2026-05-24T17:12:23.000+0000] {processor.py:161} INFO - Started process (PID=28735) to work on /home/varn1t/ml-pipeline/venv/lib/python3.11/site-packages/airflow/example_dags/example_branch_operator_decorator.py
[2026-05-24T17:12:23.001+0000] {processor.py:830} INFO - Processing file /home/varn1t/ml-pipeline/venv/lib/python3.11/site-packages/airflow/example_dags/example_branch_operator_decorator.py for tasks to queue
[2026-05-24T17:12:23.002+0000] {logging_mixin.py:188} INFO - [2026-05-24T17:12:23.002+0000] {dagbag.py:545} INFO - Filling up the DagBag from /home/varn1t/ml-pipeline/venv/lib/python3.11/site-packages/airflow/example_dags/example_branch_operator_decorator.py
[2026-05-24T17:12:23.031+0000] {processor.py:842} WARNING - No viable dags retrieved from /home/varn1t/ml-pipeline/venv/lib/python3.11/site-packages/airflow/example_dags/example_branch_operator_decorator.py
[2026-05-24T17:12:23.041+0000] {processor.py:183} INFO - Processing /home/varn1t/ml-pipeline/venv/lib/python3.11/site-packages/airflow/example_dags/example_branch_operator_decorator.py took 0.045 seconds
[2026-05-24T17:13:04.831+0000] {processor.py:161} INFO - Started process (PID=28923) to work on /home/varn1t/ml-pipeline/venv/lib/python3.11/site-packages/airflow/example_dags/example_branch_operator_decorator.py
[2026-05-24T17:13:04.832+0000] {processor.py:830} INFO - Processing file /home/varn1t/ml-pipeline/venv/lib/python3.11/site-packages/airflow/example_dags/example_branch_operator_decorator.py for tasks to queue
[2026-05-24T17:13:04.834+0000] {logging_mixin.py:188} INFO - [2026-05-24T17:13:04.834+0000] {dagbag.py:545} INFO - Filling up the DagBag from /home/varn1t/ml-pipeline/venv/lib/python3.11/site-packages/airflow/example_dags/example_branch_operator_decorator.py
[2026-05-24T17:13:04.863+0000] {processor.py:842} WARNING - No viable dags retrieved from /home/varn1t/ml-pipeline/venv/lib/python3.11/site-packages/airflow/example_dags/example_branch_operator_decorator.py
[2026-05-24T17:13:04.872+0000] {processor.py:183} INFO - Processing /home/varn1t/ml-pipeline/venv/lib/python3.11/site-packages/airflow/example_dags/example_branch_operator_decorator.py took 0.046 seconds
[2026-05-24T17:13:46.305+0000] {processor.py:161} INFO - Started process (PID=29113) to work on /home/varn1t/ml-pipeline/venv/lib/python3.11/site-packages/airflow/example_dags/example_branch_operator_decorator.py
[2026-05-24T17:13:46.306+0000] {processor.py:830} INFO - Processing file /home/varn1t/ml-pipeline/venv/lib/python3.11/site-packages/airflow/example_dags/example_branch_operator_decorator.py for tasks to queue
[2026-05-24T17:13:46.307+0000] {logging_mixin.py:188} INFO - [2026-05-24T17:13:46.307+0000] {dagbag.py:545} INFO - Filling up the DagBag from /home/varn1t/ml-pipeline/venv/lib/python3.11/site-packages/airflow/example_dags/example_branch_operator_decorator.py
[2026-05-24T17:13:46.339+0000] {processor.py:842} WARNING - No viable dags retrieved from /home/varn1t/ml-pipeline/venv/lib/python3.11/site-packages/airflow/example_dags/example_branch_operator_decorator.py
[2026-05-24T17:13:46.346+0000] {processor.py:183} INFO - Processing /home/varn1t/ml-pipeline/venv/lib/python3.11/site-packages/airflow/example_dags/example_branch_operator_decorator.py took 0.045 seconds
[2026-05-24T17:14:49.564+0000] {processor.py:161} INFO - Started process (PID=29422) to work on /home/varn1t/ml-pipeline/venv/lib/python3.11/site-packages/airflow/example_dags/example_branch_operator_decorator.py
[2026-05-24T17:14:49.564+0000] {processor.py:830} INFO - Processing file /home/varn1t/ml-pipeline/venv/lib/python3.11/site-packages/airflow/example_dags/example_branch_operator_decorator.py for tasks to queue
[2026-05-24T17:14:49.566+0000] {logging_mixin.py:188} INFO - [2026-05-24T17:14:49.565+0000] {dagbag.py:545} INFO - Filling up the DagBag from /home/varn1t/ml-pipeline/venv/lib/python3.11/site-packages/airflow/example_dags/example_branch_operator_decorator.py
[2026-05-24T17:14:49.595+0000] {processor.py:842} WARNING - No viable dags retrieved from /home/varn1t/ml-pipeline/venv/lib/python3.11/site-packages/airflow/example_dags/example_branch_operator_decorator.py
[2026-05-24T17:14:49.602+0000] {processor.py:183} INFO - Processing /home/varn1t/ml-pipeline/venv/lib/python3.11/site-packages/airflow/example_dags/example_branch_operator_decorator.py took 0.042 seconds
[2026-05-24T17:15:35.961+0000] {processor.py:161} INFO - Started process (PID=29703) to work on /home/varn1t/ml-pipeline/venv/lib/python3.11/site-packages/airflow/example_dags/example_branch_operator_decorator.py
[2026-05-24T17:15:35.961+0000] {processor.py:830} INFO - Processing file /home/varn1t/ml-pipeline/venv/lib/python3.11/site-packages/airflow/example_dags/example_branch_operator_decorator.py for tasks to queue
[2026-05-24T17:15:35.963+0000] {logging_mixin.py:188} INFO - [2026-05-24T17:15:35.963+0000] {dagbag.py:545} INFO - Filling up the DagBag from /home/varn1t/ml-pipeline/venv/lib/python3.11/site-packages/airflow/example_dags/example_branch_operator_decorator.py
[2026-05-24T17:15:35.995+0000] {processor.py:842} WARNING - No viable dags retrieved from /home/varn1t/ml-pipeline/venv/lib/python3.11/site-packages/airflow/example_dags/example_branch_operator_decorator.py
[2026-05-24T17:15:36.003+0000] {processor.py:183} INFO - Processing /home/varn1t/ml-pipeline/venv/lib/python3.11/site-packages/airflow/example_dags/example_branch_operator_decorator.py took 0.047 seconds
[2026-05-24T17:16:20.585+0000] {processor.py:161} INFO - Started process (PID=29898) to work on /home/varn1t/ml-pipeline/venv/lib/python3.11/site-packages/airflow/example_dags/example_branch_operator_decorator.py
[2026-05-24T17:16:20.586+0000] {processor.py:830} INFO - Processing file /home/varn1t/ml-pipeline/venv/lib/python3.11/site-packages/airflow/example_dags/example_branch_operator_decorator.py for tasks to queue
[2026-05-24T17:16:20.588+0000] {logging_mixin.py:188} INFO - [2026-05-24T17:16:20.588+0000] {dagbag.py:545} INFO - Filling up the DagBag from /home/varn1t/ml-pipeline/venv/lib/python3.11/site-packages/airflow/example_dags/example_branch_operator_decorator.py
[2026-05-24T17:16:20.623+0000] {processor.py:842} WARNING - No viable dags retrieved from /home/varn1t/ml-pipeline/venv/lib/python3.11/site-packages/airflow/example_dags/example_branch_operator_decorator.py
[2026-05-24T17:16:20.632+0000] {processor.py:183} INFO - Processing /home/varn1t/ml-pipeline/venv/lib/python3.11/site-packages/airflow/example_dags/example_branch_operator_decorator.py took 0.052 seconds
[2026-05-24T17:17:02.510+0000] {processor.py:161} INFO - Started process (PID=30231) to work on /home/varn1t/ml-pipeline/venv/lib/python3.11/site-packages/airflow/example_dags/example_branch_operator_decorator.py
[2026-05-24T17:17:02.511+0000] {processor.py:830} INFO - Processing file /home/varn1t/ml-pipeline/venv/lib/python3.11/site-packages/airflow/example_dags/example_branch_operator_decorator.py for tasks to queue
[2026-05-24T17:17:02.512+0000] {logging_mixin.py:188} INFO - [2026-05-24T17:17:02.512+0000] {dagbag.py:545} INFO - Filling up the DagBag from /home/varn1t/ml-pipeline/venv/lib/python3.11/site-packages/airflow/example_dags/example_branch_operator_decorator.py
[2026-05-24T17:17:02.543+0000] {processor.py:842} WARNING - No viable dags retrieved from /home/varn1t/ml-pipeline/venv/lib/python3.11/site-packages/airflow/example_dags/example_branch_operator_decorator.py
[2026-05-24T17:17:02.551+0000] {processor.py:183} INFO - Processing /home/varn1t/ml-pipeline/venv/lib/python3.11/site-packages/airflow/example_dags/example_branch_operator_decorator.py took 0.045 seconds
[2026-05-24T17:17:50.592+0000] {processor.py:161} INFO - Started process (PID=30635) to work on /home/varn1t/ml-pipeline/venv/lib/python3.11/site-packages/airflow/example_dags/example_branch_operator_decorator.py
[2026-05-24T17:17:50.593+0000] {processor.py:830} INFO - Processing file /home/varn1t/ml-pipeline/venv/lib/python3.11/site-packages/airflow/example_dags/example_branch_operator_decorator.py for tasks to queue
[2026-05-24T17:17:50.595+0000] {logging_mixin.py:188} INFO - [2026-05-24T17:17:50.595+0000] {dagbag.py:545} INFO - Filling up the DagBag from /home/varn1t/ml-pipeline/venv/lib/python3.11/site-packages/airflow/example_dags/example_branch_operator_decorator.py
[2026-05-24T17:17:50.638+0000] {processor.py:842} WARNING - No viable dags retrieved from /home/varn1t/ml-pipeline/venv/lib/python3.11/site-packages/airflow/example_dags/example_branch_operator_decorator.py
[2026-05-24T17:17:50.647+0000] {processor.py:183} INFO - Processing /home/varn1t/ml-pipeline/venv/lib/python3.11/site-packages/airflow/example_dags/example_branch_operator_decorator.py took 0.061 seconds
[2026-05-24T17:18:36.065+0000] {processor.py:161} INFO - Started process (PID=31013) to work on /home/varn1t/ml-pipeline/venv/lib/python3.11/site-packages/airflow/example_dags/example_branch_operator_decorator.py
[2026-05-24T17:18:36.066+0000] {processor.py:830} INFO - Processing file /home/varn1t/ml-pipeline/venv/lib/python3.11/site-packages/airflow/example_dags/example_branch_operator_decorator.py for tasks to queue
[2026-05-24T17:18:36.068+0000] {logging_mixin.py:188} INFO - [2026-05-24T17:18:36.067+0000] {dagbag.py:545} INFO - Filling up the DagBag from /home/varn1t/ml-pipeline/venv/lib/python3.11/site-packages/airflow/example_dags/example_branch_operator_decorator.py
[2026-05-24T17:18:36.099+0000] {processor.py:842} WARNING - No viable dags retrieved from /home/varn1t/ml-pipeline/venv/lib/python3.11/site-packages/airflow/example_dags/example_branch_operator_decorator.py
[2026-05-24T17:18:36.110+0000] {processor.py:183} INFO - Processing /home/varn1t/ml-pipeline/venv/lib/python3.11/site-packages/airflow/example_dags/example_branch_operator_decorator.py took 0.051 seconds
[2026-05-24T17:19:19.347+0000] {processor.py:161} INFO - Started process (PID=31335) to work on /home/varn1t/ml-pipeline/venv/lib/python3.11/site-packages/airflow/example_dags/example_branch_operator_decorator.py
[2026-05-24T17:19:19.348+0000] {processor.py:830} INFO - Processing file /home/varn1t/ml-pipeline/venv/lib/python3.11/site-packages/airflow/example_dags/example_branch_operator_decorator.py for tasks to queue
[2026-05-24T17:19:19.350+0000] {logging_mixin.py:188} INFO - [2026-05-24T17:19:19.349+0000] {dagbag.py:545} INFO - Filling up the DagBag from /home/varn1t/ml-pipeline/venv/lib/python3.11/site-packages/airflow/example_dags/example_branch_operator_decorator.py
[2026-05-24T17:19:19.381+0000] {processor.py:842} WARNING - No viable dags retrieved from /home/varn1t/ml-pipeline/venv/lib/python3.11/site-packages/airflow/example_dags/example_branch_operator_decorator.py
[2026-05-24T17:19:19.389+0000] {processor.py:183} INFO - Processing /home/varn1t/ml-pipeline/venv/lib/python3.11/site-packages/airflow/example_dags/example_branch_operator_decorator.py took 0.047 seconds
[2026-05-24T17:20:04.519+0000] {processor.py:161} INFO - Started process (PID=31618) to work on /home/varn1t/ml-pipeline/venv/lib/python3.11/site-packages/airflow/example_dags/example_branch_operator_decorator.py
[2026-05-24T17:20:04.520+0000] {processor.py:830} INFO - Processing file /home/varn1t/ml-pipeline/venv/lib/python3.11/site-packages/airflow/example_dags/example_branch_operator_decorator.py for tasks to queue
[2026-05-24T17:20:04.521+0000] {logging_mixin.py:188} INFO - [2026-05-24T17:20:04.521+0000] {dagbag.py:545} INFO - Filling up the DagBag from /home/varn1t/ml-pipeline/venv/lib/python3.11/site-packages/airflow/example_dags/example_branch_operator_decorator.py
[2026-05-24T17:20:04.556+0000] {processor.py:842} WARNING - No viable dags retrieved from /home/varn1t/ml-pipeline/venv/lib/python3.11/site-packages/airflow/example_dags/example_branch_operator_decorator.py
[2026-05-24T17:20:04.565+0000] {processor.py:183} INFO - Processing /home/varn1t/ml-pipeline/venv/lib/python3.11/site-packages/airflow/example_dags/example_branch_operator_decorator.py took 0.050 seconds
[2026-05-24T17:20:51.908+0000] {processor.py:161} INFO - Started process (PID=31976) to work on /home/varn1t/ml-pipeline/venv/lib/python3.11/site-packages/airflow/example_dags/example_branch_operator_decorator.py
[2026-05-24T17:20:51.909+0000] {processor.py:830} INFO - Processing file /home/varn1t/ml-pipeline/venv/lib/python3.11/site-packages/airflow/example_dags/example_branch_operator_decorator.py for tasks to queue
[2026-05-24T17:20:51.910+0000] {logging_mixin.py:188} INFO - [2026-05-24T17:20:51.910+0000] {dagbag.py:545} INFO - Filling up the DagBag from /home/varn1t/ml-pipeline/venv/lib/python3.11/site-packages/airflow/example_dags/example_branch_operator_decorator.py
[2026-05-24T17:20:51.944+0000] {processor.py:842} WARNING - No viable dags retrieved from /home/varn1t/ml-pipeline/venv/lib/python3.11/site-packages/airflow/example_dags/example_branch_operator_decorator.py
[2026-05-24T17:20:51.951+0000] {processor.py:183} INFO - Processing /home/varn1t/ml-pipeline/venv/lib/python3.11/site-packages/airflow/example_dags/example_branch_operator_decorator.py took 0.047 seconds
[2026-05-24T17:21:36.056+0000] {processor.py:161} INFO - Started process (PID=32196) to work on /home/varn1t/ml-pipeline/venv/lib/python3.11/site-packages/airflow/example_dags/example_branch_operator_decorator.py
[2026-05-24T17:21:36.057+0000] {processor.py:830} INFO - Processing file /home/varn1t/ml-pipeline/venv/lib/python3.11/site-packages/airflow/example_dags/example_branch_operator_decorator.py for tasks to queue
[2026-05-24T17:21:36.059+0000] {logging_mixin.py:188} INFO - [2026-05-24T17:21:36.058+0000] {dagbag.py:545} INFO - Filling up the DagBag from /home/varn1t/ml-pipeline/venv/lib/python3.11/site-packages/airflow/example_dags/example_branch_operator_decorator.py
[2026-05-24T17:21:36.088+0000] {processor.py:842} WARNING - No viable dags retrieved from /home/varn1t/ml-pipeline/venv/lib/python3.11/site-packages/airflow/example_dags/example_branch_operator_decorator.py
[2026-05-24T17:21:36.098+0000] {processor.py:183} INFO - Processing /home/varn1t/ml-pipeline/venv/lib/python3.11/site-packages/airflow/example_dags/example_branch_operator_decorator.py took 0.046 seconds
[2026-05-24T17:22:19.270+0000] {processor.py:161} INFO - Started process (PID=32387) to work on /home/varn1t/ml-pipeline/venv/lib/python3.11/site-packages/airflow/example_dags/example_branch_operator_decorator.py
[2026-05-24T17:22:19.271+0000] {processor.py:830} INFO - Processing file /home/varn1t/ml-pipeline/venv/lib/python3.11/site-packages/airflow/example_dags/example_branch_operator_decorator.py for tasks to queue
[2026-05-24T17:22:19.273+0000] {logging_mixin.py:188} INFO - [2026-05-24T17:22:19.272+0000] {dagbag.py:545} INFO - Filling up the DagBag from /home/varn1t/ml-pipeline/venv/lib/python3.11/site-packages/airflow/example_dags/example_branch_operator_decorator.py
[2026-05-24T17:22:19.301+0000] {processor.py:842} WARNING - No viable dags retrieved from /home/varn1t/ml-pipeline/venv/lib/python3.11/site-packages/airflow/example_dags/example_branch_operator_decorator.py
[2026-05-24T17:22:19.308+0000] {processor.py:183} INFO - Processing /home/varn1t/ml-pipeline/venv/lib/python3.11/site-packages/airflow/example_dags/example_branch_operator_decorator.py took 0.042 seconds
[2026-05-24T17:23:04.895+0000] {processor.py:161} INFO - Started process (PID=32611) to work on /home/varn1t/ml-pipeline/venv/lib/python3.11/site-packages/airflow/example_dags/example_branch_operator_decorator.py
[2026-05-24T17:23:04.896+0000] {processor.py:830} INFO - Processing file /home/varn1t/ml-pipeline/venv/lib/python3.11/site-packages/airflow/example_dags/example_branch_operator_decorator.py for tasks to queue
[2026-05-24T17:23:04.897+0000] {logging_mixin.py:188} INFO - [2026-05-24T17:23:04.897+0000] {dagbag.py:545} INFO - Filling up the DagBag from /home/varn1t/ml-pipeline/venv/lib/python3.11/site-packages/airflow/example_dags/example_branch_operator_decorator.py
[2026-05-24T17:23:04.932+0000] {processor.py:842} WARNING - No viable dags retrieved from /home/varn1t/ml-pipeline/venv/lib/python3.11/site-packages/airflow/example_dags/example_branch_operator_decorator.py
[2026-05-24T17:23:04.943+0000] {processor.py:183} INFO - Processing /home/varn1t/ml-pipeline/venv/lib/python3.11/site-packages/airflow/example_dags/example_branch_operator_decorator.py took 0.053 seconds
[2026-05-24T17:23:49.815+0000] {processor.py:161} INFO - Started process (PID=32807) to work on /home/varn1t/ml-pipeline/venv/lib/python3.11/site-packages/airflow/example_dags/example_branch_operator_decorator.py
[2026-05-24T17:23:49.816+0000] {processor.py:830} INFO - Processing file /home/varn1t/ml-pipeline/venv/lib/python3.11/site-packages/airflow/example_dags/example_branch_operator_decorator.py for tasks to queue
[2026-05-24T17:23:49.817+0000] {logging_mixin.py:188} INFO - [2026-05-24T17:23:49.817+0000] {dagbag.py:545} INFO - Filling up the DagBag from /home/varn1t/ml-pipeline/venv/lib/python3.11/site-packages/airflow/example_dags/example_branch_operator_decorator.py
[2026-05-24T17:23:49.853+0000] {processor.py:842} WARNING - No viable dags retrieved from /home/varn1t/ml-pipeline/venv/lib/python3.11/site-packages/airflow/example_dags/example_branch_operator_decorator.py
[2026-05-24T17:23:49.861+0000] {processor.py:183} INFO - Processing /home/varn1t/ml-pipeline/venv/lib/python3.11/site-packages/airflow/example_dags/example_branch_operator_decorator.py took 0.051 seconds
[2026-05-24T17:24:53.359+0000] {processor.py:161} INFO - Started process (PID=33240) to work on /home/varn1t/ml-pipeline/venv/lib/python3.11/site-packages/airflow/example_dags/example_branch_operator_decorator.py
[2026-05-24T17:24:53.359+0000] {processor.py:830} INFO - Processing file /home/varn1t/ml-pipeline/venv/lib/python3.11/site-packages/airflow/example_dags/example_branch_operator_decorator.py for tasks to queue
[2026-05-24T17:24:53.360+0000] {logging_mixin.py:188} INFO - [2026-05-24T17:24:53.360+0000] {dagbag.py:545} INFO - Filling up the DagBag from /home/varn1t/ml-pipeline/venv/lib/python3.11/site-packages/airflow/example_dags/example_branch_operator_decorator.py
[2026-05-24T17:24:53.389+0000] {processor.py:842} WARNING - No viable dags retrieved from /home/varn1t/ml-pipeline/venv/lib/python3.11/site-packages/airflow/example_dags/example_branch_operator_decorator.py
[2026-05-24T17:24:53.395+0000] {processor.py:183} INFO - Processing /home/varn1t/ml-pipeline/venv/lib/python3.11/site-packages/airflow/example_dags/example_branch_operator_decorator.py took 0.042 seconds
[2026-05-24T17:25:38.527+0000] {processor.py:161} INFO - Started process (PID=33488) to work on /home/varn1t/ml-pipeline/venv/lib/python3.11/site-packages/airflow/example_dags/example_branch_operator_decorator.py
[2026-05-24T17:25:38.528+0000] {processor.py:830} INFO - Processing file /home/varn1t/ml-pipeline/venv/lib/python3.11/site-packages/airflow/example_dags/example_branch_operator_decorator.py for tasks to queue
[2026-05-24T17:25:38.530+0000] {logging_mixin.py:188} INFO - [2026-05-24T17:25:38.529+0000] {dagbag.py:545} INFO - Filling up the DagBag from /home/varn1t/ml-pipeline/venv/lib/python3.11/site-packages/airflow/example_dags/example_branch_operator_decorator.py
[2026-05-24T17:25:38.557+0000] {processor.py:842} WARNING - No viable dags retrieved from /home/varn1t/ml-pipeline/venv/lib/python3.11/site-packages/airflow/example_dags/example_branch_operator_decorator.py
[2026-05-24T17:25:38.564+0000] {processor.py:183} INFO - Processing /home/varn1t/ml-pipeline/venv/lib/python3.11/site-packages/airflow/example_dags/example_branch_operator_decorator.py took 0.042 seconds
