[2026-05-24T13:28:55.334+0000] {processor.py:161} INFO - Started process (PID=4053) to work on /home/varn1t/ml-pipeline/venv/lib/python3.11/site-packages/airflow/example_dags/example_latest_only.py
[2026-05-24T13:28:55.335+0000] {processor.py:830} INFO - Processing file /home/varn1t/ml-pipeline/venv/lib/python3.11/site-packages/airflow/example_dags/example_latest_only.py for tasks to queue
[2026-05-24T13:28:55.336+0000] {logging_mixin.py:188} INFO - [2026-05-24T13:28:55.336+0000] {dagbag.py:545} INFO - Filling up the DagBag from /home/varn1t/ml-pipeline/venv/lib/python3.11/site-packages/airflow/example_dags/example_latest_only.py
[2026-05-24T13:28:55.340+0000] {processor.py:840} INFO - DAG(s) 'latest_only' retrieved from /home/varn1t/ml-pipeline/venv/lib/python3.11/site-packages/airflow/example_dags/example_latest_only.py
[2026-05-24T13:28:55.412+0000] {logging_mixin.py:188} INFO - [2026-05-24T13:28:55.412+0000] {dag.py:3096} INFO - Sync 1 DAGs
[2026-05-24T13:28:55.424+0000] {logging_mixin.py:188} INFO - [2026-05-24T13:28:55.423+0000] {dag.py:3954} INFO - Setting next_dagrun for latest_only to 2026-05-24 08:00:00+00:00, run_after=2026-05-24 12:00:00+00:00
[2026-05-24T13:28:55.439+0000] {processor.py:183} INFO - Processing /home/varn1t/ml-pipeline/venv/lib/python3.11/site-packages/airflow/example_dags/example_latest_only.py took 0.109 seconds
[2026-05-24T13:29:50.016+0000] {processor.py:161} INFO - Started process (PID=4364) to work on /home/varn1t/ml-pipeline/venv/lib/python3.11/site-packages/airflow/example_dags/example_latest_only.py
[2026-05-24T13:29:50.017+0000] {processor.py:830} INFO - Processing file /home/varn1t/ml-pipeline/venv/lib/python3.11/site-packages/airflow/example_dags/example_latest_only.py for tasks to queue
[2026-05-24T13:29:50.019+0000] {logging_mixin.py:188} INFO - [2026-05-24T13:29:50.019+0000] {dagbag.py:545} INFO - Filling up the DagBag from /home/varn1t/ml-pipeline/venv/lib/python3.11/site-packages/airflow/example_dags/example_latest_only.py
[2026-05-24T13:29:50.022+0000] {processor.py:840} INFO - DAG(s) 'latest_only' retrieved from /home/varn1t/ml-pipeline/venv/lib/python3.11/site-packages/airflow/example_dags/example_latest_only.py
[2026-05-24T13:29:50.033+0000] {logging_mixin.py:188} INFO - [2026-05-24T13:29:50.033+0000] {dag.py:3096} INFO - Sync 1 DAGs
[2026-05-24T13:29:50.044+0000] {logging_mixin.py:188} INFO - [2026-05-24T13:29:50.044+0000] {dag.py:3954} INFO - Setting next_dagrun for latest_only to 2026-05-24 08:00:00+00:00, run_after=2026-05-24 12:00:00+00:00
[2026-05-24T13:29:50.061+0000] {processor.py:183} INFO - Processing /home/varn1t/ml-pipeline/venv/lib/python3.11/site-packages/airflow/example_dags/example_latest_only.py took 0.049 seconds
[2026-05-24T13:30:43.012+0000] {processor.py:161} INFO - Started process (PID=4589) to work on /home/varn1t/ml-pipeline/venv/lib/python3.11/site-packages/airflow/example_dags/example_latest_only.py
[2026-05-24T13:30:43.013+0000] {processor.py:830} INFO - Processing file /home/varn1t/ml-pipeline/venv/lib/python3.11/site-packages/airflow/example_dags/example_latest_only.py for tasks to queue
[2026-05-24T13:30:43.015+0000] {logging_mixin.py:188} INFO - [2026-05-24T13:30:43.014+0000] {dagbag.py:545} INFO - Filling up the DagBag from /home/varn1t/ml-pipeline/venv/lib/python3.11/site-packages/airflow/example_dags/example_latest_only.py
[2026-05-24T13:30:43.018+0000] {processor.py:840} INFO - DAG(s) 'latest_only' retrieved from /home/varn1t/ml-pipeline/venv/lib/python3.11/site-packages/airflow/example_dags/example_latest_only.py
[2026-05-24T13:30:43.124+0000] {logging_mixin.py:188} INFO - [2026-05-24T13:30:43.124+0000] {dag.py:3096} INFO - Sync 1 DAGs
[2026-05-24T13:30:43.132+0000] {logging_mixin.py:188} INFO - [2026-05-24T13:30:43.132+0000] {dag.py:3954} INFO - Setting next_dagrun for latest_only to 2026-05-24 08:00:00+00:00, run_after=2026-05-24 12:00:00+00:00
[2026-05-24T13:30:43.148+0000] {processor.py:183} INFO - Processing /home/varn1t/ml-pipeline/venv/lib/python3.11/site-packages/airflow/example_dags/example_latest_only.py took 0.139 seconds
[2026-05-24T13:31:27.585+0000] {processor.py:161} INFO - Started process (PID=4777) to work on /home/varn1t/ml-pipeline/venv/lib/python3.11/site-packages/airflow/example_dags/example_latest_only.py
[2026-05-24T13:31:27.586+0000] {processor.py:830} INFO - Processing file /home/varn1t/ml-pipeline/venv/lib/python3.11/site-packages/airflow/example_dags/example_latest_only.py for tasks to queue
[2026-05-24T13:31:27.587+0000] {logging_mixin.py:188} INFO - [2026-05-24T13:31:27.587+0000] {dagbag.py:545} INFO - Filling up the DagBag from /home/varn1t/ml-pipeline/venv/lib/python3.11/site-packages/airflow/example_dags/example_latest_only.py
[2026-05-24T13:31:27.592+0000] {processor.py:840} INFO - DAG(s) 'latest_only' retrieved from /home/varn1t/ml-pipeline/venv/lib/python3.11/site-packages/airflow/example_dags/example_latest_only.py
[2026-05-24T13:31:27.604+0000] {logging_mixin.py:188} INFO - [2026-05-24T13:31:27.604+0000] {dag.py:3096} INFO - Sync 1 DAGs
[2026-05-24T13:31:27.615+0000] {logging_mixin.py:188} INFO - [2026-05-24T13:31:27.615+0000] {dag.py:3954} INFO - Setting next_dagrun for latest_only to 2026-05-24 08:00:00+00:00, run_after=2026-05-24 12:00:00+00:00
[2026-05-24T13:31:27.631+0000] {processor.py:183} INFO - Processing /home/varn1t/ml-pipeline/venv/lib/python3.11/site-packages/airflow/example_dags/example_latest_only.py took 0.052 seconds
[2026-05-24T13:32:10.205+0000] {processor.py:161} INFO - Started process (PID=4976) to work on /home/varn1t/ml-pipeline/venv/lib/python3.11/site-packages/airflow/example_dags/example_latest_only.py
[2026-05-24T13:32:10.206+0000] {processor.py:830} INFO - Processing file /home/varn1t/ml-pipeline/venv/lib/python3.11/site-packages/airflow/example_dags/example_latest_only.py for tasks to queue
[2026-05-24T13:32:10.208+0000] {logging_mixin.py:188} INFO - [2026-05-24T13:32:10.208+0000] {dagbag.py:545} INFO - Filling up the DagBag from /home/varn1t/ml-pipeline/venv/lib/python3.11/site-packages/airflow/example_dags/example_latest_only.py
[2026-05-24T13:32:10.212+0000] {processor.py:840} INFO - DAG(s) 'latest_only' retrieved from /home/varn1t/ml-pipeline/venv/lib/python3.11/site-packages/airflow/example_dags/example_latest_only.py
[2026-05-24T13:32:10.224+0000] {logging_mixin.py:188} INFO - [2026-05-24T13:32:10.224+0000] {dag.py:3096} INFO - Sync 1 DAGs
[2026-05-24T13:32:10.235+0000] {logging_mixin.py:188} INFO - [2026-05-24T13:32:10.235+0000] {dag.py:3954} INFO - Setting next_dagrun for latest_only to 2026-05-24 08:00:00+00:00, run_after=2026-05-24 12:00:00+00:00
[2026-05-24T13:32:10.249+0000] {processor.py:183} INFO - Processing /home/varn1t/ml-pipeline/venv/lib/python3.11/site-packages/airflow/example_dags/example_latest_only.py took 0.050 seconds
[2026-05-24T13:33:08.851+0000] {processor.py:161} INFO - Started process (PID=5237) to work on /home/varn1t/ml-pipeline/venv/lib/python3.11/site-packages/airflow/example_dags/example_latest_only.py
[2026-05-24T13:33:08.852+0000] {processor.py:830} INFO - Processing file /home/varn1t/ml-pipeline/venv/lib/python3.11/site-packages/airflow/example_dags/example_latest_only.py for tasks to queue
[2026-05-24T13:33:08.853+0000] {logging_mixin.py:188} INFO - [2026-05-24T13:33:08.853+0000] {dagbag.py:545} INFO - Filling up the DagBag from /home/varn1t/ml-pipeline/venv/lib/python3.11/site-packages/airflow/example_dags/example_latest_only.py
[2026-05-24T13:33:08.857+0000] {processor.py:840} INFO - DAG(s) 'latest_only' retrieved from /home/varn1t/ml-pipeline/venv/lib/python3.11/site-packages/airflow/example_dags/example_latest_only.py
[2026-05-24T13:33:08.867+0000] {logging_mixin.py:188} INFO - [2026-05-24T13:33:08.867+0000] {dag.py:3096} INFO - Sync 1 DAGs
[2026-05-24T13:33:08.878+0000] {logging_mixin.py:188} INFO - [2026-05-24T13:33:08.878+0000] {dag.py:3954} INFO - Setting next_dagrun for latest_only to 2026-05-24 08:00:00+00:00, run_after=2026-05-24 12:00:00+00:00
[2026-05-24T13:33:08.892+0000] {processor.py:183} INFO - Processing /home/varn1t/ml-pipeline/venv/lib/python3.11/site-packages/airflow/example_dags/example_latest_only.py took 0.045 seconds
[2026-05-24T13:34:05.088+0000] {processor.py:161} INFO - Started process (PID=5669) to work on /home/varn1t/ml-pipeline/venv/lib/python3.11/site-packages/airflow/example_dags/example_latest_only.py
[2026-05-24T13:34:05.089+0000] {processor.py:830} INFO - Processing file /home/varn1t/ml-pipeline/venv/lib/python3.11/site-packages/airflow/example_dags/example_latest_only.py for tasks to queue
[2026-05-24T13:34:05.090+0000] {logging_mixin.py:188} INFO - [2026-05-24T13:34:05.090+0000] {dagbag.py:545} INFO - Filling up the DagBag from /home/varn1t/ml-pipeline/venv/lib/python3.11/site-packages/airflow/example_dags/example_latest_only.py
[2026-05-24T13:34:05.095+0000] {processor.py:840} INFO - DAG(s) 'latest_only' retrieved from /home/varn1t/ml-pipeline/venv/lib/python3.11/site-packages/airflow/example_dags/example_latest_only.py
[2026-05-24T13:34:05.110+0000] {logging_mixin.py:188} INFO - [2026-05-24T13:34:05.109+0000] {dag.py:3096} INFO - Sync 1 DAGs
[2026-05-24T13:34:05.130+0000] {logging_mixin.py:188} INFO - [2026-05-24T13:34:05.130+0000] {dag.py:3954} INFO - Setting next_dagrun for latest_only to 2026-05-24 08:00:00+00:00, run_after=2026-05-24 12:00:00+00:00
[2026-05-24T13:34:05.149+0000] {processor.py:183} INFO - Processing /home/varn1t/ml-pipeline/venv/lib/python3.11/site-packages/airflow/example_dags/example_latest_only.py took 0.067 seconds
[2026-05-24T13:35:01.579+0000] {processor.py:161} INFO - Started process (PID=6012) to work on /home/varn1t/ml-pipeline/venv/lib/python3.11/site-packages/airflow/example_dags/example_latest_only.py
[2026-05-24T13:35:01.580+0000] {processor.py:830} INFO - Processing file /home/varn1t/ml-pipeline/venv/lib/python3.11/site-packages/airflow/example_dags/example_latest_only.py for tasks to queue
[2026-05-24T13:35:01.581+0000] {logging_mixin.py:188} INFO - [2026-05-24T13:35:01.580+0000] {dagbag.py:545} INFO - Filling up the DagBag from /home/varn1t/ml-pipeline/venv/lib/python3.11/site-packages/airflow/example_dags/example_latest_only.py
[2026-05-24T13:35:01.585+0000] {processor.py:840} INFO - DAG(s) 'latest_only' retrieved from /home/varn1t/ml-pipeline/venv/lib/python3.11/site-packages/airflow/example_dags/example_latest_only.py
[2026-05-24T13:35:01.598+0000] {logging_mixin.py:188} INFO - [2026-05-24T13:35:01.598+0000] {dag.py:3096} INFO - Sync 1 DAGs
[2026-05-24T13:35:01.611+0000] {logging_mixin.py:188} INFO - [2026-05-24T13:35:01.610+0000] {dag.py:3954} INFO - Setting next_dagrun for latest_only to 2026-05-24 08:00:00+00:00, run_after=2026-05-24 12:00:00+00:00
[2026-05-24T13:35:01.625+0000] {processor.py:183} INFO - Processing /home/varn1t/ml-pipeline/venv/lib/python3.11/site-packages/airflow/example_dags/example_latest_only.py took 0.050 seconds
[2026-05-24T13:36:00.084+0000] {processor.py:161} INFO - Started process (PID=6384) to work on /home/varn1t/ml-pipeline/venv/lib/python3.11/site-packages/airflow/example_dags/example_latest_only.py
[2026-05-24T13:36:00.085+0000] {processor.py:830} INFO - Processing file /home/varn1t/ml-pipeline/venv/lib/python3.11/site-packages/airflow/example_dags/example_latest_only.py for tasks to queue
[2026-05-24T13:36:00.085+0000] {logging_mixin.py:188} INFO - [2026-05-24T13:36:00.085+0000] {dagbag.py:545} INFO - Filling up the DagBag from /home/varn1t/ml-pipeline/venv/lib/python3.11/site-packages/airflow/example_dags/example_latest_only.py
[2026-05-24T13:36:00.089+0000] {processor.py:840} INFO - DAG(s) 'latest_only' retrieved from /home/varn1t/ml-pipeline/venv/lib/python3.11/site-packages/airflow/example_dags/example_latest_only.py
[2026-05-24T13:36:00.098+0000] {logging_mixin.py:188} INFO - [2026-05-24T13:36:00.098+0000] {dag.py:3096} INFO - Sync 1 DAGs
[2026-05-24T13:36:00.108+0000] {logging_mixin.py:188} INFO - [2026-05-24T13:36:00.108+0000] {dag.py:3954} INFO - Setting next_dagrun for latest_only to 2026-05-24 08:00:00+00:00, run_after=2026-05-24 12:00:00+00:00
[2026-05-24T13:36:00.121+0000] {processor.py:183} INFO - Processing /home/varn1t/ml-pipeline/venv/lib/python3.11/site-packages/airflow/example_dags/example_latest_only.py took 0.041 seconds
[2026-05-24T13:37:00.011+0000] {processor.py:161} INFO - Started process (PID=6722) to work on /home/varn1t/ml-pipeline/venv/lib/python3.11/site-packages/airflow/example_dags/example_latest_only.py
[2026-05-24T13:37:00.013+0000] {processor.py:830} INFO - Processing file /home/varn1t/ml-pipeline/venv/lib/python3.11/site-packages/airflow/example_dags/example_latest_only.py for tasks to queue
[2026-05-24T13:37:00.013+0000] {logging_mixin.py:188} INFO - [2026-05-24T13:37:00.013+0000] {dagbag.py:545} INFO - Filling up the DagBag from /home/varn1t/ml-pipeline/venv/lib/python3.11/site-packages/airflow/example_dags/example_latest_only.py
[2026-05-24T13:37:00.019+0000] {processor.py:840} INFO - DAG(s) 'latest_only' retrieved from /home/varn1t/ml-pipeline/venv/lib/python3.11/site-packages/airflow/example_dags/example_latest_only.py
[2026-05-24T13:37:00.030+0000] {logging_mixin.py:188} INFO - [2026-05-24T13:37:00.030+0000] {dag.py:3096} INFO - Sync 1 DAGs
[2026-05-24T13:37:00.042+0000] {logging_mixin.py:188} INFO - [2026-05-24T13:37:00.042+0000] {dag.py:3954} INFO - Setting next_dagrun for latest_only to 2026-05-24 08:00:00+00:00, run_after=2026-05-24 12:00:00+00:00
[2026-05-24T13:37:00.057+0000] {processor.py:183} INFO - Processing /home/varn1t/ml-pipeline/venv/lib/python3.11/site-packages/airflow/example_dags/example_latest_only.py took 0.050 seconds
[2026-05-24T13:38:00.387+0000] {processor.py:161} INFO - Started process (PID=7319) to work on /home/varn1t/ml-pipeline/venv/lib/python3.11/site-packages/airflow/example_dags/example_latest_only.py
[2026-05-24T13:38:00.388+0000] {processor.py:830} INFO - Processing file /home/varn1t/ml-pipeline/venv/lib/python3.11/site-packages/airflow/example_dags/example_latest_only.py for tasks to queue
[2026-05-24T13:38:00.389+0000] {logging_mixin.py:188} INFO - [2026-05-24T13:38:00.388+0000] {dagbag.py:545} INFO - Filling up the DagBag from /home/varn1t/ml-pipeline/venv/lib/python3.11/site-packages/airflow/example_dags/example_latest_only.py
[2026-05-24T13:38:00.394+0000] {processor.py:840} INFO - DAG(s) 'latest_only' retrieved from /home/varn1t/ml-pipeline/venv/lib/python3.11/site-packages/airflow/example_dags/example_latest_only.py
[2026-05-24T13:38:00.407+0000] {logging_mixin.py:188} INFO - [2026-05-24T13:38:00.406+0000] {dag.py:3096} INFO - Sync 1 DAGs
[2026-05-24T13:38:00.417+0000] {logging_mixin.py:188} INFO - [2026-05-24T13:38:00.417+0000] {dag.py:3954} INFO - Setting next_dagrun for latest_only to 2026-05-24 08:00:00+00:00, run_after=2026-05-24 12:00:00+00:00
[2026-05-24T13:38:00.431+0000] {processor.py:183} INFO - Processing /home/varn1t/ml-pipeline/venv/lib/python3.11/site-packages/airflow/example_dags/example_latest_only.py took 0.048 seconds
[2026-05-24T13:38:55.948+0000] {processor.py:161} INFO - Started process (PID=7583) to work on /home/varn1t/ml-pipeline/venv/lib/python3.11/site-packages/airflow/example_dags/example_latest_only.py
[2026-05-24T13:38:55.949+0000] {processor.py:830} INFO - Processing file /home/varn1t/ml-pipeline/venv/lib/python3.11/site-packages/airflow/example_dags/example_latest_only.py for tasks to queue
[2026-05-24T13:38:55.949+0000] {logging_mixin.py:188} INFO - [2026-05-24T13:38:55.949+0000] {dagbag.py:545} INFO - Filling up the DagBag from /home/varn1t/ml-pipeline/venv/lib/python3.11/site-packages/airflow/example_dags/example_latest_only.py
[2026-05-24T13:38:55.953+0000] {processor.py:840} INFO - DAG(s) 'latest_only' retrieved from /home/varn1t/ml-pipeline/venv/lib/python3.11/site-packages/airflow/example_dags/example_latest_only.py
[2026-05-24T13:38:55.963+0000] {logging_mixin.py:188} INFO - [2026-05-24T13:38:55.962+0000] {dag.py:3096} INFO - Sync 1 DAGs
[2026-05-24T13:38:55.973+0000] {logging_mixin.py:188} INFO - [2026-05-24T13:38:55.973+0000] {dag.py:3954} INFO - Setting next_dagrun for latest_only to 2026-05-24 08:00:00+00:00, run_after=2026-05-24 12:00:00+00:00
[2026-05-24T13:38:55.986+0000] {processor.py:183} INFO - Processing /home/varn1t/ml-pipeline/venv/lib/python3.11/site-packages/airflow/example_dags/example_latest_only.py took 0.042 seconds
[2026-05-24T13:39:58.592+0000] {processor.py:161} INFO - Started process (PID=7859) to work on /home/varn1t/ml-pipeline/venv/lib/python3.11/site-packages/airflow/example_dags/example_latest_only.py
[2026-05-24T13:39:58.593+0000] {processor.py:830} INFO - Processing file /home/varn1t/ml-pipeline/venv/lib/python3.11/site-packages/airflow/example_dags/example_latest_only.py for tasks to queue
[2026-05-24T13:39:58.593+0000] {logging_mixin.py:188} INFO - [2026-05-24T13:39:58.593+0000] {dagbag.py:545} INFO - Filling up the DagBag from /home/varn1t/ml-pipeline/venv/lib/python3.11/site-packages/airflow/example_dags/example_latest_only.py
[2026-05-24T13:39:58.597+0000] {processor.py:840} INFO - DAG(s) 'latest_only' retrieved from /home/varn1t/ml-pipeline/venv/lib/python3.11/site-packages/airflow/example_dags/example_latest_only.py
[2026-05-24T13:39:58.607+0000] {logging_mixin.py:188} INFO - [2026-05-24T13:39:58.607+0000] {dag.py:3096} INFO - Sync 1 DAGs
[2026-05-24T13:39:58.618+0000] {logging_mixin.py:188} INFO - [2026-05-24T13:39:58.618+0000] {dag.py:3954} INFO - Setting next_dagrun for latest_only to 2026-05-24 08:00:00+00:00, run_after=2026-05-24 12:00:00+00:00
[2026-05-24T13:39:58.636+0000] {processor.py:183} INFO - Processing /home/varn1t/ml-pipeline/venv/lib/python3.11/site-packages/airflow/example_dags/example_latest_only.py took 0.047 seconds
[2026-05-24T13:40:55.221+0000] {processor.py:161} INFO - Started process (PID=8099) to work on /home/varn1t/ml-pipeline/venv/lib/python3.11/site-packages/airflow/example_dags/example_latest_only.py
[2026-05-24T13:40:55.222+0000] {processor.py:830} INFO - Processing file /home/varn1t/ml-pipeline/venv/lib/python3.11/site-packages/airflow/example_dags/example_latest_only.py for tasks to queue
[2026-05-24T13:40:55.223+0000] {logging_mixin.py:188} INFO - [2026-05-24T13:40:55.222+0000] {dagbag.py:545} INFO - Filling up the DagBag from /home/varn1t/ml-pipeline/venv/lib/python3.11/site-packages/airflow/example_dags/example_latest_only.py
[2026-05-24T13:40:55.228+0000] {processor.py:840} INFO - DAG(s) 'latest_only' retrieved from /home/varn1t/ml-pipeline/venv/lib/python3.11/site-packages/airflow/example_dags/example_latest_only.py
[2026-05-24T13:40:55.240+0000] {logging_mixin.py:188} INFO - [2026-05-24T13:40:55.240+0000] {dag.py:3096} INFO - Sync 1 DAGs
[2026-05-24T13:40:55.253+0000] {logging_mixin.py:188} INFO - [2026-05-24T13:40:55.253+0000] {dag.py:3954} INFO - Setting next_dagrun for latest_only to 2026-05-24 08:00:00+00:00, run_after=2026-05-24 12:00:00+00:00
[2026-05-24T13:40:55.268+0000] {processor.py:183} INFO - Processing /home/varn1t/ml-pipeline/venv/lib/python3.11/site-packages/airflow/example_dags/example_latest_only.py took 0.051 seconds
[2026-05-24T13:41:54.761+0000] {processor.py:161} INFO - Started process (PID=8372) to work on /home/varn1t/ml-pipeline/venv/lib/python3.11/site-packages/airflow/example_dags/example_latest_only.py
[2026-05-24T13:41:54.762+0000] {processor.py:830} INFO - Processing file /home/varn1t/ml-pipeline/venv/lib/python3.11/site-packages/airflow/example_dags/example_latest_only.py for tasks to queue
[2026-05-24T13:41:54.762+0000] {logging_mixin.py:188} INFO - [2026-05-24T13:41:54.762+0000] {dagbag.py:545} INFO - Filling up the DagBag from /home/varn1t/ml-pipeline/venv/lib/python3.11/site-packages/airflow/example_dags/example_latest_only.py
[2026-05-24T13:41:54.766+0000] {processor.py:840} INFO - DAG(s) 'latest_only' retrieved from /home/varn1t/ml-pipeline/venv/lib/python3.11/site-packages/airflow/example_dags/example_latest_only.py
[2026-05-24T13:41:54.776+0000] {logging_mixin.py:188} INFO - [2026-05-24T13:41:54.776+0000] {dag.py:3096} INFO - Sync 1 DAGs
[2026-05-24T13:41:54.792+0000] {logging_mixin.py:188} INFO - [2026-05-24T13:41:54.792+0000] {dag.py:3954} INFO - Setting next_dagrun for latest_only to 2026-05-24 08:00:00+00:00, run_after=2026-05-24 12:00:00+00:00
[2026-05-24T13:41:54.805+0000] {processor.py:183} INFO - Processing /home/varn1t/ml-pipeline/venv/lib/python3.11/site-packages/airflow/example_dags/example_latest_only.py took 0.049 seconds
[2026-05-24T13:42:56.657+0000] {processor.py:161} INFO - Started process (PID=8631) to work on /home/varn1t/ml-pipeline/venv/lib/python3.11/site-packages/airflow/example_dags/example_latest_only.py
[2026-05-24T13:42:56.658+0000] {processor.py:830} INFO - Processing file /home/varn1t/ml-pipeline/venv/lib/python3.11/site-packages/airflow/example_dags/example_latest_only.py for tasks to queue
[2026-05-24T13:42:56.659+0000] {logging_mixin.py:188} INFO - [2026-05-24T13:42:56.659+0000] {dagbag.py:545} INFO - Filling up the DagBag from /home/varn1t/ml-pipeline/venv/lib/python3.11/site-packages/airflow/example_dags/example_latest_only.py
[2026-05-24T13:42:56.664+0000] {processor.py:840} INFO - DAG(s) 'latest_only' retrieved from /home/varn1t/ml-pipeline/venv/lib/python3.11/site-packages/airflow/example_dags/example_latest_only.py
[2026-05-24T13:42:56.675+0000] {logging_mixin.py:188} INFO - [2026-05-24T13:42:56.675+0000] {dag.py:3096} INFO - Sync 1 DAGs
[2026-05-24T13:42:56.689+0000] {logging_mixin.py:188} INFO - [2026-05-24T13:42:56.688+0000] {dag.py:3954} INFO - Setting next_dagrun for latest_only to 2026-05-24 08:00:00+00:00, run_after=2026-05-24 12:00:00+00:00
[2026-05-24T13:42:56.709+0000] {processor.py:183} INFO - Processing /home/varn1t/ml-pipeline/venv/lib/python3.11/site-packages/airflow/example_dags/example_latest_only.py took 0.055 seconds
[2026-05-24T13:43:38.594+0000] {processor.py:161} INFO - Started process (PID=8843) to work on /home/varn1t/ml-pipeline/venv/lib/python3.11/site-packages/airflow/example_dags/example_latest_only.py
[2026-05-24T13:43:38.595+0000] {processor.py:830} INFO - Processing file /home/varn1t/ml-pipeline/venv/lib/python3.11/site-packages/airflow/example_dags/example_latest_only.py for tasks to queue
[2026-05-24T13:43:38.595+0000] {logging_mixin.py:188} INFO - [2026-05-24T13:43:38.595+0000] {dagbag.py:545} INFO - Filling up the DagBag from /home/varn1t/ml-pipeline/venv/lib/python3.11/site-packages/airflow/example_dags/example_latest_only.py
[2026-05-24T13:43:38.600+0000] {processor.py:840} INFO - DAG(s) 'latest_only' retrieved from /home/varn1t/ml-pipeline/venv/lib/python3.11/site-packages/airflow/example_dags/example_latest_only.py
[2026-05-24T13:43:38.611+0000] {logging_mixin.py:188} INFO - [2026-05-24T13:43:38.611+0000] {dag.py:3096} INFO - Sync 1 DAGs
[2026-05-24T13:43:38.624+0000] {logging_mixin.py:188} INFO - [2026-05-24T13:43:38.624+0000] {dag.py:3954} INFO - Setting next_dagrun for latest_only to 2026-05-24 08:00:00+00:00, run_after=2026-05-24 12:00:00+00:00
[2026-05-24T13:43:38.643+0000] {processor.py:183} INFO - Processing /home/varn1t/ml-pipeline/venv/lib/python3.11/site-packages/airflow/example_dags/example_latest_only.py took 0.053 seconds
[2026-05-24T13:44:22.569+0000] {processor.py:161} INFO - Started process (PID=9029) to work on /home/varn1t/ml-pipeline/venv/lib/python3.11/site-packages/airflow/example_dags/example_latest_only.py
[2026-05-24T13:44:22.570+0000] {processor.py:830} INFO - Processing file /home/varn1t/ml-pipeline/venv/lib/python3.11/site-packages/airflow/example_dags/example_latest_only.py for tasks to queue
[2026-05-24T13:44:22.571+0000] {logging_mixin.py:188} INFO - [2026-05-24T13:44:22.571+0000] {dagbag.py:545} INFO - Filling up the DagBag from /home/varn1t/ml-pipeline/venv/lib/python3.11/site-packages/airflow/example_dags/example_latest_only.py
[2026-05-24T13:44:22.575+0000] {processor.py:840} INFO - DAG(s) 'latest_only' retrieved from /home/varn1t/ml-pipeline/venv/lib/python3.11/site-packages/airflow/example_dags/example_latest_only.py
[2026-05-24T13:44:22.589+0000] {logging_mixin.py:188} INFO - [2026-05-24T13:44:22.589+0000] {dag.py:3096} INFO - Sync 1 DAGs
[2026-05-24T13:44:22.604+0000] {logging_mixin.py:188} INFO - [2026-05-24T13:44:22.603+0000] {dag.py:3954} INFO - Setting next_dagrun for latest_only to 2026-05-24 08:00:00+00:00, run_after=2026-05-24 12:00:00+00:00
[2026-05-24T13:44:22.622+0000] {processor.py:183} INFO - Processing /home/varn1t/ml-pipeline/venv/lib/python3.11/site-packages/airflow/example_dags/example_latest_only.py took 0.059 seconds
[2026-05-24T13:45:06.322+0000] {processor.py:161} INFO - Started process (PID=9217) to work on /home/varn1t/ml-pipeline/venv/lib/python3.11/site-packages/airflow/example_dags/example_latest_only.py
[2026-05-24T13:45:06.323+0000] {processor.py:830} INFO - Processing file /home/varn1t/ml-pipeline/venv/lib/python3.11/site-packages/airflow/example_dags/example_latest_only.py for tasks to queue
[2026-05-24T13:45:06.323+0000] {logging_mixin.py:188} INFO - [2026-05-24T13:45:06.323+0000] {dagbag.py:545} INFO - Filling up the DagBag from /home/varn1t/ml-pipeline/venv/lib/python3.11/site-packages/airflow/example_dags/example_latest_only.py
[2026-05-24T13:45:06.327+0000] {processor.py:840} INFO - DAG(s) 'latest_only' retrieved from /home/varn1t/ml-pipeline/venv/lib/python3.11/site-packages/airflow/example_dags/example_latest_only.py
[2026-05-24T13:45:06.338+0000] {logging_mixin.py:188} INFO - [2026-05-24T13:45:06.337+0000] {dag.py:3096} INFO - Sync 1 DAGs
[2026-05-24T13:45:06.349+0000] {logging_mixin.py:188} INFO - [2026-05-24T13:45:06.349+0000] {dag.py:3954} INFO - Setting next_dagrun for latest_only to 2026-05-24 08:00:00+00:00, run_after=2026-05-24 12:00:00+00:00
[2026-05-24T13:45:06.365+0000] {processor.py:183} INFO - Processing /home/varn1t/ml-pipeline/venv/lib/python3.11/site-packages/airflow/example_dags/example_latest_only.py took 0.047 seconds
[2026-05-24T13:46:08.608+0000] {processor.py:161} INFO - Started process (PID=9494) to work on /home/varn1t/ml-pipeline/venv/lib/python3.11/site-packages/airflow/example_dags/example_latest_only.py
[2026-05-24T13:46:08.609+0000] {processor.py:830} INFO - Processing file /home/varn1t/ml-pipeline/venv/lib/python3.11/site-packages/airflow/example_dags/example_latest_only.py for tasks to queue
[2026-05-24T13:46:08.610+0000] {logging_mixin.py:188} INFO - [2026-05-24T13:46:08.610+0000] {dagbag.py:545} INFO - Filling up the DagBag from /home/varn1t/ml-pipeline/venv/lib/python3.11/site-packages/airflow/example_dags/example_latest_only.py
[2026-05-24T13:46:08.614+0000] {processor.py:840} INFO - DAG(s) 'latest_only' retrieved from /home/varn1t/ml-pipeline/venv/lib/python3.11/site-packages/airflow/example_dags/example_latest_only.py
[2026-05-24T13:46:08.626+0000] {logging_mixin.py:188} INFO - [2026-05-24T13:46:08.625+0000] {dag.py:3096} INFO - Sync 1 DAGs
[2026-05-24T13:46:08.638+0000] {logging_mixin.py:188} INFO - [2026-05-24T13:46:08.637+0000] {dag.py:3954} INFO - Setting next_dagrun for latest_only to 2026-05-24 08:00:00+00:00, run_after=2026-05-24 12:00:00+00:00
[2026-05-24T13:46:08.652+0000] {processor.py:183} INFO - Processing /home/varn1t/ml-pipeline/venv/lib/python3.11/site-packages/airflow/example_dags/example_latest_only.py took 0.050 seconds
[2026-05-24T13:47:12.403+0000] {processor.py:161} INFO - Started process (PID=9766) to work on /home/varn1t/ml-pipeline/venv/lib/python3.11/site-packages/airflow/example_dags/example_latest_only.py
[2026-05-24T13:47:12.404+0000] {processor.py:830} INFO - Processing file /home/varn1t/ml-pipeline/venv/lib/python3.11/site-packages/airflow/example_dags/example_latest_only.py for tasks to queue
[2026-05-24T13:47:12.405+0000] {logging_mixin.py:188} INFO - [2026-05-24T13:47:12.405+0000] {dagbag.py:545} INFO - Filling up the DagBag from /home/varn1t/ml-pipeline/venv/lib/python3.11/site-packages/airflow/example_dags/example_latest_only.py
[2026-05-24T13:47:12.410+0000] {processor.py:840} INFO - DAG(s) 'latest_only' retrieved from /home/varn1t/ml-pipeline/venv/lib/python3.11/site-packages/airflow/example_dags/example_latest_only.py
[2026-05-24T13:47:12.423+0000] {logging_mixin.py:188} INFO - [2026-05-24T13:47:12.423+0000] {dag.py:3096} INFO - Sync 1 DAGs
[2026-05-24T13:47:12.440+0000] {logging_mixin.py:188} INFO - [2026-05-24T13:47:12.439+0000] {dag.py:3954} INFO - Setting next_dagrun for latest_only to 2026-05-24 08:00:00+00:00, run_after=2026-05-24 12:00:00+00:00
[2026-05-24T13:47:12.457+0000] {processor.py:183} INFO - Processing /home/varn1t/ml-pipeline/venv/lib/python3.11/site-packages/airflow/example_dags/example_latest_only.py took 0.060 seconds
[2026-05-24T13:47:56.890+0000] {processor.py:161} INFO - Started process (PID=9959) to work on /home/varn1t/ml-pipeline/venv/lib/python3.11/site-packages/airflow/example_dags/example_latest_only.py
[2026-05-24T13:47:56.891+0000] {processor.py:830} INFO - Processing file /home/varn1t/ml-pipeline/venv/lib/python3.11/site-packages/airflow/example_dags/example_latest_only.py for tasks to queue
[2026-05-24T13:47:56.891+0000] {logging_mixin.py:188} INFO - [2026-05-24T13:47:56.891+0000] {dagbag.py:545} INFO - Filling up the DagBag from /home/varn1t/ml-pipeline/venv/lib/python3.11/site-packages/airflow/example_dags/example_latest_only.py
[2026-05-24T13:47:56.895+0000] {processor.py:840} INFO - DAG(s) 'latest_only' retrieved from /home/varn1t/ml-pipeline/venv/lib/python3.11/site-packages/airflow/example_dags/example_latest_only.py
[2026-05-24T13:47:56.906+0000] {logging_mixin.py:188} INFO - [2026-05-24T13:47:56.906+0000] {dag.py:3096} INFO - Sync 1 DAGs
[2026-05-24T13:47:56.919+0000] {logging_mixin.py:188} INFO - [2026-05-24T13:47:56.919+0000] {dag.py:3954} INFO - Setting next_dagrun for latest_only to 2026-05-24 08:00:00+00:00, run_after=2026-05-24 12:00:00+00:00
[2026-05-24T13:47:56.935+0000] {processor.py:183} INFO - Processing /home/varn1t/ml-pipeline/venv/lib/python3.11/site-packages/airflow/example_dags/example_latest_only.py took 0.049 seconds
[2026-05-24T13:48:56.605+0000] {processor.py:161} INFO - Started process (PID=10621) to work on /home/varn1t/ml-pipeline/venv/lib/python3.11/site-packages/airflow/example_dags/example_latest_only.py
[2026-05-24T13:48:56.606+0000] {processor.py:830} INFO - Processing file /home/varn1t/ml-pipeline/venv/lib/python3.11/site-packages/airflow/example_dags/example_latest_only.py for tasks to queue
[2026-05-24T13:48:56.607+0000] {logging_mixin.py:188} INFO - [2026-05-24T13:48:56.606+0000] {dagbag.py:545} INFO - Filling up the DagBag from /home/varn1t/ml-pipeline/venv/lib/python3.11/site-packages/airflow/example_dags/example_latest_only.py
[2026-05-24T13:48:56.612+0000] {processor.py:840} INFO - DAG(s) 'latest_only' retrieved from /home/varn1t/ml-pipeline/venv/lib/python3.11/site-packages/airflow/example_dags/example_latest_only.py
[2026-05-24T13:48:56.627+0000] {logging_mixin.py:188} INFO - [2026-05-24T13:48:56.627+0000] {dag.py:3096} INFO - Sync 1 DAGs
[2026-05-24T13:48:56.645+0000] {logging_mixin.py:188} INFO - [2026-05-24T13:48:56.644+0000] {dag.py:3954} INFO - Setting next_dagrun for latest_only to 2026-05-24 08:00:00+00:00, run_after=2026-05-24 12:00:00+00:00
[2026-05-24T13:48:56.662+0000] {processor.py:183} INFO - Processing /home/varn1t/ml-pipeline/venv/lib/python3.11/site-packages/airflow/example_dags/example_latest_only.py took 0.062 seconds
[2026-05-24T13:49:39.555+0000] {processor.py:161} INFO - Started process (PID=11225) to work on /home/varn1t/ml-pipeline/venv/lib/python3.11/site-packages/airflow/example_dags/example_latest_only.py
[2026-05-24T13:49:39.556+0000] {processor.py:830} INFO - Processing file /home/varn1t/ml-pipeline/venv/lib/python3.11/site-packages/airflow/example_dags/example_latest_only.py for tasks to queue
[2026-05-24T13:49:39.557+0000] {logging_mixin.py:188} INFO - [2026-05-24T13:49:39.556+0000] {dagbag.py:545} INFO - Filling up the DagBag from /home/varn1t/ml-pipeline/venv/lib/python3.11/site-packages/airflow/example_dags/example_latest_only.py
[2026-05-24T13:49:39.562+0000] {processor.py:840} INFO - DAG(s) 'latest_only' retrieved from /home/varn1t/ml-pipeline/venv/lib/python3.11/site-packages/airflow/example_dags/example_latest_only.py
[2026-05-24T13:49:39.571+0000] {logging_mixin.py:188} INFO - [2026-05-24T13:49:39.571+0000] {dag.py:3096} INFO - Sync 1 DAGs
[2026-05-24T13:49:39.581+0000] {logging_mixin.py:188} INFO - [2026-05-24T13:49:39.581+0000] {dag.py:3954} INFO - Setting next_dagrun for latest_only to 2026-05-24 08:00:00+00:00, run_after=2026-05-24 12:00:00+00:00
[2026-05-24T13:49:39.594+0000] {processor.py:183} INFO - Processing /home/varn1t/ml-pipeline/venv/lib/python3.11/site-packages/airflow/example_dags/example_latest_only.py took 0.044 seconds
[2026-05-24T13:50:38.091+0000] {processor.py:161} INFO - Started process (PID=11573) to work on /home/varn1t/ml-pipeline/venv/lib/python3.11/site-packages/airflow/example_dags/example_latest_only.py
[2026-05-24T13:50:38.091+0000] {processor.py:830} INFO - Processing file /home/varn1t/ml-pipeline/venv/lib/python3.11/site-packages/airflow/example_dags/example_latest_only.py for tasks to queue
[2026-05-24T13:50:38.092+0000] {logging_mixin.py:188} INFO - [2026-05-24T13:50:38.092+0000] {dagbag.py:545} INFO - Filling up the DagBag from /home/varn1t/ml-pipeline/venv/lib/python3.11/site-packages/airflow/example_dags/example_latest_only.py
[2026-05-24T13:50:38.096+0000] {processor.py:840} INFO - DAG(s) 'latest_only' retrieved from /home/varn1t/ml-pipeline/venv/lib/python3.11/site-packages/airflow/example_dags/example_latest_only.py
[2026-05-24T13:50:38.107+0000] {logging_mixin.py:188} INFO - [2026-05-24T13:50:38.107+0000] {dag.py:3096} INFO - Sync 1 DAGs
[2026-05-24T13:50:38.119+0000] {logging_mixin.py:188} INFO - [2026-05-24T13:50:38.119+0000] {dag.py:3954} INFO - Setting next_dagrun for latest_only to 2026-05-24 08:00:00+00:00, run_after=2026-05-24 12:00:00+00:00
[2026-05-24T13:50:38.134+0000] {processor.py:183} INFO - Processing /home/varn1t/ml-pipeline/venv/lib/python3.11/site-packages/airflow/example_dags/example_latest_only.py took 0.047 seconds
[2026-05-24T13:51:39.477+0000] {processor.py:161} INFO - Started process (PID=12032) to work on /home/varn1t/ml-pipeline/venv/lib/python3.11/site-packages/airflow/example_dags/example_latest_only.py
[2026-05-24T13:51:39.477+0000] {processor.py:830} INFO - Processing file /home/varn1t/ml-pipeline/venv/lib/python3.11/site-packages/airflow/example_dags/example_latest_only.py for tasks to queue
[2026-05-24T13:51:39.478+0000] {logging_mixin.py:188} INFO - [2026-05-24T13:51:39.478+0000] {dagbag.py:545} INFO - Filling up the DagBag from /home/varn1t/ml-pipeline/venv/lib/python3.11/site-packages/airflow/example_dags/example_latest_only.py
[2026-05-24T13:51:39.482+0000] {processor.py:840} INFO - DAG(s) 'latest_only' retrieved from /home/varn1t/ml-pipeline/venv/lib/python3.11/site-packages/airflow/example_dags/example_latest_only.py
[2026-05-24T13:51:39.495+0000] {logging_mixin.py:188} INFO - [2026-05-24T13:51:39.495+0000] {dag.py:3096} INFO - Sync 1 DAGs
[2026-05-24T13:51:39.510+0000] {logging_mixin.py:188} INFO - [2026-05-24T13:51:39.510+0000] {dag.py:3954} INFO - Setting next_dagrun for latest_only to 2026-05-24 08:00:00+00:00, run_after=2026-05-24 12:00:00+00:00
[2026-05-24T13:51:39.524+0000] {processor.py:183} INFO - Processing /home/varn1t/ml-pipeline/venv/lib/python3.11/site-packages/airflow/example_dags/example_latest_only.py took 0.052 seconds
[2026-05-24T13:52:39.927+0000] {processor.py:161} INFO - Started process (PID=12376) to work on /home/varn1t/ml-pipeline/venv/lib/python3.11/site-packages/airflow/example_dags/example_latest_only.py
[2026-05-24T13:52:39.928+0000] {processor.py:830} INFO - Processing file /home/varn1t/ml-pipeline/venv/lib/python3.11/site-packages/airflow/example_dags/example_latest_only.py for tasks to queue
[2026-05-24T13:52:39.929+0000] {logging_mixin.py:188} INFO - [2026-05-24T13:52:39.928+0000] {dagbag.py:545} INFO - Filling up the DagBag from /home/varn1t/ml-pipeline/venv/lib/python3.11/site-packages/airflow/example_dags/example_latest_only.py
[2026-05-24T13:52:39.933+0000] {processor.py:840} INFO - DAG(s) 'latest_only' retrieved from /home/varn1t/ml-pipeline/venv/lib/python3.11/site-packages/airflow/example_dags/example_latest_only.py
[2026-05-24T13:52:39.946+0000] {logging_mixin.py:188} INFO - [2026-05-24T13:52:39.946+0000] {dag.py:3096} INFO - Sync 1 DAGs
[2026-05-24T13:52:39.959+0000] {logging_mixin.py:188} INFO - [2026-05-24T13:52:39.959+0000] {dag.py:3954} INFO - Setting next_dagrun for latest_only to 2026-05-24 08:00:00+00:00, run_after=2026-05-24 12:00:00+00:00
[2026-05-24T13:52:39.973+0000] {processor.py:183} INFO - Processing /home/varn1t/ml-pipeline/venv/lib/python3.11/site-packages/airflow/example_dags/example_latest_only.py took 0.052 seconds
[2026-05-24T13:53:24.587+0000] {processor.py:161} INFO - Started process (PID=12576) to work on /home/varn1t/ml-pipeline/venv/lib/python3.11/site-packages/airflow/example_dags/example_latest_only.py
[2026-05-24T13:53:24.588+0000] {processor.py:830} INFO - Processing file /home/varn1t/ml-pipeline/venv/lib/python3.11/site-packages/airflow/example_dags/example_latest_only.py for tasks to queue
[2026-05-24T13:53:24.589+0000] {logging_mixin.py:188} INFO - [2026-05-24T13:53:24.588+0000] {dagbag.py:545} INFO - Filling up the DagBag from /home/varn1t/ml-pipeline/venv/lib/python3.11/site-packages/airflow/example_dags/example_latest_only.py
[2026-05-24T13:53:24.592+0000] {processor.py:840} INFO - DAG(s) 'latest_only' retrieved from /home/varn1t/ml-pipeline/venv/lib/python3.11/site-packages/airflow/example_dags/example_latest_only.py
[2026-05-24T13:53:24.603+0000] {logging_mixin.py:188} INFO - [2026-05-24T13:53:24.602+0000] {dag.py:3096} INFO - Sync 1 DAGs
[2026-05-24T13:53:24.613+0000] {logging_mixin.py:188} INFO - [2026-05-24T13:53:24.613+0000] {dag.py:3954} INFO - Setting next_dagrun for latest_only to 2026-05-24 08:00:00+00:00, run_after=2026-05-24 12:00:00+00:00
[2026-05-24T13:53:24.629+0000] {processor.py:183} INFO - Processing /home/varn1t/ml-pipeline/venv/lib/python3.11/site-packages/airflow/example_dags/example_latest_only.py took 0.047 seconds
[2026-05-24T13:54:06.350+0000] {processor.py:161} INFO - Started process (PID=12776) to work on /home/varn1t/ml-pipeline/venv/lib/python3.11/site-packages/airflow/example_dags/example_latest_only.py
[2026-05-24T13:54:06.351+0000] {processor.py:830} INFO - Processing file /home/varn1t/ml-pipeline/venv/lib/python3.11/site-packages/airflow/example_dags/example_latest_only.py for tasks to queue
[2026-05-24T13:54:06.352+0000] {logging_mixin.py:188} INFO - [2026-05-24T13:54:06.351+0000] {dagbag.py:545} INFO - Filling up the DagBag from /home/varn1t/ml-pipeline/venv/lib/python3.11/site-packages/airflow/example_dags/example_latest_only.py
[2026-05-24T13:54:06.355+0000] {processor.py:840} INFO - DAG(s) 'latest_only' retrieved from /home/varn1t/ml-pipeline/venv/lib/python3.11/site-packages/airflow/example_dags/example_latest_only.py
[2026-05-24T13:54:06.367+0000] {logging_mixin.py:188} INFO - [2026-05-24T13:54:06.367+0000] {dag.py:3096} INFO - Sync 1 DAGs
[2026-05-24T13:54:06.380+0000] {logging_mixin.py:188} INFO - [2026-05-24T13:54:06.380+0000] {dag.py:3954} INFO - Setting next_dagrun for latest_only to 2026-05-24 08:00:00+00:00, run_after=2026-05-24 12:00:00+00:00
[2026-05-24T13:54:06.396+0000] {processor.py:183} INFO - Processing /home/varn1t/ml-pipeline/venv/lib/python3.11/site-packages/airflow/example_dags/example_latest_only.py took 0.049 seconds
[2026-05-24T13:55:05.468+0000] {processor.py:161} INFO - Started process (PID=13038) to work on /home/varn1t/ml-pipeline/venv/lib/python3.11/site-packages/airflow/example_dags/example_latest_only.py
[2026-05-24T13:55:05.469+0000] {processor.py:830} INFO - Processing file /home/varn1t/ml-pipeline/venv/lib/python3.11/site-packages/airflow/example_dags/example_latest_only.py for tasks to queue
[2026-05-24T13:55:05.470+0000] {logging_mixin.py:188} INFO - [2026-05-24T13:55:05.469+0000] {dagbag.py:545} INFO - Filling up the DagBag from /home/varn1t/ml-pipeline/venv/lib/python3.11/site-packages/airflow/example_dags/example_latest_only.py
[2026-05-24T13:55:05.473+0000] {processor.py:840} INFO - DAG(s) 'latest_only' retrieved from /home/varn1t/ml-pipeline/venv/lib/python3.11/site-packages/airflow/example_dags/example_latest_only.py
[2026-05-24T13:55:05.484+0000] {logging_mixin.py:188} INFO - [2026-05-24T13:55:05.484+0000] {dag.py:3096} INFO - Sync 1 DAGs
[2026-05-24T13:55:05.495+0000] {logging_mixin.py:188} INFO - [2026-05-24T13:55:05.495+0000] {dag.py:3954} INFO - Setting next_dagrun for latest_only to 2026-05-24 08:00:00+00:00, run_after=2026-05-24 12:00:00+00:00
[2026-05-24T13:55:05.508+0000] {processor.py:183} INFO - Processing /home/varn1t/ml-pipeline/venv/lib/python3.11/site-packages/airflow/example_dags/example_latest_only.py took 0.045 seconds
[2026-05-24T13:56:01.718+0000] {processor.py:161} INFO - Started process (PID=13283) to work on /home/varn1t/ml-pipeline/venv/lib/python3.11/site-packages/airflow/example_dags/example_latest_only.py
[2026-05-24T13:56:01.719+0000] {processor.py:830} INFO - Processing file /home/varn1t/ml-pipeline/venv/lib/python3.11/site-packages/airflow/example_dags/example_latest_only.py for tasks to queue
[2026-05-24T13:56:01.720+0000] {logging_mixin.py:188} INFO - [2026-05-24T13:56:01.719+0000] {dagbag.py:545} INFO - Filling up the DagBag from /home/varn1t/ml-pipeline/venv/lib/python3.11/site-packages/airflow/example_dags/example_latest_only.py
[2026-05-24T13:56:01.723+0000] {processor.py:840} INFO - DAG(s) 'latest_only' retrieved from /home/varn1t/ml-pipeline/venv/lib/python3.11/site-packages/airflow/example_dags/example_latest_only.py
[2026-05-24T13:56:01.734+0000] {logging_mixin.py:188} INFO - [2026-05-24T13:56:01.733+0000] {dag.py:3096} INFO - Sync 1 DAGs
[2026-05-24T13:56:01.745+0000] {logging_mixin.py:188} INFO - [2026-05-24T13:56:01.745+0000] {dag.py:3954} INFO - Setting next_dagrun for latest_only to 2026-05-24 08:00:00+00:00, run_after=2026-05-24 12:00:00+00:00
[2026-05-24T13:56:01.760+0000] {processor.py:183} INFO - Processing /home/varn1t/ml-pipeline/venv/lib/python3.11/site-packages/airflow/example_dags/example_latest_only.py took 0.047 seconds
[2026-05-24T13:56:46.187+0000] {processor.py:161} INFO - Started process (PID=13474) to work on /home/varn1t/ml-pipeline/venv/lib/python3.11/site-packages/airflow/example_dags/example_latest_only.py
[2026-05-24T13:56:46.188+0000] {processor.py:830} INFO - Processing file /home/varn1t/ml-pipeline/venv/lib/python3.11/site-packages/airflow/example_dags/example_latest_only.py for tasks to queue
[2026-05-24T13:56:46.188+0000] {logging_mixin.py:188} INFO - [2026-05-24T13:56:46.188+0000] {dagbag.py:545} INFO - Filling up the DagBag from /home/varn1t/ml-pipeline/venv/lib/python3.11/site-packages/airflow/example_dags/example_latest_only.py
[2026-05-24T13:56:46.193+0000] {processor.py:840} INFO - DAG(s) 'latest_only' retrieved from /home/varn1t/ml-pipeline/venv/lib/python3.11/site-packages/airflow/example_dags/example_latest_only.py
[2026-05-24T13:56:46.209+0000] {logging_mixin.py:188} INFO - [2026-05-24T13:56:46.209+0000] {dag.py:3096} INFO - Sync 1 DAGs
[2026-05-24T13:56:46.223+0000] {logging_mixin.py:188} INFO - [2026-05-24T13:56:46.223+0000] {dag.py:3954} INFO - Setting next_dagrun for latest_only to 2026-05-24 08:00:00+00:00, run_after=2026-05-24 12:00:00+00:00
[2026-05-24T13:56:46.241+0000] {processor.py:183} INFO - Processing /home/varn1t/ml-pipeline/venv/lib/python3.11/site-packages/airflow/example_dags/example_latest_only.py took 0.060 seconds
[2026-05-24T13:57:30.152+0000] {processor.py:161} INFO - Started process (PID=13663) to work on /home/varn1t/ml-pipeline/venv/lib/python3.11/site-packages/airflow/example_dags/example_latest_only.py
[2026-05-24T13:57:30.153+0000] {processor.py:830} INFO - Processing file /home/varn1t/ml-pipeline/venv/lib/python3.11/site-packages/airflow/example_dags/example_latest_only.py for tasks to queue
[2026-05-24T13:57:30.154+0000] {logging_mixin.py:188} INFO - [2026-05-24T13:57:30.154+0000] {dagbag.py:545} INFO - Filling up the DagBag from /home/varn1t/ml-pipeline/venv/lib/python3.11/site-packages/airflow/example_dags/example_latest_only.py
[2026-05-24T13:57:30.159+0000] {processor.py:840} INFO - DAG(s) 'latest_only' retrieved from /home/varn1t/ml-pipeline/venv/lib/python3.11/site-packages/airflow/example_dags/example_latest_only.py
[2026-05-24T13:57:30.170+0000] {logging_mixin.py:188} INFO - [2026-05-24T13:57:30.169+0000] {dag.py:3096} INFO - Sync 1 DAGs
[2026-05-24T13:57:30.180+0000] {logging_mixin.py:188} INFO - [2026-05-24T13:57:30.180+0000] {dag.py:3954} INFO - Setting next_dagrun for latest_only to 2026-05-24 08:00:00+00:00, run_after=2026-05-24 12:00:00+00:00
[2026-05-24T13:57:30.195+0000] {processor.py:183} INFO - Processing /home/varn1t/ml-pipeline/venv/lib/python3.11/site-packages/airflow/example_dags/example_latest_only.py took 0.047 seconds
[2026-05-24T13:58:14.075+0000] {processor.py:161} INFO - Started process (PID=13853) to work on /home/varn1t/ml-pipeline/venv/lib/python3.11/site-packages/airflow/example_dags/example_latest_only.py
[2026-05-24T13:58:14.076+0000] {processor.py:830} INFO - Processing file /home/varn1t/ml-pipeline/venv/lib/python3.11/site-packages/airflow/example_dags/example_latest_only.py for tasks to queue
[2026-05-24T13:58:14.076+0000] {logging_mixin.py:188} INFO - [2026-05-24T13:58:14.076+0000] {dagbag.py:545} INFO - Filling up the DagBag from /home/varn1t/ml-pipeline/venv/lib/python3.11/site-packages/airflow/example_dags/example_latest_only.py
[2026-05-24T13:58:14.080+0000] {processor.py:840} INFO - DAG(s) 'latest_only' retrieved from /home/varn1t/ml-pipeline/venv/lib/python3.11/site-packages/airflow/example_dags/example_latest_only.py
[2026-05-24T13:58:14.093+0000] {logging_mixin.py:188} INFO - [2026-05-24T13:58:14.093+0000] {dag.py:3096} INFO - Sync 1 DAGs
[2026-05-24T13:58:14.105+0000] {logging_mixin.py:188} INFO - [2026-05-24T13:58:14.105+0000] {dag.py:3954} INFO - Setting next_dagrun for latest_only to 2026-05-24 08:00:00+00:00, run_after=2026-05-24 12:00:00+00:00
[2026-05-24T13:58:14.119+0000] {processor.py:183} INFO - Processing /home/varn1t/ml-pipeline/venv/lib/python3.11/site-packages/airflow/example_dags/example_latest_only.py took 0.049 seconds
[2026-05-24T13:59:16.730+0000] {processor.py:161} INFO - Started process (PID=14155) to work on /home/varn1t/ml-pipeline/venv/lib/python3.11/site-packages/airflow/example_dags/example_latest_only.py
[2026-05-24T13:59:16.730+0000] {processor.py:830} INFO - Processing file /home/varn1t/ml-pipeline/venv/lib/python3.11/site-packages/airflow/example_dags/example_latest_only.py for tasks to queue
[2026-05-24T13:59:16.731+0000] {logging_mixin.py:188} INFO - [2026-05-24T13:59:16.731+0000] {dagbag.py:545} INFO - Filling up the DagBag from /home/varn1t/ml-pipeline/venv/lib/python3.11/site-packages/airflow/example_dags/example_latest_only.py
[2026-05-24T13:59:16.735+0000] {processor.py:840} INFO - DAG(s) 'latest_only' retrieved from /home/varn1t/ml-pipeline/venv/lib/python3.11/site-packages/airflow/example_dags/example_latest_only.py
[2026-05-24T13:59:16.745+0000] {logging_mixin.py:188} INFO - [2026-05-24T13:59:16.745+0000] {dag.py:3096} INFO - Sync 1 DAGs
[2026-05-24T13:59:16.759+0000] {logging_mixin.py:188} INFO - [2026-05-24T13:59:16.758+0000] {dag.py:3954} INFO - Setting next_dagrun for latest_only to 2026-05-24 08:00:00+00:00, run_after=2026-05-24 12:00:00+00:00
[2026-05-24T13:59:16.775+0000] {processor.py:183} INFO - Processing /home/varn1t/ml-pipeline/venv/lib/python3.11/site-packages/airflow/example_dags/example_latest_only.py took 0.050 seconds
[2026-05-24T14:00:16.497+0000] {processor.py:161} INFO - Started process (PID=14408) to work on /home/varn1t/ml-pipeline/venv/lib/python3.11/site-packages/airflow/example_dags/example_latest_only.py
[2026-05-24T14:00:16.498+0000] {processor.py:830} INFO - Processing file /home/varn1t/ml-pipeline/venv/lib/python3.11/site-packages/airflow/example_dags/example_latest_only.py for tasks to queue
[2026-05-24T14:00:16.499+0000] {logging_mixin.py:188} INFO - [2026-05-24T14:00:16.498+0000] {dagbag.py:545} INFO - Filling up the DagBag from /home/varn1t/ml-pipeline/venv/lib/python3.11/site-packages/airflow/example_dags/example_latest_only.py
[2026-05-24T14:00:16.502+0000] {processor.py:840} INFO - DAG(s) 'latest_only' retrieved from /home/varn1t/ml-pipeline/venv/lib/python3.11/site-packages/airflow/example_dags/example_latest_only.py
[2026-05-24T14:00:16.512+0000] {logging_mixin.py:188} INFO - [2026-05-24T14:00:16.512+0000] {dag.py:3096} INFO - Sync 1 DAGs
[2026-05-24T14:00:16.523+0000] {logging_mixin.py:188} INFO - [2026-05-24T14:00:16.522+0000] {dag.py:3954} INFO - Setting next_dagrun for latest_only to 2026-05-24 08:00:00+00:00, run_after=2026-05-24 12:00:00+00:00
[2026-05-24T14:00:16.536+0000] {processor.py:183} INFO - Processing /home/varn1t/ml-pipeline/venv/lib/python3.11/site-packages/airflow/example_dags/example_latest_only.py took 0.043 seconds
[2026-05-24T14:01:13.152+0000] {processor.py:161} INFO - Started process (PID=14669) to work on /home/varn1t/ml-pipeline/venv/lib/python3.11/site-packages/airflow/example_dags/example_latest_only.py
[2026-05-24T14:01:13.153+0000] {processor.py:830} INFO - Processing file /home/varn1t/ml-pipeline/venv/lib/python3.11/site-packages/airflow/example_dags/example_latest_only.py for tasks to queue
[2026-05-24T14:01:13.153+0000] {logging_mixin.py:188} INFO - [2026-05-24T14:01:13.153+0000] {dagbag.py:545} INFO - Filling up the DagBag from /home/varn1t/ml-pipeline/venv/lib/python3.11/site-packages/airflow/example_dags/example_latest_only.py
[2026-05-24T14:01:13.157+0000] {processor.py:840} INFO - DAG(s) 'latest_only' retrieved from /home/varn1t/ml-pipeline/venv/lib/python3.11/site-packages/airflow/example_dags/example_latest_only.py
[2026-05-24T14:01:13.166+0000] {logging_mixin.py:188} INFO - [2026-05-24T14:01:13.166+0000] {dag.py:3096} INFO - Sync 1 DAGs
[2026-05-24T14:01:13.176+0000] {logging_mixin.py:188} INFO - [2026-05-24T14:01:13.176+0000] {dag.py:3954} INFO - Setting next_dagrun for latest_only to 2026-05-24 08:00:00+00:00, run_after=2026-05-24 12:00:00+00:00
[2026-05-24T14:01:13.192+0000] {processor.py:183} INFO - Processing /home/varn1t/ml-pipeline/venv/lib/python3.11/site-packages/airflow/example_dags/example_latest_only.py took 0.044 seconds
[2026-05-24T14:01:58.464+0000] {processor.py:161} INFO - Started process (PID=14869) to work on /home/varn1t/ml-pipeline/venv/lib/python3.11/site-packages/airflow/example_dags/example_latest_only.py
[2026-05-24T14:01:58.465+0000] {processor.py:830} INFO - Processing file /home/varn1t/ml-pipeline/venv/lib/python3.11/site-packages/airflow/example_dags/example_latest_only.py for tasks to queue
[2026-05-24T14:01:58.466+0000] {logging_mixin.py:188} INFO - [2026-05-24T14:01:58.466+0000] {dagbag.py:545} INFO - Filling up the DagBag from /home/varn1t/ml-pipeline/venv/lib/python3.11/site-packages/airflow/example_dags/example_latest_only.py
[2026-05-24T14:01:58.470+0000] {processor.py:840} INFO - DAG(s) 'latest_only' retrieved from /home/varn1t/ml-pipeline/venv/lib/python3.11/site-packages/airflow/example_dags/example_latest_only.py
[2026-05-24T14:01:58.482+0000] {logging_mixin.py:188} INFO - [2026-05-24T14:01:58.482+0000] {dag.py:3096} INFO - Sync 1 DAGs
[2026-05-24T14:01:58.494+0000] {logging_mixin.py:188} INFO - [2026-05-24T14:01:58.494+0000] {dag.py:3954} INFO - Setting next_dagrun for latest_only to 2026-05-24 08:00:00+00:00, run_after=2026-05-24 12:00:00+00:00
[2026-05-24T14:01:58.511+0000] {processor.py:183} INFO - Processing /home/varn1t/ml-pipeline/venv/lib/python3.11/site-packages/airflow/example_dags/example_latest_only.py took 0.051 seconds
[2026-05-24T14:02:54.642+0000] {processor.py:161} INFO - Started process (PID=15108) to work on /home/varn1t/ml-pipeline/venv/lib/python3.11/site-packages/airflow/example_dags/example_latest_only.py
[2026-05-24T14:02:54.643+0000] {processor.py:830} INFO - Processing file /home/varn1t/ml-pipeline/venv/lib/python3.11/site-packages/airflow/example_dags/example_latest_only.py for tasks to queue
[2026-05-24T14:02:54.643+0000] {logging_mixin.py:188} INFO - [2026-05-24T14:02:54.643+0000] {dagbag.py:545} INFO - Filling up the DagBag from /home/varn1t/ml-pipeline/venv/lib/python3.11/site-packages/airflow/example_dags/example_latest_only.py
[2026-05-24T14:02:54.648+0000] {processor.py:840} INFO - DAG(s) 'latest_only' retrieved from /home/varn1t/ml-pipeline/venv/lib/python3.11/site-packages/airflow/example_dags/example_latest_only.py
[2026-05-24T14:02:54.661+0000] {logging_mixin.py:188} INFO - [2026-05-24T14:02:54.661+0000] {dag.py:3096} INFO - Sync 1 DAGs
[2026-05-24T14:02:54.675+0000] {logging_mixin.py:188} INFO - [2026-05-24T14:02:54.675+0000] {dag.py:3954} INFO - Setting next_dagrun for latest_only to 2026-05-24 08:00:00+00:00, run_after=2026-05-24 12:00:00+00:00
[2026-05-24T14:02:54.692+0000] {processor.py:183} INFO - Processing /home/varn1t/ml-pipeline/venv/lib/python3.11/site-packages/airflow/example_dags/example_latest_only.py took 0.054 seconds
[2026-05-24T14:03:53.697+0000] {processor.py:161} INFO - Started process (PID=15396) to work on /home/varn1t/ml-pipeline/venv/lib/python3.11/site-packages/airflow/example_dags/example_latest_only.py
[2026-05-24T14:03:53.699+0000] {processor.py:830} INFO - Processing file /home/varn1t/ml-pipeline/venv/lib/python3.11/site-packages/airflow/example_dags/example_latest_only.py for tasks to queue
[2026-05-24T14:03:53.699+0000] {logging_mixin.py:188} INFO - [2026-05-24T14:03:53.699+0000] {dagbag.py:545} INFO - Filling up the DagBag from /home/varn1t/ml-pipeline/venv/lib/python3.11/site-packages/airflow/example_dags/example_latest_only.py
[2026-05-24T14:03:53.706+0000] {processor.py:840} INFO - DAG(s) 'latest_only' retrieved from /home/varn1t/ml-pipeline/venv/lib/python3.11/site-packages/airflow/example_dags/example_latest_only.py
[2026-05-24T14:03:53.722+0000] {logging_mixin.py:188} INFO - [2026-05-24T14:03:53.722+0000] {dag.py:3096} INFO - Sync 1 DAGs
[2026-05-24T14:03:53.741+0000] {logging_mixin.py:188} INFO - [2026-05-24T14:03:53.741+0000] {dag.py:3954} INFO - Setting next_dagrun for latest_only to 2026-05-24 08:00:00+00:00, run_after=2026-05-24 12:00:00+00:00
[2026-05-24T14:03:53.766+0000] {processor.py:183} INFO - Processing /home/varn1t/ml-pipeline/venv/lib/python3.11/site-packages/airflow/example_dags/example_latest_only.py took 0.076 seconds
[2026-05-24T14:04:36.233+0000] {processor.py:161} INFO - Started process (PID=15582) to work on /home/varn1t/ml-pipeline/venv/lib/python3.11/site-packages/airflow/example_dags/example_latest_only.py
[2026-05-24T14:04:36.234+0000] {processor.py:830} INFO - Processing file /home/varn1t/ml-pipeline/venv/lib/python3.11/site-packages/airflow/example_dags/example_latest_only.py for tasks to queue
[2026-05-24T14:04:36.235+0000] {logging_mixin.py:188} INFO - [2026-05-24T14:04:36.234+0000] {dagbag.py:545} INFO - Filling up the DagBag from /home/varn1t/ml-pipeline/venv/lib/python3.11/site-packages/airflow/example_dags/example_latest_only.py
[2026-05-24T14:04:36.240+0000] {processor.py:840} INFO - DAG(s) 'latest_only' retrieved from /home/varn1t/ml-pipeline/venv/lib/python3.11/site-packages/airflow/example_dags/example_latest_only.py
[2026-05-24T14:04:36.256+0000] {logging_mixin.py:188} INFO - [2026-05-24T14:04:36.256+0000] {dag.py:3096} INFO - Sync 1 DAGs
[2026-05-24T14:04:36.275+0000] {logging_mixin.py:188} INFO - [2026-05-24T14:04:36.274+0000] {dag.py:3954} INFO - Setting next_dagrun for latest_only to 2026-05-24 08:00:00+00:00, run_after=2026-05-24 12:00:00+00:00
[2026-05-24T14:04:36.293+0000] {processor.py:183} INFO - Processing /home/varn1t/ml-pipeline/venv/lib/python3.11/site-packages/airflow/example_dags/example_latest_only.py took 0.066 seconds
[2026-05-24T14:05:36.855+0000] {processor.py:161} INFO - Started process (PID=15835) to work on /home/varn1t/ml-pipeline/venv/lib/python3.11/site-packages/airflow/example_dags/example_latest_only.py
[2026-05-24T14:05:36.857+0000] {processor.py:830} INFO - Processing file /home/varn1t/ml-pipeline/venv/lib/python3.11/site-packages/airflow/example_dags/example_latest_only.py for tasks to queue
[2026-05-24T14:05:36.857+0000] {logging_mixin.py:188} INFO - [2026-05-24T14:05:36.857+0000] {dagbag.py:545} INFO - Filling up the DagBag from /home/varn1t/ml-pipeline/venv/lib/python3.11/site-packages/airflow/example_dags/example_latest_only.py
[2026-05-24T14:05:36.862+0000] {processor.py:840} INFO - DAG(s) 'latest_only' retrieved from /home/varn1t/ml-pipeline/venv/lib/python3.11/site-packages/airflow/example_dags/example_latest_only.py
[2026-05-24T14:05:36.874+0000] {logging_mixin.py:188} INFO - [2026-05-24T14:05:36.873+0000] {dag.py:3096} INFO - Sync 1 DAGs
[2026-05-24T14:05:36.888+0000] {logging_mixin.py:188} INFO - [2026-05-24T14:05:36.888+0000] {dag.py:3954} INFO - Setting next_dagrun for latest_only to 2026-05-24 08:00:00+00:00, run_after=2026-05-24 12:00:00+00:00
[2026-05-24T14:05:36.906+0000] {processor.py:183} INFO - Processing /home/varn1t/ml-pipeline/venv/lib/python3.11/site-packages/airflow/example_dags/example_latest_only.py took 0.055 seconds
[2026-05-24T14:06:21.258+0000] {processor.py:161} INFO - Started process (PID=16053) to work on /home/varn1t/ml-pipeline/venv/lib/python3.11/site-packages/airflow/example_dags/example_latest_only.py
[2026-05-24T14:06:21.259+0000] {processor.py:830} INFO - Processing file /home/varn1t/ml-pipeline/venv/lib/python3.11/site-packages/airflow/example_dags/example_latest_only.py for tasks to queue
[2026-05-24T14:06:21.259+0000] {logging_mixin.py:188} INFO - [2026-05-24T14:06:21.259+0000] {dagbag.py:545} INFO - Filling up the DagBag from /home/varn1t/ml-pipeline/venv/lib/python3.11/site-packages/airflow/example_dags/example_latest_only.py
[2026-05-24T14:06:21.264+0000] {processor.py:840} INFO - DAG(s) 'latest_only' retrieved from /home/varn1t/ml-pipeline/venv/lib/python3.11/site-packages/airflow/example_dags/example_latest_only.py
[2026-05-24T14:06:21.275+0000] {logging_mixin.py:188} INFO - [2026-05-24T14:06:21.275+0000] {dag.py:3096} INFO - Sync 1 DAGs
[2026-05-24T14:06:21.288+0000] {logging_mixin.py:188} INFO - [2026-05-24T14:06:21.288+0000] {dag.py:3954} INFO - Setting next_dagrun for latest_only to 2026-05-24 08:00:00+00:00, run_after=2026-05-24 12:00:00+00:00
[2026-05-24T14:06:21.301+0000] {processor.py:183} INFO - Processing /home/varn1t/ml-pipeline/venv/lib/python3.11/site-packages/airflow/example_dags/example_latest_only.py took 0.048 seconds
[2026-05-24T14:07:04.093+0000] {processor.py:161} INFO - Started process (PID=16245) to work on /home/varn1t/ml-pipeline/venv/lib/python3.11/site-packages/airflow/example_dags/example_latest_only.py
[2026-05-24T14:07:04.093+0000] {processor.py:830} INFO - Processing file /home/varn1t/ml-pipeline/venv/lib/python3.11/site-packages/airflow/example_dags/example_latest_only.py for tasks to queue
[2026-05-24T14:07:04.094+0000] {logging_mixin.py:188} INFO - [2026-05-24T14:07:04.094+0000] {dagbag.py:545} INFO - Filling up the DagBag from /home/varn1t/ml-pipeline/venv/lib/python3.11/site-packages/airflow/example_dags/example_latest_only.py
[2026-05-24T14:07:04.098+0000] {processor.py:840} INFO - DAG(s) 'latest_only' retrieved from /home/varn1t/ml-pipeline/venv/lib/python3.11/site-packages/airflow/example_dags/example_latest_only.py
[2026-05-24T14:07:04.107+0000] {logging_mixin.py:188} INFO - [2026-05-24T14:07:04.107+0000] {dag.py:3096} INFO - Sync 1 DAGs
[2026-05-24T14:07:04.118+0000] {logging_mixin.py:188} INFO - [2026-05-24T14:07:04.118+0000] {dag.py:3954} INFO - Setting next_dagrun for latest_only to 2026-05-24 08:00:00+00:00, run_after=2026-05-24 12:00:00+00:00
[2026-05-24T14:07:04.133+0000] {processor.py:183} INFO - Processing /home/varn1t/ml-pipeline/venv/lib/python3.11/site-packages/airflow/example_dags/example_latest_only.py took 0.045 seconds
[2026-05-24T14:07:47.796+0000] {processor.py:161} INFO - Started process (PID=16432) to work on /home/varn1t/ml-pipeline/venv/lib/python3.11/site-packages/airflow/example_dags/example_latest_only.py
[2026-05-24T14:07:47.797+0000] {processor.py:830} INFO - Processing file /home/varn1t/ml-pipeline/venv/lib/python3.11/site-packages/airflow/example_dags/example_latest_only.py for tasks to queue
[2026-05-24T14:07:47.798+0000] {logging_mixin.py:188} INFO - [2026-05-24T14:07:47.797+0000] {dagbag.py:545} INFO - Filling up the DagBag from /home/varn1t/ml-pipeline/venv/lib/python3.11/site-packages/airflow/example_dags/example_latest_only.py
[2026-05-24T14:07:47.802+0000] {processor.py:840} INFO - DAG(s) 'latest_only' retrieved from /home/varn1t/ml-pipeline/venv/lib/python3.11/site-packages/airflow/example_dags/example_latest_only.py
[2026-05-24T14:07:47.811+0000] {logging_mixin.py:188} INFO - [2026-05-24T14:07:47.811+0000] {dag.py:3096} INFO - Sync 1 DAGs
[2026-05-24T14:07:47.823+0000] {logging_mixin.py:188} INFO - [2026-05-24T14:07:47.823+0000] {dag.py:3954} INFO - Setting next_dagrun for latest_only to 2026-05-24 08:00:00+00:00, run_after=2026-05-24 12:00:00+00:00
[2026-05-24T14:07:47.837+0000] {processor.py:183} INFO - Processing /home/varn1t/ml-pipeline/venv/lib/python3.11/site-packages/airflow/example_dags/example_latest_only.py took 0.044 seconds
[2026-05-24T14:08:46.578+0000] {processor.py:161} INFO - Started process (PID=16724) to work on /home/varn1t/ml-pipeline/venv/lib/python3.11/site-packages/airflow/example_dags/example_latest_only.py
[2026-05-24T14:08:46.579+0000] {processor.py:830} INFO - Processing file /home/varn1t/ml-pipeline/venv/lib/python3.11/site-packages/airflow/example_dags/example_latest_only.py for tasks to queue
[2026-05-24T14:08:46.580+0000] {logging_mixin.py:188} INFO - [2026-05-24T14:08:46.579+0000] {dagbag.py:545} INFO - Filling up the DagBag from /home/varn1t/ml-pipeline/venv/lib/python3.11/site-packages/airflow/example_dags/example_latest_only.py
[2026-05-24T14:08:46.584+0000] {processor.py:840} INFO - DAG(s) 'latest_only' retrieved from /home/varn1t/ml-pipeline/venv/lib/python3.11/site-packages/airflow/example_dags/example_latest_only.py
[2026-05-24T14:08:46.593+0000] {logging_mixin.py:188} INFO - [2026-05-24T14:08:46.593+0000] {dag.py:3096} INFO - Sync 1 DAGs
[2026-05-24T14:08:46.602+0000] {logging_mixin.py:188} INFO - [2026-05-24T14:08:46.602+0000] {dag.py:3954} INFO - Setting next_dagrun for latest_only to 2026-05-24 08:00:00+00:00, run_after=2026-05-24 12:00:00+00:00
[2026-05-24T14:08:46.615+0000] {processor.py:183} INFO - Processing /home/varn1t/ml-pipeline/venv/lib/python3.11/site-packages/airflow/example_dags/example_latest_only.py took 0.041 seconds
[2026-05-24T14:09:28.424+0000] {processor.py:161} INFO - Started process (PID=16909) to work on /home/varn1t/ml-pipeline/venv/lib/python3.11/site-packages/airflow/example_dags/example_latest_only.py
[2026-05-24T14:09:28.425+0000] {processor.py:830} INFO - Processing file /home/varn1t/ml-pipeline/venv/lib/python3.11/site-packages/airflow/example_dags/example_latest_only.py for tasks to queue
[2026-05-24T14:09:28.426+0000] {logging_mixin.py:188} INFO - [2026-05-24T14:09:28.425+0000] {dagbag.py:545} INFO - Filling up the DagBag from /home/varn1t/ml-pipeline/venv/lib/python3.11/site-packages/airflow/example_dags/example_latest_only.py
[2026-05-24T14:09:28.430+0000] {processor.py:840} INFO - DAG(s) 'latest_only' retrieved from /home/varn1t/ml-pipeline/venv/lib/python3.11/site-packages/airflow/example_dags/example_latest_only.py
[2026-05-24T14:09:28.439+0000] {logging_mixin.py:188} INFO - [2026-05-24T14:09:28.439+0000] {dag.py:3096} INFO - Sync 1 DAGs
[2026-05-24T14:09:28.449+0000] {logging_mixin.py:188} INFO - [2026-05-24T14:09:28.449+0000] {dag.py:3954} INFO - Setting next_dagrun for latest_only to 2026-05-24 08:00:00+00:00, run_after=2026-05-24 12:00:00+00:00
[2026-05-24T14:09:28.463+0000] {processor.py:183} INFO - Processing /home/varn1t/ml-pipeline/venv/lib/python3.11/site-packages/airflow/example_dags/example_latest_only.py took 0.043 seconds
[2026-05-24T14:10:10.849+0000] {processor.py:161} INFO - Started process (PID=17089) to work on /home/varn1t/ml-pipeline/venv/lib/python3.11/site-packages/airflow/example_dags/example_latest_only.py
[2026-05-24T14:10:10.850+0000] {processor.py:830} INFO - Processing file /home/varn1t/ml-pipeline/venv/lib/python3.11/site-packages/airflow/example_dags/example_latest_only.py for tasks to queue
[2026-05-24T14:10:10.851+0000] {logging_mixin.py:188} INFO - [2026-05-24T14:10:10.850+0000] {dagbag.py:545} INFO - Filling up the DagBag from /home/varn1t/ml-pipeline/venv/lib/python3.11/site-packages/airflow/example_dags/example_latest_only.py
[2026-05-24T14:10:10.854+0000] {processor.py:840} INFO - DAG(s) 'latest_only' retrieved from /home/varn1t/ml-pipeline/venv/lib/python3.11/site-packages/airflow/example_dags/example_latest_only.py
[2026-05-24T14:10:10.865+0000] {logging_mixin.py:188} INFO - [2026-05-24T14:10:10.865+0000] {dag.py:3096} INFO - Sync 1 DAGs
[2026-05-24T14:10:10.877+0000] {logging_mixin.py:188} INFO - [2026-05-24T14:10:10.877+0000] {dag.py:3954} INFO - Setting next_dagrun for latest_only to 2026-05-24 08:00:00+00:00, run_after=2026-05-24 12:00:00+00:00
[2026-05-24T14:10:10.891+0000] {processor.py:183} INFO - Processing /home/varn1t/ml-pipeline/venv/lib/python3.11/site-packages/airflow/example_dags/example_latest_only.py took 0.045 seconds
[2026-05-24T14:11:13.822+0000] {processor.py:161} INFO - Started process (PID=17358) to work on /home/varn1t/ml-pipeline/venv/lib/python3.11/site-packages/airflow/example_dags/example_latest_only.py
[2026-05-24T14:11:13.823+0000] {processor.py:830} INFO - Processing file /home/varn1t/ml-pipeline/venv/lib/python3.11/site-packages/airflow/example_dags/example_latest_only.py for tasks to queue
[2026-05-24T14:11:13.824+0000] {logging_mixin.py:188} INFO - [2026-05-24T14:11:13.824+0000] {dagbag.py:545} INFO - Filling up the DagBag from /home/varn1t/ml-pipeline/venv/lib/python3.11/site-packages/airflow/example_dags/example_latest_only.py
[2026-05-24T14:11:13.829+0000] {processor.py:840} INFO - DAG(s) 'latest_only' retrieved from /home/varn1t/ml-pipeline/venv/lib/python3.11/site-packages/airflow/example_dags/example_latest_only.py
[2026-05-24T14:11:13.840+0000] {logging_mixin.py:188} INFO - [2026-05-24T14:11:13.840+0000] {dag.py:3096} INFO - Sync 1 DAGs
[2026-05-24T14:11:13.853+0000] {logging_mixin.py:188} INFO - [2026-05-24T14:11:13.853+0000] {dag.py:3954} INFO - Setting next_dagrun for latest_only to 2026-05-24 08:00:00+00:00, run_after=2026-05-24 12:00:00+00:00
[2026-05-24T14:11:13.872+0000] {processor.py:183} INFO - Processing /home/varn1t/ml-pipeline/venv/lib/python3.11/site-packages/airflow/example_dags/example_latest_only.py took 0.058 seconds
[2026-05-24T14:12:12.210+0000] {processor.py:161} INFO - Started process (PID=17633) to work on /home/varn1t/ml-pipeline/venv/lib/python3.11/site-packages/airflow/example_dags/example_latest_only.py
[2026-05-24T14:12:12.211+0000] {processor.py:830} INFO - Processing file /home/varn1t/ml-pipeline/venv/lib/python3.11/site-packages/airflow/example_dags/example_latest_only.py for tasks to queue
[2026-05-24T14:12:12.212+0000] {logging_mixin.py:188} INFO - [2026-05-24T14:12:12.212+0000] {dagbag.py:545} INFO - Filling up the DagBag from /home/varn1t/ml-pipeline/venv/lib/python3.11/site-packages/airflow/example_dags/example_latest_only.py
[2026-05-24T14:12:12.216+0000] {processor.py:840} INFO - DAG(s) 'latest_only' retrieved from /home/varn1t/ml-pipeline/venv/lib/python3.11/site-packages/airflow/example_dags/example_latest_only.py
[2026-05-24T14:12:12.228+0000] {logging_mixin.py:188} INFO - [2026-05-24T14:12:12.228+0000] {dag.py:3096} INFO - Sync 1 DAGs
[2026-05-24T14:12:12.243+0000] {logging_mixin.py:188} INFO - [2026-05-24T14:12:12.242+0000] {dag.py:3954} INFO - Setting next_dagrun for latest_only to 2026-05-24 08:00:00+00:00, run_after=2026-05-24 12:00:00+00:00
[2026-05-24T14:12:12.261+0000] {processor.py:183} INFO - Processing /home/varn1t/ml-pipeline/venv/lib/python3.11/site-packages/airflow/example_dags/example_latest_only.py took 0.056 seconds
[2026-05-24T14:13:13.028+0000] {processor.py:161} INFO - Started process (PID=17886) to work on /home/varn1t/ml-pipeline/venv/lib/python3.11/site-packages/airflow/example_dags/example_latest_only.py
[2026-05-24T14:13:13.029+0000] {processor.py:830} INFO - Processing file /home/varn1t/ml-pipeline/venv/lib/python3.11/site-packages/airflow/example_dags/example_latest_only.py for tasks to queue
[2026-05-24T14:13:13.029+0000] {logging_mixin.py:188} INFO - [2026-05-24T14:13:13.029+0000] {dagbag.py:545} INFO - Filling up the DagBag from /home/varn1t/ml-pipeline/venv/lib/python3.11/site-packages/airflow/example_dags/example_latest_only.py
[2026-05-24T14:13:13.035+0000] {processor.py:840} INFO - DAG(s) 'latest_only' retrieved from /home/varn1t/ml-pipeline/venv/lib/python3.11/site-packages/airflow/example_dags/example_latest_only.py
[2026-05-24T14:13:13.053+0000] {logging_mixin.py:188} INFO - [2026-05-24T14:13:13.053+0000] {dag.py:3096} INFO - Sync 1 DAGs
[2026-05-24T14:13:13.066+0000] {logging_mixin.py:188} INFO - [2026-05-24T14:13:13.066+0000] {dag.py:3954} INFO - Setting next_dagrun for latest_only to 2026-05-24 08:00:00+00:00, run_after=2026-05-24 12:00:00+00:00
[2026-05-24T14:13:13.080+0000] {processor.py:183} INFO - Processing /home/varn1t/ml-pipeline/venv/lib/python3.11/site-packages/airflow/example_dags/example_latest_only.py took 0.056 seconds
[2026-05-24T14:13:53.649+0000] {processor.py:161} INFO - Started process (PID=18093) to work on /home/varn1t/ml-pipeline/venv/lib/python3.11/site-packages/airflow/example_dags/example_latest_only.py
[2026-05-24T14:13:53.650+0000] {processor.py:830} INFO - Processing file /home/varn1t/ml-pipeline/venv/lib/python3.11/site-packages/airflow/example_dags/example_latest_only.py for tasks to queue
[2026-05-24T14:13:53.651+0000] {logging_mixin.py:188} INFO - [2026-05-24T14:13:53.650+0000] {dagbag.py:545} INFO - Filling up the DagBag from /home/varn1t/ml-pipeline/venv/lib/python3.11/site-packages/airflow/example_dags/example_latest_only.py
[2026-05-24T14:13:53.655+0000] {processor.py:840} INFO - DAG(s) 'latest_only' retrieved from /home/varn1t/ml-pipeline/venv/lib/python3.11/site-packages/airflow/example_dags/example_latest_only.py
[2026-05-24T14:13:53.665+0000] {logging_mixin.py:188} INFO - [2026-05-24T14:13:53.665+0000] {dag.py:3096} INFO - Sync 1 DAGs
[2026-05-24T14:13:53.678+0000] {logging_mixin.py:188} INFO - [2026-05-24T14:13:53.678+0000] {dag.py:3954} INFO - Setting next_dagrun for latest_only to 2026-05-24 08:00:00+00:00, run_after=2026-05-24 12:00:00+00:00
[2026-05-24T14:13:53.694+0000] {processor.py:183} INFO - Processing /home/varn1t/ml-pipeline/venv/lib/python3.11/site-packages/airflow/example_dags/example_latest_only.py took 0.049 seconds
[2026-05-24T14:14:55.843+0000] {processor.py:161} INFO - Started process (PID=18368) to work on /home/varn1t/ml-pipeline/venv/lib/python3.11/site-packages/airflow/example_dags/example_latest_only.py
[2026-05-24T14:14:55.844+0000] {processor.py:830} INFO - Processing file /home/varn1t/ml-pipeline/venv/lib/python3.11/site-packages/airflow/example_dags/example_latest_only.py for tasks to queue
[2026-05-24T14:14:55.844+0000] {logging_mixin.py:188} INFO - [2026-05-24T14:14:55.844+0000] {dagbag.py:545} INFO - Filling up the DagBag from /home/varn1t/ml-pipeline/venv/lib/python3.11/site-packages/airflow/example_dags/example_latest_only.py
[2026-05-24T14:14:55.849+0000] {processor.py:840} INFO - DAG(s) 'latest_only' retrieved from /home/varn1t/ml-pipeline/venv/lib/python3.11/site-packages/airflow/example_dags/example_latest_only.py
[2026-05-24T14:14:55.859+0000] {logging_mixin.py:188} INFO - [2026-05-24T14:14:55.859+0000] {dag.py:3096} INFO - Sync 1 DAGs
[2026-05-24T14:14:55.872+0000] {logging_mixin.py:188} INFO - [2026-05-24T14:14:55.872+0000] {dag.py:3954} INFO - Setting next_dagrun for latest_only to 2026-05-24 08:00:00+00:00, run_after=2026-05-24 12:00:00+00:00
[2026-05-24T14:14:55.887+0000] {processor.py:183} INFO - Processing /home/varn1t/ml-pipeline/venv/lib/python3.11/site-packages/airflow/example_dags/example_latest_only.py took 0.048 seconds
[2026-05-24T14:15:42.815+0000] {processor.py:161} INFO - Started process (PID=18565) to work on /home/varn1t/ml-pipeline/venv/lib/python3.11/site-packages/airflow/example_dags/example_latest_only.py
[2026-05-24T14:15:42.816+0000] {processor.py:830} INFO - Processing file /home/varn1t/ml-pipeline/venv/lib/python3.11/site-packages/airflow/example_dags/example_latest_only.py for tasks to queue
[2026-05-24T14:15:42.816+0000] {logging_mixin.py:188} INFO - [2026-05-24T14:15:42.816+0000] {dagbag.py:545} INFO - Filling up the DagBag from /home/varn1t/ml-pipeline/venv/lib/python3.11/site-packages/airflow/example_dags/example_latest_only.py
[2026-05-24T14:15:42.823+0000] {processor.py:840} INFO - DAG(s) 'latest_only' retrieved from /home/varn1t/ml-pipeline/venv/lib/python3.11/site-packages/airflow/example_dags/example_latest_only.py
[2026-05-24T14:15:42.838+0000] {logging_mixin.py:188} INFO - [2026-05-24T14:15:42.838+0000] {dag.py:3096} INFO - Sync 1 DAGs
[2026-05-24T14:15:42.853+0000] {logging_mixin.py:188} INFO - [2026-05-24T14:15:42.853+0000] {dag.py:3954} INFO - Setting next_dagrun for latest_only to 2026-05-24 08:00:00+00:00, run_after=2026-05-24 12:00:00+00:00
[2026-05-24T14:15:42.871+0000] {processor.py:183} INFO - Processing /home/varn1t/ml-pipeline/venv/lib/python3.11/site-packages/airflow/example_dags/example_latest_only.py took 0.063 seconds
[2026-05-24T14:16:37.125+0000] {processor.py:161} INFO - Started process (PID=18815) to work on /home/varn1t/ml-pipeline/venv/lib/python3.11/site-packages/airflow/example_dags/example_latest_only.py
[2026-05-24T14:16:37.126+0000] {processor.py:830} INFO - Processing file /home/varn1t/ml-pipeline/venv/lib/python3.11/site-packages/airflow/example_dags/example_latest_only.py for tasks to queue
[2026-05-24T14:16:37.127+0000] {logging_mixin.py:188} INFO - [2026-05-24T14:16:37.127+0000] {dagbag.py:545} INFO - Filling up the DagBag from /home/varn1t/ml-pipeline/venv/lib/python3.11/site-packages/airflow/example_dags/example_latest_only.py
[2026-05-24T14:16:37.131+0000] {processor.py:840} INFO - DAG(s) 'latest_only' retrieved from /home/varn1t/ml-pipeline/venv/lib/python3.11/site-packages/airflow/example_dags/example_latest_only.py
[2026-05-24T14:16:37.143+0000] {logging_mixin.py:188} INFO - [2026-05-24T14:16:37.143+0000] {dag.py:3096} INFO - Sync 1 DAGs
[2026-05-24T14:16:37.157+0000] {logging_mixin.py:188} INFO - [2026-05-24T14:16:37.156+0000] {dag.py:3954} INFO - Setting next_dagrun for latest_only to 2026-05-24 08:00:00+00:00, run_after=2026-05-24 12:00:00+00:00
[2026-05-24T14:16:37.173+0000] {processor.py:183} INFO - Processing /home/varn1t/ml-pipeline/venv/lib/python3.11/site-packages/airflow/example_dags/example_latest_only.py took 0.053 seconds
[2026-05-24T14:17:34.397+0000] {processor.py:161} INFO - Started process (PID=19072) to work on /home/varn1t/ml-pipeline/venv/lib/python3.11/site-packages/airflow/example_dags/example_latest_only.py
[2026-05-24T14:17:34.398+0000] {processor.py:830} INFO - Processing file /home/varn1t/ml-pipeline/venv/lib/python3.11/site-packages/airflow/example_dags/example_latest_only.py for tasks to queue
[2026-05-24T14:17:34.399+0000] {logging_mixin.py:188} INFO - [2026-05-24T14:17:34.398+0000] {dagbag.py:545} INFO - Filling up the DagBag from /home/varn1t/ml-pipeline/venv/lib/python3.11/site-packages/airflow/example_dags/example_latest_only.py
[2026-05-24T14:17:34.403+0000] {processor.py:840} INFO - DAG(s) 'latest_only' retrieved from /home/varn1t/ml-pipeline/venv/lib/python3.11/site-packages/airflow/example_dags/example_latest_only.py
[2026-05-24T14:17:34.414+0000] {logging_mixin.py:188} INFO - [2026-05-24T14:17:34.414+0000] {dag.py:3096} INFO - Sync 1 DAGs
[2026-05-24T14:17:34.428+0000] {logging_mixin.py:188} INFO - [2026-05-24T14:17:34.428+0000] {dag.py:3954} INFO - Setting next_dagrun for latest_only to 2026-05-24 08:00:00+00:00, run_after=2026-05-24 12:00:00+00:00
[2026-05-24T14:17:34.447+0000] {processor.py:183} INFO - Processing /home/varn1t/ml-pipeline/venv/lib/python3.11/site-packages/airflow/example_dags/example_latest_only.py took 0.055 seconds
[2026-05-24T14:18:24.964+0000] {processor.py:161} INFO - Started process (PID=19300) to work on /home/varn1t/ml-pipeline/venv/lib/python3.11/site-packages/airflow/example_dags/example_latest_only.py
[2026-05-24T14:18:24.966+0000] {processor.py:830} INFO - Processing file /home/varn1t/ml-pipeline/venv/lib/python3.11/site-packages/airflow/example_dags/example_latest_only.py for tasks to queue
[2026-05-24T14:18:24.967+0000] {logging_mixin.py:188} INFO - [2026-05-24T14:18:24.966+0000] {dagbag.py:545} INFO - Filling up the DagBag from /home/varn1t/ml-pipeline/venv/lib/python3.11/site-packages/airflow/example_dags/example_latest_only.py
[2026-05-24T14:18:24.972+0000] {processor.py:840} INFO - DAG(s) 'latest_only' retrieved from /home/varn1t/ml-pipeline/venv/lib/python3.11/site-packages/airflow/example_dags/example_latest_only.py
[2026-05-24T14:18:24.988+0000] {logging_mixin.py:188} INFO - [2026-05-24T14:18:24.988+0000] {dag.py:3096} INFO - Sync 1 DAGs
[2026-05-24T14:18:25.006+0000] {logging_mixin.py:188} INFO - [2026-05-24T14:18:25.006+0000] {dag.py:3954} INFO - Setting next_dagrun for latest_only to 2026-05-24 08:00:00+00:00, run_after=2026-05-24 12:00:00+00:00
[2026-05-24T14:18:25.033+0000] {processor.py:183} INFO - Processing /home/varn1t/ml-pipeline/venv/lib/python3.11/site-packages/airflow/example_dags/example_latest_only.py took 0.075 seconds
[2026-05-24T14:19:08.477+0000] {processor.py:161} INFO - Started process (PID=19521) to work on /home/varn1t/ml-pipeline/venv/lib/python3.11/site-packages/airflow/example_dags/example_latest_only.py
[2026-05-24T14:19:08.479+0000] {processor.py:830} INFO - Processing file /home/varn1t/ml-pipeline/venv/lib/python3.11/site-packages/airflow/example_dags/example_latest_only.py for tasks to queue
[2026-05-24T14:19:08.480+0000] {logging_mixin.py:188} INFO - [2026-05-24T14:19:08.479+0000] {dagbag.py:545} INFO - Filling up the DagBag from /home/varn1t/ml-pipeline/venv/lib/python3.11/site-packages/airflow/example_dags/example_latest_only.py
[2026-05-24T14:19:08.485+0000] {processor.py:840} INFO - DAG(s) 'latest_only' retrieved from /home/varn1t/ml-pipeline/venv/lib/python3.11/site-packages/airflow/example_dags/example_latest_only.py
[2026-05-24T14:19:08.497+0000] {logging_mixin.py:188} INFO - [2026-05-24T14:19:08.497+0000] {dag.py:3096} INFO - Sync 1 DAGs
[2026-05-24T14:19:08.510+0000] {logging_mixin.py:188} INFO - [2026-05-24T14:19:08.510+0000] {dag.py:3954} INFO - Setting next_dagrun for latest_only to 2026-05-24 08:00:00+00:00, run_after=2026-05-24 12:00:00+00:00
[2026-05-24T14:19:08.529+0000] {processor.py:183} INFO - Processing /home/varn1t/ml-pipeline/venv/lib/python3.11/site-packages/airflow/example_dags/example_latest_only.py took 0.057 seconds
[2026-05-24T14:20:11.436+0000] {processor.py:161} INFO - Started process (PID=19804) to work on /home/varn1t/ml-pipeline/venv/lib/python3.11/site-packages/airflow/example_dags/example_latest_only.py
[2026-05-24T14:20:11.438+0000] {processor.py:830} INFO - Processing file /home/varn1t/ml-pipeline/venv/lib/python3.11/site-packages/airflow/example_dags/example_latest_only.py for tasks to queue
[2026-05-24T14:20:11.438+0000] {logging_mixin.py:188} INFO - [2026-05-24T14:20:11.438+0000] {dagbag.py:545} INFO - Filling up the DagBag from /home/varn1t/ml-pipeline/venv/lib/python3.11/site-packages/airflow/example_dags/example_latest_only.py
[2026-05-24T14:20:11.443+0000] {processor.py:840} INFO - DAG(s) 'latest_only' retrieved from /home/varn1t/ml-pipeline/venv/lib/python3.11/site-packages/airflow/example_dags/example_latest_only.py
[2026-05-24T14:20:11.457+0000] {logging_mixin.py:188} INFO - [2026-05-24T14:20:11.457+0000] {dag.py:3096} INFO - Sync 1 DAGs
[2026-05-24T14:20:11.472+0000] {logging_mixin.py:188} INFO - [2026-05-24T14:20:11.472+0000] {dag.py:3954} INFO - Setting next_dagrun for latest_only to 2026-05-24 08:00:00+00:00, run_after=2026-05-24 12:00:00+00:00
[2026-05-24T14:20:11.493+0000] {processor.py:183} INFO - Processing /home/varn1t/ml-pipeline/venv/lib/python3.11/site-packages/airflow/example_dags/example_latest_only.py took 0.061 seconds
[2026-05-24T14:20:54.243+0000] {processor.py:161} INFO - Started process (PID=19991) to work on /home/varn1t/ml-pipeline/venv/lib/python3.11/site-packages/airflow/example_dags/example_latest_only.py
[2026-05-24T14:20:54.244+0000] {processor.py:830} INFO - Processing file /home/varn1t/ml-pipeline/venv/lib/python3.11/site-packages/airflow/example_dags/example_latest_only.py for tasks to queue
[2026-05-24T14:20:54.245+0000] {logging_mixin.py:188} INFO - [2026-05-24T14:20:54.244+0000] {dagbag.py:545} INFO - Filling up the DagBag from /home/varn1t/ml-pipeline/venv/lib/python3.11/site-packages/airflow/example_dags/example_latest_only.py
[2026-05-24T14:20:54.250+0000] {processor.py:840} INFO - DAG(s) 'latest_only' retrieved from /home/varn1t/ml-pipeline/venv/lib/python3.11/site-packages/airflow/example_dags/example_latest_only.py
[2026-05-24T14:20:54.263+0000] {logging_mixin.py:188} INFO - [2026-05-24T14:20:54.262+0000] {dag.py:3096} INFO - Sync 1 DAGs
[2026-05-24T14:20:54.276+0000] {logging_mixin.py:188} INFO - [2026-05-24T14:20:54.276+0000] {dag.py:3954} INFO - Setting next_dagrun for latest_only to 2026-05-24 08:00:00+00:00, run_after=2026-05-24 12:00:00+00:00
[2026-05-24T14:20:54.295+0000] {processor.py:183} INFO - Processing /home/varn1t/ml-pipeline/venv/lib/python3.11/site-packages/airflow/example_dags/example_latest_only.py took 0.058 seconds
[2026-05-24T14:21:56.992+0000] {processor.py:161} INFO - Started process (PID=20288) to work on /home/varn1t/ml-pipeline/venv/lib/python3.11/site-packages/airflow/example_dags/example_latest_only.py
[2026-05-24T14:21:56.993+0000] {processor.py:830} INFO - Processing file /home/varn1t/ml-pipeline/venv/lib/python3.11/site-packages/airflow/example_dags/example_latest_only.py for tasks to queue
[2026-05-24T14:21:56.995+0000] {logging_mixin.py:188} INFO - [2026-05-24T14:21:56.994+0000] {dagbag.py:545} INFO - Filling up the DagBag from /home/varn1t/ml-pipeline/venv/lib/python3.11/site-packages/airflow/example_dags/example_latest_only.py
[2026-05-24T14:21:57.000+0000] {processor.py:840} INFO - DAG(s) 'latest_only' retrieved from /home/varn1t/ml-pipeline/venv/lib/python3.11/site-packages/airflow/example_dags/example_latest_only.py
[2026-05-24T14:21:57.014+0000] {logging_mixin.py:188} INFO - [2026-05-24T14:21:57.014+0000] {dag.py:3096} INFO - Sync 1 DAGs
[2026-05-24T14:21:57.031+0000] {logging_mixin.py:188} INFO - [2026-05-24T14:21:57.031+0000] {dag.py:3954} INFO - Setting next_dagrun for latest_only to 2026-05-24 08:00:00+00:00, run_after=2026-05-24 12:00:00+00:00
[2026-05-24T14:21:57.053+0000] {processor.py:183} INFO - Processing /home/varn1t/ml-pipeline/venv/lib/python3.11/site-packages/airflow/example_dags/example_latest_only.py took 0.066 seconds
[2026-05-24T14:22:58.864+0000] {processor.py:161} INFO - Started process (PID=20565) to work on /home/varn1t/ml-pipeline/venv/lib/python3.11/site-packages/airflow/example_dags/example_latest_only.py
[2026-05-24T14:22:58.866+0000] {processor.py:830} INFO - Processing file /home/varn1t/ml-pipeline/venv/lib/python3.11/site-packages/airflow/example_dags/example_latest_only.py for tasks to queue
[2026-05-24T14:22:58.868+0000] {logging_mixin.py:188} INFO - [2026-05-24T14:22:58.867+0000] {dagbag.py:545} INFO - Filling up the DagBag from /home/varn1t/ml-pipeline/venv/lib/python3.11/site-packages/airflow/example_dags/example_latest_only.py
[2026-05-24T14:22:58.873+0000] {processor.py:840} INFO - DAG(s) 'latest_only' retrieved from /home/varn1t/ml-pipeline/venv/lib/python3.11/site-packages/airflow/example_dags/example_latest_only.py
[2026-05-24T14:22:58.887+0000] {logging_mixin.py:188} INFO - [2026-05-24T14:22:58.887+0000] {dag.py:3096} INFO - Sync 1 DAGs
[2026-05-24T14:22:58.900+0000] {logging_mixin.py:188} INFO - [2026-05-24T14:22:58.900+0000] {dag.py:3954} INFO - Setting next_dagrun for latest_only to 2026-05-24 08:00:00+00:00, run_after=2026-05-24 12:00:00+00:00
[2026-05-24T14:22:58.923+0000] {processor.py:183} INFO - Processing /home/varn1t/ml-pipeline/venv/lib/python3.11/site-packages/airflow/example_dags/example_latest_only.py took 0.065 seconds
[2026-05-24T14:23:40.820+0000] {processor.py:161} INFO - Started process (PID=20781) to work on /home/varn1t/ml-pipeline/venv/lib/python3.11/site-packages/airflow/example_dags/example_latest_only.py
[2026-05-24T14:23:40.822+0000] {processor.py:830} INFO - Processing file /home/varn1t/ml-pipeline/venv/lib/python3.11/site-packages/airflow/example_dags/example_latest_only.py for tasks to queue
[2026-05-24T14:23:40.822+0000] {logging_mixin.py:188} INFO - [2026-05-24T14:23:40.822+0000] {dagbag.py:545} INFO - Filling up the DagBag from /home/varn1t/ml-pipeline/venv/lib/python3.11/site-packages/airflow/example_dags/example_latest_only.py
[2026-05-24T14:23:40.826+0000] {processor.py:840} INFO - DAG(s) 'latest_only' retrieved from /home/varn1t/ml-pipeline/venv/lib/python3.11/site-packages/airflow/example_dags/example_latest_only.py
[2026-05-24T14:23:40.838+0000] {logging_mixin.py:188} INFO - [2026-05-24T14:23:40.837+0000] {dag.py:3096} INFO - Sync 1 DAGs
[2026-05-24T14:23:40.849+0000] {logging_mixin.py:188} INFO - [2026-05-24T14:23:40.849+0000] {dag.py:3954} INFO - Setting next_dagrun for latest_only to 2026-05-24 08:00:00+00:00, run_after=2026-05-24 12:00:00+00:00
[2026-05-24T14:23:40.864+0000] {processor.py:183} INFO - Processing /home/varn1t/ml-pipeline/venv/lib/python3.11/site-packages/airflow/example_dags/example_latest_only.py took 0.049 seconds
[2026-05-24T14:24:41.064+0000] {processor.py:161} INFO - Started process (PID=21065) to work on /home/varn1t/ml-pipeline/venv/lib/python3.11/site-packages/airflow/example_dags/example_latest_only.py
[2026-05-24T14:24:41.065+0000] {processor.py:830} INFO - Processing file /home/varn1t/ml-pipeline/venv/lib/python3.11/site-packages/airflow/example_dags/example_latest_only.py for tasks to queue
[2026-05-24T14:24:41.066+0000] {logging_mixin.py:188} INFO - [2026-05-24T14:24:41.065+0000] {dagbag.py:545} INFO - Filling up the DagBag from /home/varn1t/ml-pipeline/venv/lib/python3.11/site-packages/airflow/example_dags/example_latest_only.py
[2026-05-24T14:24:41.070+0000] {processor.py:840} INFO - DAG(s) 'latest_only' retrieved from /home/varn1t/ml-pipeline/venv/lib/python3.11/site-packages/airflow/example_dags/example_latest_only.py
[2026-05-24T14:24:41.082+0000] {logging_mixin.py:188} INFO - [2026-05-24T14:24:41.082+0000] {dag.py:3096} INFO - Sync 1 DAGs
[2026-05-24T14:24:41.094+0000] {logging_mixin.py:188} INFO - [2026-05-24T14:24:41.094+0000] {dag.py:3954} INFO - Setting next_dagrun for latest_only to 2026-05-24 08:00:00+00:00, run_after=2026-05-24 12:00:00+00:00
[2026-05-24T14:24:41.112+0000] {processor.py:183} INFO - Processing /home/varn1t/ml-pipeline/venv/lib/python3.11/site-packages/airflow/example_dags/example_latest_only.py took 0.052 seconds
[2026-05-24T14:25:41.593+0000] {processor.py:161} INFO - Started process (PID=21334) to work on /home/varn1t/ml-pipeline/venv/lib/python3.11/site-packages/airflow/example_dags/example_latest_only.py
[2026-05-24T14:25:41.594+0000] {processor.py:830} INFO - Processing file /home/varn1t/ml-pipeline/venv/lib/python3.11/site-packages/airflow/example_dags/example_latest_only.py for tasks to queue
[2026-05-24T14:25:41.595+0000] {logging_mixin.py:188} INFO - [2026-05-24T14:25:41.595+0000] {dagbag.py:545} INFO - Filling up the DagBag from /home/varn1t/ml-pipeline/venv/lib/python3.11/site-packages/airflow/example_dags/example_latest_only.py
[2026-05-24T14:25:41.599+0000] {processor.py:840} INFO - DAG(s) 'latest_only' retrieved from /home/varn1t/ml-pipeline/venv/lib/python3.11/site-packages/airflow/example_dags/example_latest_only.py
[2026-05-24T14:25:41.610+0000] {logging_mixin.py:188} INFO - [2026-05-24T14:25:41.610+0000] {dag.py:3096} INFO - Sync 1 DAGs
[2026-05-24T14:25:41.623+0000] {logging_mixin.py:188} INFO - [2026-05-24T14:25:41.623+0000] {dag.py:3954} INFO - Setting next_dagrun for latest_only to 2026-05-24 08:00:00+00:00, run_after=2026-05-24 12:00:00+00:00
[2026-05-24T14:25:41.642+0000] {processor.py:183} INFO - Processing /home/varn1t/ml-pipeline/venv/lib/python3.11/site-packages/airflow/example_dags/example_latest_only.py took 0.053 seconds
[2026-05-24T14:26:42.117+0000] {processor.py:161} INFO - Started process (PID=21620) to work on /home/varn1t/ml-pipeline/venv/lib/python3.11/site-packages/airflow/example_dags/example_latest_only.py
[2026-05-24T14:26:42.118+0000] {processor.py:830} INFO - Processing file /home/varn1t/ml-pipeline/venv/lib/python3.11/site-packages/airflow/example_dags/example_latest_only.py for tasks to queue
[2026-05-24T14:26:42.119+0000] {logging_mixin.py:188} INFO - [2026-05-24T14:26:42.119+0000] {dagbag.py:545} INFO - Filling up the DagBag from /home/varn1t/ml-pipeline/venv/lib/python3.11/site-packages/airflow/example_dags/example_latest_only.py
[2026-05-24T14:26:42.124+0000] {processor.py:840} INFO - DAG(s) 'latest_only' retrieved from /home/varn1t/ml-pipeline/venv/lib/python3.11/site-packages/airflow/example_dags/example_latest_only.py
[2026-05-24T14:26:42.138+0000] {logging_mixin.py:188} INFO - [2026-05-24T14:26:42.138+0000] {dag.py:3096} INFO - Sync 1 DAGs
[2026-05-24T14:26:42.152+0000] {logging_mixin.py:188} INFO - [2026-05-24T14:26:42.152+0000] {dag.py:3954} INFO - Setting next_dagrun for latest_only to 2026-05-24 08:00:00+00:00, run_after=2026-05-24 12:00:00+00:00
[2026-05-24T14:26:42.172+0000] {processor.py:183} INFO - Processing /home/varn1t/ml-pipeline/venv/lib/python3.11/site-packages/airflow/example_dags/example_latest_only.py took 0.061 seconds
[2026-05-24T14:27:38.310+0000] {processor.py:161} INFO - Started process (PID=21872) to work on /home/varn1t/ml-pipeline/venv/lib/python3.11/site-packages/airflow/example_dags/example_latest_only.py
[2026-05-24T14:27:38.311+0000] {processor.py:830} INFO - Processing file /home/varn1t/ml-pipeline/venv/lib/python3.11/site-packages/airflow/example_dags/example_latest_only.py for tasks to queue
[2026-05-24T14:27:38.312+0000] {logging_mixin.py:188} INFO - [2026-05-24T14:27:38.312+0000] {dagbag.py:545} INFO - Filling up the DagBag from /home/varn1t/ml-pipeline/venv/lib/python3.11/site-packages/airflow/example_dags/example_latest_only.py
[2026-05-24T14:27:38.316+0000] {processor.py:840} INFO - DAG(s) 'latest_only' retrieved from /home/varn1t/ml-pipeline/venv/lib/python3.11/site-packages/airflow/example_dags/example_latest_only.py
[2026-05-24T14:27:38.330+0000] {logging_mixin.py:188} INFO - [2026-05-24T14:27:38.330+0000] {dag.py:3096} INFO - Sync 1 DAGs
[2026-05-24T14:27:38.345+0000] {logging_mixin.py:188} INFO - [2026-05-24T14:27:38.345+0000] {dag.py:3954} INFO - Setting next_dagrun for latest_only to 2026-05-24 08:00:00+00:00, run_after=2026-05-24 12:00:00+00:00
[2026-05-24T14:27:38.365+0000] {processor.py:183} INFO - Processing /home/varn1t/ml-pipeline/venv/lib/python3.11/site-packages/airflow/example_dags/example_latest_only.py took 0.060 seconds
[2026-05-24T14:28:23.556+0000] {processor.py:161} INFO - Started process (PID=22067) to work on /home/varn1t/ml-pipeline/venv/lib/python3.11/site-packages/airflow/example_dags/example_latest_only.py
[2026-05-24T14:28:23.558+0000] {processor.py:830} INFO - Processing file /home/varn1t/ml-pipeline/venv/lib/python3.11/site-packages/airflow/example_dags/example_latest_only.py for tasks to queue
[2026-05-24T14:28:23.559+0000] {logging_mixin.py:188} INFO - [2026-05-24T14:28:23.559+0000] {dagbag.py:545} INFO - Filling up the DagBag from /home/varn1t/ml-pipeline/venv/lib/python3.11/site-packages/airflow/example_dags/example_latest_only.py
[2026-05-24T14:28:23.564+0000] {processor.py:840} INFO - DAG(s) 'latest_only' retrieved from /home/varn1t/ml-pipeline/venv/lib/python3.11/site-packages/airflow/example_dags/example_latest_only.py
[2026-05-24T14:28:23.577+0000] {logging_mixin.py:188} INFO - [2026-05-24T14:28:23.577+0000] {dag.py:3096} INFO - Sync 1 DAGs
[2026-05-24T14:28:23.589+0000] {logging_mixin.py:188} INFO - [2026-05-24T14:28:23.589+0000] {dag.py:3954} INFO - Setting next_dagrun for latest_only to 2026-05-24 08:00:00+00:00, run_after=2026-05-24 12:00:00+00:00
[2026-05-24T14:28:23.609+0000] {processor.py:183} INFO - Processing /home/varn1t/ml-pipeline/venv/lib/python3.11/site-packages/airflow/example_dags/example_latest_only.py took 0.058 seconds
[2026-05-24T14:29:10.638+0000] {processor.py:161} INFO - Started process (PID=22307) to work on /home/varn1t/ml-pipeline/venv/lib/python3.11/site-packages/airflow/example_dags/example_latest_only.py
[2026-05-24T14:29:10.639+0000] {processor.py:830} INFO - Processing file /home/varn1t/ml-pipeline/venv/lib/python3.11/site-packages/airflow/example_dags/example_latest_only.py for tasks to queue
[2026-05-24T14:29:10.639+0000] {logging_mixin.py:188} INFO - [2026-05-24T14:29:10.639+0000] {dagbag.py:545} INFO - Filling up the DagBag from /home/varn1t/ml-pipeline/venv/lib/python3.11/site-packages/airflow/example_dags/example_latest_only.py
[2026-05-24T14:29:10.643+0000] {processor.py:840} INFO - DAG(s) 'latest_only' retrieved from /home/varn1t/ml-pipeline/venv/lib/python3.11/site-packages/airflow/example_dags/example_latest_only.py
[2026-05-24T14:29:10.657+0000] {logging_mixin.py:188} INFO - [2026-05-24T14:29:10.657+0000] {dag.py:3096} INFO - Sync 1 DAGs
[2026-05-24T14:29:10.674+0000] {logging_mixin.py:188} INFO - [2026-05-24T14:29:10.674+0000] {dag.py:3954} INFO - Setting next_dagrun for latest_only to 2026-05-24 08:00:00+00:00, run_after=2026-05-24 12:00:00+00:00
[2026-05-24T14:29:10.698+0000] {processor.py:183} INFO - Processing /home/varn1t/ml-pipeline/venv/lib/python3.11/site-packages/airflow/example_dags/example_latest_only.py took 0.064 seconds
[2026-05-24T14:30:08.710+0000] {processor.py:161} INFO - Started process (PID=22575) to work on /home/varn1t/ml-pipeline/venv/lib/python3.11/site-packages/airflow/example_dags/example_latest_only.py
[2026-05-24T14:30:08.711+0000] {processor.py:830} INFO - Processing file /home/varn1t/ml-pipeline/venv/lib/python3.11/site-packages/airflow/example_dags/example_latest_only.py for tasks to queue
[2026-05-24T14:30:08.711+0000] {logging_mixin.py:188} INFO - [2026-05-24T14:30:08.711+0000] {dagbag.py:545} INFO - Filling up the DagBag from /home/varn1t/ml-pipeline/venv/lib/python3.11/site-packages/airflow/example_dags/example_latest_only.py
[2026-05-24T14:30:08.715+0000] {processor.py:840} INFO - DAG(s) 'latest_only' retrieved from /home/varn1t/ml-pipeline/venv/lib/python3.11/site-packages/airflow/example_dags/example_latest_only.py
[2026-05-24T14:30:08.729+0000] {logging_mixin.py:188} INFO - [2026-05-24T14:30:08.728+0000] {dag.py:3096} INFO - Sync 1 DAGs
[2026-05-24T14:30:08.743+0000] {logging_mixin.py:188} INFO - [2026-05-24T14:30:08.743+0000] {dag.py:3954} INFO - Setting next_dagrun for latest_only to 2026-05-24 08:00:00+00:00, run_after=2026-05-24 12:00:00+00:00
[2026-05-24T14:30:08.757+0000] {processor.py:183} INFO - Processing /home/varn1t/ml-pipeline/venv/lib/python3.11/site-packages/airflow/example_dags/example_latest_only.py took 0.051 seconds
[2026-05-24T14:31:09.197+0000] {processor.py:161} INFO - Started process (PID=22833) to work on /home/varn1t/ml-pipeline/venv/lib/python3.11/site-packages/airflow/example_dags/example_latest_only.py
[2026-05-24T14:31:09.198+0000] {processor.py:830} INFO - Processing file /home/varn1t/ml-pipeline/venv/lib/python3.11/site-packages/airflow/example_dags/example_latest_only.py for tasks to queue
[2026-05-24T14:31:09.199+0000] {logging_mixin.py:188} INFO - [2026-05-24T14:31:09.199+0000] {dagbag.py:545} INFO - Filling up the DagBag from /home/varn1t/ml-pipeline/venv/lib/python3.11/site-packages/airflow/example_dags/example_latest_only.py
[2026-05-24T14:31:09.204+0000] {processor.py:840} INFO - DAG(s) 'latest_only' retrieved from /home/varn1t/ml-pipeline/venv/lib/python3.11/site-packages/airflow/example_dags/example_latest_only.py
[2026-05-24T14:31:09.218+0000] {logging_mixin.py:188} INFO - [2026-05-24T14:31:09.217+0000] {dag.py:3096} INFO - Sync 1 DAGs
[2026-05-24T14:31:09.233+0000] {logging_mixin.py:188} INFO - [2026-05-24T14:31:09.233+0000] {dag.py:3954} INFO - Setting next_dagrun for latest_only to 2026-05-24 08:00:00+00:00, run_after=2026-05-24 12:00:00+00:00
[2026-05-24T14:31:09.249+0000] {processor.py:183} INFO - Processing /home/varn1t/ml-pipeline/venv/lib/python3.11/site-packages/airflow/example_dags/example_latest_only.py took 0.058 seconds
[2026-05-24T14:31:52.363+0000] {processor.py:161} INFO - Started process (PID=23025) to work on /home/varn1t/ml-pipeline/venv/lib/python3.11/site-packages/airflow/example_dags/example_latest_only.py
[2026-05-24T14:31:52.364+0000] {processor.py:830} INFO - Processing file /home/varn1t/ml-pipeline/venv/lib/python3.11/site-packages/airflow/example_dags/example_latest_only.py for tasks to queue
[2026-05-24T14:31:52.364+0000] {logging_mixin.py:188} INFO - [2026-05-24T14:31:52.364+0000] {dagbag.py:545} INFO - Filling up the DagBag from /home/varn1t/ml-pipeline/venv/lib/python3.11/site-packages/airflow/example_dags/example_latest_only.py
[2026-05-24T14:31:52.368+0000] {processor.py:840} INFO - DAG(s) 'latest_only' retrieved from /home/varn1t/ml-pipeline/venv/lib/python3.11/site-packages/airflow/example_dags/example_latest_only.py
[2026-05-24T14:31:52.377+0000] {logging_mixin.py:188} INFO - [2026-05-24T14:31:52.377+0000] {dag.py:3096} INFO - Sync 1 DAGs
[2026-05-24T14:31:52.388+0000] {logging_mixin.py:188} INFO - [2026-05-24T14:31:52.388+0000] {dag.py:3954} INFO - Setting next_dagrun for latest_only to 2026-05-24 08:00:00+00:00, run_after=2026-05-24 12:00:00+00:00
[2026-05-24T14:31:52.402+0000] {processor.py:183} INFO - Processing /home/varn1t/ml-pipeline/venv/lib/python3.11/site-packages/airflow/example_dags/example_latest_only.py took 0.043 seconds
[2026-05-24T14:32:55.051+0000] {processor.py:161} INFO - Started process (PID=23313) to work on /home/varn1t/ml-pipeline/venv/lib/python3.11/site-packages/airflow/example_dags/example_latest_only.py
[2026-05-24T14:32:55.052+0000] {processor.py:830} INFO - Processing file /home/varn1t/ml-pipeline/venv/lib/python3.11/site-packages/airflow/example_dags/example_latest_only.py for tasks to queue
[2026-05-24T14:32:55.053+0000] {logging_mixin.py:188} INFO - [2026-05-24T14:32:55.053+0000] {dagbag.py:545} INFO - Filling up the DagBag from /home/varn1t/ml-pipeline/venv/lib/python3.11/site-packages/airflow/example_dags/example_latest_only.py
[2026-05-24T14:32:55.057+0000] {processor.py:840} INFO - DAG(s) 'latest_only' retrieved from /home/varn1t/ml-pipeline/venv/lib/python3.11/site-packages/airflow/example_dags/example_latest_only.py
[2026-05-24T14:32:55.068+0000] {logging_mixin.py:188} INFO - [2026-05-24T14:32:55.068+0000] {dag.py:3096} INFO - Sync 1 DAGs
[2026-05-24T14:32:55.081+0000] {logging_mixin.py:188} INFO - [2026-05-24T14:32:55.081+0000] {dag.py:3954} INFO - Setting next_dagrun for latest_only to 2026-05-24 08:00:00+00:00, run_after=2026-05-24 12:00:00+00:00
[2026-05-24T14:32:55.099+0000] {processor.py:183} INFO - Processing /home/varn1t/ml-pipeline/venv/lib/python3.11/site-packages/airflow/example_dags/example_latest_only.py took 0.051 seconds
[2026-05-24T14:33:57.157+0000] {processor.py:161} INFO - Started process (PID=23606) to work on /home/varn1t/ml-pipeline/venv/lib/python3.11/site-packages/airflow/example_dags/example_latest_only.py
[2026-05-24T14:33:57.158+0000] {processor.py:830} INFO - Processing file /home/varn1t/ml-pipeline/venv/lib/python3.11/site-packages/airflow/example_dags/example_latest_only.py for tasks to queue
[2026-05-24T14:33:57.159+0000] {logging_mixin.py:188} INFO - [2026-05-24T14:33:57.158+0000] {dagbag.py:545} INFO - Filling up the DagBag from /home/varn1t/ml-pipeline/venv/lib/python3.11/site-packages/airflow/example_dags/example_latest_only.py
[2026-05-24T14:33:57.163+0000] {processor.py:840} INFO - DAG(s) 'latest_only' retrieved from /home/varn1t/ml-pipeline/venv/lib/python3.11/site-packages/airflow/example_dags/example_latest_only.py
[2026-05-24T14:33:57.173+0000] {logging_mixin.py:188} INFO - [2026-05-24T14:33:57.173+0000] {dag.py:3096} INFO - Sync 1 DAGs
[2026-05-24T14:33:57.187+0000] {logging_mixin.py:188} INFO - [2026-05-24T14:33:57.187+0000] {dag.py:3954} INFO - Setting next_dagrun for latest_only to 2026-05-24 08:00:00+00:00, run_after=2026-05-24 12:00:00+00:00
[2026-05-24T14:33:57.202+0000] {processor.py:183} INFO - Processing /home/varn1t/ml-pipeline/venv/lib/python3.11/site-packages/airflow/example_dags/example_latest_only.py took 0.050 seconds
[2026-05-24T14:34:57.648+0000] {processor.py:161} INFO - Started process (PID=23878) to work on /home/varn1t/ml-pipeline/venv/lib/python3.11/site-packages/airflow/example_dags/example_latest_only.py
[2026-05-24T14:34:57.649+0000] {processor.py:830} INFO - Processing file /home/varn1t/ml-pipeline/venv/lib/python3.11/site-packages/airflow/example_dags/example_latest_only.py for tasks to queue
[2026-05-24T14:34:57.650+0000] {logging_mixin.py:188} INFO - [2026-05-24T14:34:57.649+0000] {dagbag.py:545} INFO - Filling up the DagBag from /home/varn1t/ml-pipeline/venv/lib/python3.11/site-packages/airflow/example_dags/example_latest_only.py
[2026-05-24T14:34:57.653+0000] {processor.py:840} INFO - DAG(s) 'latest_only' retrieved from /home/varn1t/ml-pipeline/venv/lib/python3.11/site-packages/airflow/example_dags/example_latest_only.py
[2026-05-24T14:34:57.667+0000] {logging_mixin.py:188} INFO - [2026-05-24T14:34:57.667+0000] {dag.py:3096} INFO - Sync 1 DAGs
[2026-05-24T14:34:57.681+0000] {logging_mixin.py:188} INFO - [2026-05-24T14:34:57.681+0000] {dag.py:3954} INFO - Setting next_dagrun for latest_only to 2026-05-24 08:00:00+00:00, run_after=2026-05-24 12:00:00+00:00
[2026-05-24T14:34:57.697+0000] {processor.py:183} INFO - Processing /home/varn1t/ml-pipeline/venv/lib/python3.11/site-packages/airflow/example_dags/example_latest_only.py took 0.053 seconds
[2026-05-24T14:35:39.443+0000] {processor.py:161} INFO - Started process (PID=24060) to work on /home/varn1t/ml-pipeline/venv/lib/python3.11/site-packages/airflow/example_dags/example_latest_only.py
[2026-05-24T14:35:39.444+0000] {processor.py:830} INFO - Processing file /home/varn1t/ml-pipeline/venv/lib/python3.11/site-packages/airflow/example_dags/example_latest_only.py for tasks to queue
[2026-05-24T14:35:39.445+0000] {logging_mixin.py:188} INFO - [2026-05-24T14:35:39.445+0000] {dagbag.py:545} INFO - Filling up the DagBag from /home/varn1t/ml-pipeline/venv/lib/python3.11/site-packages/airflow/example_dags/example_latest_only.py
[2026-05-24T14:35:39.451+0000] {processor.py:840} INFO - DAG(s) 'latest_only' retrieved from /home/varn1t/ml-pipeline/venv/lib/python3.11/site-packages/airflow/example_dags/example_latest_only.py
[2026-05-24T14:35:39.468+0000] {logging_mixin.py:188} INFO - [2026-05-24T14:35:39.468+0000] {dag.py:3096} INFO - Sync 1 DAGs
[2026-05-24T14:35:39.486+0000] {logging_mixin.py:188} INFO - [2026-05-24T14:35:39.486+0000] {dag.py:3954} INFO - Setting next_dagrun for latest_only to 2026-05-24 08:00:00+00:00, run_after=2026-05-24 12:00:00+00:00
[2026-05-24T14:35:39.506+0000] {processor.py:183} INFO - Processing /home/varn1t/ml-pipeline/venv/lib/python3.11/site-packages/airflow/example_dags/example_latest_only.py took 0.068 seconds
[2026-05-24T14:36:43.070+0000] {processor.py:161} INFO - Started process (PID=24338) to work on /home/varn1t/ml-pipeline/venv/lib/python3.11/site-packages/airflow/example_dags/example_latest_only.py
[2026-05-24T14:36:43.071+0000] {processor.py:830} INFO - Processing file /home/varn1t/ml-pipeline/venv/lib/python3.11/site-packages/airflow/example_dags/example_latest_only.py for tasks to queue
[2026-05-24T14:36:43.072+0000] {logging_mixin.py:188} INFO - [2026-05-24T14:36:43.071+0000] {dagbag.py:545} INFO - Filling up the DagBag from /home/varn1t/ml-pipeline/venv/lib/python3.11/site-packages/airflow/example_dags/example_latest_only.py
[2026-05-24T14:36:43.076+0000] {processor.py:840} INFO - DAG(s) 'latest_only' retrieved from /home/varn1t/ml-pipeline/venv/lib/python3.11/site-packages/airflow/example_dags/example_latest_only.py
[2026-05-24T14:36:43.089+0000] {logging_mixin.py:188} INFO - [2026-05-24T14:36:43.088+0000] {dag.py:3096} INFO - Sync 1 DAGs
[2026-05-24T14:36:43.101+0000] {logging_mixin.py:188} INFO - [2026-05-24T14:36:43.101+0000] {dag.py:3954} INFO - Setting next_dagrun for latest_only to 2026-05-24 08:00:00+00:00, run_after=2026-05-24 12:00:00+00:00
[2026-05-24T14:36:43.118+0000] {processor.py:183} INFO - Processing /home/varn1t/ml-pipeline/venv/lib/python3.11/site-packages/airflow/example_dags/example_latest_only.py took 0.053 seconds
[2026-05-24T14:37:24.916+0000] {processor.py:161} INFO - Started process (PID=24551) to work on /home/varn1t/ml-pipeline/venv/lib/python3.11/site-packages/airflow/example_dags/example_latest_only.py
[2026-05-24T14:37:24.917+0000] {processor.py:830} INFO - Processing file /home/varn1t/ml-pipeline/venv/lib/python3.11/site-packages/airflow/example_dags/example_latest_only.py for tasks to queue
[2026-05-24T14:37:24.918+0000] {logging_mixin.py:188} INFO - [2026-05-24T14:37:24.918+0000] {dagbag.py:545} INFO - Filling up the DagBag from /home/varn1t/ml-pipeline/venv/lib/python3.11/site-packages/airflow/example_dags/example_latest_only.py
[2026-05-24T14:37:24.922+0000] {processor.py:840} INFO - DAG(s) 'latest_only' retrieved from /home/varn1t/ml-pipeline/venv/lib/python3.11/site-packages/airflow/example_dags/example_latest_only.py
[2026-05-24T14:37:24.933+0000] {logging_mixin.py:188} INFO - [2026-05-24T14:37:24.933+0000] {dag.py:3096} INFO - Sync 1 DAGs
[2026-05-24T14:37:24.946+0000] {logging_mixin.py:188} INFO - [2026-05-24T14:37:24.945+0000] {dag.py:3954} INFO - Setting next_dagrun for latest_only to 2026-05-24 08:00:00+00:00, run_after=2026-05-24 12:00:00+00:00
[2026-05-24T14:37:24.960+0000] {processor.py:183} INFO - Processing /home/varn1t/ml-pipeline/venv/lib/python3.11/site-packages/airflow/example_dags/example_latest_only.py took 0.050 seconds
[2026-05-24T14:38:24.436+0000] {processor.py:161} INFO - Started process (PID=24823) to work on /home/varn1t/ml-pipeline/venv/lib/python3.11/site-packages/airflow/example_dags/example_latest_only.py
[2026-05-24T14:38:24.437+0000] {processor.py:830} INFO - Processing file /home/varn1t/ml-pipeline/venv/lib/python3.11/site-packages/airflow/example_dags/example_latest_only.py for tasks to queue
[2026-05-24T14:38:24.437+0000] {logging_mixin.py:188} INFO - [2026-05-24T14:38:24.437+0000] {dagbag.py:545} INFO - Filling up the DagBag from /home/varn1t/ml-pipeline/venv/lib/python3.11/site-packages/airflow/example_dags/example_latest_only.py
[2026-05-24T14:38:24.441+0000] {processor.py:840} INFO - DAG(s) 'latest_only' retrieved from /home/varn1t/ml-pipeline/venv/lib/python3.11/site-packages/airflow/example_dags/example_latest_only.py
[2026-05-24T14:38:24.454+0000] {logging_mixin.py:188} INFO - [2026-05-24T14:38:24.454+0000] {dag.py:3096} INFO - Sync 1 DAGs
[2026-05-24T14:38:24.466+0000] {logging_mixin.py:188} INFO - [2026-05-24T14:38:24.466+0000] {dag.py:3954} INFO - Setting next_dagrun for latest_only to 2026-05-24 08:00:00+00:00, run_after=2026-05-24 12:00:00+00:00
[2026-05-24T14:38:24.483+0000] {processor.py:183} INFO - Processing /home/varn1t/ml-pipeline/venv/lib/python3.11/site-packages/airflow/example_dags/example_latest_only.py took 0.051 seconds
[2026-05-24T14:39:23.539+0000] {processor.py:161} INFO - Started process (PID=25104) to work on /home/varn1t/ml-pipeline/venv/lib/python3.11/site-packages/airflow/example_dags/example_latest_only.py
[2026-05-24T14:39:23.540+0000] {processor.py:830} INFO - Processing file /home/varn1t/ml-pipeline/venv/lib/python3.11/site-packages/airflow/example_dags/example_latest_only.py for tasks to queue
[2026-05-24T14:39:23.540+0000] {logging_mixin.py:188} INFO - [2026-05-24T14:39:23.540+0000] {dagbag.py:545} INFO - Filling up the DagBag from /home/varn1t/ml-pipeline/venv/lib/python3.11/site-packages/airflow/example_dags/example_latest_only.py
[2026-05-24T14:39:23.544+0000] {processor.py:840} INFO - DAG(s) 'latest_only' retrieved from /home/varn1t/ml-pipeline/venv/lib/python3.11/site-packages/airflow/example_dags/example_latest_only.py
[2026-05-24T14:39:23.556+0000] {logging_mixin.py:188} INFO - [2026-05-24T14:39:23.556+0000] {dag.py:3096} INFO - Sync 1 DAGs
[2026-05-24T14:39:23.569+0000] {logging_mixin.py:188} INFO - [2026-05-24T14:39:23.569+0000] {dag.py:3954} INFO - Setting next_dagrun for latest_only to 2026-05-24 08:00:00+00:00, run_after=2026-05-24 12:00:00+00:00
[2026-05-24T14:39:23.588+0000] {processor.py:183} INFO - Processing /home/varn1t/ml-pipeline/venv/lib/python3.11/site-packages/airflow/example_dags/example_latest_only.py took 0.053 seconds
[2026-05-24T14:40:06.956+0000] {processor.py:161} INFO - Started process (PID=25294) to work on /home/varn1t/ml-pipeline/venv/lib/python3.11/site-packages/airflow/example_dags/example_latest_only.py
[2026-05-24T14:40:06.957+0000] {processor.py:830} INFO - Processing file /home/varn1t/ml-pipeline/venv/lib/python3.11/site-packages/airflow/example_dags/example_latest_only.py for tasks to queue
[2026-05-24T14:40:06.957+0000] {logging_mixin.py:188} INFO - [2026-05-24T14:40:06.957+0000] {dagbag.py:545} INFO - Filling up the DagBag from /home/varn1t/ml-pipeline/venv/lib/python3.11/site-packages/airflow/example_dags/example_latest_only.py
[2026-05-24T14:40:06.961+0000] {processor.py:840} INFO - DAG(s) 'latest_only' retrieved from /home/varn1t/ml-pipeline/venv/lib/python3.11/site-packages/airflow/example_dags/example_latest_only.py
[2026-05-24T14:40:06.976+0000] {logging_mixin.py:188} INFO - [2026-05-24T14:40:06.976+0000] {dag.py:3096} INFO - Sync 1 DAGs
[2026-05-24T14:40:06.991+0000] {logging_mixin.py:188} INFO - [2026-05-24T14:40:06.991+0000] {dag.py:3954} INFO - Setting next_dagrun for latest_only to 2026-05-24 08:00:00+00:00, run_after=2026-05-24 12:00:00+00:00
[2026-05-24T14:40:07.011+0000] {processor.py:183} INFO - Processing /home/varn1t/ml-pipeline/venv/lib/python3.11/site-packages/airflow/example_dags/example_latest_only.py took 0.059 seconds
[2026-05-24T14:40:51.418+0000] {processor.py:161} INFO - Started process (PID=25489) to work on /home/varn1t/ml-pipeline/venv/lib/python3.11/site-packages/airflow/example_dags/example_latest_only.py
[2026-05-24T14:40:51.419+0000] {processor.py:830} INFO - Processing file /home/varn1t/ml-pipeline/venv/lib/python3.11/site-packages/airflow/example_dags/example_latest_only.py for tasks to queue
[2026-05-24T14:40:51.420+0000] {logging_mixin.py:188} INFO - [2026-05-24T14:40:51.420+0000] {dagbag.py:545} INFO - Filling up the DagBag from /home/varn1t/ml-pipeline/venv/lib/python3.11/site-packages/airflow/example_dags/example_latest_only.py
[2026-05-24T14:40:51.424+0000] {processor.py:840} INFO - DAG(s) 'latest_only' retrieved from /home/varn1t/ml-pipeline/venv/lib/python3.11/site-packages/airflow/example_dags/example_latest_only.py
[2026-05-24T14:40:51.434+0000] {logging_mixin.py:188} INFO - [2026-05-24T14:40:51.434+0000] {dag.py:3096} INFO - Sync 1 DAGs
[2026-05-24T14:40:51.446+0000] {logging_mixin.py:188} INFO - [2026-05-24T14:40:51.446+0000] {dag.py:3954} INFO - Setting next_dagrun for latest_only to 2026-05-24 08:00:00+00:00, run_after=2026-05-24 12:00:00+00:00
[2026-05-24T14:40:51.461+0000] {processor.py:183} INFO - Processing /home/varn1t/ml-pipeline/venv/lib/python3.11/site-packages/airflow/example_dags/example_latest_only.py took 0.048 seconds
[2026-05-24T14:41:39.373+0000] {processor.py:161} INFO - Started process (PID=25696) to work on /home/varn1t/ml-pipeline/venv/lib/python3.11/site-packages/airflow/example_dags/example_latest_only.py
[2026-05-24T14:41:39.374+0000] {processor.py:830} INFO - Processing file /home/varn1t/ml-pipeline/venv/lib/python3.11/site-packages/airflow/example_dags/example_latest_only.py for tasks to queue
[2026-05-24T14:41:39.375+0000] {logging_mixin.py:188} INFO - [2026-05-24T14:41:39.375+0000] {dagbag.py:545} INFO - Filling up the DagBag from /home/varn1t/ml-pipeline/venv/lib/python3.11/site-packages/airflow/example_dags/example_latest_only.py
[2026-05-24T14:41:39.379+0000] {processor.py:840} INFO - DAG(s) 'latest_only' retrieved from /home/varn1t/ml-pipeline/venv/lib/python3.11/site-packages/airflow/example_dags/example_latest_only.py
[2026-05-24T14:41:39.392+0000] {logging_mixin.py:188} INFO - [2026-05-24T14:41:39.392+0000] {dag.py:3096} INFO - Sync 1 DAGs
[2026-05-24T14:41:39.405+0000] {logging_mixin.py:188} INFO - [2026-05-24T14:41:39.405+0000] {dag.py:3954} INFO - Setting next_dagrun for latest_only to 2026-05-24 08:00:00+00:00, run_after=2026-05-24 12:00:00+00:00
[2026-05-24T14:41:39.423+0000] {processor.py:183} INFO - Processing /home/varn1t/ml-pipeline/venv/lib/python3.11/site-packages/airflow/example_dags/example_latest_only.py took 0.055 seconds
[2026-05-24T14:42:26.897+0000] {processor.py:161} INFO - Started process (PID=25903) to work on /home/varn1t/ml-pipeline/venv/lib/python3.11/site-packages/airflow/example_dags/example_latest_only.py
[2026-05-24T14:42:26.898+0000] {processor.py:830} INFO - Processing file /home/varn1t/ml-pipeline/venv/lib/python3.11/site-packages/airflow/example_dags/example_latest_only.py for tasks to queue
[2026-05-24T14:42:26.899+0000] {logging_mixin.py:188} INFO - [2026-05-24T14:42:26.898+0000] {dagbag.py:545} INFO - Filling up the DagBag from /home/varn1t/ml-pipeline/venv/lib/python3.11/site-packages/airflow/example_dags/example_latest_only.py
[2026-05-24T14:42:26.903+0000] {processor.py:840} INFO - DAG(s) 'latest_only' retrieved from /home/varn1t/ml-pipeline/venv/lib/python3.11/site-packages/airflow/example_dags/example_latest_only.py
[2026-05-24T14:42:26.913+0000] {logging_mixin.py:188} INFO - [2026-05-24T14:42:26.913+0000] {dag.py:3096} INFO - Sync 1 DAGs
[2026-05-24T14:42:27.016+0000] {logging_mixin.py:188} INFO - [2026-05-24T14:42:27.016+0000] {dag.py:3954} INFO - Setting next_dagrun for latest_only to 2026-05-24 08:00:00+00:00, run_after=2026-05-24 12:00:00+00:00
[2026-05-24T14:42:27.032+0000] {processor.py:183} INFO - Processing /home/varn1t/ml-pipeline/venv/lib/python3.11/site-packages/airflow/example_dags/example_latest_only.py took 0.139 seconds
[2026-05-24T14:43:12.335+0000] {processor.py:161} INFO - Started process (PID=26100) to work on /home/varn1t/ml-pipeline/venv/lib/python3.11/site-packages/airflow/example_dags/example_latest_only.py
[2026-05-24T14:43:12.336+0000] {processor.py:830} INFO - Processing file /home/varn1t/ml-pipeline/venv/lib/python3.11/site-packages/airflow/example_dags/example_latest_only.py for tasks to queue
[2026-05-24T14:43:12.337+0000] {logging_mixin.py:188} INFO - [2026-05-24T14:43:12.336+0000] {dagbag.py:545} INFO - Filling up the DagBag from /home/varn1t/ml-pipeline/venv/lib/python3.11/site-packages/airflow/example_dags/example_latest_only.py
[2026-05-24T14:43:12.340+0000] {processor.py:840} INFO - DAG(s) 'latest_only' retrieved from /home/varn1t/ml-pipeline/venv/lib/python3.11/site-packages/airflow/example_dags/example_latest_only.py
[2026-05-24T14:43:12.352+0000] {logging_mixin.py:188} INFO - [2026-05-24T14:43:12.351+0000] {dag.py:3096} INFO - Sync 1 DAGs
[2026-05-24T14:43:12.454+0000] {logging_mixin.py:188} INFO - [2026-05-24T14:43:12.454+0000] {dag.py:3954} INFO - Setting next_dagrun for latest_only to 2026-05-24 08:00:00+00:00, run_after=2026-05-24 12:00:00+00:00
[2026-05-24T14:43:12.468+0000] {processor.py:183} INFO - Processing /home/varn1t/ml-pipeline/venv/lib/python3.11/site-packages/airflow/example_dags/example_latest_only.py took 0.137 seconds
[2026-05-24T14:44:14.388+0000] {processor.py:161} INFO - Started process (PID=26415) to work on /home/varn1t/ml-pipeline/venv/lib/python3.11/site-packages/airflow/example_dags/example_latest_only.py
[2026-05-24T14:44:14.389+0000] {processor.py:830} INFO - Processing file /home/varn1t/ml-pipeline/venv/lib/python3.11/site-packages/airflow/example_dags/example_latest_only.py for tasks to queue
[2026-05-24T14:44:14.389+0000] {logging_mixin.py:188} INFO - [2026-05-24T14:44:14.389+0000] {dagbag.py:545} INFO - Filling up the DagBag from /home/varn1t/ml-pipeline/venv/lib/python3.11/site-packages/airflow/example_dags/example_latest_only.py
[2026-05-24T14:44:14.394+0000] {processor.py:840} INFO - DAG(s) 'latest_only' retrieved from /home/varn1t/ml-pipeline/venv/lib/python3.11/site-packages/airflow/example_dags/example_latest_only.py
[2026-05-24T14:44:14.406+0000] {logging_mixin.py:188} INFO - [2026-05-24T14:44:14.406+0000] {dag.py:3096} INFO - Sync 1 DAGs
[2026-05-24T14:44:14.420+0000] {logging_mixin.py:188} INFO - [2026-05-24T14:44:14.420+0000] {dag.py:3954} INFO - Setting next_dagrun for latest_only to 2026-05-24 08:00:00+00:00, run_after=2026-05-24 12:00:00+00:00
[2026-05-24T14:44:14.437+0000] {processor.py:183} INFO - Processing /home/varn1t/ml-pipeline/venv/lib/python3.11/site-packages/airflow/example_dags/example_latest_only.py took 0.054 seconds
[2026-05-24T14:44:56.541+0000] {processor.py:161} INFO - Started process (PID=26607) to work on /home/varn1t/ml-pipeline/venv/lib/python3.11/site-packages/airflow/example_dags/example_latest_only.py
[2026-05-24T14:44:56.544+0000] {processor.py:830} INFO - Processing file /home/varn1t/ml-pipeline/venv/lib/python3.11/site-packages/airflow/example_dags/example_latest_only.py for tasks to queue
[2026-05-24T14:44:56.545+0000] {logging_mixin.py:188} INFO - [2026-05-24T14:44:56.544+0000] {dagbag.py:545} INFO - Filling up the DagBag from /home/varn1t/ml-pipeline/venv/lib/python3.11/site-packages/airflow/example_dags/example_latest_only.py
[2026-05-24T14:44:56.549+0000] {processor.py:840} INFO - DAG(s) 'latest_only' retrieved from /home/varn1t/ml-pipeline/venv/lib/python3.11/site-packages/airflow/example_dags/example_latest_only.py
[2026-05-24T14:44:56.559+0000] {logging_mixin.py:188} INFO - [2026-05-24T14:44:56.559+0000] {dag.py:3096} INFO - Sync 1 DAGs
[2026-05-24T14:44:56.570+0000] {logging_mixin.py:188} INFO - [2026-05-24T14:44:56.570+0000] {dag.py:3954} INFO - Setting next_dagrun for latest_only to 2026-05-24 08:00:00+00:00, run_after=2026-05-24 12:00:00+00:00
[2026-05-24T14:44:56.586+0000] {processor.py:183} INFO - Processing /home/varn1t/ml-pipeline/venv/lib/python3.11/site-packages/airflow/example_dags/example_latest_only.py took 0.048 seconds
[2026-05-24T14:45:58.168+0000] {processor.py:161} INFO - Started process (PID=26874) to work on /home/varn1t/ml-pipeline/venv/lib/python3.11/site-packages/airflow/example_dags/example_latest_only.py
[2026-05-24T14:45:58.170+0000] {processor.py:830} INFO - Processing file /home/varn1t/ml-pipeline/venv/lib/python3.11/site-packages/airflow/example_dags/example_latest_only.py for tasks to queue
[2026-05-24T14:45:58.170+0000] {logging_mixin.py:188} INFO - [2026-05-24T14:45:58.170+0000] {dagbag.py:545} INFO - Filling up the DagBag from /home/varn1t/ml-pipeline/venv/lib/python3.11/site-packages/airflow/example_dags/example_latest_only.py
[2026-05-24T14:45:58.175+0000] {processor.py:840} INFO - DAG(s) 'latest_only' retrieved from /home/varn1t/ml-pipeline/venv/lib/python3.11/site-packages/airflow/example_dags/example_latest_only.py
[2026-05-24T14:45:58.186+0000] {logging_mixin.py:188} INFO - [2026-05-24T14:45:58.186+0000] {dag.py:3096} INFO - Sync 1 DAGs
[2026-05-24T14:45:58.198+0000] {logging_mixin.py:188} INFO - [2026-05-24T14:45:58.198+0000] {dag.py:3954} INFO - Setting next_dagrun for latest_only to 2026-05-24 08:00:00+00:00, run_after=2026-05-24 12:00:00+00:00
[2026-05-24T14:45:58.215+0000] {processor.py:183} INFO - Processing /home/varn1t/ml-pipeline/venv/lib/python3.11/site-packages/airflow/example_dags/example_latest_only.py took 0.052 seconds
[2026-05-24T14:46:41.495+0000] {processor.py:161} INFO - Started process (PID=27072) to work on /home/varn1t/ml-pipeline/venv/lib/python3.11/site-packages/airflow/example_dags/example_latest_only.py
[2026-05-24T14:46:41.497+0000] {processor.py:830} INFO - Processing file /home/varn1t/ml-pipeline/venv/lib/python3.11/site-packages/airflow/example_dags/example_latest_only.py for tasks to queue
[2026-05-24T14:46:41.498+0000] {logging_mixin.py:188} INFO - [2026-05-24T14:46:41.498+0000] {dagbag.py:545} INFO - Filling up the DagBag from /home/varn1t/ml-pipeline/venv/lib/python3.11/site-packages/airflow/example_dags/example_latest_only.py
[2026-05-24T14:46:41.503+0000] {processor.py:840} INFO - DAG(s) 'latest_only' retrieved from /home/varn1t/ml-pipeline/venv/lib/python3.11/site-packages/airflow/example_dags/example_latest_only.py
[2026-05-24T14:46:41.513+0000] {logging_mixin.py:188} INFO - [2026-05-24T14:46:41.513+0000] {dag.py:3096} INFO - Sync 1 DAGs
[2026-05-24T14:46:41.524+0000] {logging_mixin.py:188} INFO - [2026-05-24T14:46:41.524+0000] {dag.py:3954} INFO - Setting next_dagrun for latest_only to 2026-05-24 08:00:00+00:00, run_after=2026-05-24 12:00:00+00:00
[2026-05-24T14:46:41.540+0000] {processor.py:183} INFO - Processing /home/varn1t/ml-pipeline/venv/lib/python3.11/site-packages/airflow/example_dags/example_latest_only.py took 0.049 seconds
[2026-05-24T14:47:45.913+0000] {processor.py:161} INFO - Started process (PID=27373) to work on /home/varn1t/ml-pipeline/venv/lib/python3.11/site-packages/airflow/example_dags/example_latest_only.py
[2026-05-24T14:47:45.914+0000] {processor.py:830} INFO - Processing file /home/varn1t/ml-pipeline/venv/lib/python3.11/site-packages/airflow/example_dags/example_latest_only.py for tasks to queue
[2026-05-24T14:47:45.915+0000] {logging_mixin.py:188} INFO - [2026-05-24T14:47:45.915+0000] {dagbag.py:545} INFO - Filling up the DagBag from /home/varn1t/ml-pipeline/venv/lib/python3.11/site-packages/airflow/example_dags/example_latest_only.py
[2026-05-24T14:47:45.920+0000] {processor.py:840} INFO - DAG(s) 'latest_only' retrieved from /home/varn1t/ml-pipeline/venv/lib/python3.11/site-packages/airflow/example_dags/example_latest_only.py
[2026-05-24T14:47:45.932+0000] {logging_mixin.py:188} INFO - [2026-05-24T14:47:45.932+0000] {dag.py:3096} INFO - Sync 1 DAGs
[2026-05-24T14:47:45.947+0000] {logging_mixin.py:188} INFO - [2026-05-24T14:47:45.947+0000] {dag.py:3954} INFO - Setting next_dagrun for latest_only to 2026-05-24 08:00:00+00:00, run_after=2026-05-24 12:00:00+00:00
[2026-05-24T14:47:45.968+0000] {processor.py:183} INFO - Processing /home/varn1t/ml-pipeline/venv/lib/python3.11/site-packages/airflow/example_dags/example_latest_only.py took 0.059 seconds
[2026-05-24T14:48:42.004+0000] {processor.py:161} INFO - Started process (PID=27652) to work on /home/varn1t/ml-pipeline/venv/lib/python3.11/site-packages/airflow/example_dags/example_latest_only.py
[2026-05-24T14:48:42.007+0000] {processor.py:830} INFO - Processing file /home/varn1t/ml-pipeline/venv/lib/python3.11/site-packages/airflow/example_dags/example_latest_only.py for tasks to queue
[2026-05-24T14:48:42.008+0000] {logging_mixin.py:188} INFO - [2026-05-24T14:48:42.008+0000] {dagbag.py:545} INFO - Filling up the DagBag from /home/varn1t/ml-pipeline/venv/lib/python3.11/site-packages/airflow/example_dags/example_latest_only.py
[2026-05-24T14:48:42.013+0000] {processor.py:840} INFO - DAG(s) 'latest_only' retrieved from /home/varn1t/ml-pipeline/venv/lib/python3.11/site-packages/airflow/example_dags/example_latest_only.py
[2026-05-24T14:48:42.027+0000] {logging_mixin.py:188} INFO - [2026-05-24T14:48:42.027+0000] {dag.py:3096} INFO - Sync 1 DAGs
[2026-05-24T14:48:42.044+0000] {logging_mixin.py:188} INFO - [2026-05-24T14:48:42.044+0000] {dag.py:3954} INFO - Setting next_dagrun for latest_only to 2026-05-24 08:00:00+00:00, run_after=2026-05-24 12:00:00+00:00
[2026-05-24T14:48:42.062+0000] {processor.py:183} INFO - Processing /home/varn1t/ml-pipeline/venv/lib/python3.11/site-packages/airflow/example_dags/example_latest_only.py took 0.064 seconds
[2026-05-24T14:49:24.970+0000] {processor.py:161} INFO - Started process (PID=27846) to work on /home/varn1t/ml-pipeline/venv/lib/python3.11/site-packages/airflow/example_dags/example_latest_only.py
[2026-05-24T14:49:24.971+0000] {processor.py:830} INFO - Processing file /home/varn1t/ml-pipeline/venv/lib/python3.11/site-packages/airflow/example_dags/example_latest_only.py for tasks to queue
[2026-05-24T14:49:24.972+0000] {logging_mixin.py:188} INFO - [2026-05-24T14:49:24.972+0000] {dagbag.py:545} INFO - Filling up the DagBag from /home/varn1t/ml-pipeline/venv/lib/python3.11/site-packages/airflow/example_dags/example_latest_only.py
[2026-05-24T14:49:24.979+0000] {processor.py:840} INFO - DAG(s) 'latest_only' retrieved from /home/varn1t/ml-pipeline/venv/lib/python3.11/site-packages/airflow/example_dags/example_latest_only.py
[2026-05-24T14:49:24.995+0000] {logging_mixin.py:188} INFO - [2026-05-24T14:49:24.995+0000] {dag.py:3096} INFO - Sync 1 DAGs
[2026-05-24T14:49:25.012+0000] {logging_mixin.py:188} INFO - [2026-05-24T14:49:25.011+0000] {dag.py:3954} INFO - Setting next_dagrun for latest_only to 2026-05-24 08:00:00+00:00, run_after=2026-05-24 12:00:00+00:00
[2026-05-24T14:49:25.030+0000] {processor.py:183} INFO - Processing /home/varn1t/ml-pipeline/venv/lib/python3.11/site-packages/airflow/example_dags/example_latest_only.py took 0.066 seconds
[2026-05-24T14:50:25.479+0000] {processor.py:161} INFO - Started process (PID=28132) to work on /home/varn1t/ml-pipeline/venv/lib/python3.11/site-packages/airflow/example_dags/example_latest_only.py
[2026-05-24T14:50:25.480+0000] {processor.py:830} INFO - Processing file /home/varn1t/ml-pipeline/venv/lib/python3.11/site-packages/airflow/example_dags/example_latest_only.py for tasks to queue
[2026-05-24T14:50:25.481+0000] {logging_mixin.py:188} INFO - [2026-05-24T14:50:25.481+0000] {dagbag.py:545} INFO - Filling up the DagBag from /home/varn1t/ml-pipeline/venv/lib/python3.11/site-packages/airflow/example_dags/example_latest_only.py
[2026-05-24T14:50:25.486+0000] {processor.py:840} INFO - DAG(s) 'latest_only' retrieved from /home/varn1t/ml-pipeline/venv/lib/python3.11/site-packages/airflow/example_dags/example_latest_only.py
[2026-05-24T14:50:25.500+0000] {logging_mixin.py:188} INFO - [2026-05-24T14:50:25.500+0000] {dag.py:3096} INFO - Sync 1 DAGs
[2026-05-24T14:50:25.520+0000] {logging_mixin.py:188} INFO - [2026-05-24T14:50:25.519+0000] {dag.py:3954} INFO - Setting next_dagrun for latest_only to 2026-05-24 08:00:00+00:00, run_after=2026-05-24 12:00:00+00:00
[2026-05-24T14:50:25.541+0000] {processor.py:183} INFO - Processing /home/varn1t/ml-pipeline/venv/lib/python3.11/site-packages/airflow/example_dags/example_latest_only.py took 0.069 seconds
[2026-05-24T14:51:09.225+0000] {processor.py:161} INFO - Started process (PID=28326) to work on /home/varn1t/ml-pipeline/venv/lib/python3.11/site-packages/airflow/example_dags/example_latest_only.py
[2026-05-24T14:51:09.227+0000] {processor.py:830} INFO - Processing file /home/varn1t/ml-pipeline/venv/lib/python3.11/site-packages/airflow/example_dags/example_latest_only.py for tasks to queue
[2026-05-24T14:51:09.227+0000] {logging_mixin.py:188} INFO - [2026-05-24T14:51:09.227+0000] {dagbag.py:545} INFO - Filling up the DagBag from /home/varn1t/ml-pipeline/venv/lib/python3.11/site-packages/airflow/example_dags/example_latest_only.py
[2026-05-24T14:51:09.234+0000] {processor.py:840} INFO - DAG(s) 'latest_only' retrieved from /home/varn1t/ml-pipeline/venv/lib/python3.11/site-packages/airflow/example_dags/example_latest_only.py
[2026-05-24T14:51:09.249+0000] {logging_mixin.py:188} INFO - [2026-05-24T14:51:09.248+0000] {dag.py:3096} INFO - Sync 1 DAGs
[2026-05-24T14:51:09.266+0000] {logging_mixin.py:188} INFO - [2026-05-24T14:51:09.266+0000] {dag.py:3954} INFO - Setting next_dagrun for latest_only to 2026-05-24 08:00:00+00:00, run_after=2026-05-24 12:00:00+00:00
[2026-05-24T14:51:09.286+0000] {processor.py:183} INFO - Processing /home/varn1t/ml-pipeline/venv/lib/python3.11/site-packages/airflow/example_dags/example_latest_only.py took 0.066 seconds
[2026-05-24T14:51:53.089+0000] {processor.py:161} INFO - Started process (PID=28519) to work on /home/varn1t/ml-pipeline/venv/lib/python3.11/site-packages/airflow/example_dags/example_latest_only.py
[2026-05-24T14:51:53.090+0000] {processor.py:830} INFO - Processing file /home/varn1t/ml-pipeline/venv/lib/python3.11/site-packages/airflow/example_dags/example_latest_only.py for tasks to queue
[2026-05-24T14:51:53.090+0000] {logging_mixin.py:188} INFO - [2026-05-24T14:51:53.090+0000] {dagbag.py:545} INFO - Filling up the DagBag from /home/varn1t/ml-pipeline/venv/lib/python3.11/site-packages/airflow/example_dags/example_latest_only.py
[2026-05-24T14:51:53.096+0000] {processor.py:840} INFO - DAG(s) 'latest_only' retrieved from /home/varn1t/ml-pipeline/venv/lib/python3.11/site-packages/airflow/example_dags/example_latest_only.py
[2026-05-24T14:51:53.110+0000] {logging_mixin.py:188} INFO - [2026-05-24T14:51:53.110+0000] {dag.py:3096} INFO - Sync 1 DAGs
[2026-05-24T14:51:53.126+0000] {logging_mixin.py:188} INFO - [2026-05-24T14:51:53.126+0000] {dag.py:3954} INFO - Setting next_dagrun for latest_only to 2026-05-24 08:00:00+00:00, run_after=2026-05-24 12:00:00+00:00
[2026-05-24T14:51:53.147+0000] {processor.py:183} INFO - Processing /home/varn1t/ml-pipeline/venv/lib/python3.11/site-packages/airflow/example_dags/example_latest_only.py took 0.062 seconds
[2026-05-24T14:52:36.679+0000] {processor.py:161} INFO - Started process (PID=28720) to work on /home/varn1t/ml-pipeline/venv/lib/python3.11/site-packages/airflow/example_dags/example_latest_only.py
[2026-05-24T14:52:36.681+0000] {processor.py:830} INFO - Processing file /home/varn1t/ml-pipeline/venv/lib/python3.11/site-packages/airflow/example_dags/example_latest_only.py for tasks to queue
[2026-05-24T14:52:36.681+0000] {logging_mixin.py:188} INFO - [2026-05-24T14:52:36.681+0000] {dagbag.py:545} INFO - Filling up the DagBag from /home/varn1t/ml-pipeline/venv/lib/python3.11/site-packages/airflow/example_dags/example_latest_only.py
[2026-05-24T14:52:36.686+0000] {processor.py:840} INFO - DAG(s) 'latest_only' retrieved from /home/varn1t/ml-pipeline/venv/lib/python3.11/site-packages/airflow/example_dags/example_latest_only.py
[2026-05-24T14:52:36.696+0000] {logging_mixin.py:188} INFO - [2026-05-24T14:52:36.696+0000] {dag.py:3096} INFO - Sync 1 DAGs
[2026-05-24T14:52:36.708+0000] {logging_mixin.py:188} INFO - [2026-05-24T14:52:36.708+0000] {dag.py:3954} INFO - Setting next_dagrun for latest_only to 2026-05-24 08:00:00+00:00, run_after=2026-05-24 12:00:00+00:00
[2026-05-24T14:52:36.723+0000] {processor.py:183} INFO - Processing /home/varn1t/ml-pipeline/venv/lib/python3.11/site-packages/airflow/example_dags/example_latest_only.py took 0.048 seconds
[2026-05-24T14:53:35.679+0000] {processor.py:161} INFO - Started process (PID=28995) to work on /home/varn1t/ml-pipeline/venv/lib/python3.11/site-packages/airflow/example_dags/example_latest_only.py
[2026-05-24T14:53:35.680+0000] {processor.py:830} INFO - Processing file /home/varn1t/ml-pipeline/venv/lib/python3.11/site-packages/airflow/example_dags/example_latest_only.py for tasks to queue
[2026-05-24T14:53:35.681+0000] {logging_mixin.py:188} INFO - [2026-05-24T14:53:35.680+0000] {dagbag.py:545} INFO - Filling up the DagBag from /home/varn1t/ml-pipeline/venv/lib/python3.11/site-packages/airflow/example_dags/example_latest_only.py
[2026-05-24T14:53:35.685+0000] {processor.py:840} INFO - DAG(s) 'latest_only' retrieved from /home/varn1t/ml-pipeline/venv/lib/python3.11/site-packages/airflow/example_dags/example_latest_only.py
[2026-05-24T14:53:35.696+0000] {logging_mixin.py:188} INFO - [2026-05-24T14:53:35.695+0000] {dag.py:3096} INFO - Sync 1 DAGs
[2026-05-24T14:53:35.708+0000] {logging_mixin.py:188} INFO - [2026-05-24T14:53:35.708+0000] {dag.py:3954} INFO - Setting next_dagrun for latest_only to 2026-05-24 08:00:00+00:00, run_after=2026-05-24 12:00:00+00:00
[2026-05-24T14:53:35.724+0000] {processor.py:183} INFO - Processing /home/varn1t/ml-pipeline/venv/lib/python3.11/site-packages/airflow/example_dags/example_latest_only.py took 0.049 seconds
[2026-05-24T14:54:35.809+0000] {processor.py:161} INFO - Started process (PID=29267) to work on /home/varn1t/ml-pipeline/venv/lib/python3.11/site-packages/airflow/example_dags/example_latest_only.py
[2026-05-24T14:54:35.809+0000] {processor.py:830} INFO - Processing file /home/varn1t/ml-pipeline/venv/lib/python3.11/site-packages/airflow/example_dags/example_latest_only.py for tasks to queue
[2026-05-24T14:54:35.810+0000] {logging_mixin.py:188} INFO - [2026-05-24T14:54:35.810+0000] {dagbag.py:545} INFO - Filling up the DagBag from /home/varn1t/ml-pipeline/venv/lib/python3.11/site-packages/airflow/example_dags/example_latest_only.py
[2026-05-24T14:54:35.814+0000] {processor.py:840} INFO - DAG(s) 'latest_only' retrieved from /home/varn1t/ml-pipeline/venv/lib/python3.11/site-packages/airflow/example_dags/example_latest_only.py
[2026-05-24T14:54:35.825+0000] {logging_mixin.py:188} INFO - [2026-05-24T14:54:35.825+0000] {dag.py:3096} INFO - Sync 1 DAGs
[2026-05-24T14:54:35.838+0000] {logging_mixin.py:188} INFO - [2026-05-24T14:54:35.838+0000] {dag.py:3954} INFO - Setting next_dagrun for latest_only to 2026-05-24 08:00:00+00:00, run_after=2026-05-24 12:00:00+00:00
[2026-05-24T14:54:35.853+0000] {processor.py:183} INFO - Processing /home/varn1t/ml-pipeline/venv/lib/python3.11/site-packages/airflow/example_dags/example_latest_only.py took 0.049 seconds
[2026-05-24T14:55:18.424+0000] {processor.py:161} INFO - Started process (PID=29495) to work on /home/varn1t/ml-pipeline/venv/lib/python3.11/site-packages/airflow/example_dags/example_latest_only.py
[2026-05-24T14:55:18.425+0000] {processor.py:830} INFO - Processing file /home/varn1t/ml-pipeline/venv/lib/python3.11/site-packages/airflow/example_dags/example_latest_only.py for tasks to queue
[2026-05-24T14:55:18.425+0000] {logging_mixin.py:188} INFO - [2026-05-24T14:55:18.425+0000] {dagbag.py:545} INFO - Filling up the DagBag from /home/varn1t/ml-pipeline/venv/lib/python3.11/site-packages/airflow/example_dags/example_latest_only.py
[2026-05-24T14:55:18.430+0000] {processor.py:840} INFO - DAG(s) 'latest_only' retrieved from /home/varn1t/ml-pipeline/venv/lib/python3.11/site-packages/airflow/example_dags/example_latest_only.py
[2026-05-24T14:55:18.441+0000] {logging_mixin.py:188} INFO - [2026-05-24T14:55:18.441+0000] {dag.py:3096} INFO - Sync 1 DAGs
[2026-05-24T14:55:18.452+0000] {logging_mixin.py:188} INFO - [2026-05-24T14:55:18.451+0000] {dag.py:3954} INFO - Setting next_dagrun for latest_only to 2026-05-24 08:00:00+00:00, run_after=2026-05-24 12:00:00+00:00
[2026-05-24T14:55:18.466+0000] {processor.py:183} INFO - Processing /home/varn1t/ml-pipeline/venv/lib/python3.11/site-packages/airflow/example_dags/example_latest_only.py took 0.046 seconds
[2026-05-24T14:56:22.132+0000] {processor.py:161} INFO - Started process (PID=29759) to work on /home/varn1t/ml-pipeline/venv/lib/python3.11/site-packages/airflow/example_dags/example_latest_only.py
[2026-05-24T14:56:22.133+0000] {processor.py:830} INFO - Processing file /home/varn1t/ml-pipeline/venv/lib/python3.11/site-packages/airflow/example_dags/example_latest_only.py for tasks to queue
[2026-05-24T14:56:22.135+0000] {logging_mixin.py:188} INFO - [2026-05-24T14:56:22.134+0000] {dagbag.py:545} INFO - Filling up the DagBag from /home/varn1t/ml-pipeline/venv/lib/python3.11/site-packages/airflow/example_dags/example_latest_only.py
[2026-05-24T14:56:22.142+0000] {processor.py:840} INFO - DAG(s) 'latest_only' retrieved from /home/varn1t/ml-pipeline/venv/lib/python3.11/site-packages/airflow/example_dags/example_latest_only.py
[2026-05-24T14:56:22.157+0000] {logging_mixin.py:188} INFO - [2026-05-24T14:56:22.157+0000] {dag.py:3096} INFO - Sync 1 DAGs
[2026-05-24T14:56:22.173+0000] {logging_mixin.py:188} INFO - [2026-05-24T14:56:22.172+0000] {dag.py:3954} INFO - Setting next_dagrun for latest_only to 2026-05-24 08:00:00+00:00, run_after=2026-05-24 12:00:00+00:00
[2026-05-24T14:56:22.194+0000] {processor.py:183} INFO - Processing /home/varn1t/ml-pipeline/venv/lib/python3.11/site-packages/airflow/example_dags/example_latest_only.py took 0.068 seconds
[2026-05-24T14:57:09.770+0000] {processor.py:161} INFO - Started process (PID=30089) to work on /home/varn1t/ml-pipeline/venv/lib/python3.11/site-packages/airflow/example_dags/example_latest_only.py
[2026-05-24T14:57:09.771+0000] {processor.py:830} INFO - Processing file /home/varn1t/ml-pipeline/venv/lib/python3.11/site-packages/airflow/example_dags/example_latest_only.py for tasks to queue
[2026-05-24T14:57:09.772+0000] {logging_mixin.py:188} INFO - [2026-05-24T14:57:09.771+0000] {dagbag.py:545} INFO - Filling up the DagBag from /home/varn1t/ml-pipeline/venv/lib/python3.11/site-packages/airflow/example_dags/example_latest_only.py
[2026-05-24T14:57:09.776+0000] {processor.py:840} INFO - DAG(s) 'latest_only' retrieved from /home/varn1t/ml-pipeline/venv/lib/python3.11/site-packages/airflow/example_dags/example_latest_only.py
[2026-05-24T14:57:09.787+0000] {logging_mixin.py:188} INFO - [2026-05-24T14:57:09.787+0000] {dag.py:3096} INFO - Sync 1 DAGs
[2026-05-24T14:57:09.799+0000] {logging_mixin.py:188} INFO - [2026-05-24T14:57:09.799+0000] {dag.py:3954} INFO - Setting next_dagrun for latest_only to 2026-05-24 08:00:00+00:00, run_after=2026-05-24 12:00:00+00:00
[2026-05-24T14:57:09.819+0000] {processor.py:183} INFO - Processing /home/varn1t/ml-pipeline/venv/lib/python3.11/site-packages/airflow/example_dags/example_latest_only.py took 0.054 seconds
[2026-05-24T14:57:56.080+0000] {processor.py:161} INFO - Started process (PID=30496) to work on /home/varn1t/ml-pipeline/venv/lib/python3.11/site-packages/airflow/example_dags/example_latest_only.py
[2026-05-24T14:57:56.087+0000] {processor.py:830} INFO - Processing file /home/varn1t/ml-pipeline/venv/lib/python3.11/site-packages/airflow/example_dags/example_latest_only.py for tasks to queue
[2026-05-24T14:57:56.087+0000] {logging_mixin.py:188} INFO - [2026-05-24T14:57:56.087+0000] {dagbag.py:545} INFO - Filling up the DagBag from /home/varn1t/ml-pipeline/venv/lib/python3.11/site-packages/airflow/example_dags/example_latest_only.py
[2026-05-24T14:57:56.093+0000] {processor.py:840} INFO - DAG(s) 'latest_only' retrieved from /home/varn1t/ml-pipeline/venv/lib/python3.11/site-packages/airflow/example_dags/example_latest_only.py
[2026-05-24T14:57:56.119+0000] {logging_mixin.py:188} INFO - [2026-05-24T14:57:56.118+0000] {dag.py:3096} INFO - Sync 1 DAGs
[2026-05-24T14:57:56.132+0000] {logging_mixin.py:188} INFO - [2026-05-24T14:57:56.132+0000] {dag.py:3954} INFO - Setting next_dagrun for latest_only to 2026-05-24 08:00:00+00:00, run_after=2026-05-24 12:00:00+00:00
[2026-05-24T14:57:56.148+0000] {processor.py:183} INFO - Processing /home/varn1t/ml-pipeline/venv/lib/python3.11/site-packages/airflow/example_dags/example_latest_only.py took 0.105 seconds
[2026-05-24T14:58:58.787+0000] {processor.py:161} INFO - Started process (PID=31060) to work on /home/varn1t/ml-pipeline/venv/lib/python3.11/site-packages/airflow/example_dags/example_latest_only.py
[2026-05-24T14:58:58.788+0000] {processor.py:830} INFO - Processing file /home/varn1t/ml-pipeline/venv/lib/python3.11/site-packages/airflow/example_dags/example_latest_only.py for tasks to queue
[2026-05-24T14:58:58.789+0000] {logging_mixin.py:188} INFO - [2026-05-24T14:58:58.789+0000] {dagbag.py:545} INFO - Filling up the DagBag from /home/varn1t/ml-pipeline/venv/lib/python3.11/site-packages/airflow/example_dags/example_latest_only.py
[2026-05-24T14:58:58.793+0000] {processor.py:840} INFO - DAG(s) 'latest_only' retrieved from /home/varn1t/ml-pipeline/venv/lib/python3.11/site-packages/airflow/example_dags/example_latest_only.py
[2026-05-24T14:58:58.805+0000] {logging_mixin.py:188} INFO - [2026-05-24T14:58:58.805+0000] {dag.py:3096} INFO - Sync 1 DAGs
[2026-05-24T14:58:58.819+0000] {logging_mixin.py:188} INFO - [2026-05-24T14:58:58.819+0000] {dag.py:3954} INFO - Setting next_dagrun for latest_only to 2026-05-24 08:00:00+00:00, run_after=2026-05-24 12:00:00+00:00
[2026-05-24T14:58:58.834+0000] {processor.py:183} INFO - Processing /home/varn1t/ml-pipeline/venv/lib/python3.11/site-packages/airflow/example_dags/example_latest_only.py took 0.051 seconds
[2026-05-24T14:59:41.081+0000] {processor.py:161} INFO - Started process (PID=31366) to work on /home/varn1t/ml-pipeline/venv/lib/python3.11/site-packages/airflow/example_dags/example_latest_only.py
[2026-05-24T14:59:41.082+0000] {processor.py:830} INFO - Processing file /home/varn1t/ml-pipeline/venv/lib/python3.11/site-packages/airflow/example_dags/example_latest_only.py for tasks to queue
[2026-05-24T14:59:41.083+0000] {logging_mixin.py:188} INFO - [2026-05-24T14:59:41.082+0000] {dagbag.py:545} INFO - Filling up the DagBag from /home/varn1t/ml-pipeline/venv/lib/python3.11/site-packages/airflow/example_dags/example_latest_only.py
[2026-05-24T14:59:41.087+0000] {processor.py:840} INFO - DAG(s) 'latest_only' retrieved from /home/varn1t/ml-pipeline/venv/lib/python3.11/site-packages/airflow/example_dags/example_latest_only.py
[2026-05-24T14:59:41.098+0000] {logging_mixin.py:188} INFO - [2026-05-24T14:59:41.098+0000] {dag.py:3096} INFO - Sync 1 DAGs
[2026-05-24T14:59:41.111+0000] {logging_mixin.py:188} INFO - [2026-05-24T14:59:41.111+0000] {dag.py:3954} INFO - Setting next_dagrun for latest_only to 2026-05-24 08:00:00+00:00, run_after=2026-05-24 12:00:00+00:00
[2026-05-24T14:59:41.128+0000] {processor.py:183} INFO - Processing /home/varn1t/ml-pipeline/venv/lib/python3.11/site-packages/airflow/example_dags/example_latest_only.py took 0.053 seconds
[2026-05-24T15:00:41.841+0000] {processor.py:161} INFO - Started process (PID=31629) to work on /home/varn1t/ml-pipeline/venv/lib/python3.11/site-packages/airflow/example_dags/example_latest_only.py
[2026-05-24T15:00:41.843+0000] {processor.py:830} INFO - Processing file /home/varn1t/ml-pipeline/venv/lib/python3.11/site-packages/airflow/example_dags/example_latest_only.py for tasks to queue
[2026-05-24T15:00:41.843+0000] {logging_mixin.py:188} INFO - [2026-05-24T15:00:41.843+0000] {dagbag.py:545} INFO - Filling up the DagBag from /home/varn1t/ml-pipeline/venv/lib/python3.11/site-packages/airflow/example_dags/example_latest_only.py
[2026-05-24T15:00:41.849+0000] {processor.py:840} INFO - DAG(s) 'latest_only' retrieved from /home/varn1t/ml-pipeline/venv/lib/python3.11/site-packages/airflow/example_dags/example_latest_only.py
[2026-05-24T15:00:41.863+0000] {logging_mixin.py:188} INFO - [2026-05-24T15:00:41.863+0000] {dag.py:3096} INFO - Sync 1 DAGs
[2026-05-24T15:00:41.879+0000] {logging_mixin.py:188} INFO - [2026-05-24T15:00:41.879+0000] {dag.py:3954} INFO - Setting next_dagrun for latest_only to 2026-05-24 08:00:00+00:00, run_after=2026-05-24 12:00:00+00:00
[2026-05-24T15:00:41.897+0000] {processor.py:183} INFO - Processing /home/varn1t/ml-pipeline/venv/lib/python3.11/site-packages/airflow/example_dags/example_latest_only.py took 0.063 seconds
[2026-05-24T15:01:41.813+0000] {processor.py:161} INFO - Started process (PID=31905) to work on /home/varn1t/ml-pipeline/venv/lib/python3.11/site-packages/airflow/example_dags/example_latest_only.py
[2026-05-24T15:01:41.815+0000] {processor.py:830} INFO - Processing file /home/varn1t/ml-pipeline/venv/lib/python3.11/site-packages/airflow/example_dags/example_latest_only.py for tasks to queue
[2026-05-24T15:01:41.815+0000] {logging_mixin.py:188} INFO - [2026-05-24T15:01:41.815+0000] {dagbag.py:545} INFO - Filling up the DagBag from /home/varn1t/ml-pipeline/venv/lib/python3.11/site-packages/airflow/example_dags/example_latest_only.py
[2026-05-24T15:01:41.821+0000] {processor.py:840} INFO - DAG(s) 'latest_only' retrieved from /home/varn1t/ml-pipeline/venv/lib/python3.11/site-packages/airflow/example_dags/example_latest_only.py
[2026-05-24T15:01:41.834+0000] {logging_mixin.py:188} INFO - [2026-05-24T15:01:41.834+0000] {dag.py:3096} INFO - Sync 1 DAGs
[2026-05-24T15:01:41.846+0000] {logging_mixin.py:188} INFO - [2026-05-24T15:01:41.846+0000] {dag.py:3954} INFO - Setting next_dagrun for latest_only to 2026-05-24 08:00:00+00:00, run_after=2026-05-24 12:00:00+00:00
[2026-05-24T15:01:41.859+0000] {processor.py:183} INFO - Processing /home/varn1t/ml-pipeline/venv/lib/python3.11/site-packages/airflow/example_dags/example_latest_only.py took 0.054 seconds
[2026-05-24T15:02:42.774+0000] {processor.py:161} INFO - Started process (PID=32261) to work on /home/varn1t/ml-pipeline/venv/lib/python3.11/site-packages/airflow/example_dags/example_latest_only.py
[2026-05-24T15:02:42.775+0000] {processor.py:830} INFO - Processing file /home/varn1t/ml-pipeline/venv/lib/python3.11/site-packages/airflow/example_dags/example_latest_only.py for tasks to queue
[2026-05-24T15:02:42.776+0000] {logging_mixin.py:188} INFO - [2026-05-24T15:02:42.776+0000] {dagbag.py:545} INFO - Filling up the DagBag from /home/varn1t/ml-pipeline/venv/lib/python3.11/site-packages/airflow/example_dags/example_latest_only.py
[2026-05-24T15:02:42.779+0000] {processor.py:840} INFO - DAG(s) 'latest_only' retrieved from /home/varn1t/ml-pipeline/venv/lib/python3.11/site-packages/airflow/example_dags/example_latest_only.py
[2026-05-24T15:02:42.789+0000] {logging_mixin.py:188} INFO - [2026-05-24T15:02:42.789+0000] {dag.py:3096} INFO - Sync 1 DAGs
[2026-05-24T15:02:42.803+0000] {logging_mixin.py:188} INFO - [2026-05-24T15:02:42.803+0000] {dag.py:3954} INFO - Setting next_dagrun for latest_only to 2026-05-24 08:00:00+00:00, run_after=2026-05-24 12:00:00+00:00
[2026-05-24T15:02:42.819+0000] {processor.py:183} INFO - Processing /home/varn1t/ml-pipeline/venv/lib/python3.11/site-packages/airflow/example_dags/example_latest_only.py took 0.050 seconds
[2026-05-24T15:03:45.087+0000] {processor.py:161} INFO - Started process (PID=32616) to work on /home/varn1t/ml-pipeline/venv/lib/python3.11/site-packages/airflow/example_dags/example_latest_only.py
[2026-05-24T15:03:45.088+0000] {processor.py:830} INFO - Processing file /home/varn1t/ml-pipeline/venv/lib/python3.11/site-packages/airflow/example_dags/example_latest_only.py for tasks to queue
[2026-05-24T15:03:45.088+0000] {logging_mixin.py:188} INFO - [2026-05-24T15:03:45.088+0000] {dagbag.py:545} INFO - Filling up the DagBag from /home/varn1t/ml-pipeline/venv/lib/python3.11/site-packages/airflow/example_dags/example_latest_only.py
[2026-05-24T15:03:45.093+0000] {processor.py:840} INFO - DAG(s) 'latest_only' retrieved from /home/varn1t/ml-pipeline/venv/lib/python3.11/site-packages/airflow/example_dags/example_latest_only.py
[2026-05-24T15:03:45.103+0000] {logging_mixin.py:188} INFO - [2026-05-24T15:03:45.103+0000] {dag.py:3096} INFO - Sync 1 DAGs
[2026-05-24T15:03:45.114+0000] {logging_mixin.py:188} INFO - [2026-05-24T15:03:45.114+0000] {dag.py:3954} INFO - Setting next_dagrun for latest_only to 2026-05-24 08:00:00+00:00, run_after=2026-05-24 12:00:00+00:00
[2026-05-24T15:03:45.128+0000] {processor.py:183} INFO - Processing /home/varn1t/ml-pipeline/venv/lib/python3.11/site-packages/airflow/example_dags/example_latest_only.py took 0.050 seconds
[2026-05-24T15:04:42.897+0000] {processor.py:161} INFO - Started process (PID=32864) to work on /home/varn1t/ml-pipeline/venv/lib/python3.11/site-packages/airflow/example_dags/example_latest_only.py
[2026-05-24T15:04:42.898+0000] {processor.py:830} INFO - Processing file /home/varn1t/ml-pipeline/venv/lib/python3.11/site-packages/airflow/example_dags/example_latest_only.py for tasks to queue
[2026-05-24T15:04:42.898+0000] {logging_mixin.py:188} INFO - [2026-05-24T15:04:42.898+0000] {dagbag.py:545} INFO - Filling up the DagBag from /home/varn1t/ml-pipeline/venv/lib/python3.11/site-packages/airflow/example_dags/example_latest_only.py
[2026-05-24T15:04:42.903+0000] {processor.py:840} INFO - DAG(s) 'latest_only' retrieved from /home/varn1t/ml-pipeline/venv/lib/python3.11/site-packages/airflow/example_dags/example_latest_only.py
[2026-05-24T15:04:42.916+0000] {logging_mixin.py:188} INFO - [2026-05-24T15:04:42.916+0000] {dag.py:3096} INFO - Sync 1 DAGs
[2026-05-24T15:04:42.928+0000] {logging_mixin.py:188} INFO - [2026-05-24T15:04:42.927+0000] {dag.py:3954} INFO - Setting next_dagrun for latest_only to 2026-05-24 08:00:00+00:00, run_after=2026-05-24 12:00:00+00:00
[2026-05-24T15:04:42.943+0000] {processor.py:183} INFO - Processing /home/varn1t/ml-pipeline/venv/lib/python3.11/site-packages/airflow/example_dags/example_latest_only.py took 0.054 seconds
[2026-05-24T15:05:42.897+0000] {processor.py:161} INFO - Started process (PID=33272) to work on /home/varn1t/ml-pipeline/venv/lib/python3.11/site-packages/airflow/example_dags/example_latest_only.py
[2026-05-24T15:05:42.898+0000] {processor.py:830} INFO - Processing file /home/varn1t/ml-pipeline/venv/lib/python3.11/site-packages/airflow/example_dags/example_latest_only.py for tasks to queue
[2026-05-24T15:05:42.898+0000] {logging_mixin.py:188} INFO - [2026-05-24T15:05:42.898+0000] {dagbag.py:545} INFO - Filling up the DagBag from /home/varn1t/ml-pipeline/venv/lib/python3.11/site-packages/airflow/example_dags/example_latest_only.py
[2026-05-24T15:05:42.903+0000] {processor.py:840} INFO - DAG(s) 'latest_only' retrieved from /home/varn1t/ml-pipeline/venv/lib/python3.11/site-packages/airflow/example_dags/example_latest_only.py
[2026-05-24T15:05:42.917+0000] {logging_mixin.py:188} INFO - [2026-05-24T15:05:42.917+0000] {dag.py:3096} INFO - Sync 1 DAGs
[2026-05-24T15:05:42.930+0000] {logging_mixin.py:188} INFO - [2026-05-24T15:05:42.929+0000] {dag.py:3954} INFO - Setting next_dagrun for latest_only to 2026-05-24 08:00:00+00:00, run_after=2026-05-24 12:00:00+00:00
[2026-05-24T15:05:42.944+0000] {processor.py:183} INFO - Processing /home/varn1t/ml-pipeline/venv/lib/python3.11/site-packages/airflow/example_dags/example_latest_only.py took 0.053 seconds
[2026-05-24T15:06:25.629+0000] {processor.py:161} INFO - Started process (PID=33785) to work on /home/varn1t/ml-pipeline/venv/lib/python3.11/site-packages/airflow/example_dags/example_latest_only.py
[2026-05-24T15:06:25.631+0000] {processor.py:830} INFO - Processing file /home/varn1t/ml-pipeline/venv/lib/python3.11/site-packages/airflow/example_dags/example_latest_only.py for tasks to queue
[2026-05-24T15:06:25.631+0000] {logging_mixin.py:188} INFO - [2026-05-24T15:06:25.631+0000] {dagbag.py:545} INFO - Filling up the DagBag from /home/varn1t/ml-pipeline/venv/lib/python3.11/site-packages/airflow/example_dags/example_latest_only.py
[2026-05-24T15:06:25.636+0000] {processor.py:840} INFO - DAG(s) 'latest_only' retrieved from /home/varn1t/ml-pipeline/venv/lib/python3.11/site-packages/airflow/example_dags/example_latest_only.py
[2026-05-24T15:06:25.647+0000] {logging_mixin.py:188} INFO - [2026-05-24T15:06:25.647+0000] {dag.py:3096} INFO - Sync 1 DAGs
[2026-05-24T15:06:25.662+0000] {logging_mixin.py:188} INFO - [2026-05-24T15:06:25.661+0000] {dag.py:3954} INFO - Setting next_dagrun for latest_only to 2026-05-24 08:00:00+00:00, run_after=2026-05-24 12:00:00+00:00
[2026-05-24T15:06:25.679+0000] {processor.py:183} INFO - Processing /home/varn1t/ml-pipeline/venv/lib/python3.11/site-packages/airflow/example_dags/example_latest_only.py took 0.056 seconds
[2026-05-24T15:07:26.043+0000] {processor.py:161} INFO - Started process (PID=34514) to work on /home/varn1t/ml-pipeline/venv/lib/python3.11/site-packages/airflow/example_dags/example_latest_only.py
[2026-05-24T15:07:26.044+0000] {processor.py:830} INFO - Processing file /home/varn1t/ml-pipeline/venv/lib/python3.11/site-packages/airflow/example_dags/example_latest_only.py for tasks to queue
[2026-05-24T15:07:26.044+0000] {logging_mixin.py:188} INFO - [2026-05-24T15:07:26.044+0000] {dagbag.py:545} INFO - Filling up the DagBag from /home/varn1t/ml-pipeline/venv/lib/python3.11/site-packages/airflow/example_dags/example_latest_only.py
[2026-05-24T15:07:26.049+0000] {processor.py:840} INFO - DAG(s) 'latest_only' retrieved from /home/varn1t/ml-pipeline/venv/lib/python3.11/site-packages/airflow/example_dags/example_latest_only.py
[2026-05-24T15:07:26.060+0000] {logging_mixin.py:188} INFO - [2026-05-24T15:07:26.060+0000] {dag.py:3096} INFO - Sync 1 DAGs
[2026-05-24T15:07:26.078+0000] {logging_mixin.py:188} INFO - [2026-05-24T15:07:26.078+0000] {dag.py:3954} INFO - Setting next_dagrun for latest_only to 2026-05-24 08:00:00+00:00, run_after=2026-05-24 12:00:00+00:00
[2026-05-24T15:07:26.102+0000] {processor.py:183} INFO - Processing /home/varn1t/ml-pipeline/venv/lib/python3.11/site-packages/airflow/example_dags/example_latest_only.py took 0.065 seconds
[2026-05-24T15:08:12.308+0000] {processor.py:161} INFO - Started process (PID=34905) to work on /home/varn1t/ml-pipeline/venv/lib/python3.11/site-packages/airflow/example_dags/example_latest_only.py
[2026-05-24T15:08:12.309+0000] {processor.py:830} INFO - Processing file /home/varn1t/ml-pipeline/venv/lib/python3.11/site-packages/airflow/example_dags/example_latest_only.py for tasks to queue
[2026-05-24T15:08:12.309+0000] {logging_mixin.py:188} INFO - [2026-05-24T15:08:12.309+0000] {dagbag.py:545} INFO - Filling up the DagBag from /home/varn1t/ml-pipeline/venv/lib/python3.11/site-packages/airflow/example_dags/example_latest_only.py
[2026-05-24T15:08:12.318+0000] {processor.py:840} INFO - DAG(s) 'latest_only' retrieved from /home/varn1t/ml-pipeline/venv/lib/python3.11/site-packages/airflow/example_dags/example_latest_only.py
[2026-05-24T15:08:12.333+0000] {logging_mixin.py:188} INFO - [2026-05-24T15:08:12.333+0000] {dag.py:3096} INFO - Sync 1 DAGs
[2026-05-24T15:08:12.349+0000] {logging_mixin.py:188} INFO - [2026-05-24T15:08:12.349+0000] {dag.py:3954} INFO - Setting next_dagrun for latest_only to 2026-05-24 08:00:00+00:00, run_after=2026-05-24 12:00:00+00:00
[2026-05-24T15:08:12.365+0000] {processor.py:183} INFO - Processing /home/varn1t/ml-pipeline/venv/lib/python3.11/site-packages/airflow/example_dags/example_latest_only.py took 0.067 seconds
[2026-05-24T15:08:54.016+0000] {processor.py:161} INFO - Started process (PID=35169) to work on /home/varn1t/ml-pipeline/venv/lib/python3.11/site-packages/airflow/example_dags/example_latest_only.py
[2026-05-24T15:08:54.017+0000] {processor.py:830} INFO - Processing file /home/varn1t/ml-pipeline/venv/lib/python3.11/site-packages/airflow/example_dags/example_latest_only.py for tasks to queue
[2026-05-24T15:08:54.018+0000] {logging_mixin.py:188} INFO - [2026-05-24T15:08:54.018+0000] {dagbag.py:545} INFO - Filling up the DagBag from /home/varn1t/ml-pipeline/venv/lib/python3.11/site-packages/airflow/example_dags/example_latest_only.py
[2026-05-24T15:08:54.022+0000] {processor.py:840} INFO - DAG(s) 'latest_only' retrieved from /home/varn1t/ml-pipeline/venv/lib/python3.11/site-packages/airflow/example_dags/example_latest_only.py
[2026-05-24T15:08:54.032+0000] {logging_mixin.py:188} INFO - [2026-05-24T15:08:54.032+0000] {dag.py:3096} INFO - Sync 1 DAGs
[2026-05-24T15:08:54.044+0000] {logging_mixin.py:188} INFO - [2026-05-24T15:08:54.044+0000] {dag.py:3954} INFO - Setting next_dagrun for latest_only to 2026-05-24 08:00:00+00:00, run_after=2026-05-24 12:00:00+00:00
[2026-05-24T15:08:54.056+0000] {processor.py:183} INFO - Processing /home/varn1t/ml-pipeline/venv/lib/python3.11/site-packages/airflow/example_dags/example_latest_only.py took 0.051 seconds
[2026-05-24T15:09:38.821+0000] {processor.py:161} INFO - Started process (PID=35365) to work on /home/varn1t/ml-pipeline/venv/lib/python3.11/site-packages/airflow/example_dags/example_latest_only.py
[2026-05-24T15:09:38.822+0000] {processor.py:830} INFO - Processing file /home/varn1t/ml-pipeline/venv/lib/python3.11/site-packages/airflow/example_dags/example_latest_only.py for tasks to queue
[2026-05-24T15:09:38.822+0000] {logging_mixin.py:188} INFO - [2026-05-24T15:09:38.822+0000] {dagbag.py:545} INFO - Filling up the DagBag from /home/varn1t/ml-pipeline/venv/lib/python3.11/site-packages/airflow/example_dags/example_latest_only.py
[2026-05-24T15:09:38.827+0000] {processor.py:840} INFO - DAG(s) 'latest_only' retrieved from /home/varn1t/ml-pipeline/venv/lib/python3.11/site-packages/airflow/example_dags/example_latest_only.py
[2026-05-24T15:09:38.840+0000] {logging_mixin.py:188} INFO - [2026-05-24T15:09:38.840+0000] {dag.py:3096} INFO - Sync 1 DAGs
[2026-05-24T15:09:38.851+0000] {logging_mixin.py:188} INFO - [2026-05-24T15:09:38.851+0000] {dag.py:3954} INFO - Setting next_dagrun for latest_only to 2026-05-24 08:00:00+00:00, run_after=2026-05-24 12:00:00+00:00
[2026-05-24T15:09:38.865+0000] {processor.py:183} INFO - Processing /home/varn1t/ml-pipeline/venv/lib/python3.11/site-packages/airflow/example_dags/example_latest_only.py took 0.051 seconds
[2026-05-24T15:10:41.807+0000] {processor.py:161} INFO - Started process (PID=35644) to work on /home/varn1t/ml-pipeline/venv/lib/python3.11/site-packages/airflow/example_dags/example_latest_only.py
[2026-05-24T15:10:41.808+0000] {processor.py:830} INFO - Processing file /home/varn1t/ml-pipeline/venv/lib/python3.11/site-packages/airflow/example_dags/example_latest_only.py for tasks to queue
[2026-05-24T15:10:41.808+0000] {logging_mixin.py:188} INFO - [2026-05-24T15:10:41.808+0000] {dagbag.py:545} INFO - Filling up the DagBag from /home/varn1t/ml-pipeline/venv/lib/python3.11/site-packages/airflow/example_dags/example_latest_only.py
[2026-05-24T15:10:41.812+0000] {processor.py:840} INFO - DAG(s) 'latest_only' retrieved from /home/varn1t/ml-pipeline/venv/lib/python3.11/site-packages/airflow/example_dags/example_latest_only.py
[2026-05-24T15:10:41.826+0000] {logging_mixin.py:188} INFO - [2026-05-24T15:10:41.825+0000] {dag.py:3096} INFO - Sync 1 DAGs
[2026-05-24T15:10:41.838+0000] {logging_mixin.py:188} INFO - [2026-05-24T15:10:41.838+0000] {dag.py:3954} INFO - Setting next_dagrun for latest_only to 2026-05-24 08:00:00+00:00, run_after=2026-05-24 12:00:00+00:00
[2026-05-24T15:10:41.853+0000] {processor.py:183} INFO - Processing /home/varn1t/ml-pipeline/venv/lib/python3.11/site-packages/airflow/example_dags/example_latest_only.py took 0.054 seconds
[2026-05-24T15:11:26.875+0000] {processor.py:161} INFO - Started process (PID=35840) to work on /home/varn1t/ml-pipeline/venv/lib/python3.11/site-packages/airflow/example_dags/example_latest_only.py
[2026-05-24T15:11:26.876+0000] {processor.py:830} INFO - Processing file /home/varn1t/ml-pipeline/venv/lib/python3.11/site-packages/airflow/example_dags/example_latest_only.py for tasks to queue
[2026-05-24T15:11:26.876+0000] {logging_mixin.py:188} INFO - [2026-05-24T15:11:26.876+0000] {dagbag.py:545} INFO - Filling up the DagBag from /home/varn1t/ml-pipeline/venv/lib/python3.11/site-packages/airflow/example_dags/example_latest_only.py
[2026-05-24T15:11:26.880+0000] {processor.py:840} INFO - DAG(s) 'latest_only' retrieved from /home/varn1t/ml-pipeline/venv/lib/python3.11/site-packages/airflow/example_dags/example_latest_only.py
[2026-05-24T15:11:26.891+0000] {logging_mixin.py:188} INFO - [2026-05-24T15:11:26.891+0000] {dag.py:3096} INFO - Sync 1 DAGs
[2026-05-24T15:11:26.904+0000] {logging_mixin.py:188} INFO - [2026-05-24T15:11:26.904+0000] {dag.py:3954} INFO - Setting next_dagrun for latest_only to 2026-05-24 08:00:00+00:00, run_after=2026-05-24 12:00:00+00:00
[2026-05-24T15:11:26.917+0000] {processor.py:183} INFO - Processing /home/varn1t/ml-pipeline/venv/lib/python3.11/site-packages/airflow/example_dags/example_latest_only.py took 0.048 seconds
[2026-05-24T15:12:27.406+0000] {processor.py:161} INFO - Started process (PID=36103) to work on /home/varn1t/ml-pipeline/venv/lib/python3.11/site-packages/airflow/example_dags/example_latest_only.py
[2026-05-24T15:12:27.407+0000] {processor.py:830} INFO - Processing file /home/varn1t/ml-pipeline/venv/lib/python3.11/site-packages/airflow/example_dags/example_latest_only.py for tasks to queue
[2026-05-24T15:12:27.408+0000] {logging_mixin.py:188} INFO - [2026-05-24T15:12:27.407+0000] {dagbag.py:545} INFO - Filling up the DagBag from /home/varn1t/ml-pipeline/venv/lib/python3.11/site-packages/airflow/example_dags/example_latest_only.py
[2026-05-24T15:12:27.413+0000] {processor.py:840} INFO - DAG(s) 'latest_only' retrieved from /home/varn1t/ml-pipeline/venv/lib/python3.11/site-packages/airflow/example_dags/example_latest_only.py
[2026-05-24T15:12:27.426+0000] {logging_mixin.py:188} INFO - [2026-05-24T15:12:27.426+0000] {dag.py:3096} INFO - Sync 1 DAGs
[2026-05-24T15:12:27.440+0000] {logging_mixin.py:188} INFO - [2026-05-24T15:12:27.440+0000] {dag.py:3954} INFO - Setting next_dagrun for latest_only to 2026-05-24 08:00:00+00:00, run_after=2026-05-24 12:00:00+00:00
[2026-05-24T15:12:27.457+0000] {processor.py:183} INFO - Processing /home/varn1t/ml-pipeline/venv/lib/python3.11/site-packages/airflow/example_dags/example_latest_only.py took 0.057 seconds
[2026-05-24T15:13:10.655+0000] {processor.py:161} INFO - Started process (PID=36295) to work on /home/varn1t/ml-pipeline/venv/lib/python3.11/site-packages/airflow/example_dags/example_latest_only.py
[2026-05-24T15:13:10.656+0000] {processor.py:830} INFO - Processing file /home/varn1t/ml-pipeline/venv/lib/python3.11/site-packages/airflow/example_dags/example_latest_only.py for tasks to queue
[2026-05-24T15:13:10.657+0000] {logging_mixin.py:188} INFO - [2026-05-24T15:13:10.657+0000] {dagbag.py:545} INFO - Filling up the DagBag from /home/varn1t/ml-pipeline/venv/lib/python3.11/site-packages/airflow/example_dags/example_latest_only.py
[2026-05-24T15:13:10.662+0000] {processor.py:840} INFO - DAG(s) 'latest_only' retrieved from /home/varn1t/ml-pipeline/venv/lib/python3.11/site-packages/airflow/example_dags/example_latest_only.py
[2026-05-24T15:13:10.676+0000] {logging_mixin.py:188} INFO - [2026-05-24T15:13:10.676+0000] {dag.py:3096} INFO - Sync 1 DAGs
[2026-05-24T15:13:10.689+0000] {logging_mixin.py:188} INFO - [2026-05-24T15:13:10.689+0000] {dag.py:3954} INFO - Setting next_dagrun for latest_only to 2026-05-24 08:00:00+00:00, run_after=2026-05-24 12:00:00+00:00
[2026-05-24T15:13:10.708+0000] {processor.py:183} INFO - Processing /home/varn1t/ml-pipeline/venv/lib/python3.11/site-packages/airflow/example_dags/example_latest_only.py took 0.061 seconds
[2026-05-24T15:14:12.284+0000] {processor.py:161} INFO - Started process (PID=36624) to work on /home/varn1t/ml-pipeline/venv/lib/python3.11/site-packages/airflow/example_dags/example_latest_only.py
[2026-05-24T15:14:12.285+0000] {processor.py:830} INFO - Processing file /home/varn1t/ml-pipeline/venv/lib/python3.11/site-packages/airflow/example_dags/example_latest_only.py for tasks to queue
[2026-05-24T15:14:12.285+0000] {logging_mixin.py:188} INFO - [2026-05-24T15:14:12.285+0000] {dagbag.py:545} INFO - Filling up the DagBag from /home/varn1t/ml-pipeline/venv/lib/python3.11/site-packages/airflow/example_dags/example_latest_only.py
[2026-05-24T15:14:12.291+0000] {processor.py:840} INFO - DAG(s) 'latest_only' retrieved from /home/varn1t/ml-pipeline/venv/lib/python3.11/site-packages/airflow/example_dags/example_latest_only.py
[2026-05-24T15:14:12.304+0000] {logging_mixin.py:188} INFO - [2026-05-24T15:14:12.303+0000] {dag.py:3096} INFO - Sync 1 DAGs
[2026-05-24T15:14:12.318+0000] {logging_mixin.py:188} INFO - [2026-05-24T15:14:12.318+0000] {dag.py:3954} INFO - Setting next_dagrun for latest_only to 2026-05-24 08:00:00+00:00, run_after=2026-05-24 12:00:00+00:00
[2026-05-24T15:14:12.335+0000] {processor.py:183} INFO - Processing /home/varn1t/ml-pipeline/venv/lib/python3.11/site-packages/airflow/example_dags/example_latest_only.py took 0.059 seconds
[2026-05-24T15:15:09.656+0000] {processor.py:161} INFO - Started process (PID=36872) to work on /home/varn1t/ml-pipeline/venv/lib/python3.11/site-packages/airflow/example_dags/example_latest_only.py
[2026-05-24T15:15:09.657+0000] {processor.py:830} INFO - Processing file /home/varn1t/ml-pipeline/venv/lib/python3.11/site-packages/airflow/example_dags/example_latest_only.py for tasks to queue
[2026-05-24T15:15:09.658+0000] {logging_mixin.py:188} INFO - [2026-05-24T15:15:09.657+0000] {dagbag.py:545} INFO - Filling up the DagBag from /home/varn1t/ml-pipeline/venv/lib/python3.11/site-packages/airflow/example_dags/example_latest_only.py
[2026-05-24T15:15:09.663+0000] {processor.py:840} INFO - DAG(s) 'latest_only' retrieved from /home/varn1t/ml-pipeline/venv/lib/python3.11/site-packages/airflow/example_dags/example_latest_only.py
[2026-05-24T15:15:09.676+0000] {logging_mixin.py:188} INFO - [2026-05-24T15:15:09.675+0000] {dag.py:3096} INFO - Sync 1 DAGs
[2026-05-24T15:15:09.689+0000] {logging_mixin.py:188} INFO - [2026-05-24T15:15:09.689+0000] {dag.py:3954} INFO - Setting next_dagrun for latest_only to 2026-05-24 08:00:00+00:00, run_after=2026-05-24 12:00:00+00:00
[2026-05-24T15:15:09.707+0000] {processor.py:183} INFO - Processing /home/varn1t/ml-pipeline/venv/lib/python3.11/site-packages/airflow/example_dags/example_latest_only.py took 0.059 seconds
[2026-05-24T15:16:09.594+0000] {processor.py:161} INFO - Started process (PID=37144) to work on /home/varn1t/ml-pipeline/venv/lib/python3.11/site-packages/airflow/example_dags/example_latest_only.py
[2026-05-24T15:16:09.595+0000] {processor.py:830} INFO - Processing file /home/varn1t/ml-pipeline/venv/lib/python3.11/site-packages/airflow/example_dags/example_latest_only.py for tasks to queue
[2026-05-24T15:16:09.596+0000] {logging_mixin.py:188} INFO - [2026-05-24T15:16:09.595+0000] {dagbag.py:545} INFO - Filling up the DagBag from /home/varn1t/ml-pipeline/venv/lib/python3.11/site-packages/airflow/example_dags/example_latest_only.py
[2026-05-24T15:16:09.600+0000] {processor.py:840} INFO - DAG(s) 'latest_only' retrieved from /home/varn1t/ml-pipeline/venv/lib/python3.11/site-packages/airflow/example_dags/example_latest_only.py
[2026-05-24T15:16:09.610+0000] {logging_mixin.py:188} INFO - [2026-05-24T15:16:09.610+0000] {dag.py:3096} INFO - Sync 1 DAGs
[2026-05-24T15:16:09.622+0000] {logging_mixin.py:188} INFO - [2026-05-24T15:16:09.622+0000] {dag.py:3954} INFO - Setting next_dagrun for latest_only to 2026-05-24 08:00:00+00:00, run_after=2026-05-24 12:00:00+00:00
[2026-05-24T15:16:09.638+0000] {processor.py:183} INFO - Processing /home/varn1t/ml-pipeline/venv/lib/python3.11/site-packages/airflow/example_dags/example_latest_only.py took 0.053 seconds
[2026-05-24T15:17:08.949+0000] {processor.py:161} INFO - Started process (PID=37523) to work on /home/varn1t/ml-pipeline/venv/lib/python3.11/site-packages/airflow/example_dags/example_latest_only.py
[2026-05-24T15:17:08.950+0000] {processor.py:830} INFO - Processing file /home/varn1t/ml-pipeline/venv/lib/python3.11/site-packages/airflow/example_dags/example_latest_only.py for tasks to queue
[2026-05-24T15:17:08.951+0000] {logging_mixin.py:188} INFO - [2026-05-24T15:17:08.950+0000] {dagbag.py:545} INFO - Filling up the DagBag from /home/varn1t/ml-pipeline/venv/lib/python3.11/site-packages/airflow/example_dags/example_latest_only.py
[2026-05-24T15:17:08.957+0000] {processor.py:840} INFO - DAG(s) 'latest_only' retrieved from /home/varn1t/ml-pipeline/venv/lib/python3.11/site-packages/airflow/example_dags/example_latest_only.py
[2026-05-24T15:17:08.969+0000] {logging_mixin.py:188} INFO - [2026-05-24T15:17:08.969+0000] {dag.py:3096} INFO - Sync 1 DAGs
[2026-05-24T15:17:08.982+0000] {logging_mixin.py:188} INFO - [2026-05-24T15:17:08.982+0000] {dag.py:3954} INFO - Setting next_dagrun for latest_only to 2026-05-24 08:00:00+00:00, run_after=2026-05-24 12:00:00+00:00
[2026-05-24T15:17:08.998+0000] {processor.py:183} INFO - Processing /home/varn1t/ml-pipeline/venv/lib/python3.11/site-packages/airflow/example_dags/example_latest_only.py took 0.056 seconds
[2026-05-24T15:18:09.411+0000] {processor.py:161} INFO - Started process (PID=38012) to work on /home/varn1t/ml-pipeline/venv/lib/python3.11/site-packages/airflow/example_dags/example_latest_only.py
[2026-05-24T15:18:09.412+0000] {processor.py:830} INFO - Processing file /home/varn1t/ml-pipeline/venv/lib/python3.11/site-packages/airflow/example_dags/example_latest_only.py for tasks to queue
[2026-05-24T15:18:09.413+0000] {logging_mixin.py:188} INFO - [2026-05-24T15:18:09.412+0000] {dagbag.py:545} INFO - Filling up the DagBag from /home/varn1t/ml-pipeline/venv/lib/python3.11/site-packages/airflow/example_dags/example_latest_only.py
[2026-05-24T15:18:09.417+0000] {processor.py:840} INFO - DAG(s) 'latest_only' retrieved from /home/varn1t/ml-pipeline/venv/lib/python3.11/site-packages/airflow/example_dags/example_latest_only.py
[2026-05-24T15:18:09.429+0000] {logging_mixin.py:188} INFO - [2026-05-24T15:18:09.429+0000] {dag.py:3096} INFO - Sync 1 DAGs
[2026-05-24T15:18:09.443+0000] {logging_mixin.py:188} INFO - [2026-05-24T15:18:09.443+0000] {dag.py:3954} INFO - Setting next_dagrun for latest_only to 2026-05-24 08:00:00+00:00, run_after=2026-05-24 12:00:00+00:00
[2026-05-24T15:18:09.460+0000] {processor.py:183} INFO - Processing /home/varn1t/ml-pipeline/venv/lib/python3.11/site-packages/airflow/example_dags/example_latest_only.py took 0.055 seconds
[2026-05-24T15:19:09.006+0000] {processor.py:161} INFO - Started process (PID=38620) to work on /home/varn1t/ml-pipeline/venv/lib/python3.11/site-packages/airflow/example_dags/example_latest_only.py
[2026-05-24T15:19:09.007+0000] {processor.py:830} INFO - Processing file /home/varn1t/ml-pipeline/venv/lib/python3.11/site-packages/airflow/example_dags/example_latest_only.py for tasks to queue
[2026-05-24T15:19:09.007+0000] {logging_mixin.py:188} INFO - [2026-05-24T15:19:09.007+0000] {dagbag.py:545} INFO - Filling up the DagBag from /home/varn1t/ml-pipeline/venv/lib/python3.11/site-packages/airflow/example_dags/example_latest_only.py
[2026-05-24T15:19:09.011+0000] {processor.py:840} INFO - DAG(s) 'latest_only' retrieved from /home/varn1t/ml-pipeline/venv/lib/python3.11/site-packages/airflow/example_dags/example_latest_only.py
[2026-05-24T15:19:09.021+0000] {logging_mixin.py:188} INFO - [2026-05-24T15:19:09.020+0000] {dag.py:3096} INFO - Sync 1 DAGs
[2026-05-24T15:19:09.032+0000] {logging_mixin.py:188} INFO - [2026-05-24T15:19:09.032+0000] {dag.py:3954} INFO - Setting next_dagrun for latest_only to 2026-05-24 08:00:00+00:00, run_after=2026-05-24 12:00:00+00:00
[2026-05-24T15:19:09.047+0000] {processor.py:183} INFO - Processing /home/varn1t/ml-pipeline/venv/lib/python3.11/site-packages/airflow/example_dags/example_latest_only.py took 0.048 seconds
[2026-05-24T15:20:07.888+0000] {processor.py:161} INFO - Started process (PID=38952) to work on /home/varn1t/ml-pipeline/venv/lib/python3.11/site-packages/airflow/example_dags/example_latest_only.py
[2026-05-24T15:20:07.889+0000] {processor.py:830} INFO - Processing file /home/varn1t/ml-pipeline/venv/lib/python3.11/site-packages/airflow/example_dags/example_latest_only.py for tasks to queue
[2026-05-24T15:20:07.890+0000] {logging_mixin.py:188} INFO - [2026-05-24T15:20:07.889+0000] {dagbag.py:545} INFO - Filling up the DagBag from /home/varn1t/ml-pipeline/venv/lib/python3.11/site-packages/airflow/example_dags/example_latest_only.py
[2026-05-24T15:20:07.895+0000] {processor.py:840} INFO - DAG(s) 'latest_only' retrieved from /home/varn1t/ml-pipeline/venv/lib/python3.11/site-packages/airflow/example_dags/example_latest_only.py
[2026-05-24T15:20:07.905+0000] {logging_mixin.py:188} INFO - [2026-05-24T15:20:07.904+0000] {dag.py:3096} INFO - Sync 1 DAGs
[2026-05-24T15:20:07.917+0000] {logging_mixin.py:188} INFO - [2026-05-24T15:20:07.916+0000] {dag.py:3954} INFO - Setting next_dagrun for latest_only to 2026-05-24 08:00:00+00:00, run_after=2026-05-24 12:00:00+00:00
[2026-05-24T15:20:07.930+0000] {processor.py:183} INFO - Processing /home/varn1t/ml-pipeline/venv/lib/python3.11/site-packages/airflow/example_dags/example_latest_only.py took 0.049 seconds
[2026-05-24T15:20:52.364+0000] {processor.py:161} INFO - Started process (PID=39145) to work on /home/varn1t/ml-pipeline/venv/lib/python3.11/site-packages/airflow/example_dags/example_latest_only.py
[2026-05-24T15:20:52.365+0000] {processor.py:830} INFO - Processing file /home/varn1t/ml-pipeline/venv/lib/python3.11/site-packages/airflow/example_dags/example_latest_only.py for tasks to queue
[2026-05-24T15:20:52.366+0000] {logging_mixin.py:188} INFO - [2026-05-24T15:20:52.366+0000] {dagbag.py:545} INFO - Filling up the DagBag from /home/varn1t/ml-pipeline/venv/lib/python3.11/site-packages/airflow/example_dags/example_latest_only.py
[2026-05-24T15:20:52.370+0000] {processor.py:840} INFO - DAG(s) 'latest_only' retrieved from /home/varn1t/ml-pipeline/venv/lib/python3.11/site-packages/airflow/example_dags/example_latest_only.py
[2026-05-24T15:20:52.379+0000] {logging_mixin.py:188} INFO - [2026-05-24T15:20:52.379+0000] {dag.py:3096} INFO - Sync 1 DAGs
[2026-05-24T15:20:52.391+0000] {logging_mixin.py:188} INFO - [2026-05-24T15:20:52.391+0000] {dag.py:3954} INFO - Setting next_dagrun for latest_only to 2026-05-24 08:00:00+00:00, run_after=2026-05-24 12:00:00+00:00
[2026-05-24T15:20:52.403+0000] {processor.py:183} INFO - Processing /home/varn1t/ml-pipeline/venv/lib/python3.11/site-packages/airflow/example_dags/example_latest_only.py took 0.045 seconds
[2026-05-24T15:21:49.898+0000] {processor.py:161} INFO - Started process (PID=39438) to work on /home/varn1t/ml-pipeline/venv/lib/python3.11/site-packages/airflow/example_dags/example_latest_only.py
[2026-05-24T15:21:49.899+0000] {processor.py:830} INFO - Processing file /home/varn1t/ml-pipeline/venv/lib/python3.11/site-packages/airflow/example_dags/example_latest_only.py for tasks to queue
[2026-05-24T15:21:49.900+0000] {logging_mixin.py:188} INFO - [2026-05-24T15:21:49.900+0000] {dagbag.py:545} INFO - Filling up the DagBag from /home/varn1t/ml-pipeline/venv/lib/python3.11/site-packages/airflow/example_dags/example_latest_only.py
[2026-05-24T15:21:49.905+0000] {processor.py:840} INFO - DAG(s) 'latest_only' retrieved from /home/varn1t/ml-pipeline/venv/lib/python3.11/site-packages/airflow/example_dags/example_latest_only.py
[2026-05-24T15:21:49.916+0000] {logging_mixin.py:188} INFO - [2026-05-24T15:21:49.916+0000] {dag.py:3096} INFO - Sync 1 DAGs
[2026-05-24T15:21:49.929+0000] {logging_mixin.py:188} INFO - [2026-05-24T15:21:49.929+0000] {dag.py:3954} INFO - Setting next_dagrun for latest_only to 2026-05-24 08:00:00+00:00, run_after=2026-05-24 12:00:00+00:00
[2026-05-24T15:21:49.944+0000] {processor.py:183} INFO - Processing /home/varn1t/ml-pipeline/venv/lib/python3.11/site-packages/airflow/example_dags/example_latest_only.py took 0.054 seconds
[2026-05-24T15:22:31.971+0000] {processor.py:161} INFO - Started process (PID=39835) to work on /home/varn1t/ml-pipeline/venv/lib/python3.11/site-packages/airflow/example_dags/example_latest_only.py
[2026-05-24T15:22:31.972+0000] {processor.py:830} INFO - Processing file /home/varn1t/ml-pipeline/venv/lib/python3.11/site-packages/airflow/example_dags/example_latest_only.py for tasks to queue
[2026-05-24T15:22:31.972+0000] {logging_mixin.py:188} INFO - [2026-05-24T15:22:31.972+0000] {dagbag.py:545} INFO - Filling up the DagBag from /home/varn1t/ml-pipeline/venv/lib/python3.11/site-packages/airflow/example_dags/example_latest_only.py
[2026-05-24T15:22:31.977+0000] {processor.py:840} INFO - DAG(s) 'latest_only' retrieved from /home/varn1t/ml-pipeline/venv/lib/python3.11/site-packages/airflow/example_dags/example_latest_only.py
[2026-05-24T15:22:31.989+0000] {logging_mixin.py:188} INFO - [2026-05-24T15:22:31.989+0000] {dag.py:3096} INFO - Sync 1 DAGs
[2026-05-24T15:22:32.000+0000] {logging_mixin.py:188} INFO - [2026-05-24T15:22:32.000+0000] {dag.py:3954} INFO - Setting next_dagrun for latest_only to 2026-05-24 08:00:00+00:00, run_after=2026-05-24 12:00:00+00:00
[2026-05-24T15:22:32.017+0000] {processor.py:183} INFO - Processing /home/varn1t/ml-pipeline/venv/lib/python3.11/site-packages/airflow/example_dags/example_latest_only.py took 0.052 seconds
[2026-05-24T15:23:35.866+0000] {processor.py:161} INFO - Started process (PID=40369) to work on /home/varn1t/ml-pipeline/venv/lib/python3.11/site-packages/airflow/example_dags/example_latest_only.py
[2026-05-24T15:23:35.867+0000] {processor.py:830} INFO - Processing file /home/varn1t/ml-pipeline/venv/lib/python3.11/site-packages/airflow/example_dags/example_latest_only.py for tasks to queue
[2026-05-24T15:23:35.868+0000] {logging_mixin.py:188} INFO - [2026-05-24T15:23:35.868+0000] {dagbag.py:545} INFO - Filling up the DagBag from /home/varn1t/ml-pipeline/venv/lib/python3.11/site-packages/airflow/example_dags/example_latest_only.py
[2026-05-24T15:23:35.872+0000] {processor.py:840} INFO - DAG(s) 'latest_only' retrieved from /home/varn1t/ml-pipeline/venv/lib/python3.11/site-packages/airflow/example_dags/example_latest_only.py
[2026-05-24T15:23:35.882+0000] {logging_mixin.py:188} INFO - [2026-05-24T15:23:35.882+0000] {dag.py:3096} INFO - Sync 1 DAGs
[2026-05-24T15:23:35.893+0000] {logging_mixin.py:188} INFO - [2026-05-24T15:23:35.893+0000] {dag.py:3954} INFO - Setting next_dagrun for latest_only to 2026-05-24 08:00:00+00:00, run_after=2026-05-24 12:00:00+00:00
[2026-05-24T15:23:35.906+0000] {processor.py:183} INFO - Processing /home/varn1t/ml-pipeline/venv/lib/python3.11/site-packages/airflow/example_dags/example_latest_only.py took 0.045 seconds
[2026-05-24T15:24:39.672+0000] {processor.py:161} INFO - Started process (PID=40764) to work on /home/varn1t/ml-pipeline/venv/lib/python3.11/site-packages/airflow/example_dags/example_latest_only.py
[2026-05-24T15:24:39.673+0000] {processor.py:830} INFO - Processing file /home/varn1t/ml-pipeline/venv/lib/python3.11/site-packages/airflow/example_dags/example_latest_only.py for tasks to queue
[2026-05-24T15:24:39.674+0000] {logging_mixin.py:188} INFO - [2026-05-24T15:24:39.674+0000] {dagbag.py:545} INFO - Filling up the DagBag from /home/varn1t/ml-pipeline/venv/lib/python3.11/site-packages/airflow/example_dags/example_latest_only.py
[2026-05-24T15:24:39.678+0000] {processor.py:840} INFO - DAG(s) 'latest_only' retrieved from /home/varn1t/ml-pipeline/venv/lib/python3.11/site-packages/airflow/example_dags/example_latest_only.py
[2026-05-24T15:24:39.689+0000] {logging_mixin.py:188} INFO - [2026-05-24T15:24:39.689+0000] {dag.py:3096} INFO - Sync 1 DAGs
[2026-05-24T15:24:39.706+0000] {logging_mixin.py:188} INFO - [2026-05-24T15:24:39.706+0000] {dag.py:3954} INFO - Setting next_dagrun for latest_only to 2026-05-24 08:00:00+00:00, run_after=2026-05-24 12:00:00+00:00
[2026-05-24T15:24:39.722+0000] {processor.py:183} INFO - Processing /home/varn1t/ml-pipeline/venv/lib/python3.11/site-packages/airflow/example_dags/example_latest_only.py took 0.056 seconds
[2026-05-24T15:26:14.604+0000] {processor.py:161} INFO - Started process (PID=42413) to work on /home/varn1t/ml-pipeline/venv/lib/python3.11/site-packages/airflow/example_dags/example_latest_only.py
[2026-05-24T15:26:14.605+0000] {processor.py:830} INFO - Processing file /home/varn1t/ml-pipeline/venv/lib/python3.11/site-packages/airflow/example_dags/example_latest_only.py for tasks to queue
[2026-05-24T15:26:14.606+0000] {logging_mixin.py:188} INFO - [2026-05-24T15:26:14.606+0000] {dagbag.py:545} INFO - Filling up the DagBag from /home/varn1t/ml-pipeline/venv/lib/python3.11/site-packages/airflow/example_dags/example_latest_only.py
[2026-05-24T15:26:14.609+0000] {processor.py:840} INFO - DAG(s) 'latest_only' retrieved from /home/varn1t/ml-pipeline/venv/lib/python3.11/site-packages/airflow/example_dags/example_latest_only.py
[2026-05-24T15:26:14.620+0000] {logging_mixin.py:188} INFO - [2026-05-24T15:26:14.620+0000] {dag.py:3096} INFO - Sync 1 DAGs
[2026-05-24T15:26:14.631+0000] {logging_mixin.py:188} INFO - [2026-05-24T15:26:14.631+0000] {dag.py:3954} INFO - Setting next_dagrun for latest_only to 2026-05-24 08:00:00+00:00, run_after=2026-05-24 12:00:00+00:00
[2026-05-24T15:26:14.646+0000] {processor.py:183} INFO - Processing /home/varn1t/ml-pipeline/venv/lib/python3.11/site-packages/airflow/example_dags/example_latest_only.py took 0.046 seconds
[2026-05-24T15:27:06.404+0000] {processor.py:161} INFO - Started process (PID=42702) to work on /home/varn1t/ml-pipeline/venv/lib/python3.11/site-packages/airflow/example_dags/example_latest_only.py
[2026-05-24T15:27:06.405+0000] {processor.py:830} INFO - Processing file /home/varn1t/ml-pipeline/venv/lib/python3.11/site-packages/airflow/example_dags/example_latest_only.py for tasks to queue
[2026-05-24T15:27:06.406+0000] {logging_mixin.py:188} INFO - [2026-05-24T15:27:06.405+0000] {dagbag.py:545} INFO - Filling up the DagBag from /home/varn1t/ml-pipeline/venv/lib/python3.11/site-packages/airflow/example_dags/example_latest_only.py
[2026-05-24T15:27:06.410+0000] {processor.py:840} INFO - DAG(s) 'latest_only' retrieved from /home/varn1t/ml-pipeline/venv/lib/python3.11/site-packages/airflow/example_dags/example_latest_only.py
[2026-05-24T15:27:06.423+0000] {logging_mixin.py:188} INFO - [2026-05-24T15:27:06.422+0000] {dag.py:3096} INFO - Sync 1 DAGs
[2026-05-24T15:27:06.437+0000] {logging_mixin.py:188} INFO - [2026-05-24T15:27:06.436+0000] {dag.py:3954} INFO - Setting next_dagrun for latest_only to 2026-05-24 08:00:00+00:00, run_after=2026-05-24 12:00:00+00:00
[2026-05-24T15:27:06.452+0000] {processor.py:183} INFO - Processing /home/varn1t/ml-pipeline/venv/lib/python3.11/site-packages/airflow/example_dags/example_latest_only.py took 0.056 seconds
[2026-05-24T15:28:05.689+0000] {processor.py:161} INFO - Started process (PID=43049) to work on /home/varn1t/ml-pipeline/venv/lib/python3.11/site-packages/airflow/example_dags/example_latest_only.py
[2026-05-24T15:28:05.690+0000] {processor.py:830} INFO - Processing file /home/varn1t/ml-pipeline/venv/lib/python3.11/site-packages/airflow/example_dags/example_latest_only.py for tasks to queue
[2026-05-24T15:28:05.691+0000] {logging_mixin.py:188} INFO - [2026-05-24T15:28:05.691+0000] {dagbag.py:545} INFO - Filling up the DagBag from /home/varn1t/ml-pipeline/venv/lib/python3.11/site-packages/airflow/example_dags/example_latest_only.py
[2026-05-24T15:28:05.696+0000] {processor.py:840} INFO - DAG(s) 'latest_only' retrieved from /home/varn1t/ml-pipeline/venv/lib/python3.11/site-packages/airflow/example_dags/example_latest_only.py
[2026-05-24T15:28:05.709+0000] {logging_mixin.py:188} INFO - [2026-05-24T15:28:05.709+0000] {dag.py:3096} INFO - Sync 1 DAGs
[2026-05-24T15:28:05.723+0000] {logging_mixin.py:188} INFO - [2026-05-24T15:28:05.723+0000] {dag.py:3954} INFO - Setting next_dagrun for latest_only to 2026-05-24 08:00:00+00:00, run_after=2026-05-24 12:00:00+00:00
[2026-05-24T15:28:05.742+0000] {processor.py:183} INFO - Processing /home/varn1t/ml-pipeline/venv/lib/python3.11/site-packages/airflow/example_dags/example_latest_only.py took 0.059 seconds
[2026-05-24T15:29:30.642+0000] {processor.py:161} INFO - Started process (PID=43889) to work on /home/varn1t/ml-pipeline/venv/lib/python3.11/site-packages/airflow/example_dags/example_latest_only.py
[2026-05-24T15:29:30.643+0000] {processor.py:830} INFO - Processing file /home/varn1t/ml-pipeline/venv/lib/python3.11/site-packages/airflow/example_dags/example_latest_only.py for tasks to queue
[2026-05-24T15:29:30.643+0000] {logging_mixin.py:188} INFO - [2026-05-24T15:29:30.643+0000] {dagbag.py:545} INFO - Filling up the DagBag from /home/varn1t/ml-pipeline/venv/lib/python3.11/site-packages/airflow/example_dags/example_latest_only.py
[2026-05-24T15:29:30.647+0000] {processor.py:840} INFO - DAG(s) 'latest_only' retrieved from /home/varn1t/ml-pipeline/venv/lib/python3.11/site-packages/airflow/example_dags/example_latest_only.py
[2026-05-24T15:29:30.658+0000] {logging_mixin.py:188} INFO - [2026-05-24T15:29:30.658+0000] {dag.py:3096} INFO - Sync 1 DAGs
[2026-05-24T15:29:30.672+0000] {logging_mixin.py:188} INFO - [2026-05-24T15:29:30.671+0000] {dag.py:3954} INFO - Setting next_dagrun for latest_only to 2026-05-24 08:00:00+00:00, run_after=2026-05-24 12:00:00+00:00
[2026-05-24T15:29:30.686+0000] {processor.py:183} INFO - Processing /home/varn1t/ml-pipeline/venv/lib/python3.11/site-packages/airflow/example_dags/example_latest_only.py took 0.051 seconds
[2026-05-24T15:30:24.501+0000] {processor.py:161} INFO - Started process (PID=44200) to work on /home/varn1t/ml-pipeline/venv/lib/python3.11/site-packages/airflow/example_dags/example_latest_only.py
[2026-05-24T15:30:24.502+0000] {processor.py:830} INFO - Processing file /home/varn1t/ml-pipeline/venv/lib/python3.11/site-packages/airflow/example_dags/example_latest_only.py for tasks to queue
[2026-05-24T15:30:24.503+0000] {logging_mixin.py:188} INFO - [2026-05-24T15:30:24.502+0000] {dagbag.py:545} INFO - Filling up the DagBag from /home/varn1t/ml-pipeline/venv/lib/python3.11/site-packages/airflow/example_dags/example_latest_only.py
[2026-05-24T15:30:24.508+0000] {processor.py:840} INFO - DAG(s) 'latest_only' retrieved from /home/varn1t/ml-pipeline/venv/lib/python3.11/site-packages/airflow/example_dags/example_latest_only.py
[2026-05-24T15:30:24.523+0000] {logging_mixin.py:188} INFO - [2026-05-24T15:30:24.523+0000] {dag.py:3096} INFO - Sync 1 DAGs
[2026-05-24T15:30:24.539+0000] {logging_mixin.py:188} INFO - [2026-05-24T15:30:24.539+0000] {dag.py:3954} INFO - Setting next_dagrun for latest_only to 2026-05-24 08:00:00+00:00, run_after=2026-05-24 12:00:00+00:00
[2026-05-24T15:30:24.556+0000] {processor.py:183} INFO - Processing /home/varn1t/ml-pipeline/venv/lib/python3.11/site-packages/airflow/example_dags/example_latest_only.py took 0.064 seconds
[2026-05-24T15:31:15.528+0000] {processor.py:161} INFO - Started process (PID=44976) to work on /home/varn1t/ml-pipeline/venv/lib/python3.11/site-packages/airflow/example_dags/example_latest_only.py
[2026-05-24T15:31:15.529+0000] {processor.py:830} INFO - Processing file /home/varn1t/ml-pipeline/venv/lib/python3.11/site-packages/airflow/example_dags/example_latest_only.py for tasks to queue
[2026-05-24T15:31:15.529+0000] {logging_mixin.py:188} INFO - [2026-05-24T15:31:15.529+0000] {dagbag.py:545} INFO - Filling up the DagBag from /home/varn1t/ml-pipeline/venv/lib/python3.11/site-packages/airflow/example_dags/example_latest_only.py
[2026-05-24T15:31:15.533+0000] {processor.py:840} INFO - DAG(s) 'latest_only' retrieved from /home/varn1t/ml-pipeline/venv/lib/python3.11/site-packages/airflow/example_dags/example_latest_only.py
[2026-05-24T15:31:15.544+0000] {logging_mixin.py:188} INFO - [2026-05-24T15:31:15.544+0000] {dag.py:3096} INFO - Sync 1 DAGs
[2026-05-24T15:31:15.557+0000] {logging_mixin.py:188} INFO - [2026-05-24T15:31:15.557+0000] {dag.py:3954} INFO - Setting next_dagrun for latest_only to 2026-05-24 08:00:00+00:00, run_after=2026-05-24 12:00:00+00:00
[2026-05-24T15:31:15.573+0000] {processor.py:183} INFO - Processing /home/varn1t/ml-pipeline/venv/lib/python3.11/site-packages/airflow/example_dags/example_latest_only.py took 0.052 seconds
[2026-05-24T15:32:17.981+0000] {processor.py:161} INFO - Started process (PID=45599) to work on /home/varn1t/ml-pipeline/venv/lib/python3.11/site-packages/airflow/example_dags/example_latest_only.py
[2026-05-24T15:32:17.982+0000] {processor.py:830} INFO - Processing file /home/varn1t/ml-pipeline/venv/lib/python3.11/site-packages/airflow/example_dags/example_latest_only.py for tasks to queue
[2026-05-24T15:32:17.982+0000] {logging_mixin.py:188} INFO - [2026-05-24T15:32:17.982+0000] {dagbag.py:545} INFO - Filling up the DagBag from /home/varn1t/ml-pipeline/venv/lib/python3.11/site-packages/airflow/example_dags/example_latest_only.py
[2026-05-24T15:32:17.987+0000] {processor.py:840} INFO - DAG(s) 'latest_only' retrieved from /home/varn1t/ml-pipeline/venv/lib/python3.11/site-packages/airflow/example_dags/example_latest_only.py
[2026-05-24T15:32:17.999+0000] {logging_mixin.py:188} INFO - [2026-05-24T15:32:17.998+0000] {dag.py:3096} INFO - Sync 1 DAGs
[2026-05-24T15:32:18.013+0000] {logging_mixin.py:188} INFO - [2026-05-24T15:32:18.013+0000] {dag.py:3954} INFO - Setting next_dagrun for latest_only to 2026-05-24 08:00:00+00:00, run_after=2026-05-24 12:00:00+00:00
[2026-05-24T15:32:18.028+0000] {processor.py:183} INFO - Processing /home/varn1t/ml-pipeline/venv/lib/python3.11/site-packages/airflow/example_dags/example_latest_only.py took 0.053 seconds
[2026-05-24T15:33:03.077+0000] {processor.py:161} INFO - Started process (PID=45794) to work on /home/varn1t/ml-pipeline/venv/lib/python3.11/site-packages/airflow/example_dags/example_latest_only.py
[2026-05-24T15:33:03.078+0000] {processor.py:830} INFO - Processing file /home/varn1t/ml-pipeline/venv/lib/python3.11/site-packages/airflow/example_dags/example_latest_only.py for tasks to queue
[2026-05-24T15:33:03.079+0000] {logging_mixin.py:188} INFO - [2026-05-24T15:33:03.078+0000] {dagbag.py:545} INFO - Filling up the DagBag from /home/varn1t/ml-pipeline/venv/lib/python3.11/site-packages/airflow/example_dags/example_latest_only.py
[2026-05-24T15:33:03.082+0000] {processor.py:840} INFO - DAG(s) 'latest_only' retrieved from /home/varn1t/ml-pipeline/venv/lib/python3.11/site-packages/airflow/example_dags/example_latest_only.py
[2026-05-24T15:33:03.092+0000] {logging_mixin.py:188} INFO - [2026-05-24T15:33:03.092+0000] {dag.py:3096} INFO - Sync 1 DAGs
[2026-05-24T15:33:03.105+0000] {logging_mixin.py:188} INFO - [2026-05-24T15:33:03.104+0000] {dag.py:3954} INFO - Setting next_dagrun for latest_only to 2026-05-24 08:00:00+00:00, run_after=2026-05-24 12:00:00+00:00
[2026-05-24T15:33:03.118+0000] {processor.py:183} INFO - Processing /home/varn1t/ml-pipeline/venv/lib/python3.11/site-packages/airflow/example_dags/example_latest_only.py took 0.046 seconds
[2026-05-24T15:33:47.794+0000] {processor.py:161} INFO - Started process (PID=45985) to work on /home/varn1t/ml-pipeline/venv/lib/python3.11/site-packages/airflow/example_dags/example_latest_only.py
[2026-05-24T15:33:47.795+0000] {processor.py:830} INFO - Processing file /home/varn1t/ml-pipeline/venv/lib/python3.11/site-packages/airflow/example_dags/example_latest_only.py for tasks to queue
[2026-05-24T15:33:47.795+0000] {logging_mixin.py:188} INFO - [2026-05-24T15:33:47.795+0000] {dagbag.py:545} INFO - Filling up the DagBag from /home/varn1t/ml-pipeline/venv/lib/python3.11/site-packages/airflow/example_dags/example_latest_only.py
[2026-05-24T15:33:47.799+0000] {processor.py:840} INFO - DAG(s) 'latest_only' retrieved from /home/varn1t/ml-pipeline/venv/lib/python3.11/site-packages/airflow/example_dags/example_latest_only.py
[2026-05-24T15:33:47.811+0000] {logging_mixin.py:188} INFO - [2026-05-24T15:33:47.810+0000] {dag.py:3096} INFO - Sync 1 DAGs
[2026-05-24T15:33:47.822+0000] {logging_mixin.py:188} INFO - [2026-05-24T15:33:47.822+0000] {dag.py:3954} INFO - Setting next_dagrun for latest_only to 2026-05-24 08:00:00+00:00, run_after=2026-05-24 12:00:00+00:00
[2026-05-24T15:33:47.838+0000] {processor.py:183} INFO - Processing /home/varn1t/ml-pipeline/venv/lib/python3.11/site-packages/airflow/example_dags/example_latest_only.py took 0.051 seconds
[2026-05-24T15:34:30.827+0000] {processor.py:161} INFO - Started process (PID=46241) to work on /home/varn1t/ml-pipeline/venv/lib/python3.11/site-packages/airflow/example_dags/example_latest_only.py
[2026-05-24T15:34:30.828+0000] {processor.py:830} INFO - Processing file /home/varn1t/ml-pipeline/venv/lib/python3.11/site-packages/airflow/example_dags/example_latest_only.py for tasks to queue
[2026-05-24T15:34:30.828+0000] {logging_mixin.py:188} INFO - [2026-05-24T15:34:30.828+0000] {dagbag.py:545} INFO - Filling up the DagBag from /home/varn1t/ml-pipeline/venv/lib/python3.11/site-packages/airflow/example_dags/example_latest_only.py
[2026-05-24T15:34:30.833+0000] {processor.py:840} INFO - DAG(s) 'latest_only' retrieved from /home/varn1t/ml-pipeline/venv/lib/python3.11/site-packages/airflow/example_dags/example_latest_only.py
[2026-05-24T15:34:30.844+0000] {logging_mixin.py:188} INFO - [2026-05-24T15:34:30.844+0000] {dag.py:3096} INFO - Sync 1 DAGs
[2026-05-24T15:34:30.858+0000] {logging_mixin.py:188} INFO - [2026-05-24T15:34:30.858+0000] {dag.py:3954} INFO - Setting next_dagrun for latest_only to 2026-05-24 08:00:00+00:00, run_after=2026-05-24 12:00:00+00:00
[2026-05-24T15:34:30.875+0000] {processor.py:183} INFO - Processing /home/varn1t/ml-pipeline/venv/lib/python3.11/site-packages/airflow/example_dags/example_latest_only.py took 0.055 seconds
[2026-05-24T15:41:55.504+0000] {processor.py:161} INFO - Started process (PID=2268) to work on /home/varn1t/ml-pipeline/venv/lib/python3.11/site-packages/airflow/example_dags/example_latest_only.py
[2026-05-24T15:41:55.505+0000] {processor.py:830} INFO - Processing file /home/varn1t/ml-pipeline/venv/lib/python3.11/site-packages/airflow/example_dags/example_latest_only.py for tasks to queue
[2026-05-24T15:41:55.507+0000] {logging_mixin.py:188} INFO - [2026-05-24T15:41:55.506+0000] {dagbag.py:545} INFO - Filling up the DagBag from /home/varn1t/ml-pipeline/venv/lib/python3.11/site-packages/airflow/example_dags/example_latest_only.py
[2026-05-24T15:41:55.513+0000] {processor.py:840} INFO - DAG(s) 'latest_only' retrieved from /home/varn1t/ml-pipeline/venv/lib/python3.11/site-packages/airflow/example_dags/example_latest_only.py
[2026-05-24T15:41:55.544+0000] {logging_mixin.py:188} INFO - [2026-05-24T15:41:55.544+0000] {dag.py:3096} INFO - Sync 1 DAGs
[2026-05-24T15:41:55.565+0000] {logging_mixin.py:188} INFO - [2026-05-24T15:41:55.565+0000] {dag.py:3954} INFO - Setting next_dagrun for latest_only to 2026-05-24 08:00:00+00:00, run_after=2026-05-24 12:00:00+00:00
[2026-05-24T15:41:55.593+0000] {processor.py:183} INFO - Processing /home/varn1t/ml-pipeline/venv/lib/python3.11/site-packages/airflow/example_dags/example_latest_only.py took 0.102 seconds
[2026-05-24T15:42:45.947+0000] {processor.py:161} INFO - Started process (PID=2608) to work on /home/varn1t/ml-pipeline/venv/lib/python3.11/site-packages/airflow/example_dags/example_latest_only.py
[2026-05-24T15:42:45.948+0000] {processor.py:830} INFO - Processing file /home/varn1t/ml-pipeline/venv/lib/python3.11/site-packages/airflow/example_dags/example_latest_only.py for tasks to queue
[2026-05-24T15:42:45.949+0000] {logging_mixin.py:188} INFO - [2026-05-24T15:42:45.949+0000] {dagbag.py:545} INFO - Filling up the DagBag from /home/varn1t/ml-pipeline/venv/lib/python3.11/site-packages/airflow/example_dags/example_latest_only.py
[2026-05-24T15:42:45.953+0000] {processor.py:840} INFO - DAG(s) 'latest_only' retrieved from /home/varn1t/ml-pipeline/venv/lib/python3.11/site-packages/airflow/example_dags/example_latest_only.py
[2026-05-24T15:42:45.966+0000] {logging_mixin.py:188} INFO - [2026-05-24T15:42:45.966+0000] {dag.py:3096} INFO - Sync 1 DAGs
[2026-05-24T15:42:45.982+0000] {logging_mixin.py:188} INFO - [2026-05-24T15:42:45.982+0000] {dag.py:3954} INFO - Setting next_dagrun for latest_only to 2026-05-24 08:00:00+00:00, run_after=2026-05-24 12:00:00+00:00
[2026-05-24T15:42:46.002+0000] {processor.py:183} INFO - Processing /home/varn1t/ml-pipeline/venv/lib/python3.11/site-packages/airflow/example_dags/example_latest_only.py took 0.060 seconds
[2026-05-24T15:43:41.424+0000] {processor.py:161} INFO - Started process (PID=2882) to work on /home/varn1t/ml-pipeline/venv/lib/python3.11/site-packages/airflow/example_dags/example_latest_only.py
[2026-05-24T15:43:41.425+0000] {processor.py:830} INFO - Processing file /home/varn1t/ml-pipeline/venv/lib/python3.11/site-packages/airflow/example_dags/example_latest_only.py for tasks to queue
[2026-05-24T15:43:41.427+0000] {logging_mixin.py:188} INFO - [2026-05-24T15:43:41.426+0000] {dagbag.py:545} INFO - Filling up the DagBag from /home/varn1t/ml-pipeline/venv/lib/python3.11/site-packages/airflow/example_dags/example_latest_only.py
[2026-05-24T15:43:41.430+0000] {processor.py:840} INFO - DAG(s) 'latest_only' retrieved from /home/varn1t/ml-pipeline/venv/lib/python3.11/site-packages/airflow/example_dags/example_latest_only.py
[2026-05-24T15:43:41.442+0000] {logging_mixin.py:188} INFO - [2026-05-24T15:43:41.442+0000] {dag.py:3096} INFO - Sync 1 DAGs
[2026-05-24T15:43:41.543+0000] {logging_mixin.py:188} INFO - [2026-05-24T15:43:41.542+0000] {dag.py:3954} INFO - Setting next_dagrun for latest_only to 2026-05-24 08:00:00+00:00, run_after=2026-05-24 12:00:00+00:00
[2026-05-24T15:43:41.559+0000] {processor.py:183} INFO - Processing /home/varn1t/ml-pipeline/venv/lib/python3.11/site-packages/airflow/example_dags/example_latest_only.py took 0.140 seconds
[2026-05-24T15:44:29.514+0000] {processor.py:161} INFO - Started process (PID=3121) to work on /home/varn1t/ml-pipeline/venv/lib/python3.11/site-packages/airflow/example_dags/example_latest_only.py
[2026-05-24T15:44:29.515+0000] {processor.py:830} INFO - Processing file /home/varn1t/ml-pipeline/venv/lib/python3.11/site-packages/airflow/example_dags/example_latest_only.py for tasks to queue
[2026-05-24T15:44:29.516+0000] {logging_mixin.py:188} INFO - [2026-05-24T15:44:29.516+0000] {dagbag.py:545} INFO - Filling up the DagBag from /home/varn1t/ml-pipeline/venv/lib/python3.11/site-packages/airflow/example_dags/example_latest_only.py
[2026-05-24T15:44:29.520+0000] {processor.py:840} INFO - DAG(s) 'latest_only' retrieved from /home/varn1t/ml-pipeline/venv/lib/python3.11/site-packages/airflow/example_dags/example_latest_only.py
[2026-05-24T15:44:29.532+0000] {logging_mixin.py:188} INFO - [2026-05-24T15:44:29.531+0000] {dag.py:3096} INFO - Sync 1 DAGs
[2026-05-24T15:44:29.545+0000] {logging_mixin.py:188} INFO - [2026-05-24T15:44:29.545+0000] {dag.py:3954} INFO - Setting next_dagrun for latest_only to 2026-05-24 08:00:00+00:00, run_after=2026-05-24 12:00:00+00:00
[2026-05-24T15:44:29.564+0000] {processor.py:183} INFO - Processing /home/varn1t/ml-pipeline/venv/lib/python3.11/site-packages/airflow/example_dags/example_latest_only.py took 0.055 seconds
[2026-05-24T15:45:34.138+0000] {processor.py:161} INFO - Started process (PID=3666) to work on /home/varn1t/ml-pipeline/venv/lib/python3.11/site-packages/airflow/example_dags/example_latest_only.py
[2026-05-24T15:45:34.143+0000] {processor.py:830} INFO - Processing file /home/varn1t/ml-pipeline/venv/lib/python3.11/site-packages/airflow/example_dags/example_latest_only.py for tasks to queue
[2026-05-24T15:45:34.153+0000] {logging_mixin.py:188} INFO - [2026-05-24T15:45:34.152+0000] {dagbag.py:545} INFO - Filling up the DagBag from /home/varn1t/ml-pipeline/venv/lib/python3.11/site-packages/airflow/example_dags/example_latest_only.py
[2026-05-24T15:45:34.185+0000] {processor.py:840} INFO - DAG(s) 'latest_only' retrieved from /home/varn1t/ml-pipeline/venv/lib/python3.11/site-packages/airflow/example_dags/example_latest_only.py
[2026-05-24T15:45:34.259+0000] {logging_mixin.py:188} INFO - [2026-05-24T15:45:34.259+0000] {dag.py:3096} INFO - Sync 1 DAGs
[2026-05-24T15:45:34.311+0000] {logging_mixin.py:188} INFO - [2026-05-24T15:45:34.311+0000] {dag.py:3954} INFO - Setting next_dagrun for latest_only to 2026-05-24 08:00:00+00:00, run_after=2026-05-24 12:00:00+00:00
[2026-05-24T15:45:34.356+0000] {processor.py:183} INFO - Processing /home/varn1t/ml-pipeline/venv/lib/python3.11/site-packages/airflow/example_dags/example_latest_only.py took 0.265 seconds
[2026-05-24T15:46:30.622+0000] {processor.py:161} INFO - Started process (PID=4120) to work on /home/varn1t/ml-pipeline/venv/lib/python3.11/site-packages/airflow/example_dags/example_latest_only.py
[2026-05-24T15:46:30.623+0000] {processor.py:830} INFO - Processing file /home/varn1t/ml-pipeline/venv/lib/python3.11/site-packages/airflow/example_dags/example_latest_only.py for tasks to queue
[2026-05-24T15:46:30.625+0000] {logging_mixin.py:188} INFO - [2026-05-24T15:46:30.624+0000] {dagbag.py:545} INFO - Filling up the DagBag from /home/varn1t/ml-pipeline/venv/lib/python3.11/site-packages/airflow/example_dags/example_latest_only.py
[2026-05-24T15:46:30.630+0000] {processor.py:840} INFO - DAG(s) 'latest_only' retrieved from /home/varn1t/ml-pipeline/venv/lib/python3.11/site-packages/airflow/example_dags/example_latest_only.py
[2026-05-24T15:46:30.654+0000] {logging_mixin.py:188} INFO - [2026-05-24T15:46:30.654+0000] {dag.py:3096} INFO - Sync 1 DAGs
[2026-05-24T15:46:30.678+0000] {logging_mixin.py:188} INFO - [2026-05-24T15:46:30.677+0000] {dag.py:3954} INFO - Setting next_dagrun for latest_only to 2026-05-24 08:00:00+00:00, run_after=2026-05-24 12:00:00+00:00
[2026-05-24T15:46:30.698+0000] {processor.py:183} INFO - Processing /home/varn1t/ml-pipeline/venv/lib/python3.11/site-packages/airflow/example_dags/example_latest_only.py took 0.085 seconds
[2026-05-24T15:47:22.701+0000] {processor.py:161} INFO - Started process (PID=4544) to work on /home/varn1t/ml-pipeline/venv/lib/python3.11/site-packages/airflow/example_dags/example_latest_only.py
[2026-05-24T15:47:22.702+0000] {processor.py:830} INFO - Processing file /home/varn1t/ml-pipeline/venv/lib/python3.11/site-packages/airflow/example_dags/example_latest_only.py for tasks to queue
[2026-05-24T15:47:22.705+0000] {logging_mixin.py:188} INFO - [2026-05-24T15:47:22.704+0000] {dagbag.py:545} INFO - Filling up the DagBag from /home/varn1t/ml-pipeline/venv/lib/python3.11/site-packages/airflow/example_dags/example_latest_only.py
[2026-05-24T15:47:22.711+0000] {processor.py:840} INFO - DAG(s) 'latest_only' retrieved from /home/varn1t/ml-pipeline/venv/lib/python3.11/site-packages/airflow/example_dags/example_latest_only.py
[2026-05-24T15:47:22.741+0000] {logging_mixin.py:188} INFO - [2026-05-24T15:47:22.740+0000] {dag.py:3096} INFO - Sync 1 DAGs
[2026-05-24T15:47:22.771+0000] {logging_mixin.py:188} INFO - [2026-05-24T15:47:22.771+0000] {dag.py:3954} INFO - Setting next_dagrun for latest_only to 2026-05-24 08:00:00+00:00, run_after=2026-05-24 12:00:00+00:00
[2026-05-24T15:47:22.800+0000] {processor.py:183} INFO - Processing /home/varn1t/ml-pipeline/venv/lib/python3.11/site-packages/airflow/example_dags/example_latest_only.py took 0.110 seconds
[2026-05-24T15:48:13.274+0000] {processor.py:161} INFO - Started process (PID=4943) to work on /home/varn1t/ml-pipeline/venv/lib/python3.11/site-packages/airflow/example_dags/example_latest_only.py
[2026-05-24T15:48:13.275+0000] {processor.py:830} INFO - Processing file /home/varn1t/ml-pipeline/venv/lib/python3.11/site-packages/airflow/example_dags/example_latest_only.py for tasks to queue
[2026-05-24T15:48:13.278+0000] {logging_mixin.py:188} INFO - [2026-05-24T15:48:13.277+0000] {dagbag.py:545} INFO - Filling up the DagBag from /home/varn1t/ml-pipeline/venv/lib/python3.11/site-packages/airflow/example_dags/example_latest_only.py
[2026-05-24T15:48:13.284+0000] {processor.py:840} INFO - DAG(s) 'latest_only' retrieved from /home/varn1t/ml-pipeline/venv/lib/python3.11/site-packages/airflow/example_dags/example_latest_only.py
[2026-05-24T15:48:13.305+0000] {logging_mixin.py:188} INFO - [2026-05-24T15:48:13.304+0000] {dag.py:3096} INFO - Sync 1 DAGs
[2026-05-24T15:48:13.325+0000] {logging_mixin.py:188} INFO - [2026-05-24T15:48:13.325+0000] {dag.py:3954} INFO - Setting next_dagrun for latest_only to 2026-05-24 08:00:00+00:00, run_after=2026-05-24 12:00:00+00:00
[2026-05-24T15:48:13.356+0000] {processor.py:183} INFO - Processing /home/varn1t/ml-pipeline/venv/lib/python3.11/site-packages/airflow/example_dags/example_latest_only.py took 0.093 seconds
[2026-05-24T15:49:02.292+0000] {processor.py:161} INFO - Started process (PID=5321) to work on /home/varn1t/ml-pipeline/venv/lib/python3.11/site-packages/airflow/example_dags/example_latest_only.py
[2026-05-24T15:49:02.293+0000] {processor.py:830} INFO - Processing file /home/varn1t/ml-pipeline/venv/lib/python3.11/site-packages/airflow/example_dags/example_latest_only.py for tasks to queue
[2026-05-24T15:49:02.295+0000] {logging_mixin.py:188} INFO - [2026-05-24T15:49:02.295+0000] {dagbag.py:545} INFO - Filling up the DagBag from /home/varn1t/ml-pipeline/venv/lib/python3.11/site-packages/airflow/example_dags/example_latest_only.py
[2026-05-24T15:49:02.302+0000] {processor.py:840} INFO - DAG(s) 'latest_only' retrieved from /home/varn1t/ml-pipeline/venv/lib/python3.11/site-packages/airflow/example_dags/example_latest_only.py
[2026-05-24T15:49:02.331+0000] {logging_mixin.py:188} INFO - [2026-05-24T15:49:02.331+0000] {dag.py:3096} INFO - Sync 1 DAGs
[2026-05-24T15:49:02.347+0000] {logging_mixin.py:188} INFO - [2026-05-24T15:49:02.347+0000] {dag.py:3954} INFO - Setting next_dagrun for latest_only to 2026-05-24 08:00:00+00:00, run_after=2026-05-24 12:00:00+00:00
[2026-05-24T15:49:02.368+0000] {processor.py:183} INFO - Processing /home/varn1t/ml-pipeline/venv/lib/python3.11/site-packages/airflow/example_dags/example_latest_only.py took 0.092 seconds
[2026-05-24T15:49:47.976+0000] {processor.py:161} INFO - Started process (PID=5720) to work on /home/varn1t/ml-pipeline/venv/lib/python3.11/site-packages/airflow/example_dags/example_latest_only.py
[2026-05-24T15:49:47.976+0000] {processor.py:830} INFO - Processing file /home/varn1t/ml-pipeline/venv/lib/python3.11/site-packages/airflow/example_dags/example_latest_only.py for tasks to queue
[2026-05-24T15:49:47.977+0000] {logging_mixin.py:188} INFO - [2026-05-24T15:49:47.977+0000] {dagbag.py:545} INFO - Filling up the DagBag from /home/varn1t/ml-pipeline/venv/lib/python3.11/site-packages/airflow/example_dags/example_latest_only.py
[2026-05-24T15:49:47.983+0000] {processor.py:840} INFO - DAG(s) 'latest_only' retrieved from /home/varn1t/ml-pipeline/venv/lib/python3.11/site-packages/airflow/example_dags/example_latest_only.py
[2026-05-24T15:49:47.996+0000] {logging_mixin.py:188} INFO - [2026-05-24T15:49:47.996+0000] {dag.py:3096} INFO - Sync 1 DAGs
[2026-05-24T15:49:48.010+0000] {logging_mixin.py:188} INFO - [2026-05-24T15:49:48.010+0000] {dag.py:3954} INFO - Setting next_dagrun for latest_only to 2026-05-24 08:00:00+00:00, run_after=2026-05-24 12:00:00+00:00
[2026-05-24T15:49:48.026+0000] {processor.py:183} INFO - Processing /home/varn1t/ml-pipeline/venv/lib/python3.11/site-packages/airflow/example_dags/example_latest_only.py took 0.054 seconds
[2026-05-24T15:50:49.862+0000] {processor.py:161} INFO - Started process (PID=6271) to work on /home/varn1t/ml-pipeline/venv/lib/python3.11/site-packages/airflow/example_dags/example_latest_only.py
[2026-05-24T15:50:49.863+0000] {processor.py:830} INFO - Processing file /home/varn1t/ml-pipeline/venv/lib/python3.11/site-packages/airflow/example_dags/example_latest_only.py for tasks to queue
[2026-05-24T15:50:49.865+0000] {logging_mixin.py:188} INFO - [2026-05-24T15:50:49.865+0000] {dagbag.py:545} INFO - Filling up the DagBag from /home/varn1t/ml-pipeline/venv/lib/python3.11/site-packages/airflow/example_dags/example_latest_only.py
[2026-05-24T15:50:49.870+0000] {processor.py:840} INFO - DAG(s) 'latest_only' retrieved from /home/varn1t/ml-pipeline/venv/lib/python3.11/site-packages/airflow/example_dags/example_latest_only.py
[2026-05-24T15:50:49.882+0000] {logging_mixin.py:188} INFO - [2026-05-24T15:50:49.882+0000] {dag.py:3096} INFO - Sync 1 DAGs
[2026-05-24T15:50:49.899+0000] {logging_mixin.py:188} INFO - [2026-05-24T15:50:49.899+0000] {dag.py:3954} INFO - Setting next_dagrun for latest_only to 2026-05-24 08:00:00+00:00, run_after=2026-05-24 12:00:00+00:00
[2026-05-24T15:50:49.917+0000] {processor.py:183} INFO - Processing /home/varn1t/ml-pipeline/venv/lib/python3.11/site-packages/airflow/example_dags/example_latest_only.py took 0.060 seconds
[2026-05-24T15:51:34.078+0000] {processor.py:161} INFO - Started process (PID=6671) to work on /home/varn1t/ml-pipeline/venv/lib/python3.11/site-packages/airflow/example_dags/example_latest_only.py
[2026-05-24T15:51:34.080+0000] {processor.py:830} INFO - Processing file /home/varn1t/ml-pipeline/venv/lib/python3.11/site-packages/airflow/example_dags/example_latest_only.py for tasks to queue
[2026-05-24T15:51:34.081+0000] {logging_mixin.py:188} INFO - [2026-05-24T15:51:34.081+0000] {dagbag.py:545} INFO - Filling up the DagBag from /home/varn1t/ml-pipeline/venv/lib/python3.11/site-packages/airflow/example_dags/example_latest_only.py
[2026-05-24T15:51:34.087+0000] {processor.py:840} INFO - DAG(s) 'latest_only' retrieved from /home/varn1t/ml-pipeline/venv/lib/python3.11/site-packages/airflow/example_dags/example_latest_only.py
[2026-05-24T15:51:34.099+0000] {logging_mixin.py:188} INFO - [2026-05-24T15:51:34.099+0000] {dag.py:3096} INFO - Sync 1 DAGs
[2026-05-24T15:51:34.113+0000] {logging_mixin.py:188} INFO - [2026-05-24T15:51:34.113+0000] {dag.py:3954} INFO - Setting next_dagrun for latest_only to 2026-05-24 08:00:00+00:00, run_after=2026-05-24 12:00:00+00:00
[2026-05-24T15:51:34.133+0000] {processor.py:183} INFO - Processing /home/varn1t/ml-pipeline/venv/lib/python3.11/site-packages/airflow/example_dags/example_latest_only.py took 0.059 seconds
[2026-05-24T15:52:20.077+0000] {processor.py:161} INFO - Started process (PID=7022) to work on /home/varn1t/ml-pipeline/venv/lib/python3.11/site-packages/airflow/example_dags/example_latest_only.py
[2026-05-24T15:52:20.078+0000] {processor.py:830} INFO - Processing file /home/varn1t/ml-pipeline/venv/lib/python3.11/site-packages/airflow/example_dags/example_latest_only.py for tasks to queue
[2026-05-24T15:52:20.080+0000] {logging_mixin.py:188} INFO - [2026-05-24T15:52:20.080+0000] {dagbag.py:545} INFO - Filling up the DagBag from /home/varn1t/ml-pipeline/venv/lib/python3.11/site-packages/airflow/example_dags/example_latest_only.py
[2026-05-24T15:52:20.083+0000] {processor.py:840} INFO - DAG(s) 'latest_only' retrieved from /home/varn1t/ml-pipeline/venv/lib/python3.11/site-packages/airflow/example_dags/example_latest_only.py
[2026-05-24T15:52:20.096+0000] {logging_mixin.py:188} INFO - [2026-05-24T15:52:20.096+0000] {dag.py:3096} INFO - Sync 1 DAGs
[2026-05-24T15:52:20.110+0000] {logging_mixin.py:188} INFO - [2026-05-24T15:52:20.110+0000] {dag.py:3954} INFO - Setting next_dagrun for latest_only to 2026-05-24 08:00:00+00:00, run_after=2026-05-24 12:00:00+00:00
[2026-05-24T15:52:20.127+0000] {processor.py:183} INFO - Processing /home/varn1t/ml-pipeline/venv/lib/python3.11/site-packages/airflow/example_dags/example_latest_only.py took 0.054 seconds
[2026-05-24T15:53:06.702+0000] {processor.py:161} INFO - Started process (PID=7292) to work on /home/varn1t/ml-pipeline/venv/lib/python3.11/site-packages/airflow/example_dags/example_latest_only.py
[2026-05-24T15:53:06.703+0000] {processor.py:830} INFO - Processing file /home/varn1t/ml-pipeline/venv/lib/python3.11/site-packages/airflow/example_dags/example_latest_only.py for tasks to queue
[2026-05-24T15:53:06.704+0000] {logging_mixin.py:188} INFO - [2026-05-24T15:53:06.704+0000] {dagbag.py:545} INFO - Filling up the DagBag from /home/varn1t/ml-pipeline/venv/lib/python3.11/site-packages/airflow/example_dags/example_latest_only.py
[2026-05-24T15:53:06.707+0000] {processor.py:840} INFO - DAG(s) 'latest_only' retrieved from /home/varn1t/ml-pipeline/venv/lib/python3.11/site-packages/airflow/example_dags/example_latest_only.py
[2026-05-24T15:53:06.720+0000] {logging_mixin.py:188} INFO - [2026-05-24T15:53:06.720+0000] {dag.py:3096} INFO - Sync 1 DAGs
[2026-05-24T15:53:06.733+0000] {logging_mixin.py:188} INFO - [2026-05-24T15:53:06.733+0000] {dag.py:3954} INFO - Setting next_dagrun for latest_only to 2026-05-24 08:00:00+00:00, run_after=2026-05-24 12:00:00+00:00
[2026-05-24T15:53:06.751+0000] {processor.py:183} INFO - Processing /home/varn1t/ml-pipeline/venv/lib/python3.11/site-packages/airflow/example_dags/example_latest_only.py took 0.053 seconds
[2026-05-24T15:53:53.157+0000] {processor.py:161} INFO - Started process (PID=7886) to work on /home/varn1t/ml-pipeline/venv/lib/python3.11/site-packages/airflow/example_dags/example_latest_only.py
[2026-05-24T15:53:53.158+0000] {processor.py:830} INFO - Processing file /home/varn1t/ml-pipeline/venv/lib/python3.11/site-packages/airflow/example_dags/example_latest_only.py for tasks to queue
[2026-05-24T15:53:53.159+0000] {logging_mixin.py:188} INFO - [2026-05-24T15:53:53.159+0000] {dagbag.py:545} INFO - Filling up the DagBag from /home/varn1t/ml-pipeline/venv/lib/python3.11/site-packages/airflow/example_dags/example_latest_only.py
[2026-05-24T15:53:53.166+0000] {processor.py:840} INFO - DAG(s) 'latest_only' retrieved from /home/varn1t/ml-pipeline/venv/lib/python3.11/site-packages/airflow/example_dags/example_latest_only.py
[2026-05-24T15:53:53.182+0000] {logging_mixin.py:188} INFO - [2026-05-24T15:53:53.182+0000] {dag.py:3096} INFO - Sync 1 DAGs
[2026-05-24T15:53:53.202+0000] {logging_mixin.py:188} INFO - [2026-05-24T15:53:53.202+0000] {dag.py:3954} INFO - Setting next_dagrun for latest_only to 2026-05-24 08:00:00+00:00, run_after=2026-05-24 12:00:00+00:00
[2026-05-24T15:53:53.226+0000] {processor.py:183} INFO - Processing /home/varn1t/ml-pipeline/venv/lib/python3.11/site-packages/airflow/example_dags/example_latest_only.py took 0.077 seconds
[2026-05-24T15:54:39.547+0000] {processor.py:161} INFO - Started process (PID=8197) to work on /home/varn1t/ml-pipeline/venv/lib/python3.11/site-packages/airflow/example_dags/example_latest_only.py
[2026-05-24T15:54:39.548+0000] {processor.py:830} INFO - Processing file /home/varn1t/ml-pipeline/venv/lib/python3.11/site-packages/airflow/example_dags/example_latest_only.py for tasks to queue
[2026-05-24T15:54:39.549+0000] {logging_mixin.py:188} INFO - [2026-05-24T15:54:39.549+0000] {dagbag.py:545} INFO - Filling up the DagBag from /home/varn1t/ml-pipeline/venv/lib/python3.11/site-packages/airflow/example_dags/example_latest_only.py
[2026-05-24T15:54:39.553+0000] {processor.py:840} INFO - DAG(s) 'latest_only' retrieved from /home/varn1t/ml-pipeline/venv/lib/python3.11/site-packages/airflow/example_dags/example_latest_only.py
[2026-05-24T15:54:39.565+0000] {logging_mixin.py:188} INFO - [2026-05-24T15:54:39.565+0000] {dag.py:3096} INFO - Sync 1 DAGs
[2026-05-24T15:54:39.578+0000] {logging_mixin.py:188} INFO - [2026-05-24T15:54:39.577+0000] {dag.py:3954} INFO - Setting next_dagrun for latest_only to 2026-05-24 08:00:00+00:00, run_after=2026-05-24 12:00:00+00:00
[2026-05-24T15:54:39.596+0000] {processor.py:183} INFO - Processing /home/varn1t/ml-pipeline/venv/lib/python3.11/site-packages/airflow/example_dags/example_latest_only.py took 0.052 seconds
[2026-05-24T15:55:23.505+0000] {processor.py:161} INFO - Started process (PID=8793) to work on /home/varn1t/ml-pipeline/venv/lib/python3.11/site-packages/airflow/example_dags/example_latest_only.py
[2026-05-24T15:55:23.507+0000] {processor.py:830} INFO - Processing file /home/varn1t/ml-pipeline/venv/lib/python3.11/site-packages/airflow/example_dags/example_latest_only.py for tasks to queue
[2026-05-24T15:55:23.508+0000] {logging_mixin.py:188} INFO - [2026-05-24T15:55:23.508+0000] {dagbag.py:545} INFO - Filling up the DagBag from /home/varn1t/ml-pipeline/venv/lib/python3.11/site-packages/airflow/example_dags/example_latest_only.py
[2026-05-24T15:55:23.514+0000] {processor.py:840} INFO - DAG(s) 'latest_only' retrieved from /home/varn1t/ml-pipeline/venv/lib/python3.11/site-packages/airflow/example_dags/example_latest_only.py
[2026-05-24T15:55:23.533+0000] {logging_mixin.py:188} INFO - [2026-05-24T15:55:23.533+0000] {dag.py:3096} INFO - Sync 1 DAGs
[2026-05-24T15:55:23.554+0000] {logging_mixin.py:188} INFO - [2026-05-24T15:55:23.553+0000] {dag.py:3954} INFO - Setting next_dagrun for latest_only to 2026-05-24 08:00:00+00:00, run_after=2026-05-24 12:00:00+00:00
[2026-05-24T15:55:23.575+0000] {processor.py:183} INFO - Processing /home/varn1t/ml-pipeline/venv/lib/python3.11/site-packages/airflow/example_dags/example_latest_only.py took 0.077 seconds
[2026-05-24T15:56:09.279+0000] {processor.py:161} INFO - Started process (PID=9181) to work on /home/varn1t/ml-pipeline/venv/lib/python3.11/site-packages/airflow/example_dags/example_latest_only.py
[2026-05-24T15:56:09.280+0000] {processor.py:830} INFO - Processing file /home/varn1t/ml-pipeline/venv/lib/python3.11/site-packages/airflow/example_dags/example_latest_only.py for tasks to queue
[2026-05-24T15:56:09.282+0000] {logging_mixin.py:188} INFO - [2026-05-24T15:56:09.282+0000] {dagbag.py:545} INFO - Filling up the DagBag from /home/varn1t/ml-pipeline/venv/lib/python3.11/site-packages/airflow/example_dags/example_latest_only.py
[2026-05-24T15:56:09.289+0000] {processor.py:840} INFO - DAG(s) 'latest_only' retrieved from /home/varn1t/ml-pipeline/venv/lib/python3.11/site-packages/airflow/example_dags/example_latest_only.py
[2026-05-24T15:56:09.310+0000] {logging_mixin.py:188} INFO - [2026-05-24T15:56:09.310+0000] {dag.py:3096} INFO - Sync 1 DAGs
[2026-05-24T15:56:09.339+0000] {logging_mixin.py:188} INFO - [2026-05-24T15:56:09.338+0000] {dag.py:3954} INFO - Setting next_dagrun for latest_only to 2026-05-24 08:00:00+00:00, run_after=2026-05-24 12:00:00+00:00
[2026-05-24T15:56:09.375+0000] {processor.py:183} INFO - Processing /home/varn1t/ml-pipeline/venv/lib/python3.11/site-packages/airflow/example_dags/example_latest_only.py took 0.106 seconds
[2026-05-24T15:56:54.241+0000] {processor.py:161} INFO - Started process (PID=9851) to work on /home/varn1t/ml-pipeline/venv/lib/python3.11/site-packages/airflow/example_dags/example_latest_only.py
[2026-05-24T15:56:54.243+0000] {processor.py:830} INFO - Processing file /home/varn1t/ml-pipeline/venv/lib/python3.11/site-packages/airflow/example_dags/example_latest_only.py for tasks to queue
[2026-05-24T15:56:54.247+0000] {logging_mixin.py:188} INFO - [2026-05-24T15:56:54.246+0000] {dagbag.py:545} INFO - Filling up the DagBag from /home/varn1t/ml-pipeline/venv/lib/python3.11/site-packages/airflow/example_dags/example_latest_only.py
[2026-05-24T15:56:54.253+0000] {processor.py:840} INFO - DAG(s) 'latest_only' retrieved from /home/varn1t/ml-pipeline/venv/lib/python3.11/site-packages/airflow/example_dags/example_latest_only.py
[2026-05-24T15:56:54.270+0000] {logging_mixin.py:188} INFO - [2026-05-24T15:56:54.270+0000] {dag.py:3096} INFO - Sync 1 DAGs
[2026-05-24T15:56:54.292+0000] {logging_mixin.py:188} INFO - [2026-05-24T15:56:54.292+0000] {dag.py:3954} INFO - Setting next_dagrun for latest_only to 2026-05-24 08:00:00+00:00, run_after=2026-05-24 12:00:00+00:00
[2026-05-24T15:56:54.317+0000] {processor.py:183} INFO - Processing /home/varn1t/ml-pipeline/venv/lib/python3.11/site-packages/airflow/example_dags/example_latest_only.py took 0.082 seconds
[2026-05-24T15:57:39.719+0000] {processor.py:161} INFO - Started process (PID=10190) to work on /home/varn1t/ml-pipeline/venv/lib/python3.11/site-packages/airflow/example_dags/example_latest_only.py
[2026-05-24T15:57:39.720+0000] {processor.py:830} INFO - Processing file /home/varn1t/ml-pipeline/venv/lib/python3.11/site-packages/airflow/example_dags/example_latest_only.py for tasks to queue
[2026-05-24T15:57:39.722+0000] {logging_mixin.py:188} INFO - [2026-05-24T15:57:39.721+0000] {dagbag.py:545} INFO - Filling up the DagBag from /home/varn1t/ml-pipeline/venv/lib/python3.11/site-packages/airflow/example_dags/example_latest_only.py
[2026-05-24T15:57:39.726+0000] {processor.py:840} INFO - DAG(s) 'latest_only' retrieved from /home/varn1t/ml-pipeline/venv/lib/python3.11/site-packages/airflow/example_dags/example_latest_only.py
[2026-05-24T15:57:39.740+0000] {logging_mixin.py:188} INFO - [2026-05-24T15:57:39.740+0000] {dag.py:3096} INFO - Sync 1 DAGs
[2026-05-24T15:57:39.751+0000] {logging_mixin.py:188} INFO - [2026-05-24T15:57:39.751+0000] {dag.py:3954} INFO - Setting next_dagrun for latest_only to 2026-05-24 08:00:00+00:00, run_after=2026-05-24 12:00:00+00:00
[2026-05-24T15:57:39.764+0000] {processor.py:183} INFO - Processing /home/varn1t/ml-pipeline/venv/lib/python3.11/site-packages/airflow/example_dags/example_latest_only.py took 0.052 seconds
[2026-05-24T15:58:26.077+0000] {processor.py:161} INFO - Started process (PID=10622) to work on /home/varn1t/ml-pipeline/venv/lib/python3.11/site-packages/airflow/example_dags/example_latest_only.py
[2026-05-24T15:58:26.079+0000] {processor.py:830} INFO - Processing file /home/varn1t/ml-pipeline/venv/lib/python3.11/site-packages/airflow/example_dags/example_latest_only.py for tasks to queue
[2026-05-24T15:58:26.083+0000] {logging_mixin.py:188} INFO - [2026-05-24T15:58:26.082+0000] {dagbag.py:545} INFO - Filling up the DagBag from /home/varn1t/ml-pipeline/venv/lib/python3.11/site-packages/airflow/example_dags/example_latest_only.py
[2026-05-24T15:58:26.092+0000] {processor.py:840} INFO - DAG(s) 'latest_only' retrieved from /home/varn1t/ml-pipeline/venv/lib/python3.11/site-packages/airflow/example_dags/example_latest_only.py
[2026-05-24T15:58:26.122+0000] {logging_mixin.py:188} INFO - [2026-05-24T15:58:26.122+0000] {dag.py:3096} INFO - Sync 1 DAGs
[2026-05-24T15:58:26.152+0000] {logging_mixin.py:188} INFO - [2026-05-24T15:58:26.152+0000] {dag.py:3954} INFO - Setting next_dagrun for latest_only to 2026-05-24 08:00:00+00:00, run_after=2026-05-24 12:00:00+00:00
[2026-05-24T15:58:26.190+0000] {processor.py:183} INFO - Processing /home/varn1t/ml-pipeline/venv/lib/python3.11/site-packages/airflow/example_dags/example_latest_only.py took 0.122 seconds
[2026-05-24T15:59:19.509+0000] {processor.py:161} INFO - Started process (PID=11026) to work on /home/varn1t/ml-pipeline/venv/lib/python3.11/site-packages/airflow/example_dags/example_latest_only.py
[2026-05-24T15:59:19.511+0000] {processor.py:830} INFO - Processing file /home/varn1t/ml-pipeline/venv/lib/python3.11/site-packages/airflow/example_dags/example_latest_only.py for tasks to queue
[2026-05-24T15:59:19.514+0000] {logging_mixin.py:188} INFO - [2026-05-24T15:59:19.513+0000] {dagbag.py:545} INFO - Filling up the DagBag from /home/varn1t/ml-pipeline/venv/lib/python3.11/site-packages/airflow/example_dags/example_latest_only.py
[2026-05-24T15:59:19.521+0000] {processor.py:840} INFO - DAG(s) 'latest_only' retrieved from /home/varn1t/ml-pipeline/venv/lib/python3.11/site-packages/airflow/example_dags/example_latest_only.py
[2026-05-24T15:59:19.544+0000] {logging_mixin.py:188} INFO - [2026-05-24T15:59:19.544+0000] {dag.py:3096} INFO - Sync 1 DAGs
[2026-05-24T15:59:19.612+0000] {logging_mixin.py:188} INFO - [2026-05-24T15:59:19.611+0000] {dag.py:3954} INFO - Setting next_dagrun for latest_only to 2026-05-24 08:00:00+00:00, run_after=2026-05-24 12:00:00+00:00
[2026-05-24T15:59:19.645+0000] {processor.py:183} INFO - Processing /home/varn1t/ml-pipeline/venv/lib/python3.11/site-packages/airflow/example_dags/example_latest_only.py took 0.147 seconds
[2026-05-24T16:00:05.761+0000] {processor.py:161} INFO - Started process (PID=11261) to work on /home/varn1t/ml-pipeline/venv/lib/python3.11/site-packages/airflow/example_dags/example_latest_only.py
[2026-05-24T16:00:05.762+0000] {processor.py:830} INFO - Processing file /home/varn1t/ml-pipeline/venv/lib/python3.11/site-packages/airflow/example_dags/example_latest_only.py for tasks to queue
[2026-05-24T16:00:05.764+0000] {logging_mixin.py:188} INFO - [2026-05-24T16:00:05.763+0000] {dagbag.py:545} INFO - Filling up the DagBag from /home/varn1t/ml-pipeline/venv/lib/python3.11/site-packages/airflow/example_dags/example_latest_only.py
[2026-05-24T16:00:05.768+0000] {processor.py:840} INFO - DAG(s) 'latest_only' retrieved from /home/varn1t/ml-pipeline/venv/lib/python3.11/site-packages/airflow/example_dags/example_latest_only.py
[2026-05-24T16:00:05.786+0000] {logging_mixin.py:188} INFO - [2026-05-24T16:00:05.786+0000] {dag.py:3096} INFO - Sync 1 DAGs
[2026-05-24T16:00:05.798+0000] {logging_mixin.py:188} INFO - [2026-05-24T16:00:05.798+0000] {dag.py:3954} INFO - Setting next_dagrun for latest_only to 2026-05-24 12:00:00+00:00, run_after=2026-05-24 16:00:00+00:00
[2026-05-24T16:00:05.813+0000] {processor.py:183} INFO - Processing /home/varn1t/ml-pipeline/venv/lib/python3.11/site-packages/airflow/example_dags/example_latest_only.py took 0.057 seconds
[2026-05-24T16:01:07.274+0000] {processor.py:161} INFO - Started process (PID=11538) to work on /home/varn1t/ml-pipeline/venv/lib/python3.11/site-packages/airflow/example_dags/example_latest_only.py
[2026-05-24T16:01:07.275+0000] {processor.py:830} INFO - Processing file /home/varn1t/ml-pipeline/venv/lib/python3.11/site-packages/airflow/example_dags/example_latest_only.py for tasks to queue
[2026-05-24T16:01:07.277+0000] {logging_mixin.py:188} INFO - [2026-05-24T16:01:07.277+0000] {dagbag.py:545} INFO - Filling up the DagBag from /home/varn1t/ml-pipeline/venv/lib/python3.11/site-packages/airflow/example_dags/example_latest_only.py
[2026-05-24T16:01:07.282+0000] {processor.py:840} INFO - DAG(s) 'latest_only' retrieved from /home/varn1t/ml-pipeline/venv/lib/python3.11/site-packages/airflow/example_dags/example_latest_only.py
[2026-05-24T16:01:07.297+0000] {logging_mixin.py:188} INFO - [2026-05-24T16:01:07.297+0000] {dag.py:3096} INFO - Sync 1 DAGs
[2026-05-24T16:01:07.312+0000] {logging_mixin.py:188} INFO - [2026-05-24T16:01:07.311+0000] {dag.py:3954} INFO - Setting next_dagrun for latest_only to 2026-05-24 12:00:00+00:00, run_after=2026-05-24 16:00:00+00:00
[2026-05-24T16:01:07.330+0000] {processor.py:183} INFO - Processing /home/varn1t/ml-pipeline/venv/lib/python3.11/site-packages/airflow/example_dags/example_latest_only.py took 0.062 seconds
[2026-05-24T16:02:08.393+0000] {processor.py:161} INFO - Started process (PID=11852) to work on /home/varn1t/ml-pipeline/venv/lib/python3.11/site-packages/airflow/example_dags/example_latest_only.py
[2026-05-24T16:02:08.394+0000] {processor.py:830} INFO - Processing file /home/varn1t/ml-pipeline/venv/lib/python3.11/site-packages/airflow/example_dags/example_latest_only.py for tasks to queue
[2026-05-24T16:02:08.395+0000] {logging_mixin.py:188} INFO - [2026-05-24T16:02:08.395+0000] {dagbag.py:545} INFO - Filling up the DagBag from /home/varn1t/ml-pipeline/venv/lib/python3.11/site-packages/airflow/example_dags/example_latest_only.py
[2026-05-24T16:02:08.399+0000] {processor.py:840} INFO - DAG(s) 'latest_only' retrieved from /home/varn1t/ml-pipeline/venv/lib/python3.11/site-packages/airflow/example_dags/example_latest_only.py
[2026-05-24T16:02:08.410+0000] {logging_mixin.py:188} INFO - [2026-05-24T16:02:08.410+0000] {dag.py:3096} INFO - Sync 1 DAGs
[2026-05-24T16:02:08.420+0000] {logging_mixin.py:188} INFO - [2026-05-24T16:02:08.420+0000] {dag.py:3954} INFO - Setting next_dagrun for latest_only to 2026-05-24 12:00:00+00:00, run_after=2026-05-24 16:00:00+00:00
[2026-05-24T16:02:08.435+0000] {processor.py:183} INFO - Processing /home/varn1t/ml-pipeline/venv/lib/python3.11/site-packages/airflow/example_dags/example_latest_only.py took 0.046 seconds
[2026-05-24T16:03:49.258+0000] {processor.py:161} INFO - Started process (PID=13981) to work on /home/varn1t/ml-pipeline/venv/lib/python3.11/site-packages/airflow/example_dags/example_latest_only.py
[2026-05-24T16:03:49.260+0000] {processor.py:830} INFO - Processing file /home/varn1t/ml-pipeline/venv/lib/python3.11/site-packages/airflow/example_dags/example_latest_only.py for tasks to queue
[2026-05-24T16:03:49.262+0000] {logging_mixin.py:188} INFO - [2026-05-24T16:03:49.262+0000] {dagbag.py:545} INFO - Filling up the DagBag from /home/varn1t/ml-pipeline/venv/lib/python3.11/site-packages/airflow/example_dags/example_latest_only.py
[2026-05-24T16:03:49.267+0000] {processor.py:840} INFO - DAG(s) 'latest_only' retrieved from /home/varn1t/ml-pipeline/venv/lib/python3.11/site-packages/airflow/example_dags/example_latest_only.py
[2026-05-24T16:03:49.280+0000] {logging_mixin.py:188} INFO - [2026-05-24T16:03:49.280+0000] {dag.py:3096} INFO - Sync 1 DAGs
[2026-05-24T16:03:49.295+0000] {logging_mixin.py:188} INFO - [2026-05-24T16:03:49.294+0000] {dag.py:3954} INFO - Setting next_dagrun for latest_only to 2026-05-24 12:00:00+00:00, run_after=2026-05-24 16:00:00+00:00
[2026-05-24T16:03:49.315+0000] {processor.py:183} INFO - Processing /home/varn1t/ml-pipeline/venv/lib/python3.11/site-packages/airflow/example_dags/example_latest_only.py took 0.064 seconds
[2026-05-24T16:04:40.905+0000] {processor.py:161} INFO - Started process (PID=14201) to work on /home/varn1t/ml-pipeline/venv/lib/python3.11/site-packages/airflow/example_dags/example_latest_only.py
[2026-05-24T16:04:40.907+0000] {processor.py:830} INFO - Processing file /home/varn1t/ml-pipeline/venv/lib/python3.11/site-packages/airflow/example_dags/example_latest_only.py for tasks to queue
[2026-05-24T16:04:40.909+0000] {logging_mixin.py:188} INFO - [2026-05-24T16:04:40.908+0000] {dagbag.py:545} INFO - Filling up the DagBag from /home/varn1t/ml-pipeline/venv/lib/python3.11/site-packages/airflow/example_dags/example_latest_only.py
[2026-05-24T16:04:40.914+0000] {processor.py:840} INFO - DAG(s) 'latest_only' retrieved from /home/varn1t/ml-pipeline/venv/lib/python3.11/site-packages/airflow/example_dags/example_latest_only.py
[2026-05-24T16:04:40.929+0000] {logging_mixin.py:188} INFO - [2026-05-24T16:04:40.929+0000] {dag.py:3096} INFO - Sync 1 DAGs
[2026-05-24T16:04:40.944+0000] {logging_mixin.py:188} INFO - [2026-05-24T16:04:40.943+0000] {dag.py:3954} INFO - Setting next_dagrun for latest_only to 2026-05-24 12:00:00+00:00, run_after=2026-05-24 16:00:00+00:00
[2026-05-24T16:04:40.962+0000] {processor.py:183} INFO - Processing /home/varn1t/ml-pipeline/venv/lib/python3.11/site-packages/airflow/example_dags/example_latest_only.py took 0.063 seconds
[2026-05-24T16:05:26.855+0000] {processor.py:161} INFO - Started process (PID=14403) to work on /home/varn1t/ml-pipeline/venv/lib/python3.11/site-packages/airflow/example_dags/example_latest_only.py
[2026-05-24T16:05:26.856+0000] {processor.py:830} INFO - Processing file /home/varn1t/ml-pipeline/venv/lib/python3.11/site-packages/airflow/example_dags/example_latest_only.py for tasks to queue
[2026-05-24T16:05:26.857+0000] {logging_mixin.py:188} INFO - [2026-05-24T16:05:26.857+0000] {dagbag.py:545} INFO - Filling up the DagBag from /home/varn1t/ml-pipeline/venv/lib/python3.11/site-packages/airflow/example_dags/example_latest_only.py
[2026-05-24T16:05:26.862+0000] {processor.py:840} INFO - DAG(s) 'latest_only' retrieved from /home/varn1t/ml-pipeline/venv/lib/python3.11/site-packages/airflow/example_dags/example_latest_only.py
[2026-05-24T16:05:26.873+0000] {logging_mixin.py:188} INFO - [2026-05-24T16:05:26.873+0000] {dag.py:3096} INFO - Sync 1 DAGs
[2026-05-24T16:05:26.887+0000] {logging_mixin.py:188} INFO - [2026-05-24T16:05:26.887+0000] {dag.py:3954} INFO - Setting next_dagrun for latest_only to 2026-05-24 12:00:00+00:00, run_after=2026-05-24 16:00:00+00:00
[2026-05-24T16:05:26.905+0000] {processor.py:183} INFO - Processing /home/varn1t/ml-pipeline/venv/lib/python3.11/site-packages/airflow/example_dags/example_latest_only.py took 0.055 seconds
[2026-05-24T16:06:11.292+0000] {processor.py:161} INFO - Started process (PID=14591) to work on /home/varn1t/ml-pipeline/venv/lib/python3.11/site-packages/airflow/example_dags/example_latest_only.py
[2026-05-24T16:06:11.293+0000] {processor.py:830} INFO - Processing file /home/varn1t/ml-pipeline/venv/lib/python3.11/site-packages/airflow/example_dags/example_latest_only.py for tasks to queue
[2026-05-24T16:06:11.294+0000] {logging_mixin.py:188} INFO - [2026-05-24T16:06:11.294+0000] {dagbag.py:545} INFO - Filling up the DagBag from /home/varn1t/ml-pipeline/venv/lib/python3.11/site-packages/airflow/example_dags/example_latest_only.py
[2026-05-24T16:06:11.298+0000] {processor.py:840} INFO - DAG(s) 'latest_only' retrieved from /home/varn1t/ml-pipeline/venv/lib/python3.11/site-packages/airflow/example_dags/example_latest_only.py
[2026-05-24T16:06:11.310+0000] {logging_mixin.py:188} INFO - [2026-05-24T16:06:11.310+0000] {dag.py:3096} INFO - Sync 1 DAGs
[2026-05-24T16:06:11.324+0000] {logging_mixin.py:188} INFO - [2026-05-24T16:06:11.324+0000] {dag.py:3954} INFO - Setting next_dagrun for latest_only to 2026-05-24 12:00:00+00:00, run_after=2026-05-24 16:00:00+00:00
[2026-05-24T16:06:11.340+0000] {processor.py:183} INFO - Processing /home/varn1t/ml-pipeline/venv/lib/python3.11/site-packages/airflow/example_dags/example_latest_only.py took 0.054 seconds
[2026-05-24T16:07:11.576+0000] {processor.py:161} INFO - Started process (PID=14888) to work on /home/varn1t/ml-pipeline/venv/lib/python3.11/site-packages/airflow/example_dags/example_latest_only.py
[2026-05-24T16:07:11.577+0000] {processor.py:830} INFO - Processing file /home/varn1t/ml-pipeline/venv/lib/python3.11/site-packages/airflow/example_dags/example_latest_only.py for tasks to queue
[2026-05-24T16:07:11.578+0000] {logging_mixin.py:188} INFO - [2026-05-24T16:07:11.578+0000] {dagbag.py:545} INFO - Filling up the DagBag from /home/varn1t/ml-pipeline/venv/lib/python3.11/site-packages/airflow/example_dags/example_latest_only.py
[2026-05-24T16:07:11.583+0000] {processor.py:840} INFO - DAG(s) 'latest_only' retrieved from /home/varn1t/ml-pipeline/venv/lib/python3.11/site-packages/airflow/example_dags/example_latest_only.py
[2026-05-24T16:07:11.594+0000] {logging_mixin.py:188} INFO - [2026-05-24T16:07:11.594+0000] {dag.py:3096} INFO - Sync 1 DAGs
[2026-05-24T16:07:11.607+0000] {logging_mixin.py:188} INFO - [2026-05-24T16:07:11.606+0000] {dag.py:3954} INFO - Setting next_dagrun for latest_only to 2026-05-24 12:00:00+00:00, run_after=2026-05-24 16:00:00+00:00
[2026-05-24T16:07:11.624+0000] {processor.py:183} INFO - Processing /home/varn1t/ml-pipeline/venv/lib/python3.11/site-packages/airflow/example_dags/example_latest_only.py took 0.054 seconds
[2026-05-24T16:08:10.977+0000] {processor.py:161} INFO - Started process (PID=15173) to work on /home/varn1t/ml-pipeline/venv/lib/python3.11/site-packages/airflow/example_dags/example_latest_only.py
[2026-05-24T16:08:10.978+0000] {processor.py:830} INFO - Processing file /home/varn1t/ml-pipeline/venv/lib/python3.11/site-packages/airflow/example_dags/example_latest_only.py for tasks to queue
[2026-05-24T16:08:10.980+0000] {logging_mixin.py:188} INFO - [2026-05-24T16:08:10.979+0000] {dagbag.py:545} INFO - Filling up the DagBag from /home/varn1t/ml-pipeline/venv/lib/python3.11/site-packages/airflow/example_dags/example_latest_only.py
[2026-05-24T16:08:10.985+0000] {processor.py:840} INFO - DAG(s) 'latest_only' retrieved from /home/varn1t/ml-pipeline/venv/lib/python3.11/site-packages/airflow/example_dags/example_latest_only.py
[2026-05-24T16:08:10.996+0000] {logging_mixin.py:188} INFO - [2026-05-24T16:08:10.996+0000] {dag.py:3096} INFO - Sync 1 DAGs
[2026-05-24T16:08:11.010+0000] {logging_mixin.py:188} INFO - [2026-05-24T16:08:11.010+0000] {dag.py:3954} INFO - Setting next_dagrun for latest_only to 2026-05-24 12:00:00+00:00, run_after=2026-05-24 16:00:00+00:00
[2026-05-24T16:08:11.026+0000] {processor.py:183} INFO - Processing /home/varn1t/ml-pipeline/venv/lib/python3.11/site-packages/airflow/example_dags/example_latest_only.py took 0.054 seconds
[2026-05-24T16:08:55.615+0000] {processor.py:161} INFO - Started process (PID=15409) to work on /home/varn1t/ml-pipeline/venv/lib/python3.11/site-packages/airflow/example_dags/example_latest_only.py
[2026-05-24T16:08:55.616+0000] {processor.py:830} INFO - Processing file /home/varn1t/ml-pipeline/venv/lib/python3.11/site-packages/airflow/example_dags/example_latest_only.py for tasks to queue
[2026-05-24T16:08:55.617+0000] {logging_mixin.py:188} INFO - [2026-05-24T16:08:55.617+0000] {dagbag.py:545} INFO - Filling up the DagBag from /home/varn1t/ml-pipeline/venv/lib/python3.11/site-packages/airflow/example_dags/example_latest_only.py
[2026-05-24T16:08:55.622+0000] {processor.py:840} INFO - DAG(s) 'latest_only' retrieved from /home/varn1t/ml-pipeline/venv/lib/python3.11/site-packages/airflow/example_dags/example_latest_only.py
[2026-05-24T16:08:55.635+0000] {logging_mixin.py:188} INFO - [2026-05-24T16:08:55.635+0000] {dag.py:3096} INFO - Sync 1 DAGs
[2026-05-24T16:08:55.649+0000] {logging_mixin.py:188} INFO - [2026-05-24T16:08:55.649+0000] {dag.py:3954} INFO - Setting next_dagrun for latest_only to 2026-05-24 12:00:00+00:00, run_after=2026-05-24 16:00:00+00:00
[2026-05-24T16:08:55.670+0000] {processor.py:183} INFO - Processing /home/varn1t/ml-pipeline/venv/lib/python3.11/site-packages/airflow/example_dags/example_latest_only.py took 0.061 seconds
[2026-05-24T16:09:39.161+0000] {processor.py:161} INFO - Started process (PID=15601) to work on /home/varn1t/ml-pipeline/venv/lib/python3.11/site-packages/airflow/example_dags/example_latest_only.py
[2026-05-24T16:09:39.162+0000] {processor.py:830} INFO - Processing file /home/varn1t/ml-pipeline/venv/lib/python3.11/site-packages/airflow/example_dags/example_latest_only.py for tasks to queue
[2026-05-24T16:09:39.164+0000] {logging_mixin.py:188} INFO - [2026-05-24T16:09:39.164+0000] {dagbag.py:545} INFO - Filling up the DagBag from /home/varn1t/ml-pipeline/venv/lib/python3.11/site-packages/airflow/example_dags/example_latest_only.py
[2026-05-24T16:09:39.170+0000] {processor.py:840} INFO - DAG(s) 'latest_only' retrieved from /home/varn1t/ml-pipeline/venv/lib/python3.11/site-packages/airflow/example_dags/example_latest_only.py
[2026-05-24T16:09:39.183+0000] {logging_mixin.py:188} INFO - [2026-05-24T16:09:39.183+0000] {dag.py:3096} INFO - Sync 1 DAGs
[2026-05-24T16:09:39.195+0000] {logging_mixin.py:188} INFO - [2026-05-24T16:09:39.195+0000] {dag.py:3954} INFO - Setting next_dagrun for latest_only to 2026-05-24 12:00:00+00:00, run_after=2026-05-24 16:00:00+00:00
[2026-05-24T16:09:39.211+0000] {processor.py:183} INFO - Processing /home/varn1t/ml-pipeline/venv/lib/python3.11/site-packages/airflow/example_dags/example_latest_only.py took 0.056 seconds
[2026-05-24T16:10:21.699+0000] {processor.py:161} INFO - Started process (PID=15788) to work on /home/varn1t/ml-pipeline/venv/lib/python3.11/site-packages/airflow/example_dags/example_latest_only.py
[2026-05-24T16:10:21.700+0000] {processor.py:830} INFO - Processing file /home/varn1t/ml-pipeline/venv/lib/python3.11/site-packages/airflow/example_dags/example_latest_only.py for tasks to queue
[2026-05-24T16:10:21.701+0000] {logging_mixin.py:188} INFO - [2026-05-24T16:10:21.701+0000] {dagbag.py:545} INFO - Filling up the DagBag from /home/varn1t/ml-pipeline/venv/lib/python3.11/site-packages/airflow/example_dags/example_latest_only.py
[2026-05-24T16:10:21.705+0000] {processor.py:840} INFO - DAG(s) 'latest_only' retrieved from /home/varn1t/ml-pipeline/venv/lib/python3.11/site-packages/airflow/example_dags/example_latest_only.py
[2026-05-24T16:10:21.718+0000] {logging_mixin.py:188} INFO - [2026-05-24T16:10:21.718+0000] {dag.py:3096} INFO - Sync 1 DAGs
[2026-05-24T16:10:21.732+0000] {logging_mixin.py:188} INFO - [2026-05-24T16:10:21.731+0000] {dag.py:3954} INFO - Setting next_dagrun for latest_only to 2026-05-24 12:00:00+00:00, run_after=2026-05-24 16:00:00+00:00
[2026-05-24T16:10:21.750+0000] {processor.py:183} INFO - Processing /home/varn1t/ml-pipeline/venv/lib/python3.11/site-packages/airflow/example_dags/example_latest_only.py took 0.055 seconds
[2026-05-24T16:11:26.391+0000] {processor.py:161} INFO - Started process (PID=16072) to work on /home/varn1t/ml-pipeline/venv/lib/python3.11/site-packages/airflow/example_dags/example_latest_only.py
[2026-05-24T16:11:26.392+0000] {processor.py:830} INFO - Processing file /home/varn1t/ml-pipeline/venv/lib/python3.11/site-packages/airflow/example_dags/example_latest_only.py for tasks to queue
[2026-05-24T16:11:26.394+0000] {logging_mixin.py:188} INFO - [2026-05-24T16:11:26.394+0000] {dagbag.py:545} INFO - Filling up the DagBag from /home/varn1t/ml-pipeline/venv/lib/python3.11/site-packages/airflow/example_dags/example_latest_only.py
[2026-05-24T16:11:26.397+0000] {processor.py:840} INFO - DAG(s) 'latest_only' retrieved from /home/varn1t/ml-pipeline/venv/lib/python3.11/site-packages/airflow/example_dags/example_latest_only.py
[2026-05-24T16:11:26.412+0000] {logging_mixin.py:188} INFO - [2026-05-24T16:11:26.412+0000] {dag.py:3096} INFO - Sync 1 DAGs
[2026-05-24T16:11:26.427+0000] {logging_mixin.py:188} INFO - [2026-05-24T16:11:26.427+0000] {dag.py:3954} INFO - Setting next_dagrun for latest_only to 2026-05-24 12:00:00+00:00, run_after=2026-05-24 16:00:00+00:00
[2026-05-24T16:11:26.446+0000] {processor.py:183} INFO - Processing /home/varn1t/ml-pipeline/venv/lib/python3.11/site-packages/airflow/example_dags/example_latest_only.py took 0.061 seconds
[2026-05-24T16:12:11.423+0000] {processor.py:161} INFO - Started process (PID=16293) to work on /home/varn1t/ml-pipeline/venv/lib/python3.11/site-packages/airflow/example_dags/example_latest_only.py
[2026-05-24T16:12:11.424+0000] {processor.py:830} INFO - Processing file /home/varn1t/ml-pipeline/venv/lib/python3.11/site-packages/airflow/example_dags/example_latest_only.py for tasks to queue
[2026-05-24T16:12:11.425+0000] {logging_mixin.py:188} INFO - [2026-05-24T16:12:11.425+0000] {dagbag.py:545} INFO - Filling up the DagBag from /home/varn1t/ml-pipeline/venv/lib/python3.11/site-packages/airflow/example_dags/example_latest_only.py
[2026-05-24T16:12:11.429+0000] {processor.py:840} INFO - DAG(s) 'latest_only' retrieved from /home/varn1t/ml-pipeline/venv/lib/python3.11/site-packages/airflow/example_dags/example_latest_only.py
[2026-05-24T16:12:11.440+0000] {logging_mixin.py:188} INFO - [2026-05-24T16:12:11.440+0000] {dag.py:3096} INFO - Sync 1 DAGs
[2026-05-24T16:12:11.452+0000] {logging_mixin.py:188} INFO - [2026-05-24T16:12:11.452+0000] {dag.py:3954} INFO - Setting next_dagrun for latest_only to 2026-05-24 12:00:00+00:00, run_after=2026-05-24 16:00:00+00:00
[2026-05-24T16:12:11.468+0000] {processor.py:183} INFO - Processing /home/varn1t/ml-pipeline/venv/lib/python3.11/site-packages/airflow/example_dags/example_latest_only.py took 0.050 seconds
[2026-05-24T16:12:54.555+0000] {processor.py:161} INFO - Started process (PID=16479) to work on /home/varn1t/ml-pipeline/venv/lib/python3.11/site-packages/airflow/example_dags/example_latest_only.py
[2026-05-24T16:12:54.557+0000] {processor.py:830} INFO - Processing file /home/varn1t/ml-pipeline/venv/lib/python3.11/site-packages/airflow/example_dags/example_latest_only.py for tasks to queue
[2026-05-24T16:12:54.558+0000] {logging_mixin.py:188} INFO - [2026-05-24T16:12:54.558+0000] {dagbag.py:545} INFO - Filling up the DagBag from /home/varn1t/ml-pipeline/venv/lib/python3.11/site-packages/airflow/example_dags/example_latest_only.py
[2026-05-24T16:12:54.562+0000] {processor.py:840} INFO - DAG(s) 'latest_only' retrieved from /home/varn1t/ml-pipeline/venv/lib/python3.11/site-packages/airflow/example_dags/example_latest_only.py
[2026-05-24T16:12:54.575+0000] {logging_mixin.py:188} INFO - [2026-05-24T16:12:54.575+0000] {dag.py:3096} INFO - Sync 1 DAGs
[2026-05-24T16:12:54.592+0000] {logging_mixin.py:188} INFO - [2026-05-24T16:12:54.591+0000] {dag.py:3954} INFO - Setting next_dagrun for latest_only to 2026-05-24 12:00:00+00:00, run_after=2026-05-24 16:00:00+00:00
[2026-05-24T16:12:54.607+0000] {processor.py:183} INFO - Processing /home/varn1t/ml-pipeline/venv/lib/python3.11/site-packages/airflow/example_dags/example_latest_only.py took 0.057 seconds
[2026-05-24T16:13:58.475+0000] {processor.py:161} INFO - Started process (PID=16746) to work on /home/varn1t/ml-pipeline/venv/lib/python3.11/site-packages/airflow/example_dags/example_latest_only.py
[2026-05-24T16:13:58.476+0000] {processor.py:830} INFO - Processing file /home/varn1t/ml-pipeline/venv/lib/python3.11/site-packages/airflow/example_dags/example_latest_only.py for tasks to queue
[2026-05-24T16:13:58.478+0000] {logging_mixin.py:188} INFO - [2026-05-24T16:13:58.478+0000] {dagbag.py:545} INFO - Filling up the DagBag from /home/varn1t/ml-pipeline/venv/lib/python3.11/site-packages/airflow/example_dags/example_latest_only.py
[2026-05-24T16:13:58.482+0000] {processor.py:840} INFO - DAG(s) 'latest_only' retrieved from /home/varn1t/ml-pipeline/venv/lib/python3.11/site-packages/airflow/example_dags/example_latest_only.py
[2026-05-24T16:13:58.497+0000] {logging_mixin.py:188} INFO - [2026-05-24T16:13:58.496+0000] {dag.py:3096} INFO - Sync 1 DAGs
[2026-05-24T16:13:58.518+0000] {logging_mixin.py:188} INFO - [2026-05-24T16:13:58.518+0000] {dag.py:3954} INFO - Setting next_dagrun for latest_only to 2026-05-24 12:00:00+00:00, run_after=2026-05-24 16:00:00+00:00
[2026-05-24T16:13:58.540+0000] {processor.py:183} INFO - Processing /home/varn1t/ml-pipeline/venv/lib/python3.11/site-packages/airflow/example_dags/example_latest_only.py took 0.070 seconds
[2026-05-24T16:14:41.863+0000] {processor.py:161} INFO - Started process (PID=16938) to work on /home/varn1t/ml-pipeline/venv/lib/python3.11/site-packages/airflow/example_dags/example_latest_only.py
[2026-05-24T16:14:41.865+0000] {processor.py:830} INFO - Processing file /home/varn1t/ml-pipeline/venv/lib/python3.11/site-packages/airflow/example_dags/example_latest_only.py for tasks to queue
[2026-05-24T16:14:41.866+0000] {logging_mixin.py:188} INFO - [2026-05-24T16:14:41.866+0000] {dagbag.py:545} INFO - Filling up the DagBag from /home/varn1t/ml-pipeline/venv/lib/python3.11/site-packages/airflow/example_dags/example_latest_only.py
[2026-05-24T16:14:41.870+0000] {processor.py:840} INFO - DAG(s) 'latest_only' retrieved from /home/varn1t/ml-pipeline/venv/lib/python3.11/site-packages/airflow/example_dags/example_latest_only.py
[2026-05-24T16:14:41.884+0000] {logging_mixin.py:188} INFO - [2026-05-24T16:14:41.884+0000] {dag.py:3096} INFO - Sync 1 DAGs
[2026-05-24T16:14:41.898+0000] {logging_mixin.py:188} INFO - [2026-05-24T16:14:41.898+0000] {dag.py:3954} INFO - Setting next_dagrun for latest_only to 2026-05-24 12:00:00+00:00, run_after=2026-05-24 16:00:00+00:00
[2026-05-24T16:14:41.915+0000] {processor.py:183} INFO - Processing /home/varn1t/ml-pipeline/venv/lib/python3.11/site-packages/airflow/example_dags/example_latest_only.py took 0.058 seconds
[2026-05-24T16:15:45.370+0000] {processor.py:161} INFO - Started process (PID=17225) to work on /home/varn1t/ml-pipeline/venv/lib/python3.11/site-packages/airflow/example_dags/example_latest_only.py
[2026-05-24T16:15:45.371+0000] {processor.py:830} INFO - Processing file /home/varn1t/ml-pipeline/venv/lib/python3.11/site-packages/airflow/example_dags/example_latest_only.py for tasks to queue
[2026-05-24T16:15:45.372+0000] {logging_mixin.py:188} INFO - [2026-05-24T16:15:45.372+0000] {dagbag.py:545} INFO - Filling up the DagBag from /home/varn1t/ml-pipeline/venv/lib/python3.11/site-packages/airflow/example_dags/example_latest_only.py
[2026-05-24T16:15:45.377+0000] {processor.py:840} INFO - DAG(s) 'latest_only' retrieved from /home/varn1t/ml-pipeline/venv/lib/python3.11/site-packages/airflow/example_dags/example_latest_only.py
[2026-05-24T16:15:45.387+0000] {logging_mixin.py:188} INFO - [2026-05-24T16:15:45.387+0000] {dag.py:3096} INFO - Sync 1 DAGs
[2026-05-24T16:15:45.397+0000] {logging_mixin.py:188} INFO - [2026-05-24T16:15:45.397+0000] {dag.py:3954} INFO - Setting next_dagrun for latest_only to 2026-05-24 12:00:00+00:00, run_after=2026-05-24 16:00:00+00:00
[2026-05-24T16:15:45.415+0000] {processor.py:183} INFO - Processing /home/varn1t/ml-pipeline/venv/lib/python3.11/site-packages/airflow/example_dags/example_latest_only.py took 0.050 seconds
[2026-05-24T16:16:47.427+0000] {processor.py:161} INFO - Started process (PID=17514) to work on /home/varn1t/ml-pipeline/venv/lib/python3.11/site-packages/airflow/example_dags/example_latest_only.py
[2026-05-24T16:16:47.428+0000] {processor.py:830} INFO - Processing file /home/varn1t/ml-pipeline/venv/lib/python3.11/site-packages/airflow/example_dags/example_latest_only.py for tasks to queue
[2026-05-24T16:16:47.430+0000] {logging_mixin.py:188} INFO - [2026-05-24T16:16:47.430+0000] {dagbag.py:545} INFO - Filling up the DagBag from /home/varn1t/ml-pipeline/venv/lib/python3.11/site-packages/airflow/example_dags/example_latest_only.py
[2026-05-24T16:16:47.434+0000] {processor.py:840} INFO - DAG(s) 'latest_only' retrieved from /home/varn1t/ml-pipeline/venv/lib/python3.11/site-packages/airflow/example_dags/example_latest_only.py
[2026-05-24T16:16:47.448+0000] {logging_mixin.py:188} INFO - [2026-05-24T16:16:47.448+0000] {dag.py:3096} INFO - Sync 1 DAGs
[2026-05-24T16:16:47.462+0000] {logging_mixin.py:188} INFO - [2026-05-24T16:16:47.462+0000] {dag.py:3954} INFO - Setting next_dagrun for latest_only to 2026-05-24 12:00:00+00:00, run_after=2026-05-24 16:00:00+00:00
[2026-05-24T16:16:47.479+0000] {processor.py:183} INFO - Processing /home/varn1t/ml-pipeline/venv/lib/python3.11/site-packages/airflow/example_dags/example_latest_only.py took 0.058 seconds
[2026-05-24T16:17:47.203+0000] {processor.py:161} INFO - Started process (PID=17888) to work on /home/varn1t/ml-pipeline/venv/lib/python3.11/site-packages/airflow/example_dags/example_latest_only.py
[2026-05-24T16:17:47.204+0000] {processor.py:830} INFO - Processing file /home/varn1t/ml-pipeline/venv/lib/python3.11/site-packages/airflow/example_dags/example_latest_only.py for tasks to queue
[2026-05-24T16:17:47.205+0000] {logging_mixin.py:188} INFO - [2026-05-24T16:17:47.205+0000] {dagbag.py:545} INFO - Filling up the DagBag from /home/varn1t/ml-pipeline/venv/lib/python3.11/site-packages/airflow/example_dags/example_latest_only.py
[2026-05-24T16:17:47.210+0000] {processor.py:840} INFO - DAG(s) 'latest_only' retrieved from /home/varn1t/ml-pipeline/venv/lib/python3.11/site-packages/airflow/example_dags/example_latest_only.py
[2026-05-24T16:17:47.221+0000] {logging_mixin.py:188} INFO - [2026-05-24T16:17:47.221+0000] {dag.py:3096} INFO - Sync 1 DAGs
[2026-05-24T16:17:47.234+0000] {logging_mixin.py:188} INFO - [2026-05-24T16:17:47.234+0000] {dag.py:3954} INFO - Setting next_dagrun for latest_only to 2026-05-24 12:00:00+00:00, run_after=2026-05-24 16:00:00+00:00
[2026-05-24T16:17:47.254+0000] {processor.py:183} INFO - Processing /home/varn1t/ml-pipeline/venv/lib/python3.11/site-packages/airflow/example_dags/example_latest_only.py took 0.055 seconds
[2026-05-24T16:18:48.625+0000] {processor.py:161} INFO - Started process (PID=18475) to work on /home/varn1t/ml-pipeline/venv/lib/python3.11/site-packages/airflow/example_dags/example_latest_only.py
[2026-05-24T16:18:48.626+0000] {processor.py:830} INFO - Processing file /home/varn1t/ml-pipeline/venv/lib/python3.11/site-packages/airflow/example_dags/example_latest_only.py for tasks to queue
[2026-05-24T16:18:48.627+0000] {logging_mixin.py:188} INFO - [2026-05-24T16:18:48.627+0000] {dagbag.py:545} INFO - Filling up the DagBag from /home/varn1t/ml-pipeline/venv/lib/python3.11/site-packages/airflow/example_dags/example_latest_only.py
[2026-05-24T16:18:48.631+0000] {processor.py:840} INFO - DAG(s) 'latest_only' retrieved from /home/varn1t/ml-pipeline/venv/lib/python3.11/site-packages/airflow/example_dags/example_latest_only.py
[2026-05-24T16:18:48.641+0000] {logging_mixin.py:188} INFO - [2026-05-24T16:18:48.641+0000] {dag.py:3096} INFO - Sync 1 DAGs
[2026-05-24T16:18:48.652+0000] {logging_mixin.py:188} INFO - [2026-05-24T16:18:48.652+0000] {dag.py:3954} INFO - Setting next_dagrun for latest_only to 2026-05-24 12:00:00+00:00, run_after=2026-05-24 16:00:00+00:00
[2026-05-24T16:18:48.669+0000] {processor.py:183} INFO - Processing /home/varn1t/ml-pipeline/venv/lib/python3.11/site-packages/airflow/example_dags/example_latest_only.py took 0.048 seconds
[2026-05-24T16:19:33.305+0000] {processor.py:161} INFO - Started process (PID=18736) to work on /home/varn1t/ml-pipeline/venv/lib/python3.11/site-packages/airflow/example_dags/example_latest_only.py
[2026-05-24T16:19:33.306+0000] {processor.py:830} INFO - Processing file /home/varn1t/ml-pipeline/venv/lib/python3.11/site-packages/airflow/example_dags/example_latest_only.py for tasks to queue
[2026-05-24T16:19:33.308+0000] {logging_mixin.py:188} INFO - [2026-05-24T16:19:33.307+0000] {dagbag.py:545} INFO - Filling up the DagBag from /home/varn1t/ml-pipeline/venv/lib/python3.11/site-packages/airflow/example_dags/example_latest_only.py
[2026-05-24T16:19:33.312+0000] {processor.py:840} INFO - DAG(s) 'latest_only' retrieved from /home/varn1t/ml-pipeline/venv/lib/python3.11/site-packages/airflow/example_dags/example_latest_only.py
[2026-05-24T16:19:33.324+0000] {logging_mixin.py:188} INFO - [2026-05-24T16:19:33.323+0000] {dag.py:3096} INFO - Sync 1 DAGs
[2026-05-24T16:19:33.342+0000] {logging_mixin.py:188} INFO - [2026-05-24T16:19:33.342+0000] {dag.py:3954} INFO - Setting next_dagrun for latest_only to 2026-05-24 12:00:00+00:00, run_after=2026-05-24 16:00:00+00:00
[2026-05-24T16:19:33.366+0000] {processor.py:183} INFO - Processing /home/varn1t/ml-pipeline/venv/lib/python3.11/site-packages/airflow/example_dags/example_latest_only.py took 0.066 seconds
[2026-05-24T16:20:16.677+0000] {processor.py:161} INFO - Started process (PID=19254) to work on /home/varn1t/ml-pipeline/venv/lib/python3.11/site-packages/airflow/example_dags/example_latest_only.py
[2026-05-24T16:20:16.678+0000] {processor.py:830} INFO - Processing file /home/varn1t/ml-pipeline/venv/lib/python3.11/site-packages/airflow/example_dags/example_latest_only.py for tasks to queue
[2026-05-24T16:20:16.679+0000] {logging_mixin.py:188} INFO - [2026-05-24T16:20:16.679+0000] {dagbag.py:545} INFO - Filling up the DagBag from /home/varn1t/ml-pipeline/venv/lib/python3.11/site-packages/airflow/example_dags/example_latest_only.py
[2026-05-24T16:20:16.683+0000] {processor.py:840} INFO - DAG(s) 'latest_only' retrieved from /home/varn1t/ml-pipeline/venv/lib/python3.11/site-packages/airflow/example_dags/example_latest_only.py
[2026-05-24T16:20:16.695+0000] {logging_mixin.py:188} INFO - [2026-05-24T16:20:16.695+0000] {dag.py:3096} INFO - Sync 1 DAGs
[2026-05-24T16:20:16.708+0000] {logging_mixin.py:188} INFO - [2026-05-24T16:20:16.708+0000] {dag.py:3954} INFO - Setting next_dagrun for latest_only to 2026-05-24 12:00:00+00:00, run_after=2026-05-24 16:00:00+00:00
[2026-05-24T16:20:16.723+0000] {processor.py:183} INFO - Processing /home/varn1t/ml-pipeline/venv/lib/python3.11/site-packages/airflow/example_dags/example_latest_only.py took 0.050 seconds
[2026-05-24T16:21:21.664+0000] {processor.py:161} INFO - Started process (PID=19684) to work on /home/varn1t/ml-pipeline/venv/lib/python3.11/site-packages/airflow/example_dags/example_latest_only.py
[2026-05-24T16:21:21.665+0000] {processor.py:830} INFO - Processing file /home/varn1t/ml-pipeline/venv/lib/python3.11/site-packages/airflow/example_dags/example_latest_only.py for tasks to queue
[2026-05-24T16:21:21.667+0000] {logging_mixin.py:188} INFO - [2026-05-24T16:21:21.666+0000] {dagbag.py:545} INFO - Filling up the DagBag from /home/varn1t/ml-pipeline/venv/lib/python3.11/site-packages/airflow/example_dags/example_latest_only.py
[2026-05-24T16:21:21.671+0000] {processor.py:840} INFO - DAG(s) 'latest_only' retrieved from /home/varn1t/ml-pipeline/venv/lib/python3.11/site-packages/airflow/example_dags/example_latest_only.py
[2026-05-24T16:21:21.684+0000] {logging_mixin.py:188} INFO - [2026-05-24T16:21:21.684+0000] {dag.py:3096} INFO - Sync 1 DAGs
[2026-05-24T16:21:21.697+0000] {logging_mixin.py:188} INFO - [2026-05-24T16:21:21.697+0000] {dag.py:3954} INFO - Setting next_dagrun for latest_only to 2026-05-24 12:00:00+00:00, run_after=2026-05-24 16:00:00+00:00
[2026-05-24T16:21:21.716+0000] {processor.py:183} INFO - Processing /home/varn1t/ml-pipeline/venv/lib/python3.11/site-packages/airflow/example_dags/example_latest_only.py took 0.057 seconds
[2026-05-24T16:22:22.361+0000] {processor.py:161} INFO - Started process (PID=20025) to work on /home/varn1t/ml-pipeline/venv/lib/python3.11/site-packages/airflow/example_dags/example_latest_only.py
[2026-05-24T16:22:22.362+0000] {processor.py:830} INFO - Processing file /home/varn1t/ml-pipeline/venv/lib/python3.11/site-packages/airflow/example_dags/example_latest_only.py for tasks to queue
[2026-05-24T16:22:22.363+0000] {logging_mixin.py:188} INFO - [2026-05-24T16:22:22.363+0000] {dagbag.py:545} INFO - Filling up the DagBag from /home/varn1t/ml-pipeline/venv/lib/python3.11/site-packages/airflow/example_dags/example_latest_only.py
[2026-05-24T16:22:22.367+0000] {processor.py:840} INFO - DAG(s) 'latest_only' retrieved from /home/varn1t/ml-pipeline/venv/lib/python3.11/site-packages/airflow/example_dags/example_latest_only.py
[2026-05-24T16:22:22.377+0000] {logging_mixin.py:188} INFO - [2026-05-24T16:22:22.377+0000] {dag.py:3096} INFO - Sync 1 DAGs
[2026-05-24T16:22:22.386+0000] {logging_mixin.py:188} INFO - [2026-05-24T16:22:22.386+0000] {dag.py:3954} INFO - Setting next_dagrun for latest_only to 2026-05-24 12:00:00+00:00, run_after=2026-05-24 16:00:00+00:00
[2026-05-24T16:22:22.400+0000] {processor.py:183} INFO - Processing /home/varn1t/ml-pipeline/venv/lib/python3.11/site-packages/airflow/example_dags/example_latest_only.py took 0.045 seconds
[2026-05-24T16:23:04.577+0000] {processor.py:161} INFO - Started process (PID=20241) to work on /home/varn1t/ml-pipeline/venv/lib/python3.11/site-packages/airflow/example_dags/example_latest_only.py
[2026-05-24T16:23:04.578+0000] {processor.py:830} INFO - Processing file /home/varn1t/ml-pipeline/venv/lib/python3.11/site-packages/airflow/example_dags/example_latest_only.py for tasks to queue
[2026-05-24T16:23:04.580+0000] {logging_mixin.py:188} INFO - [2026-05-24T16:23:04.579+0000] {dagbag.py:545} INFO - Filling up the DagBag from /home/varn1t/ml-pipeline/venv/lib/python3.11/site-packages/airflow/example_dags/example_latest_only.py
[2026-05-24T16:23:04.583+0000] {processor.py:840} INFO - DAG(s) 'latest_only' retrieved from /home/varn1t/ml-pipeline/venv/lib/python3.11/site-packages/airflow/example_dags/example_latest_only.py
[2026-05-24T16:23:04.593+0000] {logging_mixin.py:188} INFO - [2026-05-24T16:23:04.593+0000] {dag.py:3096} INFO - Sync 1 DAGs
[2026-05-24T16:23:04.606+0000] {logging_mixin.py:188} INFO - [2026-05-24T16:23:04.606+0000] {dag.py:3954} INFO - Setting next_dagrun for latest_only to 2026-05-24 12:00:00+00:00, run_after=2026-05-24 16:00:00+00:00
[2026-05-24T16:23:04.627+0000] {processor.py:183} INFO - Processing /home/varn1t/ml-pipeline/venv/lib/python3.11/site-packages/airflow/example_dags/example_latest_only.py took 0.054 seconds
[2026-05-24T16:24:06.493+0000] {processor.py:161} INFO - Started process (PID=20511) to work on /home/varn1t/ml-pipeline/venv/lib/python3.11/site-packages/airflow/example_dags/example_latest_only.py
[2026-05-24T16:24:06.494+0000] {processor.py:830} INFO - Processing file /home/varn1t/ml-pipeline/venv/lib/python3.11/site-packages/airflow/example_dags/example_latest_only.py for tasks to queue
[2026-05-24T16:24:06.496+0000] {logging_mixin.py:188} INFO - [2026-05-24T16:24:06.495+0000] {dagbag.py:545} INFO - Filling up the DagBag from /home/varn1t/ml-pipeline/venv/lib/python3.11/site-packages/airflow/example_dags/example_latest_only.py
[2026-05-24T16:24:06.500+0000] {processor.py:840} INFO - DAG(s) 'latest_only' retrieved from /home/varn1t/ml-pipeline/venv/lib/python3.11/site-packages/airflow/example_dags/example_latest_only.py
[2026-05-24T16:24:06.512+0000] {logging_mixin.py:188} INFO - [2026-05-24T16:24:06.512+0000] {dag.py:3096} INFO - Sync 1 DAGs
[2026-05-24T16:24:06.528+0000] {logging_mixin.py:188} INFO - [2026-05-24T16:24:06.528+0000] {dag.py:3954} INFO - Setting next_dagrun for latest_only to 2026-05-24 12:00:00+00:00, run_after=2026-05-24 16:00:00+00:00
[2026-05-24T16:24:06.547+0000] {processor.py:183} INFO - Processing /home/varn1t/ml-pipeline/venv/lib/python3.11/site-packages/airflow/example_dags/example_latest_only.py took 0.059 seconds
[2026-05-24T16:24:49.184+0000] {processor.py:161} INFO - Started process (PID=20703) to work on /home/varn1t/ml-pipeline/venv/lib/python3.11/site-packages/airflow/example_dags/example_latest_only.py
[2026-05-24T16:24:49.185+0000] {processor.py:830} INFO - Processing file /home/varn1t/ml-pipeline/venv/lib/python3.11/site-packages/airflow/example_dags/example_latest_only.py for tasks to queue
[2026-05-24T16:24:49.186+0000] {logging_mixin.py:188} INFO - [2026-05-24T16:24:49.186+0000] {dagbag.py:545} INFO - Filling up the DagBag from /home/varn1t/ml-pipeline/venv/lib/python3.11/site-packages/airflow/example_dags/example_latest_only.py
[2026-05-24T16:24:49.189+0000] {processor.py:840} INFO - DAG(s) 'latest_only' retrieved from /home/varn1t/ml-pipeline/venv/lib/python3.11/site-packages/airflow/example_dags/example_latest_only.py
[2026-05-24T16:24:49.200+0000] {logging_mixin.py:188} INFO - [2026-05-24T16:24:49.199+0000] {dag.py:3096} INFO - Sync 1 DAGs
[2026-05-24T16:24:49.210+0000] {logging_mixin.py:188} INFO - [2026-05-24T16:24:49.210+0000] {dag.py:3954} INFO - Setting next_dagrun for latest_only to 2026-05-24 12:00:00+00:00, run_after=2026-05-24 16:00:00+00:00
[2026-05-24T16:24:49.226+0000] {processor.py:183} INFO - Processing /home/varn1t/ml-pipeline/venv/lib/python3.11/site-packages/airflow/example_dags/example_latest_only.py took 0.045 seconds
[2026-05-24T16:25:34.536+0000] {processor.py:161} INFO - Started process (PID=20945) to work on /home/varn1t/ml-pipeline/venv/lib/python3.11/site-packages/airflow/example_dags/example_latest_only.py
[2026-05-24T16:25:34.537+0000] {processor.py:830} INFO - Processing file /home/varn1t/ml-pipeline/venv/lib/python3.11/site-packages/airflow/example_dags/example_latest_only.py for tasks to queue
[2026-05-24T16:25:34.539+0000] {logging_mixin.py:188} INFO - [2026-05-24T16:25:34.538+0000] {dagbag.py:545} INFO - Filling up the DagBag from /home/varn1t/ml-pipeline/venv/lib/python3.11/site-packages/airflow/example_dags/example_latest_only.py
[2026-05-24T16:25:34.543+0000] {processor.py:840} INFO - DAG(s) 'latest_only' retrieved from /home/varn1t/ml-pipeline/venv/lib/python3.11/site-packages/airflow/example_dags/example_latest_only.py
[2026-05-24T16:25:34.555+0000] {logging_mixin.py:188} INFO - [2026-05-24T16:25:34.555+0000] {dag.py:3096} INFO - Sync 1 DAGs
[2026-05-24T16:25:34.568+0000] {logging_mixin.py:188} INFO - [2026-05-24T16:25:34.568+0000] {dag.py:3954} INFO - Setting next_dagrun for latest_only to 2026-05-24 12:00:00+00:00, run_after=2026-05-24 16:00:00+00:00
[2026-05-24T16:25:34.585+0000] {processor.py:183} INFO - Processing /home/varn1t/ml-pipeline/venv/lib/python3.11/site-packages/airflow/example_dags/example_latest_only.py took 0.055 seconds
[2026-05-24T16:26:36.880+0000] {processor.py:161} INFO - Started process (PID=21337) to work on /home/varn1t/ml-pipeline/venv/lib/python3.11/site-packages/airflow/example_dags/example_latest_only.py
[2026-05-24T16:26:36.881+0000] {processor.py:830} INFO - Processing file /home/varn1t/ml-pipeline/venv/lib/python3.11/site-packages/airflow/example_dags/example_latest_only.py for tasks to queue
[2026-05-24T16:26:36.883+0000] {logging_mixin.py:188} INFO - [2026-05-24T16:26:36.882+0000] {dagbag.py:545} INFO - Filling up the DagBag from /home/varn1t/ml-pipeline/venv/lib/python3.11/site-packages/airflow/example_dags/example_latest_only.py
[2026-05-24T16:26:36.886+0000] {processor.py:840} INFO - DAG(s) 'latest_only' retrieved from /home/varn1t/ml-pipeline/venv/lib/python3.11/site-packages/airflow/example_dags/example_latest_only.py
[2026-05-24T16:26:36.895+0000] {logging_mixin.py:188} INFO - [2026-05-24T16:26:36.895+0000] {dag.py:3096} INFO - Sync 1 DAGs
[2026-05-24T16:26:36.905+0000] {logging_mixin.py:188} INFO - [2026-05-24T16:26:36.904+0000] {dag.py:3954} INFO - Setting next_dagrun for latest_only to 2026-05-24 12:00:00+00:00, run_after=2026-05-24 16:00:00+00:00
[2026-05-24T16:26:36.918+0000] {processor.py:183} INFO - Processing /home/varn1t/ml-pipeline/venv/lib/python3.11/site-packages/airflow/example_dags/example_latest_only.py took 0.042 seconds
[2026-05-24T16:27:21.241+0000] {processor.py:161} INFO - Started process (PID=21548) to work on /home/varn1t/ml-pipeline/venv/lib/python3.11/site-packages/airflow/example_dags/example_latest_only.py
[2026-05-24T16:27:21.242+0000] {processor.py:830} INFO - Processing file /home/varn1t/ml-pipeline/venv/lib/python3.11/site-packages/airflow/example_dags/example_latest_only.py for tasks to queue
[2026-05-24T16:27:21.243+0000] {logging_mixin.py:188} INFO - [2026-05-24T16:27:21.243+0000] {dagbag.py:545} INFO - Filling up the DagBag from /home/varn1t/ml-pipeline/venv/lib/python3.11/site-packages/airflow/example_dags/example_latest_only.py
[2026-05-24T16:27:21.247+0000] {processor.py:840} INFO - DAG(s) 'latest_only' retrieved from /home/varn1t/ml-pipeline/venv/lib/python3.11/site-packages/airflow/example_dags/example_latest_only.py
[2026-05-24T16:27:21.259+0000] {logging_mixin.py:188} INFO - [2026-05-24T16:27:21.259+0000] {dag.py:3096} INFO - Sync 1 DAGs
[2026-05-24T16:27:21.274+0000] {logging_mixin.py:188} INFO - [2026-05-24T16:27:21.274+0000] {dag.py:3954} INFO - Setting next_dagrun for latest_only to 2026-05-24 12:00:00+00:00, run_after=2026-05-24 16:00:00+00:00
[2026-05-24T16:27:21.295+0000] {processor.py:183} INFO - Processing /home/varn1t/ml-pipeline/venv/lib/python3.11/site-packages/airflow/example_dags/example_latest_only.py took 0.058 seconds
[2026-05-24T16:28:05.262+0000] {processor.py:161} INFO - Started process (PID=22016) to work on /home/varn1t/ml-pipeline/venv/lib/python3.11/site-packages/airflow/example_dags/example_latest_only.py
[2026-05-24T16:28:05.263+0000] {processor.py:830} INFO - Processing file /home/varn1t/ml-pipeline/venv/lib/python3.11/site-packages/airflow/example_dags/example_latest_only.py for tasks to queue
[2026-05-24T16:28:05.265+0000] {logging_mixin.py:188} INFO - [2026-05-24T16:28:05.264+0000] {dagbag.py:545} INFO - Filling up the DagBag from /home/varn1t/ml-pipeline/venv/lib/python3.11/site-packages/airflow/example_dags/example_latest_only.py
[2026-05-24T16:28:05.270+0000] {processor.py:840} INFO - DAG(s) 'latest_only' retrieved from /home/varn1t/ml-pipeline/venv/lib/python3.11/site-packages/airflow/example_dags/example_latest_only.py
[2026-05-24T16:28:05.286+0000] {logging_mixin.py:188} INFO - [2026-05-24T16:28:05.286+0000] {dag.py:3096} INFO - Sync 1 DAGs
[2026-05-24T16:28:05.304+0000] {logging_mixin.py:188} INFO - [2026-05-24T16:28:05.304+0000] {dag.py:3954} INFO - Setting next_dagrun for latest_only to 2026-05-24 12:00:00+00:00, run_after=2026-05-24 16:00:00+00:00
[2026-05-24T16:28:05.322+0000] {processor.py:183} INFO - Processing /home/varn1t/ml-pipeline/venv/lib/python3.11/site-packages/airflow/example_dags/example_latest_only.py took 0.066 seconds
[2026-05-24T16:29:08.081+0000] {processor.py:161} INFO - Started process (PID=22536) to work on /home/varn1t/ml-pipeline/venv/lib/python3.11/site-packages/airflow/example_dags/example_latest_only.py
[2026-05-24T16:29:08.082+0000] {processor.py:830} INFO - Processing file /home/varn1t/ml-pipeline/venv/lib/python3.11/site-packages/airflow/example_dags/example_latest_only.py for tasks to queue
[2026-05-24T16:29:08.083+0000] {logging_mixin.py:188} INFO - [2026-05-24T16:29:08.083+0000] {dagbag.py:545} INFO - Filling up the DagBag from /home/varn1t/ml-pipeline/venv/lib/python3.11/site-packages/airflow/example_dags/example_latest_only.py
[2026-05-24T16:29:08.087+0000] {processor.py:840} INFO - DAG(s) 'latest_only' retrieved from /home/varn1t/ml-pipeline/venv/lib/python3.11/site-packages/airflow/example_dags/example_latest_only.py
[2026-05-24T16:29:08.096+0000] {logging_mixin.py:188} INFO - [2026-05-24T16:29:08.096+0000] {dag.py:3096} INFO - Sync 1 DAGs
[2026-05-24T16:29:08.106+0000] {logging_mixin.py:188} INFO - [2026-05-24T16:29:08.106+0000] {dag.py:3954} INFO - Setting next_dagrun for latest_only to 2026-05-24 12:00:00+00:00, run_after=2026-05-24 16:00:00+00:00
[2026-05-24T16:29:08.122+0000] {processor.py:183} INFO - Processing /home/varn1t/ml-pipeline/venv/lib/python3.11/site-packages/airflow/example_dags/example_latest_only.py took 0.045 seconds
[2026-05-24T16:30:12.466+0000] {processor.py:161} INFO - Started process (PID=22809) to work on /home/varn1t/ml-pipeline/venv/lib/python3.11/site-packages/airflow/example_dags/example_latest_only.py
[2026-05-24T16:30:12.467+0000] {processor.py:830} INFO - Processing file /home/varn1t/ml-pipeline/venv/lib/python3.11/site-packages/airflow/example_dags/example_latest_only.py for tasks to queue
[2026-05-24T16:30:12.469+0000] {logging_mixin.py:188} INFO - [2026-05-24T16:30:12.469+0000] {dagbag.py:545} INFO - Filling up the DagBag from /home/varn1t/ml-pipeline/venv/lib/python3.11/site-packages/airflow/example_dags/example_latest_only.py
[2026-05-24T16:30:12.474+0000] {processor.py:840} INFO - DAG(s) 'latest_only' retrieved from /home/varn1t/ml-pipeline/venv/lib/python3.11/site-packages/airflow/example_dags/example_latest_only.py
[2026-05-24T16:30:12.487+0000] {logging_mixin.py:188} INFO - [2026-05-24T16:30:12.487+0000] {dag.py:3096} INFO - Sync 1 DAGs
[2026-05-24T16:30:12.501+0000] {logging_mixin.py:188} INFO - [2026-05-24T16:30:12.501+0000] {dag.py:3954} INFO - Setting next_dagrun for latest_only to 2026-05-24 12:00:00+00:00, run_after=2026-05-24 16:00:00+00:00
[2026-05-24T16:30:12.519+0000] {processor.py:183} INFO - Processing /home/varn1t/ml-pipeline/venv/lib/python3.11/site-packages/airflow/example_dags/example_latest_only.py took 0.057 seconds
[2026-05-24T16:30:58.490+0000] {processor.py:161} INFO - Started process (PID=23041) to work on /home/varn1t/ml-pipeline/venv/lib/python3.11/site-packages/airflow/example_dags/example_latest_only.py
[2026-05-24T16:30:58.490+0000] {processor.py:830} INFO - Processing file /home/varn1t/ml-pipeline/venv/lib/python3.11/site-packages/airflow/example_dags/example_latest_only.py for tasks to queue
[2026-05-24T16:30:58.492+0000] {logging_mixin.py:188} INFO - [2026-05-24T16:30:58.492+0000] {dagbag.py:545} INFO - Filling up the DagBag from /home/varn1t/ml-pipeline/venv/lib/python3.11/site-packages/airflow/example_dags/example_latest_only.py
[2026-05-24T16:30:58.495+0000] {processor.py:840} INFO - DAG(s) 'latest_only' retrieved from /home/varn1t/ml-pipeline/venv/lib/python3.11/site-packages/airflow/example_dags/example_latest_only.py
[2026-05-24T16:30:58.508+0000] {logging_mixin.py:188} INFO - [2026-05-24T16:30:58.507+0000] {dag.py:3096} INFO - Sync 1 DAGs
[2026-05-24T16:30:58.523+0000] {logging_mixin.py:188} INFO - [2026-05-24T16:30:58.523+0000] {dag.py:3954} INFO - Setting next_dagrun for latest_only to 2026-05-24 12:00:00+00:00, run_after=2026-05-24 16:00:00+00:00
[2026-05-24T16:30:58.542+0000] {processor.py:183} INFO - Processing /home/varn1t/ml-pipeline/venv/lib/python3.11/site-packages/airflow/example_dags/example_latest_only.py took 0.057 seconds
[2026-05-24T16:32:00.772+0000] {processor.py:161} INFO - Started process (PID=23444) to work on /home/varn1t/ml-pipeline/venv/lib/python3.11/site-packages/airflow/example_dags/example_latest_only.py
[2026-05-24T16:32:00.775+0000] {processor.py:830} INFO - Processing file /home/varn1t/ml-pipeline/venv/lib/python3.11/site-packages/airflow/example_dags/example_latest_only.py for tasks to queue
[2026-05-24T16:32:00.778+0000] {logging_mixin.py:188} INFO - [2026-05-24T16:32:00.778+0000] {dagbag.py:545} INFO - Filling up the DagBag from /home/varn1t/ml-pipeline/venv/lib/python3.11/site-packages/airflow/example_dags/example_latest_only.py
[2026-05-24T16:32:00.797+0000] {processor.py:840} INFO - DAG(s) 'latest_only' retrieved from /home/varn1t/ml-pipeline/venv/lib/python3.11/site-packages/airflow/example_dags/example_latest_only.py
[2026-05-24T16:32:00.827+0000] {logging_mixin.py:188} INFO - [2026-05-24T16:32:00.827+0000] {dag.py:3096} INFO - Sync 1 DAGs
[2026-05-24T16:32:00.878+0000] {logging_mixin.py:188} INFO - [2026-05-24T16:32:00.877+0000] {dag.py:3954} INFO - Setting next_dagrun for latest_only to 2026-05-24 12:00:00+00:00, run_after=2026-05-24 16:00:00+00:00
[2026-05-24T16:32:00.952+0000] {processor.py:183} INFO - Processing /home/varn1t/ml-pipeline/venv/lib/python3.11/site-packages/airflow/example_dags/example_latest_only.py took 0.193 seconds
[2026-05-24T16:32:49.216+0000] {processor.py:161} INFO - Started process (PID=23849) to work on /home/varn1t/ml-pipeline/venv/lib/python3.11/site-packages/airflow/example_dags/example_latest_only.py
[2026-05-24T16:32:49.221+0000] {processor.py:830} INFO - Processing file /home/varn1t/ml-pipeline/venv/lib/python3.11/site-packages/airflow/example_dags/example_latest_only.py for tasks to queue
[2026-05-24T16:32:49.227+0000] {logging_mixin.py:188} INFO - [2026-05-24T16:32:49.226+0000] {dagbag.py:545} INFO - Filling up the DagBag from /home/varn1t/ml-pipeline/venv/lib/python3.11/site-packages/airflow/example_dags/example_latest_only.py
[2026-05-24T16:32:49.244+0000] {processor.py:840} INFO - DAG(s) 'latest_only' retrieved from /home/varn1t/ml-pipeline/venv/lib/python3.11/site-packages/airflow/example_dags/example_latest_only.py
[2026-05-24T16:32:49.272+0000] {logging_mixin.py:188} INFO - [2026-05-24T16:32:49.272+0000] {dag.py:3096} INFO - Sync 1 DAGs
[2026-05-24T16:32:49.300+0000] {logging_mixin.py:188} INFO - [2026-05-24T16:32:49.300+0000] {dag.py:3954} INFO - Setting next_dagrun for latest_only to 2026-05-24 12:00:00+00:00, run_after=2026-05-24 16:00:00+00:00
[2026-05-24T16:32:49.326+0000] {processor.py:183} INFO - Processing /home/varn1t/ml-pipeline/venv/lib/python3.11/site-packages/airflow/example_dags/example_latest_only.py took 0.131 seconds
[2026-05-24T16:33:36.245+0000] {processor.py:161} INFO - Started process (PID=24224) to work on /home/varn1t/ml-pipeline/venv/lib/python3.11/site-packages/airflow/example_dags/example_latest_only.py
[2026-05-24T16:33:36.247+0000] {processor.py:830} INFO - Processing file /home/varn1t/ml-pipeline/venv/lib/python3.11/site-packages/airflow/example_dags/example_latest_only.py for tasks to queue
[2026-05-24T16:33:36.248+0000] {logging_mixin.py:188} INFO - [2026-05-24T16:33:36.248+0000] {dagbag.py:545} INFO - Filling up the DagBag from /home/varn1t/ml-pipeline/venv/lib/python3.11/site-packages/airflow/example_dags/example_latest_only.py
[2026-05-24T16:33:36.254+0000] {processor.py:840} INFO - DAG(s) 'latest_only' retrieved from /home/varn1t/ml-pipeline/venv/lib/python3.11/site-packages/airflow/example_dags/example_latest_only.py
[2026-05-24T16:33:36.272+0000] {logging_mixin.py:188} INFO - [2026-05-24T16:33:36.272+0000] {dag.py:3096} INFO - Sync 1 DAGs
[2026-05-24T16:33:36.289+0000] {logging_mixin.py:188} INFO - [2026-05-24T16:33:36.289+0000] {dag.py:3954} INFO - Setting next_dagrun for latest_only to 2026-05-24 12:00:00+00:00, run_after=2026-05-24 16:00:00+00:00
[2026-05-24T16:33:36.310+0000] {processor.py:183} INFO - Processing /home/varn1t/ml-pipeline/venv/lib/python3.11/site-packages/airflow/example_dags/example_latest_only.py took 0.071 seconds
[2026-05-24T16:34:19.139+0000] {processor.py:161} INFO - Started process (PID=24424) to work on /home/varn1t/ml-pipeline/venv/lib/python3.11/site-packages/airflow/example_dags/example_latest_only.py
[2026-05-24T16:34:19.140+0000] {processor.py:830} INFO - Processing file /home/varn1t/ml-pipeline/venv/lib/python3.11/site-packages/airflow/example_dags/example_latest_only.py for tasks to queue
[2026-05-24T16:34:19.141+0000] {logging_mixin.py:188} INFO - [2026-05-24T16:34:19.141+0000] {dagbag.py:545} INFO - Filling up the DagBag from /home/varn1t/ml-pipeline/venv/lib/python3.11/site-packages/airflow/example_dags/example_latest_only.py
[2026-05-24T16:34:19.145+0000] {processor.py:840} INFO - DAG(s) 'latest_only' retrieved from /home/varn1t/ml-pipeline/venv/lib/python3.11/site-packages/airflow/example_dags/example_latest_only.py
[2026-05-24T16:34:19.154+0000] {logging_mixin.py:188} INFO - [2026-05-24T16:34:19.154+0000] {dag.py:3096} INFO - Sync 1 DAGs
[2026-05-24T16:34:19.164+0000] {logging_mixin.py:188} INFO - [2026-05-24T16:34:19.164+0000] {dag.py:3954} INFO - Setting next_dagrun for latest_only to 2026-05-24 12:00:00+00:00, run_after=2026-05-24 16:00:00+00:00
[2026-05-24T16:34:19.179+0000] {processor.py:183} INFO - Processing /home/varn1t/ml-pipeline/venv/lib/python3.11/site-packages/airflow/example_dags/example_latest_only.py took 0.044 seconds
[2026-05-24T16:35:20.501+0000] {processor.py:161} INFO - Started process (PID=24694) to work on /home/varn1t/ml-pipeline/venv/lib/python3.11/site-packages/airflow/example_dags/example_latest_only.py
[2026-05-24T16:35:20.502+0000] {processor.py:830} INFO - Processing file /home/varn1t/ml-pipeline/venv/lib/python3.11/site-packages/airflow/example_dags/example_latest_only.py for tasks to queue
[2026-05-24T16:35:20.504+0000] {logging_mixin.py:188} INFO - [2026-05-24T16:35:20.503+0000] {dagbag.py:545} INFO - Filling up the DagBag from /home/varn1t/ml-pipeline/venv/lib/python3.11/site-packages/airflow/example_dags/example_latest_only.py
[2026-05-24T16:35:20.508+0000] {processor.py:840} INFO - DAG(s) 'latest_only' retrieved from /home/varn1t/ml-pipeline/venv/lib/python3.11/site-packages/airflow/example_dags/example_latest_only.py
[2026-05-24T16:35:20.520+0000] {logging_mixin.py:188} INFO - [2026-05-24T16:35:20.520+0000] {dag.py:3096} INFO - Sync 1 DAGs
[2026-05-24T16:35:20.533+0000] {logging_mixin.py:188} INFO - [2026-05-24T16:35:20.533+0000] {dag.py:3954} INFO - Setting next_dagrun for latest_only to 2026-05-24 12:00:00+00:00, run_after=2026-05-24 16:00:00+00:00
[2026-05-24T16:35:20.550+0000] {processor.py:183} INFO - Processing /home/varn1t/ml-pipeline/venv/lib/python3.11/site-packages/airflow/example_dags/example_latest_only.py took 0.054 seconds
[2026-05-24T16:36:04.325+0000] {processor.py:161} INFO - Started process (PID=24886) to work on /home/varn1t/ml-pipeline/venv/lib/python3.11/site-packages/airflow/example_dags/example_latest_only.py
[2026-05-24T16:36:04.326+0000] {processor.py:830} INFO - Processing file /home/varn1t/ml-pipeline/venv/lib/python3.11/site-packages/airflow/example_dags/example_latest_only.py for tasks to queue
[2026-05-24T16:36:04.327+0000] {logging_mixin.py:188} INFO - [2026-05-24T16:36:04.326+0000] {dagbag.py:545} INFO - Filling up the DagBag from /home/varn1t/ml-pipeline/venv/lib/python3.11/site-packages/airflow/example_dags/example_latest_only.py
[2026-05-24T16:36:04.330+0000] {processor.py:840} INFO - DAG(s) 'latest_only' retrieved from /home/varn1t/ml-pipeline/venv/lib/python3.11/site-packages/airflow/example_dags/example_latest_only.py
[2026-05-24T16:36:04.340+0000] {logging_mixin.py:188} INFO - [2026-05-24T16:36:04.339+0000] {dag.py:3096} INFO - Sync 1 DAGs
[2026-05-24T16:36:04.349+0000] {logging_mixin.py:188} INFO - [2026-05-24T16:36:04.349+0000] {dag.py:3954} INFO - Setting next_dagrun for latest_only to 2026-05-24 12:00:00+00:00, run_after=2026-05-24 16:00:00+00:00
[2026-05-24T16:36:04.366+0000] {processor.py:183} INFO - Processing /home/varn1t/ml-pipeline/venv/lib/python3.11/site-packages/airflow/example_dags/example_latest_only.py took 0.045 seconds
[2026-05-24T16:36:48.453+0000] {processor.py:161} INFO - Started process (PID=25110) to work on /home/varn1t/ml-pipeline/venv/lib/python3.11/site-packages/airflow/example_dags/example_latest_only.py
[2026-05-24T16:36:48.454+0000] {processor.py:830} INFO - Processing file /home/varn1t/ml-pipeline/venv/lib/python3.11/site-packages/airflow/example_dags/example_latest_only.py for tasks to queue
[2026-05-24T16:36:48.455+0000] {logging_mixin.py:188} INFO - [2026-05-24T16:36:48.455+0000] {dagbag.py:545} INFO - Filling up the DagBag from /home/varn1t/ml-pipeline/venv/lib/python3.11/site-packages/airflow/example_dags/example_latest_only.py
[2026-05-24T16:36:48.459+0000] {processor.py:840} INFO - DAG(s) 'latest_only' retrieved from /home/varn1t/ml-pipeline/venv/lib/python3.11/site-packages/airflow/example_dags/example_latest_only.py
[2026-05-24T16:36:48.471+0000] {logging_mixin.py:188} INFO - [2026-05-24T16:36:48.471+0000] {dag.py:3096} INFO - Sync 1 DAGs
[2026-05-24T16:36:48.484+0000] {logging_mixin.py:188} INFO - [2026-05-24T16:36:48.484+0000] {dag.py:3954} INFO - Setting next_dagrun for latest_only to 2026-05-24 12:00:00+00:00, run_after=2026-05-24 16:00:00+00:00
[2026-05-24T16:36:48.500+0000] {processor.py:183} INFO - Processing /home/varn1t/ml-pipeline/venv/lib/python3.11/site-packages/airflow/example_dags/example_latest_only.py took 0.051 seconds
[2026-05-24T16:37:30.366+0000] {processor.py:161} INFO - Started process (PID=25296) to work on /home/varn1t/ml-pipeline/venv/lib/python3.11/site-packages/airflow/example_dags/example_latest_only.py
[2026-05-24T16:37:30.367+0000] {processor.py:830} INFO - Processing file /home/varn1t/ml-pipeline/venv/lib/python3.11/site-packages/airflow/example_dags/example_latest_only.py for tasks to queue
[2026-05-24T16:37:30.368+0000] {logging_mixin.py:188} INFO - [2026-05-24T16:37:30.368+0000] {dagbag.py:545} INFO - Filling up the DagBag from /home/varn1t/ml-pipeline/venv/lib/python3.11/site-packages/airflow/example_dags/example_latest_only.py
[2026-05-24T16:37:30.373+0000] {processor.py:840} INFO - DAG(s) 'latest_only' retrieved from /home/varn1t/ml-pipeline/venv/lib/python3.11/site-packages/airflow/example_dags/example_latest_only.py
[2026-05-24T16:37:30.385+0000] {logging_mixin.py:188} INFO - [2026-05-24T16:37:30.385+0000] {dag.py:3096} INFO - Sync 1 DAGs
[2026-05-24T16:37:30.396+0000] {logging_mixin.py:188} INFO - [2026-05-24T16:37:30.396+0000] {dag.py:3954} INFO - Setting next_dagrun for latest_only to 2026-05-24 12:00:00+00:00, run_after=2026-05-24 16:00:00+00:00
[2026-05-24T16:37:30.412+0000] {processor.py:183} INFO - Processing /home/varn1t/ml-pipeline/venv/lib/python3.11/site-packages/airflow/example_dags/example_latest_only.py took 0.051 seconds
[2026-05-24T16:38:16.340+0000] {processor.py:161} INFO - Started process (PID=25499) to work on /home/varn1t/ml-pipeline/venv/lib/python3.11/site-packages/airflow/example_dags/example_latest_only.py
[2026-05-24T16:38:16.341+0000] {processor.py:830} INFO - Processing file /home/varn1t/ml-pipeline/venv/lib/python3.11/site-packages/airflow/example_dags/example_latest_only.py for tasks to queue
[2026-05-24T16:38:16.343+0000] {logging_mixin.py:188} INFO - [2026-05-24T16:38:16.342+0000] {dagbag.py:545} INFO - Filling up the DagBag from /home/varn1t/ml-pipeline/venv/lib/python3.11/site-packages/airflow/example_dags/example_latest_only.py
[2026-05-24T16:38:16.346+0000] {processor.py:840} INFO - DAG(s) 'latest_only' retrieved from /home/varn1t/ml-pipeline/venv/lib/python3.11/site-packages/airflow/example_dags/example_latest_only.py
[2026-05-24T16:38:16.356+0000] {logging_mixin.py:188} INFO - [2026-05-24T16:38:16.356+0000] {dag.py:3096} INFO - Sync 1 DAGs
[2026-05-24T16:38:16.370+0000] {logging_mixin.py:188} INFO - [2026-05-24T16:38:16.369+0000] {dag.py:3954} INFO - Setting next_dagrun for latest_only to 2026-05-24 12:00:00+00:00, run_after=2026-05-24 16:00:00+00:00
[2026-05-24T16:38:16.386+0000] {processor.py:183} INFO - Processing /home/varn1t/ml-pipeline/venv/lib/python3.11/site-packages/airflow/example_dags/example_latest_only.py took 0.051 seconds
[2026-05-24T16:39:00.046+0000] {processor.py:161} INFO - Started process (PID=25692) to work on /home/varn1t/ml-pipeline/venv/lib/python3.11/site-packages/airflow/example_dags/example_latest_only.py
[2026-05-24T16:39:00.046+0000] {processor.py:830} INFO - Processing file /home/varn1t/ml-pipeline/venv/lib/python3.11/site-packages/airflow/example_dags/example_latest_only.py for tasks to queue
[2026-05-24T16:39:00.048+0000] {logging_mixin.py:188} INFO - [2026-05-24T16:39:00.048+0000] {dagbag.py:545} INFO - Filling up the DagBag from /home/varn1t/ml-pipeline/venv/lib/python3.11/site-packages/airflow/example_dags/example_latest_only.py
[2026-05-24T16:39:00.051+0000] {processor.py:840} INFO - DAG(s) 'latest_only' retrieved from /home/varn1t/ml-pipeline/venv/lib/python3.11/site-packages/airflow/example_dags/example_latest_only.py
[2026-05-24T16:39:00.062+0000] {logging_mixin.py:188} INFO - [2026-05-24T16:39:00.062+0000] {dag.py:3096} INFO - Sync 1 DAGs
[2026-05-24T16:39:00.072+0000] {logging_mixin.py:188} INFO - [2026-05-24T16:39:00.072+0000] {dag.py:3954} INFO - Setting next_dagrun for latest_only to 2026-05-24 12:00:00+00:00, run_after=2026-05-24 16:00:00+00:00
[2026-05-24T16:39:00.088+0000] {processor.py:183} INFO - Processing /home/varn1t/ml-pipeline/venv/lib/python3.11/site-packages/airflow/example_dags/example_latest_only.py took 0.046 seconds
[2026-05-24T16:40:03.333+0000] {processor.py:161} INFO - Started process (PID=26013) to work on /home/varn1t/ml-pipeline/venv/lib/python3.11/site-packages/airflow/example_dags/example_latest_only.py
[2026-05-24T16:40:03.334+0000] {processor.py:830} INFO - Processing file /home/varn1t/ml-pipeline/venv/lib/python3.11/site-packages/airflow/example_dags/example_latest_only.py for tasks to queue
[2026-05-24T16:40:03.336+0000] {logging_mixin.py:188} INFO - [2026-05-24T16:40:03.336+0000] {dagbag.py:545} INFO - Filling up the DagBag from /home/varn1t/ml-pipeline/venv/lib/python3.11/site-packages/airflow/example_dags/example_latest_only.py
[2026-05-24T16:40:03.340+0000] {processor.py:840} INFO - DAG(s) 'latest_only' retrieved from /home/varn1t/ml-pipeline/venv/lib/python3.11/site-packages/airflow/example_dags/example_latest_only.py
[2026-05-24T16:40:03.351+0000] {logging_mixin.py:188} INFO - [2026-05-24T16:40:03.351+0000] {dag.py:3096} INFO - Sync 1 DAGs
[2026-05-24T16:40:03.360+0000] {logging_mixin.py:188} INFO - [2026-05-24T16:40:03.360+0000] {dag.py:3954} INFO - Setting next_dagrun for latest_only to 2026-05-24 12:00:00+00:00, run_after=2026-05-24 16:00:00+00:00
[2026-05-24T16:40:03.376+0000] {processor.py:183} INFO - Processing /home/varn1t/ml-pipeline/venv/lib/python3.11/site-packages/airflow/example_dags/example_latest_only.py took 0.049 seconds
[2026-05-24T16:41:06.254+0000] {processor.py:161} INFO - Started process (PID=26282) to work on /home/varn1t/ml-pipeline/venv/lib/python3.11/site-packages/airflow/example_dags/example_latest_only.py
[2026-05-24T16:41:06.255+0000] {processor.py:830} INFO - Processing file /home/varn1t/ml-pipeline/venv/lib/python3.11/site-packages/airflow/example_dags/example_latest_only.py for tasks to queue
[2026-05-24T16:41:06.256+0000] {logging_mixin.py:188} INFO - [2026-05-24T16:41:06.256+0000] {dagbag.py:545} INFO - Filling up the DagBag from /home/varn1t/ml-pipeline/venv/lib/python3.11/site-packages/airflow/example_dags/example_latest_only.py
[2026-05-24T16:41:06.259+0000] {processor.py:840} INFO - DAG(s) 'latest_only' retrieved from /home/varn1t/ml-pipeline/venv/lib/python3.11/site-packages/airflow/example_dags/example_latest_only.py
[2026-05-24T16:41:06.268+0000] {logging_mixin.py:188} INFO - [2026-05-24T16:41:06.268+0000] {dag.py:3096} INFO - Sync 1 DAGs
[2026-05-24T16:41:06.280+0000] {logging_mixin.py:188} INFO - [2026-05-24T16:41:06.279+0000] {dag.py:3954} INFO - Setting next_dagrun for latest_only to 2026-05-24 12:00:00+00:00, run_after=2026-05-24 16:00:00+00:00
[2026-05-24T16:41:06.294+0000] {processor.py:183} INFO - Processing /home/varn1t/ml-pipeline/venv/lib/python3.11/site-packages/airflow/example_dags/example_latest_only.py took 0.044 seconds
[2026-05-24T16:42:01.338+0000] {processor.py:161} INFO - Started process (PID=26566) to work on /home/varn1t/ml-pipeline/venv/lib/python3.11/site-packages/airflow/example_dags/example_latest_only.py
[2026-05-24T16:42:01.339+0000] {processor.py:830} INFO - Processing file /home/varn1t/ml-pipeline/venv/lib/python3.11/site-packages/airflow/example_dags/example_latest_only.py for tasks to queue
[2026-05-24T16:42:01.340+0000] {logging_mixin.py:188} INFO - [2026-05-24T16:42:01.340+0000] {dagbag.py:545} INFO - Filling up the DagBag from /home/varn1t/ml-pipeline/venv/lib/python3.11/site-packages/airflow/example_dags/example_latest_only.py
[2026-05-24T16:42:01.343+0000] {processor.py:840} INFO - DAG(s) 'latest_only' retrieved from /home/varn1t/ml-pipeline/venv/lib/python3.11/site-packages/airflow/example_dags/example_latest_only.py
[2026-05-24T16:42:01.352+0000] {logging_mixin.py:188} INFO - [2026-05-24T16:42:01.352+0000] {dag.py:3096} INFO - Sync 1 DAGs
[2026-05-24T16:42:01.363+0000] {logging_mixin.py:188} INFO - [2026-05-24T16:42:01.362+0000] {dag.py:3954} INFO - Setting next_dagrun for latest_only to 2026-05-24 12:00:00+00:00, run_after=2026-05-24 16:00:00+00:00
[2026-05-24T16:42:01.376+0000] {processor.py:183} INFO - Processing /home/varn1t/ml-pipeline/venv/lib/python3.11/site-packages/airflow/example_dags/example_latest_only.py took 0.042 seconds
[2026-05-24T16:42:45.251+0000] {processor.py:161} INFO - Started process (PID=26764) to work on /home/varn1t/ml-pipeline/venv/lib/python3.11/site-packages/airflow/example_dags/example_latest_only.py
[2026-05-24T16:42:45.252+0000] {processor.py:830} INFO - Processing file /home/varn1t/ml-pipeline/venv/lib/python3.11/site-packages/airflow/example_dags/example_latest_only.py for tasks to queue
[2026-05-24T16:42:45.253+0000] {logging_mixin.py:188} INFO - [2026-05-24T16:42:45.253+0000] {dagbag.py:545} INFO - Filling up the DagBag from /home/varn1t/ml-pipeline/venv/lib/python3.11/site-packages/airflow/example_dags/example_latest_only.py
[2026-05-24T16:42:45.257+0000] {processor.py:840} INFO - DAG(s) 'latest_only' retrieved from /home/varn1t/ml-pipeline/venv/lib/python3.11/site-packages/airflow/example_dags/example_latest_only.py
[2026-05-24T16:42:45.267+0000] {logging_mixin.py:188} INFO - [2026-05-24T16:42:45.267+0000] {dag.py:3096} INFO - Sync 1 DAGs
[2026-05-24T16:42:45.278+0000] {logging_mixin.py:188} INFO - [2026-05-24T16:42:45.278+0000] {dag.py:3954} INFO - Setting next_dagrun for latest_only to 2026-05-24 12:00:00+00:00, run_after=2026-05-24 16:00:00+00:00
[2026-05-24T16:42:45.294+0000] {processor.py:183} INFO - Processing /home/varn1t/ml-pipeline/venv/lib/python3.11/site-packages/airflow/example_dags/example_latest_only.py took 0.047 seconds
[2026-05-24T16:43:30.250+0000] {processor.py:161} INFO - Started process (PID=26956) to work on /home/varn1t/ml-pipeline/venv/lib/python3.11/site-packages/airflow/example_dags/example_latest_only.py
[2026-05-24T16:43:30.251+0000] {processor.py:830} INFO - Processing file /home/varn1t/ml-pipeline/venv/lib/python3.11/site-packages/airflow/example_dags/example_latest_only.py for tasks to queue
[2026-05-24T16:43:30.253+0000] {logging_mixin.py:188} INFO - [2026-05-24T16:43:30.253+0000] {dagbag.py:545} INFO - Filling up the DagBag from /home/varn1t/ml-pipeline/venv/lib/python3.11/site-packages/airflow/example_dags/example_latest_only.py
[2026-05-24T16:43:30.259+0000] {processor.py:840} INFO - DAG(s) 'latest_only' retrieved from /home/varn1t/ml-pipeline/venv/lib/python3.11/site-packages/airflow/example_dags/example_latest_only.py
[2026-05-24T16:43:30.273+0000] {logging_mixin.py:188} INFO - [2026-05-24T16:43:30.273+0000] {dag.py:3096} INFO - Sync 1 DAGs
[2026-05-24T16:43:30.289+0000] {logging_mixin.py:188} INFO - [2026-05-24T16:43:30.289+0000] {dag.py:3954} INFO - Setting next_dagrun for latest_only to 2026-05-24 12:00:00+00:00, run_after=2026-05-24 16:00:00+00:00
[2026-05-24T16:43:30.306+0000] {processor.py:183} INFO - Processing /home/varn1t/ml-pipeline/venv/lib/python3.11/site-packages/airflow/example_dags/example_latest_only.py took 0.061 seconds
[2026-05-24T16:44:14.316+0000] {processor.py:161} INFO - Started process (PID=27155) to work on /home/varn1t/ml-pipeline/venv/lib/python3.11/site-packages/airflow/example_dags/example_latest_only.py
[2026-05-24T16:44:14.317+0000] {processor.py:830} INFO - Processing file /home/varn1t/ml-pipeline/venv/lib/python3.11/site-packages/airflow/example_dags/example_latest_only.py for tasks to queue
[2026-05-24T16:44:14.318+0000] {logging_mixin.py:188} INFO - [2026-05-24T16:44:14.318+0000] {dagbag.py:545} INFO - Filling up the DagBag from /home/varn1t/ml-pipeline/venv/lib/python3.11/site-packages/airflow/example_dags/example_latest_only.py
[2026-05-24T16:44:14.323+0000] {processor.py:840} INFO - DAG(s) 'latest_only' retrieved from /home/varn1t/ml-pipeline/venv/lib/python3.11/site-packages/airflow/example_dags/example_latest_only.py
[2026-05-24T16:44:14.334+0000] {logging_mixin.py:188} INFO - [2026-05-24T16:44:14.334+0000] {dag.py:3096} INFO - Sync 1 DAGs
[2026-05-24T16:44:14.345+0000] {logging_mixin.py:188} INFO - [2026-05-24T16:44:14.344+0000] {dag.py:3954} INFO - Setting next_dagrun for latest_only to 2026-05-24 12:00:00+00:00, run_after=2026-05-24 16:00:00+00:00
[2026-05-24T16:44:14.363+0000] {processor.py:183} INFO - Processing /home/varn1t/ml-pipeline/venv/lib/python3.11/site-packages/airflow/example_dags/example_latest_only.py took 0.051 seconds
[2026-05-24T16:44:59.881+0000] {processor.py:161} INFO - Started process (PID=27361) to work on /home/varn1t/ml-pipeline/venv/lib/python3.11/site-packages/airflow/example_dags/example_latest_only.py
[2026-05-24T16:44:59.882+0000] {processor.py:830} INFO - Processing file /home/varn1t/ml-pipeline/venv/lib/python3.11/site-packages/airflow/example_dags/example_latest_only.py for tasks to queue
[2026-05-24T16:44:59.883+0000] {logging_mixin.py:188} INFO - [2026-05-24T16:44:59.883+0000] {dagbag.py:545} INFO - Filling up the DagBag from /home/varn1t/ml-pipeline/venv/lib/python3.11/site-packages/airflow/example_dags/example_latest_only.py
[2026-05-24T16:44:59.887+0000] {processor.py:840} INFO - DAG(s) 'latest_only' retrieved from /home/varn1t/ml-pipeline/venv/lib/python3.11/site-packages/airflow/example_dags/example_latest_only.py
[2026-05-24T16:44:59.896+0000] {logging_mixin.py:188} INFO - [2026-05-24T16:44:59.896+0000] {dag.py:3096} INFO - Sync 1 DAGs
[2026-05-24T16:44:59.906+0000] {logging_mixin.py:188} INFO - [2026-05-24T16:44:59.906+0000] {dag.py:3954} INFO - Setting next_dagrun for latest_only to 2026-05-24 12:00:00+00:00, run_after=2026-05-24 16:00:00+00:00
[2026-05-24T16:44:59.920+0000] {processor.py:183} INFO - Processing /home/varn1t/ml-pipeline/venv/lib/python3.11/site-packages/airflow/example_dags/example_latest_only.py took 0.043 seconds
[2026-05-24T16:45:44.266+0000] {processor.py:161} INFO - Started process (PID=27557) to work on /home/varn1t/ml-pipeline/venv/lib/python3.11/site-packages/airflow/example_dags/example_latest_only.py
[2026-05-24T16:45:44.266+0000] {processor.py:830} INFO - Processing file /home/varn1t/ml-pipeline/venv/lib/python3.11/site-packages/airflow/example_dags/example_latest_only.py for tasks to queue
[2026-05-24T16:45:44.268+0000] {logging_mixin.py:188} INFO - [2026-05-24T16:45:44.267+0000] {dagbag.py:545} INFO - Filling up the DagBag from /home/varn1t/ml-pipeline/venv/lib/python3.11/site-packages/airflow/example_dags/example_latest_only.py
[2026-05-24T16:45:44.272+0000] {processor.py:840} INFO - DAG(s) 'latest_only' retrieved from /home/varn1t/ml-pipeline/venv/lib/python3.11/site-packages/airflow/example_dags/example_latest_only.py
[2026-05-24T16:45:44.282+0000] {logging_mixin.py:188} INFO - [2026-05-24T16:45:44.282+0000] {dag.py:3096} INFO - Sync 1 DAGs
[2026-05-24T16:45:44.293+0000] {logging_mixin.py:188} INFO - [2026-05-24T16:45:44.293+0000] {dag.py:3954} INFO - Setting next_dagrun for latest_only to 2026-05-24 12:00:00+00:00, run_after=2026-05-24 16:00:00+00:00
[2026-05-24T16:45:44.312+0000] {processor.py:183} INFO - Processing /home/varn1t/ml-pipeline/venv/lib/python3.11/site-packages/airflow/example_dags/example_latest_only.py took 0.051 seconds
[2026-05-24T17:09:07.140+0000] {processor.py:161} INFO - Started process (PID=27876) to work on /home/varn1t/ml-pipeline/venv/lib/python3.11/site-packages/airflow/example_dags/example_latest_only.py
[2026-05-24T17:09:07.140+0000] {processor.py:830} INFO - Processing file /home/varn1t/ml-pipeline/venv/lib/python3.11/site-packages/airflow/example_dags/example_latest_only.py for tasks to queue
[2026-05-24T17:09:07.142+0000] {logging_mixin.py:188} INFO - [2026-05-24T17:09:07.142+0000] {dagbag.py:545} INFO - Filling up the DagBag from /home/varn1t/ml-pipeline/venv/lib/python3.11/site-packages/airflow/example_dags/example_latest_only.py
[2026-05-24T17:09:07.145+0000] {processor.py:840} INFO - DAG(s) 'latest_only' retrieved from /home/varn1t/ml-pipeline/venv/lib/python3.11/site-packages/airflow/example_dags/example_latest_only.py
[2026-05-24T17:09:07.157+0000] {logging_mixin.py:188} INFO - [2026-05-24T17:09:07.157+0000] {dag.py:3096} INFO - Sync 1 DAGs
[2026-05-24T17:09:07.172+0000] {logging_mixin.py:188} INFO - [2026-05-24T17:09:07.171+0000] {dag.py:3954} INFO - Setting next_dagrun for latest_only to 2026-05-24 12:00:00+00:00, run_after=2026-05-24 16:00:00+00:00
[2026-05-24T17:09:07.192+0000] {processor.py:183} INFO - Processing /home/varn1t/ml-pipeline/venv/lib/python3.11/site-packages/airflow/example_dags/example_latest_only.py took 0.057 seconds
[2026-05-24T17:09:57.199+0000] {processor.py:161} INFO - Started process (PID=28098) to work on /home/varn1t/ml-pipeline/venv/lib/python3.11/site-packages/airflow/example_dags/example_latest_only.py
[2026-05-24T17:09:57.200+0000] {processor.py:830} INFO - Processing file /home/varn1t/ml-pipeline/venv/lib/python3.11/site-packages/airflow/example_dags/example_latest_only.py for tasks to queue
[2026-05-24T17:09:57.201+0000] {logging_mixin.py:188} INFO - [2026-05-24T17:09:57.201+0000] {dagbag.py:545} INFO - Filling up the DagBag from /home/varn1t/ml-pipeline/venv/lib/python3.11/site-packages/airflow/example_dags/example_latest_only.py
[2026-05-24T17:09:57.206+0000] {processor.py:840} INFO - DAG(s) 'latest_only' retrieved from /home/varn1t/ml-pipeline/venv/lib/python3.11/site-packages/airflow/example_dags/example_latest_only.py
[2026-05-24T17:09:57.221+0000] {logging_mixin.py:188} INFO - [2026-05-24T17:09:57.221+0000] {dag.py:3096} INFO - Sync 1 DAGs
[2026-05-24T17:09:57.234+0000] {logging_mixin.py:188} INFO - [2026-05-24T17:09:57.234+0000] {dag.py:3954} INFO - Setting next_dagrun for latest_only to 2026-05-24 12:00:00+00:00, run_after=2026-05-24 16:00:00+00:00
[2026-05-24T17:09:57.260+0000] {processor.py:183} INFO - Processing /home/varn1t/ml-pipeline/venv/lib/python3.11/site-packages/airflow/example_dags/example_latest_only.py took 0.067 seconds
[2026-05-24T17:10:58.932+0000] {processor.py:161} INFO - Started process (PID=28364) to work on /home/varn1t/ml-pipeline/venv/lib/python3.11/site-packages/airflow/example_dags/example_latest_only.py
[2026-05-24T17:10:58.933+0000] {processor.py:830} INFO - Processing file /home/varn1t/ml-pipeline/venv/lib/python3.11/site-packages/airflow/example_dags/example_latest_only.py for tasks to queue
[2026-05-24T17:10:58.934+0000] {logging_mixin.py:188} INFO - [2026-05-24T17:10:58.934+0000] {dagbag.py:545} INFO - Filling up the DagBag from /home/varn1t/ml-pipeline/venv/lib/python3.11/site-packages/airflow/example_dags/example_latest_only.py
[2026-05-24T17:10:58.938+0000] {processor.py:840} INFO - DAG(s) 'latest_only' retrieved from /home/varn1t/ml-pipeline/venv/lib/python3.11/site-packages/airflow/example_dags/example_latest_only.py
[2026-05-24T17:10:58.951+0000] {logging_mixin.py:188} INFO - [2026-05-24T17:10:58.951+0000] {dag.py:3096} INFO - Sync 1 DAGs
[2026-05-24T17:10:58.965+0000] {logging_mixin.py:188} INFO - [2026-05-24T17:10:58.965+0000] {dag.py:3954} INFO - Setting next_dagrun for latest_only to 2026-05-24 12:00:00+00:00, run_after=2026-05-24 16:00:00+00:00
[2026-05-24T17:10:58.982+0000] {processor.py:183} INFO - Processing /home/varn1t/ml-pipeline/venv/lib/python3.11/site-packages/airflow/example_dags/example_latest_only.py took 0.054 seconds
[2026-05-24T17:11:42.553+0000] {processor.py:161} INFO - Started process (PID=28551) to work on /home/varn1t/ml-pipeline/venv/lib/python3.11/site-packages/airflow/example_dags/example_latest_only.py
[2026-05-24T17:11:42.554+0000] {processor.py:830} INFO - Processing file /home/varn1t/ml-pipeline/venv/lib/python3.11/site-packages/airflow/example_dags/example_latest_only.py for tasks to queue
[2026-05-24T17:11:42.555+0000] {logging_mixin.py:188} INFO - [2026-05-24T17:11:42.555+0000] {dagbag.py:545} INFO - Filling up the DagBag from /home/varn1t/ml-pipeline/venv/lib/python3.11/site-packages/airflow/example_dags/example_latest_only.py
[2026-05-24T17:11:42.558+0000] {processor.py:840} INFO - DAG(s) 'latest_only' retrieved from /home/varn1t/ml-pipeline/venv/lib/python3.11/site-packages/airflow/example_dags/example_latest_only.py
[2026-05-24T17:11:42.567+0000] {logging_mixin.py:188} INFO - [2026-05-24T17:11:42.567+0000] {dag.py:3096} INFO - Sync 1 DAGs
[2026-05-24T17:11:42.577+0000] {logging_mixin.py:188} INFO - [2026-05-24T17:11:42.577+0000] {dag.py:3954} INFO - Setting next_dagrun for latest_only to 2026-05-24 12:00:00+00:00, run_after=2026-05-24 16:00:00+00:00
[2026-05-24T17:11:42.590+0000] {processor.py:183} INFO - Processing /home/varn1t/ml-pipeline/venv/lib/python3.11/site-packages/airflow/example_dags/example_latest_only.py took 0.041 seconds
[2026-05-24T17:12:44.164+0000] {processor.py:161} INFO - Started process (PID=28842) to work on /home/varn1t/ml-pipeline/venv/lib/python3.11/site-packages/airflow/example_dags/example_latest_only.py
[2026-05-24T17:12:44.164+0000] {processor.py:830} INFO - Processing file /home/varn1t/ml-pipeline/venv/lib/python3.11/site-packages/airflow/example_dags/example_latest_only.py for tasks to queue
[2026-05-24T17:12:44.166+0000] {logging_mixin.py:188} INFO - [2026-05-24T17:12:44.165+0000] {dagbag.py:545} INFO - Filling up the DagBag from /home/varn1t/ml-pipeline/venv/lib/python3.11/site-packages/airflow/example_dags/example_latest_only.py
[2026-05-24T17:12:44.169+0000] {processor.py:840} INFO - DAG(s) 'latest_only' retrieved from /home/varn1t/ml-pipeline/venv/lib/python3.11/site-packages/airflow/example_dags/example_latest_only.py
[2026-05-24T17:12:44.179+0000] {logging_mixin.py:188} INFO - [2026-05-24T17:12:44.179+0000] {dag.py:3096} INFO - Sync 1 DAGs
[2026-05-24T17:12:44.189+0000] {logging_mixin.py:188} INFO - [2026-05-24T17:12:44.189+0000] {dag.py:3954} INFO - Setting next_dagrun for latest_only to 2026-05-24 12:00:00+00:00, run_after=2026-05-24 16:00:00+00:00
[2026-05-24T17:12:44.205+0000] {processor.py:183} INFO - Processing /home/varn1t/ml-pipeline/venv/lib/python3.11/site-packages/airflow/example_dags/example_latest_only.py took 0.045 seconds
[2026-05-24T17:13:26.855+0000] {processor.py:161} INFO - Started process (PID=29032) to work on /home/varn1t/ml-pipeline/venv/lib/python3.11/site-packages/airflow/example_dags/example_latest_only.py
[2026-05-24T17:13:26.856+0000] {processor.py:830} INFO - Processing file /home/varn1t/ml-pipeline/venv/lib/python3.11/site-packages/airflow/example_dags/example_latest_only.py for tasks to queue
[2026-05-24T17:13:26.858+0000] {logging_mixin.py:188} INFO - [2026-05-24T17:13:26.858+0000] {dagbag.py:545} INFO - Filling up the DagBag from /home/varn1t/ml-pipeline/venv/lib/python3.11/site-packages/airflow/example_dags/example_latest_only.py
[2026-05-24T17:13:26.863+0000] {processor.py:840} INFO - DAG(s) 'latest_only' retrieved from /home/varn1t/ml-pipeline/venv/lib/python3.11/site-packages/airflow/example_dags/example_latest_only.py
[2026-05-24T17:13:26.872+0000] {logging_mixin.py:188} INFO - [2026-05-24T17:13:26.872+0000] {dag.py:3096} INFO - Sync 1 DAGs
[2026-05-24T17:13:26.882+0000] {logging_mixin.py:188} INFO - [2026-05-24T17:13:26.882+0000] {dag.py:3954} INFO - Setting next_dagrun for latest_only to 2026-05-24 12:00:00+00:00, run_after=2026-05-24 16:00:00+00:00
[2026-05-24T17:13:26.894+0000] {processor.py:183} INFO - Processing /home/varn1t/ml-pipeline/venv/lib/python3.11/site-packages/airflow/example_dags/example_latest_only.py took 0.044 seconds
[2026-05-24T17:14:27.744+0000] {processor.py:161} INFO - Started process (PID=29323) to work on /home/varn1t/ml-pipeline/venv/lib/python3.11/site-packages/airflow/example_dags/example_latest_only.py
[2026-05-24T17:14:27.745+0000] {processor.py:830} INFO - Processing file /home/varn1t/ml-pipeline/venv/lib/python3.11/site-packages/airflow/example_dags/example_latest_only.py for tasks to queue
[2026-05-24T17:14:27.747+0000] {logging_mixin.py:188} INFO - [2026-05-24T17:14:27.747+0000] {dagbag.py:545} INFO - Filling up the DagBag from /home/varn1t/ml-pipeline/venv/lib/python3.11/site-packages/airflow/example_dags/example_latest_only.py
[2026-05-24T17:14:27.752+0000] {processor.py:840} INFO - DAG(s) 'latest_only' retrieved from /home/varn1t/ml-pipeline/venv/lib/python3.11/site-packages/airflow/example_dags/example_latest_only.py
[2026-05-24T17:14:27.765+0000] {logging_mixin.py:188} INFO - [2026-05-24T17:14:27.764+0000] {dag.py:3096} INFO - Sync 1 DAGs
[2026-05-24T17:14:27.785+0000] {logging_mixin.py:188} INFO - [2026-05-24T17:14:27.784+0000] {dag.py:3954} INFO - Setting next_dagrun for latest_only to 2026-05-24 12:00:00+00:00, run_after=2026-05-24 16:00:00+00:00
[2026-05-24T17:14:27.812+0000] {processor.py:183} INFO - Processing /home/varn1t/ml-pipeline/venv/lib/python3.11/site-packages/airflow/example_dags/example_latest_only.py took 0.073 seconds
[2026-05-24T17:15:12.863+0000] {processor.py:161} INFO - Started process (PID=29569) to work on /home/varn1t/ml-pipeline/venv/lib/python3.11/site-packages/airflow/example_dags/example_latest_only.py
[2026-05-24T17:15:12.863+0000] {processor.py:830} INFO - Processing file /home/varn1t/ml-pipeline/venv/lib/python3.11/site-packages/airflow/example_dags/example_latest_only.py for tasks to queue
[2026-05-24T17:15:12.865+0000] {logging_mixin.py:188} INFO - [2026-05-24T17:15:12.865+0000] {dagbag.py:545} INFO - Filling up the DagBag from /home/varn1t/ml-pipeline/venv/lib/python3.11/site-packages/airflow/example_dags/example_latest_only.py
[2026-05-24T17:15:12.869+0000] {processor.py:840} INFO - DAG(s) 'latest_only' retrieved from /home/varn1t/ml-pipeline/venv/lib/python3.11/site-packages/airflow/example_dags/example_latest_only.py
[2026-05-24T17:15:12.881+0000] {logging_mixin.py:188} INFO - [2026-05-24T17:15:12.881+0000] {dag.py:3096} INFO - Sync 1 DAGs
[2026-05-24T17:15:12.894+0000] {logging_mixin.py:188} INFO - [2026-05-24T17:15:12.894+0000] {dag.py:3954} INFO - Setting next_dagrun for latest_only to 2026-05-24 12:00:00+00:00, run_after=2026-05-24 16:00:00+00:00
[2026-05-24T17:15:13.008+0000] {processor.py:183} INFO - Processing /home/varn1t/ml-pipeline/venv/lib/python3.11/site-packages/airflow/example_dags/example_latest_only.py took 0.150 seconds
[2026-05-24T17:15:59.468+0000] {processor.py:161} INFO - Started process (PID=29794) to work on /home/varn1t/ml-pipeline/venv/lib/python3.11/site-packages/airflow/example_dags/example_latest_only.py
[2026-05-24T17:15:59.469+0000] {processor.py:830} INFO - Processing file /home/varn1t/ml-pipeline/venv/lib/python3.11/site-packages/airflow/example_dags/example_latest_only.py for tasks to queue
[2026-05-24T17:15:59.470+0000] {logging_mixin.py:188} INFO - [2026-05-24T17:15:59.470+0000] {dagbag.py:545} INFO - Filling up the DagBag from /home/varn1t/ml-pipeline/venv/lib/python3.11/site-packages/airflow/example_dags/example_latest_only.py
[2026-05-24T17:15:59.474+0000] {processor.py:840} INFO - DAG(s) 'latest_only' retrieved from /home/varn1t/ml-pipeline/venv/lib/python3.11/site-packages/airflow/example_dags/example_latest_only.py
[2026-05-24T17:15:59.485+0000] {logging_mixin.py:188} INFO - [2026-05-24T17:15:59.485+0000] {dag.py:3096} INFO - Sync 1 DAGs
[2026-05-24T17:15:59.496+0000] {logging_mixin.py:188} INFO - [2026-05-24T17:15:59.496+0000] {dag.py:3954} INFO - Setting next_dagrun for latest_only to 2026-05-24 12:00:00+00:00, run_after=2026-05-24 16:00:00+00:00
[2026-05-24T17:15:59.511+0000] {processor.py:183} INFO - Processing /home/varn1t/ml-pipeline/venv/lib/python3.11/site-packages/airflow/example_dags/example_latest_only.py took 0.047 seconds
[2026-05-24T17:17:03.643+0000] {processor.py:161} INFO - Started process (PID=30285) to work on /home/varn1t/ml-pipeline/venv/lib/python3.11/site-packages/airflow/example_dags/example_latest_only.py
[2026-05-24T17:17:03.644+0000] {processor.py:830} INFO - Processing file /home/varn1t/ml-pipeline/venv/lib/python3.11/site-packages/airflow/example_dags/example_latest_only.py for tasks to queue
[2026-05-24T17:17:03.645+0000] {logging_mixin.py:188} INFO - [2026-05-24T17:17:03.645+0000] {dagbag.py:545} INFO - Filling up the DagBag from /home/varn1t/ml-pipeline/venv/lib/python3.11/site-packages/airflow/example_dags/example_latest_only.py
[2026-05-24T17:17:03.649+0000] {processor.py:840} INFO - DAG(s) 'latest_only' retrieved from /home/varn1t/ml-pipeline/venv/lib/python3.11/site-packages/airflow/example_dags/example_latest_only.py
[2026-05-24T17:17:03.659+0000] {logging_mixin.py:188} INFO - [2026-05-24T17:17:03.659+0000] {dag.py:3096} INFO - Sync 1 DAGs
[2026-05-24T17:17:03.670+0000] {logging_mixin.py:188} INFO - [2026-05-24T17:17:03.670+0000] {dag.py:3954} INFO - Setting next_dagrun for latest_only to 2026-05-24 12:00:00+00:00, run_after=2026-05-24 16:00:00+00:00
[2026-05-24T17:17:03.691+0000] {processor.py:183} INFO - Processing /home/varn1t/ml-pipeline/venv/lib/python3.11/site-packages/airflow/example_dags/example_latest_only.py took 0.053 seconds
[2026-05-24T17:17:51.725+0000] {processor.py:161} INFO - Started process (PID=30642) to work on /home/varn1t/ml-pipeline/venv/lib/python3.11/site-packages/airflow/example_dags/example_latest_only.py
[2026-05-24T17:17:51.726+0000] {processor.py:830} INFO - Processing file /home/varn1t/ml-pipeline/venv/lib/python3.11/site-packages/airflow/example_dags/example_latest_only.py for tasks to queue
[2026-05-24T17:17:51.727+0000] {logging_mixin.py:188} INFO - [2026-05-24T17:17:51.727+0000] {dagbag.py:545} INFO - Filling up the DagBag from /home/varn1t/ml-pipeline/venv/lib/python3.11/site-packages/airflow/example_dags/example_latest_only.py
[2026-05-24T17:17:51.732+0000] {processor.py:840} INFO - DAG(s) 'latest_only' retrieved from /home/varn1t/ml-pipeline/venv/lib/python3.11/site-packages/airflow/example_dags/example_latest_only.py
[2026-05-24T17:17:51.743+0000] {logging_mixin.py:188} INFO - [2026-05-24T17:17:51.743+0000] {dag.py:3096} INFO - Sync 1 DAGs
[2026-05-24T17:17:51.754+0000] {logging_mixin.py:188} INFO - [2026-05-24T17:17:51.754+0000] {dag.py:3954} INFO - Setting next_dagrun for latest_only to 2026-05-24 12:00:00+00:00, run_after=2026-05-24 16:00:00+00:00
[2026-05-24T17:17:51.772+0000] {processor.py:183} INFO - Processing /home/varn1t/ml-pipeline/venv/lib/python3.11/site-packages/airflow/example_dags/example_latest_only.py took 0.053 seconds
[2026-05-24T17:18:37.199+0000] {processor.py:161} INFO - Started process (PID=31020) to work on /home/varn1t/ml-pipeline/venv/lib/python3.11/site-packages/airflow/example_dags/example_latest_only.py
[2026-05-24T17:18:37.200+0000] {processor.py:830} INFO - Processing file /home/varn1t/ml-pipeline/venv/lib/python3.11/site-packages/airflow/example_dags/example_latest_only.py for tasks to queue
[2026-05-24T17:18:37.202+0000] {logging_mixin.py:188} INFO - [2026-05-24T17:18:37.201+0000] {dagbag.py:545} INFO - Filling up the DagBag from /home/varn1t/ml-pipeline/venv/lib/python3.11/site-packages/airflow/example_dags/example_latest_only.py
[2026-05-24T17:18:37.205+0000] {processor.py:840} INFO - DAG(s) 'latest_only' retrieved from /home/varn1t/ml-pipeline/venv/lib/python3.11/site-packages/airflow/example_dags/example_latest_only.py
[2026-05-24T17:18:37.217+0000] {logging_mixin.py:188} INFO - [2026-05-24T17:18:37.217+0000] {dag.py:3096} INFO - Sync 1 DAGs
[2026-05-24T17:18:37.229+0000] {logging_mixin.py:188} INFO - [2026-05-24T17:18:37.229+0000] {dag.py:3954} INFO - Setting next_dagrun for latest_only to 2026-05-24 12:00:00+00:00, run_after=2026-05-24 16:00:00+00:00
[2026-05-24T17:18:37.245+0000] {processor.py:183} INFO - Processing /home/varn1t/ml-pipeline/venv/lib/python3.11/site-packages/airflow/example_dags/example_latest_only.py took 0.051 seconds
[2026-05-24T17:19:20.474+0000] {processor.py:161} INFO - Started process (PID=31336) to work on /home/varn1t/ml-pipeline/venv/lib/python3.11/site-packages/airflow/example_dags/example_latest_only.py
[2026-05-24T17:19:20.475+0000] {processor.py:830} INFO - Processing file /home/varn1t/ml-pipeline/venv/lib/python3.11/site-packages/airflow/example_dags/example_latest_only.py for tasks to queue
[2026-05-24T17:19:20.476+0000] {logging_mixin.py:188} INFO - [2026-05-24T17:19:20.476+0000] {dagbag.py:545} INFO - Filling up the DagBag from /home/varn1t/ml-pipeline/venv/lib/python3.11/site-packages/airflow/example_dags/example_latest_only.py
[2026-05-24T17:19:20.480+0000] {processor.py:840} INFO - DAG(s) 'latest_only' retrieved from /home/varn1t/ml-pipeline/venv/lib/python3.11/site-packages/airflow/example_dags/example_latest_only.py
[2026-05-24T17:19:20.493+0000] {logging_mixin.py:188} INFO - [2026-05-24T17:19:20.493+0000] {dag.py:3096} INFO - Sync 1 DAGs
[2026-05-24T17:19:20.608+0000] {logging_mixin.py:188} INFO - [2026-05-24T17:19:20.608+0000] {dag.py:3954} INFO - Setting next_dagrun for latest_only to 2026-05-24 12:00:00+00:00, run_after=2026-05-24 16:00:00+00:00
[2026-05-24T17:19:20.623+0000] {processor.py:183} INFO - Processing /home/varn1t/ml-pipeline/venv/lib/python3.11/site-packages/airflow/example_dags/example_latest_only.py took 0.154 seconds
[2026-05-24T17:20:05.645+0000] {processor.py:161} INFO - Started process (PID=31619) to work on /home/varn1t/ml-pipeline/venv/lib/python3.11/site-packages/airflow/example_dags/example_latest_only.py
[2026-05-24T17:20:05.645+0000] {processor.py:830} INFO - Processing file /home/varn1t/ml-pipeline/venv/lib/python3.11/site-packages/airflow/example_dags/example_latest_only.py for tasks to queue
[2026-05-24T17:20:05.646+0000] {logging_mixin.py:188} INFO - [2026-05-24T17:20:05.646+0000] {dagbag.py:545} INFO - Filling up the DagBag from /home/varn1t/ml-pipeline/venv/lib/python3.11/site-packages/airflow/example_dags/example_latest_only.py
[2026-05-24T17:20:05.650+0000] {processor.py:840} INFO - DAG(s) 'latest_only' retrieved from /home/varn1t/ml-pipeline/venv/lib/python3.11/site-packages/airflow/example_dags/example_latest_only.py
[2026-05-24T17:20:05.659+0000] {logging_mixin.py:188} INFO - [2026-05-24T17:20:05.659+0000] {dag.py:3096} INFO - Sync 1 DAGs
[2026-05-24T17:20:05.669+0000] {logging_mixin.py:188} INFO - [2026-05-24T17:20:05.669+0000] {dag.py:3954} INFO - Setting next_dagrun for latest_only to 2026-05-24 12:00:00+00:00, run_after=2026-05-24 16:00:00+00:00
[2026-05-24T17:20:05.684+0000] {processor.py:183} INFO - Processing /home/varn1t/ml-pipeline/venv/lib/python3.11/site-packages/airflow/example_dags/example_latest_only.py took 0.044 seconds
[2026-05-24T17:20:53.037+0000] {processor.py:161} INFO - Started process (PID=31980) to work on /home/varn1t/ml-pipeline/venv/lib/python3.11/site-packages/airflow/example_dags/example_latest_only.py
[2026-05-24T17:20:53.037+0000] {processor.py:830} INFO - Processing file /home/varn1t/ml-pipeline/venv/lib/python3.11/site-packages/airflow/example_dags/example_latest_only.py for tasks to queue
[2026-05-24T17:20:53.039+0000] {logging_mixin.py:188} INFO - [2026-05-24T17:20:53.039+0000] {dagbag.py:545} INFO - Filling up the DagBag from /home/varn1t/ml-pipeline/venv/lib/python3.11/site-packages/airflow/example_dags/example_latest_only.py
[2026-05-24T17:20:53.043+0000] {processor.py:840} INFO - DAG(s) 'latest_only' retrieved from /home/varn1t/ml-pipeline/venv/lib/python3.11/site-packages/airflow/example_dags/example_latest_only.py
[2026-05-24T17:20:53.055+0000] {logging_mixin.py:188} INFO - [2026-05-24T17:20:53.055+0000] {dag.py:3096} INFO - Sync 1 DAGs
[2026-05-24T17:20:53.067+0000] {logging_mixin.py:188} INFO - [2026-05-24T17:20:53.067+0000] {dag.py:3954} INFO - Setting next_dagrun for latest_only to 2026-05-24 12:00:00+00:00, run_after=2026-05-24 16:00:00+00:00
[2026-05-24T17:20:53.083+0000] {processor.py:183} INFO - Processing /home/varn1t/ml-pipeline/venv/lib/python3.11/site-packages/airflow/example_dags/example_latest_only.py took 0.052 seconds
[2026-05-24T17:21:37.198+0000] {processor.py:161} INFO - Started process (PID=32203) to work on /home/varn1t/ml-pipeline/venv/lib/python3.11/site-packages/airflow/example_dags/example_latest_only.py
[2026-05-24T17:21:37.199+0000] {processor.py:830} INFO - Processing file /home/varn1t/ml-pipeline/venv/lib/python3.11/site-packages/airflow/example_dags/example_latest_only.py for tasks to queue
[2026-05-24T17:21:37.201+0000] {logging_mixin.py:188} INFO - [2026-05-24T17:21:37.201+0000] {dagbag.py:545} INFO - Filling up the DagBag from /home/varn1t/ml-pipeline/venv/lib/python3.11/site-packages/airflow/example_dags/example_latest_only.py
[2026-05-24T17:21:37.205+0000] {processor.py:840} INFO - DAG(s) 'latest_only' retrieved from /home/varn1t/ml-pipeline/venv/lib/python3.11/site-packages/airflow/example_dags/example_latest_only.py
[2026-05-24T17:21:37.218+0000] {logging_mixin.py:188} INFO - [2026-05-24T17:21:37.218+0000] {dag.py:3096} INFO - Sync 1 DAGs
[2026-05-24T17:21:37.230+0000] {logging_mixin.py:188} INFO - [2026-05-24T17:21:37.230+0000] {dag.py:3954} INFO - Setting next_dagrun for latest_only to 2026-05-24 12:00:00+00:00, run_after=2026-05-24 16:00:00+00:00
[2026-05-24T17:21:37.251+0000] {processor.py:183} INFO - Processing /home/varn1t/ml-pipeline/venv/lib/python3.11/site-packages/airflow/example_dags/example_latest_only.py took 0.058 seconds
[2026-05-24T17:22:20.406+0000] {processor.py:161} INFO - Started process (PID=32394) to work on /home/varn1t/ml-pipeline/venv/lib/python3.11/site-packages/airflow/example_dags/example_latest_only.py
[2026-05-24T17:22:20.407+0000] {processor.py:830} INFO - Processing file /home/varn1t/ml-pipeline/venv/lib/python3.11/site-packages/airflow/example_dags/example_latest_only.py for tasks to queue
[2026-05-24T17:22:20.408+0000] {logging_mixin.py:188} INFO - [2026-05-24T17:22:20.408+0000] {dagbag.py:545} INFO - Filling up the DagBag from /home/varn1t/ml-pipeline/venv/lib/python3.11/site-packages/airflow/example_dags/example_latest_only.py
[2026-05-24T17:22:20.413+0000] {processor.py:840} INFO - DAG(s) 'latest_only' retrieved from /home/varn1t/ml-pipeline/venv/lib/python3.11/site-packages/airflow/example_dags/example_latest_only.py
[2026-05-24T17:22:20.425+0000] {logging_mixin.py:188} INFO - [2026-05-24T17:22:20.425+0000] {dag.py:3096} INFO - Sync 1 DAGs
[2026-05-24T17:22:20.437+0000] {logging_mixin.py:188} INFO - [2026-05-24T17:22:20.437+0000] {dag.py:3954} INFO - Setting next_dagrun for latest_only to 2026-05-24 12:00:00+00:00, run_after=2026-05-24 16:00:00+00:00
[2026-05-24T17:22:20.454+0000] {processor.py:183} INFO - Processing /home/varn1t/ml-pipeline/venv/lib/python3.11/site-packages/airflow/example_dags/example_latest_only.py took 0.053 seconds
[2026-05-24T17:23:06.030+0000] {processor.py:161} INFO - Started process (PID=32618) to work on /home/varn1t/ml-pipeline/venv/lib/python3.11/site-packages/airflow/example_dags/example_latest_only.py
[2026-05-24T17:23:06.032+0000] {processor.py:830} INFO - Processing file /home/varn1t/ml-pipeline/venv/lib/python3.11/site-packages/airflow/example_dags/example_latest_only.py for tasks to queue
[2026-05-24T17:23:06.033+0000] {logging_mixin.py:188} INFO - [2026-05-24T17:23:06.033+0000] {dagbag.py:545} INFO - Filling up the DagBag from /home/varn1t/ml-pipeline/venv/lib/python3.11/site-packages/airflow/example_dags/example_latest_only.py
[2026-05-24T17:23:06.037+0000] {processor.py:840} INFO - DAG(s) 'latest_only' retrieved from /home/varn1t/ml-pipeline/venv/lib/python3.11/site-packages/airflow/example_dags/example_latest_only.py
[2026-05-24T17:23:06.048+0000] {logging_mixin.py:188} INFO - [2026-05-24T17:23:06.047+0000] {dag.py:3096} INFO - Sync 1 DAGs
[2026-05-24T17:23:06.059+0000] {logging_mixin.py:188} INFO - [2026-05-24T17:23:06.058+0000] {dag.py:3954} INFO - Setting next_dagrun for latest_only to 2026-05-24 12:00:00+00:00, run_after=2026-05-24 16:00:00+00:00
[2026-05-24T17:23:06.073+0000] {processor.py:183} INFO - Processing /home/varn1t/ml-pipeline/venv/lib/python3.11/site-packages/airflow/example_dags/example_latest_only.py took 0.051 seconds
[2026-05-24T17:23:50.953+0000] {processor.py:161} INFO - Started process (PID=32814) to work on /home/varn1t/ml-pipeline/venv/lib/python3.11/site-packages/airflow/example_dags/example_latest_only.py
[2026-05-24T17:23:50.954+0000] {processor.py:830} INFO - Processing file /home/varn1t/ml-pipeline/venv/lib/python3.11/site-packages/airflow/example_dags/example_latest_only.py for tasks to queue
[2026-05-24T17:23:50.955+0000] {logging_mixin.py:188} INFO - [2026-05-24T17:23:50.955+0000] {dagbag.py:545} INFO - Filling up the DagBag from /home/varn1t/ml-pipeline/venv/lib/python3.11/site-packages/airflow/example_dags/example_latest_only.py
[2026-05-24T17:23:50.959+0000] {processor.py:840} INFO - DAG(s) 'latest_only' retrieved from /home/varn1t/ml-pipeline/venv/lib/python3.11/site-packages/airflow/example_dags/example_latest_only.py
[2026-05-24T17:23:50.972+0000] {logging_mixin.py:188} INFO - [2026-05-24T17:23:50.972+0000] {dag.py:3096} INFO - Sync 1 DAGs
[2026-05-24T17:23:50.984+0000] {logging_mixin.py:188} INFO - [2026-05-24T17:23:50.984+0000] {dag.py:3954} INFO - Setting next_dagrun for latest_only to 2026-05-24 12:00:00+00:00, run_after=2026-05-24 16:00:00+00:00
[2026-05-24T17:23:51.001+0000] {processor.py:183} INFO - Processing /home/varn1t/ml-pipeline/venv/lib/python3.11/site-packages/airflow/example_dags/example_latest_only.py took 0.054 seconds
[2026-05-24T17:24:54.487+0000] {processor.py:161} INFO - Started process (PID=33241) to work on /home/varn1t/ml-pipeline/venv/lib/python3.11/site-packages/airflow/example_dags/example_latest_only.py
[2026-05-24T17:24:54.489+0000] {processor.py:830} INFO - Processing file /home/varn1t/ml-pipeline/venv/lib/python3.11/site-packages/airflow/example_dags/example_latest_only.py for tasks to queue
[2026-05-24T17:24:54.490+0000] {logging_mixin.py:188} INFO - [2026-05-24T17:24:54.490+0000] {dagbag.py:545} INFO - Filling up the DagBag from /home/varn1t/ml-pipeline/venv/lib/python3.11/site-packages/airflow/example_dags/example_latest_only.py
[2026-05-24T17:24:54.496+0000] {processor.py:840} INFO - DAG(s) 'latest_only' retrieved from /home/varn1t/ml-pipeline/venv/lib/python3.11/site-packages/airflow/example_dags/example_latest_only.py
[2026-05-24T17:24:54.507+0000] {logging_mixin.py:188} INFO - [2026-05-24T17:24:54.507+0000] {dag.py:3096} INFO - Sync 1 DAGs
[2026-05-24T17:24:54.517+0000] {logging_mixin.py:188} INFO - [2026-05-24T17:24:54.517+0000] {dag.py:3954} INFO - Setting next_dagrun for latest_only to 2026-05-24 12:00:00+00:00, run_after=2026-05-24 16:00:00+00:00
[2026-05-24T17:24:54.532+0000] {processor.py:183} INFO - Processing /home/varn1t/ml-pipeline/venv/lib/python3.11/site-packages/airflow/example_dags/example_latest_only.py took 0.052 seconds
[2026-05-24T17:25:39.667+0000] {processor.py:161} INFO - Started process (PID=33489) to work on /home/varn1t/ml-pipeline/venv/lib/python3.11/site-packages/airflow/example_dags/example_latest_only.py
[2026-05-24T17:25:39.668+0000] {processor.py:830} INFO - Processing file /home/varn1t/ml-pipeline/venv/lib/python3.11/site-packages/airflow/example_dags/example_latest_only.py for tasks to queue
[2026-05-24T17:25:39.669+0000] {logging_mixin.py:188} INFO - [2026-05-24T17:25:39.669+0000] {dagbag.py:545} INFO - Filling up the DagBag from /home/varn1t/ml-pipeline/venv/lib/python3.11/site-packages/airflow/example_dags/example_latest_only.py
[2026-05-24T17:25:39.675+0000] {processor.py:840} INFO - DAG(s) 'latest_only' retrieved from /home/varn1t/ml-pipeline/venv/lib/python3.11/site-packages/airflow/example_dags/example_latest_only.py
[2026-05-24T17:25:39.688+0000] {logging_mixin.py:188} INFO - [2026-05-24T17:25:39.688+0000] {dag.py:3096} INFO - Sync 1 DAGs
[2026-05-24T17:25:39.699+0000] {logging_mixin.py:188} INFO - [2026-05-24T17:25:39.699+0000] {dag.py:3954} INFO - Setting next_dagrun for latest_only to 2026-05-24 12:00:00+00:00, run_after=2026-05-24 16:00:00+00:00
[2026-05-24T17:25:39.717+0000] {processor.py:183} INFO - Processing /home/varn1t/ml-pipeline/venv/lib/python3.11/site-packages/airflow/example_dags/example_latest_only.py took 0.059 seconds
