[2026-05-24T13:29:10.710+0000] {processor.py:161} INFO - Started process (PID=4183) to work on /home/varn1t/ml-pipeline/venv/lib/python3.11/site-packages/airflow/example_dags/example_branch_python_dop_operator_3.py
[2026-05-24T13:29:10.711+0000] {processor.py:830} INFO - Processing file /home/varn1t/ml-pipeline/venv/lib/python3.11/site-packages/airflow/example_dags/example_branch_python_dop_operator_3.py for tasks to queue
[2026-05-24T13:29:10.712+0000] {logging_mixin.py:188} INFO - [2026-05-24T13:29:10.712+0000] {dagbag.py:545} INFO - Filling up the DagBag from /home/varn1t/ml-pipeline/venv/lib/python3.11/site-packages/airflow/example_dags/example_branch_python_dop_operator_3.py
[2026-05-24T13:29:10.718+0000] {processor.py:840} INFO - DAG(s) 'example_branch_dop_operator_v3' retrieved from /home/varn1t/ml-pipeline/venv/lib/python3.11/site-packages/airflow/example_dags/example_branch_python_dop_operator_3.py
[2026-05-24T13:29:10.766+0000] {logging_mixin.py:188} INFO - [2026-05-24T13:29:10.766+0000] {dag.py:3096} INFO - Sync 1 DAGs
[2026-05-24T13:29:10.777+0000] {logging_mixin.py:188} INFO - [2026-05-24T13:29:10.776+0000] {dag.py:3954} INFO - Setting next_dagrun for example_branch_dop_operator_v3 to 2026-05-24 13:28:00+00:00, run_after=2026-05-24 13:29:00+00:00
[2026-05-24T13:29:10.877+0000] {processor.py:183} INFO - Processing /home/varn1t/ml-pipeline/venv/lib/python3.11/site-packages/airflow/example_dags/example_branch_python_dop_operator_3.py took 0.172 seconds
[2026-05-24T13:30:03.172+0000] {processor.py:161} INFO - Started process (PID=4413) to work on /home/varn1t/ml-pipeline/venv/lib/python3.11/site-packages/airflow/example_dags/example_branch_python_dop_operator_3.py
[2026-05-24T13:30:03.173+0000] {processor.py:830} INFO - Processing file /home/varn1t/ml-pipeline/venv/lib/python3.11/site-packages/airflow/example_dags/example_branch_python_dop_operator_3.py for tasks to queue
[2026-05-24T13:30:03.174+0000] {logging_mixin.py:188} INFO - [2026-05-24T13:30:03.174+0000] {dagbag.py:545} INFO - Filling up the DagBag from /home/varn1t/ml-pipeline/venv/lib/python3.11/site-packages/airflow/example_dags/example_branch_python_dop_operator_3.py
[2026-05-24T13:30:03.181+0000] {processor.py:840} INFO - DAG(s) 'example_branch_dop_operator_v3' retrieved from /home/varn1t/ml-pipeline/venv/lib/python3.11/site-packages/airflow/example_dags/example_branch_python_dop_operator_3.py
[2026-05-24T13:30:03.190+0000] {logging_mixin.py:188} INFO - [2026-05-24T13:30:03.190+0000] {dag.py:3096} INFO - Sync 1 DAGs
[2026-05-24T13:30:03.203+0000] {logging_mixin.py:188} INFO - [2026-05-24T13:30:03.203+0000] {dag.py:3954} INFO - Setting next_dagrun for example_branch_dop_operator_v3 to 2026-05-24 13:29:00+00:00, run_after=2026-05-24 13:30:00+00:00
[2026-05-24T13:30:03.219+0000] {processor.py:183} INFO - Processing /home/varn1t/ml-pipeline/venv/lib/python3.11/site-packages/airflow/example_dags/example_branch_python_dop_operator_3.py took 0.051 seconds
[2026-05-24T13:30:55.788+0000] {processor.py:161} INFO - Started process (PID=4638) to work on /home/varn1t/ml-pipeline/venv/lib/python3.11/site-packages/airflow/example_dags/example_branch_python_dop_operator_3.py
[2026-05-24T13:30:55.789+0000] {processor.py:830} INFO - Processing file /home/varn1t/ml-pipeline/venv/lib/python3.11/site-packages/airflow/example_dags/example_branch_python_dop_operator_3.py for tasks to queue
[2026-05-24T13:30:55.790+0000] {logging_mixin.py:188} INFO - [2026-05-24T13:30:55.790+0000] {dagbag.py:545} INFO - Filling up the DagBag from /home/varn1t/ml-pipeline/venv/lib/python3.11/site-packages/airflow/example_dags/example_branch_python_dop_operator_3.py
[2026-05-24T13:30:55.797+0000] {processor.py:840} INFO - DAG(s) 'example_branch_dop_operator_v3' retrieved from /home/varn1t/ml-pipeline/venv/lib/python3.11/site-packages/airflow/example_dags/example_branch_python_dop_operator_3.py
[2026-05-24T13:30:55.808+0000] {logging_mixin.py:188} INFO - [2026-05-24T13:30:55.808+0000] {dag.py:3096} INFO - Sync 1 DAGs
[2026-05-24T13:30:55.822+0000] {logging_mixin.py:188} INFO - [2026-05-24T13:30:55.822+0000] {dag.py:3954} INFO - Setting next_dagrun for example_branch_dop_operator_v3 to 2026-05-24 13:29:00+00:00, run_after=2026-05-24 13:30:00+00:00
[2026-05-24T13:30:55.840+0000] {processor.py:183} INFO - Processing /home/varn1t/ml-pipeline/venv/lib/python3.11/site-packages/airflow/example_dags/example_branch_python_dop_operator_3.py took 0.058 seconds
[2026-05-24T13:31:56.668+0000] {processor.py:161} INFO - Started process (PID=4920) to work on /home/varn1t/ml-pipeline/venv/lib/python3.11/site-packages/airflow/example_dags/example_branch_python_dop_operator_3.py
[2026-05-24T13:31:56.669+0000] {processor.py:830} INFO - Processing file /home/varn1t/ml-pipeline/venv/lib/python3.11/site-packages/airflow/example_dags/example_branch_python_dop_operator_3.py for tasks to queue
[2026-05-24T13:31:56.670+0000] {logging_mixin.py:188} INFO - [2026-05-24T13:31:56.669+0000] {dagbag.py:545} INFO - Filling up the DagBag from /home/varn1t/ml-pipeline/venv/lib/python3.11/site-packages/airflow/example_dags/example_branch_python_dop_operator_3.py
[2026-05-24T13:31:56.676+0000] {processor.py:840} INFO - DAG(s) 'example_branch_dop_operator_v3' retrieved from /home/varn1t/ml-pipeline/venv/lib/python3.11/site-packages/airflow/example_dags/example_branch_python_dop_operator_3.py
[2026-05-24T13:31:56.686+0000] {logging_mixin.py:188} INFO - [2026-05-24T13:31:56.686+0000] {dag.py:3096} INFO - Sync 1 DAGs
[2026-05-24T13:31:56.701+0000] {logging_mixin.py:188} INFO - [2026-05-24T13:31:56.701+0000] {dag.py:3954} INFO - Setting next_dagrun for example_branch_dop_operator_v3 to 2026-05-24 13:30:00+00:00, run_after=2026-05-24 13:31:00+00:00
[2026-05-24T13:31:56.717+0000] {processor.py:183} INFO - Processing /home/varn1t/ml-pipeline/venv/lib/python3.11/site-packages/airflow/example_dags/example_branch_python_dop_operator_3.py took 0.054 seconds
[2026-05-24T13:32:55.371+0000] {processor.py:161} INFO - Started process (PID=5170) to work on /home/varn1t/ml-pipeline/venv/lib/python3.11/site-packages/airflow/example_dags/example_branch_python_dop_operator_3.py
[2026-05-24T13:32:55.372+0000] {processor.py:830} INFO - Processing file /home/varn1t/ml-pipeline/venv/lib/python3.11/site-packages/airflow/example_dags/example_branch_python_dop_operator_3.py for tasks to queue
[2026-05-24T13:32:55.373+0000] {logging_mixin.py:188} INFO - [2026-05-24T13:32:55.373+0000] {dagbag.py:545} INFO - Filling up the DagBag from /home/varn1t/ml-pipeline/venv/lib/python3.11/site-packages/airflow/example_dags/example_branch_python_dop_operator_3.py
[2026-05-24T13:32:55.380+0000] {processor.py:840} INFO - DAG(s) 'example_branch_dop_operator_v3' retrieved from /home/varn1t/ml-pipeline/venv/lib/python3.11/site-packages/airflow/example_dags/example_branch_python_dop_operator_3.py
[2026-05-24T13:32:55.391+0000] {logging_mixin.py:188} INFO - [2026-05-24T13:32:55.391+0000] {dag.py:3096} INFO - Sync 1 DAGs
[2026-05-24T13:32:55.409+0000] {logging_mixin.py:188} INFO - [2026-05-24T13:32:55.409+0000] {dag.py:3954} INFO - Setting next_dagrun for example_branch_dop_operator_v3 to 2026-05-24 13:31:00+00:00, run_after=2026-05-24 13:32:00+00:00
[2026-05-24T13:32:55.429+0000] {processor.py:183} INFO - Processing /home/varn1t/ml-pipeline/venv/lib/python3.11/site-packages/airflow/example_dags/example_branch_python_dop_operator_3.py took 0.063 seconds
[2026-05-24T13:33:50.817+0000] {processor.py:161} INFO - Started process (PID=5518) to work on /home/varn1t/ml-pipeline/venv/lib/python3.11/site-packages/airflow/example_dags/example_branch_python_dop_operator_3.py
[2026-05-24T13:33:50.818+0000] {processor.py:830} INFO - Processing file /home/varn1t/ml-pipeline/venv/lib/python3.11/site-packages/airflow/example_dags/example_branch_python_dop_operator_3.py for tasks to queue
[2026-05-24T13:33:50.818+0000] {logging_mixin.py:188} INFO - [2026-05-24T13:33:50.818+0000] {dagbag.py:545} INFO - Filling up the DagBag from /home/varn1t/ml-pipeline/venv/lib/python3.11/site-packages/airflow/example_dags/example_branch_python_dop_operator_3.py
[2026-05-24T13:33:50.825+0000] {processor.py:840} INFO - DAG(s) 'example_branch_dop_operator_v3' retrieved from /home/varn1t/ml-pipeline/venv/lib/python3.11/site-packages/airflow/example_dags/example_branch_python_dop_operator_3.py
[2026-05-24T13:33:50.838+0000] {logging_mixin.py:188} INFO - [2026-05-24T13:33:50.838+0000] {dag.py:3096} INFO - Sync 1 DAGs
[2026-05-24T13:33:50.853+0000] {logging_mixin.py:188} INFO - [2026-05-24T13:33:50.853+0000] {dag.py:3954} INFO - Setting next_dagrun for example_branch_dop_operator_v3 to 2026-05-24 13:32:00+00:00, run_after=2026-05-24 13:33:00+00:00
[2026-05-24T13:33:50.871+0000] {processor.py:183} INFO - Processing /home/varn1t/ml-pipeline/venv/lib/python3.11/site-packages/airflow/example_dags/example_branch_python_dop_operator_3.py took 0.059 seconds
[2026-05-24T13:34:46.264+0000] {processor.py:161} INFO - Started process (PID=5911) to work on /home/varn1t/ml-pipeline/venv/lib/python3.11/site-packages/airflow/example_dags/example_branch_python_dop_operator_3.py
[2026-05-24T13:34:46.264+0000] {processor.py:830} INFO - Processing file /home/varn1t/ml-pipeline/venv/lib/python3.11/site-packages/airflow/example_dags/example_branch_python_dop_operator_3.py for tasks to queue
[2026-05-24T13:34:46.265+0000] {logging_mixin.py:188} INFO - [2026-05-24T13:34:46.265+0000] {dagbag.py:545} INFO - Filling up the DagBag from /home/varn1t/ml-pipeline/venv/lib/python3.11/site-packages/airflow/example_dags/example_branch_python_dop_operator_3.py
[2026-05-24T13:34:46.271+0000] {processor.py:840} INFO - DAG(s) 'example_branch_dop_operator_v3' retrieved from /home/varn1t/ml-pipeline/venv/lib/python3.11/site-packages/airflow/example_dags/example_branch_python_dop_operator_3.py
[2026-05-24T13:34:46.283+0000] {logging_mixin.py:188} INFO - [2026-05-24T13:34:46.283+0000] {dag.py:3096} INFO - Sync 1 DAGs
[2026-05-24T13:34:46.296+0000] {logging_mixin.py:188} INFO - [2026-05-24T13:34:46.296+0000] {dag.py:3954} INFO - Setting next_dagrun for example_branch_dop_operator_v3 to 2026-05-24 13:33:00+00:00, run_after=2026-05-24 13:34:00+00:00
[2026-05-24T13:34:46.310+0000] {processor.py:183} INFO - Processing /home/varn1t/ml-pipeline/venv/lib/python3.11/site-packages/airflow/example_dags/example_branch_python_dop_operator_3.py took 0.050 seconds
[2026-05-24T13:35:46.430+0000] {processor.py:161} INFO - Started process (PID=6334) to work on /home/varn1t/ml-pipeline/venv/lib/python3.11/site-packages/airflow/example_dags/example_branch_python_dop_operator_3.py
[2026-05-24T13:35:46.431+0000] {processor.py:830} INFO - Processing file /home/varn1t/ml-pipeline/venv/lib/python3.11/site-packages/airflow/example_dags/example_branch_python_dop_operator_3.py for tasks to queue
[2026-05-24T13:35:46.431+0000] {logging_mixin.py:188} INFO - [2026-05-24T13:35:46.431+0000] {dagbag.py:545} INFO - Filling up the DagBag from /home/varn1t/ml-pipeline/venv/lib/python3.11/site-packages/airflow/example_dags/example_branch_python_dop_operator_3.py
[2026-05-24T13:35:46.437+0000] {processor.py:840} INFO - DAG(s) 'example_branch_dop_operator_v3' retrieved from /home/varn1t/ml-pipeline/venv/lib/python3.11/site-packages/airflow/example_dags/example_branch_python_dop_operator_3.py
[2026-05-24T13:35:46.448+0000] {logging_mixin.py:188} INFO - [2026-05-24T13:35:46.448+0000] {dag.py:3096} INFO - Sync 1 DAGs
[2026-05-24T13:35:46.461+0000] {logging_mixin.py:188} INFO - [2026-05-24T13:35:46.461+0000] {dag.py:3954} INFO - Setting next_dagrun for example_branch_dop_operator_v3 to 2026-05-24 13:34:00+00:00, run_after=2026-05-24 13:35:00+00:00
[2026-05-24T13:35:46.474+0000] {processor.py:183} INFO - Processing /home/varn1t/ml-pipeline/venv/lib/python3.11/site-packages/airflow/example_dags/example_branch_python_dop_operator_3.py took 0.048 seconds
[2026-05-24T13:36:44.601+0000] {processor.py:161} INFO - Started process (PID=6583) to work on /home/varn1t/ml-pipeline/venv/lib/python3.11/site-packages/airflow/example_dags/example_branch_python_dop_operator_3.py
[2026-05-24T13:36:44.602+0000] {processor.py:830} INFO - Processing file /home/varn1t/ml-pipeline/venv/lib/python3.11/site-packages/airflow/example_dags/example_branch_python_dop_operator_3.py for tasks to queue
[2026-05-24T13:36:44.603+0000] {logging_mixin.py:188} INFO - [2026-05-24T13:36:44.603+0000] {dagbag.py:545} INFO - Filling up the DagBag from /home/varn1t/ml-pipeline/venv/lib/python3.11/site-packages/airflow/example_dags/example_branch_python_dop_operator_3.py
[2026-05-24T13:36:44.609+0000] {processor.py:840} INFO - DAG(s) 'example_branch_dop_operator_v3' retrieved from /home/varn1t/ml-pipeline/venv/lib/python3.11/site-packages/airflow/example_dags/example_branch_python_dop_operator_3.py
[2026-05-24T13:36:44.620+0000] {logging_mixin.py:188} INFO - [2026-05-24T13:36:44.620+0000] {dag.py:3096} INFO - Sync 1 DAGs
[2026-05-24T13:36:44.633+0000] {logging_mixin.py:188} INFO - [2026-05-24T13:36:44.633+0000] {dag.py:3954} INFO - Setting next_dagrun for example_branch_dop_operator_v3 to 2026-05-24 13:35:00+00:00, run_after=2026-05-24 13:36:00+00:00
[2026-05-24T13:36:44.658+0000] {processor.py:183} INFO - Processing /home/varn1t/ml-pipeline/venv/lib/python3.11/site-packages/airflow/example_dags/example_branch_python_dop_operator_3.py took 0.060 seconds
[2026-05-24T13:37:41.390+0000] {processor.py:161} INFO - Started process (PID=7224) to work on /home/varn1t/ml-pipeline/venv/lib/python3.11/site-packages/airflow/example_dags/example_branch_python_dop_operator_3.py
[2026-05-24T13:37:41.391+0000] {processor.py:830} INFO - Processing file /home/varn1t/ml-pipeline/venv/lib/python3.11/site-packages/airflow/example_dags/example_branch_python_dop_operator_3.py for tasks to queue
[2026-05-24T13:37:41.391+0000] {logging_mixin.py:188} INFO - [2026-05-24T13:37:41.391+0000] {dagbag.py:545} INFO - Filling up the DagBag from /home/varn1t/ml-pipeline/venv/lib/python3.11/site-packages/airflow/example_dags/example_branch_python_dop_operator_3.py
[2026-05-24T13:37:41.397+0000] {processor.py:840} INFO - DAG(s) 'example_branch_dop_operator_v3' retrieved from /home/varn1t/ml-pipeline/venv/lib/python3.11/site-packages/airflow/example_dags/example_branch_python_dop_operator_3.py
[2026-05-24T13:37:41.408+0000] {logging_mixin.py:188} INFO - [2026-05-24T13:37:41.408+0000] {dag.py:3096} INFO - Sync 1 DAGs
[2026-05-24T13:37:41.422+0000] {logging_mixin.py:188} INFO - [2026-05-24T13:37:41.422+0000] {dag.py:3954} INFO - Setting next_dagrun for example_branch_dop_operator_v3 to 2026-05-24 13:36:00+00:00, run_after=2026-05-24 13:37:00+00:00
[2026-05-24T13:37:41.437+0000] {processor.py:183} INFO - Processing /home/varn1t/ml-pipeline/venv/lib/python3.11/site-packages/airflow/example_dags/example_branch_python_dop_operator_3.py took 0.051 seconds
[2026-05-24T13:38:35.407+0000] {processor.py:161} INFO - Started process (PID=7503) to work on /home/varn1t/ml-pipeline/venv/lib/python3.11/site-packages/airflow/example_dags/example_branch_python_dop_operator_3.py
[2026-05-24T13:38:35.408+0000] {processor.py:830} INFO - Processing file /home/varn1t/ml-pipeline/venv/lib/python3.11/site-packages/airflow/example_dags/example_branch_python_dop_operator_3.py for tasks to queue
[2026-05-24T13:38:35.408+0000] {logging_mixin.py:188} INFO - [2026-05-24T13:38:35.408+0000] {dagbag.py:545} INFO - Filling up the DagBag from /home/varn1t/ml-pipeline/venv/lib/python3.11/site-packages/airflow/example_dags/example_branch_python_dop_operator_3.py
[2026-05-24T13:38:35.415+0000] {processor.py:840} INFO - DAG(s) 'example_branch_dop_operator_v3' retrieved from /home/varn1t/ml-pipeline/venv/lib/python3.11/site-packages/airflow/example_dags/example_branch_python_dop_operator_3.py
[2026-05-24T13:38:35.427+0000] {logging_mixin.py:188} INFO - [2026-05-24T13:38:35.427+0000] {dag.py:3096} INFO - Sync 1 DAGs
[2026-05-24T13:38:35.443+0000] {logging_mixin.py:188} INFO - [2026-05-24T13:38:35.443+0000] {dag.py:3954} INFO - Setting next_dagrun for example_branch_dop_operator_v3 to 2026-05-24 13:37:00+00:00, run_after=2026-05-24 13:38:00+00:00
[2026-05-24T13:38:35.457+0000] {processor.py:183} INFO - Processing /home/varn1t/ml-pipeline/venv/lib/python3.11/site-packages/airflow/example_dags/example_branch_python_dop_operator_3.py took 0.054 seconds
[2026-05-24T13:39:36.923+0000] {processor.py:161} INFO - Started process (PID=7756) to work on /home/varn1t/ml-pipeline/venv/lib/python3.11/site-packages/airflow/example_dags/example_branch_python_dop_operator_3.py
[2026-05-24T13:39:36.924+0000] {processor.py:830} INFO - Processing file /home/varn1t/ml-pipeline/venv/lib/python3.11/site-packages/airflow/example_dags/example_branch_python_dop_operator_3.py for tasks to queue
[2026-05-24T13:39:36.925+0000] {logging_mixin.py:188} INFO - [2026-05-24T13:39:36.925+0000] {dagbag.py:545} INFO - Filling up the DagBag from /home/varn1t/ml-pipeline/venv/lib/python3.11/site-packages/airflow/example_dags/example_branch_python_dop_operator_3.py
[2026-05-24T13:39:36.931+0000] {processor.py:840} INFO - DAG(s) 'example_branch_dop_operator_v3' retrieved from /home/varn1t/ml-pipeline/venv/lib/python3.11/site-packages/airflow/example_dags/example_branch_python_dop_operator_3.py
[2026-05-24T13:39:36.942+0000] {logging_mixin.py:188} INFO - [2026-05-24T13:39:36.942+0000] {dag.py:3096} INFO - Sync 1 DAGs
[2026-05-24T13:39:36.957+0000] {logging_mixin.py:188} INFO - [2026-05-24T13:39:36.957+0000] {dag.py:3954} INFO - Setting next_dagrun for example_branch_dop_operator_v3 to 2026-05-24 13:38:00+00:00, run_after=2026-05-24 13:39:00+00:00
[2026-05-24T13:39:36.973+0000] {processor.py:183} INFO - Processing /home/varn1t/ml-pipeline/venv/lib/python3.11/site-packages/airflow/example_dags/example_branch_python_dop_operator_3.py took 0.054 seconds
[2026-05-24T13:40:36.305+0000] {processor.py:161} INFO - Started process (PID=8026) to work on /home/varn1t/ml-pipeline/venv/lib/python3.11/site-packages/airflow/example_dags/example_branch_python_dop_operator_3.py
[2026-05-24T13:40:36.306+0000] {processor.py:830} INFO - Processing file /home/varn1t/ml-pipeline/venv/lib/python3.11/site-packages/airflow/example_dags/example_branch_python_dop_operator_3.py for tasks to queue
[2026-05-24T13:40:36.307+0000] {logging_mixin.py:188} INFO - [2026-05-24T13:40:36.306+0000] {dagbag.py:545} INFO - Filling up the DagBag from /home/varn1t/ml-pipeline/venv/lib/python3.11/site-packages/airflow/example_dags/example_branch_python_dop_operator_3.py
[2026-05-24T13:40:36.313+0000] {processor.py:840} INFO - DAG(s) 'example_branch_dop_operator_v3' retrieved from /home/varn1t/ml-pipeline/venv/lib/python3.11/site-packages/airflow/example_dags/example_branch_python_dop_operator_3.py
[2026-05-24T13:40:36.324+0000] {logging_mixin.py:188} INFO - [2026-05-24T13:40:36.324+0000] {dag.py:3096} INFO - Sync 1 DAGs
[2026-05-24T13:40:36.341+0000] {logging_mixin.py:188} INFO - [2026-05-24T13:40:36.341+0000] {dag.py:3954} INFO - Setting next_dagrun for example_branch_dop_operator_v3 to 2026-05-24 13:39:00+00:00, run_after=2026-05-24 13:40:00+00:00
[2026-05-24T13:40:36.359+0000] {processor.py:183} INFO - Processing /home/varn1t/ml-pipeline/venv/lib/python3.11/site-packages/airflow/example_dags/example_branch_python_dop_operator_3.py took 0.058 seconds
[2026-05-24T13:41:35.634+0000] {processor.py:161} INFO - Started process (PID=8281) to work on /home/varn1t/ml-pipeline/venv/lib/python3.11/site-packages/airflow/example_dags/example_branch_python_dop_operator_3.py
[2026-05-24T13:41:35.635+0000] {processor.py:830} INFO - Processing file /home/varn1t/ml-pipeline/venv/lib/python3.11/site-packages/airflow/example_dags/example_branch_python_dop_operator_3.py for tasks to queue
[2026-05-24T13:41:35.636+0000] {logging_mixin.py:188} INFO - [2026-05-24T13:41:35.635+0000] {dagbag.py:545} INFO - Filling up the DagBag from /home/varn1t/ml-pipeline/venv/lib/python3.11/site-packages/airflow/example_dags/example_branch_python_dop_operator_3.py
[2026-05-24T13:41:35.642+0000] {processor.py:840} INFO - DAG(s) 'example_branch_dop_operator_v3' retrieved from /home/varn1t/ml-pipeline/venv/lib/python3.11/site-packages/airflow/example_dags/example_branch_python_dop_operator_3.py
[2026-05-24T13:41:35.652+0000] {logging_mixin.py:188} INFO - [2026-05-24T13:41:35.652+0000] {dag.py:3096} INFO - Sync 1 DAGs
[2026-05-24T13:41:35.665+0000] {logging_mixin.py:188} INFO - [2026-05-24T13:41:35.665+0000] {dag.py:3954} INFO - Setting next_dagrun for example_branch_dop_operator_v3 to 2026-05-24 13:40:00+00:00, run_after=2026-05-24 13:41:00+00:00
[2026-05-24T13:41:35.683+0000] {processor.py:183} INFO - Processing /home/varn1t/ml-pipeline/venv/lib/python3.11/site-packages/airflow/example_dags/example_branch_python_dop_operator_3.py took 0.053 seconds
[2026-05-24T13:42:37.525+0000] {processor.py:161} INFO - Started process (PID=8557) to work on /home/varn1t/ml-pipeline/venv/lib/python3.11/site-packages/airflow/example_dags/example_branch_python_dop_operator_3.py
[2026-05-24T13:42:37.526+0000] {processor.py:830} INFO - Processing file /home/varn1t/ml-pipeline/venv/lib/python3.11/site-packages/airflow/example_dags/example_branch_python_dop_operator_3.py for tasks to queue
[2026-05-24T13:42:37.527+0000] {logging_mixin.py:188} INFO - [2026-05-24T13:42:37.526+0000] {dagbag.py:545} INFO - Filling up the DagBag from /home/varn1t/ml-pipeline/venv/lib/python3.11/site-packages/airflow/example_dags/example_branch_python_dop_operator_3.py
[2026-05-24T13:42:37.532+0000] {processor.py:840} INFO - DAG(s) 'example_branch_dop_operator_v3' retrieved from /home/varn1t/ml-pipeline/venv/lib/python3.11/site-packages/airflow/example_dags/example_branch_python_dop_operator_3.py
[2026-05-24T13:42:37.544+0000] {logging_mixin.py:188} INFO - [2026-05-24T13:42:37.543+0000] {dag.py:3096} INFO - Sync 1 DAGs
[2026-05-24T13:42:37.560+0000] {logging_mixin.py:188} INFO - [2026-05-24T13:42:37.560+0000] {dag.py:3954} INFO - Setting next_dagrun for example_branch_dop_operator_v3 to 2026-05-24 13:41:00+00:00, run_after=2026-05-24 13:42:00+00:00
[2026-05-24T13:42:37.574+0000] {processor.py:183} INFO - Processing /home/varn1t/ml-pipeline/venv/lib/python3.11/site-packages/airflow/example_dags/example_branch_python_dop_operator_3.py took 0.053 seconds
[2026-05-24T13:43:40.846+0000] {processor.py:161} INFO - Started process (PID=8851) to work on /home/varn1t/ml-pipeline/venv/lib/python3.11/site-packages/airflow/example_dags/example_branch_python_dop_operator_3.py
[2026-05-24T13:43:40.847+0000] {processor.py:830} INFO - Processing file /home/varn1t/ml-pipeline/venv/lib/python3.11/site-packages/airflow/example_dags/example_branch_python_dop_operator_3.py for tasks to queue
[2026-05-24T13:43:40.847+0000] {logging_mixin.py:188} INFO - [2026-05-24T13:43:40.847+0000] {dagbag.py:545} INFO - Filling up the DagBag from /home/varn1t/ml-pipeline/venv/lib/python3.11/site-packages/airflow/example_dags/example_branch_python_dop_operator_3.py
[2026-05-24T13:43:40.853+0000] {processor.py:840} INFO - DAG(s) 'example_branch_dop_operator_v3' retrieved from /home/varn1t/ml-pipeline/venv/lib/python3.11/site-packages/airflow/example_dags/example_branch_python_dop_operator_3.py
[2026-05-24T13:43:40.865+0000] {logging_mixin.py:188} INFO - [2026-05-24T13:43:40.865+0000] {dag.py:3096} INFO - Sync 1 DAGs
[2026-05-24T13:43:40.881+0000] {logging_mixin.py:188} INFO - [2026-05-24T13:43:40.881+0000] {dag.py:3954} INFO - Setting next_dagrun for example_branch_dop_operator_v3 to 2026-05-24 13:42:00+00:00, run_after=2026-05-24 13:43:00+00:00
[2026-05-24T13:43:40.897+0000] {processor.py:183} INFO - Processing /home/varn1t/ml-pipeline/venv/lib/python3.11/site-packages/airflow/example_dags/example_branch_python_dop_operator_3.py took 0.055 seconds
[2026-05-24T13:44:46.758+0000] {processor.py:161} INFO - Started process (PID=9142) to work on /home/varn1t/ml-pipeline/venv/lib/python3.11/site-packages/airflow/example_dags/example_branch_python_dop_operator_3.py
[2026-05-24T13:44:46.759+0000] {processor.py:830} INFO - Processing file /home/varn1t/ml-pipeline/venv/lib/python3.11/site-packages/airflow/example_dags/example_branch_python_dop_operator_3.py for tasks to queue
[2026-05-24T13:44:46.759+0000] {logging_mixin.py:188} INFO - [2026-05-24T13:44:46.759+0000] {dagbag.py:545} INFO - Filling up the DagBag from /home/varn1t/ml-pipeline/venv/lib/python3.11/site-packages/airflow/example_dags/example_branch_python_dop_operator_3.py
[2026-05-24T13:44:46.767+0000] {processor.py:840} INFO - DAG(s) 'example_branch_dop_operator_v3' retrieved from /home/varn1t/ml-pipeline/venv/lib/python3.11/site-packages/airflow/example_dags/example_branch_python_dop_operator_3.py
[2026-05-24T13:44:46.780+0000] {logging_mixin.py:188} INFO - [2026-05-24T13:44:46.779+0000] {dag.py:3096} INFO - Sync 1 DAGs
[2026-05-24T13:44:46.794+0000] {logging_mixin.py:188} INFO - [2026-05-24T13:44:46.794+0000] {dag.py:3954} INFO - Setting next_dagrun for example_branch_dop_operator_v3 to 2026-05-24 13:43:00+00:00, run_after=2026-05-24 13:44:00+00:00
[2026-05-24T13:44:46.809+0000] {processor.py:183} INFO - Processing /home/varn1t/ml-pipeline/venv/lib/python3.11/site-packages/airflow/example_dags/example_branch_python_dop_operator_3.py took 0.056 seconds
[2026-05-24T13:45:47.058+0000] {processor.py:161} INFO - Started process (PID=9396) to work on /home/varn1t/ml-pipeline/venv/lib/python3.11/site-packages/airflow/example_dags/example_branch_python_dop_operator_3.py
[2026-05-24T13:45:47.059+0000] {processor.py:830} INFO - Processing file /home/varn1t/ml-pipeline/venv/lib/python3.11/site-packages/airflow/example_dags/example_branch_python_dop_operator_3.py for tasks to queue
[2026-05-24T13:45:47.060+0000] {logging_mixin.py:188} INFO - [2026-05-24T13:45:47.060+0000] {dagbag.py:545} INFO - Filling up the DagBag from /home/varn1t/ml-pipeline/venv/lib/python3.11/site-packages/airflow/example_dags/example_branch_python_dop_operator_3.py
[2026-05-24T13:45:47.069+0000] {processor.py:840} INFO - DAG(s) 'example_branch_dop_operator_v3' retrieved from /home/varn1t/ml-pipeline/venv/lib/python3.11/site-packages/airflow/example_dags/example_branch_python_dop_operator_3.py
[2026-05-24T13:45:47.084+0000] {logging_mixin.py:188} INFO - [2026-05-24T13:45:47.084+0000] {dag.py:3096} INFO - Sync 1 DAGs
[2026-05-24T13:45:47.102+0000] {logging_mixin.py:188} INFO - [2026-05-24T13:45:47.102+0000] {dag.py:3954} INFO - Setting next_dagrun for example_branch_dop_operator_v3 to 2026-05-24 13:44:00+00:00, run_after=2026-05-24 13:45:00+00:00
[2026-05-24T13:45:47.118+0000] {processor.py:183} INFO - Processing /home/varn1t/ml-pipeline/venv/lib/python3.11/site-packages/airflow/example_dags/example_branch_python_dop_operator_3.py took 0.066 seconds
[2026-05-24T13:46:53.078+0000] {processor.py:161} INFO - Started process (PID=9693) to work on /home/varn1t/ml-pipeline/venv/lib/python3.11/site-packages/airflow/example_dags/example_branch_python_dop_operator_3.py
[2026-05-24T13:46:53.079+0000] {processor.py:830} INFO - Processing file /home/varn1t/ml-pipeline/venv/lib/python3.11/site-packages/airflow/example_dags/example_branch_python_dop_operator_3.py for tasks to queue
[2026-05-24T13:46:53.080+0000] {logging_mixin.py:188} INFO - [2026-05-24T13:46:53.079+0000] {dagbag.py:545} INFO - Filling up the DagBag from /home/varn1t/ml-pipeline/venv/lib/python3.11/site-packages/airflow/example_dags/example_branch_python_dop_operator_3.py
[2026-05-24T13:46:53.086+0000] {processor.py:840} INFO - DAG(s) 'example_branch_dop_operator_v3' retrieved from /home/varn1t/ml-pipeline/venv/lib/python3.11/site-packages/airflow/example_dags/example_branch_python_dop_operator_3.py
[2026-05-24T13:46:53.100+0000] {logging_mixin.py:188} INFO - [2026-05-24T13:46:53.100+0000] {dag.py:3096} INFO - Sync 1 DAGs
[2026-05-24T13:46:53.116+0000] {logging_mixin.py:188} INFO - [2026-05-24T13:46:53.116+0000] {dag.py:3954} INFO - Setting next_dagrun for example_branch_dop_operator_v3 to 2026-05-24 13:45:00+00:00, run_after=2026-05-24 13:46:00+00:00
[2026-05-24T13:46:53.134+0000] {processor.py:183} INFO - Processing /home/varn1t/ml-pipeline/venv/lib/python3.11/site-packages/airflow/example_dags/example_branch_python_dop_operator_3.py took 0.060 seconds
[2026-05-24T13:47:45.384+0000] {processor.py:161} INFO - Started process (PID=9911) to work on /home/varn1t/ml-pipeline/venv/lib/python3.11/site-packages/airflow/example_dags/example_branch_python_dop_operator_3.py
[2026-05-24T13:47:45.385+0000] {processor.py:830} INFO - Processing file /home/varn1t/ml-pipeline/venv/lib/python3.11/site-packages/airflow/example_dags/example_branch_python_dop_operator_3.py for tasks to queue
[2026-05-24T13:47:45.386+0000] {logging_mixin.py:188} INFO - [2026-05-24T13:47:45.385+0000] {dagbag.py:545} INFO - Filling up the DagBag from /home/varn1t/ml-pipeline/venv/lib/python3.11/site-packages/airflow/example_dags/example_branch_python_dop_operator_3.py
[2026-05-24T13:47:45.392+0000] {processor.py:840} INFO - DAG(s) 'example_branch_dop_operator_v3' retrieved from /home/varn1t/ml-pipeline/venv/lib/python3.11/site-packages/airflow/example_dags/example_branch_python_dop_operator_3.py
[2026-05-24T13:47:45.406+0000] {logging_mixin.py:188} INFO - [2026-05-24T13:47:45.406+0000] {dag.py:3096} INFO - Sync 1 DAGs
[2026-05-24T13:47:45.421+0000] {logging_mixin.py:188} INFO - [2026-05-24T13:47:45.421+0000] {dag.py:3954} INFO - Setting next_dagrun for example_branch_dop_operator_v3 to 2026-05-24 13:46:00+00:00, run_after=2026-05-24 13:47:00+00:00
[2026-05-24T13:47:45.438+0000] {processor.py:183} INFO - Processing /home/varn1t/ml-pipeline/venv/lib/python3.11/site-packages/airflow/example_dags/example_branch_python_dop_operator_3.py took 0.058 seconds
[2026-05-24T13:48:45.916+0000] {processor.py:161} INFO - Started process (PID=10464) to work on /home/varn1t/ml-pipeline/venv/lib/python3.11/site-packages/airflow/example_dags/example_branch_python_dop_operator_3.py
[2026-05-24T13:48:45.917+0000] {processor.py:830} INFO - Processing file /home/varn1t/ml-pipeline/venv/lib/python3.11/site-packages/airflow/example_dags/example_branch_python_dop_operator_3.py for tasks to queue
[2026-05-24T13:48:45.917+0000] {logging_mixin.py:188} INFO - [2026-05-24T13:48:45.917+0000] {dagbag.py:545} INFO - Filling up the DagBag from /home/varn1t/ml-pipeline/venv/lib/python3.11/site-packages/airflow/example_dags/example_branch_python_dop_operator_3.py
[2026-05-24T13:48:45.923+0000] {processor.py:840} INFO - DAG(s) 'example_branch_dop_operator_v3' retrieved from /home/varn1t/ml-pipeline/venv/lib/python3.11/site-packages/airflow/example_dags/example_branch_python_dop_operator_3.py
[2026-05-24T13:48:45.933+0000] {logging_mixin.py:188} INFO - [2026-05-24T13:48:45.932+0000] {dag.py:3096} INFO - Sync 1 DAGs
[2026-05-24T13:48:45.944+0000] {logging_mixin.py:188} INFO - [2026-05-24T13:48:45.944+0000] {dag.py:3954} INFO - Setting next_dagrun for example_branch_dop_operator_v3 to 2026-05-24 13:47:00+00:00, run_after=2026-05-24 13:48:00+00:00
[2026-05-24T13:48:45.958+0000] {processor.py:183} INFO - Processing /home/varn1t/ml-pipeline/venv/lib/python3.11/site-packages/airflow/example_dags/example_branch_python_dop_operator_3.py took 0.046 seconds
[2026-05-24T13:49:46.836+0000] {processor.py:161} INFO - Started process (PID=11257) to work on /home/varn1t/ml-pipeline/venv/lib/python3.11/site-packages/airflow/example_dags/example_branch_python_dop_operator_3.py
[2026-05-24T13:49:46.837+0000] {processor.py:830} INFO - Processing file /home/varn1t/ml-pipeline/venv/lib/python3.11/site-packages/airflow/example_dags/example_branch_python_dop_operator_3.py for tasks to queue
[2026-05-24T13:49:46.838+0000] {logging_mixin.py:188} INFO - [2026-05-24T13:49:46.837+0000] {dagbag.py:545} INFO - Filling up the DagBag from /home/varn1t/ml-pipeline/venv/lib/python3.11/site-packages/airflow/example_dags/example_branch_python_dop_operator_3.py
[2026-05-24T13:49:46.844+0000] {processor.py:840} INFO - DAG(s) 'example_branch_dop_operator_v3' retrieved from /home/varn1t/ml-pipeline/venv/lib/python3.11/site-packages/airflow/example_dags/example_branch_python_dop_operator_3.py
[2026-05-24T13:49:46.857+0000] {logging_mixin.py:188} INFO - [2026-05-24T13:49:46.857+0000] {dag.py:3096} INFO - Sync 1 DAGs
[2026-05-24T13:49:46.869+0000] {logging_mixin.py:188} INFO - [2026-05-24T13:49:46.868+0000] {dag.py:3954} INFO - Setting next_dagrun for example_branch_dop_operator_v3 to 2026-05-24 13:48:00+00:00, run_after=2026-05-24 13:49:00+00:00
[2026-05-24T13:49:46.881+0000] {processor.py:183} INFO - Processing /home/varn1t/ml-pipeline/venv/lib/python3.11/site-packages/airflow/example_dags/example_branch_python_dop_operator_3.py took 0.049 seconds
[2026-05-24T13:50:46.617+0000] {processor.py:161} INFO - Started process (PID=11632) to work on /home/varn1t/ml-pipeline/venv/lib/python3.11/site-packages/airflow/example_dags/example_branch_python_dop_operator_3.py
[2026-05-24T13:50:46.618+0000] {processor.py:830} INFO - Processing file /home/varn1t/ml-pipeline/venv/lib/python3.11/site-packages/airflow/example_dags/example_branch_python_dop_operator_3.py for tasks to queue
[2026-05-24T13:50:46.619+0000] {logging_mixin.py:188} INFO - [2026-05-24T13:50:46.618+0000] {dagbag.py:545} INFO - Filling up the DagBag from /home/varn1t/ml-pipeline/venv/lib/python3.11/site-packages/airflow/example_dags/example_branch_python_dop_operator_3.py
[2026-05-24T13:50:46.626+0000] {processor.py:840} INFO - DAG(s) 'example_branch_dop_operator_v3' retrieved from /home/varn1t/ml-pipeline/venv/lib/python3.11/site-packages/airflow/example_dags/example_branch_python_dop_operator_3.py
[2026-05-24T13:50:46.639+0000] {logging_mixin.py:188} INFO - [2026-05-24T13:50:46.638+0000] {dag.py:3096} INFO - Sync 1 DAGs
[2026-05-24T13:50:46.656+0000] {logging_mixin.py:188} INFO - [2026-05-24T13:50:46.656+0000] {dag.py:3954} INFO - Setting next_dagrun for example_branch_dop_operator_v3 to 2026-05-24 13:49:00+00:00, run_after=2026-05-24 13:50:00+00:00
[2026-05-24T13:50:46.674+0000] {processor.py:183} INFO - Processing /home/varn1t/ml-pipeline/venv/lib/python3.11/site-packages/airflow/example_dags/example_branch_python_dop_operator_3.py took 0.062 seconds
[2026-05-24T13:51:49.126+0000] {processor.py:161} INFO - Started process (PID=12099) to work on /home/varn1t/ml-pipeline/venv/lib/python3.11/site-packages/airflow/example_dags/example_branch_python_dop_operator_3.py
[2026-05-24T13:51:49.127+0000] {processor.py:830} INFO - Processing file /home/varn1t/ml-pipeline/venv/lib/python3.11/site-packages/airflow/example_dags/example_branch_python_dop_operator_3.py for tasks to queue
[2026-05-24T13:51:49.128+0000] {logging_mixin.py:188} INFO - [2026-05-24T13:51:49.127+0000] {dagbag.py:545} INFO - Filling up the DagBag from /home/varn1t/ml-pipeline/venv/lib/python3.11/site-packages/airflow/example_dags/example_branch_python_dop_operator_3.py
[2026-05-24T13:51:49.135+0000] {processor.py:840} INFO - DAG(s) 'example_branch_dop_operator_v3' retrieved from /home/varn1t/ml-pipeline/venv/lib/python3.11/site-packages/airflow/example_dags/example_branch_python_dop_operator_3.py
[2026-05-24T13:51:49.152+0000] {logging_mixin.py:188} INFO - [2026-05-24T13:51:49.152+0000] {dag.py:3096} INFO - Sync 1 DAGs
[2026-05-24T13:51:49.169+0000] {logging_mixin.py:188} INFO - [2026-05-24T13:51:49.169+0000] {dag.py:3954} INFO - Setting next_dagrun for example_branch_dop_operator_v3 to 2026-05-24 13:50:00+00:00, run_after=2026-05-24 13:51:00+00:00
[2026-05-24T13:51:49.186+0000] {processor.py:183} INFO - Processing /home/varn1t/ml-pipeline/venv/lib/python3.11/site-packages/airflow/example_dags/example_branch_python_dop_operator_3.py took 0.064 seconds
[2026-05-24T13:52:50.673+0000] {processor.py:161} INFO - Started process (PID=12416) to work on /home/varn1t/ml-pipeline/venv/lib/python3.11/site-packages/airflow/example_dags/example_branch_python_dop_operator_3.py
[2026-05-24T13:52:50.674+0000] {processor.py:830} INFO - Processing file /home/varn1t/ml-pipeline/venv/lib/python3.11/site-packages/airflow/example_dags/example_branch_python_dop_operator_3.py for tasks to queue
[2026-05-24T13:52:50.674+0000] {logging_mixin.py:188} INFO - [2026-05-24T13:52:50.674+0000] {dagbag.py:545} INFO - Filling up the DagBag from /home/varn1t/ml-pipeline/venv/lib/python3.11/site-packages/airflow/example_dags/example_branch_python_dop_operator_3.py
[2026-05-24T13:52:50.682+0000] {processor.py:840} INFO - DAG(s) 'example_branch_dop_operator_v3' retrieved from /home/varn1t/ml-pipeline/venv/lib/python3.11/site-packages/airflow/example_dags/example_branch_python_dop_operator_3.py
[2026-05-24T13:52:50.697+0000] {logging_mixin.py:188} INFO - [2026-05-24T13:52:50.697+0000] {dag.py:3096} INFO - Sync 1 DAGs
[2026-05-24T13:52:50.715+0000] {logging_mixin.py:188} INFO - [2026-05-24T13:52:50.715+0000] {dag.py:3954} INFO - Setting next_dagrun for example_branch_dop_operator_v3 to 2026-05-24 13:51:00+00:00, run_after=2026-05-24 13:52:00+00:00
[2026-05-24T13:52:50.736+0000] {processor.py:183} INFO - Processing /home/varn1t/ml-pipeline/venv/lib/python3.11/site-packages/airflow/example_dags/example_branch_python_dop_operator_3.py took 0.069 seconds
[2026-05-24T13:53:54.843+0000] {processor.py:161} INFO - Started process (PID=12728) to work on /home/varn1t/ml-pipeline/venv/lib/python3.11/site-packages/airflow/example_dags/example_branch_python_dop_operator_3.py
[2026-05-24T13:53:54.844+0000] {processor.py:830} INFO - Processing file /home/varn1t/ml-pipeline/venv/lib/python3.11/site-packages/airflow/example_dags/example_branch_python_dop_operator_3.py for tasks to queue
[2026-05-24T13:53:54.844+0000] {logging_mixin.py:188} INFO - [2026-05-24T13:53:54.844+0000] {dagbag.py:545} INFO - Filling up the DagBag from /home/varn1t/ml-pipeline/venv/lib/python3.11/site-packages/airflow/example_dags/example_branch_python_dop_operator_3.py
[2026-05-24T13:53:54.850+0000] {processor.py:840} INFO - DAG(s) 'example_branch_dop_operator_v3' retrieved from /home/varn1t/ml-pipeline/venv/lib/python3.11/site-packages/airflow/example_dags/example_branch_python_dop_operator_3.py
[2026-05-24T13:53:54.860+0000] {logging_mixin.py:188} INFO - [2026-05-24T13:53:54.860+0000] {dag.py:3096} INFO - Sync 1 DAGs
[2026-05-24T13:53:54.875+0000] {logging_mixin.py:188} INFO - [2026-05-24T13:53:54.874+0000] {dag.py:3954} INFO - Setting next_dagrun for example_branch_dop_operator_v3 to 2026-05-24 13:52:00+00:00, run_after=2026-05-24 13:53:00+00:00
[2026-05-24T13:53:54.889+0000] {processor.py:183} INFO - Processing /home/varn1t/ml-pipeline/venv/lib/python3.11/site-packages/airflow/example_dags/example_branch_python_dop_operator_3.py took 0.050 seconds
[2026-05-24T13:54:55.183+0000] {processor.py:161} INFO - Started process (PID=12981) to work on /home/varn1t/ml-pipeline/venv/lib/python3.11/site-packages/airflow/example_dags/example_branch_python_dop_operator_3.py
[2026-05-24T13:54:55.184+0000] {processor.py:830} INFO - Processing file /home/varn1t/ml-pipeline/venv/lib/python3.11/site-packages/airflow/example_dags/example_branch_python_dop_operator_3.py for tasks to queue
[2026-05-24T13:54:55.184+0000] {logging_mixin.py:188} INFO - [2026-05-24T13:54:55.184+0000] {dagbag.py:545} INFO - Filling up the DagBag from /home/varn1t/ml-pipeline/venv/lib/python3.11/site-packages/airflow/example_dags/example_branch_python_dop_operator_3.py
[2026-05-24T13:54:55.191+0000] {processor.py:840} INFO - DAG(s) 'example_branch_dop_operator_v3' retrieved from /home/varn1t/ml-pipeline/venv/lib/python3.11/site-packages/airflow/example_dags/example_branch_python_dop_operator_3.py
[2026-05-24T13:54:55.207+0000] {logging_mixin.py:188} INFO - [2026-05-24T13:54:55.206+0000] {dag.py:3096} INFO - Sync 1 DAGs
[2026-05-24T13:54:55.223+0000] {logging_mixin.py:188} INFO - [2026-05-24T13:54:55.223+0000] {dag.py:3954} INFO - Setting next_dagrun for example_branch_dop_operator_v3 to 2026-05-24 13:53:00+00:00, run_after=2026-05-24 13:54:00+00:00
[2026-05-24T13:54:55.240+0000] {processor.py:183} INFO - Processing /home/varn1t/ml-pipeline/venv/lib/python3.11/site-packages/airflow/example_dags/example_branch_python_dop_operator_3.py took 0.062 seconds
[2026-05-24T13:55:52.585+0000] {processor.py:161} INFO - Started process (PID=13244) to work on /home/varn1t/ml-pipeline/venv/lib/python3.11/site-packages/airflow/example_dags/example_branch_python_dop_operator_3.py
[2026-05-24T13:55:52.586+0000] {processor.py:830} INFO - Processing file /home/varn1t/ml-pipeline/venv/lib/python3.11/site-packages/airflow/example_dags/example_branch_python_dop_operator_3.py for tasks to queue
[2026-05-24T13:55:52.587+0000] {logging_mixin.py:188} INFO - [2026-05-24T13:55:52.587+0000] {dagbag.py:545} INFO - Filling up the DagBag from /home/varn1t/ml-pipeline/venv/lib/python3.11/site-packages/airflow/example_dags/example_branch_python_dop_operator_3.py
[2026-05-24T13:55:52.595+0000] {processor.py:840} INFO - DAG(s) 'example_branch_dop_operator_v3' retrieved from /home/varn1t/ml-pipeline/venv/lib/python3.11/site-packages/airflow/example_dags/example_branch_python_dop_operator_3.py
[2026-05-24T13:55:52.612+0000] {logging_mixin.py:188} INFO - [2026-05-24T13:55:52.612+0000] {dag.py:3096} INFO - Sync 1 DAGs
[2026-05-24T13:55:52.631+0000] {logging_mixin.py:188} INFO - [2026-05-24T13:55:52.630+0000] {dag.py:3954} INFO - Setting next_dagrun for example_branch_dop_operator_v3 to 2026-05-24 13:54:00+00:00, run_after=2026-05-24 13:55:00+00:00
[2026-05-24T13:55:52.654+0000] {processor.py:183} INFO - Processing /home/varn1t/ml-pipeline/venv/lib/python3.11/site-packages/airflow/example_dags/example_branch_python_dop_operator_3.py took 0.073 seconds
[2026-05-24T13:56:53.064+0000] {processor.py:161} INFO - Started process (PID=13505) to work on /home/varn1t/ml-pipeline/venv/lib/python3.11/site-packages/airflow/example_dags/example_branch_python_dop_operator_3.py
[2026-05-24T13:56:53.065+0000] {processor.py:830} INFO - Processing file /home/varn1t/ml-pipeline/venv/lib/python3.11/site-packages/airflow/example_dags/example_branch_python_dop_operator_3.py for tasks to queue
[2026-05-24T13:56:53.065+0000] {logging_mixin.py:188} INFO - [2026-05-24T13:56:53.065+0000] {dagbag.py:545} INFO - Filling up the DagBag from /home/varn1t/ml-pipeline/venv/lib/python3.11/site-packages/airflow/example_dags/example_branch_python_dop_operator_3.py
[2026-05-24T13:56:53.072+0000] {processor.py:840} INFO - DAG(s) 'example_branch_dop_operator_v3' retrieved from /home/varn1t/ml-pipeline/venv/lib/python3.11/site-packages/airflow/example_dags/example_branch_python_dop_operator_3.py
[2026-05-24T13:56:53.087+0000] {logging_mixin.py:188} INFO - [2026-05-24T13:56:53.086+0000] {dag.py:3096} INFO - Sync 1 DAGs
[2026-05-24T13:56:53.103+0000] {logging_mixin.py:188} INFO - [2026-05-24T13:56:53.103+0000] {dag.py:3954} INFO - Setting next_dagrun for example_branch_dop_operator_v3 to 2026-05-24 13:55:00+00:00, run_after=2026-05-24 13:56:00+00:00
[2026-05-24T13:56:53.121+0000] {processor.py:183} INFO - Processing /home/varn1t/ml-pipeline/venv/lib/python3.11/site-packages/airflow/example_dags/example_branch_python_dop_operator_3.py took 0.061 seconds
[2026-05-24T13:57:59.742+0000] {processor.py:161} INFO - Started process (PID=13796) to work on /home/varn1t/ml-pipeline/venv/lib/python3.11/site-packages/airflow/example_dags/example_branch_python_dop_operator_3.py
[2026-05-24T13:57:59.743+0000] {processor.py:830} INFO - Processing file /home/varn1t/ml-pipeline/venv/lib/python3.11/site-packages/airflow/example_dags/example_branch_python_dop_operator_3.py for tasks to queue
[2026-05-24T13:57:59.743+0000] {logging_mixin.py:188} INFO - [2026-05-24T13:57:59.743+0000] {dagbag.py:545} INFO - Filling up the DagBag from /home/varn1t/ml-pipeline/venv/lib/python3.11/site-packages/airflow/example_dags/example_branch_python_dop_operator_3.py
[2026-05-24T13:57:59.750+0000] {processor.py:840} INFO - DAG(s) 'example_branch_dop_operator_v3' retrieved from /home/varn1t/ml-pipeline/venv/lib/python3.11/site-packages/airflow/example_dags/example_branch_python_dop_operator_3.py
[2026-05-24T13:57:59.763+0000] {logging_mixin.py:188} INFO - [2026-05-24T13:57:59.763+0000] {dag.py:3096} INFO - Sync 1 DAGs
[2026-05-24T13:57:59.778+0000] {logging_mixin.py:188} INFO - [2026-05-24T13:57:59.778+0000] {dag.py:3954} INFO - Setting next_dagrun for example_branch_dop_operator_v3 to 2026-05-24 13:56:00+00:00, run_after=2026-05-24 13:57:00+00:00
[2026-05-24T13:57:59.797+0000] {processor.py:183} INFO - Processing /home/varn1t/ml-pipeline/venv/lib/python3.11/site-packages/airflow/example_dags/example_branch_python_dop_operator_3.py took 0.060 seconds
[2026-05-24T13:59:01.359+0000] {processor.py:161} INFO - Started process (PID=14082) to work on /home/varn1t/ml-pipeline/venv/lib/python3.11/site-packages/airflow/example_dags/example_branch_python_dop_operator_3.py
[2026-05-24T13:59:01.360+0000] {processor.py:830} INFO - Processing file /home/varn1t/ml-pipeline/venv/lib/python3.11/site-packages/airflow/example_dags/example_branch_python_dop_operator_3.py for tasks to queue
[2026-05-24T13:59:01.360+0000] {logging_mixin.py:188} INFO - [2026-05-24T13:59:01.360+0000] {dagbag.py:545} INFO - Filling up the DagBag from /home/varn1t/ml-pipeline/venv/lib/python3.11/site-packages/airflow/example_dags/example_branch_python_dop_operator_3.py
[2026-05-24T13:59:01.366+0000] {processor.py:840} INFO - DAG(s) 'example_branch_dop_operator_v3' retrieved from /home/varn1t/ml-pipeline/venv/lib/python3.11/site-packages/airflow/example_dags/example_branch_python_dop_operator_3.py
[2026-05-24T13:59:01.377+0000] {logging_mixin.py:188} INFO - [2026-05-24T13:59:01.376+0000] {dag.py:3096} INFO - Sync 1 DAGs
[2026-05-24T13:59:01.390+0000] {logging_mixin.py:188} INFO - [2026-05-24T13:59:01.390+0000] {dag.py:3954} INFO - Setting next_dagrun for example_branch_dop_operator_v3 to 2026-05-24 13:58:00+00:00, run_after=2026-05-24 13:59:00+00:00
[2026-05-24T13:59:01.405+0000] {processor.py:183} INFO - Processing /home/varn1t/ml-pipeline/venv/lib/python3.11/site-packages/airflow/example_dags/example_branch_python_dop_operator_3.py took 0.050 seconds
[2026-05-24T14:00:05.009+0000] {processor.py:161} INFO - Started process (PID=14366) to work on /home/varn1t/ml-pipeline/venv/lib/python3.11/site-packages/airflow/example_dags/example_branch_python_dop_operator_3.py
[2026-05-24T14:00:05.010+0000] {processor.py:830} INFO - Processing file /home/varn1t/ml-pipeline/venv/lib/python3.11/site-packages/airflow/example_dags/example_branch_python_dop_operator_3.py for tasks to queue
[2026-05-24T14:00:05.010+0000] {logging_mixin.py:188} INFO - [2026-05-24T14:00:05.010+0000] {dagbag.py:545} INFO - Filling up the DagBag from /home/varn1t/ml-pipeline/venv/lib/python3.11/site-packages/airflow/example_dags/example_branch_python_dop_operator_3.py
[2026-05-24T14:00:05.018+0000] {processor.py:840} INFO - DAG(s) 'example_branch_dop_operator_v3' retrieved from /home/varn1t/ml-pipeline/venv/lib/python3.11/site-packages/airflow/example_dags/example_branch_python_dop_operator_3.py
[2026-05-24T14:00:05.032+0000] {logging_mixin.py:188} INFO - [2026-05-24T14:00:05.032+0000] {dag.py:3096} INFO - Sync 1 DAGs
[2026-05-24T14:00:05.046+0000] {logging_mixin.py:188} INFO - [2026-05-24T14:00:05.046+0000] {dag.py:3954} INFO - Setting next_dagrun for example_branch_dop_operator_v3 to 2026-05-24 13:59:00+00:00, run_after=2026-05-24 14:00:00+00:00
[2026-05-24T14:00:05.061+0000] {processor.py:183} INFO - Processing /home/varn1t/ml-pipeline/venv/lib/python3.11/site-packages/airflow/example_dags/example_branch_python_dop_operator_3.py took 0.058 seconds
[2026-05-24T14:01:02.825+0000] {processor.py:161} INFO - Started process (PID=14612) to work on /home/varn1t/ml-pipeline/venv/lib/python3.11/site-packages/airflow/example_dags/example_branch_python_dop_operator_3.py
[2026-05-24T14:01:02.826+0000] {processor.py:830} INFO - Processing file /home/varn1t/ml-pipeline/venv/lib/python3.11/site-packages/airflow/example_dags/example_branch_python_dop_operator_3.py for tasks to queue
[2026-05-24T14:01:02.826+0000] {logging_mixin.py:188} INFO - [2026-05-24T14:01:02.826+0000] {dagbag.py:545} INFO - Filling up the DagBag from /home/varn1t/ml-pipeline/venv/lib/python3.11/site-packages/airflow/example_dags/example_branch_python_dop_operator_3.py
[2026-05-24T14:01:02.832+0000] {processor.py:840} INFO - DAG(s) 'example_branch_dop_operator_v3' retrieved from /home/varn1t/ml-pipeline/venv/lib/python3.11/site-packages/airflow/example_dags/example_branch_python_dop_operator_3.py
[2026-05-24T14:01:02.844+0000] {logging_mixin.py:188} INFO - [2026-05-24T14:01:02.844+0000] {dag.py:3096} INFO - Sync 1 DAGs
[2026-05-24T14:01:02.857+0000] {logging_mixin.py:188} INFO - [2026-05-24T14:01:02.857+0000] {dag.py:3954} INFO - Setting next_dagrun for example_branch_dop_operator_v3 to 2026-05-24 14:00:00+00:00, run_after=2026-05-24 14:01:00+00:00
[2026-05-24T14:01:02.871+0000] {processor.py:183} INFO - Processing /home/varn1t/ml-pipeline/venv/lib/python3.11/site-packages/airflow/example_dags/example_branch_python_dop_operator_3.py took 0.050 seconds
[2026-05-24T14:02:03.592+0000] {processor.py:161} INFO - Started process (PID=14887) to work on /home/varn1t/ml-pipeline/venv/lib/python3.11/site-packages/airflow/example_dags/example_branch_python_dop_operator_3.py
[2026-05-24T14:02:03.593+0000] {processor.py:830} INFO - Processing file /home/varn1t/ml-pipeline/venv/lib/python3.11/site-packages/airflow/example_dags/example_branch_python_dop_operator_3.py for tasks to queue
[2026-05-24T14:02:03.593+0000] {logging_mixin.py:188} INFO - [2026-05-24T14:02:03.593+0000] {dagbag.py:545} INFO - Filling up the DagBag from /home/varn1t/ml-pipeline/venv/lib/python3.11/site-packages/airflow/example_dags/example_branch_python_dop_operator_3.py
[2026-05-24T14:02:03.599+0000] {processor.py:840} INFO - DAG(s) 'example_branch_dop_operator_v3' retrieved from /home/varn1t/ml-pipeline/venv/lib/python3.11/site-packages/airflow/example_dags/example_branch_python_dop_operator_3.py
[2026-05-24T14:02:03.609+0000] {logging_mixin.py:188} INFO - [2026-05-24T14:02:03.609+0000] {dag.py:3096} INFO - Sync 1 DAGs
[2026-05-24T14:02:03.623+0000] {logging_mixin.py:188} INFO - [2026-05-24T14:02:03.623+0000] {dag.py:3954} INFO - Setting next_dagrun for example_branch_dop_operator_v3 to 2026-05-24 14:01:00+00:00, run_after=2026-05-24 14:02:00+00:00
[2026-05-24T14:02:03.637+0000] {processor.py:183} INFO - Processing /home/varn1t/ml-pipeline/venv/lib/python3.11/site-packages/airflow/example_dags/example_branch_python_dop_operator_3.py took 0.049 seconds
[2026-05-24T14:03:00.113+0000] {processor.py:161} INFO - Started process (PID=15132) to work on /home/varn1t/ml-pipeline/venv/lib/python3.11/site-packages/airflow/example_dags/example_branch_python_dop_operator_3.py
[2026-05-24T14:03:00.115+0000] {processor.py:830} INFO - Processing file /home/varn1t/ml-pipeline/venv/lib/python3.11/site-packages/airflow/example_dags/example_branch_python_dop_operator_3.py for tasks to queue
[2026-05-24T14:03:00.115+0000] {logging_mixin.py:188} INFO - [2026-05-24T14:03:00.115+0000] {dagbag.py:545} INFO - Filling up the DagBag from /home/varn1t/ml-pipeline/venv/lib/python3.11/site-packages/airflow/example_dags/example_branch_python_dop_operator_3.py
[2026-05-24T14:03:00.122+0000] {processor.py:840} INFO - DAG(s) 'example_branch_dop_operator_v3' retrieved from /home/varn1t/ml-pipeline/venv/lib/python3.11/site-packages/airflow/example_dags/example_branch_python_dop_operator_3.py
[2026-05-24T14:03:00.135+0000] {logging_mixin.py:188} INFO - [2026-05-24T14:03:00.135+0000] {dag.py:3096} INFO - Sync 1 DAGs
[2026-05-24T14:03:00.149+0000] {logging_mixin.py:188} INFO - [2026-05-24T14:03:00.149+0000] {dag.py:3954} INFO - Setting next_dagrun for example_branch_dop_operator_v3 to 2026-05-24 14:02:00+00:00, run_after=2026-05-24 14:03:00+00:00
[2026-05-24T14:03:00.163+0000] {processor.py:183} INFO - Processing /home/varn1t/ml-pipeline/venv/lib/python3.11/site-packages/airflow/example_dags/example_branch_python_dop_operator_3.py took 0.054 seconds
[2026-05-24T14:04:02.692+0000] {processor.py:161} INFO - Started process (PID=15436) to work on /home/varn1t/ml-pipeline/venv/lib/python3.11/site-packages/airflow/example_dags/example_branch_python_dop_operator_3.py
[2026-05-24T14:04:02.693+0000] {processor.py:830} INFO - Processing file /home/varn1t/ml-pipeline/venv/lib/python3.11/site-packages/airflow/example_dags/example_branch_python_dop_operator_3.py for tasks to queue
[2026-05-24T14:04:02.693+0000] {logging_mixin.py:188} INFO - [2026-05-24T14:04:02.693+0000] {dagbag.py:545} INFO - Filling up the DagBag from /home/varn1t/ml-pipeline/venv/lib/python3.11/site-packages/airflow/example_dags/example_branch_python_dop_operator_3.py
[2026-05-24T14:04:02.700+0000] {processor.py:840} INFO - DAG(s) 'example_branch_dop_operator_v3' retrieved from /home/varn1t/ml-pipeline/venv/lib/python3.11/site-packages/airflow/example_dags/example_branch_python_dop_operator_3.py
[2026-05-24T14:04:02.714+0000] {logging_mixin.py:188} INFO - [2026-05-24T14:04:02.714+0000] {dag.py:3096} INFO - Sync 1 DAGs
[2026-05-24T14:04:02.729+0000] {logging_mixin.py:188} INFO - [2026-05-24T14:04:02.729+0000] {dag.py:3954} INFO - Setting next_dagrun for example_branch_dop_operator_v3 to 2026-05-24 14:03:00+00:00, run_after=2026-05-24 14:04:00+00:00
[2026-05-24T14:04:02.750+0000] {processor.py:183} INFO - Processing /home/varn1t/ml-pipeline/venv/lib/python3.11/site-packages/airflow/example_dags/example_branch_python_dop_operator_3.py took 0.063 seconds
[2026-05-24T14:05:05.807+0000] {processor.py:161} INFO - Started process (PID=15696) to work on /home/varn1t/ml-pipeline/venv/lib/python3.11/site-packages/airflow/example_dags/example_branch_python_dop_operator_3.py
[2026-05-24T14:05:05.807+0000] {processor.py:830} INFO - Processing file /home/varn1t/ml-pipeline/venv/lib/python3.11/site-packages/airflow/example_dags/example_branch_python_dop_operator_3.py for tasks to queue
[2026-05-24T14:05:05.808+0000] {logging_mixin.py:188} INFO - [2026-05-24T14:05:05.808+0000] {dagbag.py:545} INFO - Filling up the DagBag from /home/varn1t/ml-pipeline/venv/lib/python3.11/site-packages/airflow/example_dags/example_branch_python_dop_operator_3.py
[2026-05-24T14:05:05.815+0000] {processor.py:840} INFO - DAG(s) 'example_branch_dop_operator_v3' retrieved from /home/varn1t/ml-pipeline/venv/lib/python3.11/site-packages/airflow/example_dags/example_branch_python_dop_operator_3.py
[2026-05-24T14:05:05.829+0000] {logging_mixin.py:188} INFO - [2026-05-24T14:05:05.828+0000] {dag.py:3096} INFO - Sync 1 DAGs
[2026-05-24T14:05:05.842+0000] {logging_mixin.py:188} INFO - [2026-05-24T14:05:05.842+0000] {dag.py:3954} INFO - Setting next_dagrun for example_branch_dop_operator_v3 to 2026-05-24 14:04:00+00:00, run_after=2026-05-24 14:05:00+00:00
[2026-05-24T14:05:05.857+0000] {processor.py:183} INFO - Processing /home/varn1t/ml-pipeline/venv/lib/python3.11/site-packages/airflow/example_dags/example_branch_python_dop_operator_3.py took 0.054 seconds
[2026-05-24T14:06:07.607+0000] {processor.py:161} INFO - Started process (PID=15972) to work on /home/varn1t/ml-pipeline/venv/lib/python3.11/site-packages/airflow/example_dags/example_branch_python_dop_operator_3.py
[2026-05-24T14:06:07.608+0000] {processor.py:830} INFO - Processing file /home/varn1t/ml-pipeline/venv/lib/python3.11/site-packages/airflow/example_dags/example_branch_python_dop_operator_3.py for tasks to queue
[2026-05-24T14:06:07.608+0000] {logging_mixin.py:188} INFO - [2026-05-24T14:06:07.608+0000] {dagbag.py:545} INFO - Filling up the DagBag from /home/varn1t/ml-pipeline/venv/lib/python3.11/site-packages/airflow/example_dags/example_branch_python_dop_operator_3.py
[2026-05-24T14:06:07.614+0000] {processor.py:840} INFO - DAG(s) 'example_branch_dop_operator_v3' retrieved from /home/varn1t/ml-pipeline/venv/lib/python3.11/site-packages/airflow/example_dags/example_branch_python_dop_operator_3.py
[2026-05-24T14:06:07.626+0000] {logging_mixin.py:188} INFO - [2026-05-24T14:06:07.626+0000] {dag.py:3096} INFO - Sync 1 DAGs
[2026-05-24T14:06:07.639+0000] {logging_mixin.py:188} INFO - [2026-05-24T14:06:07.639+0000] {dag.py:3954} INFO - Setting next_dagrun for example_branch_dop_operator_v3 to 2026-05-24 14:05:00+00:00, run_after=2026-05-24 14:06:00+00:00
[2026-05-24T14:06:07.655+0000] {processor.py:183} INFO - Processing /home/varn1t/ml-pipeline/venv/lib/python3.11/site-packages/airflow/example_dags/example_branch_python_dop_operator_3.py took 0.052 seconds
[2026-05-24T14:07:12.616+0000] {processor.py:161} INFO - Started process (PID=16277) to work on /home/varn1t/ml-pipeline/venv/lib/python3.11/site-packages/airflow/example_dags/example_branch_python_dop_operator_3.py
[2026-05-24T14:07:12.617+0000] {processor.py:830} INFO - Processing file /home/varn1t/ml-pipeline/venv/lib/python3.11/site-packages/airflow/example_dags/example_branch_python_dop_operator_3.py for tasks to queue
[2026-05-24T14:07:12.617+0000] {logging_mixin.py:188} INFO - [2026-05-24T14:07:12.617+0000] {dagbag.py:545} INFO - Filling up the DagBag from /home/varn1t/ml-pipeline/venv/lib/python3.11/site-packages/airflow/example_dags/example_branch_python_dop_operator_3.py
[2026-05-24T14:07:12.623+0000] {processor.py:840} INFO - DAG(s) 'example_branch_dop_operator_v3' retrieved from /home/varn1t/ml-pipeline/venv/lib/python3.11/site-packages/airflow/example_dags/example_branch_python_dop_operator_3.py
[2026-05-24T14:07:12.634+0000] {logging_mixin.py:188} INFO - [2026-05-24T14:07:12.634+0000] {dag.py:3096} INFO - Sync 1 DAGs
[2026-05-24T14:07:12.648+0000] {logging_mixin.py:188} INFO - [2026-05-24T14:07:12.647+0000] {dag.py:3954} INFO - Setting next_dagrun for example_branch_dop_operator_v3 to 2026-05-24 14:06:00+00:00, run_after=2026-05-24 14:07:00+00:00
[2026-05-24T14:07:12.664+0000] {processor.py:183} INFO - Processing /home/varn1t/ml-pipeline/venv/lib/python3.11/site-packages/airflow/example_dags/example_branch_python_dop_operator_3.py took 0.052 seconds
[2026-05-24T14:08:15.284+0000] {processor.py:161} INFO - Started process (PID=16555) to work on /home/varn1t/ml-pipeline/venv/lib/python3.11/site-packages/airflow/example_dags/example_branch_python_dop_operator_3.py
[2026-05-24T14:08:15.284+0000] {processor.py:830} INFO - Processing file /home/varn1t/ml-pipeline/venv/lib/python3.11/site-packages/airflow/example_dags/example_branch_python_dop_operator_3.py for tasks to queue
[2026-05-24T14:08:15.285+0000] {logging_mixin.py:188} INFO - [2026-05-24T14:08:15.285+0000] {dagbag.py:545} INFO - Filling up the DagBag from /home/varn1t/ml-pipeline/venv/lib/python3.11/site-packages/airflow/example_dags/example_branch_python_dop_operator_3.py
[2026-05-24T14:08:15.291+0000] {processor.py:840} INFO - DAG(s) 'example_branch_dop_operator_v3' retrieved from /home/varn1t/ml-pipeline/venv/lib/python3.11/site-packages/airflow/example_dags/example_branch_python_dop_operator_3.py
[2026-05-24T14:08:15.303+0000] {logging_mixin.py:188} INFO - [2026-05-24T14:08:15.303+0000] {dag.py:3096} INFO - Sync 1 DAGs
[2026-05-24T14:08:15.317+0000] {logging_mixin.py:188} INFO - [2026-05-24T14:08:15.317+0000] {dag.py:3954} INFO - Setting next_dagrun for example_branch_dop_operator_v3 to 2026-05-24 14:07:00+00:00, run_after=2026-05-24 14:08:00+00:00
[2026-05-24T14:08:15.331+0000] {processor.py:183} INFO - Processing /home/varn1t/ml-pipeline/venv/lib/python3.11/site-packages/airflow/example_dags/example_branch_python_dop_operator_3.py took 0.051 seconds
[2026-05-24T14:09:15.618+0000] {processor.py:161} INFO - Started process (PID=16838) to work on /home/varn1t/ml-pipeline/venv/lib/python3.11/site-packages/airflow/example_dags/example_branch_python_dop_operator_3.py
[2026-05-24T14:09:15.619+0000] {processor.py:830} INFO - Processing file /home/varn1t/ml-pipeline/venv/lib/python3.11/site-packages/airflow/example_dags/example_branch_python_dop_operator_3.py for tasks to queue
[2026-05-24T14:09:15.619+0000] {logging_mixin.py:188} INFO - [2026-05-24T14:09:15.619+0000] {dagbag.py:545} INFO - Filling up the DagBag from /home/varn1t/ml-pipeline/venv/lib/python3.11/site-packages/airflow/example_dags/example_branch_python_dop_operator_3.py
[2026-05-24T14:09:15.625+0000] {processor.py:840} INFO - DAG(s) 'example_branch_dop_operator_v3' retrieved from /home/varn1t/ml-pipeline/venv/lib/python3.11/site-packages/airflow/example_dags/example_branch_python_dop_operator_3.py
[2026-05-24T14:09:15.636+0000] {logging_mixin.py:188} INFO - [2026-05-24T14:09:15.636+0000] {dag.py:3096} INFO - Sync 1 DAGs
[2026-05-24T14:09:15.650+0000] {logging_mixin.py:188} INFO - [2026-05-24T14:09:15.650+0000] {dag.py:3954} INFO - Setting next_dagrun for example_branch_dop_operator_v3 to 2026-05-24 14:08:00+00:00, run_after=2026-05-24 14:09:00+00:00
[2026-05-24T14:09:15.664+0000] {processor.py:183} INFO - Processing /home/varn1t/ml-pipeline/venv/lib/python3.11/site-packages/airflow/example_dags/example_branch_python_dop_operator_3.py took 0.050 seconds
[2026-05-24T14:10:18.279+0000] {processor.py:161} INFO - Started process (PID=17121) to work on /home/varn1t/ml-pipeline/venv/lib/python3.11/site-packages/airflow/example_dags/example_branch_python_dop_operator_3.py
[2026-05-24T14:10:18.280+0000] {processor.py:830} INFO - Processing file /home/varn1t/ml-pipeline/venv/lib/python3.11/site-packages/airflow/example_dags/example_branch_python_dop_operator_3.py for tasks to queue
[2026-05-24T14:10:18.280+0000] {logging_mixin.py:188} INFO - [2026-05-24T14:10:18.280+0000] {dagbag.py:545} INFO - Filling up the DagBag from /home/varn1t/ml-pipeline/venv/lib/python3.11/site-packages/airflow/example_dags/example_branch_python_dop_operator_3.py
[2026-05-24T14:10:18.286+0000] {processor.py:840} INFO - DAG(s) 'example_branch_dop_operator_v3' retrieved from /home/varn1t/ml-pipeline/venv/lib/python3.11/site-packages/airflow/example_dags/example_branch_python_dop_operator_3.py
[2026-05-24T14:10:18.296+0000] {logging_mixin.py:188} INFO - [2026-05-24T14:10:18.296+0000] {dag.py:3096} INFO - Sync 1 DAGs
[2026-05-24T14:10:18.308+0000] {logging_mixin.py:188} INFO - [2026-05-24T14:10:18.307+0000] {dag.py:3954} INFO - Setting next_dagrun for example_branch_dop_operator_v3 to 2026-05-24 14:09:00+00:00, run_after=2026-05-24 14:10:00+00:00
[2026-05-24T14:10:18.322+0000] {processor.py:183} INFO - Processing /home/varn1t/ml-pipeline/venv/lib/python3.11/site-packages/airflow/example_dags/example_branch_python_dop_operator_3.py took 0.046 seconds
[2026-05-24T14:11:21.826+0000] {processor.py:161} INFO - Started process (PID=17400) to work on /home/varn1t/ml-pipeline/venv/lib/python3.11/site-packages/airflow/example_dags/example_branch_python_dop_operator_3.py
[2026-05-24T14:11:21.827+0000] {processor.py:830} INFO - Processing file /home/varn1t/ml-pipeline/venv/lib/python3.11/site-packages/airflow/example_dags/example_branch_python_dop_operator_3.py for tasks to queue
[2026-05-24T14:11:21.828+0000] {logging_mixin.py:188} INFO - [2026-05-24T14:11:21.827+0000] {dagbag.py:545} INFO - Filling up the DagBag from /home/varn1t/ml-pipeline/venv/lib/python3.11/site-packages/airflow/example_dags/example_branch_python_dop_operator_3.py
[2026-05-24T14:11:21.835+0000] {processor.py:840} INFO - DAG(s) 'example_branch_dop_operator_v3' retrieved from /home/varn1t/ml-pipeline/venv/lib/python3.11/site-packages/airflow/example_dags/example_branch_python_dop_operator_3.py
[2026-05-24T14:11:21.848+0000] {logging_mixin.py:188} INFO - [2026-05-24T14:11:21.848+0000] {dag.py:3096} INFO - Sync 1 DAGs
[2026-05-24T14:11:21.863+0000] {logging_mixin.py:188} INFO - [2026-05-24T14:11:21.863+0000] {dag.py:3954} INFO - Setting next_dagrun for example_branch_dop_operator_v3 to 2026-05-24 14:10:00+00:00, run_after=2026-05-24 14:11:00+00:00
[2026-05-24T14:11:21.880+0000] {processor.py:183} INFO - Processing /home/varn1t/ml-pipeline/venv/lib/python3.11/site-packages/airflow/example_dags/example_branch_python_dop_operator_3.py took 0.059 seconds
[2026-05-24T14:12:20.461+0000] {processor.py:161} INFO - Started process (PID=17666) to work on /home/varn1t/ml-pipeline/venv/lib/python3.11/site-packages/airflow/example_dags/example_branch_python_dop_operator_3.py
[2026-05-24T14:12:20.462+0000] {processor.py:830} INFO - Processing file /home/varn1t/ml-pipeline/venv/lib/python3.11/site-packages/airflow/example_dags/example_branch_python_dop_operator_3.py for tasks to queue
[2026-05-24T14:12:20.463+0000] {logging_mixin.py:188} INFO - [2026-05-24T14:12:20.463+0000] {dagbag.py:545} INFO - Filling up the DagBag from /home/varn1t/ml-pipeline/venv/lib/python3.11/site-packages/airflow/example_dags/example_branch_python_dop_operator_3.py
[2026-05-24T14:12:20.470+0000] {processor.py:840} INFO - DAG(s) 'example_branch_dop_operator_v3' retrieved from /home/varn1t/ml-pipeline/venv/lib/python3.11/site-packages/airflow/example_dags/example_branch_python_dop_operator_3.py
[2026-05-24T14:12:20.481+0000] {logging_mixin.py:188} INFO - [2026-05-24T14:12:20.481+0000] {dag.py:3096} INFO - Sync 1 DAGs
[2026-05-24T14:12:20.497+0000] {logging_mixin.py:188} INFO - [2026-05-24T14:12:20.497+0000] {dag.py:3954} INFO - Setting next_dagrun for example_branch_dop_operator_v3 to 2026-05-24 14:11:00+00:00, run_after=2026-05-24 14:12:00+00:00
[2026-05-24T14:12:20.515+0000] {processor.py:183} INFO - Processing /home/varn1t/ml-pipeline/venv/lib/python3.11/site-packages/airflow/example_dags/example_branch_python_dop_operator_3.py took 0.058 seconds
[2026-05-24T14:13:22.032+0000] {processor.py:161} INFO - Started process (PID=17925) to work on /home/varn1t/ml-pipeline/venv/lib/python3.11/site-packages/airflow/example_dags/example_branch_python_dop_operator_3.py
[2026-05-24T14:13:22.033+0000] {processor.py:830} INFO - Processing file /home/varn1t/ml-pipeline/venv/lib/python3.11/site-packages/airflow/example_dags/example_branch_python_dop_operator_3.py for tasks to queue
[2026-05-24T14:13:22.033+0000] {logging_mixin.py:188} INFO - [2026-05-24T14:13:22.033+0000] {dagbag.py:545} INFO - Filling up the DagBag from /home/varn1t/ml-pipeline/venv/lib/python3.11/site-packages/airflow/example_dags/example_branch_python_dop_operator_3.py
[2026-05-24T14:13:22.039+0000] {processor.py:840} INFO - DAG(s) 'example_branch_dop_operator_v3' retrieved from /home/varn1t/ml-pipeline/venv/lib/python3.11/site-packages/airflow/example_dags/example_branch_python_dop_operator_3.py
[2026-05-24T14:13:22.050+0000] {logging_mixin.py:188} INFO - [2026-05-24T14:13:22.050+0000] {dag.py:3096} INFO - Sync 1 DAGs
[2026-05-24T14:13:22.065+0000] {logging_mixin.py:188} INFO - [2026-05-24T14:13:22.065+0000] {dag.py:3954} INFO - Setting next_dagrun for example_branch_dop_operator_v3 to 2026-05-24 14:12:00+00:00, run_after=2026-05-24 14:13:00+00:00
[2026-05-24T14:13:22.081+0000] {processor.py:183} INFO - Processing /home/varn1t/ml-pipeline/venv/lib/python3.11/site-packages/airflow/example_dags/example_branch_python_dop_operator_3.py took 0.055 seconds
[2026-05-24T14:14:22.377+0000] {processor.py:161} INFO - Started process (PID=18221) to work on /home/varn1t/ml-pipeline/venv/lib/python3.11/site-packages/airflow/example_dags/example_branch_python_dop_operator_3.py
[2026-05-24T14:14:22.378+0000] {processor.py:830} INFO - Processing file /home/varn1t/ml-pipeline/venv/lib/python3.11/site-packages/airflow/example_dags/example_branch_python_dop_operator_3.py for tasks to queue
[2026-05-24T14:14:22.379+0000] {logging_mixin.py:188} INFO - [2026-05-24T14:14:22.379+0000] {dagbag.py:545} INFO - Filling up the DagBag from /home/varn1t/ml-pipeline/venv/lib/python3.11/site-packages/airflow/example_dags/example_branch_python_dop_operator_3.py
[2026-05-24T14:14:22.390+0000] {processor.py:840} INFO - DAG(s) 'example_branch_dop_operator_v3' retrieved from /home/varn1t/ml-pipeline/venv/lib/python3.11/site-packages/airflow/example_dags/example_branch_python_dop_operator_3.py
[2026-05-24T14:14:22.405+0000] {logging_mixin.py:188} INFO - [2026-05-24T14:14:22.404+0000] {dag.py:3096} INFO - Sync 1 DAGs
[2026-05-24T14:14:22.423+0000] {logging_mixin.py:188} INFO - [2026-05-24T14:14:22.422+0000] {dag.py:3954} INFO - Setting next_dagrun for example_branch_dop_operator_v3 to 2026-05-24 14:13:00+00:00, run_after=2026-05-24 14:14:00+00:00
[2026-05-24T14:14:22.439+0000] {processor.py:183} INFO - Processing /home/varn1t/ml-pipeline/venv/lib/python3.11/site-packages/airflow/example_dags/example_branch_python_dop_operator_3.py took 0.068 seconds
[2026-05-24T14:15:28.299+0000] {processor.py:161} INFO - Started process (PID=18489) to work on /home/varn1t/ml-pipeline/venv/lib/python3.11/site-packages/airflow/example_dags/example_branch_python_dop_operator_3.py
[2026-05-24T14:15:28.303+0000] {processor.py:830} INFO - Processing file /home/varn1t/ml-pipeline/venv/lib/python3.11/site-packages/airflow/example_dags/example_branch_python_dop_operator_3.py for tasks to queue
[2026-05-24T14:15:28.306+0000] {logging_mixin.py:188} INFO - [2026-05-24T14:15:28.305+0000] {dagbag.py:545} INFO - Filling up the DagBag from /home/varn1t/ml-pipeline/venv/lib/python3.11/site-packages/airflow/example_dags/example_branch_python_dop_operator_3.py
[2026-05-24T14:15:28.362+0000] {processor.py:840} INFO - DAG(s) 'example_branch_dop_operator_v3' retrieved from /home/varn1t/ml-pipeline/venv/lib/python3.11/site-packages/airflow/example_dags/example_branch_python_dop_operator_3.py
[2026-05-24T14:15:28.460+0000] {logging_mixin.py:188} INFO - [2026-05-24T14:15:28.460+0000] {dag.py:3096} INFO - Sync 1 DAGs
[2026-05-24T14:15:28.648+0000] {logging_mixin.py:188} INFO - [2026-05-24T14:15:28.647+0000] {dag.py:3954} INFO - Setting next_dagrun for example_branch_dop_operator_v3 to 2026-05-24 14:14:00+00:00, run_after=2026-05-24 14:15:00+00:00
[2026-05-24T14:15:28.775+0000] {processor.py:183} INFO - Processing /home/varn1t/ml-pipeline/venv/lib/python3.11/site-packages/airflow/example_dags/example_branch_python_dop_operator_3.py took 0.519 seconds
[2026-05-24T14:16:43.061+0000] {processor.py:161} INFO - Started process (PID=18843) to work on /home/varn1t/ml-pipeline/venv/lib/python3.11/site-packages/airflow/example_dags/example_branch_python_dop_operator_3.py
[2026-05-24T14:16:43.064+0000] {processor.py:830} INFO - Processing file /home/varn1t/ml-pipeline/venv/lib/python3.11/site-packages/airflow/example_dags/example_branch_python_dop_operator_3.py for tasks to queue
[2026-05-24T14:16:43.067+0000] {logging_mixin.py:188} INFO - [2026-05-24T14:16:43.066+0000] {dagbag.py:545} INFO - Filling up the DagBag from /home/varn1t/ml-pipeline/venv/lib/python3.11/site-packages/airflow/example_dags/example_branch_python_dop_operator_3.py
[2026-05-24T14:16:43.094+0000] {processor.py:840} INFO - DAG(s) 'example_branch_dop_operator_v3' retrieved from /home/varn1t/ml-pipeline/venv/lib/python3.11/site-packages/airflow/example_dags/example_branch_python_dop_operator_3.py
[2026-05-24T14:16:43.142+0000] {logging_mixin.py:188} INFO - [2026-05-24T14:16:43.141+0000] {dag.py:3096} INFO - Sync 1 DAGs
[2026-05-24T14:16:43.200+0000] {logging_mixin.py:188} INFO - [2026-05-24T14:16:43.199+0000] {dag.py:3954} INFO - Setting next_dagrun for example_branch_dop_operator_v3 to 2026-05-24 14:15:00+00:00, run_after=2026-05-24 14:16:00+00:00
[2026-05-24T14:16:43.257+0000] {processor.py:183} INFO - Processing /home/varn1t/ml-pipeline/venv/lib/python3.11/site-packages/airflow/example_dags/example_branch_python_dop_operator_3.py took 0.212 seconds
[2026-05-24T14:17:40.007+0000] {processor.py:161} INFO - Started process (PID=19100) to work on /home/varn1t/ml-pipeline/venv/lib/python3.11/site-packages/airflow/example_dags/example_branch_python_dop_operator_3.py
[2026-05-24T14:17:40.008+0000] {processor.py:830} INFO - Processing file /home/varn1t/ml-pipeline/venv/lib/python3.11/site-packages/airflow/example_dags/example_branch_python_dop_operator_3.py for tasks to queue
[2026-05-24T14:17:40.008+0000] {logging_mixin.py:188} INFO - [2026-05-24T14:17:40.008+0000] {dagbag.py:545} INFO - Filling up the DagBag from /home/varn1t/ml-pipeline/venv/lib/python3.11/site-packages/airflow/example_dags/example_branch_python_dop_operator_3.py
[2026-05-24T14:17:40.015+0000] {processor.py:840} INFO - DAG(s) 'example_branch_dop_operator_v3' retrieved from /home/varn1t/ml-pipeline/venv/lib/python3.11/site-packages/airflow/example_dags/example_branch_python_dop_operator_3.py
[2026-05-24T14:17:40.027+0000] {logging_mixin.py:188} INFO - [2026-05-24T14:17:40.027+0000] {dag.py:3096} INFO - Sync 1 DAGs
[2026-05-24T14:17:40.044+0000] {logging_mixin.py:188} INFO - [2026-05-24T14:17:40.043+0000] {dag.py:3954} INFO - Setting next_dagrun for example_branch_dop_operator_v3 to 2026-05-24 14:16:00+00:00, run_after=2026-05-24 14:17:00+00:00
[2026-05-24T14:17:40.060+0000] {processor.py:183} INFO - Processing /home/varn1t/ml-pipeline/venv/lib/python3.11/site-packages/airflow/example_dags/example_branch_python_dop_operator_3.py took 0.058 seconds
[2026-05-24T14:18:30.114+0000] {processor.py:161} INFO - Started process (PID=19350) to work on /home/varn1t/ml-pipeline/venv/lib/python3.11/site-packages/airflow/example_dags/example_branch_python_dop_operator_3.py
[2026-05-24T14:18:30.115+0000] {processor.py:830} INFO - Processing file /home/varn1t/ml-pipeline/venv/lib/python3.11/site-packages/airflow/example_dags/example_branch_python_dop_operator_3.py for tasks to queue
[2026-05-24T14:18:30.116+0000] {logging_mixin.py:188} INFO - [2026-05-24T14:18:30.115+0000] {dagbag.py:545} INFO - Filling up the DagBag from /home/varn1t/ml-pipeline/venv/lib/python3.11/site-packages/airflow/example_dags/example_branch_python_dop_operator_3.py
[2026-05-24T14:18:30.123+0000] {processor.py:840} INFO - DAG(s) 'example_branch_dop_operator_v3' retrieved from /home/varn1t/ml-pipeline/venv/lib/python3.11/site-packages/airflow/example_dags/example_branch_python_dop_operator_3.py
[2026-05-24T14:18:30.138+0000] {logging_mixin.py:188} INFO - [2026-05-24T14:18:30.138+0000] {dag.py:3096} INFO - Sync 1 DAGs
[2026-05-24T14:18:30.156+0000] {logging_mixin.py:188} INFO - [2026-05-24T14:18:30.156+0000] {dag.py:3954} INFO - Setting next_dagrun for example_branch_dop_operator_v3 to 2026-05-24 14:17:00+00:00, run_after=2026-05-24 14:18:00+00:00
[2026-05-24T14:18:30.177+0000] {processor.py:183} INFO - Processing /home/varn1t/ml-pipeline/venv/lib/python3.11/site-packages/airflow/example_dags/example_branch_python_dop_operator_3.py took 0.069 seconds
[2026-05-24T14:19:33.585+0000] {processor.py:161} INFO - Started process (PID=19621) to work on /home/varn1t/ml-pipeline/venv/lib/python3.11/site-packages/airflow/example_dags/example_branch_python_dop_operator_3.py
[2026-05-24T14:19:33.586+0000] {processor.py:830} INFO - Processing file /home/varn1t/ml-pipeline/venv/lib/python3.11/site-packages/airflow/example_dags/example_branch_python_dop_operator_3.py for tasks to queue
[2026-05-24T14:19:33.587+0000] {logging_mixin.py:188} INFO - [2026-05-24T14:19:33.587+0000] {dagbag.py:545} INFO - Filling up the DagBag from /home/varn1t/ml-pipeline/venv/lib/python3.11/site-packages/airflow/example_dags/example_branch_python_dop_operator_3.py
[2026-05-24T14:19:33.597+0000] {processor.py:840} INFO - DAG(s) 'example_branch_dop_operator_v3' retrieved from /home/varn1t/ml-pipeline/venv/lib/python3.11/site-packages/airflow/example_dags/example_branch_python_dop_operator_3.py
[2026-05-24T14:19:33.614+0000] {logging_mixin.py:188} INFO - [2026-05-24T14:19:33.614+0000] {dag.py:3096} INFO - Sync 1 DAGs
[2026-05-24T14:19:33.634+0000] {logging_mixin.py:188} INFO - [2026-05-24T14:19:33.634+0000] {dag.py:3954} INFO - Setting next_dagrun for example_branch_dop_operator_v3 to 2026-05-24 14:18:00+00:00, run_after=2026-05-24 14:19:00+00:00
[2026-05-24T14:19:33.656+0000] {processor.py:183} INFO - Processing /home/varn1t/ml-pipeline/venv/lib/python3.11/site-packages/airflow/example_dags/example_branch_python_dop_operator_3.py took 0.076 seconds
[2026-05-24T14:20:37.691+0000] {processor.py:161} INFO - Started process (PID=19921) to work on /home/varn1t/ml-pipeline/venv/lib/python3.11/site-packages/airflow/example_dags/example_branch_python_dop_operator_3.py
[2026-05-24T14:20:37.693+0000] {processor.py:830} INFO - Processing file /home/varn1t/ml-pipeline/venv/lib/python3.11/site-packages/airflow/example_dags/example_branch_python_dop_operator_3.py for tasks to queue
[2026-05-24T14:20:37.694+0000] {logging_mixin.py:188} INFO - [2026-05-24T14:20:37.693+0000] {dagbag.py:545} INFO - Filling up the DagBag from /home/varn1t/ml-pipeline/venv/lib/python3.11/site-packages/airflow/example_dags/example_branch_python_dop_operator_3.py
[2026-05-24T14:20:37.702+0000] {processor.py:840} INFO - DAG(s) 'example_branch_dop_operator_v3' retrieved from /home/varn1t/ml-pipeline/venv/lib/python3.11/site-packages/airflow/example_dags/example_branch_python_dop_operator_3.py
[2026-05-24T14:20:37.715+0000] {logging_mixin.py:188} INFO - [2026-05-24T14:20:37.715+0000] {dag.py:3096} INFO - Sync 1 DAGs
[2026-05-24T14:20:37.733+0000] {logging_mixin.py:188} INFO - [2026-05-24T14:20:37.733+0000] {dag.py:3954} INFO - Setting next_dagrun for example_branch_dop_operator_v3 to 2026-05-24 14:19:00+00:00, run_after=2026-05-24 14:20:00+00:00
[2026-05-24T14:20:37.756+0000] {processor.py:183} INFO - Processing /home/varn1t/ml-pipeline/venv/lib/python3.11/site-packages/airflow/example_dags/example_branch_python_dop_operator_3.py took 0.069 seconds
[2026-05-24T14:21:37.504+0000] {processor.py:161} INFO - Started process (PID=20191) to work on /home/varn1t/ml-pipeline/venv/lib/python3.11/site-packages/airflow/example_dags/example_branch_python_dop_operator_3.py
[2026-05-24T14:21:37.506+0000] {processor.py:830} INFO - Processing file /home/varn1t/ml-pipeline/venv/lib/python3.11/site-packages/airflow/example_dags/example_branch_python_dop_operator_3.py for tasks to queue
[2026-05-24T14:21:37.507+0000] {logging_mixin.py:188} INFO - [2026-05-24T14:21:37.506+0000] {dagbag.py:545} INFO - Filling up the DagBag from /home/varn1t/ml-pipeline/venv/lib/python3.11/site-packages/airflow/example_dags/example_branch_python_dop_operator_3.py
[2026-05-24T14:21:37.515+0000] {processor.py:840} INFO - DAG(s) 'example_branch_dop_operator_v3' retrieved from /home/varn1t/ml-pipeline/venv/lib/python3.11/site-packages/airflow/example_dags/example_branch_python_dop_operator_3.py
[2026-05-24T14:21:37.538+0000] {logging_mixin.py:188} INFO - [2026-05-24T14:21:37.537+0000] {dag.py:3096} INFO - Sync 1 DAGs
[2026-05-24T14:21:37.555+0000] {logging_mixin.py:188} INFO - [2026-05-24T14:21:37.555+0000] {dag.py:3954} INFO - Setting next_dagrun for example_branch_dop_operator_v3 to 2026-05-24 14:20:00+00:00, run_after=2026-05-24 14:21:00+00:00
[2026-05-24T14:21:37.572+0000] {processor.py:183} INFO - Processing /home/varn1t/ml-pipeline/venv/lib/python3.11/site-packages/airflow/example_dags/example_branch_python_dop_operator_3.py took 0.073 seconds
[2026-05-24T14:22:42.302+0000] {processor.py:161} INFO - Started process (PID=20492) to work on /home/varn1t/ml-pipeline/venv/lib/python3.11/site-packages/airflow/example_dags/example_branch_python_dop_operator_3.py
[2026-05-24T14:22:42.303+0000] {processor.py:830} INFO - Processing file /home/varn1t/ml-pipeline/venv/lib/python3.11/site-packages/airflow/example_dags/example_branch_python_dop_operator_3.py for tasks to queue
[2026-05-24T14:22:42.304+0000] {logging_mixin.py:188} INFO - [2026-05-24T14:22:42.303+0000] {dagbag.py:545} INFO - Filling up the DagBag from /home/varn1t/ml-pipeline/venv/lib/python3.11/site-packages/airflow/example_dags/example_branch_python_dop_operator_3.py
[2026-05-24T14:22:42.310+0000] {processor.py:840} INFO - DAG(s) 'example_branch_dop_operator_v3' retrieved from /home/varn1t/ml-pipeline/venv/lib/python3.11/site-packages/airflow/example_dags/example_branch_python_dop_operator_3.py
[2026-05-24T14:22:42.322+0000] {logging_mixin.py:188} INFO - [2026-05-24T14:22:42.322+0000] {dag.py:3096} INFO - Sync 1 DAGs
[2026-05-24T14:22:42.335+0000] {logging_mixin.py:188} INFO - [2026-05-24T14:22:42.335+0000] {dag.py:3954} INFO - Setting next_dagrun for example_branch_dop_operator_v3 to 2026-05-24 14:21:00+00:00, run_after=2026-05-24 14:22:00+00:00
[2026-05-24T14:22:42.351+0000] {processor.py:183} INFO - Processing /home/varn1t/ml-pipeline/venv/lib/python3.11/site-packages/airflow/example_dags/example_branch_python_dop_operator_3.py took 0.054 seconds
[2026-05-24T14:23:46.080+0000] {processor.py:161} INFO - Started process (PID=20803) to work on /home/varn1t/ml-pipeline/venv/lib/python3.11/site-packages/airflow/example_dags/example_branch_python_dop_operator_3.py
[2026-05-24T14:23:46.082+0000] {processor.py:830} INFO - Processing file /home/varn1t/ml-pipeline/venv/lib/python3.11/site-packages/airflow/example_dags/example_branch_python_dop_operator_3.py for tasks to queue
[2026-05-24T14:23:46.083+0000] {logging_mixin.py:188} INFO - [2026-05-24T14:23:46.083+0000] {dagbag.py:545} INFO - Filling up the DagBag from /home/varn1t/ml-pipeline/venv/lib/python3.11/site-packages/airflow/example_dags/example_branch_python_dop_operator_3.py
[2026-05-24T14:23:46.089+0000] {processor.py:840} INFO - DAG(s) 'example_branch_dop_operator_v3' retrieved from /home/varn1t/ml-pipeline/venv/lib/python3.11/site-packages/airflow/example_dags/example_branch_python_dop_operator_3.py
[2026-05-24T14:23:46.099+0000] {logging_mixin.py:188} INFO - [2026-05-24T14:23:46.099+0000] {dag.py:3096} INFO - Sync 1 DAGs
[2026-05-24T14:23:46.112+0000] {logging_mixin.py:188} INFO - [2026-05-24T14:23:46.112+0000] {dag.py:3954} INFO - Setting next_dagrun for example_branch_dop_operator_v3 to 2026-05-24 14:22:00+00:00, run_after=2026-05-24 14:23:00+00:00
[2026-05-24T14:23:46.128+0000] {processor.py:183} INFO - Processing /home/varn1t/ml-pipeline/venv/lib/python3.11/site-packages/airflow/example_dags/example_branch_python_dop_operator_3.py took 0.052 seconds
[2026-05-24T14:24:44.868+0000] {processor.py:161} INFO - Started process (PID=21081) to work on /home/varn1t/ml-pipeline/venv/lib/python3.11/site-packages/airflow/example_dags/example_branch_python_dop_operator_3.py
[2026-05-24T14:24:44.869+0000] {processor.py:830} INFO - Processing file /home/varn1t/ml-pipeline/venv/lib/python3.11/site-packages/airflow/example_dags/example_branch_python_dop_operator_3.py for tasks to queue
[2026-05-24T14:24:44.870+0000] {logging_mixin.py:188} INFO - [2026-05-24T14:24:44.870+0000] {dagbag.py:545} INFO - Filling up the DagBag from /home/varn1t/ml-pipeline/venv/lib/python3.11/site-packages/airflow/example_dags/example_branch_python_dop_operator_3.py
[2026-05-24T14:24:44.878+0000] {processor.py:840} INFO - DAG(s) 'example_branch_dop_operator_v3' retrieved from /home/varn1t/ml-pipeline/venv/lib/python3.11/site-packages/airflow/example_dags/example_branch_python_dop_operator_3.py
[2026-05-24T14:24:44.892+0000] {logging_mixin.py:188} INFO - [2026-05-24T14:24:44.891+0000] {dag.py:3096} INFO - Sync 1 DAGs
[2026-05-24T14:24:44.906+0000] {logging_mixin.py:188} INFO - [2026-05-24T14:24:44.906+0000] {dag.py:3954} INFO - Setting next_dagrun for example_branch_dop_operator_v3 to 2026-05-24 14:23:00+00:00, run_after=2026-05-24 14:24:00+00:00
[2026-05-24T14:24:44.925+0000] {processor.py:183} INFO - Processing /home/varn1t/ml-pipeline/venv/lib/python3.11/site-packages/airflow/example_dags/example_branch_python_dop_operator_3.py took 0.063 seconds
[2026-05-24T14:25:45.290+0000] {processor.py:161} INFO - Started process (PID=21346) to work on /home/varn1t/ml-pipeline/venv/lib/python3.11/site-packages/airflow/example_dags/example_branch_python_dop_operator_3.py
[2026-05-24T14:25:45.293+0000] {processor.py:830} INFO - Processing file /home/varn1t/ml-pipeline/venv/lib/python3.11/site-packages/airflow/example_dags/example_branch_python_dop_operator_3.py for tasks to queue
[2026-05-24T14:25:45.293+0000] {logging_mixin.py:188} INFO - [2026-05-24T14:25:45.293+0000] {dagbag.py:545} INFO - Filling up the DagBag from /home/varn1t/ml-pipeline/venv/lib/python3.11/site-packages/airflow/example_dags/example_branch_python_dop_operator_3.py
[2026-05-24T14:25:45.299+0000] {processor.py:840} INFO - DAG(s) 'example_branch_dop_operator_v3' retrieved from /home/varn1t/ml-pipeline/venv/lib/python3.11/site-packages/airflow/example_dags/example_branch_python_dop_operator_3.py
[2026-05-24T14:25:45.310+0000] {logging_mixin.py:188} INFO - [2026-05-24T14:25:45.310+0000] {dag.py:3096} INFO - Sync 1 DAGs
[2026-05-24T14:25:45.324+0000] {logging_mixin.py:188} INFO - [2026-05-24T14:25:45.324+0000] {dag.py:3954} INFO - Setting next_dagrun for example_branch_dop_operator_v3 to 2026-05-24 14:24:00+00:00, run_after=2026-05-24 14:25:00+00:00
[2026-05-24T14:25:45.339+0000] {processor.py:183} INFO - Processing /home/varn1t/ml-pipeline/venv/lib/python3.11/site-packages/airflow/example_dags/example_branch_python_dop_operator_3.py took 0.054 seconds
[2026-05-24T14:26:46.640+0000] {processor.py:161} INFO - Started process (PID=21638) to work on /home/varn1t/ml-pipeline/venv/lib/python3.11/site-packages/airflow/example_dags/example_branch_python_dop_operator_3.py
[2026-05-24T14:26:46.641+0000] {processor.py:830} INFO - Processing file /home/varn1t/ml-pipeline/venv/lib/python3.11/site-packages/airflow/example_dags/example_branch_python_dop_operator_3.py for tasks to queue
[2026-05-24T14:26:46.642+0000] {logging_mixin.py:188} INFO - [2026-05-24T14:26:46.641+0000] {dagbag.py:545} INFO - Filling up the DagBag from /home/varn1t/ml-pipeline/venv/lib/python3.11/site-packages/airflow/example_dags/example_branch_python_dop_operator_3.py
[2026-05-24T14:26:46.648+0000] {processor.py:840} INFO - DAG(s) 'example_branch_dop_operator_v3' retrieved from /home/varn1t/ml-pipeline/venv/lib/python3.11/site-packages/airflow/example_dags/example_branch_python_dop_operator_3.py
[2026-05-24T14:26:46.659+0000] {logging_mixin.py:188} INFO - [2026-05-24T14:26:46.659+0000] {dag.py:3096} INFO - Sync 1 DAGs
[2026-05-24T14:26:46.671+0000] {logging_mixin.py:188} INFO - [2026-05-24T14:26:46.671+0000] {dag.py:3954} INFO - Setting next_dagrun for example_branch_dop_operator_v3 to 2026-05-24 14:25:00+00:00, run_after=2026-05-24 14:26:00+00:00
[2026-05-24T14:26:46.688+0000] {processor.py:183} INFO - Processing /home/varn1t/ml-pipeline/venv/lib/python3.11/site-packages/airflow/example_dags/example_branch_python_dop_operator_3.py took 0.052 seconds
[2026-05-24T14:27:42.792+0000] {processor.py:161} INFO - Started process (PID=21888) to work on /home/varn1t/ml-pipeline/venv/lib/python3.11/site-packages/airflow/example_dags/example_branch_python_dop_operator_3.py
[2026-05-24T14:27:42.794+0000] {processor.py:830} INFO - Processing file /home/varn1t/ml-pipeline/venv/lib/python3.11/site-packages/airflow/example_dags/example_branch_python_dop_operator_3.py for tasks to queue
[2026-05-24T14:27:42.795+0000] {logging_mixin.py:188} INFO - [2026-05-24T14:27:42.794+0000] {dagbag.py:545} INFO - Filling up the DagBag from /home/varn1t/ml-pipeline/venv/lib/python3.11/site-packages/airflow/example_dags/example_branch_python_dop_operator_3.py
[2026-05-24T14:27:42.806+0000] {processor.py:840} INFO - DAG(s) 'example_branch_dop_operator_v3' retrieved from /home/varn1t/ml-pipeline/venv/lib/python3.11/site-packages/airflow/example_dags/example_branch_python_dop_operator_3.py
[2026-05-24T14:27:42.829+0000] {logging_mixin.py:188} INFO - [2026-05-24T14:27:42.829+0000] {dag.py:3096} INFO - Sync 1 DAGs
[2026-05-24T14:27:42.852+0000] {logging_mixin.py:188} INFO - [2026-05-24T14:27:42.852+0000] {dag.py:3954} INFO - Setting next_dagrun for example_branch_dop_operator_v3 to 2026-05-24 14:26:00+00:00, run_after=2026-05-24 14:27:00+00:00
[2026-05-24T14:27:42.877+0000] {processor.py:183} INFO - Processing /home/varn1t/ml-pipeline/venv/lib/python3.11/site-packages/airflow/example_dags/example_branch_python_dop_operator_3.py took 0.092 seconds
[2026-05-24T14:28:50.153+0000] {processor.py:161} INFO - Started process (PID=22223) to work on /home/varn1t/ml-pipeline/venv/lib/python3.11/site-packages/airflow/example_dags/example_branch_python_dop_operator_3.py
[2026-05-24T14:28:50.154+0000] {processor.py:830} INFO - Processing file /home/varn1t/ml-pipeline/venv/lib/python3.11/site-packages/airflow/example_dags/example_branch_python_dop_operator_3.py for tasks to queue
[2026-05-24T14:28:50.154+0000] {logging_mixin.py:188} INFO - [2026-05-24T14:28:50.154+0000] {dagbag.py:545} INFO - Filling up the DagBag from /home/varn1t/ml-pipeline/venv/lib/python3.11/site-packages/airflow/example_dags/example_branch_python_dop_operator_3.py
[2026-05-24T14:28:50.162+0000] {processor.py:840} INFO - DAG(s) 'example_branch_dop_operator_v3' retrieved from /home/varn1t/ml-pipeline/venv/lib/python3.11/site-packages/airflow/example_dags/example_branch_python_dop_operator_3.py
[2026-05-24T14:28:50.176+0000] {logging_mixin.py:188} INFO - [2026-05-24T14:28:50.176+0000] {dag.py:3096} INFO - Sync 1 DAGs
[2026-05-24T14:28:50.192+0000] {logging_mixin.py:188} INFO - [2026-05-24T14:28:50.191+0000] {dag.py:3954} INFO - Setting next_dagrun for example_branch_dop_operator_v3 to 2026-05-24 14:27:00+00:00, run_after=2026-05-24 14:28:00+00:00
[2026-05-24T14:28:50.211+0000] {processor.py:183} INFO - Processing /home/varn1t/ml-pipeline/venv/lib/python3.11/site-packages/airflow/example_dags/example_branch_python_dop_operator_3.py took 0.062 seconds
[2026-05-24T14:29:52.166+0000] {processor.py:161} INFO - Started process (PID=22491) to work on /home/varn1t/ml-pipeline/venv/lib/python3.11/site-packages/airflow/example_dags/example_branch_python_dop_operator_3.py
[2026-05-24T14:29:52.166+0000] {processor.py:830} INFO - Processing file /home/varn1t/ml-pipeline/venv/lib/python3.11/site-packages/airflow/example_dags/example_branch_python_dop_operator_3.py for tasks to queue
[2026-05-24T14:29:52.167+0000] {logging_mixin.py:188} INFO - [2026-05-24T14:29:52.167+0000] {dagbag.py:545} INFO - Filling up the DagBag from /home/varn1t/ml-pipeline/venv/lib/python3.11/site-packages/airflow/example_dags/example_branch_python_dop_operator_3.py
[2026-05-24T14:29:52.172+0000] {processor.py:840} INFO - DAG(s) 'example_branch_dop_operator_v3' retrieved from /home/varn1t/ml-pipeline/venv/lib/python3.11/site-packages/airflow/example_dags/example_branch_python_dop_operator_3.py
[2026-05-24T14:29:52.182+0000] {logging_mixin.py:188} INFO - [2026-05-24T14:29:52.182+0000] {dag.py:3096} INFO - Sync 1 DAGs
[2026-05-24T14:29:52.195+0000] {logging_mixin.py:188} INFO - [2026-05-24T14:29:52.195+0000] {dag.py:3954} INFO - Setting next_dagrun for example_branch_dop_operator_v3 to 2026-05-24 14:28:00+00:00, run_after=2026-05-24 14:29:00+00:00
[2026-05-24T14:29:52.210+0000] {processor.py:183} INFO - Processing /home/varn1t/ml-pipeline/venv/lib/python3.11/site-packages/airflow/example_dags/example_branch_python_dop_operator_3.py took 0.048 seconds
[2026-05-24T14:30:52.043+0000] {processor.py:161} INFO - Started process (PID=22766) to work on /home/varn1t/ml-pipeline/venv/lib/python3.11/site-packages/airflow/example_dags/example_branch_python_dop_operator_3.py
[2026-05-24T14:30:52.044+0000] {processor.py:830} INFO - Processing file /home/varn1t/ml-pipeline/venv/lib/python3.11/site-packages/airflow/example_dags/example_branch_python_dop_operator_3.py for tasks to queue
[2026-05-24T14:30:52.045+0000] {logging_mixin.py:188} INFO - [2026-05-24T14:30:52.045+0000] {dagbag.py:545} INFO - Filling up the DagBag from /home/varn1t/ml-pipeline/venv/lib/python3.11/site-packages/airflow/example_dags/example_branch_python_dop_operator_3.py
[2026-05-24T14:30:52.050+0000] {processor.py:840} INFO - DAG(s) 'example_branch_dop_operator_v3' retrieved from /home/varn1t/ml-pipeline/venv/lib/python3.11/site-packages/airflow/example_dags/example_branch_python_dop_operator_3.py
[2026-05-24T14:30:52.064+0000] {logging_mixin.py:188} INFO - [2026-05-24T14:30:52.064+0000] {dag.py:3096} INFO - Sync 1 DAGs
[2026-05-24T14:30:52.082+0000] {logging_mixin.py:188} INFO - [2026-05-24T14:30:52.082+0000] {dag.py:3954} INFO - Setting next_dagrun for example_branch_dop_operator_v3 to 2026-05-24 14:29:00+00:00, run_after=2026-05-24 14:30:00+00:00
[2026-05-24T14:30:52.099+0000] {processor.py:183} INFO - Processing /home/varn1t/ml-pipeline/venv/lib/python3.11/site-packages/airflow/example_dags/example_branch_python_dop_operator_3.py took 0.060 seconds
[2026-05-24T14:31:56.372+0000] {processor.py:161} INFO - Started process (PID=23041) to work on /home/varn1t/ml-pipeline/venv/lib/python3.11/site-packages/airflow/example_dags/example_branch_python_dop_operator_3.py
[2026-05-24T14:31:56.373+0000] {processor.py:830} INFO - Processing file /home/varn1t/ml-pipeline/venv/lib/python3.11/site-packages/airflow/example_dags/example_branch_python_dop_operator_3.py for tasks to queue
[2026-05-24T14:31:56.373+0000] {logging_mixin.py:188} INFO - [2026-05-24T14:31:56.373+0000] {dagbag.py:545} INFO - Filling up the DagBag from /home/varn1t/ml-pipeline/venv/lib/python3.11/site-packages/airflow/example_dags/example_branch_python_dop_operator_3.py
[2026-05-24T14:31:56.380+0000] {processor.py:840} INFO - DAG(s) 'example_branch_dop_operator_v3' retrieved from /home/varn1t/ml-pipeline/venv/lib/python3.11/site-packages/airflow/example_dags/example_branch_python_dop_operator_3.py
[2026-05-24T14:31:56.391+0000] {logging_mixin.py:188} INFO - [2026-05-24T14:31:56.391+0000] {dag.py:3096} INFO - Sync 1 DAGs
[2026-05-24T14:31:56.407+0000] {logging_mixin.py:188} INFO - [2026-05-24T14:31:56.407+0000] {dag.py:3954} INFO - Setting next_dagrun for example_branch_dop_operator_v3 to 2026-05-24 14:30:00+00:00, run_after=2026-05-24 14:31:00+00:00
[2026-05-24T14:31:56.422+0000] {processor.py:183} INFO - Processing /home/varn1t/ml-pipeline/venv/lib/python3.11/site-packages/airflow/example_dags/example_branch_python_dop_operator_3.py took 0.054 seconds
[2026-05-24T14:32:58.487+0000] {processor.py:161} INFO - Started process (PID=23323) to work on /home/varn1t/ml-pipeline/venv/lib/python3.11/site-packages/airflow/example_dags/example_branch_python_dop_operator_3.py
[2026-05-24T14:32:58.488+0000] {processor.py:830} INFO - Processing file /home/varn1t/ml-pipeline/venv/lib/python3.11/site-packages/airflow/example_dags/example_branch_python_dop_operator_3.py for tasks to queue
[2026-05-24T14:32:58.488+0000] {logging_mixin.py:188} INFO - [2026-05-24T14:32:58.488+0000] {dagbag.py:545} INFO - Filling up the DagBag from /home/varn1t/ml-pipeline/venv/lib/python3.11/site-packages/airflow/example_dags/example_branch_python_dop_operator_3.py
[2026-05-24T14:32:58.495+0000] {processor.py:840} INFO - DAG(s) 'example_branch_dop_operator_v3' retrieved from /home/varn1t/ml-pipeline/venv/lib/python3.11/site-packages/airflow/example_dags/example_branch_python_dop_operator_3.py
[2026-05-24T14:32:58.509+0000] {logging_mixin.py:188} INFO - [2026-05-24T14:32:58.509+0000] {dag.py:3096} INFO - Sync 1 DAGs
[2026-05-24T14:32:58.526+0000] {logging_mixin.py:188} INFO - [2026-05-24T14:32:58.526+0000] {dag.py:3954} INFO - Setting next_dagrun for example_branch_dop_operator_v3 to 2026-05-24 14:31:00+00:00, run_after=2026-05-24 14:32:00+00:00
[2026-05-24T14:32:58.543+0000] {processor.py:183} INFO - Processing /home/varn1t/ml-pipeline/venv/lib/python3.11/site-packages/airflow/example_dags/example_branch_python_dop_operator_3.py took 0.060 seconds
[2026-05-24T14:34:01.168+0000] {processor.py:161} INFO - Started process (PID=23622) to work on /home/varn1t/ml-pipeline/venv/lib/python3.11/site-packages/airflow/example_dags/example_branch_python_dop_operator_3.py
[2026-05-24T14:34:01.169+0000] {processor.py:830} INFO - Processing file /home/varn1t/ml-pipeline/venv/lib/python3.11/site-packages/airflow/example_dags/example_branch_python_dop_operator_3.py for tasks to queue
[2026-05-24T14:34:01.169+0000] {logging_mixin.py:188} INFO - [2026-05-24T14:34:01.169+0000] {dagbag.py:545} INFO - Filling up the DagBag from /home/varn1t/ml-pipeline/venv/lib/python3.11/site-packages/airflow/example_dags/example_branch_python_dop_operator_3.py
[2026-05-24T14:34:01.175+0000] {processor.py:840} INFO - DAG(s) 'example_branch_dop_operator_v3' retrieved from /home/varn1t/ml-pipeline/venv/lib/python3.11/site-packages/airflow/example_dags/example_branch_python_dop_operator_3.py
[2026-05-24T14:34:01.186+0000] {logging_mixin.py:188} INFO - [2026-05-24T14:34:01.185+0000] {dag.py:3096} INFO - Sync 1 DAGs
[2026-05-24T14:34:01.201+0000] {logging_mixin.py:188} INFO - [2026-05-24T14:34:01.201+0000] {dag.py:3954} INFO - Setting next_dagrun for example_branch_dop_operator_v3 to 2026-05-24 14:33:00+00:00, run_after=2026-05-24 14:34:00+00:00
[2026-05-24T14:34:01.217+0000] {processor.py:183} INFO - Processing /home/varn1t/ml-pipeline/venv/lib/python3.11/site-packages/airflow/example_dags/example_branch_python_dop_operator_3.py took 0.053 seconds
[2026-05-24T14:35:01.959+0000] {processor.py:161} INFO - Started process (PID=23897) to work on /home/varn1t/ml-pipeline/venv/lib/python3.11/site-packages/airflow/example_dags/example_branch_python_dop_operator_3.py
[2026-05-24T14:35:01.960+0000] {processor.py:830} INFO - Processing file /home/varn1t/ml-pipeline/venv/lib/python3.11/site-packages/airflow/example_dags/example_branch_python_dop_operator_3.py for tasks to queue
[2026-05-24T14:35:01.960+0000] {logging_mixin.py:188} INFO - [2026-05-24T14:35:01.960+0000] {dagbag.py:545} INFO - Filling up the DagBag from /home/varn1t/ml-pipeline/venv/lib/python3.11/site-packages/airflow/example_dags/example_branch_python_dop_operator_3.py
[2026-05-24T14:35:01.967+0000] {processor.py:840} INFO - DAG(s) 'example_branch_dop_operator_v3' retrieved from /home/varn1t/ml-pipeline/venv/lib/python3.11/site-packages/airflow/example_dags/example_branch_python_dop_operator_3.py
[2026-05-24T14:35:01.979+0000] {logging_mixin.py:188} INFO - [2026-05-24T14:35:01.979+0000] {dag.py:3096} INFO - Sync 1 DAGs
[2026-05-24T14:35:01.994+0000] {logging_mixin.py:188} INFO - [2026-05-24T14:35:01.994+0000] {dag.py:3954} INFO - Setting next_dagrun for example_branch_dop_operator_v3 to 2026-05-24 14:34:00+00:00, run_after=2026-05-24 14:35:00+00:00
[2026-05-24T14:35:02.008+0000] {processor.py:183} INFO - Processing /home/varn1t/ml-pipeline/venv/lib/python3.11/site-packages/airflow/example_dags/example_branch_python_dop_operator_3.py took 0.053 seconds
[2026-05-24T14:36:04.011+0000] {processor.py:161} INFO - Started process (PID=24163) to work on /home/varn1t/ml-pipeline/venv/lib/python3.11/site-packages/airflow/example_dags/example_branch_python_dop_operator_3.py
[2026-05-24T14:36:04.012+0000] {processor.py:830} INFO - Processing file /home/varn1t/ml-pipeline/venv/lib/python3.11/site-packages/airflow/example_dags/example_branch_python_dop_operator_3.py for tasks to queue
[2026-05-24T14:36:04.013+0000] {logging_mixin.py:188} INFO - [2026-05-24T14:36:04.012+0000] {dagbag.py:545} INFO - Filling up the DagBag from /home/varn1t/ml-pipeline/venv/lib/python3.11/site-packages/airflow/example_dags/example_branch_python_dop_operator_3.py
[2026-05-24T14:36:04.019+0000] {processor.py:840} INFO - DAG(s) 'example_branch_dop_operator_v3' retrieved from /home/varn1t/ml-pipeline/venv/lib/python3.11/site-packages/airflow/example_dags/example_branch_python_dop_operator_3.py
[2026-05-24T14:36:04.032+0000] {logging_mixin.py:188} INFO - [2026-05-24T14:36:04.032+0000] {dag.py:3096} INFO - Sync 1 DAGs
[2026-05-24T14:36:04.046+0000] {logging_mixin.py:188} INFO - [2026-05-24T14:36:04.046+0000] {dag.py:3954} INFO - Setting next_dagrun for example_branch_dop_operator_v3 to 2026-05-24 14:35:00+00:00, run_after=2026-05-24 14:36:00+00:00
[2026-05-24T14:36:04.064+0000] {processor.py:183} INFO - Processing /home/varn1t/ml-pipeline/venv/lib/python3.11/site-packages/airflow/example_dags/example_branch_python_dop_operator_3.py took 0.057 seconds
[2026-05-24T14:37:09.109+0000] {processor.py:161} INFO - Started process (PID=24461) to work on /home/varn1t/ml-pipeline/venv/lib/python3.11/site-packages/airflow/example_dags/example_branch_python_dop_operator_3.py
[2026-05-24T14:37:09.110+0000] {processor.py:830} INFO - Processing file /home/varn1t/ml-pipeline/venv/lib/python3.11/site-packages/airflow/example_dags/example_branch_python_dop_operator_3.py for tasks to queue
[2026-05-24T14:37:09.110+0000] {logging_mixin.py:188} INFO - [2026-05-24T14:37:09.110+0000] {dagbag.py:545} INFO - Filling up the DagBag from /home/varn1t/ml-pipeline/venv/lib/python3.11/site-packages/airflow/example_dags/example_branch_python_dop_operator_3.py
[2026-05-24T14:37:09.116+0000] {processor.py:840} INFO - DAG(s) 'example_branch_dop_operator_v3' retrieved from /home/varn1t/ml-pipeline/venv/lib/python3.11/site-packages/airflow/example_dags/example_branch_python_dop_operator_3.py
[2026-05-24T14:37:09.130+0000] {logging_mixin.py:188} INFO - [2026-05-24T14:37:09.130+0000] {dag.py:3096} INFO - Sync 1 DAGs
[2026-05-24T14:37:09.145+0000] {logging_mixin.py:188} INFO - [2026-05-24T14:37:09.145+0000] {dag.py:3954} INFO - Setting next_dagrun for example_branch_dop_operator_v3 to 2026-05-24 14:36:00+00:00, run_after=2026-05-24 14:37:00+00:00
[2026-05-24T14:37:09.161+0000] {processor.py:183} INFO - Processing /home/varn1t/ml-pipeline/venv/lib/python3.11/site-packages/airflow/example_dags/example_branch_python_dop_operator_3.py took 0.056 seconds
[2026-05-24T14:38:07.423+0000] {processor.py:161} INFO - Started process (PID=24738) to work on /home/varn1t/ml-pipeline/venv/lib/python3.11/site-packages/airflow/example_dags/example_branch_python_dop_operator_3.py
[2026-05-24T14:38:07.425+0000] {processor.py:830} INFO - Processing file /home/varn1t/ml-pipeline/venv/lib/python3.11/site-packages/airflow/example_dags/example_branch_python_dop_operator_3.py for tasks to queue
[2026-05-24T14:38:07.425+0000] {logging_mixin.py:188} INFO - [2026-05-24T14:38:07.425+0000] {dagbag.py:545} INFO - Filling up the DagBag from /home/varn1t/ml-pipeline/venv/lib/python3.11/site-packages/airflow/example_dags/example_branch_python_dop_operator_3.py
[2026-05-24T14:38:07.432+0000] {processor.py:840} INFO - DAG(s) 'example_branch_dop_operator_v3' retrieved from /home/varn1t/ml-pipeline/venv/lib/python3.11/site-packages/airflow/example_dags/example_branch_python_dop_operator_3.py
[2026-05-24T14:38:07.447+0000] {logging_mixin.py:188} INFO - [2026-05-24T14:38:07.446+0000] {dag.py:3096} INFO - Sync 1 DAGs
[2026-05-24T14:38:07.460+0000] {logging_mixin.py:188} INFO - [2026-05-24T14:38:07.460+0000] {dag.py:3954} INFO - Setting next_dagrun for example_branch_dop_operator_v3 to 2026-05-24 14:37:00+00:00, run_after=2026-05-24 14:38:00+00:00
[2026-05-24T14:38:07.474+0000] {processor.py:183} INFO - Processing /home/varn1t/ml-pipeline/venv/lib/python3.11/site-packages/airflow/example_dags/example_branch_python_dop_operator_3.py took 0.056 seconds
[2026-05-24T14:39:07.513+0000] {processor.py:161} INFO - Started process (PID=25040) to work on /home/varn1t/ml-pipeline/venv/lib/python3.11/site-packages/airflow/example_dags/example_branch_python_dop_operator_3.py
[2026-05-24T14:39:07.514+0000] {processor.py:830} INFO - Processing file /home/varn1t/ml-pipeline/venv/lib/python3.11/site-packages/airflow/example_dags/example_branch_python_dop_operator_3.py for tasks to queue
[2026-05-24T14:39:07.515+0000] {logging_mixin.py:188} INFO - [2026-05-24T14:39:07.515+0000] {dagbag.py:545} INFO - Filling up the DagBag from /home/varn1t/ml-pipeline/venv/lib/python3.11/site-packages/airflow/example_dags/example_branch_python_dop_operator_3.py
[2026-05-24T14:39:07.521+0000] {processor.py:840} INFO - DAG(s) 'example_branch_dop_operator_v3' retrieved from /home/varn1t/ml-pipeline/venv/lib/python3.11/site-packages/airflow/example_dags/example_branch_python_dop_operator_3.py
[2026-05-24T14:39:07.532+0000] {logging_mixin.py:188} INFO - [2026-05-24T14:39:07.532+0000] {dag.py:3096} INFO - Sync 1 DAGs
[2026-05-24T14:39:07.547+0000] {logging_mixin.py:188} INFO - [2026-05-24T14:39:07.547+0000] {dag.py:3954} INFO - Setting next_dagrun for example_branch_dop_operator_v3 to 2026-05-24 14:38:00+00:00, run_after=2026-05-24 14:39:00+00:00
[2026-05-24T14:39:07.566+0000] {processor.py:183} INFO - Processing /home/varn1t/ml-pipeline/venv/lib/python3.11/site-packages/airflow/example_dags/example_branch_python_dop_operator_3.py took 0.057 seconds
[2026-05-24T14:40:12.391+0000] {processor.py:161} INFO - Started process (PID=25319) to work on /home/varn1t/ml-pipeline/venv/lib/python3.11/site-packages/airflow/example_dags/example_branch_python_dop_operator_3.py
[2026-05-24T14:40:12.392+0000] {processor.py:830} INFO - Processing file /home/varn1t/ml-pipeline/venv/lib/python3.11/site-packages/airflow/example_dags/example_branch_python_dop_operator_3.py for tasks to queue
[2026-05-24T14:40:12.392+0000] {logging_mixin.py:188} INFO - [2026-05-24T14:40:12.392+0000] {dagbag.py:545} INFO - Filling up the DagBag from /home/varn1t/ml-pipeline/venv/lib/python3.11/site-packages/airflow/example_dags/example_branch_python_dop_operator_3.py
[2026-05-24T14:40:12.401+0000] {processor.py:840} INFO - DAG(s) 'example_branch_dop_operator_v3' retrieved from /home/varn1t/ml-pipeline/venv/lib/python3.11/site-packages/airflow/example_dags/example_branch_python_dop_operator_3.py
[2026-05-24T14:40:12.416+0000] {logging_mixin.py:188} INFO - [2026-05-24T14:40:12.415+0000] {dag.py:3096} INFO - Sync 1 DAGs
[2026-05-24T14:40:12.433+0000] {logging_mixin.py:188} INFO - [2026-05-24T14:40:12.433+0000] {dag.py:3954} INFO - Setting next_dagrun for example_branch_dop_operator_v3 to 2026-05-24 14:39:00+00:00, run_after=2026-05-24 14:40:00+00:00
[2026-05-24T14:40:12.569+0000] {processor.py:183} INFO - Processing /home/varn1t/ml-pipeline/venv/lib/python3.11/site-packages/airflow/example_dags/example_branch_python_dop_operator_3.py took 0.183 seconds
[2026-05-24T14:41:22.842+0000] {processor.py:161} INFO - Started process (PID=25628) to work on /home/varn1t/ml-pipeline/venv/lib/python3.11/site-packages/airflow/example_dags/example_branch_python_dop_operator_3.py
[2026-05-24T14:41:22.843+0000] {processor.py:830} INFO - Processing file /home/varn1t/ml-pipeline/venv/lib/python3.11/site-packages/airflow/example_dags/example_branch_python_dop_operator_3.py for tasks to queue
[2026-05-24T14:41:22.844+0000] {logging_mixin.py:188} INFO - [2026-05-24T14:41:22.843+0000] {dagbag.py:545} INFO - Filling up the DagBag from /home/varn1t/ml-pipeline/venv/lib/python3.11/site-packages/airflow/example_dags/example_branch_python_dop_operator_3.py
[2026-05-24T14:41:22.849+0000] {processor.py:840} INFO - DAG(s) 'example_branch_dop_operator_v3' retrieved from /home/varn1t/ml-pipeline/venv/lib/python3.11/site-packages/airflow/example_dags/example_branch_python_dop_operator_3.py
[2026-05-24T14:41:22.859+0000] {logging_mixin.py:188} INFO - [2026-05-24T14:41:22.859+0000] {dag.py:3096} INFO - Sync 1 DAGs
[2026-05-24T14:41:22.964+0000] {logging_mixin.py:188} INFO - [2026-05-24T14:41:22.964+0000] {dag.py:3954} INFO - Setting next_dagrun for example_branch_dop_operator_v3 to 2026-05-24 14:40:00+00:00, run_after=2026-05-24 14:41:00+00:00
[2026-05-24T14:41:22.981+0000] {processor.py:183} INFO - Processing /home/varn1t/ml-pipeline/venv/lib/python3.11/site-packages/airflow/example_dags/example_branch_python_dop_operator_3.py took 0.143 seconds
[2026-05-24T14:42:34.302+0000] {processor.py:161} INFO - Started process (PID=25934) to work on /home/varn1t/ml-pipeline/venv/lib/python3.11/site-packages/airflow/example_dags/example_branch_python_dop_operator_3.py
[2026-05-24T14:42:34.303+0000] {processor.py:830} INFO - Processing file /home/varn1t/ml-pipeline/venv/lib/python3.11/site-packages/airflow/example_dags/example_branch_python_dop_operator_3.py for tasks to queue
[2026-05-24T14:42:34.303+0000] {logging_mixin.py:188} INFO - [2026-05-24T14:42:34.303+0000] {dagbag.py:545} INFO - Filling up the DagBag from /home/varn1t/ml-pipeline/venv/lib/python3.11/site-packages/airflow/example_dags/example_branch_python_dop_operator_3.py
[2026-05-24T14:42:34.309+0000] {processor.py:840} INFO - DAG(s) 'example_branch_dop_operator_v3' retrieved from /home/varn1t/ml-pipeline/venv/lib/python3.11/site-packages/airflow/example_dags/example_branch_python_dop_operator_3.py
[2026-05-24T14:42:34.423+0000] {logging_mixin.py:188} INFO - [2026-05-24T14:42:34.423+0000] {dag.py:3096} INFO - Sync 1 DAGs
[2026-05-24T14:42:34.435+0000] {logging_mixin.py:188} INFO - [2026-05-24T14:42:34.435+0000] {dag.py:3954} INFO - Setting next_dagrun for example_branch_dop_operator_v3 to 2026-05-24 14:41:00+00:00, run_after=2026-05-24 14:42:00+00:00
[2026-05-24T14:42:34.451+0000] {processor.py:183} INFO - Processing /home/varn1t/ml-pipeline/venv/lib/python3.11/site-packages/airflow/example_dags/example_branch_python_dop_operator_3.py took 0.153 seconds
[2026-05-24T14:43:37.058+0000] {processor.py:161} INFO - Started process (PID=26243) to work on /home/varn1t/ml-pipeline/venv/lib/python3.11/site-packages/airflow/example_dags/example_branch_python_dop_operator_3.py
[2026-05-24T14:43:37.059+0000] {processor.py:830} INFO - Processing file /home/varn1t/ml-pipeline/venv/lib/python3.11/site-packages/airflow/example_dags/example_branch_python_dop_operator_3.py for tasks to queue
[2026-05-24T14:43:37.059+0000] {logging_mixin.py:188} INFO - [2026-05-24T14:43:37.059+0000] {dagbag.py:545} INFO - Filling up the DagBag from /home/varn1t/ml-pipeline/venv/lib/python3.11/site-packages/airflow/example_dags/example_branch_python_dop_operator_3.py
[2026-05-24T14:43:37.065+0000] {processor.py:840} INFO - DAG(s) 'example_branch_dop_operator_v3' retrieved from /home/varn1t/ml-pipeline/venv/lib/python3.11/site-packages/airflow/example_dags/example_branch_python_dop_operator_3.py
[2026-05-24T14:43:37.076+0000] {logging_mixin.py:188} INFO - [2026-05-24T14:43:37.076+0000] {dag.py:3096} INFO - Sync 1 DAGs
[2026-05-24T14:43:37.088+0000] {logging_mixin.py:188} INFO - [2026-05-24T14:43:37.088+0000] {dag.py:3954} INFO - Setting next_dagrun for example_branch_dop_operator_v3 to 2026-05-24 14:42:00+00:00, run_after=2026-05-24 14:43:00+00:00
[2026-05-24T14:43:37.108+0000] {processor.py:183} INFO - Processing /home/varn1t/ml-pipeline/venv/lib/python3.11/site-packages/airflow/example_dags/example_branch_python_dop_operator_3.py took 0.054 seconds
[2026-05-24T14:44:40.006+0000] {processor.py:161} INFO - Started process (PID=26520) to work on /home/varn1t/ml-pipeline/venv/lib/python3.11/site-packages/airflow/example_dags/example_branch_python_dop_operator_3.py
[2026-05-24T14:44:40.007+0000] {processor.py:830} INFO - Processing file /home/varn1t/ml-pipeline/venv/lib/python3.11/site-packages/airflow/example_dags/example_branch_python_dop_operator_3.py for tasks to queue
[2026-05-24T14:44:40.008+0000] {logging_mixin.py:188} INFO - [2026-05-24T14:44:40.008+0000] {dagbag.py:545} INFO - Filling up the DagBag from /home/varn1t/ml-pipeline/venv/lib/python3.11/site-packages/airflow/example_dags/example_branch_python_dop_operator_3.py
[2026-05-24T14:44:40.015+0000] {processor.py:840} INFO - DAG(s) 'example_branch_dop_operator_v3' retrieved from /home/varn1t/ml-pipeline/venv/lib/python3.11/site-packages/airflow/example_dags/example_branch_python_dop_operator_3.py
[2026-05-24T14:44:40.029+0000] {logging_mixin.py:188} INFO - [2026-05-24T14:44:40.029+0000] {dag.py:3096} INFO - Sync 1 DAGs
[2026-05-24T14:44:40.047+0000] {logging_mixin.py:188} INFO - [2026-05-24T14:44:40.047+0000] {dag.py:3954} INFO - Setting next_dagrun for example_branch_dop_operator_v3 to 2026-05-24 14:43:00+00:00, run_after=2026-05-24 14:44:00+00:00
[2026-05-24T14:44:40.064+0000] {processor.py:183} INFO - Processing /home/varn1t/ml-pipeline/venv/lib/python3.11/site-packages/airflow/example_dags/example_branch_python_dop_operator_3.py took 0.063 seconds
[2026-05-24T14:45:39.589+0000] {processor.py:161} INFO - Started process (PID=26798) to work on /home/varn1t/ml-pipeline/venv/lib/python3.11/site-packages/airflow/example_dags/example_branch_python_dop_operator_3.py
[2026-05-24T14:45:39.590+0000] {processor.py:830} INFO - Processing file /home/varn1t/ml-pipeline/venv/lib/python3.11/site-packages/airflow/example_dags/example_branch_python_dop_operator_3.py for tasks to queue
[2026-05-24T14:45:39.591+0000] {logging_mixin.py:188} INFO - [2026-05-24T14:45:39.591+0000] {dagbag.py:545} INFO - Filling up the DagBag from /home/varn1t/ml-pipeline/venv/lib/python3.11/site-packages/airflow/example_dags/example_branch_python_dop_operator_3.py
[2026-05-24T14:45:39.598+0000] {processor.py:840} INFO - DAG(s) 'example_branch_dop_operator_v3' retrieved from /home/varn1t/ml-pipeline/venv/lib/python3.11/site-packages/airflow/example_dags/example_branch_python_dop_operator_3.py
[2026-05-24T14:45:39.609+0000] {logging_mixin.py:188} INFO - [2026-05-24T14:45:39.609+0000] {dag.py:3096} INFO - Sync 1 DAGs
[2026-05-24T14:45:39.624+0000] {logging_mixin.py:188} INFO - [2026-05-24T14:45:39.624+0000] {dag.py:3954} INFO - Setting next_dagrun for example_branch_dop_operator_v3 to 2026-05-24 14:44:00+00:00, run_after=2026-05-24 14:45:00+00:00
[2026-05-24T14:45:39.641+0000] {processor.py:183} INFO - Processing /home/varn1t/ml-pipeline/venv/lib/python3.11/site-packages/airflow/example_dags/example_branch_python_dop_operator_3.py took 0.057 seconds
[2026-05-24T14:46:45.498+0000] {processor.py:161} INFO - Started process (PID=27088) to work on /home/varn1t/ml-pipeline/venv/lib/python3.11/site-packages/airflow/example_dags/example_branch_python_dop_operator_3.py
[2026-05-24T14:46:45.499+0000] {processor.py:830} INFO - Processing file /home/varn1t/ml-pipeline/venv/lib/python3.11/site-packages/airflow/example_dags/example_branch_python_dop_operator_3.py for tasks to queue
[2026-05-24T14:46:45.500+0000] {logging_mixin.py:188} INFO - [2026-05-24T14:46:45.499+0000] {dagbag.py:545} INFO - Filling up the DagBag from /home/varn1t/ml-pipeline/venv/lib/python3.11/site-packages/airflow/example_dags/example_branch_python_dop_operator_3.py
[2026-05-24T14:46:45.507+0000] {processor.py:840} INFO - DAG(s) 'example_branch_dop_operator_v3' retrieved from /home/varn1t/ml-pipeline/venv/lib/python3.11/site-packages/airflow/example_dags/example_branch_python_dop_operator_3.py
[2026-05-24T14:46:45.521+0000] {logging_mixin.py:188} INFO - [2026-05-24T14:46:45.520+0000] {dag.py:3096} INFO - Sync 1 DAGs
[2026-05-24T14:46:45.536+0000] {logging_mixin.py:188} INFO - [2026-05-24T14:46:45.536+0000] {dag.py:3954} INFO - Setting next_dagrun for example_branch_dop_operator_v3 to 2026-05-24 14:45:00+00:00, run_after=2026-05-24 14:46:00+00:00
[2026-05-24T14:46:45.554+0000] {processor.py:183} INFO - Processing /home/varn1t/ml-pipeline/venv/lib/python3.11/site-packages/airflow/example_dags/example_branch_python_dop_operator_3.py took 0.062 seconds
[2026-05-24T14:47:51.375+0000] {processor.py:161} INFO - Started process (PID=27399) to work on /home/varn1t/ml-pipeline/venv/lib/python3.11/site-packages/airflow/example_dags/example_branch_python_dop_operator_3.py
[2026-05-24T14:47:51.376+0000] {processor.py:830} INFO - Processing file /home/varn1t/ml-pipeline/venv/lib/python3.11/site-packages/airflow/example_dags/example_branch_python_dop_operator_3.py for tasks to queue
[2026-05-24T14:47:51.377+0000] {logging_mixin.py:188} INFO - [2026-05-24T14:47:51.377+0000] {dagbag.py:545} INFO - Filling up the DagBag from /home/varn1t/ml-pipeline/venv/lib/python3.11/site-packages/airflow/example_dags/example_branch_python_dop_operator_3.py
[2026-05-24T14:47:51.383+0000] {processor.py:840} INFO - DAG(s) 'example_branch_dop_operator_v3' retrieved from /home/varn1t/ml-pipeline/venv/lib/python3.11/site-packages/airflow/example_dags/example_branch_python_dop_operator_3.py
[2026-05-24T14:47:51.396+0000] {logging_mixin.py:188} INFO - [2026-05-24T14:47:51.396+0000] {dag.py:3096} INFO - Sync 1 DAGs
[2026-05-24T14:47:51.411+0000] {logging_mixin.py:188} INFO - [2026-05-24T14:47:51.411+0000] {dag.py:3954} INFO - Setting next_dagrun for example_branch_dop_operator_v3 to 2026-05-24 14:46:00+00:00, run_after=2026-05-24 14:47:00+00:00
[2026-05-24T14:47:51.426+0000] {processor.py:183} INFO - Processing /home/varn1t/ml-pipeline/venv/lib/python3.11/site-packages/airflow/example_dags/example_branch_python_dop_operator_3.py took 0.055 seconds
[2026-05-24T14:48:48.729+0000] {processor.py:161} INFO - Started process (PID=27684) to work on /home/varn1t/ml-pipeline/venv/lib/python3.11/site-packages/airflow/example_dags/example_branch_python_dop_operator_3.py
[2026-05-24T14:48:48.731+0000] {processor.py:830} INFO - Processing file /home/varn1t/ml-pipeline/venv/lib/python3.11/site-packages/airflow/example_dags/example_branch_python_dop_operator_3.py for tasks to queue
[2026-05-24T14:48:48.732+0000] {logging_mixin.py:188} INFO - [2026-05-24T14:48:48.731+0000] {dagbag.py:545} INFO - Filling up the DagBag from /home/varn1t/ml-pipeline/venv/lib/python3.11/site-packages/airflow/example_dags/example_branch_python_dop_operator_3.py
[2026-05-24T14:48:48.739+0000] {processor.py:840} INFO - DAG(s) 'example_branch_dop_operator_v3' retrieved from /home/varn1t/ml-pipeline/venv/lib/python3.11/site-packages/airflow/example_dags/example_branch_python_dop_operator_3.py
[2026-05-24T14:48:48.751+0000] {logging_mixin.py:188} INFO - [2026-05-24T14:48:48.751+0000] {dag.py:3096} INFO - Sync 1 DAGs
[2026-05-24T14:48:48.767+0000] {logging_mixin.py:188} INFO - [2026-05-24T14:48:48.766+0000] {dag.py:3954} INFO - Setting next_dagrun for example_branch_dop_operator_v3 to 2026-05-24 14:47:00+00:00, run_after=2026-05-24 14:48:00+00:00
[2026-05-24T14:48:48.784+0000] {processor.py:183} INFO - Processing /home/varn1t/ml-pipeline/venv/lib/python3.11/site-packages/airflow/example_dags/example_branch_python_dop_operator_3.py took 0.059 seconds
[2026-05-24T14:49:47.283+0000] {processor.py:161} INFO - Started process (PID=27960) to work on /home/varn1t/ml-pipeline/venv/lib/python3.11/site-packages/airflow/example_dags/example_branch_python_dop_operator_3.py
[2026-05-24T14:49:47.285+0000] {processor.py:830} INFO - Processing file /home/varn1t/ml-pipeline/venv/lib/python3.11/site-packages/airflow/example_dags/example_branch_python_dop_operator_3.py for tasks to queue
[2026-05-24T14:49:47.286+0000] {logging_mixin.py:188} INFO - [2026-05-24T14:49:47.285+0000] {dagbag.py:545} INFO - Filling up the DagBag from /home/varn1t/ml-pipeline/venv/lib/python3.11/site-packages/airflow/example_dags/example_branch_python_dop_operator_3.py
[2026-05-24T14:49:47.292+0000] {processor.py:840} INFO - DAG(s) 'example_branch_dop_operator_v3' retrieved from /home/varn1t/ml-pipeline/venv/lib/python3.11/site-packages/airflow/example_dags/example_branch_python_dop_operator_3.py
[2026-05-24T14:49:47.304+0000] {logging_mixin.py:188} INFO - [2026-05-24T14:49:47.304+0000] {dag.py:3096} INFO - Sync 1 DAGs
[2026-05-24T14:49:47.321+0000] {logging_mixin.py:188} INFO - [2026-05-24T14:49:47.321+0000] {dag.py:3954} INFO - Setting next_dagrun for example_branch_dop_operator_v3 to 2026-05-24 14:48:00+00:00, run_after=2026-05-24 14:49:00+00:00
[2026-05-24T14:49:47.339+0000] {processor.py:183} INFO - Processing /home/varn1t/ml-pipeline/venv/lib/python3.11/site-packages/airflow/example_dags/example_branch_python_dop_operator_3.py took 0.061 seconds
[2026-05-24T14:50:52.408+0000] {processor.py:161} INFO - Started process (PID=28239) to work on /home/varn1t/ml-pipeline/venv/lib/python3.11/site-packages/airflow/example_dags/example_branch_python_dop_operator_3.py
[2026-05-24T14:50:52.410+0000] {processor.py:830} INFO - Processing file /home/varn1t/ml-pipeline/venv/lib/python3.11/site-packages/airflow/example_dags/example_branch_python_dop_operator_3.py for tasks to queue
[2026-05-24T14:50:52.411+0000] {logging_mixin.py:188} INFO - [2026-05-24T14:50:52.411+0000] {dagbag.py:545} INFO - Filling up the DagBag from /home/varn1t/ml-pipeline/venv/lib/python3.11/site-packages/airflow/example_dags/example_branch_python_dop_operator_3.py
[2026-05-24T14:50:52.421+0000] {processor.py:840} INFO - DAG(s) 'example_branch_dop_operator_v3' retrieved from /home/varn1t/ml-pipeline/venv/lib/python3.11/site-packages/airflow/example_dags/example_branch_python_dop_operator_3.py
[2026-05-24T14:50:52.440+0000] {logging_mixin.py:188} INFO - [2026-05-24T14:50:52.440+0000] {dag.py:3096} INFO - Sync 1 DAGs
[2026-05-24T14:50:52.461+0000] {logging_mixin.py:188} INFO - [2026-05-24T14:50:52.461+0000] {dag.py:3954} INFO - Setting next_dagrun for example_branch_dop_operator_v3 to 2026-05-24 14:49:00+00:00, run_after=2026-05-24 14:50:00+00:00
[2026-05-24T14:50:52.482+0000] {processor.py:183} INFO - Processing /home/varn1t/ml-pipeline/venv/lib/python3.11/site-packages/airflow/example_dags/example_branch_python_dop_operator_3.py took 0.080 seconds
[2026-05-24T14:51:58.744+0000] {processor.py:161} INFO - Started process (PID=28543) to work on /home/varn1t/ml-pipeline/venv/lib/python3.11/site-packages/airflow/example_dags/example_branch_python_dop_operator_3.py
[2026-05-24T14:51:58.745+0000] {processor.py:830} INFO - Processing file /home/varn1t/ml-pipeline/venv/lib/python3.11/site-packages/airflow/example_dags/example_branch_python_dop_operator_3.py for tasks to queue
[2026-05-24T14:51:58.745+0000] {logging_mixin.py:188} INFO - [2026-05-24T14:51:58.745+0000] {dagbag.py:545} INFO - Filling up the DagBag from /home/varn1t/ml-pipeline/venv/lib/python3.11/site-packages/airflow/example_dags/example_branch_python_dop_operator_3.py
[2026-05-24T14:51:58.753+0000] {processor.py:840} INFO - DAG(s) 'example_branch_dop_operator_v3' retrieved from /home/varn1t/ml-pipeline/venv/lib/python3.11/site-packages/airflow/example_dags/example_branch_python_dop_operator_3.py
[2026-05-24T14:51:58.766+0000] {logging_mixin.py:188} INFO - [2026-05-24T14:51:58.766+0000] {dag.py:3096} INFO - Sync 1 DAGs
[2026-05-24T14:51:58.783+0000] {logging_mixin.py:188} INFO - [2026-05-24T14:51:58.782+0000] {dag.py:3954} INFO - Setting next_dagrun for example_branch_dop_operator_v3 to 2026-05-24 14:50:00+00:00, run_after=2026-05-24 14:51:00+00:00
[2026-05-24T14:51:58.799+0000] {processor.py:183} INFO - Processing /home/varn1t/ml-pipeline/venv/lib/python3.11/site-packages/airflow/example_dags/example_branch_python_dop_operator_3.py took 0.060 seconds
[2026-05-24T14:52:58.629+0000] {processor.py:161} INFO - Started process (PID=28804) to work on /home/varn1t/ml-pipeline/venv/lib/python3.11/site-packages/airflow/example_dags/example_branch_python_dop_operator_3.py
[2026-05-24T14:52:58.630+0000] {processor.py:830} INFO - Processing file /home/varn1t/ml-pipeline/venv/lib/python3.11/site-packages/airflow/example_dags/example_branch_python_dop_operator_3.py for tasks to queue
[2026-05-24T14:52:58.631+0000] {logging_mixin.py:188} INFO - [2026-05-24T14:52:58.630+0000] {dagbag.py:545} INFO - Filling up the DagBag from /home/varn1t/ml-pipeline/venv/lib/python3.11/site-packages/airflow/example_dags/example_branch_python_dop_operator_3.py
[2026-05-24T14:52:58.637+0000] {processor.py:840} INFO - DAG(s) 'example_branch_dop_operator_v3' retrieved from /home/varn1t/ml-pipeline/venv/lib/python3.11/site-packages/airflow/example_dags/example_branch_python_dop_operator_3.py
[2026-05-24T14:52:58.648+0000] {logging_mixin.py:188} INFO - [2026-05-24T14:52:58.648+0000] {dag.py:3096} INFO - Sync 1 DAGs
[2026-05-24T14:52:58.662+0000] {logging_mixin.py:188} INFO - [2026-05-24T14:52:58.662+0000] {dag.py:3954} INFO - Setting next_dagrun for example_branch_dop_operator_v3 to 2026-05-24 14:51:00+00:00, run_after=2026-05-24 14:52:00+00:00
[2026-05-24T14:52:58.678+0000] {processor.py:183} INFO - Processing /home/varn1t/ml-pipeline/venv/lib/python3.11/site-packages/airflow/example_dags/example_branch_python_dop_operator_3.py took 0.053 seconds
[2026-05-24T14:53:58.984+0000] {processor.py:161} INFO - Started process (PID=29104) to work on /home/varn1t/ml-pipeline/venv/lib/python3.11/site-packages/airflow/example_dags/example_branch_python_dop_operator_3.py
[2026-05-24T14:53:58.985+0000] {processor.py:830} INFO - Processing file /home/varn1t/ml-pipeline/venv/lib/python3.11/site-packages/airflow/example_dags/example_branch_python_dop_operator_3.py for tasks to queue
[2026-05-24T14:53:58.985+0000] {logging_mixin.py:188} INFO - [2026-05-24T14:53:58.985+0000] {dagbag.py:545} INFO - Filling up the DagBag from /home/varn1t/ml-pipeline/venv/lib/python3.11/site-packages/airflow/example_dags/example_branch_python_dop_operator_3.py
[2026-05-24T14:53:58.992+0000] {processor.py:840} INFO - DAG(s) 'example_branch_dop_operator_v3' retrieved from /home/varn1t/ml-pipeline/venv/lib/python3.11/site-packages/airflow/example_dags/example_branch_python_dop_operator_3.py
[2026-05-24T14:53:59.003+0000] {logging_mixin.py:188} INFO - [2026-05-24T14:53:59.003+0000] {dag.py:3096} INFO - Sync 1 DAGs
[2026-05-24T14:53:59.017+0000] {logging_mixin.py:188} INFO - [2026-05-24T14:53:59.017+0000] {dag.py:3954} INFO - Setting next_dagrun for example_branch_dop_operator_v3 to 2026-05-24 14:52:00+00:00, run_after=2026-05-24 14:53:00+00:00
[2026-05-24T14:53:59.033+0000] {processor.py:183} INFO - Processing /home/varn1t/ml-pipeline/venv/lib/python3.11/site-packages/airflow/example_dags/example_branch_python_dop_operator_3.py took 0.054 seconds
[2026-05-24T14:55:01.721+0000] {processor.py:161} INFO - Started process (PID=29375) to work on /home/varn1t/ml-pipeline/venv/lib/python3.11/site-packages/airflow/example_dags/example_branch_python_dop_operator_3.py
[2026-05-24T14:55:01.722+0000] {processor.py:830} INFO - Processing file /home/varn1t/ml-pipeline/venv/lib/python3.11/site-packages/airflow/example_dags/example_branch_python_dop_operator_3.py for tasks to queue
[2026-05-24T14:55:01.723+0000] {logging_mixin.py:188} INFO - [2026-05-24T14:55:01.723+0000] {dagbag.py:545} INFO - Filling up the DagBag from /home/varn1t/ml-pipeline/venv/lib/python3.11/site-packages/airflow/example_dags/example_branch_python_dop_operator_3.py
[2026-05-24T14:55:01.731+0000] {processor.py:840} INFO - DAG(s) 'example_branch_dop_operator_v3' retrieved from /home/varn1t/ml-pipeline/venv/lib/python3.11/site-packages/airflow/example_dags/example_branch_python_dop_operator_3.py
[2026-05-24T14:55:01.745+0000] {logging_mixin.py:188} INFO - [2026-05-24T14:55:01.745+0000] {dag.py:3096} INFO - Sync 1 DAGs
[2026-05-24T14:55:01.764+0000] {logging_mixin.py:188} INFO - [2026-05-24T14:55:01.764+0000] {dag.py:3954} INFO - Setting next_dagrun for example_branch_dop_operator_v3 to 2026-05-24 14:54:00+00:00, run_after=2026-05-24 14:55:00+00:00
[2026-05-24T14:55:01.783+0000] {processor.py:183} INFO - Processing /home/varn1t/ml-pipeline/venv/lib/python3.11/site-packages/airflow/example_dags/example_branch_python_dop_operator_3.py took 0.068 seconds
[2026-05-24T14:56:03.346+0000] {processor.py:161} INFO - Started process (PID=29694) to work on /home/varn1t/ml-pipeline/venv/lib/python3.11/site-packages/airflow/example_dags/example_branch_python_dop_operator_3.py
[2026-05-24T14:56:03.347+0000] {processor.py:830} INFO - Processing file /home/varn1t/ml-pipeline/venv/lib/python3.11/site-packages/airflow/example_dags/example_branch_python_dop_operator_3.py for tasks to queue
[2026-05-24T14:56:03.347+0000] {logging_mixin.py:188} INFO - [2026-05-24T14:56:03.347+0000] {dagbag.py:545} INFO - Filling up the DagBag from /home/varn1t/ml-pipeline/venv/lib/python3.11/site-packages/airflow/example_dags/example_branch_python_dop_operator_3.py
[2026-05-24T14:56:03.354+0000] {processor.py:840} INFO - DAG(s) 'example_branch_dop_operator_v3' retrieved from /home/varn1t/ml-pipeline/venv/lib/python3.11/site-packages/airflow/example_dags/example_branch_python_dop_operator_3.py
[2026-05-24T14:56:03.366+0000] {logging_mixin.py:188} INFO - [2026-05-24T14:56:03.366+0000] {dag.py:3096} INFO - Sync 1 DAGs
[2026-05-24T14:56:03.382+0000] {logging_mixin.py:188} INFO - [2026-05-24T14:56:03.382+0000] {dag.py:3954} INFO - Setting next_dagrun for example_branch_dop_operator_v3 to 2026-05-24 14:55:00+00:00, run_after=2026-05-24 14:56:00+00:00
[2026-05-24T14:56:03.401+0000] {processor.py:183} INFO - Processing /home/varn1t/ml-pipeline/venv/lib/python3.11/site-packages/airflow/example_dags/example_branch_python_dop_operator_3.py took 0.060 seconds
[2026-05-24T14:57:14.905+0000] {processor.py:161} INFO - Started process (PID=30143) to work on /home/varn1t/ml-pipeline/venv/lib/python3.11/site-packages/airflow/example_dags/example_branch_python_dop_operator_3.py
[2026-05-24T14:57:14.906+0000] {processor.py:830} INFO - Processing file /home/varn1t/ml-pipeline/venv/lib/python3.11/site-packages/airflow/example_dags/example_branch_python_dop_operator_3.py for tasks to queue
[2026-05-24T14:57:14.906+0000] {logging_mixin.py:188} INFO - [2026-05-24T14:57:14.906+0000] {dagbag.py:545} INFO - Filling up the DagBag from /home/varn1t/ml-pipeline/venv/lib/python3.11/site-packages/airflow/example_dags/example_branch_python_dop_operator_3.py
[2026-05-24T14:57:14.912+0000] {processor.py:840} INFO - DAG(s) 'example_branch_dop_operator_v3' retrieved from /home/varn1t/ml-pipeline/venv/lib/python3.11/site-packages/airflow/example_dags/example_branch_python_dop_operator_3.py
[2026-05-24T14:57:14.924+0000] {logging_mixin.py:188} INFO - [2026-05-24T14:57:14.923+0000] {dag.py:3096} INFO - Sync 1 DAGs
[2026-05-24T14:57:14.937+0000] {logging_mixin.py:188} INFO - [2026-05-24T14:57:14.937+0000] {dag.py:3954} INFO - Setting next_dagrun for example_branch_dop_operator_v3 to 2026-05-24 14:56:00+00:00, run_after=2026-05-24 14:57:00+00:00
[2026-05-24T14:57:14.953+0000] {processor.py:183} INFO - Processing /home/varn1t/ml-pipeline/venv/lib/python3.11/site-packages/airflow/example_dags/example_branch_python_dop_operator_3.py took 0.053 seconds
[2026-05-24T14:58:20.046+0000] {processor.py:161} INFO - Started process (PID=30702) to work on /home/varn1t/ml-pipeline/venv/lib/python3.11/site-packages/airflow/example_dags/example_branch_python_dop_operator_3.py
[2026-05-24T14:58:20.047+0000] {processor.py:830} INFO - Processing file /home/varn1t/ml-pipeline/venv/lib/python3.11/site-packages/airflow/example_dags/example_branch_python_dop_operator_3.py for tasks to queue
[2026-05-24T14:58:20.048+0000] {logging_mixin.py:188} INFO - [2026-05-24T14:58:20.047+0000] {dagbag.py:545} INFO - Filling up the DagBag from /home/varn1t/ml-pipeline/venv/lib/python3.11/site-packages/airflow/example_dags/example_branch_python_dop_operator_3.py
[2026-05-24T14:58:20.053+0000] {processor.py:840} INFO - DAG(s) 'example_branch_dop_operator_v3' retrieved from /home/varn1t/ml-pipeline/venv/lib/python3.11/site-packages/airflow/example_dags/example_branch_python_dop_operator_3.py
[2026-05-24T14:58:20.063+0000] {logging_mixin.py:188} INFO - [2026-05-24T14:58:20.063+0000] {dag.py:3096} INFO - Sync 1 DAGs
[2026-05-24T14:58:20.076+0000] {logging_mixin.py:188} INFO - [2026-05-24T14:58:20.075+0000] {dag.py:3954} INFO - Setting next_dagrun for example_branch_dop_operator_v3 to 2026-05-24 14:57:00+00:00, run_after=2026-05-24 14:58:00+00:00
[2026-05-24T14:58:20.088+0000] {processor.py:183} INFO - Processing /home/varn1t/ml-pipeline/venv/lib/python3.11/site-packages/airflow/example_dags/example_branch_python_dop_operator_3.py took 0.046 seconds
[2026-05-24T14:59:23.231+0000] {processor.py:161} INFO - Started process (PID=31203) to work on /home/varn1t/ml-pipeline/venv/lib/python3.11/site-packages/airflow/example_dags/example_branch_python_dop_operator_3.py
[2026-05-24T14:59:23.232+0000] {processor.py:830} INFO - Processing file /home/varn1t/ml-pipeline/venv/lib/python3.11/site-packages/airflow/example_dags/example_branch_python_dop_operator_3.py for tasks to queue
[2026-05-24T14:59:23.233+0000] {logging_mixin.py:188} INFO - [2026-05-24T14:59:23.233+0000] {dagbag.py:545} INFO - Filling up the DagBag from /home/varn1t/ml-pipeline/venv/lib/python3.11/site-packages/airflow/example_dags/example_branch_python_dop_operator_3.py
[2026-05-24T14:59:23.239+0000] {processor.py:840} INFO - DAG(s) 'example_branch_dop_operator_v3' retrieved from /home/varn1t/ml-pipeline/venv/lib/python3.11/site-packages/airflow/example_dags/example_branch_python_dop_operator_3.py
[2026-05-24T14:59:23.252+0000] {logging_mixin.py:188} INFO - [2026-05-24T14:59:23.252+0000] {dag.py:3096} INFO - Sync 1 DAGs
[2026-05-24T14:59:23.268+0000] {logging_mixin.py:188} INFO - [2026-05-24T14:59:23.268+0000] {dag.py:3954} INFO - Setting next_dagrun for example_branch_dop_operator_v3 to 2026-05-24 14:58:00+00:00, run_after=2026-05-24 14:59:00+00:00
[2026-05-24T14:59:23.284+0000] {processor.py:183} INFO - Processing /home/varn1t/ml-pipeline/venv/lib/python3.11/site-packages/airflow/example_dags/example_branch_python_dop_operator_3.py took 0.059 seconds
[2026-05-24T15:00:24.879+0000] {processor.py:161} INFO - Started process (PID=31561) to work on /home/varn1t/ml-pipeline/venv/lib/python3.11/site-packages/airflow/example_dags/example_branch_python_dop_operator_3.py
[2026-05-24T15:00:24.880+0000] {processor.py:830} INFO - Processing file /home/varn1t/ml-pipeline/venv/lib/python3.11/site-packages/airflow/example_dags/example_branch_python_dop_operator_3.py for tasks to queue
[2026-05-24T15:00:24.880+0000] {logging_mixin.py:188} INFO - [2026-05-24T15:00:24.880+0000] {dagbag.py:545} INFO - Filling up the DagBag from /home/varn1t/ml-pipeline/venv/lib/python3.11/site-packages/airflow/example_dags/example_branch_python_dop_operator_3.py
[2026-05-24T15:00:24.886+0000] {processor.py:840} INFO - DAG(s) 'example_branch_dop_operator_v3' retrieved from /home/varn1t/ml-pipeline/venv/lib/python3.11/site-packages/airflow/example_dags/example_branch_python_dop_operator_3.py
[2026-05-24T15:00:24.896+0000] {logging_mixin.py:188} INFO - [2026-05-24T15:00:24.896+0000] {dag.py:3096} INFO - Sync 1 DAGs
[2026-05-24T15:00:24.908+0000] {logging_mixin.py:188} INFO - [2026-05-24T15:00:24.908+0000] {dag.py:3954} INFO - Setting next_dagrun for example_branch_dop_operator_v3 to 2026-05-24 14:59:00+00:00, run_after=2026-05-24 15:00:00+00:00
[2026-05-24T15:00:24.921+0000] {processor.py:183} INFO - Processing /home/varn1t/ml-pipeline/venv/lib/python3.11/site-packages/airflow/example_dags/example_branch_python_dop_operator_3.py took 0.048 seconds
[2026-05-24T15:01:22.521+0000] {processor.py:161} INFO - Started process (PID=31807) to work on /home/varn1t/ml-pipeline/venv/lib/python3.11/site-packages/airflow/example_dags/example_branch_python_dop_operator_3.py
[2026-05-24T15:01:22.521+0000] {processor.py:830} INFO - Processing file /home/varn1t/ml-pipeline/venv/lib/python3.11/site-packages/airflow/example_dags/example_branch_python_dop_operator_3.py for tasks to queue
[2026-05-24T15:01:22.522+0000] {logging_mixin.py:188} INFO - [2026-05-24T15:01:22.522+0000] {dagbag.py:545} INFO - Filling up the DagBag from /home/varn1t/ml-pipeline/venv/lib/python3.11/site-packages/airflow/example_dags/example_branch_python_dop_operator_3.py
[2026-05-24T15:01:22.528+0000] {processor.py:840} INFO - DAG(s) 'example_branch_dop_operator_v3' retrieved from /home/varn1t/ml-pipeline/venv/lib/python3.11/site-packages/airflow/example_dags/example_branch_python_dop_operator_3.py
[2026-05-24T15:01:22.539+0000] {logging_mixin.py:188} INFO - [2026-05-24T15:01:22.539+0000] {dag.py:3096} INFO - Sync 1 DAGs
[2026-05-24T15:01:22.554+0000] {logging_mixin.py:188} INFO - [2026-05-24T15:01:22.554+0000] {dag.py:3954} INFO - Setting next_dagrun for example_branch_dop_operator_v3 to 2026-05-24 15:00:00+00:00, run_after=2026-05-24 15:01:00+00:00
[2026-05-24T15:01:22.571+0000] {processor.py:183} INFO - Processing /home/varn1t/ml-pipeline/venv/lib/python3.11/site-packages/airflow/example_dags/example_branch_python_dop_operator_3.py took 0.058 seconds
[2026-05-24T15:02:23.128+0000] {processor.py:161} INFO - Started process (PID=32129) to work on /home/varn1t/ml-pipeline/venv/lib/python3.11/site-packages/airflow/example_dags/example_branch_python_dop_operator_3.py
[2026-05-24T15:02:23.129+0000] {processor.py:830} INFO - Processing file /home/varn1t/ml-pipeline/venv/lib/python3.11/site-packages/airflow/example_dags/example_branch_python_dop_operator_3.py for tasks to queue
[2026-05-24T15:02:23.130+0000] {logging_mixin.py:188} INFO - [2026-05-24T15:02:23.129+0000] {dagbag.py:545} INFO - Filling up the DagBag from /home/varn1t/ml-pipeline/venv/lib/python3.11/site-packages/airflow/example_dags/example_branch_python_dop_operator_3.py
[2026-05-24T15:02:23.137+0000] {processor.py:840} INFO - DAG(s) 'example_branch_dop_operator_v3' retrieved from /home/varn1t/ml-pipeline/venv/lib/python3.11/site-packages/airflow/example_dags/example_branch_python_dop_operator_3.py
[2026-05-24T15:02:23.150+0000] {logging_mixin.py:188} INFO - [2026-05-24T15:02:23.150+0000] {dag.py:3096} INFO - Sync 1 DAGs
[2026-05-24T15:02:23.165+0000] {logging_mixin.py:188} INFO - [2026-05-24T15:02:23.165+0000] {dag.py:3954} INFO - Setting next_dagrun for example_branch_dop_operator_v3 to 2026-05-24 15:01:00+00:00, run_after=2026-05-24 15:02:00+00:00
[2026-05-24T15:02:23.182+0000] {processor.py:183} INFO - Processing /home/varn1t/ml-pipeline/venv/lib/python3.11/site-packages/airflow/example_dags/example_branch_python_dop_operator_3.py took 0.060 seconds
[2026-05-24T15:03:26.674+0000] {processor.py:161} INFO - Started process (PID=32502) to work on /home/varn1t/ml-pipeline/venv/lib/python3.11/site-packages/airflow/example_dags/example_branch_python_dop_operator_3.py
[2026-05-24T15:03:26.675+0000] {processor.py:830} INFO - Processing file /home/varn1t/ml-pipeline/venv/lib/python3.11/site-packages/airflow/example_dags/example_branch_python_dop_operator_3.py for tasks to queue
[2026-05-24T15:03:26.675+0000] {logging_mixin.py:188} INFO - [2026-05-24T15:03:26.675+0000] {dagbag.py:545} INFO - Filling up the DagBag from /home/varn1t/ml-pipeline/venv/lib/python3.11/site-packages/airflow/example_dags/example_branch_python_dop_operator_3.py
[2026-05-24T15:03:26.682+0000] {processor.py:840} INFO - DAG(s) 'example_branch_dop_operator_v3' retrieved from /home/varn1t/ml-pipeline/venv/lib/python3.11/site-packages/airflow/example_dags/example_branch_python_dop_operator_3.py
[2026-05-24T15:03:26.697+0000] {logging_mixin.py:188} INFO - [2026-05-24T15:03:26.697+0000] {dag.py:3096} INFO - Sync 1 DAGs
[2026-05-24T15:03:26.715+0000] {logging_mixin.py:188} INFO - [2026-05-24T15:03:26.715+0000] {dag.py:3954} INFO - Setting next_dagrun for example_branch_dop_operator_v3 to 2026-05-24 15:02:00+00:00, run_after=2026-05-24 15:03:00+00:00
[2026-05-24T15:03:26.731+0000] {processor.py:183} INFO - Processing /home/varn1t/ml-pipeline/venv/lib/python3.11/site-packages/airflow/example_dags/example_branch_python_dop_operator_3.py took 0.064 seconds
[2026-05-24T15:04:28.595+0000] {processor.py:161} INFO - Started process (PID=32806) to work on /home/varn1t/ml-pipeline/venv/lib/python3.11/site-packages/airflow/example_dags/example_branch_python_dop_operator_3.py
[2026-05-24T15:04:28.595+0000] {processor.py:830} INFO - Processing file /home/varn1t/ml-pipeline/venv/lib/python3.11/site-packages/airflow/example_dags/example_branch_python_dop_operator_3.py for tasks to queue
[2026-05-24T15:04:28.596+0000] {logging_mixin.py:188} INFO - [2026-05-24T15:04:28.596+0000] {dagbag.py:545} INFO - Filling up the DagBag from /home/varn1t/ml-pipeline/venv/lib/python3.11/site-packages/airflow/example_dags/example_branch_python_dop_operator_3.py
[2026-05-24T15:04:28.602+0000] {processor.py:840} INFO - DAG(s) 'example_branch_dop_operator_v3' retrieved from /home/varn1t/ml-pipeline/venv/lib/python3.11/site-packages/airflow/example_dags/example_branch_python_dop_operator_3.py
[2026-05-24T15:04:28.615+0000] {logging_mixin.py:188} INFO - [2026-05-24T15:04:28.615+0000] {dag.py:3096} INFO - Sync 1 DAGs
[2026-05-24T15:04:28.636+0000] {logging_mixin.py:188} INFO - [2026-05-24T15:04:28.635+0000] {dag.py:3954} INFO - Setting next_dagrun for example_branch_dop_operator_v3 to 2026-05-24 15:03:00+00:00, run_after=2026-05-24 15:04:00+00:00
[2026-05-24T15:04:28.661+0000] {processor.py:183} INFO - Processing /home/varn1t/ml-pipeline/venv/lib/python3.11/site-packages/airflow/example_dags/example_branch_python_dop_operator_3.py took 0.073 seconds
[2026-05-24T15:05:27.381+0000] {processor.py:161} INFO - Started process (PID=33115) to work on /home/varn1t/ml-pipeline/venv/lib/python3.11/site-packages/airflow/example_dags/example_branch_python_dop_operator_3.py
[2026-05-24T15:05:27.382+0000] {processor.py:830} INFO - Processing file /home/varn1t/ml-pipeline/venv/lib/python3.11/site-packages/airflow/example_dags/example_branch_python_dop_operator_3.py for tasks to queue
[2026-05-24T15:05:27.382+0000] {logging_mixin.py:188} INFO - [2026-05-24T15:05:27.382+0000] {dagbag.py:545} INFO - Filling up the DagBag from /home/varn1t/ml-pipeline/venv/lib/python3.11/site-packages/airflow/example_dags/example_branch_python_dop_operator_3.py
[2026-05-24T15:05:27.391+0000] {processor.py:840} INFO - DAG(s) 'example_branch_dop_operator_v3' retrieved from /home/varn1t/ml-pipeline/venv/lib/python3.11/site-packages/airflow/example_dags/example_branch_python_dop_operator_3.py
[2026-05-24T15:05:27.405+0000] {logging_mixin.py:188} INFO - [2026-05-24T15:05:27.405+0000] {dag.py:3096} INFO - Sync 1 DAGs
[2026-05-24T15:05:27.422+0000] {logging_mixin.py:188} INFO - [2026-05-24T15:05:27.422+0000] {dag.py:3954} INFO - Setting next_dagrun for example_branch_dop_operator_v3 to 2026-05-24 15:04:00+00:00, run_after=2026-05-24 15:05:00+00:00
[2026-05-24T15:05:27.438+0000] {processor.py:183} INFO - Processing /home/varn1t/ml-pipeline/venv/lib/python3.11/site-packages/airflow/example_dags/example_branch_python_dop_operator_3.py took 0.065 seconds
[2026-05-24T15:06:30.715+0000] {processor.py:161} INFO - Started process (PID=33875) to work on /home/varn1t/ml-pipeline/venv/lib/python3.11/site-packages/airflow/example_dags/example_branch_python_dop_operator_3.py
[2026-05-24T15:06:30.716+0000] {processor.py:830} INFO - Processing file /home/varn1t/ml-pipeline/venv/lib/python3.11/site-packages/airflow/example_dags/example_branch_python_dop_operator_3.py for tasks to queue
[2026-05-24T15:06:30.717+0000] {logging_mixin.py:188} INFO - [2026-05-24T15:06:30.717+0000] {dagbag.py:545} INFO - Filling up the DagBag from /home/varn1t/ml-pipeline/venv/lib/python3.11/site-packages/airflow/example_dags/example_branch_python_dop_operator_3.py
[2026-05-24T15:06:30.724+0000] {processor.py:840} INFO - DAG(s) 'example_branch_dop_operator_v3' retrieved from /home/varn1t/ml-pipeline/venv/lib/python3.11/site-packages/airflow/example_dags/example_branch_python_dop_operator_3.py
[2026-05-24T15:06:30.740+0000] {logging_mixin.py:188} INFO - [2026-05-24T15:06:30.740+0000] {dag.py:3096} INFO - Sync 1 DAGs
[2026-05-24T15:06:30.757+0000] {logging_mixin.py:188} INFO - [2026-05-24T15:06:30.757+0000] {dag.py:3954} INFO - Setting next_dagrun for example_branch_dop_operator_v3 to 2026-05-24 15:05:00+00:00, run_after=2026-05-24 15:06:00+00:00
[2026-05-24T15:06:30.773+0000] {processor.py:183} INFO - Processing /home/varn1t/ml-pipeline/venv/lib/python3.11/site-packages/airflow/example_dags/example_branch_python_dop_operator_3.py took 0.065 seconds
[2026-05-24T15:07:31.178+0000] {processor.py:161} INFO - Started process (PID=34556) to work on /home/varn1t/ml-pipeline/venv/lib/python3.11/site-packages/airflow/example_dags/example_branch_python_dop_operator_3.py
[2026-05-24T15:07:31.179+0000] {processor.py:830} INFO - Processing file /home/varn1t/ml-pipeline/venv/lib/python3.11/site-packages/airflow/example_dags/example_branch_python_dop_operator_3.py for tasks to queue
[2026-05-24T15:07:31.180+0000] {logging_mixin.py:188} INFO - [2026-05-24T15:07:31.179+0000] {dagbag.py:545} INFO - Filling up the DagBag from /home/varn1t/ml-pipeline/venv/lib/python3.11/site-packages/airflow/example_dags/example_branch_python_dop_operator_3.py
[2026-05-24T15:07:31.187+0000] {processor.py:840} INFO - DAG(s) 'example_branch_dop_operator_v3' retrieved from /home/varn1t/ml-pipeline/venv/lib/python3.11/site-packages/airflow/example_dags/example_branch_python_dop_operator_3.py
[2026-05-24T15:07:31.201+0000] {logging_mixin.py:188} INFO - [2026-05-24T15:07:31.201+0000] {dag.py:3096} INFO - Sync 1 DAGs
[2026-05-24T15:07:31.217+0000] {logging_mixin.py:188} INFO - [2026-05-24T15:07:31.217+0000] {dag.py:3954} INFO - Setting next_dagrun for example_branch_dop_operator_v3 to 2026-05-24 15:06:00+00:00, run_after=2026-05-24 15:07:00+00:00
[2026-05-24T15:07:31.232+0000] {processor.py:183} INFO - Processing /home/varn1t/ml-pipeline/venv/lib/python3.11/site-packages/airflow/example_dags/example_branch_python_dop_operator_3.py took 0.061 seconds
[2026-05-24T15:08:20.321+0000] {processor.py:161} INFO - Started process (PID=34965) to work on /home/varn1t/ml-pipeline/venv/lib/python3.11/site-packages/airflow/example_dags/example_branch_python_dop_operator_3.py
[2026-05-24T15:08:20.322+0000] {processor.py:830} INFO - Processing file /home/varn1t/ml-pipeline/venv/lib/python3.11/site-packages/airflow/example_dags/example_branch_python_dop_operator_3.py for tasks to queue
[2026-05-24T15:08:20.323+0000] {logging_mixin.py:188} INFO - [2026-05-24T15:08:20.322+0000] {dagbag.py:545} INFO - Filling up the DagBag from /home/varn1t/ml-pipeline/venv/lib/python3.11/site-packages/airflow/example_dags/example_branch_python_dop_operator_3.py
[2026-05-24T15:08:20.328+0000] {processor.py:840} INFO - DAG(s) 'example_branch_dop_operator_v3' retrieved from /home/varn1t/ml-pipeline/venv/lib/python3.11/site-packages/airflow/example_dags/example_branch_python_dop_operator_3.py
[2026-05-24T15:08:20.341+0000] {logging_mixin.py:188} INFO - [2026-05-24T15:08:20.341+0000] {dag.py:3096} INFO - Sync 1 DAGs
[2026-05-24T15:08:20.357+0000] {logging_mixin.py:188} INFO - [2026-05-24T15:08:20.357+0000] {dag.py:3954} INFO - Setting next_dagrun for example_branch_dop_operator_v3 to 2026-05-24 15:07:00+00:00, run_after=2026-05-24 15:08:00+00:00
[2026-05-24T15:08:20.373+0000] {processor.py:183} INFO - Processing /home/varn1t/ml-pipeline/venv/lib/python3.11/site-packages/airflow/example_dags/example_branch_python_dop_operator_3.py took 0.059 seconds
[2026-05-24T15:09:21.531+0000] {processor.py:161} INFO - Started process (PID=35292) to work on /home/varn1t/ml-pipeline/venv/lib/python3.11/site-packages/airflow/example_dags/example_branch_python_dop_operator_3.py
[2026-05-24T15:09:21.532+0000] {processor.py:830} INFO - Processing file /home/varn1t/ml-pipeline/venv/lib/python3.11/site-packages/airflow/example_dags/example_branch_python_dop_operator_3.py for tasks to queue
[2026-05-24T15:09:21.533+0000] {logging_mixin.py:188} INFO - [2026-05-24T15:09:21.533+0000] {dagbag.py:545} INFO - Filling up the DagBag from /home/varn1t/ml-pipeline/venv/lib/python3.11/site-packages/airflow/example_dags/example_branch_python_dop_operator_3.py
[2026-05-24T15:09:21.541+0000] {processor.py:840} INFO - DAG(s) 'example_branch_dop_operator_v3' retrieved from /home/varn1t/ml-pipeline/venv/lib/python3.11/site-packages/airflow/example_dags/example_branch_python_dop_operator_3.py
[2026-05-24T15:09:21.552+0000] {logging_mixin.py:188} INFO - [2026-05-24T15:09:21.552+0000] {dag.py:3096} INFO - Sync 1 DAGs
[2026-05-24T15:09:21.571+0000] {logging_mixin.py:188} INFO - [2026-05-24T15:09:21.571+0000] {dag.py:3954} INFO - Setting next_dagrun for example_branch_dop_operator_v3 to 2026-05-24 15:08:00+00:00, run_after=2026-05-24 15:09:00+00:00
[2026-05-24T15:09:21.590+0000] {processor.py:183} INFO - Processing /home/varn1t/ml-pipeline/venv/lib/python3.11/site-packages/airflow/example_dags/example_branch_python_dop_operator_3.py took 0.066 seconds
[2026-05-24T15:10:23.190+0000] {processor.py:161} INFO - Started process (PID=35556) to work on /home/varn1t/ml-pipeline/venv/lib/python3.11/site-packages/airflow/example_dags/example_branch_python_dop_operator_3.py
[2026-05-24T15:10:23.191+0000] {processor.py:830} INFO - Processing file /home/varn1t/ml-pipeline/venv/lib/python3.11/site-packages/airflow/example_dags/example_branch_python_dop_operator_3.py for tasks to queue
[2026-05-24T15:10:23.191+0000] {logging_mixin.py:188} INFO - [2026-05-24T15:10:23.191+0000] {dagbag.py:545} INFO - Filling up the DagBag from /home/varn1t/ml-pipeline/venv/lib/python3.11/site-packages/airflow/example_dags/example_branch_python_dop_operator_3.py
[2026-05-24T15:10:23.199+0000] {processor.py:840} INFO - DAG(s) 'example_branch_dop_operator_v3' retrieved from /home/varn1t/ml-pipeline/venv/lib/python3.11/site-packages/airflow/example_dags/example_branch_python_dop_operator_3.py
[2026-05-24T15:10:23.211+0000] {logging_mixin.py:188} INFO - [2026-05-24T15:10:23.211+0000] {dag.py:3096} INFO - Sync 1 DAGs
[2026-05-24T15:10:23.227+0000] {logging_mixin.py:188} INFO - [2026-05-24T15:10:23.227+0000] {dag.py:3954} INFO - Setting next_dagrun for example_branch_dop_operator_v3 to 2026-05-24 15:09:00+00:00, run_after=2026-05-24 15:10:00+00:00
[2026-05-24T15:10:23.245+0000] {processor.py:183} INFO - Processing /home/varn1t/ml-pipeline/venv/lib/python3.11/site-packages/airflow/example_dags/example_branch_python_dop_operator_3.py took 0.063 seconds
[2026-05-24T15:11:30.201+0000] {processor.py:161} INFO - Started process (PID=35854) to work on /home/varn1t/ml-pipeline/venv/lib/python3.11/site-packages/airflow/example_dags/example_branch_python_dop_operator_3.py
[2026-05-24T15:11:30.202+0000] {processor.py:830} INFO - Processing file /home/varn1t/ml-pipeline/venv/lib/python3.11/site-packages/airflow/example_dags/example_branch_python_dop_operator_3.py for tasks to queue
[2026-05-24T15:11:30.203+0000] {logging_mixin.py:188} INFO - [2026-05-24T15:11:30.202+0000] {dagbag.py:545} INFO - Filling up the DagBag from /home/varn1t/ml-pipeline/venv/lib/python3.11/site-packages/airflow/example_dags/example_branch_python_dop_operator_3.py
[2026-05-24T15:11:30.208+0000] {processor.py:840} INFO - DAG(s) 'example_branch_dop_operator_v3' retrieved from /home/varn1t/ml-pipeline/venv/lib/python3.11/site-packages/airflow/example_dags/example_branch_python_dop_operator_3.py
[2026-05-24T15:11:30.218+0000] {logging_mixin.py:188} INFO - [2026-05-24T15:11:30.218+0000] {dag.py:3096} INFO - Sync 1 DAGs
[2026-05-24T15:11:30.234+0000] {logging_mixin.py:188} INFO - [2026-05-24T15:11:30.234+0000] {dag.py:3954} INFO - Setting next_dagrun for example_branch_dop_operator_v3 to 2026-05-24 15:10:00+00:00, run_after=2026-05-24 15:11:00+00:00
[2026-05-24T15:11:30.249+0000] {processor.py:183} INFO - Processing /home/varn1t/ml-pipeline/venv/lib/python3.11/site-packages/airflow/example_dags/example_branch_python_dop_operator_3.py took 0.056 seconds
[2026-05-24T15:12:30.977+0000] {processor.py:161} INFO - Started process (PID=36119) to work on /home/varn1t/ml-pipeline/venv/lib/python3.11/site-packages/airflow/example_dags/example_branch_python_dop_operator_3.py
[2026-05-24T15:12:30.978+0000] {processor.py:830} INFO - Processing file /home/varn1t/ml-pipeline/venv/lib/python3.11/site-packages/airflow/example_dags/example_branch_python_dop_operator_3.py for tasks to queue
[2026-05-24T15:12:30.979+0000] {logging_mixin.py:188} INFO - [2026-05-24T15:12:30.979+0000] {dagbag.py:545} INFO - Filling up the DagBag from /home/varn1t/ml-pipeline/venv/lib/python3.11/site-packages/airflow/example_dags/example_branch_python_dop_operator_3.py
[2026-05-24T15:12:30.984+0000] {processor.py:840} INFO - DAG(s) 'example_branch_dop_operator_v3' retrieved from /home/varn1t/ml-pipeline/venv/lib/python3.11/site-packages/airflow/example_dags/example_branch_python_dop_operator_3.py
[2026-05-24T15:12:30.995+0000] {logging_mixin.py:188} INFO - [2026-05-24T15:12:30.995+0000] {dag.py:3096} INFO - Sync 1 DAGs
[2026-05-24T15:12:31.008+0000] {logging_mixin.py:188} INFO - [2026-05-24T15:12:31.008+0000] {dag.py:3954} INFO - Setting next_dagrun for example_branch_dop_operator_v3 to 2026-05-24 15:11:00+00:00, run_after=2026-05-24 15:12:00+00:00
[2026-05-24T15:12:31.021+0000] {processor.py:183} INFO - Processing /home/varn1t/ml-pipeline/venv/lib/python3.11/site-packages/airflow/example_dags/example_branch_python_dop_operator_3.py took 0.049 seconds
[2026-05-24T15:13:35.475+0000] {processor.py:161} INFO - Started process (PID=36457) to work on /home/varn1t/ml-pipeline/venv/lib/python3.11/site-packages/airflow/example_dags/example_branch_python_dop_operator_3.py
[2026-05-24T15:13:35.477+0000] {processor.py:830} INFO - Processing file /home/varn1t/ml-pipeline/venv/lib/python3.11/site-packages/airflow/example_dags/example_branch_python_dop_operator_3.py for tasks to queue
[2026-05-24T15:13:35.477+0000] {logging_mixin.py:188} INFO - [2026-05-24T15:13:35.477+0000] {dagbag.py:545} INFO - Filling up the DagBag from /home/varn1t/ml-pipeline/venv/lib/python3.11/site-packages/airflow/example_dags/example_branch_python_dop_operator_3.py
[2026-05-24T15:13:35.486+0000] {processor.py:840} INFO - DAG(s) 'example_branch_dop_operator_v3' retrieved from /home/varn1t/ml-pipeline/venv/lib/python3.11/site-packages/airflow/example_dags/example_branch_python_dop_operator_3.py
[2026-05-24T15:13:35.503+0000] {logging_mixin.py:188} INFO - [2026-05-24T15:13:35.503+0000] {dag.py:3096} INFO - Sync 1 DAGs
[2026-05-24T15:13:35.521+0000] {logging_mixin.py:188} INFO - [2026-05-24T15:13:35.521+0000] {dag.py:3954} INFO - Setting next_dagrun for example_branch_dop_operator_v3 to 2026-05-24 15:12:00+00:00, run_after=2026-05-24 15:13:00+00:00
[2026-05-24T15:13:35.538+0000] {processor.py:183} INFO - Processing /home/varn1t/ml-pipeline/venv/lib/python3.11/site-packages/airflow/example_dags/example_branch_python_dop_operator_3.py took 0.071 seconds
[2026-05-24T15:14:33.684+0000] {processor.py:161} INFO - Started process (PID=36708) to work on /home/varn1t/ml-pipeline/venv/lib/python3.11/site-packages/airflow/example_dags/example_branch_python_dop_operator_3.py
[2026-05-24T15:14:33.685+0000] {processor.py:830} INFO - Processing file /home/varn1t/ml-pipeline/venv/lib/python3.11/site-packages/airflow/example_dags/example_branch_python_dop_operator_3.py for tasks to queue
[2026-05-24T15:14:33.686+0000] {logging_mixin.py:188} INFO - [2026-05-24T15:14:33.685+0000] {dagbag.py:545} INFO - Filling up the DagBag from /home/varn1t/ml-pipeline/venv/lib/python3.11/site-packages/airflow/example_dags/example_branch_python_dop_operator_3.py
[2026-05-24T15:14:33.692+0000] {processor.py:840} INFO - DAG(s) 'example_branch_dop_operator_v3' retrieved from /home/varn1t/ml-pipeline/venv/lib/python3.11/site-packages/airflow/example_dags/example_branch_python_dop_operator_3.py
[2026-05-24T15:14:33.703+0000] {logging_mixin.py:188} INFO - [2026-05-24T15:14:33.703+0000] {dag.py:3096} INFO - Sync 1 DAGs
[2026-05-24T15:14:33.718+0000] {logging_mixin.py:188} INFO - [2026-05-24T15:14:33.718+0000] {dag.py:3954} INFO - Setting next_dagrun for example_branch_dop_operator_v3 to 2026-05-24 15:13:00+00:00, run_after=2026-05-24 15:14:00+00:00
[2026-05-24T15:14:33.733+0000] {processor.py:183} INFO - Processing /home/varn1t/ml-pipeline/venv/lib/python3.11/site-packages/airflow/example_dags/example_branch_python_dop_operator_3.py took 0.055 seconds
[2026-05-24T15:15:34.055+0000] {processor.py:161} INFO - Started process (PID=36979) to work on /home/varn1t/ml-pipeline/venv/lib/python3.11/site-packages/airflow/example_dags/example_branch_python_dop_operator_3.py
[2026-05-24T15:15:34.056+0000] {processor.py:830} INFO - Processing file /home/varn1t/ml-pipeline/venv/lib/python3.11/site-packages/airflow/example_dags/example_branch_python_dop_operator_3.py for tasks to queue
[2026-05-24T15:15:34.056+0000] {logging_mixin.py:188} INFO - [2026-05-24T15:15:34.056+0000] {dagbag.py:545} INFO - Filling up the DagBag from /home/varn1t/ml-pipeline/venv/lib/python3.11/site-packages/airflow/example_dags/example_branch_python_dop_operator_3.py
[2026-05-24T15:15:34.062+0000] {processor.py:840} INFO - DAG(s) 'example_branch_dop_operator_v3' retrieved from /home/varn1t/ml-pipeline/venv/lib/python3.11/site-packages/airflow/example_dags/example_branch_python_dop_operator_3.py
[2026-05-24T15:15:34.075+0000] {logging_mixin.py:188} INFO - [2026-05-24T15:15:34.075+0000] {dag.py:3096} INFO - Sync 1 DAGs
[2026-05-24T15:15:34.092+0000] {logging_mixin.py:188} INFO - [2026-05-24T15:15:34.092+0000] {dag.py:3954} INFO - Setting next_dagrun for example_branch_dop_operator_v3 to 2026-05-24 15:14:00+00:00, run_after=2026-05-24 15:15:00+00:00
[2026-05-24T15:15:34.109+0000] {processor.py:183} INFO - Processing /home/varn1t/ml-pipeline/venv/lib/python3.11/site-packages/airflow/example_dags/example_branch_python_dop_operator_3.py took 0.060 seconds
[2026-05-24T15:16:32.377+0000] {processor.py:161} INFO - Started process (PID=37241) to work on /home/varn1t/ml-pipeline/venv/lib/python3.11/site-packages/airflow/example_dags/example_branch_python_dop_operator_3.py
[2026-05-24T15:16:32.378+0000] {processor.py:830} INFO - Processing file /home/varn1t/ml-pipeline/venv/lib/python3.11/site-packages/airflow/example_dags/example_branch_python_dop_operator_3.py for tasks to queue
[2026-05-24T15:16:32.378+0000] {logging_mixin.py:188} INFO - [2026-05-24T15:16:32.378+0000] {dagbag.py:545} INFO - Filling up the DagBag from /home/varn1t/ml-pipeline/venv/lib/python3.11/site-packages/airflow/example_dags/example_branch_python_dop_operator_3.py
[2026-05-24T15:16:32.384+0000] {processor.py:840} INFO - DAG(s) 'example_branch_dop_operator_v3' retrieved from /home/varn1t/ml-pipeline/venv/lib/python3.11/site-packages/airflow/example_dags/example_branch_python_dop_operator_3.py
[2026-05-24T15:16:32.395+0000] {logging_mixin.py:188} INFO - [2026-05-24T15:16:32.395+0000] {dag.py:3096} INFO - Sync 1 DAGs
[2026-05-24T15:16:32.411+0000] {logging_mixin.py:188} INFO - [2026-05-24T15:16:32.410+0000] {dag.py:3954} INFO - Setting next_dagrun for example_branch_dop_operator_v3 to 2026-05-24 15:15:00+00:00, run_after=2026-05-24 15:16:00+00:00
[2026-05-24T15:16:32.427+0000] {processor.py:183} INFO - Processing /home/varn1t/ml-pipeline/venv/lib/python3.11/site-packages/airflow/example_dags/example_branch_python_dop_operator_3.py took 0.057 seconds
[2026-05-24T15:17:31.729+0000] {processor.py:161} INFO - Started process (PID=37647) to work on /home/varn1t/ml-pipeline/venv/lib/python3.11/site-packages/airflow/example_dags/example_branch_python_dop_operator_3.py
[2026-05-24T15:17:31.730+0000] {processor.py:830} INFO - Processing file /home/varn1t/ml-pipeline/venv/lib/python3.11/site-packages/airflow/example_dags/example_branch_python_dop_operator_3.py for tasks to queue
[2026-05-24T15:17:31.730+0000] {logging_mixin.py:188} INFO - [2026-05-24T15:17:31.730+0000] {dagbag.py:545} INFO - Filling up the DagBag from /home/varn1t/ml-pipeline/venv/lib/python3.11/site-packages/airflow/example_dags/example_branch_python_dop_operator_3.py
[2026-05-24T15:17:31.736+0000] {processor.py:840} INFO - DAG(s) 'example_branch_dop_operator_v3' retrieved from /home/varn1t/ml-pipeline/venv/lib/python3.11/site-packages/airflow/example_dags/example_branch_python_dop_operator_3.py
[2026-05-24T15:17:31.749+0000] {logging_mixin.py:188} INFO - [2026-05-24T15:17:31.749+0000] {dag.py:3096} INFO - Sync 1 DAGs
[2026-05-24T15:17:31.767+0000] {logging_mixin.py:188} INFO - [2026-05-24T15:17:31.767+0000] {dag.py:3954} INFO - Setting next_dagrun for example_branch_dop_operator_v3 to 2026-05-24 15:16:00+00:00, run_after=2026-05-24 15:17:00+00:00
[2026-05-24T15:17:31.782+0000] {processor.py:183} INFO - Processing /home/varn1t/ml-pipeline/venv/lib/python3.11/site-packages/airflow/example_dags/example_branch_python_dop_operator_3.py took 0.059 seconds
[2026-05-24T15:18:30.367+0000] {processor.py:161} INFO - Started process (PID=38165) to work on /home/varn1t/ml-pipeline/venv/lib/python3.11/site-packages/airflow/example_dags/example_branch_python_dop_operator_3.py
[2026-05-24T15:18:30.368+0000] {processor.py:830} INFO - Processing file /home/varn1t/ml-pipeline/venv/lib/python3.11/site-packages/airflow/example_dags/example_branch_python_dop_operator_3.py for tasks to queue
[2026-05-24T15:18:30.368+0000] {logging_mixin.py:188} INFO - [2026-05-24T15:18:30.368+0000] {dagbag.py:545} INFO - Filling up the DagBag from /home/varn1t/ml-pipeline/venv/lib/python3.11/site-packages/airflow/example_dags/example_branch_python_dop_operator_3.py
[2026-05-24T15:18:30.374+0000] {processor.py:840} INFO - DAG(s) 'example_branch_dop_operator_v3' retrieved from /home/varn1t/ml-pipeline/venv/lib/python3.11/site-packages/airflow/example_dags/example_branch_python_dop_operator_3.py
[2026-05-24T15:18:30.384+0000] {logging_mixin.py:188} INFO - [2026-05-24T15:18:30.384+0000] {dag.py:3096} INFO - Sync 1 DAGs
[2026-05-24T15:18:30.397+0000] {logging_mixin.py:188} INFO - [2026-05-24T15:18:30.397+0000] {dag.py:3954} INFO - Setting next_dagrun for example_branch_dop_operator_v3 to 2026-05-24 15:17:00+00:00, run_after=2026-05-24 15:18:00+00:00
[2026-05-24T15:18:30.411+0000] {processor.py:183} INFO - Processing /home/varn1t/ml-pipeline/venv/lib/python3.11/site-packages/airflow/example_dags/example_branch_python_dop_operator_3.py took 0.051 seconds
[2026-05-24T15:19:31.944+0000] {processor.py:161} INFO - Started process (PID=38788) to work on /home/varn1t/ml-pipeline/venv/lib/python3.11/site-packages/airflow/example_dags/example_branch_python_dop_operator_3.py
[2026-05-24T15:19:31.945+0000] {processor.py:830} INFO - Processing file /home/varn1t/ml-pipeline/venv/lib/python3.11/site-packages/airflow/example_dags/example_branch_python_dop_operator_3.py for tasks to queue
[2026-05-24T15:19:31.945+0000] {logging_mixin.py:188} INFO - [2026-05-24T15:19:31.945+0000] {dagbag.py:545} INFO - Filling up the DagBag from /home/varn1t/ml-pipeline/venv/lib/python3.11/site-packages/airflow/example_dags/example_branch_python_dop_operator_3.py
[2026-05-24T15:19:31.951+0000] {processor.py:840} INFO - DAG(s) 'example_branch_dop_operator_v3' retrieved from /home/varn1t/ml-pipeline/venv/lib/python3.11/site-packages/airflow/example_dags/example_branch_python_dop_operator_3.py
[2026-05-24T15:19:31.961+0000] {logging_mixin.py:188} INFO - [2026-05-24T15:19:31.961+0000] {dag.py:3096} INFO - Sync 1 DAGs
[2026-05-24T15:19:31.975+0000] {logging_mixin.py:188} INFO - [2026-05-24T15:19:31.975+0000] {dag.py:3954} INFO - Setting next_dagrun for example_branch_dop_operator_v3 to 2026-05-24 15:18:00+00:00, run_after=2026-05-24 15:19:00+00:00
[2026-05-24T15:19:31.989+0000] {processor.py:183} INFO - Processing /home/varn1t/ml-pipeline/venv/lib/python3.11/site-packages/airflow/example_dags/example_branch_python_dop_operator_3.py took 0.050 seconds
[2026-05-24T15:20:34.706+0000] {processor.py:161} INFO - Started process (PID=39058) to work on /home/varn1t/ml-pipeline/venv/lib/python3.11/site-packages/airflow/example_dags/example_branch_python_dop_operator_3.py
[2026-05-24T15:20:34.706+0000] {processor.py:830} INFO - Processing file /home/varn1t/ml-pipeline/venv/lib/python3.11/site-packages/airflow/example_dags/example_branch_python_dop_operator_3.py for tasks to queue
[2026-05-24T15:20:34.707+0000] {logging_mixin.py:188} INFO - [2026-05-24T15:20:34.707+0000] {dagbag.py:545} INFO - Filling up the DagBag from /home/varn1t/ml-pipeline/venv/lib/python3.11/site-packages/airflow/example_dags/example_branch_python_dop_operator_3.py
[2026-05-24T15:20:34.713+0000] {processor.py:840} INFO - DAG(s) 'example_branch_dop_operator_v3' retrieved from /home/varn1t/ml-pipeline/venv/lib/python3.11/site-packages/airflow/example_dags/example_branch_python_dop_operator_3.py
[2026-05-24T15:20:34.724+0000] {logging_mixin.py:188} INFO - [2026-05-24T15:20:34.724+0000] {dag.py:3096} INFO - Sync 1 DAGs
[2026-05-24T15:20:34.738+0000] {logging_mixin.py:188} INFO - [2026-05-24T15:20:34.738+0000] {dag.py:3954} INFO - Setting next_dagrun for example_branch_dop_operator_v3 to 2026-05-24 15:19:00+00:00, run_after=2026-05-24 15:20:00+00:00
[2026-05-24T15:20:34.754+0000] {processor.py:183} INFO - Processing /home/varn1t/ml-pipeline/venv/lib/python3.11/site-packages/airflow/example_dags/example_branch_python_dop_operator_3.py took 0.055 seconds
[2026-05-24T15:21:36.714+0000] {processor.py:161} INFO - Started process (PID=39344) to work on /home/varn1t/ml-pipeline/venv/lib/python3.11/site-packages/airflow/example_dags/example_branch_python_dop_operator_3.py
[2026-05-24T15:21:36.714+0000] {processor.py:830} INFO - Processing file /home/varn1t/ml-pipeline/venv/lib/python3.11/site-packages/airflow/example_dags/example_branch_python_dop_operator_3.py for tasks to queue
[2026-05-24T15:21:36.715+0000] {logging_mixin.py:188} INFO - [2026-05-24T15:21:36.715+0000] {dagbag.py:545} INFO - Filling up the DagBag from /home/varn1t/ml-pipeline/venv/lib/python3.11/site-packages/airflow/example_dags/example_branch_python_dop_operator_3.py
[2026-05-24T15:21:36.721+0000] {processor.py:840} INFO - DAG(s) 'example_branch_dop_operator_v3' retrieved from /home/varn1t/ml-pipeline/venv/lib/python3.11/site-packages/airflow/example_dags/example_branch_python_dop_operator_3.py
[2026-05-24T15:21:36.732+0000] {logging_mixin.py:188} INFO - [2026-05-24T15:21:36.732+0000] {dag.py:3096} INFO - Sync 1 DAGs
[2026-05-24T15:21:36.747+0000] {logging_mixin.py:188} INFO - [2026-05-24T15:21:36.747+0000] {dag.py:3954} INFO - Setting next_dagrun for example_branch_dop_operator_v3 to 2026-05-24 15:20:00+00:00, run_after=2026-05-24 15:21:00+00:00
[2026-05-24T15:21:36.763+0000] {processor.py:183} INFO - Processing /home/varn1t/ml-pipeline/venv/lib/python3.11/site-packages/airflow/example_dags/example_branch_python_dop_operator_3.py took 0.056 seconds
[2026-05-24T15:22:36.148+0000] {processor.py:161} INFO - Started process (PID=39851) to work on /home/varn1t/ml-pipeline/venv/lib/python3.11/site-packages/airflow/example_dags/example_branch_python_dop_operator_3.py
[2026-05-24T15:22:36.149+0000] {processor.py:830} INFO - Processing file /home/varn1t/ml-pipeline/venv/lib/python3.11/site-packages/airflow/example_dags/example_branch_python_dop_operator_3.py for tasks to queue
[2026-05-24T15:22:36.150+0000] {logging_mixin.py:188} INFO - [2026-05-24T15:22:36.149+0000] {dagbag.py:545} INFO - Filling up the DagBag from /home/varn1t/ml-pipeline/venv/lib/python3.11/site-packages/airflow/example_dags/example_branch_python_dop_operator_3.py
[2026-05-24T15:22:36.158+0000] {processor.py:840} INFO - DAG(s) 'example_branch_dop_operator_v3' retrieved from /home/varn1t/ml-pipeline/venv/lib/python3.11/site-packages/airflow/example_dags/example_branch_python_dop_operator_3.py
[2026-05-24T15:22:36.173+0000] {logging_mixin.py:188} INFO - [2026-05-24T15:22:36.173+0000] {dag.py:3096} INFO - Sync 1 DAGs
[2026-05-24T15:22:36.188+0000] {logging_mixin.py:188} INFO - [2026-05-24T15:22:36.187+0000] {dag.py:3954} INFO - Setting next_dagrun for example_branch_dop_operator_v3 to 2026-05-24 15:21:00+00:00, run_after=2026-05-24 15:22:00+00:00
[2026-05-24T15:22:36.203+0000] {processor.py:183} INFO - Processing /home/varn1t/ml-pipeline/venv/lib/python3.11/site-packages/airflow/example_dags/example_branch_python_dop_operator_3.py took 0.061 seconds
[2026-05-24T15:23:39.881+0000] {processor.py:161} INFO - Started process (PID=40406) to work on /home/varn1t/ml-pipeline/venv/lib/python3.11/site-packages/airflow/example_dags/example_branch_python_dop_operator_3.py
[2026-05-24T15:23:39.882+0000] {processor.py:830} INFO - Processing file /home/varn1t/ml-pipeline/venv/lib/python3.11/site-packages/airflow/example_dags/example_branch_python_dop_operator_3.py for tasks to queue
[2026-05-24T15:23:39.882+0000] {logging_mixin.py:188} INFO - [2026-05-24T15:23:39.882+0000] {dagbag.py:545} INFO - Filling up the DagBag from /home/varn1t/ml-pipeline/venv/lib/python3.11/site-packages/airflow/example_dags/example_branch_python_dop_operator_3.py
[2026-05-24T15:23:39.888+0000] {processor.py:840} INFO - DAG(s) 'example_branch_dop_operator_v3' retrieved from /home/varn1t/ml-pipeline/venv/lib/python3.11/site-packages/airflow/example_dags/example_branch_python_dop_operator_3.py
[2026-05-24T15:23:39.899+0000] {logging_mixin.py:188} INFO - [2026-05-24T15:23:39.899+0000] {dag.py:3096} INFO - Sync 1 DAGs
[2026-05-24T15:23:39.912+0000] {logging_mixin.py:188} INFO - [2026-05-24T15:23:39.912+0000] {dag.py:3954} INFO - Setting next_dagrun for example_branch_dop_operator_v3 to 2026-05-24 15:22:00+00:00, run_after=2026-05-24 15:23:00+00:00
[2026-05-24T15:23:39.928+0000] {processor.py:183} INFO - Processing /home/varn1t/ml-pipeline/venv/lib/python3.11/site-packages/airflow/example_dags/example_branch_python_dop_operator_3.py took 0.055 seconds
[2026-05-24T15:24:43.199+0000] {processor.py:161} INFO - Started process (PID=40774) to work on /home/varn1t/ml-pipeline/venv/lib/python3.11/site-packages/airflow/example_dags/example_branch_python_dop_operator_3.py
[2026-05-24T15:24:43.200+0000] {processor.py:830} INFO - Processing file /home/varn1t/ml-pipeline/venv/lib/python3.11/site-packages/airflow/example_dags/example_branch_python_dop_operator_3.py for tasks to queue
[2026-05-24T15:24:43.201+0000] {logging_mixin.py:188} INFO - [2026-05-24T15:24:43.200+0000] {dagbag.py:545} INFO - Filling up the DagBag from /home/varn1t/ml-pipeline/venv/lib/python3.11/site-packages/airflow/example_dags/example_branch_python_dop_operator_3.py
[2026-05-24T15:24:43.207+0000] {processor.py:840} INFO - DAG(s) 'example_branch_dop_operator_v3' retrieved from /home/varn1t/ml-pipeline/venv/lib/python3.11/site-packages/airflow/example_dags/example_branch_python_dop_operator_3.py
[2026-05-24T15:24:43.218+0000] {logging_mixin.py:188} INFO - [2026-05-24T15:24:43.218+0000] {dag.py:3096} INFO - Sync 1 DAGs
[2026-05-24T15:24:43.235+0000] {logging_mixin.py:188} INFO - [2026-05-24T15:24:43.235+0000] {dag.py:3954} INFO - Setting next_dagrun for example_branch_dop_operator_v3 to 2026-05-24 15:23:00+00:00, run_after=2026-05-24 15:24:00+00:00
[2026-05-24T15:24:43.251+0000] {processor.py:183} INFO - Processing /home/varn1t/ml-pipeline/venv/lib/python3.11/site-packages/airflow/example_dags/example_branch_python_dop_operator_3.py took 0.059 seconds
[2026-05-24T15:26:20.789+0000] {processor.py:161} INFO - Started process (PID=42438) to work on /home/varn1t/ml-pipeline/venv/lib/python3.11/site-packages/airflow/example_dags/example_branch_python_dop_operator_3.py
[2026-05-24T15:26:20.789+0000] {processor.py:830} INFO - Processing file /home/varn1t/ml-pipeline/venv/lib/python3.11/site-packages/airflow/example_dags/example_branch_python_dop_operator_3.py for tasks to queue
[2026-05-24T15:26:20.790+0000] {logging_mixin.py:188} INFO - [2026-05-24T15:26:20.790+0000] {dagbag.py:545} INFO - Filling up the DagBag from /home/varn1t/ml-pipeline/venv/lib/python3.11/site-packages/airflow/example_dags/example_branch_python_dop_operator_3.py
[2026-05-24T15:26:20.796+0000] {processor.py:840} INFO - DAG(s) 'example_branch_dop_operator_v3' retrieved from /home/varn1t/ml-pipeline/venv/lib/python3.11/site-packages/airflow/example_dags/example_branch_python_dop_operator_3.py
[2026-05-24T15:26:20.808+0000] {logging_mixin.py:188} INFO - [2026-05-24T15:26:20.807+0000] {dag.py:3096} INFO - Sync 1 DAGs
[2026-05-24T15:26:20.822+0000] {logging_mixin.py:188} INFO - [2026-05-24T15:26:20.822+0000] {dag.py:3954} INFO - Setting next_dagrun for example_branch_dop_operator_v3 to 2026-05-24 15:25:00+00:00, run_after=2026-05-24 15:26:00+00:00
[2026-05-24T15:26:20.838+0000] {processor.py:183} INFO - Processing /home/varn1t/ml-pipeline/venv/lib/python3.11/site-packages/airflow/example_dags/example_branch_python_dop_operator_3.py took 0.055 seconds
[2026-05-24T15:27:24.591+0000] {processor.py:161} INFO - Started process (PID=42833) to work on /home/varn1t/ml-pipeline/venv/lib/python3.11/site-packages/airflow/example_dags/example_branch_python_dop_operator_3.py
[2026-05-24T15:27:24.592+0000] {processor.py:830} INFO - Processing file /home/varn1t/ml-pipeline/venv/lib/python3.11/site-packages/airflow/example_dags/example_branch_python_dop_operator_3.py for tasks to queue
[2026-05-24T15:27:24.592+0000] {logging_mixin.py:188} INFO - [2026-05-24T15:27:24.592+0000] {dagbag.py:545} INFO - Filling up the DagBag from /home/varn1t/ml-pipeline/venv/lib/python3.11/site-packages/airflow/example_dags/example_branch_python_dop_operator_3.py
[2026-05-24T15:27:24.598+0000] {processor.py:840} INFO - DAG(s) 'example_branch_dop_operator_v3' retrieved from /home/varn1t/ml-pipeline/venv/lib/python3.11/site-packages/airflow/example_dags/example_branch_python_dop_operator_3.py
[2026-05-24T15:27:24.613+0000] {logging_mixin.py:188} INFO - [2026-05-24T15:27:24.613+0000] {dag.py:3096} INFO - Sync 1 DAGs
[2026-05-24T15:27:24.628+0000] {logging_mixin.py:188} INFO - [2026-05-24T15:27:24.628+0000] {dag.py:3954} INFO - Setting next_dagrun for example_branch_dop_operator_v3 to 2026-05-24 15:26:00+00:00, run_after=2026-05-24 15:27:00+00:00
[2026-05-24T15:27:24.643+0000] {processor.py:183} INFO - Processing /home/varn1t/ml-pipeline/venv/lib/python3.11/site-packages/airflow/example_dags/example_branch_python_dop_operator_3.py took 0.058 seconds
[2026-05-24T15:28:58.792+0000] {processor.py:161} INFO - Started process (PID=43670) to work on /home/varn1t/ml-pipeline/venv/lib/python3.11/site-packages/airflow/example_dags/example_branch_python_dop_operator_3.py
[2026-05-24T15:28:58.793+0000] {processor.py:830} INFO - Processing file /home/varn1t/ml-pipeline/venv/lib/python3.11/site-packages/airflow/example_dags/example_branch_python_dop_operator_3.py for tasks to queue
[2026-05-24T15:28:58.794+0000] {logging_mixin.py:188} INFO - [2026-05-24T15:28:58.794+0000] {dagbag.py:545} INFO - Filling up the DagBag from /home/varn1t/ml-pipeline/venv/lib/python3.11/site-packages/airflow/example_dags/example_branch_python_dop_operator_3.py
[2026-05-24T15:28:58.801+0000] {processor.py:840} INFO - DAG(s) 'example_branch_dop_operator_v3' retrieved from /home/varn1t/ml-pipeline/venv/lib/python3.11/site-packages/airflow/example_dags/example_branch_python_dop_operator_3.py
[2026-05-24T15:28:58.813+0000] {logging_mixin.py:188} INFO - [2026-05-24T15:28:58.813+0000] {dag.py:3096} INFO - Sync 1 DAGs
[2026-05-24T15:28:58.825+0000] {logging_mixin.py:188} INFO - [2026-05-24T15:28:58.825+0000] {dag.py:3954} INFO - Setting next_dagrun for example_branch_dop_operator_v3 to 2026-05-24 15:27:00+00:00, run_after=2026-05-24 15:28:00+00:00
[2026-05-24T15:28:58.838+0000] {processor.py:183} INFO - Processing /home/varn1t/ml-pipeline/venv/lib/python3.11/site-packages/airflow/example_dags/example_branch_python_dop_operator_3.py took 0.053 seconds
[2026-05-24T15:30:02.686+0000] {processor.py:161} INFO - Started process (PID=44084) to work on /home/varn1t/ml-pipeline/venv/lib/python3.11/site-packages/airflow/example_dags/example_branch_python_dop_operator_3.py
[2026-05-24T15:30:02.687+0000] {processor.py:830} INFO - Processing file /home/varn1t/ml-pipeline/venv/lib/python3.11/site-packages/airflow/example_dags/example_branch_python_dop_operator_3.py for tasks to queue
[2026-05-24T15:30:02.687+0000] {logging_mixin.py:188} INFO - [2026-05-24T15:30:02.687+0000] {dagbag.py:545} INFO - Filling up the DagBag from /home/varn1t/ml-pipeline/venv/lib/python3.11/site-packages/airflow/example_dags/example_branch_python_dop_operator_3.py
[2026-05-24T15:30:02.692+0000] {processor.py:840} INFO - DAG(s) 'example_branch_dop_operator_v3' retrieved from /home/varn1t/ml-pipeline/venv/lib/python3.11/site-packages/airflow/example_dags/example_branch_python_dop_operator_3.py
[2026-05-24T15:30:02.702+0000] {logging_mixin.py:188} INFO - [2026-05-24T15:30:02.702+0000] {dag.py:3096} INFO - Sync 1 DAGs
[2026-05-24T15:30:02.718+0000] {logging_mixin.py:188} INFO - [2026-05-24T15:30:02.718+0000] {dag.py:3954} INFO - Setting next_dagrun for example_branch_dop_operator_v3 to 2026-05-24 15:29:00+00:00, run_after=2026-05-24 15:30:00+00:00
[2026-05-24T15:30:02.733+0000] {processor.py:183} INFO - Processing /home/varn1t/ml-pipeline/venv/lib/python3.11/site-packages/airflow/example_dags/example_branch_python_dop_operator_3.py took 0.053 seconds
[2026-05-24T15:30:53.831+0000] {processor.py:161} INFO - Started process (PID=44685) to work on /home/varn1t/ml-pipeline/venv/lib/python3.11/site-packages/airflow/example_dags/example_branch_python_dop_operator_3.py
[2026-05-24T15:30:53.832+0000] {processor.py:830} INFO - Processing file /home/varn1t/ml-pipeline/venv/lib/python3.11/site-packages/airflow/example_dags/example_branch_python_dop_operator_3.py for tasks to queue
[2026-05-24T15:30:53.832+0000] {logging_mixin.py:188} INFO - [2026-05-24T15:30:53.832+0000] {dagbag.py:545} INFO - Filling up the DagBag from /home/varn1t/ml-pipeline/venv/lib/python3.11/site-packages/airflow/example_dags/example_branch_python_dop_operator_3.py
[2026-05-24T15:30:53.838+0000] {processor.py:840} INFO - DAG(s) 'example_branch_dop_operator_v3' retrieved from /home/varn1t/ml-pipeline/venv/lib/python3.11/site-packages/airflow/example_dags/example_branch_python_dop_operator_3.py
[2026-05-24T15:30:53.850+0000] {logging_mixin.py:188} INFO - [2026-05-24T15:30:53.849+0000] {dag.py:3096} INFO - Sync 1 DAGs
[2026-05-24T15:30:53.864+0000] {logging_mixin.py:188} INFO - [2026-05-24T15:30:53.864+0000] {dag.py:3954} INFO - Setting next_dagrun for example_branch_dop_operator_v3 to 2026-05-24 15:29:00+00:00, run_after=2026-05-24 15:30:00+00:00
[2026-05-24T15:30:53.883+0000] {processor.py:183} INFO - Processing /home/varn1t/ml-pipeline/venv/lib/python3.11/site-packages/airflow/example_dags/example_branch_python_dop_operator_3.py took 0.057 seconds
[2026-05-24T15:31:43.879+0000] {processor.py:161} INFO - Started process (PID=45220) to work on /home/varn1t/ml-pipeline/venv/lib/python3.11/site-packages/airflow/example_dags/example_branch_python_dop_operator_3.py
[2026-05-24T15:31:43.880+0000] {processor.py:830} INFO - Processing file /home/varn1t/ml-pipeline/venv/lib/python3.11/site-packages/airflow/example_dags/example_branch_python_dop_operator_3.py for tasks to queue
[2026-05-24T15:31:43.881+0000] {logging_mixin.py:188} INFO - [2026-05-24T15:31:43.881+0000] {dagbag.py:545} INFO - Filling up the DagBag from /home/varn1t/ml-pipeline/venv/lib/python3.11/site-packages/airflow/example_dags/example_branch_python_dop_operator_3.py
[2026-05-24T15:31:43.887+0000] {processor.py:840} INFO - DAG(s) 'example_branch_dop_operator_v3' retrieved from /home/varn1t/ml-pipeline/venv/lib/python3.11/site-packages/airflow/example_dags/example_branch_python_dop_operator_3.py
[2026-05-24T15:31:43.899+0000] {logging_mixin.py:188} INFO - [2026-05-24T15:31:43.899+0000] {dag.py:3096} INFO - Sync 1 DAGs
[2026-05-24T15:31:43.914+0000] {logging_mixin.py:188} INFO - [2026-05-24T15:31:43.914+0000] {dag.py:3954} INFO - Setting next_dagrun for example_branch_dop_operator_v3 to 2026-05-24 15:30:00+00:00, run_after=2026-05-24 15:31:00+00:00
[2026-05-24T15:31:43.933+0000] {processor.py:183} INFO - Processing /home/varn1t/ml-pipeline/venv/lib/python3.11/site-packages/airflow/example_dags/example_branch_python_dop_operator_3.py took 0.060 seconds
[2026-05-24T15:32:47.670+0000] {processor.py:161} INFO - Started process (PID=45713) to work on /home/varn1t/ml-pipeline/venv/lib/python3.11/site-packages/airflow/example_dags/example_branch_python_dop_operator_3.py
[2026-05-24T15:32:47.671+0000] {processor.py:830} INFO - Processing file /home/varn1t/ml-pipeline/venv/lib/python3.11/site-packages/airflow/example_dags/example_branch_python_dop_operator_3.py for tasks to queue
[2026-05-24T15:32:47.671+0000] {logging_mixin.py:188} INFO - [2026-05-24T15:32:47.671+0000] {dagbag.py:545} INFO - Filling up the DagBag from /home/varn1t/ml-pipeline/venv/lib/python3.11/site-packages/airflow/example_dags/example_branch_python_dop_operator_3.py
[2026-05-24T15:32:47.679+0000] {processor.py:840} INFO - DAG(s) 'example_branch_dop_operator_v3' retrieved from /home/varn1t/ml-pipeline/venv/lib/python3.11/site-packages/airflow/example_dags/example_branch_python_dop_operator_3.py
[2026-05-24T15:32:47.690+0000] {logging_mixin.py:188} INFO - [2026-05-24T15:32:47.690+0000] {dag.py:3096} INFO - Sync 1 DAGs
[2026-05-24T15:32:47.705+0000] {logging_mixin.py:188} INFO - [2026-05-24T15:32:47.704+0000] {dag.py:3954} INFO - Setting next_dagrun for example_branch_dop_operator_v3 to 2026-05-24 15:31:00+00:00, run_after=2026-05-24 15:32:00+00:00
[2026-05-24T15:32:47.719+0000] {processor.py:183} INFO - Processing /home/varn1t/ml-pipeline/venv/lib/python3.11/site-packages/airflow/example_dags/example_branch_python_dop_operator_3.py took 0.055 seconds
[2026-05-24T15:33:54.362+0000] {processor.py:161} INFO - Started process (PID=46024) to work on /home/varn1t/ml-pipeline/venv/lib/python3.11/site-packages/airflow/example_dags/example_branch_python_dop_operator_3.py
[2026-05-24T15:33:54.363+0000] {processor.py:830} INFO - Processing file /home/varn1t/ml-pipeline/venv/lib/python3.11/site-packages/airflow/example_dags/example_branch_python_dop_operator_3.py for tasks to queue
[2026-05-24T15:33:54.363+0000] {logging_mixin.py:188} INFO - [2026-05-24T15:33:54.363+0000] {dagbag.py:545} INFO - Filling up the DagBag from /home/varn1t/ml-pipeline/venv/lib/python3.11/site-packages/airflow/example_dags/example_branch_python_dop_operator_3.py
[2026-05-24T15:33:54.370+0000] {processor.py:840} INFO - DAG(s) 'example_branch_dop_operator_v3' retrieved from /home/varn1t/ml-pipeline/venv/lib/python3.11/site-packages/airflow/example_dags/example_branch_python_dop_operator_3.py
[2026-05-24T15:33:54.383+0000] {logging_mixin.py:188} INFO - [2026-05-24T15:33:54.383+0000] {dag.py:3096} INFO - Sync 1 DAGs
[2026-05-24T15:33:54.399+0000] {logging_mixin.py:188} INFO - [2026-05-24T15:33:54.399+0000] {dag.py:3954} INFO - Setting next_dagrun for example_branch_dop_operator_v3 to 2026-05-24 15:32:00+00:00, run_after=2026-05-24 15:33:00+00:00
[2026-05-24T15:33:54.418+0000] {processor.py:183} INFO - Processing /home/varn1t/ml-pipeline/venv/lib/python3.11/site-packages/airflow/example_dags/example_branch_python_dop_operator_3.py took 0.064 seconds
[2026-05-24T15:34:56.517+0000] {processor.py:161} INFO - Started process (PID=46347) to work on /home/varn1t/ml-pipeline/venv/lib/python3.11/site-packages/airflow/example_dags/example_branch_python_dop_operator_3.py
[2026-05-24T15:34:56.518+0000] {processor.py:830} INFO - Processing file /home/varn1t/ml-pipeline/venv/lib/python3.11/site-packages/airflow/example_dags/example_branch_python_dop_operator_3.py for tasks to queue
[2026-05-24T15:34:56.519+0000] {logging_mixin.py:188} INFO - [2026-05-24T15:34:56.518+0000] {dagbag.py:545} INFO - Filling up the DagBag from /home/varn1t/ml-pipeline/venv/lib/python3.11/site-packages/airflow/example_dags/example_branch_python_dop_operator_3.py
[2026-05-24T15:34:56.525+0000] {processor.py:840} INFO - DAG(s) 'example_branch_dop_operator_v3' retrieved from /home/varn1t/ml-pipeline/venv/lib/python3.11/site-packages/airflow/example_dags/example_branch_python_dop_operator_3.py
[2026-05-24T15:34:56.536+0000] {logging_mixin.py:188} INFO - [2026-05-24T15:34:56.536+0000] {dag.py:3096} INFO - Sync 1 DAGs
[2026-05-24T15:34:56.550+0000] {logging_mixin.py:188} INFO - [2026-05-24T15:34:56.550+0000] {dag.py:3954} INFO - Setting next_dagrun for example_branch_dop_operator_v3 to 2026-05-24 15:33:00+00:00, run_after=2026-05-24 15:34:00+00:00
[2026-05-24T15:34:56.566+0000] {processor.py:183} INFO - Processing /home/varn1t/ml-pipeline/venv/lib/python3.11/site-packages/airflow/example_dags/example_branch_python_dop_operator_3.py took 0.055 seconds
[2026-05-24T15:42:08.331+0000] {processor.py:161} INFO - Started process (PID=2356) to work on /home/varn1t/ml-pipeline/venv/lib/python3.11/site-packages/airflow/example_dags/example_branch_python_dop_operator_3.py
[2026-05-24T15:42:08.332+0000] {processor.py:830} INFO - Processing file /home/varn1t/ml-pipeline/venv/lib/python3.11/site-packages/airflow/example_dags/example_branch_python_dop_operator_3.py for tasks to queue
[2026-05-24T15:42:08.334+0000] {logging_mixin.py:188} INFO - [2026-05-24T15:42:08.333+0000] {dagbag.py:545} INFO - Filling up the DagBag from /home/varn1t/ml-pipeline/venv/lib/python3.11/site-packages/airflow/example_dags/example_branch_python_dop_operator_3.py
[2026-05-24T15:42:08.342+0000] {processor.py:840} INFO - DAG(s) 'example_branch_dop_operator_v3' retrieved from /home/varn1t/ml-pipeline/venv/lib/python3.11/site-packages/airflow/example_dags/example_branch_python_dop_operator_3.py
[2026-05-24T15:42:08.356+0000] {logging_mixin.py:188} INFO - [2026-05-24T15:42:08.355+0000] {dag.py:3096} INFO - Sync 1 DAGs
[2026-05-24T15:42:08.378+0000] {logging_mixin.py:188} INFO - [2026-05-24T15:42:08.378+0000] {dag.py:3954} INFO - Setting next_dagrun for example_branch_dop_operator_v3 to 2026-05-24 15:41:00+00:00, run_after=2026-05-24 15:42:00+00:00
[2026-05-24T15:42:08.402+0000] {processor.py:183} INFO - Processing /home/varn1t/ml-pipeline/venv/lib/python3.11/site-packages/airflow/example_dags/example_branch_python_dop_operator_3.py took 0.076 seconds
[2026-05-24T15:42:59.093+0000] {processor.py:161} INFO - Started process (PID=2657) to work on /home/varn1t/ml-pipeline/venv/lib/python3.11/site-packages/airflow/example_dags/example_branch_python_dop_operator_3.py
[2026-05-24T15:42:59.094+0000] {processor.py:830} INFO - Processing file /home/varn1t/ml-pipeline/venv/lib/python3.11/site-packages/airflow/example_dags/example_branch_python_dop_operator_3.py for tasks to queue
[2026-05-24T15:42:59.095+0000] {logging_mixin.py:188} INFO - [2026-05-24T15:42:59.095+0000] {dagbag.py:545} INFO - Filling up the DagBag from /home/varn1t/ml-pipeline/venv/lib/python3.11/site-packages/airflow/example_dags/example_branch_python_dop_operator_3.py
[2026-05-24T15:42:59.104+0000] {processor.py:840} INFO - DAG(s) 'example_branch_dop_operator_v3' retrieved from /home/varn1t/ml-pipeline/venv/lib/python3.11/site-packages/airflow/example_dags/example_branch_python_dop_operator_3.py
[2026-05-24T15:42:59.116+0000] {logging_mixin.py:188} INFO - [2026-05-24T15:42:59.116+0000] {dag.py:3096} INFO - Sync 1 DAGs
[2026-05-24T15:42:59.130+0000] {logging_mixin.py:188} INFO - [2026-05-24T15:42:59.130+0000] {dag.py:3954} INFO - Setting next_dagrun for example_branch_dop_operator_v3 to 2026-05-24 15:41:00+00:00, run_after=2026-05-24 15:42:00+00:00
[2026-05-24T15:42:59.149+0000] {processor.py:183} INFO - Processing /home/varn1t/ml-pipeline/venv/lib/python3.11/site-packages/airflow/example_dags/example_branch_python_dop_operator_3.py took 0.062 seconds
[2026-05-24T15:44:08.660+0000] {processor.py:161} INFO - Started process (PID=3026) to work on /home/varn1t/ml-pipeline/venv/lib/python3.11/site-packages/airflow/example_dags/example_branch_python_dop_operator_3.py
[2026-05-24T15:44:08.661+0000] {processor.py:830} INFO - Processing file /home/varn1t/ml-pipeline/venv/lib/python3.11/site-packages/airflow/example_dags/example_branch_python_dop_operator_3.py for tasks to queue
[2026-05-24T15:44:08.662+0000] {logging_mixin.py:188} INFO - [2026-05-24T15:44:08.662+0000] {dagbag.py:545} INFO - Filling up the DagBag from /home/varn1t/ml-pipeline/venv/lib/python3.11/site-packages/airflow/example_dags/example_branch_python_dop_operator_3.py
[2026-05-24T15:44:08.670+0000] {processor.py:840} INFO - DAG(s) 'example_branch_dop_operator_v3' retrieved from /home/varn1t/ml-pipeline/venv/lib/python3.11/site-packages/airflow/example_dags/example_branch_python_dop_operator_3.py
[2026-05-24T15:44:08.683+0000] {logging_mixin.py:188} INFO - [2026-05-24T15:44:08.683+0000] {dag.py:3096} INFO - Sync 1 DAGs
[2026-05-24T15:44:08.702+0000] {logging_mixin.py:188} INFO - [2026-05-24T15:44:08.702+0000] {dag.py:3954} INFO - Setting next_dagrun for example_branch_dop_operator_v3 to 2026-05-24 15:43:00+00:00, run_after=2026-05-24 15:44:00+00:00
[2026-05-24T15:44:08.722+0000] {processor.py:183} INFO - Processing /home/varn1t/ml-pipeline/venv/lib/python3.11/site-packages/airflow/example_dags/example_branch_python_dop_operator_3.py took 0.068 seconds
[2026-05-24T15:44:58.247+0000] {processor.py:161} INFO - Started process (PID=3347) to work on /home/varn1t/ml-pipeline/venv/lib/python3.11/site-packages/airflow/example_dags/example_branch_python_dop_operator_3.py
[2026-05-24T15:44:58.248+0000] {processor.py:830} INFO - Processing file /home/varn1t/ml-pipeline/venv/lib/python3.11/site-packages/airflow/example_dags/example_branch_python_dop_operator_3.py for tasks to queue
[2026-05-24T15:44:58.250+0000] {logging_mixin.py:188} INFO - [2026-05-24T15:44:58.250+0000] {dagbag.py:545} INFO - Filling up the DagBag from /home/varn1t/ml-pipeline/venv/lib/python3.11/site-packages/airflow/example_dags/example_branch_python_dop_operator_3.py
[2026-05-24T15:44:58.259+0000] {processor.py:840} INFO - DAG(s) 'example_branch_dop_operator_v3' retrieved from /home/varn1t/ml-pipeline/venv/lib/python3.11/site-packages/airflow/example_dags/example_branch_python_dop_operator_3.py
[2026-05-24T15:44:58.278+0000] {logging_mixin.py:188} INFO - [2026-05-24T15:44:58.278+0000] {dag.py:3096} INFO - Sync 1 DAGs
[2026-05-24T15:44:58.298+0000] {logging_mixin.py:188} INFO - [2026-05-24T15:44:58.298+0000] {dag.py:3954} INFO - Setting next_dagrun for example_branch_dop_operator_v3 to 2026-05-24 15:43:00+00:00, run_after=2026-05-24 15:44:00+00:00
[2026-05-24T15:44:58.317+0000] {processor.py:183} INFO - Processing /home/varn1t/ml-pipeline/venv/lib/python3.11/site-packages/airflow/example_dags/example_branch_python_dop_operator_3.py took 0.077 seconds
[2026-05-24T15:46:06.514+0000] {processor.py:161} INFO - Started process (PID=3900) to work on /home/varn1t/ml-pipeline/venv/lib/python3.11/site-packages/airflow/example_dags/example_branch_python_dop_operator_3.py
[2026-05-24T15:46:06.515+0000] {processor.py:830} INFO - Processing file /home/varn1t/ml-pipeline/venv/lib/python3.11/site-packages/airflow/example_dags/example_branch_python_dop_operator_3.py for tasks to queue
[2026-05-24T15:46:06.518+0000] {logging_mixin.py:188} INFO - [2026-05-24T15:46:06.517+0000] {dagbag.py:545} INFO - Filling up the DagBag from /home/varn1t/ml-pipeline/venv/lib/python3.11/site-packages/airflow/example_dags/example_branch_python_dop_operator_3.py
[2026-05-24T15:46:06.555+0000] {processor.py:840} INFO - DAG(s) 'example_branch_dop_operator_v3' retrieved from /home/varn1t/ml-pipeline/venv/lib/python3.11/site-packages/airflow/example_dags/example_branch_python_dop_operator_3.py
[2026-05-24T15:46:06.612+0000] {logging_mixin.py:188} INFO - [2026-05-24T15:46:06.612+0000] {dag.py:3096} INFO - Sync 1 DAGs
[2026-05-24T15:46:06.650+0000] {logging_mixin.py:188} INFO - [2026-05-24T15:46:06.650+0000] {dag.py:3954} INFO - Setting next_dagrun for example_branch_dop_operator_v3 to 2026-05-24 15:45:00+00:00, run_after=2026-05-24 15:46:00+00:00
[2026-05-24T15:46:06.683+0000] {processor.py:183} INFO - Processing /home/varn1t/ml-pipeline/venv/lib/python3.11/site-packages/airflow/example_dags/example_branch_python_dop_operator_3.py took 0.181 seconds
[2026-05-24T15:47:02.326+0000] {processor.py:161} INFO - Started process (PID=4376) to work on /home/varn1t/ml-pipeline/venv/lib/python3.11/site-packages/airflow/example_dags/example_branch_python_dop_operator_3.py
[2026-05-24T15:47:02.328+0000] {processor.py:830} INFO - Processing file /home/varn1t/ml-pipeline/venv/lib/python3.11/site-packages/airflow/example_dags/example_branch_python_dop_operator_3.py for tasks to queue
[2026-05-24T15:47:02.332+0000] {logging_mixin.py:188} INFO - [2026-05-24T15:47:02.330+0000] {dagbag.py:545} INFO - Filling up the DagBag from /home/varn1t/ml-pipeline/venv/lib/python3.11/site-packages/airflow/example_dags/example_branch_python_dop_operator_3.py
[2026-05-24T15:47:02.349+0000] {processor.py:840} INFO - DAG(s) 'example_branch_dop_operator_v3' retrieved from /home/varn1t/ml-pipeline/venv/lib/python3.11/site-packages/airflow/example_dags/example_branch_python_dop_operator_3.py
[2026-05-24T15:47:02.372+0000] {logging_mixin.py:188} INFO - [2026-05-24T15:47:02.372+0000] {dag.py:3096} INFO - Sync 1 DAGs
[2026-05-24T15:47:02.407+0000] {logging_mixin.py:188} INFO - [2026-05-24T15:47:02.407+0000] {dag.py:3954} INFO - Setting next_dagrun for example_branch_dop_operator_v3 to 2026-05-24 15:46:00+00:00, run_after=2026-05-24 15:47:00+00:00
[2026-05-24T15:47:02.436+0000] {processor.py:183} INFO - Processing /home/varn1t/ml-pipeline/venv/lib/python3.11/site-packages/airflow/example_dags/example_branch_python_dop_operator_3.py took 0.123 seconds
[2026-05-24T15:47:54.560+0000] {processor.py:161} INFO - Started process (PID=4782) to work on /home/varn1t/ml-pipeline/venv/lib/python3.11/site-packages/airflow/example_dags/example_branch_python_dop_operator_3.py
[2026-05-24T15:47:54.562+0000] {processor.py:830} INFO - Processing file /home/varn1t/ml-pipeline/venv/lib/python3.11/site-packages/airflow/example_dags/example_branch_python_dop_operator_3.py for tasks to queue
[2026-05-24T15:47:54.566+0000] {logging_mixin.py:188} INFO - [2026-05-24T15:47:54.565+0000] {dagbag.py:545} INFO - Filling up the DagBag from /home/varn1t/ml-pipeline/venv/lib/python3.11/site-packages/airflow/example_dags/example_branch_python_dop_operator_3.py
[2026-05-24T15:47:54.584+0000] {processor.py:840} INFO - DAG(s) 'example_branch_dop_operator_v3' retrieved from /home/varn1t/ml-pipeline/venv/lib/python3.11/site-packages/airflow/example_dags/example_branch_python_dop_operator_3.py
[2026-05-24T15:47:54.609+0000] {logging_mixin.py:188} INFO - [2026-05-24T15:47:54.609+0000] {dag.py:3096} INFO - Sync 1 DAGs
[2026-05-24T15:47:54.648+0000] {logging_mixin.py:188} INFO - [2026-05-24T15:47:54.648+0000] {dag.py:3954} INFO - Setting next_dagrun for example_branch_dop_operator_v3 to 2026-05-24 15:46:00+00:00, run_after=2026-05-24 15:47:00+00:00
[2026-05-24T15:47:54.680+0000] {processor.py:183} INFO - Processing /home/varn1t/ml-pipeline/venv/lib/python3.11/site-packages/airflow/example_dags/example_branch_python_dop_operator_3.py took 0.128 seconds
[2026-05-24T15:48:44.227+0000] {processor.py:161} INFO - Started process (PID=5169) to work on /home/varn1t/ml-pipeline/venv/lib/python3.11/site-packages/airflow/example_dags/example_branch_python_dop_operator_3.py
[2026-05-24T15:48:44.229+0000] {processor.py:830} INFO - Processing file /home/varn1t/ml-pipeline/venv/lib/python3.11/site-packages/airflow/example_dags/example_branch_python_dop_operator_3.py for tasks to queue
[2026-05-24T15:48:44.231+0000] {logging_mixin.py:188} INFO - [2026-05-24T15:48:44.230+0000] {dagbag.py:545} INFO - Filling up the DagBag from /home/varn1t/ml-pipeline/venv/lib/python3.11/site-packages/airflow/example_dags/example_branch_python_dop_operator_3.py
[2026-05-24T15:48:44.243+0000] {processor.py:840} INFO - DAG(s) 'example_branch_dop_operator_v3' retrieved from /home/varn1t/ml-pipeline/venv/lib/python3.11/site-packages/airflow/example_dags/example_branch_python_dop_operator_3.py
[2026-05-24T15:48:44.261+0000] {logging_mixin.py:188} INFO - [2026-05-24T15:48:44.261+0000] {dag.py:3096} INFO - Sync 1 DAGs
[2026-05-24T15:48:44.284+0000] {logging_mixin.py:188} INFO - [2026-05-24T15:48:44.284+0000] {dag.py:3954} INFO - Setting next_dagrun for example_branch_dop_operator_v3 to 2026-05-24 15:47:00+00:00, run_after=2026-05-24 15:48:00+00:00
[2026-05-24T15:48:44.310+0000] {processor.py:183} INFO - Processing /home/varn1t/ml-pipeline/venv/lib/python3.11/site-packages/airflow/example_dags/example_branch_python_dop_operator_3.py took 0.090 seconds
[2026-05-24T15:49:52.794+0000] {processor.py:161} INFO - Started process (PID=5759) to work on /home/varn1t/ml-pipeline/venv/lib/python3.11/site-packages/airflow/example_dags/example_branch_python_dop_operator_3.py
[2026-05-24T15:49:52.795+0000] {processor.py:830} INFO - Processing file /home/varn1t/ml-pipeline/venv/lib/python3.11/site-packages/airflow/example_dags/example_branch_python_dop_operator_3.py for tasks to queue
[2026-05-24T15:49:52.797+0000] {logging_mixin.py:188} INFO - [2026-05-24T15:49:52.797+0000] {dagbag.py:545} INFO - Filling up the DagBag from /home/varn1t/ml-pipeline/venv/lib/python3.11/site-packages/airflow/example_dags/example_branch_python_dop_operator_3.py
[2026-05-24T15:49:52.811+0000] {processor.py:840} INFO - DAG(s) 'example_branch_dop_operator_v3' retrieved from /home/varn1t/ml-pipeline/venv/lib/python3.11/site-packages/airflow/example_dags/example_branch_python_dop_operator_3.py
[2026-05-24T15:49:52.839+0000] {logging_mixin.py:188} INFO - [2026-05-24T15:49:52.839+0000] {dag.py:3096} INFO - Sync 1 DAGs
[2026-05-24T15:49:52.863+0000] {logging_mixin.py:188} INFO - [2026-05-24T15:49:52.863+0000] {dag.py:3954} INFO - Setting next_dagrun for example_branch_dop_operator_v3 to 2026-05-24 15:48:00+00:00, run_after=2026-05-24 15:49:00+00:00
[2026-05-24T15:49:52.885+0000] {processor.py:183} INFO - Processing /home/varn1t/ml-pipeline/venv/lib/python3.11/site-packages/airflow/example_dags/example_branch_python_dop_operator_3.py took 0.098 seconds
[2026-05-24T15:50:55.509+0000] {processor.py:161} INFO - Started process (PID=6309) to work on /home/varn1t/ml-pipeline/venv/lib/python3.11/site-packages/airflow/example_dags/example_branch_python_dop_operator_3.py
[2026-05-24T15:50:55.510+0000] {processor.py:830} INFO - Processing file /home/varn1t/ml-pipeline/venv/lib/python3.11/site-packages/airflow/example_dags/example_branch_python_dop_operator_3.py for tasks to queue
[2026-05-24T15:50:55.511+0000] {logging_mixin.py:188} INFO - [2026-05-24T15:50:55.511+0000] {dagbag.py:545} INFO - Filling up the DagBag from /home/varn1t/ml-pipeline/venv/lib/python3.11/site-packages/airflow/example_dags/example_branch_python_dop_operator_3.py
[2026-05-24T15:50:55.516+0000] {processor.py:840} INFO - DAG(s) 'example_branch_dop_operator_v3' retrieved from /home/varn1t/ml-pipeline/venv/lib/python3.11/site-packages/airflow/example_dags/example_branch_python_dop_operator_3.py
[2026-05-24T15:50:55.526+0000] {logging_mixin.py:188} INFO - [2026-05-24T15:50:55.526+0000] {dag.py:3096} INFO - Sync 1 DAGs
[2026-05-24T15:50:55.539+0000] {logging_mixin.py:188} INFO - [2026-05-24T15:50:55.539+0000] {dag.py:3954} INFO - Setting next_dagrun for example_branch_dop_operator_v3 to 2026-05-24 15:49:00+00:00, run_after=2026-05-24 15:50:00+00:00
[2026-05-24T15:50:55.557+0000] {processor.py:183} INFO - Processing /home/varn1t/ml-pipeline/venv/lib/python3.11/site-packages/airflow/example_dags/example_branch_python_dop_operator_3.py took 0.054 seconds
[2026-05-24T15:52:03.807+0000] {processor.py:161} INFO - Started process (PID=6927) to work on /home/varn1t/ml-pipeline/venv/lib/python3.11/site-packages/airflow/example_dags/example_branch_python_dop_operator_3.py
[2026-05-24T15:52:03.809+0000] {processor.py:830} INFO - Processing file /home/varn1t/ml-pipeline/venv/lib/python3.11/site-packages/airflow/example_dags/example_branch_python_dop_operator_3.py for tasks to queue
[2026-05-24T15:52:03.810+0000] {logging_mixin.py:188} INFO - [2026-05-24T15:52:03.810+0000] {dagbag.py:545} INFO - Filling up the DagBag from /home/varn1t/ml-pipeline/venv/lib/python3.11/site-packages/airflow/example_dags/example_branch_python_dop_operator_3.py
[2026-05-24T15:52:03.820+0000] {processor.py:840} INFO - DAG(s) 'example_branch_dop_operator_v3' retrieved from /home/varn1t/ml-pipeline/venv/lib/python3.11/site-packages/airflow/example_dags/example_branch_python_dop_operator_3.py
[2026-05-24T15:52:03.835+0000] {logging_mixin.py:188} INFO - [2026-05-24T15:52:03.835+0000] {dag.py:3096} INFO - Sync 1 DAGs
[2026-05-24T15:52:03.852+0000] {logging_mixin.py:188} INFO - [2026-05-24T15:52:03.852+0000] {dag.py:3954} INFO - Setting next_dagrun for example_branch_dop_operator_v3 to 2026-05-24 15:51:00+00:00, run_after=2026-05-24 15:52:00+00:00
[2026-05-24T15:52:03.873+0000] {processor.py:183} INFO - Processing /home/varn1t/ml-pipeline/venv/lib/python3.11/site-packages/airflow/example_dags/example_branch_python_dop_operator_3.py took 0.071 seconds
[2026-05-24T15:53:11.766+0000] {processor.py:161} INFO - Started process (PID=7330) to work on /home/varn1t/ml-pipeline/venv/lib/python3.11/site-packages/airflow/example_dags/example_branch_python_dop_operator_3.py
[2026-05-24T15:53:11.767+0000] {processor.py:830} INFO - Processing file /home/varn1t/ml-pipeline/venv/lib/python3.11/site-packages/airflow/example_dags/example_branch_python_dop_operator_3.py for tasks to queue
[2026-05-24T15:53:11.770+0000] {logging_mixin.py:188} INFO - [2026-05-24T15:53:11.769+0000] {dagbag.py:545} INFO - Filling up the DagBag from /home/varn1t/ml-pipeline/venv/lib/python3.11/site-packages/airflow/example_dags/example_branch_python_dop_operator_3.py
[2026-05-24T15:53:11.780+0000] {processor.py:840} INFO - DAG(s) 'example_branch_dop_operator_v3' retrieved from /home/varn1t/ml-pipeline/venv/lib/python3.11/site-packages/airflow/example_dags/example_branch_python_dop_operator_3.py
[2026-05-24T15:53:11.798+0000] {logging_mixin.py:188} INFO - [2026-05-24T15:53:11.798+0000] {dag.py:3096} INFO - Sync 1 DAGs
[2026-05-24T15:53:11.822+0000] {logging_mixin.py:188} INFO - [2026-05-24T15:53:11.822+0000] {dag.py:3954} INFO - Setting next_dagrun for example_branch_dop_operator_v3 to 2026-05-24 15:52:00+00:00, run_after=2026-05-24 15:53:00+00:00
[2026-05-24T15:53:11.846+0000] {processor.py:183} INFO - Processing /home/varn1t/ml-pipeline/venv/lib/python3.11/site-packages/airflow/example_dags/example_branch_python_dop_operator_3.py took 0.088 seconds
[2026-05-24T15:54:24.076+0000] {processor.py:161} INFO - Started process (PID=8127) to work on /home/varn1t/ml-pipeline/venv/lib/python3.11/site-packages/airflow/example_dags/example_branch_python_dop_operator_3.py
[2026-05-24T15:54:24.077+0000] {processor.py:830} INFO - Processing file /home/varn1t/ml-pipeline/venv/lib/python3.11/site-packages/airflow/example_dags/example_branch_python_dop_operator_3.py for tasks to queue
[2026-05-24T15:54:24.078+0000] {logging_mixin.py:188} INFO - [2026-05-24T15:54:24.077+0000] {dagbag.py:545} INFO - Filling up the DagBag from /home/varn1t/ml-pipeline/venv/lib/python3.11/site-packages/airflow/example_dags/example_branch_python_dop_operator_3.py
[2026-05-24T15:54:24.083+0000] {processor.py:840} INFO - DAG(s) 'example_branch_dop_operator_v3' retrieved from /home/varn1t/ml-pipeline/venv/lib/python3.11/site-packages/airflow/example_dags/example_branch_python_dop_operator_3.py
[2026-05-24T15:54:24.100+0000] {logging_mixin.py:188} INFO - [2026-05-24T15:54:24.099+0000] {dag.py:3096} INFO - Sync 1 DAGs
[2026-05-24T15:54:24.116+0000] {logging_mixin.py:188} INFO - [2026-05-24T15:54:24.116+0000] {dag.py:3954} INFO - Setting next_dagrun for example_branch_dop_operator_v3 to 2026-05-24 15:53:00+00:00, run_after=2026-05-24 15:54:00+00:00
[2026-05-24T15:54:24.136+0000] {processor.py:183} INFO - Processing /home/varn1t/ml-pipeline/venv/lib/python3.11/site-packages/airflow/example_dags/example_branch_python_dop_operator_3.py took 0.064 seconds
[2026-05-24T15:55:28.479+0000] {processor.py:161} INFO - Started process (PID=8810) to work on /home/varn1t/ml-pipeline/venv/lib/python3.11/site-packages/airflow/example_dags/example_branch_python_dop_operator_3.py
[2026-05-24T15:55:28.481+0000] {processor.py:830} INFO - Processing file /home/varn1t/ml-pipeline/venv/lib/python3.11/site-packages/airflow/example_dags/example_branch_python_dop_operator_3.py for tasks to queue
[2026-05-24T15:55:28.483+0000] {logging_mixin.py:188} INFO - [2026-05-24T15:55:28.483+0000] {dagbag.py:545} INFO - Filling up the DagBag from /home/varn1t/ml-pipeline/venv/lib/python3.11/site-packages/airflow/example_dags/example_branch_python_dop_operator_3.py
[2026-05-24T15:55:28.496+0000] {processor.py:840} INFO - DAG(s) 'example_branch_dop_operator_v3' retrieved from /home/varn1t/ml-pipeline/venv/lib/python3.11/site-packages/airflow/example_dags/example_branch_python_dop_operator_3.py
[2026-05-24T15:55:28.534+0000] {logging_mixin.py:188} INFO - [2026-05-24T15:55:28.533+0000] {dag.py:3096} INFO - Sync 1 DAGs
[2026-05-24T15:55:28.572+0000] {logging_mixin.py:188} INFO - [2026-05-24T15:55:28.572+0000] {dag.py:3954} INFO - Setting next_dagrun for example_branch_dop_operator_v3 to 2026-05-24 15:54:00+00:00, run_after=2026-05-24 15:55:00+00:00
[2026-05-24T15:55:28.608+0000] {processor.py:183} INFO - Processing /home/varn1t/ml-pipeline/venv/lib/python3.11/site-packages/airflow/example_dags/example_branch_python_dop_operator_3.py took 0.136 seconds
[2026-05-24T15:56:37.153+0000] {processor.py:161} INFO - Started process (PID=9721) to work on /home/varn1t/ml-pipeline/venv/lib/python3.11/site-packages/airflow/example_dags/example_branch_python_dop_operator_3.py
[2026-05-24T15:56:37.154+0000] {processor.py:830} INFO - Processing file /home/varn1t/ml-pipeline/venv/lib/python3.11/site-packages/airflow/example_dags/example_branch_python_dop_operator_3.py for tasks to queue
[2026-05-24T15:56:37.155+0000] {logging_mixin.py:188} INFO - [2026-05-24T15:56:37.155+0000] {dagbag.py:545} INFO - Filling up the DagBag from /home/varn1t/ml-pipeline/venv/lib/python3.11/site-packages/airflow/example_dags/example_branch_python_dop_operator_3.py
[2026-05-24T15:56:37.162+0000] {processor.py:840} INFO - DAG(s) 'example_branch_dop_operator_v3' retrieved from /home/varn1t/ml-pipeline/venv/lib/python3.11/site-packages/airflow/example_dags/example_branch_python_dop_operator_3.py
[2026-05-24T15:56:37.176+0000] {logging_mixin.py:188} INFO - [2026-05-24T15:56:37.175+0000] {dag.py:3096} INFO - Sync 1 DAGs
[2026-05-24T15:56:37.193+0000] {logging_mixin.py:188} INFO - [2026-05-24T15:56:37.193+0000] {dag.py:3954} INFO - Setting next_dagrun for example_branch_dop_operator_v3 to 2026-05-24 15:55:00+00:00, run_after=2026-05-24 15:56:00+00:00
[2026-05-24T15:56:37.209+0000] {processor.py:183} INFO - Processing /home/varn1t/ml-pipeline/venv/lib/python3.11/site-packages/airflow/example_dags/example_branch_python_dop_operator_3.py took 0.061 seconds
[2026-05-24T15:57:44.494+0000] {processor.py:161} INFO - Started process (PID=10264) to work on /home/varn1t/ml-pipeline/venv/lib/python3.11/site-packages/airflow/example_dags/example_branch_python_dop_operator_3.py
[2026-05-24T15:57:44.495+0000] {processor.py:830} INFO - Processing file /home/varn1t/ml-pipeline/venv/lib/python3.11/site-packages/airflow/example_dags/example_branch_python_dop_operator_3.py for tasks to queue
[2026-05-24T15:57:44.496+0000] {logging_mixin.py:188} INFO - [2026-05-24T15:57:44.496+0000] {dagbag.py:545} INFO - Filling up the DagBag from /home/varn1t/ml-pipeline/venv/lib/python3.11/site-packages/airflow/example_dags/example_branch_python_dop_operator_3.py
[2026-05-24T15:57:44.505+0000] {processor.py:840} INFO - DAG(s) 'example_branch_dop_operator_v3' retrieved from /home/varn1t/ml-pipeline/venv/lib/python3.11/site-packages/airflow/example_dags/example_branch_python_dop_operator_3.py
[2026-05-24T15:57:44.527+0000] {logging_mixin.py:188} INFO - [2026-05-24T15:57:44.527+0000] {dag.py:3096} INFO - Sync 1 DAGs
[2026-05-24T15:57:44.553+0000] {logging_mixin.py:188} INFO - [2026-05-24T15:57:44.553+0000] {dag.py:3954} INFO - Setting next_dagrun for example_branch_dop_operator_v3 to 2026-05-24 15:56:00+00:00, run_after=2026-05-24 15:57:00+00:00
[2026-05-24T15:57:44.587+0000] {processor.py:183} INFO - Processing /home/varn1t/ml-pipeline/venv/lib/python3.11/site-packages/airflow/example_dags/example_branch_python_dop_operator_3.py took 0.099 seconds
[2026-05-24T15:58:58.722+0000] {processor.py:161} INFO - Started process (PID=10874) to work on /home/varn1t/ml-pipeline/venv/lib/python3.11/site-packages/airflow/example_dags/example_branch_python_dop_operator_3.py
[2026-05-24T15:58:58.723+0000] {processor.py:830} INFO - Processing file /home/varn1t/ml-pipeline/venv/lib/python3.11/site-packages/airflow/example_dags/example_branch_python_dop_operator_3.py for tasks to queue
[2026-05-24T15:58:58.726+0000] {logging_mixin.py:188} INFO - [2026-05-24T15:58:58.726+0000] {dagbag.py:545} INFO - Filling up the DagBag from /home/varn1t/ml-pipeline/venv/lib/python3.11/site-packages/airflow/example_dags/example_branch_python_dop_operator_3.py
[2026-05-24T15:58:58.745+0000] {processor.py:840} INFO - DAG(s) 'example_branch_dop_operator_v3' retrieved from /home/varn1t/ml-pipeline/venv/lib/python3.11/site-packages/airflow/example_dags/example_branch_python_dop_operator_3.py
[2026-05-24T15:58:58.782+0000] {logging_mixin.py:188} INFO - [2026-05-24T15:58:58.782+0000] {dag.py:3096} INFO - Sync 1 DAGs
[2026-05-24T15:58:58.825+0000] {logging_mixin.py:188} INFO - [2026-05-24T15:58:58.825+0000] {dag.py:3954} INFO - Setting next_dagrun for example_branch_dop_operator_v3 to 2026-05-24 15:57:00+00:00, run_after=2026-05-24 15:58:00+00:00
[2026-05-24T15:58:58.868+0000] {processor.py:183} INFO - Processing /home/varn1t/ml-pipeline/venv/lib/python3.11/site-packages/airflow/example_dags/example_branch_python_dop_operator_3.py took 0.162 seconds
[2026-05-24T15:59:50.254+0000] {processor.py:161} INFO - Started process (PID=11197) to work on /home/varn1t/ml-pipeline/venv/lib/python3.11/site-packages/airflow/example_dags/example_branch_python_dop_operator_3.py
[2026-05-24T15:59:50.255+0000] {processor.py:830} INFO - Processing file /home/varn1t/ml-pipeline/venv/lib/python3.11/site-packages/airflow/example_dags/example_branch_python_dop_operator_3.py for tasks to queue
[2026-05-24T15:59:50.257+0000] {logging_mixin.py:188} INFO - [2026-05-24T15:59:50.257+0000] {dagbag.py:545} INFO - Filling up the DagBag from /home/varn1t/ml-pipeline/venv/lib/python3.11/site-packages/airflow/example_dags/example_branch_python_dop_operator_3.py
[2026-05-24T15:59:50.265+0000] {processor.py:840} INFO - DAG(s) 'example_branch_dop_operator_v3' retrieved from /home/varn1t/ml-pipeline/venv/lib/python3.11/site-packages/airflow/example_dags/example_branch_python_dop_operator_3.py
[2026-05-24T15:59:50.279+0000] {logging_mixin.py:188} INFO - [2026-05-24T15:59:50.279+0000] {dag.py:3096} INFO - Sync 1 DAGs
[2026-05-24T15:59:50.291+0000] {logging_mixin.py:188} INFO - [2026-05-24T15:59:50.291+0000] {dag.py:3954} INFO - Setting next_dagrun for example_branch_dop_operator_v3 to 2026-05-24 15:58:00+00:00, run_after=2026-05-24 15:59:00+00:00
[2026-05-24T15:59:50.308+0000] {processor.py:183} INFO - Processing /home/varn1t/ml-pipeline/venv/lib/python3.11/site-packages/airflow/example_dags/example_branch_python_dop_operator_3.py took 0.059 seconds
[2026-05-24T16:00:54.260+0000] {processor.py:161} INFO - Started process (PID=11466) to work on /home/varn1t/ml-pipeline/venv/lib/python3.11/site-packages/airflow/example_dags/example_branch_python_dop_operator_3.py
[2026-05-24T16:00:54.261+0000] {processor.py:830} INFO - Processing file /home/varn1t/ml-pipeline/venv/lib/python3.11/site-packages/airflow/example_dags/example_branch_python_dop_operator_3.py for tasks to queue
[2026-05-24T16:00:54.262+0000] {logging_mixin.py:188} INFO - [2026-05-24T16:00:54.262+0000] {dagbag.py:545} INFO - Filling up the DagBag from /home/varn1t/ml-pipeline/venv/lib/python3.11/site-packages/airflow/example_dags/example_branch_python_dop_operator_3.py
[2026-05-24T16:00:54.269+0000] {processor.py:840} INFO - DAG(s) 'example_branch_dop_operator_v3' retrieved from /home/varn1t/ml-pipeline/venv/lib/python3.11/site-packages/airflow/example_dags/example_branch_python_dop_operator_3.py
[2026-05-24T16:00:54.281+0000] {logging_mixin.py:188} INFO - [2026-05-24T16:00:54.281+0000] {dag.py:3096} INFO - Sync 1 DAGs
[2026-05-24T16:00:54.295+0000] {logging_mixin.py:188} INFO - [2026-05-24T16:00:54.295+0000] {dag.py:3954} INFO - Setting next_dagrun for example_branch_dop_operator_v3 to 2026-05-24 15:59:00+00:00, run_after=2026-05-24 16:00:00+00:00
[2026-05-24T16:00:54.313+0000] {processor.py:183} INFO - Processing /home/varn1t/ml-pipeline/venv/lib/python3.11/site-packages/airflow/example_dags/example_branch_python_dop_operator_3.py took 0.058 seconds
[2026-05-24T16:01:52.877+0000] {processor.py:161} INFO - Started process (PID=11762) to work on /home/varn1t/ml-pipeline/venv/lib/python3.11/site-packages/airflow/example_dags/example_branch_python_dop_operator_3.py
[2026-05-24T16:01:52.878+0000] {processor.py:830} INFO - Processing file /home/varn1t/ml-pipeline/venv/lib/python3.11/site-packages/airflow/example_dags/example_branch_python_dop_operator_3.py for tasks to queue
[2026-05-24T16:01:52.880+0000] {logging_mixin.py:188} INFO - [2026-05-24T16:01:52.879+0000] {dagbag.py:545} INFO - Filling up the DagBag from /home/varn1t/ml-pipeline/venv/lib/python3.11/site-packages/airflow/example_dags/example_branch_python_dop_operator_3.py
[2026-05-24T16:01:52.890+0000] {processor.py:840} INFO - DAG(s) 'example_branch_dop_operator_v3' retrieved from /home/varn1t/ml-pipeline/venv/lib/python3.11/site-packages/airflow/example_dags/example_branch_python_dop_operator_3.py
[2026-05-24T16:01:52.905+0000] {logging_mixin.py:188} INFO - [2026-05-24T16:01:52.905+0000] {dag.py:3096} INFO - Sync 1 DAGs
[2026-05-24T16:01:52.928+0000] {logging_mixin.py:188} INFO - [2026-05-24T16:01:52.928+0000] {dag.py:3954} INFO - Setting next_dagrun for example_branch_dop_operator_v3 to 2026-05-24 16:00:00+00:00, run_after=2026-05-24 16:01:00+00:00
[2026-05-24T16:01:52.950+0000] {processor.py:183} INFO - Processing /home/varn1t/ml-pipeline/venv/lib/python3.11/site-packages/airflow/example_dags/example_branch_python_dop_operator_3.py took 0.079 seconds
[2026-05-24T16:04:01.507+0000] {processor.py:161} INFO - Started process (PID=14027) to work on /home/varn1t/ml-pipeline/venv/lib/python3.11/site-packages/airflow/example_dags/example_branch_python_dop_operator_3.py
[2026-05-24T16:04:01.508+0000] {processor.py:830} INFO - Processing file /home/varn1t/ml-pipeline/venv/lib/python3.11/site-packages/airflow/example_dags/example_branch_python_dop_operator_3.py for tasks to queue
[2026-05-24T16:04:01.510+0000] {logging_mixin.py:188} INFO - [2026-05-24T16:04:01.509+0000] {dagbag.py:545} INFO - Filling up the DagBag from /home/varn1t/ml-pipeline/venv/lib/python3.11/site-packages/airflow/example_dags/example_branch_python_dop_operator_3.py
[2026-05-24T16:04:01.518+0000] {processor.py:840} INFO - DAG(s) 'example_branch_dop_operator_v3' retrieved from /home/varn1t/ml-pipeline/venv/lib/python3.11/site-packages/airflow/example_dags/example_branch_python_dop_operator_3.py
[2026-05-24T16:04:01.530+0000] {logging_mixin.py:188} INFO - [2026-05-24T16:04:01.530+0000] {dag.py:3096} INFO - Sync 1 DAGs
[2026-05-24T16:04:01.544+0000] {logging_mixin.py:188} INFO - [2026-05-24T16:04:01.544+0000] {dag.py:3954} INFO - Setting next_dagrun for example_branch_dop_operator_v3 to 2026-05-24 16:03:00+00:00, run_after=2026-05-24 16:04:00+00:00
[2026-05-24T16:04:01.561+0000] {processor.py:183} INFO - Processing /home/varn1t/ml-pipeline/venv/lib/python3.11/site-packages/airflow/example_dags/example_branch_python_dop_operator_3.py took 0.059 seconds
[2026-05-24T16:04:53.293+0000] {processor.py:161} INFO - Started process (PID=14250) to work on /home/varn1t/ml-pipeline/venv/lib/python3.11/site-packages/airflow/example_dags/example_branch_python_dop_operator_3.py
[2026-05-24T16:04:53.294+0000] {processor.py:830} INFO - Processing file /home/varn1t/ml-pipeline/venv/lib/python3.11/site-packages/airflow/example_dags/example_branch_python_dop_operator_3.py for tasks to queue
[2026-05-24T16:04:53.296+0000] {logging_mixin.py:188} INFO - [2026-05-24T16:04:53.296+0000] {dagbag.py:545} INFO - Filling up the DagBag from /home/varn1t/ml-pipeline/venv/lib/python3.11/site-packages/airflow/example_dags/example_branch_python_dop_operator_3.py
[2026-05-24T16:04:53.303+0000] {processor.py:840} INFO - DAG(s) 'example_branch_dop_operator_v3' retrieved from /home/varn1t/ml-pipeline/venv/lib/python3.11/site-packages/airflow/example_dags/example_branch_python_dop_operator_3.py
[2026-05-24T16:04:53.313+0000] {logging_mixin.py:188} INFO - [2026-05-24T16:04:53.313+0000] {dag.py:3096} INFO - Sync 1 DAGs
[2026-05-24T16:04:53.326+0000] {logging_mixin.py:188} INFO - [2026-05-24T16:04:53.326+0000] {dag.py:3954} INFO - Setting next_dagrun for example_branch_dop_operator_v3 to 2026-05-24 16:03:00+00:00, run_after=2026-05-24 16:04:00+00:00
[2026-05-24T16:04:53.344+0000] {processor.py:183} INFO - Processing /home/varn1t/ml-pipeline/venv/lib/python3.11/site-packages/airflow/example_dags/example_branch_python_dop_operator_3.py took 0.056 seconds
[2026-05-24T16:05:56.486+0000] {processor.py:161} INFO - Started process (PID=14534) to work on /home/varn1t/ml-pipeline/venv/lib/python3.11/site-packages/airflow/example_dags/example_branch_python_dop_operator_3.py
[2026-05-24T16:05:56.487+0000] {processor.py:830} INFO - Processing file /home/varn1t/ml-pipeline/venv/lib/python3.11/site-packages/airflow/example_dags/example_branch_python_dop_operator_3.py for tasks to queue
[2026-05-24T16:05:56.489+0000] {logging_mixin.py:188} INFO - [2026-05-24T16:05:56.488+0000] {dagbag.py:545} INFO - Filling up the DagBag from /home/varn1t/ml-pipeline/venv/lib/python3.11/site-packages/airflow/example_dags/example_branch_python_dop_operator_3.py
[2026-05-24T16:05:56.495+0000] {processor.py:840} INFO - DAG(s) 'example_branch_dop_operator_v3' retrieved from /home/varn1t/ml-pipeline/venv/lib/python3.11/site-packages/airflow/example_dags/example_branch_python_dop_operator_3.py
[2026-05-24T16:05:56.507+0000] {logging_mixin.py:188} INFO - [2026-05-24T16:05:56.507+0000] {dag.py:3096} INFO - Sync 1 DAGs
[2026-05-24T16:05:56.523+0000] {logging_mixin.py:188} INFO - [2026-05-24T16:05:56.523+0000] {dag.py:3954} INFO - Setting next_dagrun for example_branch_dop_operator_v3 to 2026-05-24 16:04:00+00:00, run_after=2026-05-24 16:05:00+00:00
[2026-05-24T16:05:56.540+0000] {processor.py:183} INFO - Processing /home/varn1t/ml-pipeline/venv/lib/python3.11/site-packages/airflow/example_dags/example_branch_python_dop_operator_3.py took 0.059 seconds
[2026-05-24T16:06:58.044+0000] {processor.py:161} INFO - Started process (PID=14823) to work on /home/varn1t/ml-pipeline/venv/lib/python3.11/site-packages/airflow/example_dags/example_branch_python_dop_operator_3.py
[2026-05-24T16:06:58.045+0000] {processor.py:830} INFO - Processing file /home/varn1t/ml-pipeline/venv/lib/python3.11/site-packages/airflow/example_dags/example_branch_python_dop_operator_3.py for tasks to queue
[2026-05-24T16:06:58.046+0000] {logging_mixin.py:188} INFO - [2026-05-24T16:06:58.046+0000] {dagbag.py:545} INFO - Filling up the DagBag from /home/varn1t/ml-pipeline/venv/lib/python3.11/site-packages/airflow/example_dags/example_branch_python_dop_operator_3.py
[2026-05-24T16:06:58.053+0000] {processor.py:840} INFO - DAG(s) 'example_branch_dop_operator_v3' retrieved from /home/varn1t/ml-pipeline/venv/lib/python3.11/site-packages/airflow/example_dags/example_branch_python_dop_operator_3.py
[2026-05-24T16:06:58.065+0000] {logging_mixin.py:188} INFO - [2026-05-24T16:06:58.064+0000] {dag.py:3096} INFO - Sync 1 DAGs
[2026-05-24T16:06:58.080+0000] {logging_mixin.py:188} INFO - [2026-05-24T16:06:58.079+0000] {dag.py:3954} INFO - Setting next_dagrun for example_branch_dop_operator_v3 to 2026-05-24 16:05:00+00:00, run_after=2026-05-24 16:06:00+00:00
[2026-05-24T16:06:58.096+0000] {processor.py:183} INFO - Processing /home/varn1t/ml-pipeline/venv/lib/python3.11/site-packages/airflow/example_dags/example_branch_python_dop_operator_3.py took 0.057 seconds
[2026-05-24T16:07:57.824+0000] {processor.py:161} INFO - Started process (PID=15117) to work on /home/varn1t/ml-pipeline/venv/lib/python3.11/site-packages/airflow/example_dags/example_branch_python_dop_operator_3.py
[2026-05-24T16:07:57.825+0000] {processor.py:830} INFO - Processing file /home/varn1t/ml-pipeline/venv/lib/python3.11/site-packages/airflow/example_dags/example_branch_python_dop_operator_3.py for tasks to queue
[2026-05-24T16:07:57.826+0000] {logging_mixin.py:188} INFO - [2026-05-24T16:07:57.826+0000] {dagbag.py:545} INFO - Filling up the DagBag from /home/varn1t/ml-pipeline/venv/lib/python3.11/site-packages/airflow/example_dags/example_branch_python_dop_operator_3.py
[2026-05-24T16:07:57.834+0000] {processor.py:840} INFO - DAG(s) 'example_branch_dop_operator_v3' retrieved from /home/varn1t/ml-pipeline/venv/lib/python3.11/site-packages/airflow/example_dags/example_branch_python_dop_operator_3.py
[2026-05-24T16:07:57.847+0000] {logging_mixin.py:188} INFO - [2026-05-24T16:07:57.847+0000] {dag.py:3096} INFO - Sync 1 DAGs
[2026-05-24T16:07:57.861+0000] {logging_mixin.py:188} INFO - [2026-05-24T16:07:57.861+0000] {dag.py:3954} INFO - Setting next_dagrun for example_branch_dop_operator_v3 to 2026-05-24 16:06:00+00:00, run_after=2026-05-24 16:07:00+00:00
[2026-05-24T16:07:57.879+0000] {processor.py:183} INFO - Processing /home/varn1t/ml-pipeline/venv/lib/python3.11/site-packages/airflow/example_dags/example_branch_python_dop_operator_3.py took 0.062 seconds
[2026-05-24T16:09:04.421+0000] {processor.py:161} INFO - Started process (PID=15442) to work on /home/varn1t/ml-pipeline/venv/lib/python3.11/site-packages/airflow/example_dags/example_branch_python_dop_operator_3.py
[2026-05-24T16:09:04.422+0000] {processor.py:830} INFO - Processing file /home/varn1t/ml-pipeline/venv/lib/python3.11/site-packages/airflow/example_dags/example_branch_python_dop_operator_3.py for tasks to queue
[2026-05-24T16:09:04.423+0000] {logging_mixin.py:188} INFO - [2026-05-24T16:09:04.423+0000] {dagbag.py:545} INFO - Filling up the DagBag from /home/varn1t/ml-pipeline/venv/lib/python3.11/site-packages/airflow/example_dags/example_branch_python_dop_operator_3.py
[2026-05-24T16:09:04.431+0000] {processor.py:840} INFO - DAG(s) 'example_branch_dop_operator_v3' retrieved from /home/varn1t/ml-pipeline/venv/lib/python3.11/site-packages/airflow/example_dags/example_branch_python_dop_operator_3.py
[2026-05-24T16:09:04.441+0000] {logging_mixin.py:188} INFO - [2026-05-24T16:09:04.441+0000] {dag.py:3096} INFO - Sync 1 DAGs
[2026-05-24T16:09:04.453+0000] {logging_mixin.py:188} INFO - [2026-05-24T16:09:04.453+0000] {dag.py:3954} INFO - Setting next_dagrun for example_branch_dop_operator_v3 to 2026-05-24 16:08:00+00:00, run_after=2026-05-24 16:09:00+00:00
[2026-05-24T16:09:04.467+0000] {processor.py:183} INFO - Processing /home/varn1t/ml-pipeline/venv/lib/python3.11/site-packages/airflow/example_dags/example_branch_python_dop_operator_3.py took 0.050 seconds
[2026-05-24T16:10:07.730+0000] {processor.py:161} INFO - Started process (PID=15730) to work on /home/varn1t/ml-pipeline/venv/lib/python3.11/site-packages/airflow/example_dags/example_branch_python_dop_operator_3.py
[2026-05-24T16:10:07.731+0000] {processor.py:830} INFO - Processing file /home/varn1t/ml-pipeline/venv/lib/python3.11/site-packages/airflow/example_dags/example_branch_python_dop_operator_3.py for tasks to queue
[2026-05-24T16:10:07.732+0000] {logging_mixin.py:188} INFO - [2026-05-24T16:10:07.732+0000] {dagbag.py:545} INFO - Filling up the DagBag from /home/varn1t/ml-pipeline/venv/lib/python3.11/site-packages/airflow/example_dags/example_branch_python_dop_operator_3.py
[2026-05-24T16:10:07.738+0000] {processor.py:840} INFO - DAG(s) 'example_branch_dop_operator_v3' retrieved from /home/varn1t/ml-pipeline/venv/lib/python3.11/site-packages/airflow/example_dags/example_branch_python_dop_operator_3.py
[2026-05-24T16:10:07.748+0000] {logging_mixin.py:188} INFO - [2026-05-24T16:10:07.748+0000] {dag.py:3096} INFO - Sync 1 DAGs
[2026-05-24T16:10:07.760+0000] {logging_mixin.py:188} INFO - [2026-05-24T16:10:07.760+0000] {dag.py:3954} INFO - Setting next_dagrun for example_branch_dop_operator_v3 to 2026-05-24 16:09:00+00:00, run_after=2026-05-24 16:10:00+00:00
[2026-05-24T16:10:07.781+0000] {processor.py:183} INFO - Processing /home/varn1t/ml-pipeline/venv/lib/python3.11/site-packages/airflow/example_dags/example_branch_python_dop_operator_3.py took 0.055 seconds
[2026-05-24T16:11:10.778+0000] {processor.py:161} INFO - Started process (PID=15992) to work on /home/varn1t/ml-pipeline/venv/lib/python3.11/site-packages/airflow/example_dags/example_branch_python_dop_operator_3.py
[2026-05-24T16:11:10.779+0000] {processor.py:830} INFO - Processing file /home/varn1t/ml-pipeline/venv/lib/python3.11/site-packages/airflow/example_dags/example_branch_python_dop_operator_3.py for tasks to queue
[2026-05-24T16:11:10.781+0000] {logging_mixin.py:188} INFO - [2026-05-24T16:11:10.781+0000] {dagbag.py:545} INFO - Filling up the DagBag from /home/varn1t/ml-pipeline/venv/lib/python3.11/site-packages/airflow/example_dags/example_branch_python_dop_operator_3.py
[2026-05-24T16:11:10.786+0000] {processor.py:840} INFO - DAG(s) 'example_branch_dop_operator_v3' retrieved from /home/varn1t/ml-pipeline/venv/lib/python3.11/site-packages/airflow/example_dags/example_branch_python_dop_operator_3.py
[2026-05-24T16:11:10.795+0000] {logging_mixin.py:188} INFO - [2026-05-24T16:11:10.795+0000] {dag.py:3096} INFO - Sync 1 DAGs
[2026-05-24T16:11:10.806+0000] {logging_mixin.py:188} INFO - [2026-05-24T16:11:10.806+0000] {dag.py:3954} INFO - Setting next_dagrun for example_branch_dop_operator_v3 to 2026-05-24 16:10:00+00:00, run_after=2026-05-24 16:11:00+00:00
[2026-05-24T16:11:10.821+0000] {processor.py:183} INFO - Processing /home/varn1t/ml-pipeline/venv/lib/python3.11/site-packages/airflow/example_dags/example_branch_python_dop_operator_3.py took 0.046 seconds
[2026-05-24T16:12:17.046+0000] {processor.py:161} INFO - Started process (PID=16311) to work on /home/varn1t/ml-pipeline/venv/lib/python3.11/site-packages/airflow/example_dags/example_branch_python_dop_operator_3.py
[2026-05-24T16:12:17.047+0000] {processor.py:830} INFO - Processing file /home/varn1t/ml-pipeline/venv/lib/python3.11/site-packages/airflow/example_dags/example_branch_python_dop_operator_3.py for tasks to queue
[2026-05-24T16:12:17.048+0000] {logging_mixin.py:188} INFO - [2026-05-24T16:12:17.048+0000] {dagbag.py:545} INFO - Filling up the DagBag from /home/varn1t/ml-pipeline/venv/lib/python3.11/site-packages/airflow/example_dags/example_branch_python_dop_operator_3.py
[2026-05-24T16:12:17.056+0000] {processor.py:840} INFO - DAG(s) 'example_branch_dop_operator_v3' retrieved from /home/varn1t/ml-pipeline/venv/lib/python3.11/site-packages/airflow/example_dags/example_branch_python_dop_operator_3.py
[2026-05-24T16:12:17.068+0000] {logging_mixin.py:188} INFO - [2026-05-24T16:12:17.068+0000] {dag.py:3096} INFO - Sync 1 DAGs
[2026-05-24T16:12:17.086+0000] {logging_mixin.py:188} INFO - [2026-05-24T16:12:17.086+0000] {dag.py:3954} INFO - Setting next_dagrun for example_branch_dop_operator_v3 to 2026-05-24 16:11:00+00:00, run_after=2026-05-24 16:12:00+00:00
[2026-05-24T16:12:17.107+0000] {processor.py:183} INFO - Processing /home/varn1t/ml-pipeline/venv/lib/python3.11/site-packages/airflow/example_dags/example_branch_python_dop_operator_3.py took 0.065 seconds
[2026-05-24T16:13:20.826+0000] {processor.py:161} INFO - Started process (PID=16584) to work on /home/varn1t/ml-pipeline/venv/lib/python3.11/site-packages/airflow/example_dags/example_branch_python_dop_operator_3.py
[2026-05-24T16:13:20.827+0000] {processor.py:830} INFO - Processing file /home/varn1t/ml-pipeline/venv/lib/python3.11/site-packages/airflow/example_dags/example_branch_python_dop_operator_3.py for tasks to queue
[2026-05-24T16:13:20.829+0000] {logging_mixin.py:188} INFO - [2026-05-24T16:13:20.829+0000] {dagbag.py:545} INFO - Filling up the DagBag from /home/varn1t/ml-pipeline/venv/lib/python3.11/site-packages/airflow/example_dags/example_branch_python_dop_operator_3.py
[2026-05-24T16:13:20.837+0000] {processor.py:840} INFO - DAG(s) 'example_branch_dop_operator_v3' retrieved from /home/varn1t/ml-pipeline/venv/lib/python3.11/site-packages/airflow/example_dags/example_branch_python_dop_operator_3.py
[2026-05-24T16:13:20.849+0000] {logging_mixin.py:188} INFO - [2026-05-24T16:13:20.848+0000] {dag.py:3096} INFO - Sync 1 DAGs
[2026-05-24T16:13:20.861+0000] {logging_mixin.py:188} INFO - [2026-05-24T16:13:20.861+0000] {dag.py:3954} INFO - Setting next_dagrun for example_branch_dop_operator_v3 to 2026-05-24 16:12:00+00:00, run_after=2026-05-24 16:13:00+00:00
[2026-05-24T16:13:20.874+0000] {processor.py:183} INFO - Processing /home/varn1t/ml-pipeline/venv/lib/python3.11/site-packages/airflow/example_dags/example_branch_python_dop_operator_3.py took 0.055 seconds
[2026-05-24T16:14:26.430+0000] {processor.py:161} INFO - Started process (PID=16875) to work on /home/varn1t/ml-pipeline/venv/lib/python3.11/site-packages/airflow/example_dags/example_branch_python_dop_operator_3.py
[2026-05-24T16:14:26.431+0000] {processor.py:830} INFO - Processing file /home/varn1t/ml-pipeline/venv/lib/python3.11/site-packages/airflow/example_dags/example_branch_python_dop_operator_3.py for tasks to queue
[2026-05-24T16:14:26.433+0000] {logging_mixin.py:188} INFO - [2026-05-24T16:14:26.433+0000] {dagbag.py:545} INFO - Filling up the DagBag from /home/varn1t/ml-pipeline/venv/lib/python3.11/site-packages/airflow/example_dags/example_branch_python_dop_operator_3.py
[2026-05-24T16:14:26.440+0000] {processor.py:840} INFO - DAG(s) 'example_branch_dop_operator_v3' retrieved from /home/varn1t/ml-pipeline/venv/lib/python3.11/site-packages/airflow/example_dags/example_branch_python_dop_operator_3.py
[2026-05-24T16:14:26.454+0000] {logging_mixin.py:188} INFO - [2026-05-24T16:14:26.453+0000] {dag.py:3096} INFO - Sync 1 DAGs
[2026-05-24T16:14:26.469+0000] {logging_mixin.py:188} INFO - [2026-05-24T16:14:26.469+0000] {dag.py:3954} INFO - Setting next_dagrun for example_branch_dop_operator_v3 to 2026-05-24 16:13:00+00:00, run_after=2026-05-24 16:14:00+00:00
[2026-05-24T16:14:26.488+0000] {processor.py:183} INFO - Processing /home/varn1t/ml-pipeline/venv/lib/python3.11/site-packages/airflow/example_dags/example_branch_python_dop_operator_3.py took 0.064 seconds
[2026-05-24T16:15:28.510+0000] {processor.py:161} INFO - Started process (PID=17145) to work on /home/varn1t/ml-pipeline/venv/lib/python3.11/site-packages/airflow/example_dags/example_branch_python_dop_operator_3.py
[2026-05-24T16:15:28.511+0000] {processor.py:830} INFO - Processing file /home/varn1t/ml-pipeline/venv/lib/python3.11/site-packages/airflow/example_dags/example_branch_python_dop_operator_3.py for tasks to queue
[2026-05-24T16:15:28.512+0000] {logging_mixin.py:188} INFO - [2026-05-24T16:15:28.512+0000] {dagbag.py:545} INFO - Filling up the DagBag from /home/varn1t/ml-pipeline/venv/lib/python3.11/site-packages/airflow/example_dags/example_branch_python_dop_operator_3.py
[2026-05-24T16:15:28.518+0000] {processor.py:840} INFO - DAG(s) 'example_branch_dop_operator_v3' retrieved from /home/varn1t/ml-pipeline/venv/lib/python3.11/site-packages/airflow/example_dags/example_branch_python_dop_operator_3.py
[2026-05-24T16:15:28.531+0000] {logging_mixin.py:188} INFO - [2026-05-24T16:15:28.531+0000] {dag.py:3096} INFO - Sync 1 DAGs
[2026-05-24T16:15:28.545+0000] {logging_mixin.py:188} INFO - [2026-05-24T16:15:28.545+0000] {dag.py:3954} INFO - Setting next_dagrun for example_branch_dop_operator_v3 to 2026-05-24 16:14:00+00:00, run_after=2026-05-24 16:15:00+00:00
[2026-05-24T16:15:28.561+0000] {processor.py:183} INFO - Processing /home/varn1t/ml-pipeline/venv/lib/python3.11/site-packages/airflow/example_dags/example_branch_python_dop_operator_3.py took 0.057 seconds
[2026-05-24T16:16:30.481+0000] {processor.py:161} INFO - Started process (PID=17449) to work on /home/varn1t/ml-pipeline/venv/lib/python3.11/site-packages/airflow/example_dags/example_branch_python_dop_operator_3.py
[2026-05-24T16:16:30.482+0000] {processor.py:830} INFO - Processing file /home/varn1t/ml-pipeline/venv/lib/python3.11/site-packages/airflow/example_dags/example_branch_python_dop_operator_3.py for tasks to queue
[2026-05-24T16:16:30.484+0000] {logging_mixin.py:188} INFO - [2026-05-24T16:16:30.483+0000] {dagbag.py:545} INFO - Filling up the DagBag from /home/varn1t/ml-pipeline/venv/lib/python3.11/site-packages/airflow/example_dags/example_branch_python_dop_operator_3.py
[2026-05-24T16:16:30.491+0000] {processor.py:840} INFO - DAG(s) 'example_branch_dop_operator_v3' retrieved from /home/varn1t/ml-pipeline/venv/lib/python3.11/site-packages/airflow/example_dags/example_branch_python_dop_operator_3.py
[2026-05-24T16:16:30.507+0000] {logging_mixin.py:188} INFO - [2026-05-24T16:16:30.507+0000] {dag.py:3096} INFO - Sync 1 DAGs
[2026-05-24T16:16:30.525+0000] {logging_mixin.py:188} INFO - [2026-05-24T16:16:30.525+0000] {dag.py:3954} INFO - Setting next_dagrun for example_branch_dop_operator_v3 to 2026-05-24 16:15:00+00:00, run_after=2026-05-24 16:16:00+00:00
[2026-05-24T16:16:30.542+0000] {processor.py:183} INFO - Processing /home/varn1t/ml-pipeline/venv/lib/python3.11/site-packages/airflow/example_dags/example_branch_python_dop_operator_3.py took 0.067 seconds
[2026-05-24T16:17:32.704+0000] {processor.py:161} INFO - Started process (PID=17715) to work on /home/varn1t/ml-pipeline/venv/lib/python3.11/site-packages/airflow/example_dags/example_branch_python_dop_operator_3.py
[2026-05-24T16:17:32.705+0000] {processor.py:830} INFO - Processing file /home/varn1t/ml-pipeline/venv/lib/python3.11/site-packages/airflow/example_dags/example_branch_python_dop_operator_3.py for tasks to queue
[2026-05-24T16:17:32.706+0000] {logging_mixin.py:188} INFO - [2026-05-24T16:17:32.706+0000] {dagbag.py:545} INFO - Filling up the DagBag from /home/varn1t/ml-pipeline/venv/lib/python3.11/site-packages/airflow/example_dags/example_branch_python_dop_operator_3.py
[2026-05-24T16:17:32.713+0000] {processor.py:840} INFO - DAG(s) 'example_branch_dop_operator_v3' retrieved from /home/varn1t/ml-pipeline/venv/lib/python3.11/site-packages/airflow/example_dags/example_branch_python_dop_operator_3.py
[2026-05-24T16:17:32.724+0000] {logging_mixin.py:188} INFO - [2026-05-24T16:17:32.724+0000] {dag.py:3096} INFO - Sync 1 DAGs
[2026-05-24T16:17:32.738+0000] {logging_mixin.py:188} INFO - [2026-05-24T16:17:32.738+0000] {dag.py:3954} INFO - Setting next_dagrun for example_branch_dop_operator_v3 to 2026-05-24 16:16:00+00:00, run_after=2026-05-24 16:17:00+00:00
[2026-05-24T16:17:32.759+0000] {processor.py:183} INFO - Processing /home/varn1t/ml-pipeline/venv/lib/python3.11/site-packages/airflow/example_dags/example_branch_python_dop_operator_3.py took 0.059 seconds
[2026-05-24T16:18:32.598+0000] {processor.py:161} INFO - Started process (PID=18200) to work on /home/varn1t/ml-pipeline/venv/lib/python3.11/site-packages/airflow/example_dags/example_branch_python_dop_operator_3.py
[2026-05-24T16:18:32.599+0000] {processor.py:830} INFO - Processing file /home/varn1t/ml-pipeline/venv/lib/python3.11/site-packages/airflow/example_dags/example_branch_python_dop_operator_3.py for tasks to queue
[2026-05-24T16:18:32.600+0000] {logging_mixin.py:188} INFO - [2026-05-24T16:18:32.600+0000] {dagbag.py:545} INFO - Filling up the DagBag from /home/varn1t/ml-pipeline/venv/lib/python3.11/site-packages/airflow/example_dags/example_branch_python_dop_operator_3.py
[2026-05-24T16:18:32.607+0000] {processor.py:840} INFO - DAG(s) 'example_branch_dop_operator_v3' retrieved from /home/varn1t/ml-pipeline/venv/lib/python3.11/site-packages/airflow/example_dags/example_branch_python_dop_operator_3.py
[2026-05-24T16:18:32.621+0000] {logging_mixin.py:188} INFO - [2026-05-24T16:18:32.621+0000] {dag.py:3096} INFO - Sync 1 DAGs
[2026-05-24T16:18:32.640+0000] {logging_mixin.py:188} INFO - [2026-05-24T16:18:32.640+0000] {dag.py:3954} INFO - Setting next_dagrun for example_branch_dop_operator_v3 to 2026-05-24 16:17:00+00:00, run_after=2026-05-24 16:18:00+00:00
[2026-05-24T16:18:32.660+0000] {processor.py:183} INFO - Processing /home/varn1t/ml-pipeline/venv/lib/python3.11/site-packages/airflow/example_dags/example_branch_python_dop_operator_3.py took 0.069 seconds
[2026-05-24T16:19:40.091+0000] {processor.py:161} INFO - Started process (PID=18788) to work on /home/varn1t/ml-pipeline/venv/lib/python3.11/site-packages/airflow/example_dags/example_branch_python_dop_operator_3.py
[2026-05-24T16:19:40.092+0000] {processor.py:830} INFO - Processing file /home/varn1t/ml-pipeline/venv/lib/python3.11/site-packages/airflow/example_dags/example_branch_python_dop_operator_3.py for tasks to queue
[2026-05-24T16:19:40.094+0000] {logging_mixin.py:188} INFO - [2026-05-24T16:19:40.094+0000] {dagbag.py:545} INFO - Filling up the DagBag from /home/varn1t/ml-pipeline/venv/lib/python3.11/site-packages/airflow/example_dags/example_branch_python_dop_operator_3.py
[2026-05-24T16:19:40.101+0000] {processor.py:840} INFO - DAG(s) 'example_branch_dop_operator_v3' retrieved from /home/varn1t/ml-pipeline/venv/lib/python3.11/site-packages/airflow/example_dags/example_branch_python_dop_operator_3.py
[2026-05-24T16:19:40.114+0000] {logging_mixin.py:188} INFO - [2026-05-24T16:19:40.114+0000] {dag.py:3096} INFO - Sync 1 DAGs
[2026-05-24T16:19:40.130+0000] {logging_mixin.py:188} INFO - [2026-05-24T16:19:40.130+0000] {dag.py:3954} INFO - Setting next_dagrun for example_branch_dop_operator_v3 to 2026-05-24 16:18:00+00:00, run_after=2026-05-24 16:19:00+00:00
[2026-05-24T16:19:40.151+0000] {processor.py:183} INFO - Processing /home/varn1t/ml-pipeline/venv/lib/python3.11/site-packages/airflow/example_dags/example_branch_python_dop_operator_3.py took 0.064 seconds
[2026-05-24T16:20:43.744+0000] {processor.py:161} INFO - Started process (PID=19403) to work on /home/varn1t/ml-pipeline/venv/lib/python3.11/site-packages/airflow/example_dags/example_branch_python_dop_operator_3.py
[2026-05-24T16:20:43.745+0000] {processor.py:830} INFO - Processing file /home/varn1t/ml-pipeline/venv/lib/python3.11/site-packages/airflow/example_dags/example_branch_python_dop_operator_3.py for tasks to queue
[2026-05-24T16:20:43.746+0000] {logging_mixin.py:188} INFO - [2026-05-24T16:20:43.746+0000] {dagbag.py:545} INFO - Filling up the DagBag from /home/varn1t/ml-pipeline/venv/lib/python3.11/site-packages/airflow/example_dags/example_branch_python_dop_operator_3.py
[2026-05-24T16:20:43.751+0000] {processor.py:840} INFO - DAG(s) 'example_branch_dop_operator_v3' retrieved from /home/varn1t/ml-pipeline/venv/lib/python3.11/site-packages/airflow/example_dags/example_branch_python_dop_operator_3.py
[2026-05-24T16:20:43.765+0000] {logging_mixin.py:188} INFO - [2026-05-24T16:20:43.765+0000] {dag.py:3096} INFO - Sync 1 DAGs
[2026-05-24T16:20:43.778+0000] {logging_mixin.py:188} INFO - [2026-05-24T16:20:43.778+0000] {dag.py:3954} INFO - Setting next_dagrun for example_branch_dop_operator_v3 to 2026-05-24 16:19:00+00:00, run_after=2026-05-24 16:20:00+00:00
[2026-05-24T16:20:43.793+0000] {processor.py:183} INFO - Processing /home/varn1t/ml-pipeline/venv/lib/python3.11/site-packages/airflow/example_dags/example_branch_python_dop_operator_3.py took 0.054 seconds
[2026-05-24T16:21:47.420+0000] {processor.py:161} INFO - Started process (PID=19812) to work on /home/varn1t/ml-pipeline/venv/lib/python3.11/site-packages/airflow/example_dags/example_branch_python_dop_operator_3.py
[2026-05-24T16:21:47.421+0000] {processor.py:830} INFO - Processing file /home/varn1t/ml-pipeline/venv/lib/python3.11/site-packages/airflow/example_dags/example_branch_python_dop_operator_3.py for tasks to queue
[2026-05-24T16:21:47.423+0000] {logging_mixin.py:188} INFO - [2026-05-24T16:21:47.423+0000] {dagbag.py:545} INFO - Filling up the DagBag from /home/varn1t/ml-pipeline/venv/lib/python3.11/site-packages/airflow/example_dags/example_branch_python_dop_operator_3.py
[2026-05-24T16:21:47.430+0000] {processor.py:840} INFO - DAG(s) 'example_branch_dop_operator_v3' retrieved from /home/varn1t/ml-pipeline/venv/lib/python3.11/site-packages/airflow/example_dags/example_branch_python_dop_operator_3.py
[2026-05-24T16:21:47.441+0000] {logging_mixin.py:188} INFO - [2026-05-24T16:21:47.441+0000] {dag.py:3096} INFO - Sync 1 DAGs
[2026-05-24T16:21:47.458+0000] {logging_mixin.py:188} INFO - [2026-05-24T16:21:47.458+0000] {dag.py:3954} INFO - Setting next_dagrun for example_branch_dop_operator_v3 to 2026-05-24 16:20:00+00:00, run_after=2026-05-24 16:21:00+00:00
[2026-05-24T16:21:47.477+0000] {processor.py:183} INFO - Processing /home/varn1t/ml-pipeline/venv/lib/python3.11/site-packages/airflow/example_dags/example_branch_python_dop_operator_3.py took 0.061 seconds
[2026-05-24T16:22:50.449+0000] {processor.py:161} INFO - Started process (PID=20183) to work on /home/varn1t/ml-pipeline/venv/lib/python3.11/site-packages/airflow/example_dags/example_branch_python_dop_operator_3.py
[2026-05-24T16:22:50.450+0000] {processor.py:830} INFO - Processing file /home/varn1t/ml-pipeline/venv/lib/python3.11/site-packages/airflow/example_dags/example_branch_python_dop_operator_3.py for tasks to queue
[2026-05-24T16:22:50.451+0000] {logging_mixin.py:188} INFO - [2026-05-24T16:22:50.451+0000] {dagbag.py:545} INFO - Filling up the DagBag from /home/varn1t/ml-pipeline/venv/lib/python3.11/site-packages/airflow/example_dags/example_branch_python_dop_operator_3.py
[2026-05-24T16:22:50.458+0000] {processor.py:840} INFO - DAG(s) 'example_branch_dop_operator_v3' retrieved from /home/varn1t/ml-pipeline/venv/lib/python3.11/site-packages/airflow/example_dags/example_branch_python_dop_operator_3.py
[2026-05-24T16:22:50.467+0000] {logging_mixin.py:188} INFO - [2026-05-24T16:22:50.467+0000] {dag.py:3096} INFO - Sync 1 DAGs
[2026-05-24T16:22:50.479+0000] {logging_mixin.py:188} INFO - [2026-05-24T16:22:50.479+0000] {dag.py:3954} INFO - Setting next_dagrun for example_branch_dop_operator_v3 to 2026-05-24 16:21:00+00:00, run_after=2026-05-24 16:22:00+00:00
[2026-05-24T16:22:50.494+0000] {processor.py:183} INFO - Processing /home/varn1t/ml-pipeline/venv/lib/python3.11/site-packages/airflow/example_dags/example_branch_python_dop_operator_3.py took 0.049 seconds
[2026-05-24T16:23:48.528+0000] {processor.py:161} INFO - Started process (PID=20430) to work on /home/varn1t/ml-pipeline/venv/lib/python3.11/site-packages/airflow/example_dags/example_branch_python_dop_operator_3.py
[2026-05-24T16:23:48.529+0000] {processor.py:830} INFO - Processing file /home/varn1t/ml-pipeline/venv/lib/python3.11/site-packages/airflow/example_dags/example_branch_python_dop_operator_3.py for tasks to queue
[2026-05-24T16:23:48.530+0000] {logging_mixin.py:188} INFO - [2026-05-24T16:23:48.530+0000] {dagbag.py:545} INFO - Filling up the DagBag from /home/varn1t/ml-pipeline/venv/lib/python3.11/site-packages/airflow/example_dags/example_branch_python_dop_operator_3.py
[2026-05-24T16:23:48.538+0000] {processor.py:840} INFO - DAG(s) 'example_branch_dop_operator_v3' retrieved from /home/varn1t/ml-pipeline/venv/lib/python3.11/site-packages/airflow/example_dags/example_branch_python_dop_operator_3.py
[2026-05-24T16:23:48.551+0000] {logging_mixin.py:188} INFO - [2026-05-24T16:23:48.551+0000] {dag.py:3096} INFO - Sync 1 DAGs
[2026-05-24T16:23:48.563+0000] {logging_mixin.py:188} INFO - [2026-05-24T16:23:48.562+0000] {dag.py:3954} INFO - Setting next_dagrun for example_branch_dop_operator_v3 to 2026-05-24 16:22:00+00:00, run_after=2026-05-24 16:23:00+00:00
[2026-05-24T16:23:48.577+0000] {processor.py:183} INFO - Processing /home/varn1t/ml-pipeline/venv/lib/python3.11/site-packages/airflow/example_dags/example_branch_python_dop_operator_3.py took 0.053 seconds
[2026-05-24T16:24:55.445+0000] {processor.py:161} INFO - Started process (PID=20727) to work on /home/varn1t/ml-pipeline/venv/lib/python3.11/site-packages/airflow/example_dags/example_branch_python_dop_operator_3.py
[2026-05-24T16:24:55.446+0000] {processor.py:830} INFO - Processing file /home/varn1t/ml-pipeline/venv/lib/python3.11/site-packages/airflow/example_dags/example_branch_python_dop_operator_3.py for tasks to queue
[2026-05-24T16:24:55.448+0000] {logging_mixin.py:188} INFO - [2026-05-24T16:24:55.447+0000] {dagbag.py:545} INFO - Filling up the DagBag from /home/varn1t/ml-pipeline/venv/lib/python3.11/site-packages/airflow/example_dags/example_branch_python_dop_operator_3.py
[2026-05-24T16:24:55.453+0000] {processor.py:840} INFO - DAG(s) 'example_branch_dop_operator_v3' retrieved from /home/varn1t/ml-pipeline/venv/lib/python3.11/site-packages/airflow/example_dags/example_branch_python_dop_operator_3.py
[2026-05-24T16:24:55.463+0000] {logging_mixin.py:188} INFO - [2026-05-24T16:24:55.463+0000] {dag.py:3096} INFO - Sync 1 DAGs
[2026-05-24T16:24:55.475+0000] {logging_mixin.py:188} INFO - [2026-05-24T16:24:55.475+0000] {dag.py:3954} INFO - Setting next_dagrun for example_branch_dop_operator_v3 to 2026-05-24 16:23:00+00:00, run_after=2026-05-24 16:24:00+00:00
[2026-05-24T16:24:55.489+0000] {processor.py:183} INFO - Processing /home/varn1t/ml-pipeline/venv/lib/python3.11/site-packages/airflow/example_dags/example_branch_python_dop_operator_3.py took 0.047 seconds
[2026-05-24T16:26:01.201+0000] {processor.py:161} INFO - Started process (PID=21080) to work on /home/varn1t/ml-pipeline/venv/lib/python3.11/site-packages/airflow/example_dags/example_branch_python_dop_operator_3.py
[2026-05-24T16:26:01.202+0000] {processor.py:830} INFO - Processing file /home/varn1t/ml-pipeline/venv/lib/python3.11/site-packages/airflow/example_dags/example_branch_python_dop_operator_3.py for tasks to queue
[2026-05-24T16:26:01.204+0000] {logging_mixin.py:188} INFO - [2026-05-24T16:26:01.203+0000] {dagbag.py:545} INFO - Filling up the DagBag from /home/varn1t/ml-pipeline/venv/lib/python3.11/site-packages/airflow/example_dags/example_branch_python_dop_operator_3.py
[2026-05-24T16:26:01.210+0000] {processor.py:840} INFO - DAG(s) 'example_branch_dop_operator_v3' retrieved from /home/varn1t/ml-pipeline/venv/lib/python3.11/site-packages/airflow/example_dags/example_branch_python_dop_operator_3.py
[2026-05-24T16:26:01.222+0000] {logging_mixin.py:188} INFO - [2026-05-24T16:26:01.222+0000] {dag.py:3096} INFO - Sync 1 DAGs
[2026-05-24T16:26:01.239+0000] {logging_mixin.py:188} INFO - [2026-05-24T16:26:01.238+0000] {dag.py:3954} INFO - Setting next_dagrun for example_branch_dop_operator_v3 to 2026-05-24 16:25:00+00:00, run_after=2026-05-24 16:26:00+00:00
[2026-05-24T16:26:01.260+0000] {processor.py:183} INFO - Processing /home/varn1t/ml-pipeline/venv/lib/python3.11/site-packages/airflow/example_dags/example_branch_python_dop_operator_3.py took 0.063 seconds
[2026-05-24T16:27:05.960+0000] {processor.py:161} INFO - Started process (PID=21468) to work on /home/varn1t/ml-pipeline/venv/lib/python3.11/site-packages/airflow/example_dags/example_branch_python_dop_operator_3.py
[2026-05-24T16:27:05.960+0000] {processor.py:830} INFO - Processing file /home/varn1t/ml-pipeline/venv/lib/python3.11/site-packages/airflow/example_dags/example_branch_python_dop_operator_3.py for tasks to queue
[2026-05-24T16:27:05.962+0000] {logging_mixin.py:188} INFO - [2026-05-24T16:27:05.961+0000] {dagbag.py:545} INFO - Filling up the DagBag from /home/varn1t/ml-pipeline/venv/lib/python3.11/site-packages/airflow/example_dags/example_branch_python_dop_operator_3.py
[2026-05-24T16:27:05.967+0000] {processor.py:840} INFO - DAG(s) 'example_branch_dop_operator_v3' retrieved from /home/varn1t/ml-pipeline/venv/lib/python3.11/site-packages/airflow/example_dags/example_branch_python_dop_operator_3.py
[2026-05-24T16:27:05.977+0000] {logging_mixin.py:188} INFO - [2026-05-24T16:27:05.977+0000] {dag.py:3096} INFO - Sync 1 DAGs
[2026-05-24T16:27:05.988+0000] {logging_mixin.py:188} INFO - [2026-05-24T16:27:05.988+0000] {dag.py:3954} INFO - Setting next_dagrun for example_branch_dop_operator_v3 to 2026-05-24 16:26:00+00:00, run_after=2026-05-24 16:27:00+00:00
[2026-05-24T16:27:06.002+0000] {processor.py:183} INFO - Processing /home/varn1t/ml-pipeline/venv/lib/python3.11/site-packages/airflow/example_dags/example_branch_python_dop_operator_3.py took 0.046 seconds
[2026-05-24T16:28:11.853+0000] {processor.py:161} INFO - Started process (PID=22066) to work on /home/varn1t/ml-pipeline/venv/lib/python3.11/site-packages/airflow/example_dags/example_branch_python_dop_operator_3.py
[2026-05-24T16:28:11.854+0000] {processor.py:830} INFO - Processing file /home/varn1t/ml-pipeline/venv/lib/python3.11/site-packages/airflow/example_dags/example_branch_python_dop_operator_3.py for tasks to queue
[2026-05-24T16:28:11.855+0000] {logging_mixin.py:188} INFO - [2026-05-24T16:28:11.855+0000] {dagbag.py:545} INFO - Filling up the DagBag from /home/varn1t/ml-pipeline/venv/lib/python3.11/site-packages/airflow/example_dags/example_branch_python_dop_operator_3.py
[2026-05-24T16:28:11.861+0000] {processor.py:840} INFO - DAG(s) 'example_branch_dop_operator_v3' retrieved from /home/varn1t/ml-pipeline/venv/lib/python3.11/site-packages/airflow/example_dags/example_branch_python_dop_operator_3.py
[2026-05-24T16:28:11.871+0000] {logging_mixin.py:188} INFO - [2026-05-24T16:28:11.871+0000] {dag.py:3096} INFO - Sync 1 DAGs
[2026-05-24T16:28:11.885+0000] {logging_mixin.py:188} INFO - [2026-05-24T16:28:11.885+0000] {dag.py:3954} INFO - Setting next_dagrun for example_branch_dop_operator_v3 to 2026-05-24 16:27:00+00:00, run_after=2026-05-24 16:28:00+00:00
[2026-05-24T16:28:11.910+0000] {processor.py:183} INFO - Processing /home/varn1t/ml-pipeline/venv/lib/python3.11/site-packages/airflow/example_dags/example_branch_python_dop_operator_3.py took 0.061 seconds
[2026-05-24T16:29:14.343+0000] {processor.py:161} INFO - Started process (PID=22561) to work on /home/varn1t/ml-pipeline/venv/lib/python3.11/site-packages/airflow/example_dags/example_branch_python_dop_operator_3.py
[2026-05-24T16:29:14.344+0000] {processor.py:830} INFO - Processing file /home/varn1t/ml-pipeline/venv/lib/python3.11/site-packages/airflow/example_dags/example_branch_python_dop_operator_3.py for tasks to queue
[2026-05-24T16:29:14.346+0000] {logging_mixin.py:188} INFO - [2026-05-24T16:29:14.345+0000] {dagbag.py:545} INFO - Filling up the DagBag from /home/varn1t/ml-pipeline/venv/lib/python3.11/site-packages/airflow/example_dags/example_branch_python_dop_operator_3.py
[2026-05-24T16:29:14.351+0000] {processor.py:840} INFO - DAG(s) 'example_branch_dop_operator_v3' retrieved from /home/varn1t/ml-pipeline/venv/lib/python3.11/site-packages/airflow/example_dags/example_branch_python_dop_operator_3.py
[2026-05-24T16:29:14.360+0000] {logging_mixin.py:188} INFO - [2026-05-24T16:29:14.360+0000] {dag.py:3096} INFO - Sync 1 DAGs
[2026-05-24T16:29:14.373+0000] {logging_mixin.py:188} INFO - [2026-05-24T16:29:14.373+0000] {dag.py:3954} INFO - Setting next_dagrun for example_branch_dop_operator_v3 to 2026-05-24 16:28:00+00:00, run_after=2026-05-24 16:29:00+00:00
[2026-05-24T16:29:14.391+0000] {processor.py:183} INFO - Processing /home/varn1t/ml-pipeline/venv/lib/python3.11/site-packages/airflow/example_dags/example_branch_python_dop_operator_3.py took 0.052 seconds
[2026-05-24T16:30:19.427+0000] {processor.py:161} INFO - Started process (PID=22840) to work on /home/varn1t/ml-pipeline/venv/lib/python3.11/site-packages/airflow/example_dags/example_branch_python_dop_operator_3.py
[2026-05-24T16:30:19.428+0000] {processor.py:830} INFO - Processing file /home/varn1t/ml-pipeline/venv/lib/python3.11/site-packages/airflow/example_dags/example_branch_python_dop_operator_3.py for tasks to queue
[2026-05-24T16:30:19.429+0000] {logging_mixin.py:188} INFO - [2026-05-24T16:30:19.429+0000] {dagbag.py:545} INFO - Filling up the DagBag from /home/varn1t/ml-pipeline/venv/lib/python3.11/site-packages/airflow/example_dags/example_branch_python_dop_operator_3.py
[2026-05-24T16:30:19.437+0000] {processor.py:840} INFO - DAG(s) 'example_branch_dop_operator_v3' retrieved from /home/varn1t/ml-pipeline/venv/lib/python3.11/site-packages/airflow/example_dags/example_branch_python_dop_operator_3.py
[2026-05-24T16:30:19.449+0000] {logging_mixin.py:188} INFO - [2026-05-24T16:30:19.449+0000] {dag.py:3096} INFO - Sync 1 DAGs
[2026-05-24T16:30:19.468+0000] {logging_mixin.py:188} INFO - [2026-05-24T16:30:19.468+0000] {dag.py:3954} INFO - Setting next_dagrun for example_branch_dop_operator_v3 to 2026-05-24 16:29:00+00:00, run_after=2026-05-24 16:30:00+00:00
[2026-05-24T16:30:19.487+0000] {processor.py:183} INFO - Processing /home/varn1t/ml-pipeline/venv/lib/python3.11/site-packages/airflow/example_dags/example_branch_python_dop_operator_3.py took 0.066 seconds
[2026-05-24T16:31:24.769+0000] {processor.py:161} INFO - Started process (PID=23200) to work on /home/varn1t/ml-pipeline/venv/lib/python3.11/site-packages/airflow/example_dags/example_branch_python_dop_operator_3.py
[2026-05-24T16:31:24.770+0000] {processor.py:830} INFO - Processing file /home/varn1t/ml-pipeline/venv/lib/python3.11/site-packages/airflow/example_dags/example_branch_python_dop_operator_3.py for tasks to queue
[2026-05-24T16:31:24.772+0000] {logging_mixin.py:188} INFO - [2026-05-24T16:31:24.771+0000] {dagbag.py:545} INFO - Filling up the DagBag from /home/varn1t/ml-pipeline/venv/lib/python3.11/site-packages/airflow/example_dags/example_branch_python_dop_operator_3.py
[2026-05-24T16:31:24.779+0000] {processor.py:840} INFO - DAG(s) 'example_branch_dop_operator_v3' retrieved from /home/varn1t/ml-pipeline/venv/lib/python3.11/site-packages/airflow/example_dags/example_branch_python_dop_operator_3.py
[2026-05-24T16:31:24.791+0000] {logging_mixin.py:188} INFO - [2026-05-24T16:31:24.791+0000] {dag.py:3096} INFO - Sync 1 DAGs
[2026-05-24T16:31:24.806+0000] {logging_mixin.py:188} INFO - [2026-05-24T16:31:24.806+0000] {dag.py:3954} INFO - Setting next_dagrun for example_branch_dop_operator_v3 to 2026-05-24 16:30:00+00:00, run_after=2026-05-24 16:31:00+00:00
[2026-05-24T16:31:24.823+0000] {processor.py:183} INFO - Processing /home/varn1t/ml-pipeline/venv/lib/python3.11/site-packages/airflow/example_dags/example_branch_python_dop_operator_3.py took 0.059 seconds
[2026-05-24T16:32:33.486+0000] {processor.py:161} INFO - Started process (PID=23718) to work on /home/varn1t/ml-pipeline/venv/lib/python3.11/site-packages/airflow/example_dags/example_branch_python_dop_operator_3.py
[2026-05-24T16:32:33.487+0000] {processor.py:830} INFO - Processing file /home/varn1t/ml-pipeline/venv/lib/python3.11/site-packages/airflow/example_dags/example_branch_python_dop_operator_3.py for tasks to queue
[2026-05-24T16:32:33.488+0000] {logging_mixin.py:188} INFO - [2026-05-24T16:32:33.488+0000] {dagbag.py:545} INFO - Filling up the DagBag from /home/varn1t/ml-pipeline/venv/lib/python3.11/site-packages/airflow/example_dags/example_branch_python_dop_operator_3.py
[2026-05-24T16:32:33.494+0000] {processor.py:840} INFO - DAG(s) 'example_branch_dop_operator_v3' retrieved from /home/varn1t/ml-pipeline/venv/lib/python3.11/site-packages/airflow/example_dags/example_branch_python_dop_operator_3.py
[2026-05-24T16:32:33.506+0000] {logging_mixin.py:188} INFO - [2026-05-24T16:32:33.506+0000] {dag.py:3096} INFO - Sync 1 DAGs
[2026-05-24T16:32:33.521+0000] {logging_mixin.py:188} INFO - [2026-05-24T16:32:33.521+0000] {dag.py:3954} INFO - Setting next_dagrun for example_branch_dop_operator_v3 to 2026-05-24 16:31:00+00:00, run_after=2026-05-24 16:32:00+00:00
[2026-05-24T16:32:33.539+0000] {processor.py:183} INFO - Processing /home/varn1t/ml-pipeline/venv/lib/python3.11/site-packages/airflow/example_dags/example_branch_python_dop_operator_3.py took 0.059 seconds
[2026-05-24T16:33:44.666+0000] {processor.py:161} INFO - Started process (PID=24264) to work on /home/varn1t/ml-pipeline/venv/lib/python3.11/site-packages/airflow/example_dags/example_branch_python_dop_operator_3.py
[2026-05-24T16:33:44.668+0000] {processor.py:830} INFO - Processing file /home/varn1t/ml-pipeline/venv/lib/python3.11/site-packages/airflow/example_dags/example_branch_python_dop_operator_3.py for tasks to queue
[2026-05-24T16:33:44.669+0000] {logging_mixin.py:188} INFO - [2026-05-24T16:33:44.669+0000] {dagbag.py:545} INFO - Filling up the DagBag from /home/varn1t/ml-pipeline/venv/lib/python3.11/site-packages/airflow/example_dags/example_branch_python_dop_operator_3.py
[2026-05-24T16:33:44.677+0000] {processor.py:840} INFO - DAG(s) 'example_branch_dop_operator_v3' retrieved from /home/varn1t/ml-pipeline/venv/lib/python3.11/site-packages/airflow/example_dags/example_branch_python_dop_operator_3.py
[2026-05-24T16:33:44.689+0000] {logging_mixin.py:188} INFO - [2026-05-24T16:33:44.689+0000] {dag.py:3096} INFO - Sync 1 DAGs
[2026-05-24T16:33:44.702+0000] {logging_mixin.py:188} INFO - [2026-05-24T16:33:44.702+0000] {dag.py:3954} INFO - Setting next_dagrun for example_branch_dop_operator_v3 to 2026-05-24 16:32:00+00:00, run_after=2026-05-24 16:33:00+00:00
[2026-05-24T16:33:44.723+0000] {processor.py:183} INFO - Processing /home/varn1t/ml-pipeline/venv/lib/python3.11/site-packages/airflow/example_dags/example_branch_python_dop_operator_3.py took 0.061 seconds
[2026-05-24T16:34:42.196+0000] {processor.py:161} INFO - Started process (PID=24521) to work on /home/varn1t/ml-pipeline/venv/lib/python3.11/site-packages/airflow/example_dags/example_branch_python_dop_operator_3.py
[2026-05-24T16:34:42.197+0000] {processor.py:830} INFO - Processing file /home/varn1t/ml-pipeline/venv/lib/python3.11/site-packages/airflow/example_dags/example_branch_python_dop_operator_3.py for tasks to queue
[2026-05-24T16:34:42.199+0000] {logging_mixin.py:188} INFO - [2026-05-24T16:34:42.198+0000] {dagbag.py:545} INFO - Filling up the DagBag from /home/varn1t/ml-pipeline/venv/lib/python3.11/site-packages/airflow/example_dags/example_branch_python_dop_operator_3.py
[2026-05-24T16:34:42.205+0000] {processor.py:840} INFO - DAG(s) 'example_branch_dop_operator_v3' retrieved from /home/varn1t/ml-pipeline/venv/lib/python3.11/site-packages/airflow/example_dags/example_branch_python_dop_operator_3.py
[2026-05-24T16:34:42.215+0000] {logging_mixin.py:188} INFO - [2026-05-24T16:34:42.215+0000] {dag.py:3096} INFO - Sync 1 DAGs
[2026-05-24T16:34:42.227+0000] {logging_mixin.py:188} INFO - [2026-05-24T16:34:42.226+0000] {dag.py:3954} INFO - Setting next_dagrun for example_branch_dop_operator_v3 to 2026-05-24 16:33:00+00:00, run_after=2026-05-24 16:34:00+00:00
[2026-05-24T16:34:42.244+0000] {processor.py:183} INFO - Processing /home/varn1t/ml-pipeline/venv/lib/python3.11/site-packages/airflow/example_dags/example_branch_python_dop_operator_3.py took 0.052 seconds
[2026-05-24T16:35:46.677+0000] {processor.py:161} INFO - Started process (PID=24817) to work on /home/varn1t/ml-pipeline/venv/lib/python3.11/site-packages/airflow/example_dags/example_branch_python_dop_operator_3.py
[2026-05-24T16:35:46.679+0000] {processor.py:830} INFO - Processing file /home/varn1t/ml-pipeline/venv/lib/python3.11/site-packages/airflow/example_dags/example_branch_python_dop_operator_3.py for tasks to queue
[2026-05-24T16:35:46.680+0000] {logging_mixin.py:188} INFO - [2026-05-24T16:35:46.680+0000] {dagbag.py:545} INFO - Filling up the DagBag from /home/varn1t/ml-pipeline/venv/lib/python3.11/site-packages/airflow/example_dags/example_branch_python_dop_operator_3.py
[2026-05-24T16:35:46.686+0000] {processor.py:840} INFO - DAG(s) 'example_branch_dop_operator_v3' retrieved from /home/varn1t/ml-pipeline/venv/lib/python3.11/site-packages/airflow/example_dags/example_branch_python_dop_operator_3.py
[2026-05-24T16:35:46.696+0000] {logging_mixin.py:188} INFO - [2026-05-24T16:35:46.696+0000] {dag.py:3096} INFO - Sync 1 DAGs
[2026-05-24T16:35:46.707+0000] {logging_mixin.py:188} INFO - [2026-05-24T16:35:46.707+0000] {dag.py:3954} INFO - Setting next_dagrun for example_branch_dop_operator_v3 to 2026-05-24 16:34:00+00:00, run_after=2026-05-24 16:35:00+00:00
[2026-05-24T16:35:46.721+0000] {processor.py:183} INFO - Processing /home/varn1t/ml-pipeline/venv/lib/python3.11/site-packages/airflow/example_dags/example_branch_python_dop_operator_3.py took 0.048 seconds
[2026-05-24T16:36:51.683+0000] {processor.py:161} INFO - Started process (PID=25120) to work on /home/varn1t/ml-pipeline/venv/lib/python3.11/site-packages/airflow/example_dags/example_branch_python_dop_operator_3.py
[2026-05-24T16:36:51.684+0000] {processor.py:830} INFO - Processing file /home/varn1t/ml-pipeline/venv/lib/python3.11/site-packages/airflow/example_dags/example_branch_python_dop_operator_3.py for tasks to queue
[2026-05-24T16:36:51.685+0000] {logging_mixin.py:188} INFO - [2026-05-24T16:36:51.685+0000] {dagbag.py:545} INFO - Filling up the DagBag from /home/varn1t/ml-pipeline/venv/lib/python3.11/site-packages/airflow/example_dags/example_branch_python_dop_operator_3.py
[2026-05-24T16:36:51.690+0000] {processor.py:840} INFO - DAG(s) 'example_branch_dop_operator_v3' retrieved from /home/varn1t/ml-pipeline/venv/lib/python3.11/site-packages/airflow/example_dags/example_branch_python_dop_operator_3.py
[2026-05-24T16:36:51.699+0000] {logging_mixin.py:188} INFO - [2026-05-24T16:36:51.699+0000] {dag.py:3096} INFO - Sync 1 DAGs
[2026-05-24T16:36:51.711+0000] {logging_mixin.py:188} INFO - [2026-05-24T16:36:51.711+0000] {dag.py:3954} INFO - Setting next_dagrun for example_branch_dop_operator_v3 to 2026-05-24 16:35:00+00:00, run_after=2026-05-24 16:36:00+00:00
[2026-05-24T16:36:51.724+0000] {processor.py:183} INFO - Processing /home/varn1t/ml-pipeline/venv/lib/python3.11/site-packages/airflow/example_dags/example_branch_python_dop_operator_3.py took 0.045 seconds
[2026-05-24T16:37:57.466+0000] {processor.py:161} INFO - Started process (PID=25419) to work on /home/varn1t/ml-pipeline/venv/lib/python3.11/site-packages/airflow/example_dags/example_branch_python_dop_operator_3.py
[2026-05-24T16:37:57.466+0000] {processor.py:830} INFO - Processing file /home/varn1t/ml-pipeline/venv/lib/python3.11/site-packages/airflow/example_dags/example_branch_python_dop_operator_3.py for tasks to queue
[2026-05-24T16:37:57.468+0000] {logging_mixin.py:188} INFO - [2026-05-24T16:37:57.467+0000] {dagbag.py:545} INFO - Filling up the DagBag from /home/varn1t/ml-pipeline/venv/lib/python3.11/site-packages/airflow/example_dags/example_branch_python_dop_operator_3.py
[2026-05-24T16:37:57.473+0000] {processor.py:840} INFO - DAG(s) 'example_branch_dop_operator_v3' retrieved from /home/varn1t/ml-pipeline/venv/lib/python3.11/site-packages/airflow/example_dags/example_branch_python_dop_operator_3.py
[2026-05-24T16:37:57.482+0000] {logging_mixin.py:188} INFO - [2026-05-24T16:37:57.482+0000] {dag.py:3096} INFO - Sync 1 DAGs
[2026-05-24T16:37:57.495+0000] {logging_mixin.py:188} INFO - [2026-05-24T16:37:57.495+0000] {dag.py:3954} INFO - Setting next_dagrun for example_branch_dop_operator_v3 to 2026-05-24 16:36:00+00:00, run_after=2026-05-24 16:37:00+00:00
[2026-05-24T16:37:57.511+0000] {processor.py:183} INFO - Processing /home/varn1t/ml-pipeline/venv/lib/python3.11/site-packages/airflow/example_dags/example_branch_python_dop_operator_3.py took 0.049 seconds
[2026-05-24T16:39:02.973+0000] {processor.py:161} INFO - Started process (PID=25703) to work on /home/varn1t/ml-pipeline/venv/lib/python3.11/site-packages/airflow/example_dags/example_branch_python_dop_operator_3.py
[2026-05-24T16:39:02.974+0000] {processor.py:830} INFO - Processing file /home/varn1t/ml-pipeline/venv/lib/python3.11/site-packages/airflow/example_dags/example_branch_python_dop_operator_3.py for tasks to queue
[2026-05-24T16:39:02.977+0000] {logging_mixin.py:188} INFO - [2026-05-24T16:39:02.977+0000] {dagbag.py:545} INFO - Filling up the DagBag from /home/varn1t/ml-pipeline/venv/lib/python3.11/site-packages/airflow/example_dags/example_branch_python_dop_operator_3.py
[2026-05-24T16:39:02.984+0000] {processor.py:840} INFO - DAG(s) 'example_branch_dop_operator_v3' retrieved from /home/varn1t/ml-pipeline/venv/lib/python3.11/site-packages/airflow/example_dags/example_branch_python_dop_operator_3.py
[2026-05-24T16:39:02.994+0000] {logging_mixin.py:188} INFO - [2026-05-24T16:39:02.994+0000] {dag.py:3096} INFO - Sync 1 DAGs
[2026-05-24T16:39:03.008+0000] {logging_mixin.py:188} INFO - [2026-05-24T16:39:03.008+0000] {dag.py:3954} INFO - Setting next_dagrun for example_branch_dop_operator_v3 to 2026-05-24 16:38:00+00:00, run_after=2026-05-24 16:39:00+00:00
[2026-05-24T16:39:03.024+0000] {processor.py:183} INFO - Processing /home/varn1t/ml-pipeline/venv/lib/python3.11/site-packages/airflow/example_dags/example_branch_python_dop_operator_3.py took 0.055 seconds
[2026-05-24T16:40:07.338+0000] {processor.py:161} INFO - Started process (PID=26031) to work on /home/varn1t/ml-pipeline/venv/lib/python3.11/site-packages/airflow/example_dags/example_branch_python_dop_operator_3.py
[2026-05-24T16:40:07.339+0000] {processor.py:830} INFO - Processing file /home/varn1t/ml-pipeline/venv/lib/python3.11/site-packages/airflow/example_dags/example_branch_python_dop_operator_3.py for tasks to queue
[2026-05-24T16:40:07.340+0000] {logging_mixin.py:188} INFO - [2026-05-24T16:40:07.340+0000] {dagbag.py:545} INFO - Filling up the DagBag from /home/varn1t/ml-pipeline/venv/lib/python3.11/site-packages/airflow/example_dags/example_branch_python_dop_operator_3.py
[2026-05-24T16:40:07.345+0000] {processor.py:840} INFO - DAG(s) 'example_branch_dop_operator_v3' retrieved from /home/varn1t/ml-pipeline/venv/lib/python3.11/site-packages/airflow/example_dags/example_branch_python_dop_operator_3.py
[2026-05-24T16:40:07.354+0000] {logging_mixin.py:188} INFO - [2026-05-24T16:40:07.354+0000] {dag.py:3096} INFO - Sync 1 DAGs
[2026-05-24T16:40:07.367+0000] {logging_mixin.py:188} INFO - [2026-05-24T16:40:07.367+0000] {dag.py:3954} INFO - Setting next_dagrun for example_branch_dop_operator_v3 to 2026-05-24 16:39:00+00:00, run_after=2026-05-24 16:40:00+00:00
[2026-05-24T16:40:07.383+0000] {processor.py:183} INFO - Processing /home/varn1t/ml-pipeline/venv/lib/python3.11/site-packages/airflow/example_dags/example_branch_python_dop_operator_3.py took 0.048 seconds
[2026-05-24T16:41:10.405+0000] {processor.py:161} INFO - Started process (PID=26300) to work on /home/varn1t/ml-pipeline/venv/lib/python3.11/site-packages/airflow/example_dags/example_branch_python_dop_operator_3.py
[2026-05-24T16:41:10.406+0000] {processor.py:830} INFO - Processing file /home/varn1t/ml-pipeline/venv/lib/python3.11/site-packages/airflow/example_dags/example_branch_python_dop_operator_3.py for tasks to queue
[2026-05-24T16:41:10.407+0000] {logging_mixin.py:188} INFO - [2026-05-24T16:41:10.407+0000] {dagbag.py:545} INFO - Filling up the DagBag from /home/varn1t/ml-pipeline/venv/lib/python3.11/site-packages/airflow/example_dags/example_branch_python_dop_operator_3.py
[2026-05-24T16:41:10.414+0000] {processor.py:840} INFO - DAG(s) 'example_branch_dop_operator_v3' retrieved from /home/varn1t/ml-pipeline/venv/lib/python3.11/site-packages/airflow/example_dags/example_branch_python_dop_operator_3.py
[2026-05-24T16:41:10.424+0000] {logging_mixin.py:188} INFO - [2026-05-24T16:41:10.424+0000] {dag.py:3096} INFO - Sync 1 DAGs
[2026-05-24T16:41:10.439+0000] {logging_mixin.py:188} INFO - [2026-05-24T16:41:10.439+0000] {dag.py:3954} INFO - Setting next_dagrun for example_branch_dop_operator_v3 to 2026-05-24 16:40:00+00:00, run_after=2026-05-24 16:41:00+00:00
[2026-05-24T16:41:10.454+0000] {processor.py:183} INFO - Processing /home/varn1t/ml-pipeline/venv/lib/python3.11/site-packages/airflow/example_dags/example_branch_python_dop_operator_3.py took 0.053 seconds
[2026-05-24T16:42:07.558+0000] {processor.py:161} INFO - Started process (PID=26591) to work on /home/varn1t/ml-pipeline/venv/lib/python3.11/site-packages/airflow/example_dags/example_branch_python_dop_operator_3.py
[2026-05-24T16:42:07.558+0000] {processor.py:830} INFO - Processing file /home/varn1t/ml-pipeline/venv/lib/python3.11/site-packages/airflow/example_dags/example_branch_python_dop_operator_3.py for tasks to queue
[2026-05-24T16:42:07.560+0000] {logging_mixin.py:188} INFO - [2026-05-24T16:42:07.560+0000] {dagbag.py:545} INFO - Filling up the DagBag from /home/varn1t/ml-pipeline/venv/lib/python3.11/site-packages/airflow/example_dags/example_branch_python_dop_operator_3.py
[2026-05-24T16:42:07.565+0000] {processor.py:840} INFO - DAG(s) 'example_branch_dop_operator_v3' retrieved from /home/varn1t/ml-pipeline/venv/lib/python3.11/site-packages/airflow/example_dags/example_branch_python_dop_operator_3.py
[2026-05-24T16:42:07.575+0000] {logging_mixin.py:188} INFO - [2026-05-24T16:42:07.575+0000] {dag.py:3096} INFO - Sync 1 DAGs
[2026-05-24T16:42:07.587+0000] {logging_mixin.py:188} INFO - [2026-05-24T16:42:07.587+0000] {dag.py:3954} INFO - Setting next_dagrun for example_branch_dop_operator_v3 to 2026-05-24 16:41:00+00:00, run_after=2026-05-24 16:42:00+00:00
[2026-05-24T16:42:07.601+0000] {processor.py:183} INFO - Processing /home/varn1t/ml-pipeline/venv/lib/python3.11/site-packages/airflow/example_dags/example_branch_python_dop_operator_3.py took 0.048 seconds
[2026-05-24T16:43:14.682+0000] {processor.py:161} INFO - Started process (PID=26882) to work on /home/varn1t/ml-pipeline/venv/lib/python3.11/site-packages/airflow/example_dags/example_branch_python_dop_operator_3.py
[2026-05-24T16:43:14.683+0000] {processor.py:830} INFO - Processing file /home/varn1t/ml-pipeline/venv/lib/python3.11/site-packages/airflow/example_dags/example_branch_python_dop_operator_3.py for tasks to queue
[2026-05-24T16:43:14.684+0000] {logging_mixin.py:188} INFO - [2026-05-24T16:43:14.684+0000] {dagbag.py:545} INFO - Filling up the DagBag from /home/varn1t/ml-pipeline/venv/lib/python3.11/site-packages/airflow/example_dags/example_branch_python_dop_operator_3.py
[2026-05-24T16:43:14.690+0000] {processor.py:840} INFO - DAG(s) 'example_branch_dop_operator_v3' retrieved from /home/varn1t/ml-pipeline/venv/lib/python3.11/site-packages/airflow/example_dags/example_branch_python_dop_operator_3.py
[2026-05-24T16:43:14.700+0000] {logging_mixin.py:188} INFO - [2026-05-24T16:43:14.700+0000] {dag.py:3096} INFO - Sync 1 DAGs
[2026-05-24T16:43:14.715+0000] {logging_mixin.py:188} INFO - [2026-05-24T16:43:14.714+0000] {dag.py:3954} INFO - Setting next_dagrun for example_branch_dop_operator_v3 to 2026-05-24 16:42:00+00:00, run_after=2026-05-24 16:43:00+00:00
[2026-05-24T16:43:14.737+0000] {processor.py:183} INFO - Processing /home/varn1t/ml-pipeline/venv/lib/python3.11/site-packages/airflow/example_dags/example_branch_python_dop_operator_3.py took 0.060 seconds
[2026-05-24T16:44:21.676+0000] {processor.py:161} INFO - Started process (PID=27180) to work on /home/varn1t/ml-pipeline/venv/lib/python3.11/site-packages/airflow/example_dags/example_branch_python_dop_operator_3.py
[2026-05-24T16:44:21.677+0000] {processor.py:830} INFO - Processing file /home/varn1t/ml-pipeline/venv/lib/python3.11/site-packages/airflow/example_dags/example_branch_python_dop_operator_3.py for tasks to queue
[2026-05-24T16:44:21.678+0000] {logging_mixin.py:188} INFO - [2026-05-24T16:44:21.678+0000] {dagbag.py:545} INFO - Filling up the DagBag from /home/varn1t/ml-pipeline/venv/lib/python3.11/site-packages/airflow/example_dags/example_branch_python_dop_operator_3.py
[2026-05-24T16:44:21.684+0000] {processor.py:840} INFO - DAG(s) 'example_branch_dop_operator_v3' retrieved from /home/varn1t/ml-pipeline/venv/lib/python3.11/site-packages/airflow/example_dags/example_branch_python_dop_operator_3.py
[2026-05-24T16:44:21.695+0000] {logging_mixin.py:188} INFO - [2026-05-24T16:44:21.695+0000] {dag.py:3096} INFO - Sync 1 DAGs
[2026-05-24T16:44:21.711+0000] {logging_mixin.py:188} INFO - [2026-05-24T16:44:21.710+0000] {dag.py:3954} INFO - Setting next_dagrun for example_branch_dop_operator_v3 to 2026-05-24 16:43:00+00:00, run_after=2026-05-24 16:44:00+00:00
[2026-05-24T16:44:21.726+0000] {processor.py:183} INFO - Processing /home/varn1t/ml-pipeline/venv/lib/python3.11/site-packages/airflow/example_dags/example_branch_python_dop_operator_3.py took 0.054 seconds
[2026-05-24T16:45:27.566+0000] {processor.py:161} INFO - Started process (PID=27470) to work on /home/varn1t/ml-pipeline/venv/lib/python3.11/site-packages/airflow/example_dags/example_branch_python_dop_operator_3.py
[2026-05-24T16:45:27.567+0000] {processor.py:830} INFO - Processing file /home/varn1t/ml-pipeline/venv/lib/python3.11/site-packages/airflow/example_dags/example_branch_python_dop_operator_3.py for tasks to queue
[2026-05-24T16:45:27.568+0000] {logging_mixin.py:188} INFO - [2026-05-24T16:45:27.568+0000] {dagbag.py:545} INFO - Filling up the DagBag from /home/varn1t/ml-pipeline/venv/lib/python3.11/site-packages/airflow/example_dags/example_branch_python_dop_operator_3.py
[2026-05-24T16:45:27.574+0000] {processor.py:840} INFO - DAG(s) 'example_branch_dop_operator_v3' retrieved from /home/varn1t/ml-pipeline/venv/lib/python3.11/site-packages/airflow/example_dags/example_branch_python_dop_operator_3.py
[2026-05-24T16:45:27.585+0000] {logging_mixin.py:188} INFO - [2026-05-24T16:45:27.584+0000] {dag.py:3096} INFO - Sync 1 DAGs
[2026-05-24T16:45:27.598+0000] {logging_mixin.py:188} INFO - [2026-05-24T16:45:27.598+0000] {dag.py:3954} INFO - Setting next_dagrun for example_branch_dop_operator_v3 to 2026-05-24 16:44:00+00:00, run_after=2026-05-24 16:45:00+00:00
[2026-05-24T16:45:27.615+0000] {processor.py:183} INFO - Processing /home/varn1t/ml-pipeline/venv/lib/python3.11/site-packages/airflow/example_dags/example_branch_python_dop_operator_3.py took 0.053 seconds
[2026-05-24T17:09:12.696+0000] {processor.py:161} INFO - Started process (PID=27895) to work on /home/varn1t/ml-pipeline/venv/lib/python3.11/site-packages/airflow/example_dags/example_branch_python_dop_operator_3.py
[2026-05-24T17:09:12.696+0000] {processor.py:830} INFO - Processing file /home/varn1t/ml-pipeline/venv/lib/python3.11/site-packages/airflow/example_dags/example_branch_python_dop_operator_3.py for tasks to queue
[2026-05-24T17:09:12.698+0000] {logging_mixin.py:188} INFO - [2026-05-24T17:09:12.698+0000] {dagbag.py:545} INFO - Filling up the DagBag from /home/varn1t/ml-pipeline/venv/lib/python3.11/site-packages/airflow/example_dags/example_branch_python_dop_operator_3.py
[2026-05-24T17:09:12.709+0000] {processor.py:840} INFO - DAG(s) 'example_branch_dop_operator_v3' retrieved from /home/varn1t/ml-pipeline/venv/lib/python3.11/site-packages/airflow/example_dags/example_branch_python_dop_operator_3.py
[2026-05-24T17:09:12.728+0000] {logging_mixin.py:188} INFO - [2026-05-24T17:09:12.728+0000] {dag.py:3096} INFO - Sync 1 DAGs
[2026-05-24T17:09:12.750+0000] {logging_mixin.py:188} INFO - [2026-05-24T17:09:12.750+0000] {dag.py:3954} INFO - Setting next_dagrun for example_branch_dop_operator_v3 to 2026-05-24 17:08:00+00:00, run_after=2026-05-24 17:09:00+00:00
[2026-05-24T17:09:12.770+0000] {processor.py:183} INFO - Processing /home/varn1t/ml-pipeline/venv/lib/python3.11/site-packages/airflow/example_dags/example_branch_python_dop_operator_3.py took 0.079 seconds
[2026-05-24T17:10:14.280+0000] {processor.py:161} INFO - Started process (PID=28165) to work on /home/varn1t/ml-pipeline/venv/lib/python3.11/site-packages/airflow/example_dags/example_branch_python_dop_operator_3.py
[2026-05-24T17:10:14.282+0000] {processor.py:830} INFO - Processing file /home/varn1t/ml-pipeline/venv/lib/python3.11/site-packages/airflow/example_dags/example_branch_python_dop_operator_3.py for tasks to queue
[2026-05-24T17:10:14.283+0000] {logging_mixin.py:188} INFO - [2026-05-24T17:10:14.283+0000] {dagbag.py:545} INFO - Filling up the DagBag from /home/varn1t/ml-pipeline/venv/lib/python3.11/site-packages/airflow/example_dags/example_branch_python_dop_operator_3.py
[2026-05-24T17:10:14.289+0000] {processor.py:840} INFO - DAG(s) 'example_branch_dop_operator_v3' retrieved from /home/varn1t/ml-pipeline/venv/lib/python3.11/site-packages/airflow/example_dags/example_branch_python_dop_operator_3.py
[2026-05-24T17:10:14.301+0000] {logging_mixin.py:188} INFO - [2026-05-24T17:10:14.301+0000] {dag.py:3096} INFO - Sync 1 DAGs
[2026-05-24T17:10:14.312+0000] {logging_mixin.py:188} INFO - [2026-05-24T17:10:14.312+0000] {dag.py:3954} INFO - Setting next_dagrun for example_branch_dop_operator_v3 to 2026-05-24 17:09:00+00:00, run_after=2026-05-24 17:10:00+00:00
[2026-05-24T17:10:14.325+0000] {processor.py:183} INFO - Processing /home/varn1t/ml-pipeline/venv/lib/python3.11/site-packages/airflow/example_dags/example_branch_python_dop_operator_3.py took 0.051 seconds
[2026-05-24T17:11:20.368+0000] {processor.py:161} INFO - Started process (PID=28467) to work on /home/varn1t/ml-pipeline/venv/lib/python3.11/site-packages/airflow/example_dags/example_branch_python_dop_operator_3.py
[2026-05-24T17:11:20.369+0000] {processor.py:830} INFO - Processing file /home/varn1t/ml-pipeline/venv/lib/python3.11/site-packages/airflow/example_dags/example_branch_python_dop_operator_3.py for tasks to queue
[2026-05-24T17:11:20.370+0000] {logging_mixin.py:188} INFO - [2026-05-24T17:11:20.370+0000] {dagbag.py:545} INFO - Filling up the DagBag from /home/varn1t/ml-pipeline/venv/lib/python3.11/site-packages/airflow/example_dags/example_branch_python_dop_operator_3.py
[2026-05-24T17:11:20.376+0000] {processor.py:840} INFO - DAG(s) 'example_branch_dop_operator_v3' retrieved from /home/varn1t/ml-pipeline/venv/lib/python3.11/site-packages/airflow/example_dags/example_branch_python_dop_operator_3.py
[2026-05-24T17:11:20.386+0000] {logging_mixin.py:188} INFO - [2026-05-24T17:11:20.386+0000] {dag.py:3096} INFO - Sync 1 DAGs
[2026-05-24T17:11:20.400+0000] {logging_mixin.py:188} INFO - [2026-05-24T17:11:20.400+0000] {dag.py:3954} INFO - Setting next_dagrun for example_branch_dop_operator_v3 to 2026-05-24 17:10:00+00:00, run_after=2026-05-24 17:11:00+00:00
[2026-05-24T17:11:20.415+0000] {processor.py:183} INFO - Processing /home/varn1t/ml-pipeline/venv/lib/python3.11/site-packages/airflow/example_dags/example_branch_python_dop_operator_3.py took 0.051 seconds
[2026-05-24T17:12:10.480+0000] {processor.py:161} INFO - Started process (PID=28684) to work on /home/varn1t/ml-pipeline/venv/lib/python3.11/site-packages/airflow/example_dags/example_branch_python_dop_operator_3.py
[2026-05-24T17:12:10.481+0000] {processor.py:830} INFO - Processing file /home/varn1t/ml-pipeline/venv/lib/python3.11/site-packages/airflow/example_dags/example_branch_python_dop_operator_3.py for tasks to queue
[2026-05-24T17:12:10.482+0000] {logging_mixin.py:188} INFO - [2026-05-24T17:12:10.482+0000] {dagbag.py:545} INFO - Filling up the DagBag from /home/varn1t/ml-pipeline/venv/lib/python3.11/site-packages/airflow/example_dags/example_branch_python_dop_operator_3.py
[2026-05-24T17:12:10.488+0000] {processor.py:840} INFO - DAG(s) 'example_branch_dop_operator_v3' retrieved from /home/varn1t/ml-pipeline/venv/lib/python3.11/site-packages/airflow/example_dags/example_branch_python_dop_operator_3.py
[2026-05-24T17:12:10.500+0000] {logging_mixin.py:188} INFO - [2026-05-24T17:12:10.500+0000] {dag.py:3096} INFO - Sync 1 DAGs
[2026-05-24T17:12:10.514+0000] {logging_mixin.py:188} INFO - [2026-05-24T17:12:10.514+0000] {dag.py:3954} INFO - Setting next_dagrun for example_branch_dop_operator_v3 to 2026-05-24 17:11:00+00:00, run_after=2026-05-24 17:12:00+00:00
[2026-05-24T17:12:10.529+0000] {processor.py:183} INFO - Processing /home/varn1t/ml-pipeline/venv/lib/python3.11/site-packages/airflow/example_dags/example_branch_python_dop_operator_3.py took 0.056 seconds
[2026-05-24T17:13:12.856+0000] {processor.py:161} INFO - Started process (PID=28956) to work on /home/varn1t/ml-pipeline/venv/lib/python3.11/site-packages/airflow/example_dags/example_branch_python_dop_operator_3.py
[2026-05-24T17:13:12.857+0000] {processor.py:830} INFO - Processing file /home/varn1t/ml-pipeline/venv/lib/python3.11/site-packages/airflow/example_dags/example_branch_python_dop_operator_3.py for tasks to queue
[2026-05-24T17:13:12.859+0000] {logging_mixin.py:188} INFO - [2026-05-24T17:13:12.859+0000] {dagbag.py:545} INFO - Filling up the DagBag from /home/varn1t/ml-pipeline/venv/lib/python3.11/site-packages/airflow/example_dags/example_branch_python_dop_operator_3.py
[2026-05-24T17:13:12.866+0000] {processor.py:840} INFO - DAG(s) 'example_branch_dop_operator_v3' retrieved from /home/varn1t/ml-pipeline/venv/lib/python3.11/site-packages/airflow/example_dags/example_branch_python_dop_operator_3.py
[2026-05-24T17:13:12.877+0000] {logging_mixin.py:188} INFO - [2026-05-24T17:13:12.877+0000] {dag.py:3096} INFO - Sync 1 DAGs
[2026-05-24T17:13:12.891+0000] {logging_mixin.py:188} INFO - [2026-05-24T17:13:12.890+0000] {dag.py:3954} INFO - Setting next_dagrun for example_branch_dop_operator_v3 to 2026-05-24 17:12:00+00:00, run_after=2026-05-24 17:13:00+00:00
[2026-05-24T17:13:12.906+0000] {processor.py:183} INFO - Processing /home/varn1t/ml-pipeline/venv/lib/python3.11/site-packages/airflow/example_dags/example_branch_python_dop_operator_3.py took 0.054 seconds
[2026-05-24T17:14:14.786+0000] {processor.py:161} INFO - Started process (PID=29269) to work on /home/varn1t/ml-pipeline/venv/lib/python3.11/site-packages/airflow/example_dags/example_branch_python_dop_operator_3.py
[2026-05-24T17:14:14.787+0000] {processor.py:830} INFO - Processing file /home/varn1t/ml-pipeline/venv/lib/python3.11/site-packages/airflow/example_dags/example_branch_python_dop_operator_3.py for tasks to queue
[2026-05-24T17:14:14.788+0000] {logging_mixin.py:188} INFO - [2026-05-24T17:14:14.788+0000] {dagbag.py:545} INFO - Filling up the DagBag from /home/varn1t/ml-pipeline/venv/lib/python3.11/site-packages/airflow/example_dags/example_branch_python_dop_operator_3.py
[2026-05-24T17:14:14.795+0000] {processor.py:840} INFO - DAG(s) 'example_branch_dop_operator_v3' retrieved from /home/varn1t/ml-pipeline/venv/lib/python3.11/site-packages/airflow/example_dags/example_branch_python_dop_operator_3.py
[2026-05-24T17:14:14.805+0000] {logging_mixin.py:188} INFO - [2026-05-24T17:14:14.805+0000] {dag.py:3096} INFO - Sync 1 DAGs
[2026-05-24T17:14:14.818+0000] {logging_mixin.py:188} INFO - [2026-05-24T17:14:14.818+0000] {dag.py:3954} INFO - Setting next_dagrun for example_branch_dop_operator_v3 to 2026-05-24 17:13:00+00:00, run_after=2026-05-24 17:14:00+00:00
[2026-05-24T17:14:14.831+0000] {processor.py:183} INFO - Processing /home/varn1t/ml-pipeline/venv/lib/python3.11/site-packages/airflow/example_dags/example_branch_python_dop_operator_3.py took 0.051 seconds
[2026-05-24T17:15:21.784+0000] {processor.py:161} INFO - Started process (PID=29630) to work on /home/varn1t/ml-pipeline/venv/lib/python3.11/site-packages/airflow/example_dags/example_branch_python_dop_operator_3.py
[2026-05-24T17:15:21.785+0000] {processor.py:830} INFO - Processing file /home/varn1t/ml-pipeline/venv/lib/python3.11/site-packages/airflow/example_dags/example_branch_python_dop_operator_3.py for tasks to queue
[2026-05-24T17:15:21.787+0000] {logging_mixin.py:188} INFO - [2026-05-24T17:15:21.786+0000] {dagbag.py:545} INFO - Filling up the DagBag from /home/varn1t/ml-pipeline/venv/lib/python3.11/site-packages/airflow/example_dags/example_branch_python_dop_operator_3.py
[2026-05-24T17:15:21.793+0000] {processor.py:840} INFO - DAG(s) 'example_branch_dop_operator_v3' retrieved from /home/varn1t/ml-pipeline/venv/lib/python3.11/site-packages/airflow/example_dags/example_branch_python_dop_operator_3.py
[2026-05-24T17:15:21.803+0000] {logging_mixin.py:188} INFO - [2026-05-24T17:15:21.803+0000] {dag.py:3096} INFO - Sync 1 DAGs
[2026-05-24T17:15:21.907+0000] {logging_mixin.py:188} INFO - [2026-05-24T17:15:21.907+0000] {dag.py:3954} INFO - Setting next_dagrun for example_branch_dop_operator_v3 to 2026-05-24 17:14:00+00:00, run_after=2026-05-24 17:15:00+00:00
[2026-05-24T17:15:21.919+0000] {processor.py:183} INFO - Processing /home/varn1t/ml-pipeline/venv/lib/python3.11/site-packages/airflow/example_dags/example_branch_python_dop_operator_3.py took 0.141 seconds
[2026-05-24T17:16:26.161+0000] {processor.py:161} INFO - Started process (PID=29917) to work on /home/varn1t/ml-pipeline/venv/lib/python3.11/site-packages/airflow/example_dags/example_branch_python_dop_operator_3.py
[2026-05-24T17:16:26.162+0000] {processor.py:830} INFO - Processing file /home/varn1t/ml-pipeline/venv/lib/python3.11/site-packages/airflow/example_dags/example_branch_python_dop_operator_3.py for tasks to queue
[2026-05-24T17:16:26.163+0000] {logging_mixin.py:188} INFO - [2026-05-24T17:16:26.163+0000] {dagbag.py:545} INFO - Filling up the DagBag from /home/varn1t/ml-pipeline/venv/lib/python3.11/site-packages/airflow/example_dags/example_branch_python_dop_operator_3.py
[2026-05-24T17:16:26.172+0000] {processor.py:840} INFO - DAG(s) 'example_branch_dop_operator_v3' retrieved from /home/varn1t/ml-pipeline/venv/lib/python3.11/site-packages/airflow/example_dags/example_branch_python_dop_operator_3.py
[2026-05-24T17:16:26.186+0000] {logging_mixin.py:188} INFO - [2026-05-24T17:16:26.185+0000] {dag.py:3096} INFO - Sync 1 DAGs
[2026-05-24T17:16:26.300+0000] {logging_mixin.py:188} INFO - [2026-05-24T17:16:26.300+0000] {dag.py:3954} INFO - Setting next_dagrun for example_branch_dop_operator_v3 to 2026-05-24 17:15:00+00:00, run_after=2026-05-24 17:16:00+00:00
[2026-05-24T17:16:26.316+0000] {processor.py:183} INFO - Processing /home/varn1t/ml-pipeline/venv/lib/python3.11/site-packages/airflow/example_dags/example_branch_python_dop_operator_3.py took 0.161 seconds
[2026-05-24T17:17:36.293+0000] {processor.py:161} INFO - Started process (PID=30567) to work on /home/varn1t/ml-pipeline/venv/lib/python3.11/site-packages/airflow/example_dags/example_branch_python_dop_operator_3.py
[2026-05-24T17:17:36.294+0000] {processor.py:830} INFO - Processing file /home/varn1t/ml-pipeline/venv/lib/python3.11/site-packages/airflow/example_dags/example_branch_python_dop_operator_3.py for tasks to queue
[2026-05-24T17:17:36.296+0000] {logging_mixin.py:188} INFO - [2026-05-24T17:17:36.295+0000] {dagbag.py:545} INFO - Filling up the DagBag from /home/varn1t/ml-pipeline/venv/lib/python3.11/site-packages/airflow/example_dags/example_branch_python_dop_operator_3.py
[2026-05-24T17:17:36.304+0000] {processor.py:840} INFO - DAG(s) 'example_branch_dop_operator_v3' retrieved from /home/varn1t/ml-pipeline/venv/lib/python3.11/site-packages/airflow/example_dags/example_branch_python_dop_operator_3.py
[2026-05-24T17:17:36.317+0000] {logging_mixin.py:188} INFO - [2026-05-24T17:17:36.316+0000] {dag.py:3096} INFO - Sync 1 DAGs
[2026-05-24T17:17:36.426+0000] {logging_mixin.py:188} INFO - [2026-05-24T17:17:36.425+0000] {dag.py:3954} INFO - Setting next_dagrun for example_branch_dop_operator_v3 to 2026-05-24 17:16:00+00:00, run_after=2026-05-24 17:17:00+00:00
[2026-05-24T17:17:36.443+0000] {processor.py:183} INFO - Processing /home/varn1t/ml-pipeline/venv/lib/python3.11/site-packages/airflow/example_dags/example_branch_python_dop_operator_3.py took 0.159 seconds
[2026-05-24T17:18:42.332+0000] {processor.py:161} INFO - Started process (PID=31049) to work on /home/varn1t/ml-pipeline/venv/lib/python3.11/site-packages/airflow/example_dags/example_branch_python_dop_operator_3.py
[2026-05-24T17:18:42.333+0000] {processor.py:830} INFO - Processing file /home/varn1t/ml-pipeline/venv/lib/python3.11/site-packages/airflow/example_dags/example_branch_python_dop_operator_3.py for tasks to queue
[2026-05-24T17:18:42.335+0000] {logging_mixin.py:188} INFO - [2026-05-24T17:18:42.334+0000] {dagbag.py:545} INFO - Filling up the DagBag from /home/varn1t/ml-pipeline/venv/lib/python3.11/site-packages/airflow/example_dags/example_branch_python_dop_operator_3.py
[2026-05-24T17:18:42.341+0000] {processor.py:840} INFO - DAG(s) 'example_branch_dop_operator_v3' retrieved from /home/varn1t/ml-pipeline/venv/lib/python3.11/site-packages/airflow/example_dags/example_branch_python_dop_operator_3.py
[2026-05-24T17:18:42.353+0000] {logging_mixin.py:188} INFO - [2026-05-24T17:18:42.352+0000] {dag.py:3096} INFO - Sync 1 DAGs
[2026-05-24T17:18:42.364+0000] {logging_mixin.py:188} INFO - [2026-05-24T17:18:42.364+0000] {dag.py:3954} INFO - Setting next_dagrun for example_branch_dop_operator_v3 to 2026-05-24 17:17:00+00:00, run_after=2026-05-24 17:18:00+00:00
[2026-05-24T17:18:42.378+0000] {processor.py:183} INFO - Processing /home/varn1t/ml-pipeline/venv/lib/python3.11/site-packages/airflow/example_dags/example_branch_python_dop_operator_3.py took 0.050 seconds
[2026-05-24T17:19:49.125+0000] {processor.py:161} INFO - Started process (PID=31538) to work on /home/varn1t/ml-pipeline/venv/lib/python3.11/site-packages/airflow/example_dags/example_branch_python_dop_operator_3.py
[2026-05-24T17:19:49.125+0000] {processor.py:830} INFO - Processing file /home/varn1t/ml-pipeline/venv/lib/python3.11/site-packages/airflow/example_dags/example_branch_python_dop_operator_3.py for tasks to queue
[2026-05-24T17:19:49.127+0000] {logging_mixin.py:188} INFO - [2026-05-24T17:19:49.127+0000] {dagbag.py:545} INFO - Filling up the DagBag from /home/varn1t/ml-pipeline/venv/lib/python3.11/site-packages/airflow/example_dags/example_branch_python_dop_operator_3.py
[2026-05-24T17:19:49.228+0000] {processor.py:840} INFO - DAG(s) 'example_branch_dop_operator_v3' retrieved from /home/varn1t/ml-pipeline/venv/lib/python3.11/site-packages/airflow/example_dags/example_branch_python_dop_operator_3.py
[2026-05-24T17:19:49.234+0000] {logging_mixin.py:188} INFO - [2026-05-24T17:19:49.234+0000] {dag.py:3096} INFO - Sync 1 DAGs
[2026-05-24T17:19:49.246+0000] {logging_mixin.py:188} INFO - [2026-05-24T17:19:49.246+0000] {dag.py:3954} INFO - Setting next_dagrun for example_branch_dop_operator_v3 to 2026-05-24 17:18:00+00:00, run_after=2026-05-24 17:19:00+00:00
[2026-05-24T17:19:49.261+0000] {processor.py:183} INFO - Processing /home/varn1t/ml-pipeline/venv/lib/python3.11/site-packages/airflow/example_dags/example_branch_python_dop_operator_3.py took 0.143 seconds
[2026-05-24T17:20:59.093+0000] {processor.py:161} INFO - Started process (PID=32004) to work on /home/varn1t/ml-pipeline/venv/lib/python3.11/site-packages/airflow/example_dags/example_branch_python_dop_operator_3.py
[2026-05-24T17:20:59.094+0000] {processor.py:830} INFO - Processing file /home/varn1t/ml-pipeline/venv/lib/python3.11/site-packages/airflow/example_dags/example_branch_python_dop_operator_3.py for tasks to queue
[2026-05-24T17:20:59.095+0000] {logging_mixin.py:188} INFO - [2026-05-24T17:20:59.095+0000] {dagbag.py:545} INFO - Filling up the DagBag from /home/varn1t/ml-pipeline/venv/lib/python3.11/site-packages/airflow/example_dags/example_branch_python_dop_operator_3.py
[2026-05-24T17:20:59.101+0000] {processor.py:840} INFO - DAG(s) 'example_branch_dop_operator_v3' retrieved from /home/varn1t/ml-pipeline/venv/lib/python3.11/site-packages/airflow/example_dags/example_branch_python_dop_operator_3.py
[2026-05-24T17:20:59.111+0000] {logging_mixin.py:188} INFO - [2026-05-24T17:20:59.111+0000] {dag.py:3096} INFO - Sync 1 DAGs
[2026-05-24T17:20:59.122+0000] {logging_mixin.py:188} INFO - [2026-05-24T17:20:59.122+0000] {dag.py:3954} INFO - Setting next_dagrun for example_branch_dop_operator_v3 to 2026-05-24 17:19:00+00:00, run_after=2026-05-24 17:20:00+00:00
[2026-05-24T17:20:59.141+0000] {processor.py:183} INFO - Processing /home/varn1t/ml-pipeline/venv/lib/python3.11/site-packages/airflow/example_dags/example_branch_python_dop_operator_3.py took 0.052 seconds
[2026-05-24T17:22:03.855+0000] {processor.py:161} INFO - Started process (PID=32304) to work on /home/varn1t/ml-pipeline/venv/lib/python3.11/site-packages/airflow/example_dags/example_branch_python_dop_operator_3.py
[2026-05-24T17:22:03.856+0000] {processor.py:830} INFO - Processing file /home/varn1t/ml-pipeline/venv/lib/python3.11/site-packages/airflow/example_dags/example_branch_python_dop_operator_3.py for tasks to queue
[2026-05-24T17:22:03.857+0000] {logging_mixin.py:188} INFO - [2026-05-24T17:22:03.857+0000] {dagbag.py:545} INFO - Filling up the DagBag from /home/varn1t/ml-pipeline/venv/lib/python3.11/site-packages/airflow/example_dags/example_branch_python_dop_operator_3.py
[2026-05-24T17:22:03.865+0000] {processor.py:840} INFO - DAG(s) 'example_branch_dop_operator_v3' retrieved from /home/varn1t/ml-pipeline/venv/lib/python3.11/site-packages/airflow/example_dags/example_branch_python_dop_operator_3.py
[2026-05-24T17:22:03.876+0000] {logging_mixin.py:188} INFO - [2026-05-24T17:22:03.875+0000] {dag.py:3096} INFO - Sync 1 DAGs
[2026-05-24T17:22:03.889+0000] {logging_mixin.py:188} INFO - [2026-05-24T17:22:03.889+0000] {dag.py:3954} INFO - Setting next_dagrun for example_branch_dop_operator_v3 to 2026-05-24 17:21:00+00:00, run_after=2026-05-24 17:22:00+00:00
[2026-05-24T17:22:03.904+0000] {processor.py:183} INFO - Processing /home/varn1t/ml-pipeline/venv/lib/python3.11/site-packages/airflow/example_dags/example_branch_python_dop_operator_3.py took 0.054 seconds
[2026-05-24T17:23:12.929+0000] {processor.py:161} INFO - Started process (PID=32643) to work on /home/varn1t/ml-pipeline/venv/lib/python3.11/site-packages/airflow/example_dags/example_branch_python_dop_operator_3.py
[2026-05-24T17:23:12.930+0000] {processor.py:830} INFO - Processing file /home/varn1t/ml-pipeline/venv/lib/python3.11/site-packages/airflow/example_dags/example_branch_python_dop_operator_3.py for tasks to queue
[2026-05-24T17:23:12.931+0000] {logging_mixin.py:188} INFO - [2026-05-24T17:23:12.931+0000] {dagbag.py:545} INFO - Filling up the DagBag from /home/varn1t/ml-pipeline/venv/lib/python3.11/site-packages/airflow/example_dags/example_branch_python_dop_operator_3.py
[2026-05-24T17:23:12.937+0000] {processor.py:840} INFO - DAG(s) 'example_branch_dop_operator_v3' retrieved from /home/varn1t/ml-pipeline/venv/lib/python3.11/site-packages/airflow/example_dags/example_branch_python_dop_operator_3.py
[2026-05-24T17:23:12.947+0000] {logging_mixin.py:188} INFO - [2026-05-24T17:23:12.947+0000] {dag.py:3096} INFO - Sync 1 DAGs
[2026-05-24T17:23:12.960+0000] {logging_mixin.py:188} INFO - [2026-05-24T17:23:12.960+0000] {dag.py:3954} INFO - Setting next_dagrun for example_branch_dop_operator_v3 to 2026-05-24 17:22:00+00:00, run_after=2026-05-24 17:23:00+00:00
[2026-05-24T17:23:12.974+0000] {processor.py:183} INFO - Processing /home/varn1t/ml-pipeline/venv/lib/python3.11/site-packages/airflow/example_dags/example_branch_python_dop_operator_3.py took 0.050 seconds
[2026-05-24T17:24:16.986+0000] {processor.py:161} INFO - Started process (PID=33049) to work on /home/varn1t/ml-pipeline/venv/lib/python3.11/site-packages/airflow/example_dags/example_branch_python_dop_operator_3.py
[2026-05-24T17:24:16.987+0000] {processor.py:830} INFO - Processing file /home/varn1t/ml-pipeline/venv/lib/python3.11/site-packages/airflow/example_dags/example_branch_python_dop_operator_3.py for tasks to queue
[2026-05-24T17:24:16.988+0000] {logging_mixin.py:188} INFO - [2026-05-24T17:24:16.988+0000] {dagbag.py:545} INFO - Filling up the DagBag from /home/varn1t/ml-pipeline/venv/lib/python3.11/site-packages/airflow/example_dags/example_branch_python_dop_operator_3.py
[2026-05-24T17:24:16.993+0000] {processor.py:840} INFO - DAG(s) 'example_branch_dop_operator_v3' retrieved from /home/varn1t/ml-pipeline/venv/lib/python3.11/site-packages/airflow/example_dags/example_branch_python_dop_operator_3.py
[2026-05-24T17:24:17.002+0000] {logging_mixin.py:188} INFO - [2026-05-24T17:24:17.002+0000] {dag.py:3096} INFO - Sync 1 DAGs
[2026-05-24T17:24:17.017+0000] {logging_mixin.py:188} INFO - [2026-05-24T17:24:17.016+0000] {dag.py:3954} INFO - Setting next_dagrun for example_branch_dop_operator_v3 to 2026-05-24 17:23:00+00:00, run_after=2026-05-24 17:24:00+00:00
[2026-05-24T17:24:17.031+0000] {processor.py:183} INFO - Processing /home/varn1t/ml-pipeline/venv/lib/python3.11/site-packages/airflow/example_dags/example_branch_python_dop_operator_3.py took 0.051 seconds
[2026-05-24T17:25:23.022+0000] {processor.py:161} INFO - Started process (PID=33399) to work on /home/varn1t/ml-pipeline/venv/lib/python3.11/site-packages/airflow/example_dags/example_branch_python_dop_operator_3.py
[2026-05-24T17:25:23.023+0000] {processor.py:830} INFO - Processing file /home/varn1t/ml-pipeline/venv/lib/python3.11/site-packages/airflow/example_dags/example_branch_python_dop_operator_3.py for tasks to queue
[2026-05-24T17:25:23.024+0000] {logging_mixin.py:188} INFO - [2026-05-24T17:25:23.024+0000] {dagbag.py:545} INFO - Filling up the DagBag from /home/varn1t/ml-pipeline/venv/lib/python3.11/site-packages/airflow/example_dags/example_branch_python_dop_operator_3.py
[2026-05-24T17:25:23.029+0000] {processor.py:840} INFO - DAG(s) 'example_branch_dop_operator_v3' retrieved from /home/varn1t/ml-pipeline/venv/lib/python3.11/site-packages/airflow/example_dags/example_branch_python_dop_operator_3.py
[2026-05-24T17:25:23.039+0000] {logging_mixin.py:188} INFO - [2026-05-24T17:25:23.039+0000] {dag.py:3096} INFO - Sync 1 DAGs
[2026-05-24T17:25:23.053+0000] {logging_mixin.py:188} INFO - [2026-05-24T17:25:23.053+0000] {dag.py:3954} INFO - Setting next_dagrun for example_branch_dop_operator_v3 to 2026-05-24 17:24:00+00:00, run_after=2026-05-24 17:25:00+00:00
[2026-05-24T17:25:23.072+0000] {processor.py:183} INFO - Processing /home/varn1t/ml-pipeline/venv/lib/python3.11/site-packages/airflow/example_dags/example_branch_python_dop_operator_3.py took 0.055 seconds
