[2026-05-24T13:28:26.249+0000] {processor.py:161} INFO - Started process (PID=3495) to work on /home/varn1t/ml-pipeline/venv/lib/python3.11/site-packages/airflow/example_dags/tutorial_objectstorage.py
[2026-05-24T13:28:26.250+0000] {processor.py:830} INFO - Processing file /home/varn1t/ml-pipeline/venv/lib/python3.11/site-packages/airflow/example_dags/tutorial_objectstorage.py for tasks to queue
[2026-05-24T13:28:26.251+0000] {logging_mixin.py:188} INFO - [2026-05-24T13:28:26.251+0000] {dagbag.py:545} INFO - Filling up the DagBag from /home/varn1t/ml-pipeline/venv/lib/python3.11/site-packages/airflow/example_dags/tutorial_objectstorage.py
[2026-05-24T13:28:26.259+0000] {processor.py:840} INFO - DAG(s) 'tutorial_objectstorage' retrieved from /home/varn1t/ml-pipeline/venv/lib/python3.11/site-packages/airflow/example_dags/tutorial_objectstorage.py
[2026-05-24T13:28:26.322+0000] {logging_mixin.py:188} INFO - [2026-05-24T13:28:26.322+0000] {dag.py:3096} INFO - Sync 1 DAGs
[2026-05-24T13:28:26.328+0000] {logging_mixin.py:188} INFO - [2026-05-24T13:28:26.327+0000] {dag.py:3954} INFO - Setting next_dagrun for tutorial_objectstorage to None, run_after=None
[2026-05-24T13:28:26.343+0000] {processor.py:183} INFO - Processing /home/varn1t/ml-pipeline/venv/lib/python3.11/site-packages/airflow/example_dags/tutorial_objectstorage.py took 0.097 seconds
[2026-05-24T13:29:29.472+0000] {processor.py:161} INFO - Started process (PID=4267) to work on /home/varn1t/ml-pipeline/venv/lib/python3.11/site-packages/airflow/example_dags/tutorial_objectstorage.py
[2026-05-24T13:29:29.473+0000] {processor.py:830} INFO - Processing file /home/varn1t/ml-pipeline/venv/lib/python3.11/site-packages/airflow/example_dags/tutorial_objectstorage.py for tasks to queue
[2026-05-24T13:29:29.475+0000] {logging_mixin.py:188} INFO - [2026-05-24T13:29:29.475+0000] {dagbag.py:545} INFO - Filling up the DagBag from /home/varn1t/ml-pipeline/venv/lib/python3.11/site-packages/airflow/example_dags/tutorial_objectstorage.py
[2026-05-24T13:29:29.483+0000] {processor.py:840} INFO - DAG(s) 'tutorial_objectstorage' retrieved from /home/varn1t/ml-pipeline/venv/lib/python3.11/site-packages/airflow/example_dags/tutorial_objectstorage.py
[2026-05-24T13:29:29.499+0000] {logging_mixin.py:188} INFO - [2026-05-24T13:29:29.499+0000] {dag.py:3096} INFO - Sync 1 DAGs
[2026-05-24T13:29:29.509+0000] {logging_mixin.py:188} INFO - [2026-05-24T13:29:29.508+0000] {dag.py:3954} INFO - Setting next_dagrun for tutorial_objectstorage to None, run_after=None
[2026-05-24T13:29:29.528+0000] {processor.py:183} INFO - Processing /home/varn1t/ml-pipeline/venv/lib/python3.11/site-packages/airflow/example_dags/tutorial_objectstorage.py took 0.062 seconds
[2026-05-24T13:30:15.337+0000] {processor.py:161} INFO - Started process (PID=4463) to work on /home/varn1t/ml-pipeline/venv/lib/python3.11/site-packages/airflow/example_dags/tutorial_objectstorage.py
[2026-05-24T13:30:15.338+0000] {processor.py:830} INFO - Processing file /home/varn1t/ml-pipeline/venv/lib/python3.11/site-packages/airflow/example_dags/tutorial_objectstorage.py for tasks to queue
[2026-05-24T13:30:15.340+0000] {logging_mixin.py:188} INFO - [2026-05-24T13:30:15.339+0000] {dagbag.py:545} INFO - Filling up the DagBag from /home/varn1t/ml-pipeline/venv/lib/python3.11/site-packages/airflow/example_dags/tutorial_objectstorage.py
[2026-05-24T13:30:15.347+0000] {processor.py:840} INFO - DAG(s) 'tutorial_objectstorage' retrieved from /home/varn1t/ml-pipeline/venv/lib/python3.11/site-packages/airflow/example_dags/tutorial_objectstorage.py
[2026-05-24T13:30:15.358+0000] {logging_mixin.py:188} INFO - [2026-05-24T13:30:15.358+0000] {dag.py:3096} INFO - Sync 1 DAGs
[2026-05-24T13:30:15.366+0000] {logging_mixin.py:188} INFO - [2026-05-24T13:30:15.366+0000] {dag.py:3954} INFO - Setting next_dagrun for tutorial_objectstorage to None, run_after=None
[2026-05-24T13:30:15.384+0000] {processor.py:183} INFO - Processing /home/varn1t/ml-pipeline/venv/lib/python3.11/site-packages/airflow/example_dags/tutorial_objectstorage.py took 0.051 seconds
[2026-05-24T13:31:01.381+0000] {processor.py:161} INFO - Started process (PID=4656) to work on /home/varn1t/ml-pipeline/venv/lib/python3.11/site-packages/airflow/example_dags/tutorial_objectstorage.py
[2026-05-24T13:31:01.382+0000] {processor.py:830} INFO - Processing file /home/varn1t/ml-pipeline/venv/lib/python3.11/site-packages/airflow/example_dags/tutorial_objectstorage.py for tasks to queue
[2026-05-24T13:31:01.383+0000] {logging_mixin.py:188} INFO - [2026-05-24T13:31:01.382+0000] {dagbag.py:545} INFO - Filling up the DagBag from /home/varn1t/ml-pipeline/venv/lib/python3.11/site-packages/airflow/example_dags/tutorial_objectstorage.py
[2026-05-24T13:31:01.388+0000] {processor.py:840} INFO - DAG(s) 'tutorial_objectstorage' retrieved from /home/varn1t/ml-pipeline/venv/lib/python3.11/site-packages/airflow/example_dags/tutorial_objectstorage.py
[2026-05-24T13:31:01.398+0000] {logging_mixin.py:188} INFO - [2026-05-24T13:31:01.398+0000] {dag.py:3096} INFO - Sync 1 DAGs
[2026-05-24T13:31:01.405+0000] {logging_mixin.py:188} INFO - [2026-05-24T13:31:01.405+0000] {dag.py:3954} INFO - Setting next_dagrun for tutorial_objectstorage to None, run_after=None
[2026-05-24T13:31:01.420+0000] {processor.py:183} INFO - Processing /home/varn1t/ml-pipeline/venv/lib/python3.11/site-packages/airflow/example_dags/tutorial_objectstorage.py took 0.044 seconds
[2026-05-24T13:31:42.385+0000] {processor.py:161} INFO - Started process (PID=4842) to work on /home/varn1t/ml-pipeline/venv/lib/python3.11/site-packages/airflow/example_dags/tutorial_objectstorage.py
[2026-05-24T13:31:42.387+0000] {processor.py:830} INFO - Processing file /home/varn1t/ml-pipeline/venv/lib/python3.11/site-packages/airflow/example_dags/tutorial_objectstorage.py for tasks to queue
[2026-05-24T13:31:42.389+0000] {logging_mixin.py:188} INFO - [2026-05-24T13:31:42.389+0000] {dagbag.py:545} INFO - Filling up the DagBag from /home/varn1t/ml-pipeline/venv/lib/python3.11/site-packages/airflow/example_dags/tutorial_objectstorage.py
[2026-05-24T13:31:42.396+0000] {processor.py:840} INFO - DAG(s) 'tutorial_objectstorage' retrieved from /home/varn1t/ml-pipeline/venv/lib/python3.11/site-packages/airflow/example_dags/tutorial_objectstorage.py
[2026-05-24T13:31:42.406+0000] {logging_mixin.py:188} INFO - [2026-05-24T13:31:42.406+0000] {dag.py:3096} INFO - Sync 1 DAGs
[2026-05-24T13:31:42.412+0000] {logging_mixin.py:188} INFO - [2026-05-24T13:31:42.412+0000] {dag.py:3954} INFO - Setting next_dagrun for tutorial_objectstorage to None, run_after=None
[2026-05-24T13:31:42.430+0000] {processor.py:183} INFO - Processing /home/varn1t/ml-pipeline/venv/lib/python3.11/site-packages/airflow/example_dags/tutorial_objectstorage.py took 0.049 seconds
[2026-05-24T13:32:21.223+0000] {processor.py:161} INFO - Started process (PID=5017) to work on /home/varn1t/ml-pipeline/venv/lib/python3.11/site-packages/airflow/example_dags/tutorial_objectstorage.py
[2026-05-24T13:32:21.224+0000] {processor.py:830} INFO - Processing file /home/varn1t/ml-pipeline/venv/lib/python3.11/site-packages/airflow/example_dags/tutorial_objectstorage.py for tasks to queue
[2026-05-24T13:32:21.225+0000] {logging_mixin.py:188} INFO - [2026-05-24T13:32:21.225+0000] {dagbag.py:545} INFO - Filling up the DagBag from /home/varn1t/ml-pipeline/venv/lib/python3.11/site-packages/airflow/example_dags/tutorial_objectstorage.py
[2026-05-24T13:32:21.231+0000] {processor.py:840} INFO - DAG(s) 'tutorial_objectstorage' retrieved from /home/varn1t/ml-pipeline/venv/lib/python3.11/site-packages/airflow/example_dags/tutorial_objectstorage.py
[2026-05-24T13:32:21.242+0000] {logging_mixin.py:188} INFO - [2026-05-24T13:32:21.242+0000] {dag.py:3096} INFO - Sync 1 DAGs
[2026-05-24T13:32:21.248+0000] {logging_mixin.py:188} INFO - [2026-05-24T13:32:21.248+0000] {dag.py:3954} INFO - Setting next_dagrun for tutorial_objectstorage to None, run_after=None
[2026-05-24T13:32:21.264+0000] {processor.py:183} INFO - Processing /home/varn1t/ml-pipeline/venv/lib/python3.11/site-packages/airflow/example_dags/tutorial_objectstorage.py took 0.044 seconds
[2026-05-24T13:32:59.846+0000] {processor.py:161} INFO - Started process (PID=5188) to work on /home/varn1t/ml-pipeline/venv/lib/python3.11/site-packages/airflow/example_dags/tutorial_objectstorage.py
[2026-05-24T13:32:59.847+0000] {processor.py:830} INFO - Processing file /home/varn1t/ml-pipeline/venv/lib/python3.11/site-packages/airflow/example_dags/tutorial_objectstorage.py for tasks to queue
[2026-05-24T13:32:59.848+0000] {logging_mixin.py:188} INFO - [2026-05-24T13:32:59.848+0000] {dagbag.py:545} INFO - Filling up the DagBag from /home/varn1t/ml-pipeline/venv/lib/python3.11/site-packages/airflow/example_dags/tutorial_objectstorage.py
[2026-05-24T13:32:59.855+0000] {processor.py:840} INFO - DAG(s) 'tutorial_objectstorage' retrieved from /home/varn1t/ml-pipeline/venv/lib/python3.11/site-packages/airflow/example_dags/tutorial_objectstorage.py
[2026-05-24T13:32:59.865+0000] {logging_mixin.py:188} INFO - [2026-05-24T13:32:59.865+0000] {dag.py:3096} INFO - Sync 1 DAGs
[2026-05-24T13:32:59.872+0000] {logging_mixin.py:188} INFO - [2026-05-24T13:32:59.872+0000] {dag.py:3954} INFO - Setting next_dagrun for tutorial_objectstorage to None, run_after=None
[2026-05-24T13:32:59.887+0000] {processor.py:183} INFO - Processing /home/varn1t/ml-pipeline/venv/lib/python3.11/site-packages/airflow/example_dags/tutorial_objectstorage.py took 0.045 seconds
[2026-05-24T13:33:39.420+0000] {processor.py:161} INFO - Started process (PID=5451) to work on /home/varn1t/ml-pipeline/venv/lib/python3.11/site-packages/airflow/example_dags/tutorial_objectstorage.py
[2026-05-24T13:33:39.422+0000] {processor.py:830} INFO - Processing file /home/varn1t/ml-pipeline/venv/lib/python3.11/site-packages/airflow/example_dags/tutorial_objectstorage.py for tasks to queue
[2026-05-24T13:33:39.422+0000] {logging_mixin.py:188} INFO - [2026-05-24T13:33:39.422+0000] {dagbag.py:545} INFO - Filling up the DagBag from /home/varn1t/ml-pipeline/venv/lib/python3.11/site-packages/airflow/example_dags/tutorial_objectstorage.py
[2026-05-24T13:33:39.431+0000] {processor.py:840} INFO - DAG(s) 'tutorial_objectstorage' retrieved from /home/varn1t/ml-pipeline/venv/lib/python3.11/site-packages/airflow/example_dags/tutorial_objectstorage.py
[2026-05-24T13:33:39.444+0000] {logging_mixin.py:188} INFO - [2026-05-24T13:33:39.444+0000] {dag.py:3096} INFO - Sync 1 DAGs
[2026-05-24T13:33:39.454+0000] {logging_mixin.py:188} INFO - [2026-05-24T13:33:39.454+0000] {dag.py:3954} INFO - Setting next_dagrun for tutorial_objectstorage to None, run_after=None
[2026-05-24T13:33:39.470+0000] {processor.py:183} INFO - Processing /home/varn1t/ml-pipeline/venv/lib/python3.11/site-packages/airflow/example_dags/tutorial_objectstorage.py took 0.055 seconds
[2026-05-24T13:34:15.362+0000] {processor.py:161} INFO - Started process (PID=5772) to work on /home/varn1t/ml-pipeline/venv/lib/python3.11/site-packages/airflow/example_dags/tutorial_objectstorage.py
[2026-05-24T13:34:15.363+0000] {processor.py:830} INFO - Processing file /home/varn1t/ml-pipeline/venv/lib/python3.11/site-packages/airflow/example_dags/tutorial_objectstorage.py for tasks to queue
[2026-05-24T13:34:15.364+0000] {logging_mixin.py:188} INFO - [2026-05-24T13:34:15.363+0000] {dagbag.py:545} INFO - Filling up the DagBag from /home/varn1t/ml-pipeline/venv/lib/python3.11/site-packages/airflow/example_dags/tutorial_objectstorage.py
[2026-05-24T13:34:15.370+0000] {processor.py:840} INFO - DAG(s) 'tutorial_objectstorage' retrieved from /home/varn1t/ml-pipeline/venv/lib/python3.11/site-packages/airflow/example_dags/tutorial_objectstorage.py
[2026-05-24T13:34:15.380+0000] {logging_mixin.py:188} INFO - [2026-05-24T13:34:15.380+0000] {dag.py:3096} INFO - Sync 1 DAGs
[2026-05-24T13:34:15.389+0000] {logging_mixin.py:188} INFO - [2026-05-24T13:34:15.389+0000] {dag.py:3954} INFO - Setting next_dagrun for tutorial_objectstorage to None, run_after=None
[2026-05-24T13:34:15.410+0000] {processor.py:183} INFO - Processing /home/varn1t/ml-pipeline/venv/lib/python3.11/site-packages/airflow/example_dags/tutorial_objectstorage.py took 0.052 seconds
[2026-05-24T13:34:52.521+0000] {processor.py:161} INFO - Started process (PID=5938) to work on /home/varn1t/ml-pipeline/venv/lib/python3.11/site-packages/airflow/example_dags/tutorial_objectstorage.py
[2026-05-24T13:34:52.522+0000] {processor.py:830} INFO - Processing file /home/varn1t/ml-pipeline/venv/lib/python3.11/site-packages/airflow/example_dags/tutorial_objectstorage.py for tasks to queue
[2026-05-24T13:34:52.523+0000] {logging_mixin.py:188} INFO - [2026-05-24T13:34:52.523+0000] {dagbag.py:545} INFO - Filling up the DagBag from /home/varn1t/ml-pipeline/venv/lib/python3.11/site-packages/airflow/example_dags/tutorial_objectstorage.py
[2026-05-24T13:34:52.528+0000] {processor.py:840} INFO - DAG(s) 'tutorial_objectstorage' retrieved from /home/varn1t/ml-pipeline/venv/lib/python3.11/site-packages/airflow/example_dags/tutorial_objectstorage.py
[2026-05-24T13:34:52.540+0000] {logging_mixin.py:188} INFO - [2026-05-24T13:34:52.540+0000] {dag.py:3096} INFO - Sync 1 DAGs
[2026-05-24T13:34:52.552+0000] {logging_mixin.py:188} INFO - [2026-05-24T13:34:52.552+0000] {dag.py:3954} INFO - Setting next_dagrun for tutorial_objectstorage to None, run_after=None
[2026-05-24T13:34:52.570+0000] {processor.py:183} INFO - Processing /home/varn1t/ml-pipeline/venv/lib/python3.11/site-packages/airflow/example_dags/tutorial_objectstorage.py took 0.052 seconds
[2026-05-24T13:35:32.390+0000] {processor.py:161} INFO - Started process (PID=6164) to work on /home/varn1t/ml-pipeline/venv/lib/python3.11/site-packages/airflow/example_dags/tutorial_objectstorage.py
[2026-05-24T13:35:32.391+0000] {processor.py:830} INFO - Processing file /home/varn1t/ml-pipeline/venv/lib/python3.11/site-packages/airflow/example_dags/tutorial_objectstorage.py for tasks to queue
[2026-05-24T13:35:32.392+0000] {logging_mixin.py:188} INFO - [2026-05-24T13:35:32.392+0000] {dagbag.py:545} INFO - Filling up the DagBag from /home/varn1t/ml-pipeline/venv/lib/python3.11/site-packages/airflow/example_dags/tutorial_objectstorage.py
[2026-05-24T13:35:32.399+0000] {processor.py:840} INFO - DAG(s) 'tutorial_objectstorage' retrieved from /home/varn1t/ml-pipeline/venv/lib/python3.11/site-packages/airflow/example_dags/tutorial_objectstorage.py
[2026-05-24T13:35:32.408+0000] {logging_mixin.py:188} INFO - [2026-05-24T13:35:32.408+0000] {dag.py:3096} INFO - Sync 1 DAGs
[2026-05-24T13:35:32.415+0000] {logging_mixin.py:188} INFO - [2026-05-24T13:35:32.414+0000] {dag.py:3954} INFO - Setting next_dagrun for tutorial_objectstorage to None, run_after=None
[2026-05-24T13:35:32.428+0000] {processor.py:183} INFO - Processing /home/varn1t/ml-pipeline/venv/lib/python3.11/site-packages/airflow/example_dags/tutorial_objectstorage.py took 0.043 seconds
[2026-05-24T13:36:12.073+0000] {processor.py:161} INFO - Started process (PID=6432) to work on /home/varn1t/ml-pipeline/venv/lib/python3.11/site-packages/airflow/example_dags/tutorial_objectstorage.py
[2026-05-24T13:36:12.074+0000] {processor.py:830} INFO - Processing file /home/varn1t/ml-pipeline/venv/lib/python3.11/site-packages/airflow/example_dags/tutorial_objectstorage.py for tasks to queue
[2026-05-24T13:36:12.075+0000] {logging_mixin.py:188} INFO - [2026-05-24T13:36:12.075+0000] {dagbag.py:545} INFO - Filling up the DagBag from /home/varn1t/ml-pipeline/venv/lib/python3.11/site-packages/airflow/example_dags/tutorial_objectstorage.py
[2026-05-24T13:36:12.081+0000] {processor.py:840} INFO - DAG(s) 'tutorial_objectstorage' retrieved from /home/varn1t/ml-pipeline/venv/lib/python3.11/site-packages/airflow/example_dags/tutorial_objectstorage.py
[2026-05-24T13:36:12.092+0000] {logging_mixin.py:188} INFO - [2026-05-24T13:36:12.092+0000] {dag.py:3096} INFO - Sync 1 DAGs
[2026-05-24T13:36:12.100+0000] {logging_mixin.py:188} INFO - [2026-05-24T13:36:12.099+0000] {dag.py:3954} INFO - Setting next_dagrun for tutorial_objectstorage to None, run_after=None
[2026-05-24T13:36:12.116+0000] {processor.py:183} INFO - Processing /home/varn1t/ml-pipeline/venv/lib/python3.11/site-packages/airflow/example_dags/tutorial_objectstorage.py took 0.047 seconds
[2026-05-24T13:36:51.859+0000] {processor.py:161} INFO - Started process (PID=6658) to work on /home/varn1t/ml-pipeline/venv/lib/python3.11/site-packages/airflow/example_dags/tutorial_objectstorage.py
[2026-05-24T13:36:51.860+0000] {processor.py:830} INFO - Processing file /home/varn1t/ml-pipeline/venv/lib/python3.11/site-packages/airflow/example_dags/tutorial_objectstorage.py for tasks to queue
[2026-05-24T13:36:51.860+0000] {logging_mixin.py:188} INFO - [2026-05-24T13:36:51.860+0000] {dagbag.py:545} INFO - Filling up the DagBag from /home/varn1t/ml-pipeline/venv/lib/python3.11/site-packages/airflow/example_dags/tutorial_objectstorage.py
[2026-05-24T13:36:51.867+0000] {processor.py:840} INFO - DAG(s) 'tutorial_objectstorage' retrieved from /home/varn1t/ml-pipeline/venv/lib/python3.11/site-packages/airflow/example_dags/tutorial_objectstorage.py
[2026-05-24T13:36:51.877+0000] {logging_mixin.py:188} INFO - [2026-05-24T13:36:51.876+0000] {dag.py:3096} INFO - Sync 1 DAGs
[2026-05-24T13:36:51.882+0000] {logging_mixin.py:188} INFO - [2026-05-24T13:36:51.882+0000] {dag.py:3954} INFO - Setting next_dagrun for tutorial_objectstorage to None, run_after=None
[2026-05-24T13:36:51.900+0000] {processor.py:183} INFO - Processing /home/varn1t/ml-pipeline/venv/lib/python3.11/site-packages/airflow/example_dags/tutorial_objectstorage.py took 0.045 seconds
[2026-05-24T13:37:51.042+0000] {processor.py:161} INFO - Started process (PID=7264) to work on /home/varn1t/ml-pipeline/venv/lib/python3.11/site-packages/airflow/example_dags/tutorial_objectstorage.py
[2026-05-24T13:37:51.043+0000] {processor.py:830} INFO - Processing file /home/varn1t/ml-pipeline/venv/lib/python3.11/site-packages/airflow/example_dags/tutorial_objectstorage.py for tasks to queue
[2026-05-24T13:37:51.044+0000] {logging_mixin.py:188} INFO - [2026-05-24T13:37:51.043+0000] {dagbag.py:545} INFO - Filling up the DagBag from /home/varn1t/ml-pipeline/venv/lib/python3.11/site-packages/airflow/example_dags/tutorial_objectstorage.py
[2026-05-24T13:37:51.050+0000] {processor.py:840} INFO - DAG(s) 'tutorial_objectstorage' retrieved from /home/varn1t/ml-pipeline/venv/lib/python3.11/site-packages/airflow/example_dags/tutorial_objectstorage.py
[2026-05-24T13:37:51.060+0000] {logging_mixin.py:188} INFO - [2026-05-24T13:37:51.059+0000] {dag.py:3096} INFO - Sync 1 DAGs
[2026-05-24T13:37:51.066+0000] {logging_mixin.py:188} INFO - [2026-05-24T13:37:51.066+0000] {dag.py:3954} INFO - Setting next_dagrun for tutorial_objectstorage to None, run_after=None
[2026-05-24T13:37:51.082+0000] {processor.py:183} INFO - Processing /home/varn1t/ml-pipeline/venv/lib/python3.11/site-packages/airflow/example_dags/tutorial_objectstorage.py took 0.044 seconds
[2026-05-24T13:38:27.462+0000] {processor.py:161} INFO - Started process (PID=7455) to work on /home/varn1t/ml-pipeline/venv/lib/python3.11/site-packages/airflow/example_dags/tutorial_objectstorage.py
[2026-05-24T13:38:27.463+0000] {processor.py:830} INFO - Processing file /home/varn1t/ml-pipeline/venv/lib/python3.11/site-packages/airflow/example_dags/tutorial_objectstorage.py for tasks to queue
[2026-05-24T13:38:27.463+0000] {logging_mixin.py:188} INFO - [2026-05-24T13:38:27.463+0000] {dagbag.py:545} INFO - Filling up the DagBag from /home/varn1t/ml-pipeline/venv/lib/python3.11/site-packages/airflow/example_dags/tutorial_objectstorage.py
[2026-05-24T13:38:27.470+0000] {processor.py:840} INFO - DAG(s) 'tutorial_objectstorage' retrieved from /home/varn1t/ml-pipeline/venv/lib/python3.11/site-packages/airflow/example_dags/tutorial_objectstorage.py
[2026-05-24T13:38:27.482+0000] {logging_mixin.py:188} INFO - [2026-05-24T13:38:27.481+0000] {dag.py:3096} INFO - Sync 1 DAGs
[2026-05-24T13:38:27.489+0000] {logging_mixin.py:188} INFO - [2026-05-24T13:38:27.489+0000] {dag.py:3954} INFO - Setting next_dagrun for tutorial_objectstorage to None, run_after=None
[2026-05-24T13:38:27.505+0000] {processor.py:183} INFO - Processing /home/varn1t/ml-pipeline/venv/lib/python3.11/site-packages/airflow/example_dags/tutorial_objectstorage.py took 0.048 seconds
[2026-05-24T13:39:06.119+0000] {processor.py:161} INFO - Started process (PID=7617) to work on /home/varn1t/ml-pipeline/venv/lib/python3.11/site-packages/airflow/example_dags/tutorial_objectstorage.py
[2026-05-24T13:39:06.120+0000] {processor.py:830} INFO - Processing file /home/varn1t/ml-pipeline/venv/lib/python3.11/site-packages/airflow/example_dags/tutorial_objectstorage.py for tasks to queue
[2026-05-24T13:39:06.120+0000] {logging_mixin.py:188} INFO - [2026-05-24T13:39:06.120+0000] {dagbag.py:545} INFO - Filling up the DagBag from /home/varn1t/ml-pipeline/venv/lib/python3.11/site-packages/airflow/example_dags/tutorial_objectstorage.py
[2026-05-24T13:39:06.126+0000] {processor.py:840} INFO - DAG(s) 'tutorial_objectstorage' retrieved from /home/varn1t/ml-pipeline/venv/lib/python3.11/site-packages/airflow/example_dags/tutorial_objectstorage.py
[2026-05-24T13:39:06.135+0000] {logging_mixin.py:188} INFO - [2026-05-24T13:39:06.135+0000] {dag.py:3096} INFO - Sync 1 DAGs
[2026-05-24T13:39:06.141+0000] {logging_mixin.py:188} INFO - [2026-05-24T13:39:06.141+0000] {dag.py:3954} INFO - Setting next_dagrun for tutorial_objectstorage to None, run_after=None
[2026-05-24T13:39:06.157+0000] {processor.py:183} INFO - Processing /home/varn1t/ml-pipeline/venv/lib/python3.11/site-packages/airflow/example_dags/tutorial_objectstorage.py took 0.042 seconds
[2026-05-24T13:39:46.925+0000] {processor.py:161} INFO - Started process (PID=7796) to work on /home/varn1t/ml-pipeline/venv/lib/python3.11/site-packages/airflow/example_dags/tutorial_objectstorage.py
[2026-05-24T13:39:46.926+0000] {processor.py:830} INFO - Processing file /home/varn1t/ml-pipeline/venv/lib/python3.11/site-packages/airflow/example_dags/tutorial_objectstorage.py for tasks to queue
[2026-05-24T13:39:46.927+0000] {logging_mixin.py:188} INFO - [2026-05-24T13:39:46.927+0000] {dagbag.py:545} INFO - Filling up the DagBag from /home/varn1t/ml-pipeline/venv/lib/python3.11/site-packages/airflow/example_dags/tutorial_objectstorage.py
[2026-05-24T13:39:46.934+0000] {processor.py:840} INFO - DAG(s) 'tutorial_objectstorage' retrieved from /home/varn1t/ml-pipeline/venv/lib/python3.11/site-packages/airflow/example_dags/tutorial_objectstorage.py
[2026-05-24T13:39:46.944+0000] {logging_mixin.py:188} INFO - [2026-05-24T13:39:46.944+0000] {dag.py:3096} INFO - Sync 1 DAGs
[2026-05-24T13:39:46.952+0000] {logging_mixin.py:188} INFO - [2026-05-24T13:39:46.952+0000] {dag.py:3954} INFO - Setting next_dagrun for tutorial_objectstorage to None, run_after=None
[2026-05-24T13:39:46.967+0000] {processor.py:183} INFO - Processing /home/varn1t/ml-pipeline/venv/lib/python3.11/site-packages/airflow/example_dags/tutorial_objectstorage.py took 0.046 seconds
[2026-05-24T13:40:27.165+0000] {processor.py:161} INFO - Started process (PID=7976) to work on /home/varn1t/ml-pipeline/venv/lib/python3.11/site-packages/airflow/example_dags/tutorial_objectstorage.py
[2026-05-24T13:40:27.167+0000] {processor.py:830} INFO - Processing file /home/varn1t/ml-pipeline/venv/lib/python3.11/site-packages/airflow/example_dags/tutorial_objectstorage.py for tasks to queue
[2026-05-24T13:40:27.167+0000] {logging_mixin.py:188} INFO - [2026-05-24T13:40:27.167+0000] {dagbag.py:545} INFO - Filling up the DagBag from /home/varn1t/ml-pipeline/venv/lib/python3.11/site-packages/airflow/example_dags/tutorial_objectstorage.py
[2026-05-24T13:40:27.176+0000] {processor.py:840} INFO - DAG(s) 'tutorial_objectstorage' retrieved from /home/varn1t/ml-pipeline/venv/lib/python3.11/site-packages/airflow/example_dags/tutorial_objectstorage.py
[2026-05-24T13:40:27.191+0000] {logging_mixin.py:188} INFO - [2026-05-24T13:40:27.191+0000] {dag.py:3096} INFO - Sync 1 DAGs
[2026-05-24T13:40:27.199+0000] {logging_mixin.py:188} INFO - [2026-05-24T13:40:27.199+0000] {dag.py:3954} INFO - Setting next_dagrun for tutorial_objectstorage to None, run_after=None
[2026-05-24T13:40:27.214+0000] {processor.py:183} INFO - Processing /home/varn1t/ml-pipeline/venv/lib/python3.11/site-packages/airflow/example_dags/tutorial_objectstorage.py took 0.055 seconds
[2026-05-24T13:41:04.228+0000] {processor.py:161} INFO - Started process (PID=8139) to work on /home/varn1t/ml-pipeline/venv/lib/python3.11/site-packages/airflow/example_dags/tutorial_objectstorage.py
[2026-05-24T13:41:04.229+0000] {processor.py:830} INFO - Processing file /home/varn1t/ml-pipeline/venv/lib/python3.11/site-packages/airflow/example_dags/tutorial_objectstorage.py for tasks to queue
[2026-05-24T13:41:04.230+0000] {logging_mixin.py:188} INFO - [2026-05-24T13:41:04.229+0000] {dagbag.py:545} INFO - Filling up the DagBag from /home/varn1t/ml-pipeline/venv/lib/python3.11/site-packages/airflow/example_dags/tutorial_objectstorage.py
[2026-05-24T13:41:04.239+0000] {processor.py:840} INFO - DAG(s) 'tutorial_objectstorage' retrieved from /home/varn1t/ml-pipeline/venv/lib/python3.11/site-packages/airflow/example_dags/tutorial_objectstorage.py
[2026-05-24T13:41:04.248+0000] {logging_mixin.py:188} INFO - [2026-05-24T13:41:04.248+0000] {dag.py:3096} INFO - Sync 1 DAGs
[2026-05-24T13:41:04.257+0000] {logging_mixin.py:188} INFO - [2026-05-24T13:41:04.257+0000] {dag.py:3954} INFO - Setting next_dagrun for tutorial_objectstorage to None, run_after=None
[2026-05-24T13:41:04.274+0000] {processor.py:183} INFO - Processing /home/varn1t/ml-pipeline/venv/lib/python3.11/site-packages/airflow/example_dags/tutorial_objectstorage.py took 0.052 seconds
[2026-05-24T13:41:44.634+0000] {processor.py:161} INFO - Started process (PID=8315) to work on /home/varn1t/ml-pipeline/venv/lib/python3.11/site-packages/airflow/example_dags/tutorial_objectstorage.py
[2026-05-24T13:41:44.635+0000] {processor.py:830} INFO - Processing file /home/varn1t/ml-pipeline/venv/lib/python3.11/site-packages/airflow/example_dags/tutorial_objectstorage.py for tasks to queue
[2026-05-24T13:41:44.635+0000] {logging_mixin.py:188} INFO - [2026-05-24T13:41:44.635+0000] {dagbag.py:545} INFO - Filling up the DagBag from /home/varn1t/ml-pipeline/venv/lib/python3.11/site-packages/airflow/example_dags/tutorial_objectstorage.py
[2026-05-24T13:41:44.641+0000] {processor.py:840} INFO - DAG(s) 'tutorial_objectstorage' retrieved from /home/varn1t/ml-pipeline/venv/lib/python3.11/site-packages/airflow/example_dags/tutorial_objectstorage.py
[2026-05-24T13:41:44.651+0000] {logging_mixin.py:188} INFO - [2026-05-24T13:41:44.650+0000] {dag.py:3096} INFO - Sync 1 DAGs
[2026-05-24T13:41:44.657+0000] {logging_mixin.py:188} INFO - [2026-05-24T13:41:44.657+0000] {dag.py:3954} INFO - Setting next_dagrun for tutorial_objectstorage to None, run_after=None
[2026-05-24T13:41:44.671+0000] {processor.py:183} INFO - Processing /home/varn1t/ml-pipeline/venv/lib/python3.11/site-packages/airflow/example_dags/tutorial_objectstorage.py took 0.041 seconds
[2026-05-24T13:42:25.142+0000] {processor.py:161} INFO - Started process (PID=8493) to work on /home/varn1t/ml-pipeline/venv/lib/python3.11/site-packages/airflow/example_dags/tutorial_objectstorage.py
[2026-05-24T13:42:25.143+0000] {processor.py:830} INFO - Processing file /home/varn1t/ml-pipeline/venv/lib/python3.11/site-packages/airflow/example_dags/tutorial_objectstorage.py for tasks to queue
[2026-05-24T13:42:25.143+0000] {logging_mixin.py:188} INFO - [2026-05-24T13:42:25.143+0000] {dagbag.py:545} INFO - Filling up the DagBag from /home/varn1t/ml-pipeline/venv/lib/python3.11/site-packages/airflow/example_dags/tutorial_objectstorage.py
[2026-05-24T13:42:25.149+0000] {processor.py:840} INFO - DAG(s) 'tutorial_objectstorage' retrieved from /home/varn1t/ml-pipeline/venv/lib/python3.11/site-packages/airflow/example_dags/tutorial_objectstorage.py
[2026-05-24T13:42:25.160+0000] {logging_mixin.py:188} INFO - [2026-05-24T13:42:25.160+0000] {dag.py:3096} INFO - Sync 1 DAGs
[2026-05-24T13:42:25.167+0000] {logging_mixin.py:188} INFO - [2026-05-24T13:42:25.167+0000] {dag.py:3954} INFO - Setting next_dagrun for tutorial_objectstorage to None, run_after=None
[2026-05-24T13:42:25.182+0000] {processor.py:183} INFO - Processing /home/varn1t/ml-pipeline/venv/lib/python3.11/site-packages/airflow/example_dags/tutorial_objectstorage.py took 0.044 seconds
[2026-05-24T13:43:07.914+0000] {processor.py:161} INFO - Started process (PID=8679) to work on /home/varn1t/ml-pipeline/venv/lib/python3.11/site-packages/airflow/example_dags/tutorial_objectstorage.py
[2026-05-24T13:43:07.915+0000] {processor.py:830} INFO - Processing file /home/varn1t/ml-pipeline/venv/lib/python3.11/site-packages/airflow/example_dags/tutorial_objectstorage.py for tasks to queue
[2026-05-24T13:43:07.915+0000] {logging_mixin.py:188} INFO - [2026-05-24T13:43:07.915+0000] {dagbag.py:545} INFO - Filling up the DagBag from /home/varn1t/ml-pipeline/venv/lib/python3.11/site-packages/airflow/example_dags/tutorial_objectstorage.py
[2026-05-24T13:43:07.922+0000] {processor.py:840} INFO - DAG(s) 'tutorial_objectstorage' retrieved from /home/varn1t/ml-pipeline/venv/lib/python3.11/site-packages/airflow/example_dags/tutorial_objectstorage.py
[2026-05-24T13:43:07.933+0000] {logging_mixin.py:188} INFO - [2026-05-24T13:43:07.933+0000] {dag.py:3096} INFO - Sync 1 DAGs
[2026-05-24T13:43:07.940+0000] {logging_mixin.py:188} INFO - [2026-05-24T13:43:07.940+0000] {dag.py:3954} INFO - Setting next_dagrun for tutorial_objectstorage to None, run_after=None
[2026-05-24T13:43:07.957+0000] {processor.py:183} INFO - Processing /home/varn1t/ml-pipeline/venv/lib/python3.11/site-packages/airflow/example_dags/tutorial_objectstorage.py took 0.047 seconds
[2026-05-24T13:43:50.164+0000] {processor.py:161} INFO - Started process (PID=8885) to work on /home/varn1t/ml-pipeline/venv/lib/python3.11/site-packages/airflow/example_dags/tutorial_objectstorage.py
[2026-05-24T13:43:50.165+0000] {processor.py:830} INFO - Processing file /home/varn1t/ml-pipeline/venv/lib/python3.11/site-packages/airflow/example_dags/tutorial_objectstorage.py for tasks to queue
[2026-05-24T13:43:50.165+0000] {logging_mixin.py:188} INFO - [2026-05-24T13:43:50.165+0000] {dagbag.py:545} INFO - Filling up the DagBag from /home/varn1t/ml-pipeline/venv/lib/python3.11/site-packages/airflow/example_dags/tutorial_objectstorage.py
[2026-05-24T13:43:50.171+0000] {processor.py:840} INFO - DAG(s) 'tutorial_objectstorage' retrieved from /home/varn1t/ml-pipeline/venv/lib/python3.11/site-packages/airflow/example_dags/tutorial_objectstorage.py
[2026-05-24T13:43:50.180+0000] {logging_mixin.py:188} INFO - [2026-05-24T13:43:50.180+0000] {dag.py:3096} INFO - Sync 1 DAGs
[2026-05-24T13:43:50.185+0000] {logging_mixin.py:188} INFO - [2026-05-24T13:43:50.185+0000] {dag.py:3954} INFO - Setting next_dagrun for tutorial_objectstorage to None, run_after=None
[2026-05-24T13:43:50.199+0000] {processor.py:183} INFO - Processing /home/varn1t/ml-pipeline/venv/lib/python3.11/site-packages/airflow/example_dags/tutorial_objectstorage.py took 0.039 seconds
[2026-05-24T13:44:33.888+0000] {processor.py:161} INFO - Started process (PID=9070) to work on /home/varn1t/ml-pipeline/venv/lib/python3.11/site-packages/airflow/example_dags/tutorial_objectstorage.py
[2026-05-24T13:44:33.888+0000] {processor.py:830} INFO - Processing file /home/varn1t/ml-pipeline/venv/lib/python3.11/site-packages/airflow/example_dags/tutorial_objectstorage.py for tasks to queue
[2026-05-24T13:44:33.889+0000] {logging_mixin.py:188} INFO - [2026-05-24T13:44:33.889+0000] {dagbag.py:545} INFO - Filling up the DagBag from /home/varn1t/ml-pipeline/venv/lib/python3.11/site-packages/airflow/example_dags/tutorial_objectstorage.py
[2026-05-24T13:44:33.895+0000] {processor.py:840} INFO - DAG(s) 'tutorial_objectstorage' retrieved from /home/varn1t/ml-pipeline/venv/lib/python3.11/site-packages/airflow/example_dags/tutorial_objectstorage.py
[2026-05-24T13:44:33.904+0000] {logging_mixin.py:188} INFO - [2026-05-24T13:44:33.904+0000] {dag.py:3096} INFO - Sync 1 DAGs
[2026-05-24T13:44:33.910+0000] {logging_mixin.py:188} INFO - [2026-05-24T13:44:33.910+0000] {dag.py:3954} INFO - Setting next_dagrun for tutorial_objectstorage to None, run_after=None
[2026-05-24T13:44:33.924+0000] {processor.py:183} INFO - Processing /home/varn1t/ml-pipeline/venv/lib/python3.11/site-packages/airflow/example_dags/tutorial_objectstorage.py took 0.041 seconds
[2026-05-24T13:45:16.225+0000] {processor.py:161} INFO - Started process (PID=9257) to work on /home/varn1t/ml-pipeline/venv/lib/python3.11/site-packages/airflow/example_dags/tutorial_objectstorage.py
[2026-05-24T13:45:16.226+0000] {processor.py:830} INFO - Processing file /home/varn1t/ml-pipeline/venv/lib/python3.11/site-packages/airflow/example_dags/tutorial_objectstorage.py for tasks to queue
[2026-05-24T13:45:16.226+0000] {logging_mixin.py:188} INFO - [2026-05-24T13:45:16.226+0000] {dagbag.py:545} INFO - Filling up the DagBag from /home/varn1t/ml-pipeline/venv/lib/python3.11/site-packages/airflow/example_dags/tutorial_objectstorage.py
[2026-05-24T13:45:16.233+0000] {processor.py:840} INFO - DAG(s) 'tutorial_objectstorage' retrieved from /home/varn1t/ml-pipeline/venv/lib/python3.11/site-packages/airflow/example_dags/tutorial_objectstorage.py
[2026-05-24T13:45:16.245+0000] {logging_mixin.py:188} INFO - [2026-05-24T13:45:16.244+0000] {dag.py:3096} INFO - Sync 1 DAGs
[2026-05-24T13:45:16.252+0000] {logging_mixin.py:188} INFO - [2026-05-24T13:45:16.252+0000] {dag.py:3954} INFO - Setting next_dagrun for tutorial_objectstorage to None, run_after=None
[2026-05-24T13:45:16.269+0000] {processor.py:183} INFO - Processing /home/varn1t/ml-pipeline/venv/lib/python3.11/site-packages/airflow/example_dags/tutorial_objectstorage.py took 0.049 seconds
[2026-05-24T13:45:57.307+0000] {processor.py:161} INFO - Started process (PID=9436) to work on /home/varn1t/ml-pipeline/venv/lib/python3.11/site-packages/airflow/example_dags/tutorial_objectstorage.py
[2026-05-24T13:45:57.308+0000] {processor.py:830} INFO - Processing file /home/varn1t/ml-pipeline/venv/lib/python3.11/site-packages/airflow/example_dags/tutorial_objectstorage.py for tasks to queue
[2026-05-24T13:45:57.309+0000] {logging_mixin.py:188} INFO - [2026-05-24T13:45:57.309+0000] {dagbag.py:545} INFO - Filling up the DagBag from /home/varn1t/ml-pipeline/venv/lib/python3.11/site-packages/airflow/example_dags/tutorial_objectstorage.py
[2026-05-24T13:45:57.319+0000] {processor.py:840} INFO - DAG(s) 'tutorial_objectstorage' retrieved from /home/varn1t/ml-pipeline/venv/lib/python3.11/site-packages/airflow/example_dags/tutorial_objectstorage.py
[2026-05-24T13:45:57.333+0000] {logging_mixin.py:188} INFO - [2026-05-24T13:45:57.333+0000] {dag.py:3096} INFO - Sync 1 DAGs
[2026-05-24T13:45:57.342+0000] {logging_mixin.py:188} INFO - [2026-05-24T13:45:57.342+0000] {dag.py:3954} INFO - Setting next_dagrun for tutorial_objectstorage to None, run_after=None
[2026-05-24T13:45:57.361+0000] {processor.py:183} INFO - Processing /home/varn1t/ml-pipeline/venv/lib/python3.11/site-packages/airflow/example_dags/tutorial_objectstorage.py took 0.061 seconds
[2026-05-24T13:46:40.128+0000] {processor.py:161} INFO - Started process (PID=9629) to work on /home/varn1t/ml-pipeline/venv/lib/python3.11/site-packages/airflow/example_dags/tutorial_objectstorage.py
[2026-05-24T13:46:40.129+0000] {processor.py:830} INFO - Processing file /home/varn1t/ml-pipeline/venv/lib/python3.11/site-packages/airflow/example_dags/tutorial_objectstorage.py for tasks to queue
[2026-05-24T13:46:40.130+0000] {logging_mixin.py:188} INFO - [2026-05-24T13:46:40.129+0000] {dagbag.py:545} INFO - Filling up the DagBag from /home/varn1t/ml-pipeline/venv/lib/python3.11/site-packages/airflow/example_dags/tutorial_objectstorage.py
[2026-05-24T13:46:40.136+0000] {processor.py:840} INFO - DAG(s) 'tutorial_objectstorage' retrieved from /home/varn1t/ml-pipeline/venv/lib/python3.11/site-packages/airflow/example_dags/tutorial_objectstorage.py
[2026-05-24T13:46:40.149+0000] {logging_mixin.py:188} INFO - [2026-05-24T13:46:40.149+0000] {dag.py:3096} INFO - Sync 1 DAGs
[2026-05-24T13:46:40.158+0000] {logging_mixin.py:188} INFO - [2026-05-24T13:46:40.158+0000] {dag.py:3954} INFO - Setting next_dagrun for tutorial_objectstorage to None, run_after=None
[2026-05-24T13:46:40.177+0000] {processor.py:183} INFO - Processing /home/varn1t/ml-pipeline/venv/lib/python3.11/site-packages/airflow/example_dags/tutorial_objectstorage.py took 0.053 seconds
[2026-05-24T13:47:26.084+0000] {processor.py:161} INFO - Started process (PID=9822) to work on /home/varn1t/ml-pipeline/venv/lib/python3.11/site-packages/airflow/example_dags/tutorial_objectstorage.py
[2026-05-24T13:47:26.085+0000] {processor.py:830} INFO - Processing file /home/varn1t/ml-pipeline/venv/lib/python3.11/site-packages/airflow/example_dags/tutorial_objectstorage.py for tasks to queue
[2026-05-24T13:47:26.086+0000] {logging_mixin.py:188} INFO - [2026-05-24T13:47:26.086+0000] {dagbag.py:545} INFO - Filling up the DagBag from /home/varn1t/ml-pipeline/venv/lib/python3.11/site-packages/airflow/example_dags/tutorial_objectstorage.py
[2026-05-24T13:47:26.094+0000] {processor.py:840} INFO - DAG(s) 'tutorial_objectstorage' retrieved from /home/varn1t/ml-pipeline/venv/lib/python3.11/site-packages/airflow/example_dags/tutorial_objectstorage.py
[2026-05-24T13:47:26.106+0000] {logging_mixin.py:188} INFO - [2026-05-24T13:47:26.106+0000] {dag.py:3096} INFO - Sync 1 DAGs
[2026-05-24T13:47:26.114+0000] {logging_mixin.py:188} INFO - [2026-05-24T13:47:26.114+0000] {dag.py:3954} INFO - Setting next_dagrun for tutorial_objectstorage to None, run_after=None
[2026-05-24T13:47:26.130+0000] {processor.py:183} INFO - Processing /home/varn1t/ml-pipeline/venv/lib/python3.11/site-packages/airflow/example_dags/tutorial_objectstorage.py took 0.051 seconds
[2026-05-24T13:48:08.808+0000] {processor.py:161} INFO - Started process (PID=10072) to work on /home/varn1t/ml-pipeline/venv/lib/python3.11/site-packages/airflow/example_dags/tutorial_objectstorage.py
[2026-05-24T13:48:08.809+0000] {processor.py:830} INFO - Processing file /home/varn1t/ml-pipeline/venv/lib/python3.11/site-packages/airflow/example_dags/tutorial_objectstorage.py for tasks to queue
[2026-05-24T13:48:08.809+0000] {logging_mixin.py:188} INFO - [2026-05-24T13:48:08.809+0000] {dagbag.py:545} INFO - Filling up the DagBag from /home/varn1t/ml-pipeline/venv/lib/python3.11/site-packages/airflow/example_dags/tutorial_objectstorage.py
[2026-05-24T13:48:08.816+0000] {processor.py:840} INFO - DAG(s) 'tutorial_objectstorage' retrieved from /home/varn1t/ml-pipeline/venv/lib/python3.11/site-packages/airflow/example_dags/tutorial_objectstorage.py
[2026-05-24T13:48:08.826+0000] {logging_mixin.py:188} INFO - [2026-05-24T13:48:08.826+0000] {dag.py:3096} INFO - Sync 1 DAGs
[2026-05-24T13:48:08.833+0000] {logging_mixin.py:188} INFO - [2026-05-24T13:48:08.833+0000] {dag.py:3954} INFO - Setting next_dagrun for tutorial_objectstorage to None, run_after=None
[2026-05-24T13:48:08.849+0000] {processor.py:183} INFO - Processing /home/varn1t/ml-pipeline/venv/lib/python3.11/site-packages/airflow/example_dags/tutorial_objectstorage.py took 0.046 seconds
[2026-05-24T13:48:49.301+0000] {processor.py:161} INFO - Started process (PID=10543) to work on /home/varn1t/ml-pipeline/venv/lib/python3.11/site-packages/airflow/example_dags/tutorial_objectstorage.py
[2026-05-24T13:48:49.302+0000] {processor.py:830} INFO - Processing file /home/varn1t/ml-pipeline/venv/lib/python3.11/site-packages/airflow/example_dags/tutorial_objectstorage.py for tasks to queue
[2026-05-24T13:48:49.303+0000] {logging_mixin.py:188} INFO - [2026-05-24T13:48:49.303+0000] {dagbag.py:545} INFO - Filling up the DagBag from /home/varn1t/ml-pipeline/venv/lib/python3.11/site-packages/airflow/example_dags/tutorial_objectstorage.py
[2026-05-24T13:48:49.310+0000] {processor.py:840} INFO - DAG(s) 'tutorial_objectstorage' retrieved from /home/varn1t/ml-pipeline/venv/lib/python3.11/site-packages/airflow/example_dags/tutorial_objectstorage.py
[2026-05-24T13:48:49.329+0000] {logging_mixin.py:188} INFO - [2026-05-24T13:48:49.329+0000] {dag.py:3096} INFO - Sync 1 DAGs
[2026-05-24T13:48:49.339+0000] {logging_mixin.py:188} INFO - [2026-05-24T13:48:49.339+0000] {dag.py:3954} INFO - Setting next_dagrun for tutorial_objectstorage to None, run_after=None
[2026-05-24T13:48:49.365+0000] {processor.py:183} INFO - Processing /home/varn1t/ml-pipeline/venv/lib/python3.11/site-packages/airflow/example_dags/tutorial_objectstorage.py took 0.069 seconds
[2026-05-24T13:49:29.686+0000] {processor.py:161} INFO - Started process (PID=11048) to work on /home/varn1t/ml-pipeline/venv/lib/python3.11/site-packages/airflow/example_dags/tutorial_objectstorage.py
[2026-05-24T13:49:29.687+0000] {processor.py:830} INFO - Processing file /home/varn1t/ml-pipeline/venv/lib/python3.11/site-packages/airflow/example_dags/tutorial_objectstorage.py for tasks to queue
[2026-05-24T13:49:29.687+0000] {logging_mixin.py:188} INFO - [2026-05-24T13:49:29.687+0000] {dagbag.py:545} INFO - Filling up the DagBag from /home/varn1t/ml-pipeline/venv/lib/python3.11/site-packages/airflow/example_dags/tutorial_objectstorage.py
[2026-05-24T13:49:29.693+0000] {processor.py:840} INFO - DAG(s) 'tutorial_objectstorage' retrieved from /home/varn1t/ml-pipeline/venv/lib/python3.11/site-packages/airflow/example_dags/tutorial_objectstorage.py
[2026-05-24T13:49:29.703+0000] {logging_mixin.py:188} INFO - [2026-05-24T13:49:29.703+0000] {dag.py:3096} INFO - Sync 1 DAGs
[2026-05-24T13:49:29.709+0000] {logging_mixin.py:188} INFO - [2026-05-24T13:49:29.709+0000] {dag.py:3954} INFO - Setting next_dagrun for tutorial_objectstorage to None, run_after=None
[2026-05-24T13:49:29.725+0000] {processor.py:183} INFO - Processing /home/varn1t/ml-pipeline/venv/lib/python3.11/site-packages/airflow/example_dags/tutorial_objectstorage.py took 0.043 seconds
[2026-05-24T13:50:10.932+0000] {processor.py:161} INFO - Started process (PID=11354) to work on /home/varn1t/ml-pipeline/venv/lib/python3.11/site-packages/airflow/example_dags/tutorial_objectstorage.py
[2026-05-24T13:50:10.933+0000] {processor.py:830} INFO - Processing file /home/varn1t/ml-pipeline/venv/lib/python3.11/site-packages/airflow/example_dags/tutorial_objectstorage.py for tasks to queue
[2026-05-24T13:50:10.934+0000] {logging_mixin.py:188} INFO - [2026-05-24T13:50:10.933+0000] {dagbag.py:545} INFO - Filling up the DagBag from /home/varn1t/ml-pipeline/venv/lib/python3.11/site-packages/airflow/example_dags/tutorial_objectstorage.py
[2026-05-24T13:50:10.940+0000] {processor.py:840} INFO - DAG(s) 'tutorial_objectstorage' retrieved from /home/varn1t/ml-pipeline/venv/lib/python3.11/site-packages/airflow/example_dags/tutorial_objectstorage.py
[2026-05-24T13:50:10.952+0000] {logging_mixin.py:188} INFO - [2026-05-24T13:50:10.951+0000] {dag.py:3096} INFO - Sync 1 DAGs
[2026-05-24T13:50:10.958+0000] {logging_mixin.py:188} INFO - [2026-05-24T13:50:10.958+0000] {dag.py:3954} INFO - Setting next_dagrun for tutorial_objectstorage to None, run_after=None
[2026-05-24T13:50:10.973+0000] {processor.py:183} INFO - Processing /home/varn1t/ml-pipeline/venv/lib/python3.11/site-packages/airflow/example_dags/tutorial_objectstorage.py took 0.044 seconds
[2026-05-24T13:50:49.499+0000] {processor.py:161} INFO - Started process (PID=11646) to work on /home/varn1t/ml-pipeline/venv/lib/python3.11/site-packages/airflow/example_dags/tutorial_objectstorage.py
[2026-05-24T13:50:49.500+0000] {processor.py:830} INFO - Processing file /home/varn1t/ml-pipeline/venv/lib/python3.11/site-packages/airflow/example_dags/tutorial_objectstorage.py for tasks to queue
[2026-05-24T13:50:49.500+0000] {logging_mixin.py:188} INFO - [2026-05-24T13:50:49.500+0000] {dagbag.py:545} INFO - Filling up the DagBag from /home/varn1t/ml-pipeline/venv/lib/python3.11/site-packages/airflow/example_dags/tutorial_objectstorage.py
[2026-05-24T13:50:49.508+0000] {processor.py:840} INFO - DAG(s) 'tutorial_objectstorage' retrieved from /home/varn1t/ml-pipeline/venv/lib/python3.11/site-packages/airflow/example_dags/tutorial_objectstorage.py
[2026-05-24T13:50:49.520+0000] {logging_mixin.py:188} INFO - [2026-05-24T13:50:49.520+0000] {dag.py:3096} INFO - Sync 1 DAGs
[2026-05-24T13:50:49.527+0000] {logging_mixin.py:188} INFO - [2026-05-24T13:50:49.527+0000] {dag.py:3954} INFO - Setting next_dagrun for tutorial_objectstorage to None, run_after=None
[2026-05-24T13:50:49.546+0000] {processor.py:183} INFO - Processing /home/varn1t/ml-pipeline/venv/lib/python3.11/site-packages/airflow/example_dags/tutorial_objectstorage.py took 0.053 seconds
[2026-05-24T13:51:30.464+0000] {processor.py:161} INFO - Started process (PID=11950) to work on /home/varn1t/ml-pipeline/venv/lib/python3.11/site-packages/airflow/example_dags/tutorial_objectstorage.py
[2026-05-24T13:51:30.464+0000] {processor.py:830} INFO - Processing file /home/varn1t/ml-pipeline/venv/lib/python3.11/site-packages/airflow/example_dags/tutorial_objectstorage.py for tasks to queue
[2026-05-24T13:51:30.465+0000] {logging_mixin.py:188} INFO - [2026-05-24T13:51:30.465+0000] {dagbag.py:545} INFO - Filling up the DagBag from /home/varn1t/ml-pipeline/venv/lib/python3.11/site-packages/airflow/example_dags/tutorial_objectstorage.py
[2026-05-24T13:51:30.471+0000] {processor.py:840} INFO - DAG(s) 'tutorial_objectstorage' retrieved from /home/varn1t/ml-pipeline/venv/lib/python3.11/site-packages/airflow/example_dags/tutorial_objectstorage.py
[2026-05-24T13:51:30.485+0000] {logging_mixin.py:188} INFO - [2026-05-24T13:51:30.485+0000] {dag.py:3096} INFO - Sync 1 DAGs
[2026-05-24T13:51:30.492+0000] {logging_mixin.py:188} INFO - [2026-05-24T13:51:30.491+0000] {dag.py:3954} INFO - Setting next_dagrun for tutorial_objectstorage to None, run_after=None
[2026-05-24T13:51:30.508+0000] {processor.py:183} INFO - Processing /home/varn1t/ml-pipeline/venv/lib/python3.11/site-packages/airflow/example_dags/tutorial_objectstorage.py took 0.051 seconds
[2026-05-24T13:52:10.284+0000] {processor.py:161} INFO - Started process (PID=12240) to work on /home/varn1t/ml-pipeline/venv/lib/python3.11/site-packages/airflow/example_dags/tutorial_objectstorage.py
[2026-05-24T13:52:10.285+0000] {processor.py:830} INFO - Processing file /home/varn1t/ml-pipeline/venv/lib/python3.11/site-packages/airflow/example_dags/tutorial_objectstorage.py for tasks to queue
[2026-05-24T13:52:10.285+0000] {logging_mixin.py:188} INFO - [2026-05-24T13:52:10.285+0000] {dagbag.py:545} INFO - Filling up the DagBag from /home/varn1t/ml-pipeline/venv/lib/python3.11/site-packages/airflow/example_dags/tutorial_objectstorage.py
[2026-05-24T13:52:10.292+0000] {processor.py:840} INFO - DAG(s) 'tutorial_objectstorage' retrieved from /home/varn1t/ml-pipeline/venv/lib/python3.11/site-packages/airflow/example_dags/tutorial_objectstorage.py
[2026-05-24T13:52:10.301+0000] {logging_mixin.py:188} INFO - [2026-05-24T13:52:10.301+0000] {dag.py:3096} INFO - Sync 1 DAGs
[2026-05-24T13:52:10.307+0000] {logging_mixin.py:188} INFO - [2026-05-24T13:52:10.307+0000] {dag.py:3954} INFO - Setting next_dagrun for tutorial_objectstorage to None, run_after=None
[2026-05-24T13:52:10.320+0000] {processor.py:183} INFO - Processing /home/varn1t/ml-pipeline/venv/lib/python3.11/site-packages/airflow/example_dags/tutorial_objectstorage.py took 0.040 seconds
[2026-05-24T13:52:53.557+0000] {processor.py:161} INFO - Started process (PID=12425) to work on /home/varn1t/ml-pipeline/venv/lib/python3.11/site-packages/airflow/example_dags/tutorial_objectstorage.py
[2026-05-24T13:52:53.558+0000] {processor.py:830} INFO - Processing file /home/varn1t/ml-pipeline/venv/lib/python3.11/site-packages/airflow/example_dags/tutorial_objectstorage.py for tasks to queue
[2026-05-24T13:52:53.558+0000] {logging_mixin.py:188} INFO - [2026-05-24T13:52:53.558+0000] {dagbag.py:545} INFO - Filling up the DagBag from /home/varn1t/ml-pipeline/venv/lib/python3.11/site-packages/airflow/example_dags/tutorial_objectstorage.py
[2026-05-24T13:52:53.565+0000] {processor.py:840} INFO - DAG(s) 'tutorial_objectstorage' retrieved from /home/varn1t/ml-pipeline/venv/lib/python3.11/site-packages/airflow/example_dags/tutorial_objectstorage.py
[2026-05-24T13:52:53.575+0000] {logging_mixin.py:188} INFO - [2026-05-24T13:52:53.575+0000] {dag.py:3096} INFO - Sync 1 DAGs
[2026-05-24T13:52:53.584+0000] {logging_mixin.py:188} INFO - [2026-05-24T13:52:53.583+0000] {dag.py:3954} INFO - Setting next_dagrun for tutorial_objectstorage to None, run_after=None
[2026-05-24T13:52:53.600+0000] {processor.py:183} INFO - Processing /home/varn1t/ml-pipeline/venv/lib/python3.11/site-packages/airflow/example_dags/tutorial_objectstorage.py took 0.047 seconds
[2026-05-24T13:53:37.097+0000] {processor.py:161} INFO - Started process (PID=12646) to work on /home/varn1t/ml-pipeline/venv/lib/python3.11/site-packages/airflow/example_dags/tutorial_objectstorage.py
[2026-05-24T13:53:37.098+0000] {processor.py:830} INFO - Processing file /home/varn1t/ml-pipeline/venv/lib/python3.11/site-packages/airflow/example_dags/tutorial_objectstorage.py for tasks to queue
[2026-05-24T13:53:37.098+0000] {logging_mixin.py:188} INFO - [2026-05-24T13:53:37.098+0000] {dagbag.py:545} INFO - Filling up the DagBag from /home/varn1t/ml-pipeline/venv/lib/python3.11/site-packages/airflow/example_dags/tutorial_objectstorage.py
[2026-05-24T13:53:37.104+0000] {processor.py:840} INFO - DAG(s) 'tutorial_objectstorage' retrieved from /home/varn1t/ml-pipeline/venv/lib/python3.11/site-packages/airflow/example_dags/tutorial_objectstorage.py
[2026-05-24T13:53:37.114+0000] {logging_mixin.py:188} INFO - [2026-05-24T13:53:37.114+0000] {dag.py:3096} INFO - Sync 1 DAGs
[2026-05-24T13:53:37.122+0000] {logging_mixin.py:188} INFO - [2026-05-24T13:53:37.122+0000] {dag.py:3954} INFO - Setting next_dagrun for tutorial_objectstorage to None, run_after=None
[2026-05-24T13:53:37.136+0000] {processor.py:183} INFO - Processing /home/varn1t/ml-pipeline/venv/lib/python3.11/site-packages/airflow/example_dags/tutorial_objectstorage.py took 0.044 seconds
[2026-05-24T13:54:17.607+0000] {processor.py:161} INFO - Started process (PID=12818) to work on /home/varn1t/ml-pipeline/venv/lib/python3.11/site-packages/airflow/example_dags/tutorial_objectstorage.py
[2026-05-24T13:54:17.607+0000] {processor.py:830} INFO - Processing file /home/varn1t/ml-pipeline/venv/lib/python3.11/site-packages/airflow/example_dags/tutorial_objectstorage.py for tasks to queue
[2026-05-24T13:54:17.608+0000] {logging_mixin.py:188} INFO - [2026-05-24T13:54:17.608+0000] {dagbag.py:545} INFO - Filling up the DagBag from /home/varn1t/ml-pipeline/venv/lib/python3.11/site-packages/airflow/example_dags/tutorial_objectstorage.py
[2026-05-24T13:54:17.614+0000] {processor.py:840} INFO - DAG(s) 'tutorial_objectstorage' retrieved from /home/varn1t/ml-pipeline/venv/lib/python3.11/site-packages/airflow/example_dags/tutorial_objectstorage.py
[2026-05-24T13:54:17.622+0000] {logging_mixin.py:188} INFO - [2026-05-24T13:54:17.622+0000] {dag.py:3096} INFO - Sync 1 DAGs
[2026-05-24T13:54:17.628+0000] {logging_mixin.py:188} INFO - [2026-05-24T13:54:17.628+0000] {dag.py:3954} INFO - Setting next_dagrun for tutorial_objectstorage to None, run_after=None
[2026-05-24T13:54:17.642+0000] {processor.py:183} INFO - Processing /home/varn1t/ml-pipeline/venv/lib/python3.11/site-packages/airflow/example_dags/tutorial_objectstorage.py took 0.039 seconds
[2026-05-24T13:54:57.004+0000] {processor.py:161} INFO - Started process (PID=12990) to work on /home/varn1t/ml-pipeline/venv/lib/python3.11/site-packages/airflow/example_dags/tutorial_objectstorage.py
[2026-05-24T13:54:57.005+0000] {processor.py:830} INFO - Processing file /home/varn1t/ml-pipeline/venv/lib/python3.11/site-packages/airflow/example_dags/tutorial_objectstorage.py for tasks to queue
[2026-05-24T13:54:57.006+0000] {logging_mixin.py:188} INFO - [2026-05-24T13:54:57.006+0000] {dagbag.py:545} INFO - Filling up the DagBag from /home/varn1t/ml-pipeline/venv/lib/python3.11/site-packages/airflow/example_dags/tutorial_objectstorage.py
[2026-05-24T13:54:57.012+0000] {processor.py:840} INFO - DAG(s) 'tutorial_objectstorage' retrieved from /home/varn1t/ml-pipeline/venv/lib/python3.11/site-packages/airflow/example_dags/tutorial_objectstorage.py
[2026-05-24T13:54:57.023+0000] {logging_mixin.py:188} INFO - [2026-05-24T13:54:57.023+0000] {dag.py:3096} INFO - Sync 1 DAGs
[2026-05-24T13:54:57.032+0000] {logging_mixin.py:188} INFO - [2026-05-24T13:54:57.031+0000] {dag.py:3954} INFO - Setting next_dagrun for tutorial_objectstorage to None, run_after=None
[2026-05-24T13:54:57.048+0000] {processor.py:183} INFO - Processing /home/varn1t/ml-pipeline/venv/lib/python3.11/site-packages/airflow/example_dags/tutorial_objectstorage.py took 0.047 seconds
[2026-05-24T13:55:36.386+0000] {processor.py:161} INFO - Started process (PID=13163) to work on /home/varn1t/ml-pipeline/venv/lib/python3.11/site-packages/airflow/example_dags/tutorial_objectstorage.py
[2026-05-24T13:55:36.387+0000] {processor.py:830} INFO - Processing file /home/varn1t/ml-pipeline/venv/lib/python3.11/site-packages/airflow/example_dags/tutorial_objectstorage.py for tasks to queue
[2026-05-24T13:55:36.387+0000] {logging_mixin.py:188} INFO - [2026-05-24T13:55:36.387+0000] {dagbag.py:545} INFO - Filling up the DagBag from /home/varn1t/ml-pipeline/venv/lib/python3.11/site-packages/airflow/example_dags/tutorial_objectstorage.py
[2026-05-24T13:55:36.393+0000] {processor.py:840} INFO - DAG(s) 'tutorial_objectstorage' retrieved from /home/varn1t/ml-pipeline/venv/lib/python3.11/site-packages/airflow/example_dags/tutorial_objectstorage.py
[2026-05-24T13:55:36.402+0000] {logging_mixin.py:188} INFO - [2026-05-24T13:55:36.402+0000] {dag.py:3096} INFO - Sync 1 DAGs
[2026-05-24T13:55:36.408+0000] {logging_mixin.py:188} INFO - [2026-05-24T13:55:36.408+0000] {dag.py:3954} INFO - Setting next_dagrun for tutorial_objectstorage to None, run_after=None
[2026-05-24T13:55:36.421+0000] {processor.py:183} INFO - Processing /home/varn1t/ml-pipeline/venv/lib/python3.11/site-packages/airflow/example_dags/tutorial_objectstorage.py took 0.039 seconds
[2026-05-24T13:56:13.117+0000] {processor.py:161} INFO - Started process (PID=13325) to work on /home/varn1t/ml-pipeline/venv/lib/python3.11/site-packages/airflow/example_dags/tutorial_objectstorage.py
[2026-05-24T13:56:13.118+0000] {processor.py:830} INFO - Processing file /home/varn1t/ml-pipeline/venv/lib/python3.11/site-packages/airflow/example_dags/tutorial_objectstorage.py for tasks to queue
[2026-05-24T13:56:13.118+0000] {logging_mixin.py:188} INFO - [2026-05-24T13:56:13.118+0000] {dagbag.py:545} INFO - Filling up the DagBag from /home/varn1t/ml-pipeline/venv/lib/python3.11/site-packages/airflow/example_dags/tutorial_objectstorage.py
[2026-05-24T13:56:13.124+0000] {processor.py:840} INFO - DAG(s) 'tutorial_objectstorage' retrieved from /home/varn1t/ml-pipeline/venv/lib/python3.11/site-packages/airflow/example_dags/tutorial_objectstorage.py
[2026-05-24T13:56:13.135+0000] {logging_mixin.py:188} INFO - [2026-05-24T13:56:13.134+0000] {dag.py:3096} INFO - Sync 1 DAGs
[2026-05-24T13:56:13.142+0000] {logging_mixin.py:188} INFO - [2026-05-24T13:56:13.142+0000] {dag.py:3954} INFO - Setting next_dagrun for tutorial_objectstorage to None, run_after=None
[2026-05-24T13:56:13.158+0000] {processor.py:183} INFO - Processing /home/varn1t/ml-pipeline/venv/lib/python3.11/site-packages/airflow/example_dags/tutorial_objectstorage.py took 0.046 seconds
[2026-05-24T13:56:56.272+0000] {processor.py:161} INFO - Started process (PID=13514) to work on /home/varn1t/ml-pipeline/venv/lib/python3.11/site-packages/airflow/example_dags/tutorial_objectstorage.py
[2026-05-24T13:56:56.273+0000] {processor.py:830} INFO - Processing file /home/varn1t/ml-pipeline/venv/lib/python3.11/site-packages/airflow/example_dags/tutorial_objectstorage.py for tasks to queue
[2026-05-24T13:56:56.274+0000] {logging_mixin.py:188} INFO - [2026-05-24T13:56:56.274+0000] {dagbag.py:545} INFO - Filling up the DagBag from /home/varn1t/ml-pipeline/venv/lib/python3.11/site-packages/airflow/example_dags/tutorial_objectstorage.py
[2026-05-24T13:56:56.280+0000] {processor.py:840} INFO - DAG(s) 'tutorial_objectstorage' retrieved from /home/varn1t/ml-pipeline/venv/lib/python3.11/site-packages/airflow/example_dags/tutorial_objectstorage.py
[2026-05-24T13:56:56.290+0000] {logging_mixin.py:188} INFO - [2026-05-24T13:56:56.290+0000] {dag.py:3096} INFO - Sync 1 DAGs
[2026-05-24T13:56:56.298+0000] {logging_mixin.py:188} INFO - [2026-05-24T13:56:56.298+0000] {dag.py:3954} INFO - Setting next_dagrun for tutorial_objectstorage to None, run_after=None
[2026-05-24T13:56:56.315+0000] {processor.py:183} INFO - Processing /home/varn1t/ml-pipeline/venv/lib/python3.11/site-packages/airflow/example_dags/tutorial_objectstorage.py took 0.048 seconds
[2026-05-24T13:57:41.560+0000] {processor.py:161} INFO - Started process (PID=13707) to work on /home/varn1t/ml-pipeline/venv/lib/python3.11/site-packages/airflow/example_dags/tutorial_objectstorage.py
[2026-05-24T13:57:41.561+0000] {processor.py:830} INFO - Processing file /home/varn1t/ml-pipeline/venv/lib/python3.11/site-packages/airflow/example_dags/tutorial_objectstorage.py for tasks to queue
[2026-05-24T13:57:41.561+0000] {logging_mixin.py:188} INFO - [2026-05-24T13:57:41.561+0000] {dagbag.py:545} INFO - Filling up the DagBag from /home/varn1t/ml-pipeline/venv/lib/python3.11/site-packages/airflow/example_dags/tutorial_objectstorage.py
[2026-05-24T13:57:41.568+0000] {processor.py:840} INFO - DAG(s) 'tutorial_objectstorage' retrieved from /home/varn1t/ml-pipeline/venv/lib/python3.11/site-packages/airflow/example_dags/tutorial_objectstorage.py
[2026-05-24T13:57:41.578+0000] {logging_mixin.py:188} INFO - [2026-05-24T13:57:41.578+0000] {dag.py:3096} INFO - Sync 1 DAGs
[2026-05-24T13:57:41.585+0000] {logging_mixin.py:188} INFO - [2026-05-24T13:57:41.585+0000] {dag.py:3954} INFO - Setting next_dagrun for tutorial_objectstorage to None, run_after=None
[2026-05-24T13:57:41.599+0000] {processor.py:183} INFO - Processing /home/varn1t/ml-pipeline/venv/lib/python3.11/site-packages/airflow/example_dags/tutorial_objectstorage.py took 0.044 seconds
[2026-05-24T13:58:23.239+0000] {processor.py:161} INFO - Started process (PID=13887) to work on /home/varn1t/ml-pipeline/venv/lib/python3.11/site-packages/airflow/example_dags/tutorial_objectstorage.py
[2026-05-24T13:58:23.240+0000] {processor.py:830} INFO - Processing file /home/varn1t/ml-pipeline/venv/lib/python3.11/site-packages/airflow/example_dags/tutorial_objectstorage.py for tasks to queue
[2026-05-24T13:58:23.240+0000] {logging_mixin.py:188} INFO - [2026-05-24T13:58:23.240+0000] {dagbag.py:545} INFO - Filling up the DagBag from /home/varn1t/ml-pipeline/venv/lib/python3.11/site-packages/airflow/example_dags/tutorial_objectstorage.py
[2026-05-24T13:58:23.246+0000] {processor.py:840} INFO - DAG(s) 'tutorial_objectstorage' retrieved from /home/varn1t/ml-pipeline/venv/lib/python3.11/site-packages/airflow/example_dags/tutorial_objectstorage.py
[2026-05-24T13:58:23.255+0000] {logging_mixin.py:188} INFO - [2026-05-24T13:58:23.255+0000] {dag.py:3096} INFO - Sync 1 DAGs
[2026-05-24T13:58:23.262+0000] {logging_mixin.py:188} INFO - [2026-05-24T13:58:23.262+0000] {dag.py:3954} INFO - Setting next_dagrun for tutorial_objectstorage to None, run_after=None
[2026-05-24T13:58:23.278+0000] {processor.py:183} INFO - Processing /home/varn1t/ml-pipeline/venv/lib/python3.11/site-packages/airflow/example_dags/tutorial_objectstorage.py took 0.043 seconds
[2026-05-24T13:59:04.748+0000] {processor.py:161} INFO - Started process (PID=14091) to work on /home/varn1t/ml-pipeline/venv/lib/python3.11/site-packages/airflow/example_dags/tutorial_objectstorage.py
[2026-05-24T13:59:04.749+0000] {processor.py:830} INFO - Processing file /home/varn1t/ml-pipeline/venv/lib/python3.11/site-packages/airflow/example_dags/tutorial_objectstorage.py for tasks to queue
[2026-05-24T13:59:04.750+0000] {logging_mixin.py:188} INFO - [2026-05-24T13:59:04.749+0000] {dagbag.py:545} INFO - Filling up the DagBag from /home/varn1t/ml-pipeline/venv/lib/python3.11/site-packages/airflow/example_dags/tutorial_objectstorage.py
[2026-05-24T13:59:04.756+0000] {processor.py:840} INFO - DAG(s) 'tutorial_objectstorage' retrieved from /home/varn1t/ml-pipeline/venv/lib/python3.11/site-packages/airflow/example_dags/tutorial_objectstorage.py
[2026-05-24T13:59:04.766+0000] {logging_mixin.py:188} INFO - [2026-05-24T13:59:04.766+0000] {dag.py:3096} INFO - Sync 1 DAGs
[2026-05-24T13:59:04.776+0000] {logging_mixin.py:188} INFO - [2026-05-24T13:59:04.776+0000] {dag.py:3954} INFO - Setting next_dagrun for tutorial_objectstorage to None, run_after=None
[2026-05-24T13:59:04.794+0000] {processor.py:183} INFO - Processing /home/varn1t/ml-pipeline/venv/lib/python3.11/site-packages/airflow/example_dags/tutorial_objectstorage.py took 0.049 seconds
[2026-05-24T13:59:47.420+0000] {processor.py:161} INFO - Started process (PID=14279) to work on /home/varn1t/ml-pipeline/venv/lib/python3.11/site-packages/airflow/example_dags/tutorial_objectstorage.py
[2026-05-24T13:59:47.421+0000] {processor.py:830} INFO - Processing file /home/varn1t/ml-pipeline/venv/lib/python3.11/site-packages/airflow/example_dags/tutorial_objectstorage.py for tasks to queue
[2026-05-24T13:59:47.421+0000] {logging_mixin.py:188} INFO - [2026-05-24T13:59:47.421+0000] {dagbag.py:545} INFO - Filling up the DagBag from /home/varn1t/ml-pipeline/venv/lib/python3.11/site-packages/airflow/example_dags/tutorial_objectstorage.py
[2026-05-24T13:59:47.429+0000] {processor.py:840} INFO - DAG(s) 'tutorial_objectstorage' retrieved from /home/varn1t/ml-pipeline/venv/lib/python3.11/site-packages/airflow/example_dags/tutorial_objectstorage.py
[2026-05-24T13:59:47.437+0000] {logging_mixin.py:188} INFO - [2026-05-24T13:59:47.437+0000] {dag.py:3096} INFO - Sync 1 DAGs
[2026-05-24T13:59:47.444+0000] {logging_mixin.py:188} INFO - [2026-05-24T13:59:47.444+0000] {dag.py:3954} INFO - Setting next_dagrun for tutorial_objectstorage to None, run_after=None
[2026-05-24T13:59:47.459+0000] {processor.py:183} INFO - Processing /home/varn1t/ml-pipeline/venv/lib/python3.11/site-packages/airflow/example_dags/tutorial_objectstorage.py took 0.043 seconds
[2026-05-24T14:00:27.769+0000] {processor.py:161} INFO - Started process (PID=14456) to work on /home/varn1t/ml-pipeline/venv/lib/python3.11/site-packages/airflow/example_dags/tutorial_objectstorage.py
[2026-05-24T14:00:27.770+0000] {processor.py:830} INFO - Processing file /home/varn1t/ml-pipeline/venv/lib/python3.11/site-packages/airflow/example_dags/tutorial_objectstorage.py for tasks to queue
[2026-05-24T14:00:27.770+0000] {logging_mixin.py:188} INFO - [2026-05-24T14:00:27.770+0000] {dagbag.py:545} INFO - Filling up the DagBag from /home/varn1t/ml-pipeline/venv/lib/python3.11/site-packages/airflow/example_dags/tutorial_objectstorage.py
[2026-05-24T14:00:27.776+0000] {processor.py:840} INFO - DAG(s) 'tutorial_objectstorage' retrieved from /home/varn1t/ml-pipeline/venv/lib/python3.11/site-packages/airflow/example_dags/tutorial_objectstorage.py
[2026-05-24T14:00:27.786+0000] {logging_mixin.py:188} INFO - [2026-05-24T14:00:27.786+0000] {dag.py:3096} INFO - Sync 1 DAGs
[2026-05-24T14:00:27.794+0000] {logging_mixin.py:188} INFO - [2026-05-24T14:00:27.793+0000] {dag.py:3954} INFO - Setting next_dagrun for tutorial_objectstorage to None, run_after=None
[2026-05-24T14:00:27.810+0000] {processor.py:183} INFO - Processing /home/varn1t/ml-pipeline/venv/lib/python3.11/site-packages/airflow/example_dags/tutorial_objectstorage.py took 0.047 seconds
[2026-05-24T14:01:05.701+0000] {processor.py:161} INFO - Started process (PID=14621) to work on /home/varn1t/ml-pipeline/venv/lib/python3.11/site-packages/airflow/example_dags/tutorial_objectstorage.py
[2026-05-24T14:01:05.702+0000] {processor.py:830} INFO - Processing file /home/varn1t/ml-pipeline/venv/lib/python3.11/site-packages/airflow/example_dags/tutorial_objectstorage.py for tasks to queue
[2026-05-24T14:01:05.702+0000] {logging_mixin.py:188} INFO - [2026-05-24T14:01:05.702+0000] {dagbag.py:545} INFO - Filling up the DagBag from /home/varn1t/ml-pipeline/venv/lib/python3.11/site-packages/airflow/example_dags/tutorial_objectstorage.py
[2026-05-24T14:01:05.711+0000] {processor.py:840} INFO - DAG(s) 'tutorial_objectstorage' retrieved from /home/varn1t/ml-pipeline/venv/lib/python3.11/site-packages/airflow/example_dags/tutorial_objectstorage.py
[2026-05-24T14:01:05.721+0000] {logging_mixin.py:188} INFO - [2026-05-24T14:01:05.721+0000] {dag.py:3096} INFO - Sync 1 DAGs
[2026-05-24T14:01:05.727+0000] {logging_mixin.py:188} INFO - [2026-05-24T14:01:05.727+0000] {dag.py:3954} INFO - Setting next_dagrun for tutorial_objectstorage to None, run_after=None
[2026-05-24T14:01:05.743+0000] {processor.py:183} INFO - Processing /home/varn1t/ml-pipeline/venv/lib/python3.11/site-packages/airflow/example_dags/tutorial_objectstorage.py took 0.046 seconds
[2026-05-24T14:01:45.593+0000] {processor.py:161} INFO - Started process (PID=14798) to work on /home/varn1t/ml-pipeline/venv/lib/python3.11/site-packages/airflow/example_dags/tutorial_objectstorage.py
[2026-05-24T14:01:45.594+0000] {processor.py:830} INFO - Processing file /home/varn1t/ml-pipeline/venv/lib/python3.11/site-packages/airflow/example_dags/tutorial_objectstorage.py for tasks to queue
[2026-05-24T14:01:45.594+0000] {logging_mixin.py:188} INFO - [2026-05-24T14:01:45.594+0000] {dagbag.py:545} INFO - Filling up the DagBag from /home/varn1t/ml-pipeline/venv/lib/python3.11/site-packages/airflow/example_dags/tutorial_objectstorage.py
[2026-05-24T14:01:45.601+0000] {processor.py:840} INFO - DAG(s) 'tutorial_objectstorage' retrieved from /home/varn1t/ml-pipeline/venv/lib/python3.11/site-packages/airflow/example_dags/tutorial_objectstorage.py
[2026-05-24T14:01:45.611+0000] {logging_mixin.py:188} INFO - [2026-05-24T14:01:45.611+0000] {dag.py:3096} INFO - Sync 1 DAGs
[2026-05-24T14:01:45.618+0000] {logging_mixin.py:188} INFO - [2026-05-24T14:01:45.618+0000] {dag.py:3954} INFO - Setting next_dagrun for tutorial_objectstorage to None, run_after=None
[2026-05-24T14:01:45.633+0000] {processor.py:183} INFO - Processing /home/varn1t/ml-pipeline/venv/lib/python3.11/site-packages/airflow/example_dags/tutorial_objectstorage.py took 0.045 seconds
[2026-05-24T14:02:26.632+0000] {processor.py:161} INFO - Started process (PID=14978) to work on /home/varn1t/ml-pipeline/venv/lib/python3.11/site-packages/airflow/example_dags/tutorial_objectstorage.py
[2026-05-24T14:02:26.633+0000] {processor.py:830} INFO - Processing file /home/varn1t/ml-pipeline/venv/lib/python3.11/site-packages/airflow/example_dags/tutorial_objectstorage.py for tasks to queue
[2026-05-24T14:02:26.633+0000] {logging_mixin.py:188} INFO - [2026-05-24T14:02:26.633+0000] {dagbag.py:545} INFO - Filling up the DagBag from /home/varn1t/ml-pipeline/venv/lib/python3.11/site-packages/airflow/example_dags/tutorial_objectstorage.py
[2026-05-24T14:02:26.639+0000] {processor.py:840} INFO - DAG(s) 'tutorial_objectstorage' retrieved from /home/varn1t/ml-pipeline/venv/lib/python3.11/site-packages/airflow/example_dags/tutorial_objectstorage.py
[2026-05-24T14:02:26.648+0000] {logging_mixin.py:188} INFO - [2026-05-24T14:02:26.648+0000] {dag.py:3096} INFO - Sync 1 DAGs
[2026-05-24T14:02:26.654+0000] {logging_mixin.py:188} INFO - [2026-05-24T14:02:26.654+0000] {dag.py:3954} INFO - Setting next_dagrun for tutorial_objectstorage to None, run_after=None
[2026-05-24T14:02:26.668+0000] {processor.py:183} INFO - Processing /home/varn1t/ml-pipeline/venv/lib/python3.11/site-packages/airflow/example_dags/tutorial_objectstorage.py took 0.040 seconds
[2026-05-24T14:03:02.656+0000] {processor.py:161} INFO - Started process (PID=15141) to work on /home/varn1t/ml-pipeline/venv/lib/python3.11/site-packages/airflow/example_dags/tutorial_objectstorage.py
[2026-05-24T14:03:02.657+0000] {processor.py:830} INFO - Processing file /home/varn1t/ml-pipeline/venv/lib/python3.11/site-packages/airflow/example_dags/tutorial_objectstorage.py for tasks to queue
[2026-05-24T14:03:02.657+0000] {logging_mixin.py:188} INFO - [2026-05-24T14:03:02.657+0000] {dagbag.py:545} INFO - Filling up the DagBag from /home/varn1t/ml-pipeline/venv/lib/python3.11/site-packages/airflow/example_dags/tutorial_objectstorage.py
[2026-05-24T14:03:02.663+0000] {processor.py:840} INFO - DAG(s) 'tutorial_objectstorage' retrieved from /home/varn1t/ml-pipeline/venv/lib/python3.11/site-packages/airflow/example_dags/tutorial_objectstorage.py
[2026-05-24T14:03:02.675+0000] {logging_mixin.py:188} INFO - [2026-05-24T14:03:02.675+0000] {dag.py:3096} INFO - Sync 1 DAGs
[2026-05-24T14:03:02.682+0000] {logging_mixin.py:188} INFO - [2026-05-24T14:03:02.682+0000] {dag.py:3954} INFO - Setting next_dagrun for tutorial_objectstorage to None, run_after=None
[2026-05-24T14:03:02.697+0000] {processor.py:183} INFO - Processing /home/varn1t/ml-pipeline/venv/lib/python3.11/site-packages/airflow/example_dags/tutorial_objectstorage.py took 0.045 seconds
[2026-05-24T14:03:44.332+0000] {processor.py:161} INFO - Started process (PID=15347) to work on /home/varn1t/ml-pipeline/venv/lib/python3.11/site-packages/airflow/example_dags/tutorial_objectstorage.py
[2026-05-24T14:03:44.333+0000] {processor.py:830} INFO - Processing file /home/varn1t/ml-pipeline/venv/lib/python3.11/site-packages/airflow/example_dags/tutorial_objectstorage.py for tasks to queue
[2026-05-24T14:03:44.333+0000] {logging_mixin.py:188} INFO - [2026-05-24T14:03:44.333+0000] {dagbag.py:545} INFO - Filling up the DagBag from /home/varn1t/ml-pipeline/venv/lib/python3.11/site-packages/airflow/example_dags/tutorial_objectstorage.py
[2026-05-24T14:03:44.341+0000] {processor.py:840} INFO - DAG(s) 'tutorial_objectstorage' retrieved from /home/varn1t/ml-pipeline/venv/lib/python3.11/site-packages/airflow/example_dags/tutorial_objectstorage.py
[2026-05-24T14:03:44.353+0000] {logging_mixin.py:188} INFO - [2026-05-24T14:03:44.353+0000] {dag.py:3096} INFO - Sync 1 DAGs
[2026-05-24T14:03:44.361+0000] {logging_mixin.py:188} INFO - [2026-05-24T14:03:44.361+0000] {dag.py:3954} INFO - Setting next_dagrun for tutorial_objectstorage to None, run_after=None
[2026-05-24T14:03:44.383+0000] {processor.py:183} INFO - Processing /home/varn1t/ml-pipeline/venv/lib/python3.11/site-packages/airflow/example_dags/tutorial_objectstorage.py took 0.056 seconds
[2026-05-24T14:04:26.293+0000] {processor.py:161} INFO - Started process (PID=15526) to work on /home/varn1t/ml-pipeline/venv/lib/python3.11/site-packages/airflow/example_dags/tutorial_objectstorage.py
[2026-05-24T14:04:26.294+0000] {processor.py:830} INFO - Processing file /home/varn1t/ml-pipeline/venv/lib/python3.11/site-packages/airflow/example_dags/tutorial_objectstorage.py for tasks to queue
[2026-05-24T14:04:26.294+0000] {logging_mixin.py:188} INFO - [2026-05-24T14:04:26.294+0000] {dagbag.py:545} INFO - Filling up the DagBag from /home/varn1t/ml-pipeline/venv/lib/python3.11/site-packages/airflow/example_dags/tutorial_objectstorage.py
[2026-05-24T14:04:26.304+0000] {processor.py:840} INFO - DAG(s) 'tutorial_objectstorage' retrieved from /home/varn1t/ml-pipeline/venv/lib/python3.11/site-packages/airflow/example_dags/tutorial_objectstorage.py
[2026-05-24T14:04:26.319+0000] {logging_mixin.py:188} INFO - [2026-05-24T14:04:26.319+0000] {dag.py:3096} INFO - Sync 1 DAGs
[2026-05-24T14:04:26.330+0000] {logging_mixin.py:188} INFO - [2026-05-24T14:04:26.330+0000] {dag.py:3954} INFO - Setting next_dagrun for tutorial_objectstorage to None, run_after=None
[2026-05-24T14:04:26.352+0000] {processor.py:183} INFO - Processing /home/varn1t/ml-pipeline/venv/lib/python3.11/site-packages/airflow/example_dags/tutorial_objectstorage.py took 0.065 seconds
[2026-05-24T14:05:08.289+0000] {processor.py:161} INFO - Started process (PID=15705) to work on /home/varn1t/ml-pipeline/venv/lib/python3.11/site-packages/airflow/example_dags/tutorial_objectstorage.py
[2026-05-24T14:05:08.289+0000] {processor.py:830} INFO - Processing file /home/varn1t/ml-pipeline/venv/lib/python3.11/site-packages/airflow/example_dags/tutorial_objectstorage.py for tasks to queue
[2026-05-24T14:05:08.290+0000] {logging_mixin.py:188} INFO - [2026-05-24T14:05:08.290+0000] {dagbag.py:545} INFO - Filling up the DagBag from /home/varn1t/ml-pipeline/venv/lib/python3.11/site-packages/airflow/example_dags/tutorial_objectstorage.py
[2026-05-24T14:05:08.296+0000] {processor.py:840} INFO - DAG(s) 'tutorial_objectstorage' retrieved from /home/varn1t/ml-pipeline/venv/lib/python3.11/site-packages/airflow/example_dags/tutorial_objectstorage.py
[2026-05-24T14:05:08.307+0000] {logging_mixin.py:188} INFO - [2026-05-24T14:05:08.307+0000] {dag.py:3096} INFO - Sync 1 DAGs
[2026-05-24T14:05:08.315+0000] {logging_mixin.py:188} INFO - [2026-05-24T14:05:08.315+0000] {dag.py:3954} INFO - Setting next_dagrun for tutorial_objectstorage to None, run_after=None
[2026-05-24T14:05:08.332+0000] {processor.py:183} INFO - Processing /home/varn1t/ml-pipeline/venv/lib/python3.11/site-packages/airflow/example_dags/tutorial_objectstorage.py took 0.048 seconds
[2026-05-24T14:05:48.266+0000] {processor.py:161} INFO - Started process (PID=15883) to work on /home/varn1t/ml-pipeline/venv/lib/python3.11/site-packages/airflow/example_dags/tutorial_objectstorage.py
[2026-05-24T14:05:48.267+0000] {processor.py:830} INFO - Processing file /home/varn1t/ml-pipeline/venv/lib/python3.11/site-packages/airflow/example_dags/tutorial_objectstorage.py for tasks to queue
[2026-05-24T14:05:48.268+0000] {logging_mixin.py:188} INFO - [2026-05-24T14:05:48.267+0000] {dagbag.py:545} INFO - Filling up the DagBag from /home/varn1t/ml-pipeline/venv/lib/python3.11/site-packages/airflow/example_dags/tutorial_objectstorage.py
[2026-05-24T14:05:48.274+0000] {processor.py:840} INFO - DAG(s) 'tutorial_objectstorage' retrieved from /home/varn1t/ml-pipeline/venv/lib/python3.11/site-packages/airflow/example_dags/tutorial_objectstorage.py
[2026-05-24T14:05:48.285+0000] {logging_mixin.py:188} INFO - [2026-05-24T14:05:48.285+0000] {dag.py:3096} INFO - Sync 1 DAGs
[2026-05-24T14:05:48.293+0000] {logging_mixin.py:188} INFO - [2026-05-24T14:05:48.293+0000] {dag.py:3954} INFO - Setting next_dagrun for tutorial_objectstorage to None, run_after=None
[2026-05-24T14:05:48.310+0000] {processor.py:183} INFO - Processing /home/varn1t/ml-pipeline/venv/lib/python3.11/site-packages/airflow/example_dags/tutorial_objectstorage.py took 0.049 seconds
[2026-05-24T14:06:31.753+0000] {processor.py:161} INFO - Started process (PID=16101) to work on /home/varn1t/ml-pipeline/venv/lib/python3.11/site-packages/airflow/example_dags/tutorial_objectstorage.py
[2026-05-24T14:06:31.754+0000] {processor.py:830} INFO - Processing file /home/varn1t/ml-pipeline/venv/lib/python3.11/site-packages/airflow/example_dags/tutorial_objectstorage.py for tasks to queue
[2026-05-24T14:06:31.755+0000] {logging_mixin.py:188} INFO - [2026-05-24T14:06:31.755+0000] {dagbag.py:545} INFO - Filling up the DagBag from /home/varn1t/ml-pipeline/venv/lib/python3.11/site-packages/airflow/example_dags/tutorial_objectstorage.py
[2026-05-24T14:06:31.761+0000] {processor.py:840} INFO - DAG(s) 'tutorial_objectstorage' retrieved from /home/varn1t/ml-pipeline/venv/lib/python3.11/site-packages/airflow/example_dags/tutorial_objectstorage.py
[2026-05-24T14:06:31.771+0000] {logging_mixin.py:188} INFO - [2026-05-24T14:06:31.771+0000] {dag.py:3096} INFO - Sync 1 DAGs
[2026-05-24T14:06:31.779+0000] {logging_mixin.py:188} INFO - [2026-05-24T14:06:31.779+0000] {dag.py:3954} INFO - Setting next_dagrun for tutorial_objectstorage to None, run_after=None
[2026-05-24T14:06:31.796+0000] {processor.py:183} INFO - Processing /home/varn1t/ml-pipeline/venv/lib/python3.11/site-packages/airflow/example_dags/tutorial_objectstorage.py took 0.047 seconds
[2026-05-24T14:07:15.081+0000] {processor.py:161} INFO - Started process (PID=16286) to work on /home/varn1t/ml-pipeline/venv/lib/python3.11/site-packages/airflow/example_dags/tutorial_objectstorage.py
[2026-05-24T14:07:15.082+0000] {processor.py:830} INFO - Processing file /home/varn1t/ml-pipeline/venv/lib/python3.11/site-packages/airflow/example_dags/tutorial_objectstorage.py for tasks to queue
[2026-05-24T14:07:15.083+0000] {logging_mixin.py:188} INFO - [2026-05-24T14:07:15.083+0000] {dagbag.py:545} INFO - Filling up the DagBag from /home/varn1t/ml-pipeline/venv/lib/python3.11/site-packages/airflow/example_dags/tutorial_objectstorage.py
[2026-05-24T14:07:15.090+0000] {processor.py:840} INFO - DAG(s) 'tutorial_objectstorage' retrieved from /home/varn1t/ml-pipeline/venv/lib/python3.11/site-packages/airflow/example_dags/tutorial_objectstorage.py
[2026-05-24T14:07:15.105+0000] {logging_mixin.py:188} INFO - [2026-05-24T14:07:15.105+0000] {dag.py:3096} INFO - Sync 1 DAGs
[2026-05-24T14:07:15.113+0000] {logging_mixin.py:188} INFO - [2026-05-24T14:07:15.113+0000] {dag.py:3954} INFO - Setting next_dagrun for tutorial_objectstorage to None, run_after=None
[2026-05-24T14:07:15.131+0000] {processor.py:183} INFO - Processing /home/varn1t/ml-pipeline/venv/lib/python3.11/site-packages/airflow/example_dags/tutorial_objectstorage.py took 0.054 seconds
[2026-05-24T14:07:59.077+0000] {processor.py:161} INFO - Started process (PID=16474) to work on /home/varn1t/ml-pipeline/venv/lib/python3.11/site-packages/airflow/example_dags/tutorial_objectstorage.py
[2026-05-24T14:07:59.078+0000] {processor.py:830} INFO - Processing file /home/varn1t/ml-pipeline/venv/lib/python3.11/site-packages/airflow/example_dags/tutorial_objectstorage.py for tasks to queue
[2026-05-24T14:07:59.078+0000] {logging_mixin.py:188} INFO - [2026-05-24T14:07:59.078+0000] {dagbag.py:545} INFO - Filling up the DagBag from /home/varn1t/ml-pipeline/venv/lib/python3.11/site-packages/airflow/example_dags/tutorial_objectstorage.py
[2026-05-24T14:07:59.084+0000] {processor.py:840} INFO - DAG(s) 'tutorial_objectstorage' retrieved from /home/varn1t/ml-pipeline/venv/lib/python3.11/site-packages/airflow/example_dags/tutorial_objectstorage.py
[2026-05-24T14:07:59.094+0000] {logging_mixin.py:188} INFO - [2026-05-24T14:07:59.094+0000] {dag.py:3096} INFO - Sync 1 DAGs
[2026-05-24T14:07:59.103+0000] {logging_mixin.py:188} INFO - [2026-05-24T14:07:59.103+0000] {dag.py:3954} INFO - Setting next_dagrun for tutorial_objectstorage to None, run_after=None
[2026-05-24T14:07:59.121+0000] {processor.py:183} INFO - Processing /home/varn1t/ml-pipeline/venv/lib/python3.11/site-packages/airflow/example_dags/tutorial_objectstorage.py took 0.048 seconds
[2026-05-24T14:08:37.447+0000] {processor.py:161} INFO - Started process (PID=16674) to work on /home/varn1t/ml-pipeline/venv/lib/python3.11/site-packages/airflow/example_dags/tutorial_objectstorage.py
[2026-05-24T14:08:37.448+0000] {processor.py:830} INFO - Processing file /home/varn1t/ml-pipeline/venv/lib/python3.11/site-packages/airflow/example_dags/tutorial_objectstorage.py for tasks to queue
[2026-05-24T14:08:37.449+0000] {logging_mixin.py:188} INFO - [2026-05-24T14:08:37.448+0000] {dagbag.py:545} INFO - Filling up the DagBag from /home/varn1t/ml-pipeline/venv/lib/python3.11/site-packages/airflow/example_dags/tutorial_objectstorage.py
[2026-05-24T14:08:37.459+0000] {processor.py:840} INFO - DAG(s) 'tutorial_objectstorage' retrieved from /home/varn1t/ml-pipeline/venv/lib/python3.11/site-packages/airflow/example_dags/tutorial_objectstorage.py
[2026-05-24T14:08:37.468+0000] {logging_mixin.py:188} INFO - [2026-05-24T14:08:37.468+0000] {dag.py:3096} INFO - Sync 1 DAGs
[2026-05-24T14:08:37.474+0000] {logging_mixin.py:188} INFO - [2026-05-24T14:08:37.474+0000] {dag.py:3954} INFO - Setting next_dagrun for tutorial_objectstorage to None, run_after=None
[2026-05-24T14:08:37.490+0000] {processor.py:183} INFO - Processing /home/varn1t/ml-pipeline/venv/lib/python3.11/site-packages/airflow/example_dags/tutorial_objectstorage.py took 0.048 seconds
[2026-05-24T14:09:18.500+0000] {processor.py:161} INFO - Started process (PID=16853) to work on /home/varn1t/ml-pipeline/venv/lib/python3.11/site-packages/airflow/example_dags/tutorial_objectstorage.py
[2026-05-24T14:09:18.501+0000] {processor.py:830} INFO - Processing file /home/varn1t/ml-pipeline/venv/lib/python3.11/site-packages/airflow/example_dags/tutorial_objectstorage.py for tasks to queue
[2026-05-24T14:09:18.502+0000] {logging_mixin.py:188} INFO - [2026-05-24T14:09:18.501+0000] {dagbag.py:545} INFO - Filling up the DagBag from /home/varn1t/ml-pipeline/venv/lib/python3.11/site-packages/airflow/example_dags/tutorial_objectstorage.py
[2026-05-24T14:09:18.507+0000] {processor.py:840} INFO - DAG(s) 'tutorial_objectstorage' retrieved from /home/varn1t/ml-pipeline/venv/lib/python3.11/site-packages/airflow/example_dags/tutorial_objectstorage.py
[2026-05-24T14:09:18.517+0000] {logging_mixin.py:188} INFO - [2026-05-24T14:09:18.517+0000] {dag.py:3096} INFO - Sync 1 DAGs
[2026-05-24T14:09:18.524+0000] {logging_mixin.py:188} INFO - [2026-05-24T14:09:18.524+0000] {dag.py:3954} INFO - Setting next_dagrun for tutorial_objectstorage to None, run_after=None
[2026-05-24T14:09:18.542+0000] {processor.py:183} INFO - Processing /home/varn1t/ml-pipeline/venv/lib/python3.11/site-packages/airflow/example_dags/tutorial_objectstorage.py took 0.047 seconds
[2026-05-24T14:10:01.715+0000] {processor.py:161} INFO - Started process (PID=17039) to work on /home/varn1t/ml-pipeline/venv/lib/python3.11/site-packages/airflow/example_dags/tutorial_objectstorage.py
[2026-05-24T14:10:01.716+0000] {processor.py:830} INFO - Processing file /home/varn1t/ml-pipeline/venv/lib/python3.11/site-packages/airflow/example_dags/tutorial_objectstorage.py for tasks to queue
[2026-05-24T14:10:01.716+0000] {logging_mixin.py:188} INFO - [2026-05-24T14:10:01.716+0000] {dagbag.py:545} INFO - Filling up the DagBag from /home/varn1t/ml-pipeline/venv/lib/python3.11/site-packages/airflow/example_dags/tutorial_objectstorage.py
[2026-05-24T14:10:01.722+0000] {processor.py:840} INFO - DAG(s) 'tutorial_objectstorage' retrieved from /home/varn1t/ml-pipeline/venv/lib/python3.11/site-packages/airflow/example_dags/tutorial_objectstorage.py
[2026-05-24T14:10:01.730+0000] {logging_mixin.py:188} INFO - [2026-05-24T14:10:01.730+0000] {dag.py:3096} INFO - Sync 1 DAGs
[2026-05-24T14:10:01.736+0000] {logging_mixin.py:188} INFO - [2026-05-24T14:10:01.736+0000] {dag.py:3954} INFO - Setting next_dagrun for tutorial_objectstorage to None, run_after=None
[2026-05-24T14:10:01.751+0000] {processor.py:183} INFO - Processing /home/varn1t/ml-pipeline/venv/lib/python3.11/site-packages/airflow/example_dags/tutorial_objectstorage.py took 0.040 seconds
[2026-05-24T14:10:41.650+0000] {processor.py:161} INFO - Started process (PID=17211) to work on /home/varn1t/ml-pipeline/venv/lib/python3.11/site-packages/airflow/example_dags/tutorial_objectstorage.py
[2026-05-24T14:10:41.651+0000] {processor.py:830} INFO - Processing file /home/varn1t/ml-pipeline/venv/lib/python3.11/site-packages/airflow/example_dags/tutorial_objectstorage.py for tasks to queue
[2026-05-24T14:10:41.652+0000] {logging_mixin.py:188} INFO - [2026-05-24T14:10:41.652+0000] {dagbag.py:545} INFO - Filling up the DagBag from /home/varn1t/ml-pipeline/venv/lib/python3.11/site-packages/airflow/example_dags/tutorial_objectstorage.py
[2026-05-24T14:10:41.657+0000] {processor.py:840} INFO - DAG(s) 'tutorial_objectstorage' retrieved from /home/varn1t/ml-pipeline/venv/lib/python3.11/site-packages/airflow/example_dags/tutorial_objectstorage.py
[2026-05-24T14:10:41.668+0000] {logging_mixin.py:188} INFO - [2026-05-24T14:10:41.668+0000] {dag.py:3096} INFO - Sync 1 DAGs
[2026-05-24T14:10:41.675+0000] {logging_mixin.py:188} INFO - [2026-05-24T14:10:41.675+0000] {dag.py:3954} INFO - Setting next_dagrun for tutorial_objectstorage to None, run_after=None
[2026-05-24T14:10:41.689+0000] {processor.py:183} INFO - Processing /home/varn1t/ml-pipeline/venv/lib/python3.11/site-packages/airflow/example_dags/tutorial_objectstorage.py took 0.043 seconds
[2026-05-24T14:11:25.208+0000] {processor.py:161} INFO - Started process (PID=17409) to work on /home/varn1t/ml-pipeline/venv/lib/python3.11/site-packages/airflow/example_dags/tutorial_objectstorage.py
[2026-05-24T14:11:25.209+0000] {processor.py:830} INFO - Processing file /home/varn1t/ml-pipeline/venv/lib/python3.11/site-packages/airflow/example_dags/tutorial_objectstorage.py for tasks to queue
[2026-05-24T14:11:25.209+0000] {logging_mixin.py:188} INFO - [2026-05-24T14:11:25.209+0000] {dagbag.py:545} INFO - Filling up the DagBag from /home/varn1t/ml-pipeline/venv/lib/python3.11/site-packages/airflow/example_dags/tutorial_objectstorage.py
[2026-05-24T14:11:25.217+0000] {processor.py:840} INFO - DAG(s) 'tutorial_objectstorage' retrieved from /home/varn1t/ml-pipeline/venv/lib/python3.11/site-packages/airflow/example_dags/tutorial_objectstorage.py
[2026-05-24T14:11:25.230+0000] {logging_mixin.py:188} INFO - [2026-05-24T14:11:25.229+0000] {dag.py:3096} INFO - Sync 1 DAGs
[2026-05-24T14:11:25.238+0000] {logging_mixin.py:188} INFO - [2026-05-24T14:11:25.238+0000] {dag.py:3954} INFO - Setting next_dagrun for tutorial_objectstorage to None, run_after=None
[2026-05-24T14:11:25.256+0000] {processor.py:183} INFO - Processing /home/varn1t/ml-pipeline/venv/lib/python3.11/site-packages/airflow/example_dags/tutorial_objectstorage.py took 0.054 seconds
[2026-05-24T14:12:04.195+0000] {processor.py:161} INFO - Started process (PID=17585) to work on /home/varn1t/ml-pipeline/venv/lib/python3.11/site-packages/airflow/example_dags/tutorial_objectstorage.py
[2026-05-24T14:12:04.196+0000] {processor.py:830} INFO - Processing file /home/varn1t/ml-pipeline/venv/lib/python3.11/site-packages/airflow/example_dags/tutorial_objectstorage.py for tasks to queue
[2026-05-24T14:12:04.196+0000] {logging_mixin.py:188} INFO - [2026-05-24T14:12:04.196+0000] {dagbag.py:545} INFO - Filling up the DagBag from /home/varn1t/ml-pipeline/venv/lib/python3.11/site-packages/airflow/example_dags/tutorial_objectstorage.py
[2026-05-24T14:12:04.203+0000] {processor.py:840} INFO - DAG(s) 'tutorial_objectstorage' retrieved from /home/varn1t/ml-pipeline/venv/lib/python3.11/site-packages/airflow/example_dags/tutorial_objectstorage.py
[2026-05-24T14:12:04.213+0000] {logging_mixin.py:188} INFO - [2026-05-24T14:12:04.213+0000] {dag.py:3096} INFO - Sync 1 DAGs
[2026-05-24T14:12:04.221+0000] {logging_mixin.py:188} INFO - [2026-05-24T14:12:04.221+0000] {dag.py:3954} INFO - Setting next_dagrun for tutorial_objectstorage to None, run_after=None
[2026-05-24T14:12:04.237+0000] {processor.py:183} INFO - Processing /home/varn1t/ml-pipeline/venv/lib/python3.11/site-packages/airflow/example_dags/tutorial_objectstorage.py took 0.047 seconds
[2026-05-24T14:12:43.431+0000] {processor.py:161} INFO - Started process (PID=17756) to work on /home/varn1t/ml-pipeline/venv/lib/python3.11/site-packages/airflow/example_dags/tutorial_objectstorage.py
[2026-05-24T14:12:43.432+0000] {processor.py:830} INFO - Processing file /home/varn1t/ml-pipeline/venv/lib/python3.11/site-packages/airflow/example_dags/tutorial_objectstorage.py for tasks to queue
[2026-05-24T14:12:43.432+0000] {logging_mixin.py:188} INFO - [2026-05-24T14:12:43.432+0000] {dagbag.py:545} INFO - Filling up the DagBag from /home/varn1t/ml-pipeline/venv/lib/python3.11/site-packages/airflow/example_dags/tutorial_objectstorage.py
[2026-05-24T14:12:43.438+0000] {processor.py:840} INFO - DAG(s) 'tutorial_objectstorage' retrieved from /home/varn1t/ml-pipeline/venv/lib/python3.11/site-packages/airflow/example_dags/tutorial_objectstorage.py
[2026-05-24T14:12:43.447+0000] {logging_mixin.py:188} INFO - [2026-05-24T14:12:43.447+0000] {dag.py:3096} INFO - Sync 1 DAGs
[2026-05-24T14:12:43.453+0000] {logging_mixin.py:188} INFO - [2026-05-24T14:12:43.453+0000] {dag.py:3954} INFO - Setting next_dagrun for tutorial_objectstorage to None, run_after=None
[2026-05-24T14:12:43.467+0000] {processor.py:183} INFO - Processing /home/varn1t/ml-pipeline/venv/lib/python3.11/site-packages/airflow/example_dags/tutorial_objectstorage.py took 0.040 seconds
[2026-05-24T14:13:24.427+0000] {processor.py:161} INFO - Started process (PID=17934) to work on /home/varn1t/ml-pipeline/venv/lib/python3.11/site-packages/airflow/example_dags/tutorial_objectstorage.py
[2026-05-24T14:13:24.428+0000] {processor.py:830} INFO - Processing file /home/varn1t/ml-pipeline/venv/lib/python3.11/site-packages/airflow/example_dags/tutorial_objectstorage.py for tasks to queue
[2026-05-24T14:13:24.429+0000] {logging_mixin.py:188} INFO - [2026-05-24T14:13:24.428+0000] {dagbag.py:545} INFO - Filling up the DagBag from /home/varn1t/ml-pipeline/venv/lib/python3.11/site-packages/airflow/example_dags/tutorial_objectstorage.py
[2026-05-24T14:13:24.435+0000] {processor.py:840} INFO - DAG(s) 'tutorial_objectstorage' retrieved from /home/varn1t/ml-pipeline/venv/lib/python3.11/site-packages/airflow/example_dags/tutorial_objectstorage.py
[2026-05-24T14:13:24.444+0000] {logging_mixin.py:188} INFO - [2026-05-24T14:13:24.444+0000] {dag.py:3096} INFO - Sync 1 DAGs
[2026-05-24T14:13:24.451+0000] {logging_mixin.py:188} INFO - [2026-05-24T14:13:24.451+0000] {dag.py:3954} INFO - Setting next_dagrun for tutorial_objectstorage to None, run_after=None
[2026-05-24T14:13:24.467+0000] {processor.py:183} INFO - Processing /home/varn1t/ml-pipeline/venv/lib/python3.11/site-packages/airflow/example_dags/tutorial_objectstorage.py took 0.044 seconds
[2026-05-24T14:14:04.828+0000] {processor.py:161} INFO - Started process (PID=18134) to work on /home/varn1t/ml-pipeline/venv/lib/python3.11/site-packages/airflow/example_dags/tutorial_objectstorage.py
[2026-05-24T14:14:04.828+0000] {processor.py:830} INFO - Processing file /home/varn1t/ml-pipeline/venv/lib/python3.11/site-packages/airflow/example_dags/tutorial_objectstorage.py for tasks to queue
[2026-05-24T14:14:04.829+0000] {logging_mixin.py:188} INFO - [2026-05-24T14:14:04.829+0000] {dagbag.py:545} INFO - Filling up the DagBag from /home/varn1t/ml-pipeline/venv/lib/python3.11/site-packages/airflow/example_dags/tutorial_objectstorage.py
[2026-05-24T14:14:04.835+0000] {processor.py:840} INFO - DAG(s) 'tutorial_objectstorage' retrieved from /home/varn1t/ml-pipeline/venv/lib/python3.11/site-packages/airflow/example_dags/tutorial_objectstorage.py
[2026-05-24T14:14:04.849+0000] {logging_mixin.py:188} INFO - [2026-05-24T14:14:04.849+0000] {dag.py:3096} INFO - Sync 1 DAGs
[2026-05-24T14:14:04.857+0000] {logging_mixin.py:188} INFO - [2026-05-24T14:14:04.857+0000] {dag.py:3954} INFO - Setting next_dagrun for tutorial_objectstorage to None, run_after=None
[2026-05-24T14:14:04.873+0000] {processor.py:183} INFO - Processing /home/varn1t/ml-pipeline/venv/lib/python3.11/site-packages/airflow/example_dags/tutorial_objectstorage.py took 0.050 seconds
[2026-05-24T14:14:47.429+0000] {processor.py:161} INFO - Started process (PID=18319) to work on /home/varn1t/ml-pipeline/venv/lib/python3.11/site-packages/airflow/example_dags/tutorial_objectstorage.py
[2026-05-24T14:14:47.429+0000] {processor.py:830} INFO - Processing file /home/varn1t/ml-pipeline/venv/lib/python3.11/site-packages/airflow/example_dags/tutorial_objectstorage.py for tasks to queue
[2026-05-24T14:14:47.430+0000] {logging_mixin.py:188} INFO - [2026-05-24T14:14:47.430+0000] {dagbag.py:545} INFO - Filling up the DagBag from /home/varn1t/ml-pipeline/venv/lib/python3.11/site-packages/airflow/example_dags/tutorial_objectstorage.py
[2026-05-24T14:14:47.436+0000] {processor.py:840} INFO - DAG(s) 'tutorial_objectstorage' retrieved from /home/varn1t/ml-pipeline/venv/lib/python3.11/site-packages/airflow/example_dags/tutorial_objectstorage.py
[2026-05-24T14:14:47.445+0000] {logging_mixin.py:188} INFO - [2026-05-24T14:14:47.445+0000] {dag.py:3096} INFO - Sync 1 DAGs
[2026-05-24T14:14:47.452+0000] {logging_mixin.py:188} INFO - [2026-05-24T14:14:47.452+0000] {dag.py:3954} INFO - Setting next_dagrun for tutorial_objectstorage to None, run_after=None
[2026-05-24T14:14:47.467+0000] {processor.py:183} INFO - Processing /home/varn1t/ml-pipeline/venv/lib/python3.11/site-packages/airflow/example_dags/tutorial_objectstorage.py took 0.043 seconds
[2026-05-24T14:15:31.328+0000] {processor.py:161} INFO - Started process (PID=18500) to work on /home/varn1t/ml-pipeline/venv/lib/python3.11/site-packages/airflow/example_dags/tutorial_objectstorage.py
[2026-05-24T14:15:31.331+0000] {processor.py:830} INFO - Processing file /home/varn1t/ml-pipeline/venv/lib/python3.11/site-packages/airflow/example_dags/tutorial_objectstorage.py for tasks to queue
[2026-05-24T14:15:31.333+0000] {logging_mixin.py:188} INFO - [2026-05-24T14:15:31.332+0000] {dagbag.py:545} INFO - Filling up the DagBag from /home/varn1t/ml-pipeline/venv/lib/python3.11/site-packages/airflow/example_dags/tutorial_objectstorage.py
[2026-05-24T14:15:31.357+0000] {processor.py:840} INFO - DAG(s) 'tutorial_objectstorage' retrieved from /home/varn1t/ml-pipeline/venv/lib/python3.11/site-packages/airflow/example_dags/tutorial_objectstorage.py
[2026-05-24T14:15:31.404+0000] {logging_mixin.py:188} INFO - [2026-05-24T14:15:31.403+0000] {dag.py:3096} INFO - Sync 1 DAGs
[2026-05-24T14:15:31.441+0000] {logging_mixin.py:188} INFO - [2026-05-24T14:15:31.440+0000] {dag.py:3954} INFO - Setting next_dagrun for tutorial_objectstorage to None, run_after=None
[2026-05-24T14:15:31.503+0000] {processor.py:183} INFO - Processing /home/varn1t/ml-pipeline/venv/lib/python3.11/site-packages/airflow/example_dags/tutorial_objectstorage.py took 0.193 seconds
[2026-05-24T14:16:24.786+0000] {processor.py:161} INFO - Started process (PID=18743) to work on /home/varn1t/ml-pipeline/venv/lib/python3.11/site-packages/airflow/example_dags/tutorial_objectstorage.py
[2026-05-24T14:16:24.787+0000] {processor.py:830} INFO - Processing file /home/varn1t/ml-pipeline/venv/lib/python3.11/site-packages/airflow/example_dags/tutorial_objectstorage.py for tasks to queue
[2026-05-24T14:16:24.788+0000] {logging_mixin.py:188} INFO - [2026-05-24T14:16:24.788+0000] {dagbag.py:545} INFO - Filling up the DagBag from /home/varn1t/ml-pipeline/venv/lib/python3.11/site-packages/airflow/example_dags/tutorial_objectstorage.py
[2026-05-24T14:16:24.795+0000] {processor.py:840} INFO - DAG(s) 'tutorial_objectstorage' retrieved from /home/varn1t/ml-pipeline/venv/lib/python3.11/site-packages/airflow/example_dags/tutorial_objectstorage.py
[2026-05-24T14:16:24.805+0000] {logging_mixin.py:188} INFO - [2026-05-24T14:16:24.805+0000] {dag.py:3096} INFO - Sync 1 DAGs
[2026-05-24T14:16:24.812+0000] {logging_mixin.py:188} INFO - [2026-05-24T14:16:24.812+0000] {dag.py:3954} INFO - Setting next_dagrun for tutorial_objectstorage to None, run_after=None
[2026-05-24T14:16:24.828+0000] {processor.py:183} INFO - Processing /home/varn1t/ml-pipeline/venv/lib/python3.11/site-packages/airflow/example_dags/tutorial_objectstorage.py took 0.047 seconds
[2026-05-24T14:17:22.626+0000] {processor.py:161} INFO - Started process (PID=19004) to work on /home/varn1t/ml-pipeline/venv/lib/python3.11/site-packages/airflow/example_dags/tutorial_objectstorage.py
[2026-05-24T14:17:22.627+0000] {processor.py:830} INFO - Processing file /home/varn1t/ml-pipeline/venv/lib/python3.11/site-packages/airflow/example_dags/tutorial_objectstorage.py for tasks to queue
[2026-05-24T14:17:22.628+0000] {logging_mixin.py:188} INFO - [2026-05-24T14:17:22.628+0000] {dagbag.py:545} INFO - Filling up the DagBag from /home/varn1t/ml-pipeline/venv/lib/python3.11/site-packages/airflow/example_dags/tutorial_objectstorage.py
[2026-05-24T14:17:22.635+0000] {processor.py:840} INFO - DAG(s) 'tutorial_objectstorage' retrieved from /home/varn1t/ml-pipeline/venv/lib/python3.11/site-packages/airflow/example_dags/tutorial_objectstorage.py
[2026-05-24T14:17:22.646+0000] {logging_mixin.py:188} INFO - [2026-05-24T14:17:22.646+0000] {dag.py:3096} INFO - Sync 1 DAGs
[2026-05-24T14:17:22.658+0000] {logging_mixin.py:188} INFO - [2026-05-24T14:17:22.657+0000] {dag.py:3954} INFO - Setting next_dagrun for tutorial_objectstorage to None, run_after=None
[2026-05-24T14:17:22.679+0000] {processor.py:183} INFO - Processing /home/varn1t/ml-pipeline/venv/lib/python3.11/site-packages/airflow/example_dags/tutorial_objectstorage.py took 0.058 seconds
[2026-05-24T14:18:14.926+0000] {processor.py:161} INFO - Started process (PID=19247) to work on /home/varn1t/ml-pipeline/venv/lib/python3.11/site-packages/airflow/example_dags/tutorial_objectstorage.py
[2026-05-24T14:18:14.927+0000] {processor.py:830} INFO - Processing file /home/varn1t/ml-pipeline/venv/lib/python3.11/site-packages/airflow/example_dags/tutorial_objectstorage.py for tasks to queue
[2026-05-24T14:18:14.928+0000] {logging_mixin.py:188} INFO - [2026-05-24T14:18:14.927+0000] {dagbag.py:545} INFO - Filling up the DagBag from /home/varn1t/ml-pipeline/venv/lib/python3.11/site-packages/airflow/example_dags/tutorial_objectstorage.py
[2026-05-24T14:18:14.936+0000] {processor.py:840} INFO - DAG(s) 'tutorial_objectstorage' retrieved from /home/varn1t/ml-pipeline/venv/lib/python3.11/site-packages/airflow/example_dags/tutorial_objectstorage.py
[2026-05-24T14:18:14.945+0000] {logging_mixin.py:188} INFO - [2026-05-24T14:18:14.945+0000] {dag.py:3096} INFO - Sync 1 DAGs
[2026-05-24T14:18:14.952+0000] {logging_mixin.py:188} INFO - [2026-05-24T14:18:14.951+0000] {dag.py:3954} INFO - Setting next_dagrun for tutorial_objectstorage to None, run_after=None
[2026-05-24T14:18:14.969+0000] {processor.py:183} INFO - Processing /home/varn1t/ml-pipeline/venv/lib/python3.11/site-packages/airflow/example_dags/tutorial_objectstorage.py took 0.048 seconds
[2026-05-24T14:18:58.482+0000] {processor.py:161} INFO - Started process (PID=19463) to work on /home/varn1t/ml-pipeline/venv/lib/python3.11/site-packages/airflow/example_dags/tutorial_objectstorage.py
[2026-05-24T14:18:58.484+0000] {processor.py:830} INFO - Processing file /home/varn1t/ml-pipeline/venv/lib/python3.11/site-packages/airflow/example_dags/tutorial_objectstorage.py for tasks to queue
[2026-05-24T14:18:58.485+0000] {logging_mixin.py:188} INFO - [2026-05-24T14:18:58.485+0000] {dagbag.py:545} INFO - Filling up the DagBag from /home/varn1t/ml-pipeline/venv/lib/python3.11/site-packages/airflow/example_dags/tutorial_objectstorage.py
[2026-05-24T14:18:58.496+0000] {processor.py:840} INFO - DAG(s) 'tutorial_objectstorage' retrieved from /home/varn1t/ml-pipeline/venv/lib/python3.11/site-packages/airflow/example_dags/tutorial_objectstorage.py
[2026-05-24T14:18:58.511+0000] {logging_mixin.py:188} INFO - [2026-05-24T14:18:58.511+0000] {dag.py:3096} INFO - Sync 1 DAGs
[2026-05-24T14:18:58.521+0000] {logging_mixin.py:188} INFO - [2026-05-24T14:18:58.521+0000] {dag.py:3954} INFO - Setting next_dagrun for tutorial_objectstorage to None, run_after=None
[2026-05-24T14:18:58.541+0000] {processor.py:183} INFO - Processing /home/varn1t/ml-pipeline/venv/lib/python3.11/site-packages/airflow/example_dags/tutorial_objectstorage.py took 0.068 seconds
[2026-05-24T14:19:39.529+0000] {processor.py:161} INFO - Started process (PID=19648) to work on /home/varn1t/ml-pipeline/venv/lib/python3.11/site-packages/airflow/example_dags/tutorial_objectstorage.py
[2026-05-24T14:19:39.530+0000] {processor.py:830} INFO - Processing file /home/varn1t/ml-pipeline/venv/lib/python3.11/site-packages/airflow/example_dags/tutorial_objectstorage.py for tasks to queue
[2026-05-24T14:19:39.530+0000] {logging_mixin.py:188} INFO - [2026-05-24T14:19:39.530+0000] {dagbag.py:545} INFO - Filling up the DagBag from /home/varn1t/ml-pipeline/venv/lib/python3.11/site-packages/airflow/example_dags/tutorial_objectstorage.py
[2026-05-24T14:19:39.538+0000] {processor.py:840} INFO - DAG(s) 'tutorial_objectstorage' retrieved from /home/varn1t/ml-pipeline/venv/lib/python3.11/site-packages/airflow/example_dags/tutorial_objectstorage.py
[2026-05-24T14:19:39.551+0000] {logging_mixin.py:188} INFO - [2026-05-24T14:19:39.551+0000] {dag.py:3096} INFO - Sync 1 DAGs
[2026-05-24T14:19:39.560+0000] {logging_mixin.py:188} INFO - [2026-05-24T14:19:39.560+0000] {dag.py:3954} INFO - Setting next_dagrun for tutorial_objectstorage to None, run_after=None
[2026-05-24T14:19:39.580+0000] {processor.py:183} INFO - Processing /home/varn1t/ml-pipeline/venv/lib/python3.11/site-packages/airflow/example_dags/tutorial_objectstorage.py took 0.057 seconds
[2026-05-24T14:20:23.970+0000] {processor.py:161} INFO - Started process (PID=19854) to work on /home/varn1t/ml-pipeline/venv/lib/python3.11/site-packages/airflow/example_dags/tutorial_objectstorage.py
[2026-05-24T14:20:23.971+0000] {processor.py:830} INFO - Processing file /home/varn1t/ml-pipeline/venv/lib/python3.11/site-packages/airflow/example_dags/tutorial_objectstorage.py for tasks to queue
[2026-05-24T14:20:23.972+0000] {logging_mixin.py:188} INFO - [2026-05-24T14:20:23.971+0000] {dagbag.py:545} INFO - Filling up the DagBag from /home/varn1t/ml-pipeline/venv/lib/python3.11/site-packages/airflow/example_dags/tutorial_objectstorage.py
[2026-05-24T14:20:23.980+0000] {processor.py:840} INFO - DAG(s) 'tutorial_objectstorage' retrieved from /home/varn1t/ml-pipeline/venv/lib/python3.11/site-packages/airflow/example_dags/tutorial_objectstorage.py
[2026-05-24T14:20:23.996+0000] {logging_mixin.py:188} INFO - [2026-05-24T14:20:23.995+0000] {dag.py:3096} INFO - Sync 1 DAGs
[2026-05-24T14:20:24.004+0000] {logging_mixin.py:188} INFO - [2026-05-24T14:20:24.004+0000] {dag.py:3954} INFO - Setting next_dagrun for tutorial_objectstorage to None, run_after=None
[2026-05-24T14:20:24.024+0000] {processor.py:183} INFO - Processing /home/varn1t/ml-pipeline/venv/lib/python3.11/site-packages/airflow/example_dags/tutorial_objectstorage.py took 0.059 seconds
[2026-05-24T14:21:03.921+0000] {processor.py:161} INFO - Started process (PID=20035) to work on /home/varn1t/ml-pipeline/venv/lib/python3.11/site-packages/airflow/example_dags/tutorial_objectstorage.py
[2026-05-24T14:21:03.923+0000] {processor.py:830} INFO - Processing file /home/varn1t/ml-pipeline/venv/lib/python3.11/site-packages/airflow/example_dags/tutorial_objectstorage.py for tasks to queue
[2026-05-24T14:21:03.924+0000] {logging_mixin.py:188} INFO - [2026-05-24T14:21:03.924+0000] {dagbag.py:545} INFO - Filling up the DagBag from /home/varn1t/ml-pipeline/venv/lib/python3.11/site-packages/airflow/example_dags/tutorial_objectstorage.py
[2026-05-24T14:21:03.932+0000] {processor.py:840} INFO - DAG(s) 'tutorial_objectstorage' retrieved from /home/varn1t/ml-pipeline/venv/lib/python3.11/site-packages/airflow/example_dags/tutorial_objectstorage.py
[2026-05-24T14:21:03.944+0000] {logging_mixin.py:188} INFO - [2026-05-24T14:21:03.944+0000] {dag.py:3096} INFO - Sync 1 DAGs
[2026-05-24T14:21:03.952+0000] {logging_mixin.py:188} INFO - [2026-05-24T14:21:03.952+0000] {dag.py:3954} INFO - Setting next_dagrun for tutorial_objectstorage to None, run_after=None
[2026-05-24T14:21:03.970+0000] {processor.py:183} INFO - Processing /home/varn1t/ml-pipeline/venv/lib/python3.11/site-packages/airflow/example_dags/tutorial_objectstorage.py took 0.055 seconds
[2026-05-24T14:21:44.916+0000] {processor.py:161} INFO - Started process (PID=20224) to work on /home/varn1t/ml-pipeline/venv/lib/python3.11/site-packages/airflow/example_dags/tutorial_objectstorage.py
[2026-05-24T14:21:44.918+0000] {processor.py:830} INFO - Processing file /home/varn1t/ml-pipeline/venv/lib/python3.11/site-packages/airflow/example_dags/tutorial_objectstorage.py for tasks to queue
[2026-05-24T14:21:44.918+0000] {logging_mixin.py:188} INFO - [2026-05-24T14:21:44.918+0000] {dagbag.py:545} INFO - Filling up the DagBag from /home/varn1t/ml-pipeline/venv/lib/python3.11/site-packages/airflow/example_dags/tutorial_objectstorage.py
[2026-05-24T14:21:44.925+0000] {processor.py:840} INFO - DAG(s) 'tutorial_objectstorage' retrieved from /home/varn1t/ml-pipeline/venv/lib/python3.11/site-packages/airflow/example_dags/tutorial_objectstorage.py
[2026-05-24T14:21:44.936+0000] {logging_mixin.py:188} INFO - [2026-05-24T14:21:44.936+0000] {dag.py:3096} INFO - Sync 1 DAGs
[2026-05-24T14:21:44.943+0000] {logging_mixin.py:188} INFO - [2026-05-24T14:21:44.943+0000] {dag.py:3954} INFO - Setting next_dagrun for tutorial_objectstorage to None, run_after=None
[2026-05-24T14:21:44.963+0000] {processor.py:183} INFO - Processing /home/varn1t/ml-pipeline/venv/lib/python3.11/site-packages/airflow/example_dags/tutorial_objectstorage.py took 0.052 seconds
[2026-05-24T14:22:27.184+0000] {processor.py:161} INFO - Started process (PID=20419) to work on /home/varn1t/ml-pipeline/venv/lib/python3.11/site-packages/airflow/example_dags/tutorial_objectstorage.py
[2026-05-24T14:22:27.185+0000] {processor.py:830} INFO - Processing file /home/varn1t/ml-pipeline/venv/lib/python3.11/site-packages/airflow/example_dags/tutorial_objectstorage.py for tasks to queue
[2026-05-24T14:22:27.186+0000] {logging_mixin.py:188} INFO - [2026-05-24T14:22:27.186+0000] {dagbag.py:545} INFO - Filling up the DagBag from /home/varn1t/ml-pipeline/venv/lib/python3.11/site-packages/airflow/example_dags/tutorial_objectstorage.py
[2026-05-24T14:22:27.193+0000] {processor.py:840} INFO - DAG(s) 'tutorial_objectstorage' retrieved from /home/varn1t/ml-pipeline/venv/lib/python3.11/site-packages/airflow/example_dags/tutorial_objectstorage.py
[2026-05-24T14:22:27.207+0000] {logging_mixin.py:188} INFO - [2026-05-24T14:22:27.206+0000] {dag.py:3096} INFO - Sync 1 DAGs
[2026-05-24T14:22:27.215+0000] {logging_mixin.py:188} INFO - [2026-05-24T14:22:27.215+0000] {dag.py:3954} INFO - Setting next_dagrun for tutorial_objectstorage to None, run_after=None
[2026-05-24T14:22:27.236+0000] {processor.py:183} INFO - Processing /home/varn1t/ml-pipeline/venv/lib/python3.11/site-packages/airflow/example_dags/tutorial_objectstorage.py took 0.057 seconds
[2026-05-24T14:23:11.443+0000] {processor.py:161} INFO - Started process (PID=20618) to work on /home/varn1t/ml-pipeline/venv/lib/python3.11/site-packages/airflow/example_dags/tutorial_objectstorage.py
[2026-05-24T14:23:11.444+0000] {processor.py:830} INFO - Processing file /home/varn1t/ml-pipeline/venv/lib/python3.11/site-packages/airflow/example_dags/tutorial_objectstorage.py for tasks to queue
[2026-05-24T14:23:11.445+0000] {logging_mixin.py:188} INFO - [2026-05-24T14:23:11.444+0000] {dagbag.py:545} INFO - Filling up the DagBag from /home/varn1t/ml-pipeline/venv/lib/python3.11/site-packages/airflow/example_dags/tutorial_objectstorage.py
[2026-05-24T14:23:11.453+0000] {processor.py:840} INFO - DAG(s) 'tutorial_objectstorage' retrieved from /home/varn1t/ml-pipeline/venv/lib/python3.11/site-packages/airflow/example_dags/tutorial_objectstorage.py
[2026-05-24T14:23:11.467+0000] {logging_mixin.py:188} INFO - [2026-05-24T14:23:11.467+0000] {dag.py:3096} INFO - Sync 1 DAGs
[2026-05-24T14:23:11.476+0000] {logging_mixin.py:188} INFO - [2026-05-24T14:23:11.475+0000] {dag.py:3954} INFO - Setting next_dagrun for tutorial_objectstorage to None, run_after=None
[2026-05-24T14:23:11.497+0000] {processor.py:183} INFO - Processing /home/varn1t/ml-pipeline/venv/lib/python3.11/site-packages/airflow/example_dags/tutorial_objectstorage.py took 0.060 seconds
[2026-05-24T14:23:52.943+0000] {processor.py:161} INFO - Started process (PID=20832) to work on /home/varn1t/ml-pipeline/venv/lib/python3.11/site-packages/airflow/example_dags/tutorial_objectstorage.py
[2026-05-24T14:23:52.944+0000] {processor.py:830} INFO - Processing file /home/varn1t/ml-pipeline/venv/lib/python3.11/site-packages/airflow/example_dags/tutorial_objectstorage.py for tasks to queue
[2026-05-24T14:23:52.945+0000] {logging_mixin.py:188} INFO - [2026-05-24T14:23:52.945+0000] {dagbag.py:545} INFO - Filling up the DagBag from /home/varn1t/ml-pipeline/venv/lib/python3.11/site-packages/airflow/example_dags/tutorial_objectstorage.py
[2026-05-24T14:23:52.953+0000] {processor.py:840} INFO - DAG(s) 'tutorial_objectstorage' retrieved from /home/varn1t/ml-pipeline/venv/lib/python3.11/site-packages/airflow/example_dags/tutorial_objectstorage.py
[2026-05-24T14:23:52.968+0000] {logging_mixin.py:188} INFO - [2026-05-24T14:23:52.968+0000] {dag.py:3096} INFO - Sync 1 DAGs
[2026-05-24T14:23:52.978+0000] {logging_mixin.py:188} INFO - [2026-05-24T14:23:52.977+0000] {dag.py:3954} INFO - Setting next_dagrun for tutorial_objectstorage to None, run_after=None
[2026-05-24T14:23:52.997+0000] {processor.py:183} INFO - Processing /home/varn1t/ml-pipeline/venv/lib/python3.11/site-packages/airflow/example_dags/tutorial_objectstorage.py took 0.060 seconds
[2026-05-24T14:24:31.986+0000] {processor.py:161} INFO - Started process (PID=21010) to work on /home/varn1t/ml-pipeline/venv/lib/python3.11/site-packages/airflow/example_dags/tutorial_objectstorage.py
[2026-05-24T14:24:31.987+0000] {processor.py:830} INFO - Processing file /home/varn1t/ml-pipeline/venv/lib/python3.11/site-packages/airflow/example_dags/tutorial_objectstorage.py for tasks to queue
[2026-05-24T14:24:31.988+0000] {logging_mixin.py:188} INFO - [2026-05-24T14:24:31.988+0000] {dagbag.py:545} INFO - Filling up the DagBag from /home/varn1t/ml-pipeline/venv/lib/python3.11/site-packages/airflow/example_dags/tutorial_objectstorage.py
[2026-05-24T14:24:31.995+0000] {processor.py:840} INFO - DAG(s) 'tutorial_objectstorage' retrieved from /home/varn1t/ml-pipeline/venv/lib/python3.11/site-packages/airflow/example_dags/tutorial_objectstorage.py
[2026-05-24T14:24:32.007+0000] {logging_mixin.py:188} INFO - [2026-05-24T14:24:32.007+0000] {dag.py:3096} INFO - Sync 1 DAGs
[2026-05-24T14:24:32.015+0000] {logging_mixin.py:188} INFO - [2026-05-24T14:24:32.015+0000] {dag.py:3954} INFO - Setting next_dagrun for tutorial_objectstorage to None, run_after=None
[2026-05-24T14:24:32.034+0000] {processor.py:183} INFO - Processing /home/varn1t/ml-pipeline/venv/lib/python3.11/site-packages/airflow/example_dags/tutorial_objectstorage.py took 0.052 seconds
[2026-05-24T14:25:11.332+0000] {processor.py:161} INFO - Started process (PID=21195) to work on /home/varn1t/ml-pipeline/venv/lib/python3.11/site-packages/airflow/example_dags/tutorial_objectstorage.py
[2026-05-24T14:25:11.334+0000] {processor.py:830} INFO - Processing file /home/varn1t/ml-pipeline/venv/lib/python3.11/site-packages/airflow/example_dags/tutorial_objectstorage.py for tasks to queue
[2026-05-24T14:25:11.335+0000] {logging_mixin.py:188} INFO - [2026-05-24T14:25:11.334+0000] {dagbag.py:545} INFO - Filling up the DagBag from /home/varn1t/ml-pipeline/venv/lib/python3.11/site-packages/airflow/example_dags/tutorial_objectstorage.py
[2026-05-24T14:25:11.343+0000] {processor.py:840} INFO - DAG(s) 'tutorial_objectstorage' retrieved from /home/varn1t/ml-pipeline/venv/lib/python3.11/site-packages/airflow/example_dags/tutorial_objectstorage.py
[2026-05-24T14:25:11.355+0000] {logging_mixin.py:188} INFO - [2026-05-24T14:25:11.355+0000] {dag.py:3096} INFO - Sync 1 DAGs
[2026-05-24T14:25:11.363+0000] {logging_mixin.py:188} INFO - [2026-05-24T14:25:11.363+0000] {dag.py:3954} INFO - Setting next_dagrun for tutorial_objectstorage to None, run_after=None
[2026-05-24T14:25:11.384+0000] {processor.py:183} INFO - Processing /home/varn1t/ml-pipeline/venv/lib/python3.11/site-packages/airflow/example_dags/tutorial_objectstorage.py took 0.057 seconds
[2026-05-24T14:25:52.222+0000] {processor.py:161} INFO - Started process (PID=21379) to work on /home/varn1t/ml-pipeline/venv/lib/python3.11/site-packages/airflow/example_dags/tutorial_objectstorage.py
[2026-05-24T14:25:52.223+0000] {processor.py:830} INFO - Processing file /home/varn1t/ml-pipeline/venv/lib/python3.11/site-packages/airflow/example_dags/tutorial_objectstorage.py for tasks to queue
[2026-05-24T14:25:52.224+0000] {logging_mixin.py:188} INFO - [2026-05-24T14:25:52.224+0000] {dagbag.py:545} INFO - Filling up the DagBag from /home/varn1t/ml-pipeline/venv/lib/python3.11/site-packages/airflow/example_dags/tutorial_objectstorage.py
[2026-05-24T14:25:52.232+0000] {processor.py:840} INFO - DAG(s) 'tutorial_objectstorage' retrieved from /home/varn1t/ml-pipeline/venv/lib/python3.11/site-packages/airflow/example_dags/tutorial_objectstorage.py
[2026-05-24T14:25:52.244+0000] {logging_mixin.py:188} INFO - [2026-05-24T14:25:52.244+0000] {dag.py:3096} INFO - Sync 1 DAGs
[2026-05-24T14:25:52.252+0000] {logging_mixin.py:188} INFO - [2026-05-24T14:25:52.252+0000] {dag.py:3954} INFO - Setting next_dagrun for tutorial_objectstorage to None, run_after=None
[2026-05-24T14:25:52.273+0000] {processor.py:183} INFO - Processing /home/varn1t/ml-pipeline/venv/lib/python3.11/site-packages/airflow/example_dags/tutorial_objectstorage.py took 0.057 seconds
[2026-05-24T14:26:32.252+0000] {processor.py:161} INFO - Started process (PID=21564) to work on /home/varn1t/ml-pipeline/venv/lib/python3.11/site-packages/airflow/example_dags/tutorial_objectstorage.py
[2026-05-24T14:26:32.253+0000] {processor.py:830} INFO - Processing file /home/varn1t/ml-pipeline/venv/lib/python3.11/site-packages/airflow/example_dags/tutorial_objectstorage.py for tasks to queue
[2026-05-24T14:26:32.253+0000] {logging_mixin.py:188} INFO - [2026-05-24T14:26:32.253+0000] {dagbag.py:545} INFO - Filling up the DagBag from /home/varn1t/ml-pipeline/venv/lib/python3.11/site-packages/airflow/example_dags/tutorial_objectstorage.py
[2026-05-24T14:26:32.260+0000] {processor.py:840} INFO - DAG(s) 'tutorial_objectstorage' retrieved from /home/varn1t/ml-pipeline/venv/lib/python3.11/site-packages/airflow/example_dags/tutorial_objectstorage.py
[2026-05-24T14:26:32.270+0000] {logging_mixin.py:188} INFO - [2026-05-24T14:26:32.270+0000] {dag.py:3096} INFO - Sync 1 DAGs
[2026-05-24T14:26:32.280+0000] {logging_mixin.py:188} INFO - [2026-05-24T14:26:32.280+0000] {dag.py:3954} INFO - Setting next_dagrun for tutorial_objectstorage to None, run_after=None
[2026-05-24T14:26:32.299+0000] {processor.py:183} INFO - Processing /home/varn1t/ml-pipeline/venv/lib/python3.11/site-packages/airflow/example_dags/tutorial_objectstorage.py took 0.051 seconds
[2026-05-24T14:27:11.940+0000] {processor.py:161} INFO - Started process (PID=21747) to work on /home/varn1t/ml-pipeline/venv/lib/python3.11/site-packages/airflow/example_dags/tutorial_objectstorage.py
[2026-05-24T14:27:11.941+0000] {processor.py:830} INFO - Processing file /home/varn1t/ml-pipeline/venv/lib/python3.11/site-packages/airflow/example_dags/tutorial_objectstorage.py for tasks to queue
[2026-05-24T14:27:11.941+0000] {logging_mixin.py:188} INFO - [2026-05-24T14:27:11.941+0000] {dagbag.py:545} INFO - Filling up the DagBag from /home/varn1t/ml-pipeline/venv/lib/python3.11/site-packages/airflow/example_dags/tutorial_objectstorage.py
[2026-05-24T14:27:11.948+0000] {processor.py:840} INFO - DAG(s) 'tutorial_objectstorage' retrieved from /home/varn1t/ml-pipeline/venv/lib/python3.11/site-packages/airflow/example_dags/tutorial_objectstorage.py
[2026-05-24T14:27:11.959+0000] {logging_mixin.py:188} INFO - [2026-05-24T14:27:11.959+0000] {dag.py:3096} INFO - Sync 1 DAGs
[2026-05-24T14:27:11.967+0000] {logging_mixin.py:188} INFO - [2026-05-24T14:27:11.967+0000] {dag.py:3954} INFO - Setting next_dagrun for tutorial_objectstorage to None, run_after=None
[2026-05-24T14:27:11.984+0000] {processor.py:183} INFO - Processing /home/varn1t/ml-pipeline/venv/lib/python3.11/site-packages/airflow/example_dags/tutorial_objectstorage.py took 0.049 seconds
[2026-05-24T14:27:48.591+0000] {processor.py:161} INFO - Started process (PID=21915) to work on /home/varn1t/ml-pipeline/venv/lib/python3.11/site-packages/airflow/example_dags/tutorial_objectstorage.py
[2026-05-24T14:27:48.592+0000] {processor.py:830} INFO - Processing file /home/varn1t/ml-pipeline/venv/lib/python3.11/site-packages/airflow/example_dags/tutorial_objectstorage.py for tasks to queue
[2026-05-24T14:27:48.593+0000] {logging_mixin.py:188} INFO - [2026-05-24T14:27:48.592+0000] {dagbag.py:545} INFO - Filling up the DagBag from /home/varn1t/ml-pipeline/venv/lib/python3.11/site-packages/airflow/example_dags/tutorial_objectstorage.py
[2026-05-24T14:27:48.599+0000] {processor.py:840} INFO - DAG(s) 'tutorial_objectstorage' retrieved from /home/varn1t/ml-pipeline/venv/lib/python3.11/site-packages/airflow/example_dags/tutorial_objectstorage.py
[2026-05-24T14:27:48.609+0000] {logging_mixin.py:188} INFO - [2026-05-24T14:27:48.609+0000] {dag.py:3096} INFO - Sync 1 DAGs
[2026-05-24T14:27:48.616+0000] {logging_mixin.py:188} INFO - [2026-05-24T14:27:48.616+0000] {dag.py:3954} INFO - Setting next_dagrun for tutorial_objectstorage to None, run_after=None
[2026-05-24T14:27:48.633+0000] {processor.py:183} INFO - Processing /home/varn1t/ml-pipeline/venv/lib/python3.11/site-packages/airflow/example_dags/tutorial_objectstorage.py took 0.047 seconds
[2026-05-24T14:28:35.346+0000] {processor.py:161} INFO - Started process (PID=22149) to work on /home/varn1t/ml-pipeline/venv/lib/python3.11/site-packages/airflow/example_dags/tutorial_objectstorage.py
[2026-05-24T14:28:35.347+0000] {processor.py:830} INFO - Processing file /home/varn1t/ml-pipeline/venv/lib/python3.11/site-packages/airflow/example_dags/tutorial_objectstorage.py for tasks to queue
[2026-05-24T14:28:35.348+0000] {logging_mixin.py:188} INFO - [2026-05-24T14:28:35.348+0000] {dagbag.py:545} INFO - Filling up the DagBag from /home/varn1t/ml-pipeline/venv/lib/python3.11/site-packages/airflow/example_dags/tutorial_objectstorage.py
[2026-05-24T14:28:35.355+0000] {processor.py:840} INFO - DAG(s) 'tutorial_objectstorage' retrieved from /home/varn1t/ml-pipeline/venv/lib/python3.11/site-packages/airflow/example_dags/tutorial_objectstorage.py
[2026-05-24T14:28:35.367+0000] {logging_mixin.py:188} INFO - [2026-05-24T14:28:35.367+0000] {dag.py:3096} INFO - Sync 1 DAGs
[2026-05-24T14:28:35.376+0000] {logging_mixin.py:188} INFO - [2026-05-24T14:28:35.376+0000] {dag.py:3954} INFO - Setting next_dagrun for tutorial_objectstorage to None, run_after=None
[2026-05-24T14:28:35.395+0000] {processor.py:183} INFO - Processing /home/varn1t/ml-pipeline/venv/lib/python3.11/site-packages/airflow/example_dags/tutorial_objectstorage.py took 0.054 seconds
[2026-05-24T14:29:18.661+0000] {processor.py:161} INFO - Started process (PID=22342) to work on /home/varn1t/ml-pipeline/venv/lib/python3.11/site-packages/airflow/example_dags/tutorial_objectstorage.py
[2026-05-24T14:29:18.662+0000] {processor.py:830} INFO - Processing file /home/varn1t/ml-pipeline/venv/lib/python3.11/site-packages/airflow/example_dags/tutorial_objectstorage.py for tasks to queue
[2026-05-24T14:29:18.663+0000] {logging_mixin.py:188} INFO - [2026-05-24T14:29:18.662+0000] {dagbag.py:545} INFO - Filling up the DagBag from /home/varn1t/ml-pipeline/venv/lib/python3.11/site-packages/airflow/example_dags/tutorial_objectstorage.py
[2026-05-24T14:29:18.669+0000] {processor.py:840} INFO - DAG(s) 'tutorial_objectstorage' retrieved from /home/varn1t/ml-pipeline/venv/lib/python3.11/site-packages/airflow/example_dags/tutorial_objectstorage.py
[2026-05-24T14:29:18.681+0000] {logging_mixin.py:188} INFO - [2026-05-24T14:29:18.680+0000] {dag.py:3096} INFO - Sync 1 DAGs
[2026-05-24T14:29:18.690+0000] {logging_mixin.py:188} INFO - [2026-05-24T14:29:18.689+0000] {dag.py:3954} INFO - Setting next_dagrun for tutorial_objectstorage to None, run_after=None
[2026-05-24T14:29:18.708+0000] {processor.py:183} INFO - Processing /home/varn1t/ml-pipeline/venv/lib/python3.11/site-packages/airflow/example_dags/tutorial_objectstorage.py took 0.051 seconds
[2026-05-24T14:29:58.441+0000] {processor.py:161} INFO - Started process (PID=22516) to work on /home/varn1t/ml-pipeline/venv/lib/python3.11/site-packages/airflow/example_dags/tutorial_objectstorage.py
[2026-05-24T14:29:58.442+0000] {processor.py:830} INFO - Processing file /home/varn1t/ml-pipeline/venv/lib/python3.11/site-packages/airflow/example_dags/tutorial_objectstorage.py for tasks to queue
[2026-05-24T14:29:58.442+0000] {logging_mixin.py:188} INFO - [2026-05-24T14:29:58.442+0000] {dagbag.py:545} INFO - Filling up the DagBag from /home/varn1t/ml-pipeline/venv/lib/python3.11/site-packages/airflow/example_dags/tutorial_objectstorage.py
[2026-05-24T14:29:58.452+0000] {processor.py:840} INFO - DAG(s) 'tutorial_objectstorage' retrieved from /home/varn1t/ml-pipeline/venv/lib/python3.11/site-packages/airflow/example_dags/tutorial_objectstorage.py
[2026-05-24T14:29:58.466+0000] {logging_mixin.py:188} INFO - [2026-05-24T14:29:58.466+0000] {dag.py:3096} INFO - Sync 1 DAGs
[2026-05-24T14:29:58.474+0000] {logging_mixin.py:188} INFO - [2026-05-24T14:29:58.474+0000] {dag.py:3954} INFO - Setting next_dagrun for tutorial_objectstorage to None, run_after=None
[2026-05-24T14:29:58.492+0000] {processor.py:183} INFO - Processing /home/varn1t/ml-pipeline/venv/lib/python3.11/site-packages/airflow/example_dags/tutorial_objectstorage.py took 0.055 seconds
[2026-05-24T14:30:38.384+0000] {processor.py:161} INFO - Started process (PID=22694) to work on /home/varn1t/ml-pipeline/venv/lib/python3.11/site-packages/airflow/example_dags/tutorial_objectstorage.py
[2026-05-24T14:30:38.385+0000] {processor.py:830} INFO - Processing file /home/varn1t/ml-pipeline/venv/lib/python3.11/site-packages/airflow/example_dags/tutorial_objectstorage.py for tasks to queue
[2026-05-24T14:30:38.385+0000] {logging_mixin.py:188} INFO - [2026-05-24T14:30:38.385+0000] {dagbag.py:545} INFO - Filling up the DagBag from /home/varn1t/ml-pipeline/venv/lib/python3.11/site-packages/airflow/example_dags/tutorial_objectstorage.py
[2026-05-24T14:30:38.391+0000] {processor.py:840} INFO - DAG(s) 'tutorial_objectstorage' retrieved from /home/varn1t/ml-pipeline/venv/lib/python3.11/site-packages/airflow/example_dags/tutorial_objectstorage.py
[2026-05-24T14:30:38.401+0000] {logging_mixin.py:188} INFO - [2026-05-24T14:30:38.401+0000] {dag.py:3096} INFO - Sync 1 DAGs
[2026-05-24T14:30:38.409+0000] {logging_mixin.py:188} INFO - [2026-05-24T14:30:38.408+0000] {dag.py:3954} INFO - Setting next_dagrun for tutorial_objectstorage to None, run_after=None
[2026-05-24T14:30:38.425+0000] {processor.py:183} INFO - Processing /home/varn1t/ml-pipeline/venv/lib/python3.11/site-packages/airflow/example_dags/tutorial_objectstorage.py took 0.045 seconds
[2026-05-24T14:31:20.597+0000] {processor.py:161} INFO - Started process (PID=22880) to work on /home/varn1t/ml-pipeline/venv/lib/python3.11/site-packages/airflow/example_dags/tutorial_objectstorage.py
[2026-05-24T14:31:20.598+0000] {processor.py:830} INFO - Processing file /home/varn1t/ml-pipeline/venv/lib/python3.11/site-packages/airflow/example_dags/tutorial_objectstorage.py for tasks to queue
[2026-05-24T14:31:20.598+0000] {logging_mixin.py:188} INFO - [2026-05-24T14:31:20.598+0000] {dagbag.py:545} INFO - Filling up the DagBag from /home/varn1t/ml-pipeline/venv/lib/python3.11/site-packages/airflow/example_dags/tutorial_objectstorage.py
[2026-05-24T14:31:20.604+0000] {processor.py:840} INFO - DAG(s) 'tutorial_objectstorage' retrieved from /home/varn1t/ml-pipeline/venv/lib/python3.11/site-packages/airflow/example_dags/tutorial_objectstorage.py
[2026-05-24T14:31:20.613+0000] {logging_mixin.py:188} INFO - [2026-05-24T14:31:20.612+0000] {dag.py:3096} INFO - Sync 1 DAGs
[2026-05-24T14:31:20.619+0000] {logging_mixin.py:188} INFO - [2026-05-24T14:31:20.619+0000] {dag.py:3954} INFO - Setting next_dagrun for tutorial_objectstorage to None, run_after=None
[2026-05-24T14:31:20.636+0000] {processor.py:183} INFO - Processing /home/varn1t/ml-pipeline/venv/lib/python3.11/site-packages/airflow/example_dags/tutorial_objectstorage.py took 0.043 seconds
[2026-05-24T14:32:01.708+0000] {processor.py:161} INFO - Started process (PID=23068) to work on /home/varn1t/ml-pipeline/venv/lib/python3.11/site-packages/airflow/example_dags/tutorial_objectstorage.py
[2026-05-24T14:32:01.710+0000] {processor.py:830} INFO - Processing file /home/varn1t/ml-pipeline/venv/lib/python3.11/site-packages/airflow/example_dags/tutorial_objectstorage.py for tasks to queue
[2026-05-24T14:32:01.711+0000] {logging_mixin.py:188} INFO - [2026-05-24T14:32:01.710+0000] {dagbag.py:545} INFO - Filling up the DagBag from /home/varn1t/ml-pipeline/venv/lib/python3.11/site-packages/airflow/example_dags/tutorial_objectstorage.py
[2026-05-24T14:32:01.717+0000] {processor.py:840} INFO - DAG(s) 'tutorial_objectstorage' retrieved from /home/varn1t/ml-pipeline/venv/lib/python3.11/site-packages/airflow/example_dags/tutorial_objectstorage.py
[2026-05-24T14:32:01.731+0000] {logging_mixin.py:188} INFO - [2026-05-24T14:32:01.730+0000] {dag.py:3096} INFO - Sync 1 DAGs
[2026-05-24T14:32:01.738+0000] {logging_mixin.py:188} INFO - [2026-05-24T14:32:01.738+0000] {dag.py:3954} INFO - Setting next_dagrun for tutorial_objectstorage to None, run_after=None
[2026-05-24T14:32:01.755+0000] {processor.py:183} INFO - Processing /home/varn1t/ml-pipeline/venv/lib/python3.11/site-packages/airflow/example_dags/tutorial_objectstorage.py took 0.050 seconds
[2026-05-24T14:32:43.644+0000] {processor.py:161} INFO - Started process (PID=23250) to work on /home/varn1t/ml-pipeline/venv/lib/python3.11/site-packages/airflow/example_dags/tutorial_objectstorage.py
[2026-05-24T14:32:43.645+0000] {processor.py:830} INFO - Processing file /home/varn1t/ml-pipeline/venv/lib/python3.11/site-packages/airflow/example_dags/tutorial_objectstorage.py for tasks to queue
[2026-05-24T14:32:43.646+0000] {logging_mixin.py:188} INFO - [2026-05-24T14:32:43.645+0000] {dagbag.py:545} INFO - Filling up the DagBag from /home/varn1t/ml-pipeline/venv/lib/python3.11/site-packages/airflow/example_dags/tutorial_objectstorage.py
[2026-05-24T14:32:43.651+0000] {processor.py:840} INFO - DAG(s) 'tutorial_objectstorage' retrieved from /home/varn1t/ml-pipeline/venv/lib/python3.11/site-packages/airflow/example_dags/tutorial_objectstorage.py
[2026-05-24T14:32:43.660+0000] {logging_mixin.py:188} INFO - [2026-05-24T14:32:43.660+0000] {dag.py:3096} INFO - Sync 1 DAGs
[2026-05-24T14:32:43.668+0000] {logging_mixin.py:188} INFO - [2026-05-24T14:32:43.668+0000] {dag.py:3954} INFO - Setting next_dagrun for tutorial_objectstorage to None, run_after=None
[2026-05-24T14:32:43.687+0000] {processor.py:183} INFO - Processing /home/varn1t/ml-pipeline/venv/lib/python3.11/site-packages/airflow/example_dags/tutorial_objectstorage.py took 0.047 seconds
[2026-05-24T14:33:26.547+0000] {processor.py:161} INFO - Started process (PID=23465) to work on /home/varn1t/ml-pipeline/venv/lib/python3.11/site-packages/airflow/example_dags/tutorial_objectstorage.py
[2026-05-24T14:33:26.548+0000] {processor.py:830} INFO - Processing file /home/varn1t/ml-pipeline/venv/lib/python3.11/site-packages/airflow/example_dags/tutorial_objectstorage.py for tasks to queue
[2026-05-24T14:33:26.549+0000] {logging_mixin.py:188} INFO - [2026-05-24T14:33:26.548+0000] {dagbag.py:545} INFO - Filling up the DagBag from /home/varn1t/ml-pipeline/venv/lib/python3.11/site-packages/airflow/example_dags/tutorial_objectstorage.py
[2026-05-24T14:33:26.556+0000] {processor.py:840} INFO - DAG(s) 'tutorial_objectstorage' retrieved from /home/varn1t/ml-pipeline/venv/lib/python3.11/site-packages/airflow/example_dags/tutorial_objectstorage.py
[2026-05-24T14:33:26.568+0000] {logging_mixin.py:188} INFO - [2026-05-24T14:33:26.568+0000] {dag.py:3096} INFO - Sync 1 DAGs
[2026-05-24T14:33:26.575+0000] {logging_mixin.py:188} INFO - [2026-05-24T14:33:26.575+0000] {dag.py:3954} INFO - Setting next_dagrun for tutorial_objectstorage to None, run_after=None
[2026-05-24T14:33:26.596+0000] {processor.py:183} INFO - Processing /home/varn1t/ml-pipeline/venv/lib/python3.11/site-packages/airflow/example_dags/tutorial_objectstorage.py took 0.053 seconds
[2026-05-24T14:34:07.430+0000] {processor.py:161} INFO - Started process (PID=23649) to work on /home/varn1t/ml-pipeline/venv/lib/python3.11/site-packages/airflow/example_dags/tutorial_objectstorage.py
[2026-05-24T14:34:07.431+0000] {processor.py:830} INFO - Processing file /home/varn1t/ml-pipeline/venv/lib/python3.11/site-packages/airflow/example_dags/tutorial_objectstorage.py for tasks to queue
[2026-05-24T14:34:07.431+0000] {logging_mixin.py:188} INFO - [2026-05-24T14:34:07.431+0000] {dagbag.py:545} INFO - Filling up the DagBag from /home/varn1t/ml-pipeline/venv/lib/python3.11/site-packages/airflow/example_dags/tutorial_objectstorage.py
[2026-05-24T14:34:07.439+0000] {processor.py:840} INFO - DAG(s) 'tutorial_objectstorage' retrieved from /home/varn1t/ml-pipeline/venv/lib/python3.11/site-packages/airflow/example_dags/tutorial_objectstorage.py
[2026-05-24T14:34:07.449+0000] {logging_mixin.py:188} INFO - [2026-05-24T14:34:07.449+0000] {dag.py:3096} INFO - Sync 1 DAGs
[2026-05-24T14:34:07.456+0000] {logging_mixin.py:188} INFO - [2026-05-24T14:34:07.456+0000] {dag.py:3954} INFO - Setting next_dagrun for tutorial_objectstorage to None, run_after=None
[2026-05-24T14:34:07.472+0000] {processor.py:183} INFO - Processing /home/varn1t/ml-pipeline/venv/lib/python3.11/site-packages/airflow/example_dags/tutorial_objectstorage.py took 0.046 seconds
[2026-05-24T14:34:47.960+0000] {processor.py:161} INFO - Started process (PID=23823) to work on /home/varn1t/ml-pipeline/venv/lib/python3.11/site-packages/airflow/example_dags/tutorial_objectstorage.py
[2026-05-24T14:34:47.961+0000] {processor.py:830} INFO - Processing file /home/varn1t/ml-pipeline/venv/lib/python3.11/site-packages/airflow/example_dags/tutorial_objectstorage.py for tasks to queue
[2026-05-24T14:34:47.961+0000] {logging_mixin.py:188} INFO - [2026-05-24T14:34:47.961+0000] {dagbag.py:545} INFO - Filling up the DagBag from /home/varn1t/ml-pipeline/venv/lib/python3.11/site-packages/airflow/example_dags/tutorial_objectstorage.py
[2026-05-24T14:34:47.967+0000] {processor.py:840} INFO - DAG(s) 'tutorial_objectstorage' retrieved from /home/varn1t/ml-pipeline/venv/lib/python3.11/site-packages/airflow/example_dags/tutorial_objectstorage.py
[2026-05-24T14:34:47.976+0000] {logging_mixin.py:188} INFO - [2026-05-24T14:34:47.976+0000] {dag.py:3096} INFO - Sync 1 DAGs
[2026-05-24T14:34:47.982+0000] {logging_mixin.py:188} INFO - [2026-05-24T14:34:47.982+0000] {dag.py:3954} INFO - Setting next_dagrun for tutorial_objectstorage to None, run_after=None
[2026-05-24T14:34:47.999+0000] {processor.py:183} INFO - Processing /home/varn1t/ml-pipeline/venv/lib/python3.11/site-packages/airflow/example_dags/tutorial_objectstorage.py took 0.044 seconds
[2026-05-24T14:35:31.026+0000] {processor.py:161} INFO - Started process (PID=24010) to work on /home/varn1t/ml-pipeline/venv/lib/python3.11/site-packages/airflow/example_dags/tutorial_objectstorage.py
[2026-05-24T14:35:31.027+0000] {processor.py:830} INFO - Processing file /home/varn1t/ml-pipeline/venv/lib/python3.11/site-packages/airflow/example_dags/tutorial_objectstorage.py for tasks to queue
[2026-05-24T14:35:31.028+0000] {logging_mixin.py:188} INFO - [2026-05-24T14:35:31.028+0000] {dagbag.py:545} INFO - Filling up the DagBag from /home/varn1t/ml-pipeline/venv/lib/python3.11/site-packages/airflow/example_dags/tutorial_objectstorage.py
[2026-05-24T14:35:31.040+0000] {processor.py:840} INFO - DAG(s) 'tutorial_objectstorage' retrieved from /home/varn1t/ml-pipeline/venv/lib/python3.11/site-packages/airflow/example_dags/tutorial_objectstorage.py
[2026-05-24T14:35:31.052+0000] {logging_mixin.py:188} INFO - [2026-05-24T14:35:31.052+0000] {dag.py:3096} INFO - Sync 1 DAGs
[2026-05-24T14:35:31.060+0000] {logging_mixin.py:188} INFO - [2026-05-24T14:35:31.060+0000] {dag.py:3954} INFO - Setting next_dagrun for tutorial_objectstorage to None, run_after=None
[2026-05-24T14:35:31.078+0000] {processor.py:183} INFO - Processing /home/varn1t/ml-pipeline/venv/lib/python3.11/site-packages/airflow/example_dags/tutorial_objectstorage.py took 0.058 seconds
[2026-05-24T14:36:10.415+0000] {processor.py:161} INFO - Started process (PID=24190) to work on /home/varn1t/ml-pipeline/venv/lib/python3.11/site-packages/airflow/example_dags/tutorial_objectstorage.py
[2026-05-24T14:36:10.416+0000] {processor.py:830} INFO - Processing file /home/varn1t/ml-pipeline/venv/lib/python3.11/site-packages/airflow/example_dags/tutorial_objectstorage.py for tasks to queue
[2026-05-24T14:36:10.417+0000] {logging_mixin.py:188} INFO - [2026-05-24T14:36:10.417+0000] {dagbag.py:545} INFO - Filling up the DagBag from /home/varn1t/ml-pipeline/venv/lib/python3.11/site-packages/airflow/example_dags/tutorial_objectstorage.py
[2026-05-24T14:36:10.423+0000] {processor.py:840} INFO - DAG(s) 'tutorial_objectstorage' retrieved from /home/varn1t/ml-pipeline/venv/lib/python3.11/site-packages/airflow/example_dags/tutorial_objectstorage.py
[2026-05-24T14:36:10.432+0000] {logging_mixin.py:188} INFO - [2026-05-24T14:36:10.432+0000] {dag.py:3096} INFO - Sync 1 DAGs
[2026-05-24T14:36:10.439+0000] {logging_mixin.py:188} INFO - [2026-05-24T14:36:10.439+0000] {dag.py:3954} INFO - Setting next_dagrun for tutorial_objectstorage to None, run_after=None
[2026-05-24T14:36:10.455+0000] {processor.py:183} INFO - Processing /home/varn1t/ml-pipeline/venv/lib/python3.11/site-packages/airflow/example_dags/tutorial_objectstorage.py took 0.043 seconds
[2026-05-24T14:36:55.458+0000] {processor.py:161} INFO - Started process (PID=24387) to work on /home/varn1t/ml-pipeline/venv/lib/python3.11/site-packages/airflow/example_dags/tutorial_objectstorage.py
[2026-05-24T14:36:55.459+0000] {processor.py:830} INFO - Processing file /home/varn1t/ml-pipeline/venv/lib/python3.11/site-packages/airflow/example_dags/tutorial_objectstorage.py for tasks to queue
[2026-05-24T14:36:55.460+0000] {logging_mixin.py:188} INFO - [2026-05-24T14:36:55.460+0000] {dagbag.py:545} INFO - Filling up the DagBag from /home/varn1t/ml-pipeline/venv/lib/python3.11/site-packages/airflow/example_dags/tutorial_objectstorage.py
[2026-05-24T14:36:55.467+0000] {processor.py:840} INFO - DAG(s) 'tutorial_objectstorage' retrieved from /home/varn1t/ml-pipeline/venv/lib/python3.11/site-packages/airflow/example_dags/tutorial_objectstorage.py
[2026-05-24T14:36:55.477+0000] {logging_mixin.py:188} INFO - [2026-05-24T14:36:55.477+0000] {dag.py:3096} INFO - Sync 1 DAGs
[2026-05-24T14:36:55.484+0000] {logging_mixin.py:188} INFO - [2026-05-24T14:36:55.484+0000] {dag.py:3954} INFO - Setting next_dagrun for tutorial_objectstorage to None, run_after=None
[2026-05-24T14:36:55.501+0000] {processor.py:183} INFO - Processing /home/varn1t/ml-pipeline/venv/lib/python3.11/site-packages/airflow/example_dags/tutorial_objectstorage.py took 0.047 seconds
[2026-05-24T14:37:33.753+0000] {processor.py:161} INFO - Started process (PID=24588) to work on /home/varn1t/ml-pipeline/venv/lib/python3.11/site-packages/airflow/example_dags/tutorial_objectstorage.py
[2026-05-24T14:37:33.753+0000] {processor.py:830} INFO - Processing file /home/varn1t/ml-pipeline/venv/lib/python3.11/site-packages/airflow/example_dags/tutorial_objectstorage.py for tasks to queue
[2026-05-24T14:37:33.754+0000] {logging_mixin.py:188} INFO - [2026-05-24T14:37:33.754+0000] {dagbag.py:545} INFO - Filling up the DagBag from /home/varn1t/ml-pipeline/venv/lib/python3.11/site-packages/airflow/example_dags/tutorial_objectstorage.py
[2026-05-24T14:37:33.760+0000] {processor.py:840} INFO - DAG(s) 'tutorial_objectstorage' retrieved from /home/varn1t/ml-pipeline/venv/lib/python3.11/site-packages/airflow/example_dags/tutorial_objectstorage.py
[2026-05-24T14:37:33.770+0000] {logging_mixin.py:188} INFO - [2026-05-24T14:37:33.770+0000] {dag.py:3096} INFO - Sync 1 DAGs
[2026-05-24T14:37:33.777+0000] {logging_mixin.py:188} INFO - [2026-05-24T14:37:33.777+0000] {dag.py:3954} INFO - Setting next_dagrun for tutorial_objectstorage to None, run_after=None
[2026-05-24T14:37:33.794+0000] {processor.py:183} INFO - Processing /home/varn1t/ml-pipeline/venv/lib/python3.11/site-packages/airflow/example_dags/tutorial_objectstorage.py took 0.046 seconds
[2026-05-24T14:38:14.335+0000] {processor.py:161} INFO - Started process (PID=24773) to work on /home/varn1t/ml-pipeline/venv/lib/python3.11/site-packages/airflow/example_dags/tutorial_objectstorage.py
[2026-05-24T14:38:14.336+0000] {processor.py:830} INFO - Processing file /home/varn1t/ml-pipeline/venv/lib/python3.11/site-packages/airflow/example_dags/tutorial_objectstorage.py for tasks to queue
[2026-05-24T14:38:14.336+0000] {logging_mixin.py:188} INFO - [2026-05-24T14:38:14.336+0000] {dagbag.py:545} INFO - Filling up the DagBag from /home/varn1t/ml-pipeline/venv/lib/python3.11/site-packages/airflow/example_dags/tutorial_objectstorage.py
[2026-05-24T14:38:14.342+0000] {processor.py:840} INFO - DAG(s) 'tutorial_objectstorage' retrieved from /home/varn1t/ml-pipeline/venv/lib/python3.11/site-packages/airflow/example_dags/tutorial_objectstorage.py
[2026-05-24T14:38:14.352+0000] {logging_mixin.py:188} INFO - [2026-05-24T14:38:14.352+0000] {dag.py:3096} INFO - Sync 1 DAGs
[2026-05-24T14:38:14.361+0000] {logging_mixin.py:188} INFO - [2026-05-24T14:38:14.361+0000] {dag.py:3954} INFO - Setting next_dagrun for tutorial_objectstorage to None, run_after=None
[2026-05-24T14:38:14.376+0000] {processor.py:183} INFO - Processing /home/varn1t/ml-pipeline/venv/lib/python3.11/site-packages/airflow/example_dags/tutorial_objectstorage.py took 0.045 seconds
[2026-05-24T14:38:54.980+0000] {processor.py:161} INFO - Started process (PID=24973) to work on /home/varn1t/ml-pipeline/venv/lib/python3.11/site-packages/airflow/example_dags/tutorial_objectstorage.py
[2026-05-24T14:38:54.981+0000] {processor.py:830} INFO - Processing file /home/varn1t/ml-pipeline/venv/lib/python3.11/site-packages/airflow/example_dags/tutorial_objectstorage.py for tasks to queue
[2026-05-24T14:38:54.982+0000] {logging_mixin.py:188} INFO - [2026-05-24T14:38:54.981+0000] {dagbag.py:545} INFO - Filling up the DagBag from /home/varn1t/ml-pipeline/venv/lib/python3.11/site-packages/airflow/example_dags/tutorial_objectstorage.py
[2026-05-24T14:38:54.988+0000] {processor.py:840} INFO - DAG(s) 'tutorial_objectstorage' retrieved from /home/varn1t/ml-pipeline/venv/lib/python3.11/site-packages/airflow/example_dags/tutorial_objectstorage.py
[2026-05-24T14:38:55.000+0000] {logging_mixin.py:188} INFO - [2026-05-24T14:38:55.000+0000] {dag.py:3096} INFO - Sync 1 DAGs
[2026-05-24T14:38:55.007+0000] {logging_mixin.py:188} INFO - [2026-05-24T14:38:55.007+0000] {dag.py:3954} INFO - Setting next_dagrun for tutorial_objectstorage to None, run_after=None
[2026-05-24T14:38:55.025+0000] {processor.py:183} INFO - Processing /home/varn1t/ml-pipeline/venv/lib/python3.11/site-packages/airflow/example_dags/tutorial_objectstorage.py took 0.050 seconds
[2026-05-24T14:39:34.387+0000] {processor.py:161} INFO - Started process (PID=25146) to work on /home/varn1t/ml-pipeline/venv/lib/python3.11/site-packages/airflow/example_dags/tutorial_objectstorage.py
[2026-05-24T14:39:34.388+0000] {processor.py:830} INFO - Processing file /home/varn1t/ml-pipeline/venv/lib/python3.11/site-packages/airflow/example_dags/tutorial_objectstorage.py for tasks to queue
[2026-05-24T14:39:34.389+0000] {logging_mixin.py:188} INFO - [2026-05-24T14:39:34.389+0000] {dagbag.py:545} INFO - Filling up the DagBag from /home/varn1t/ml-pipeline/venv/lib/python3.11/site-packages/airflow/example_dags/tutorial_objectstorage.py
[2026-05-24T14:39:34.397+0000] {processor.py:840} INFO - DAG(s) 'tutorial_objectstorage' retrieved from /home/varn1t/ml-pipeline/venv/lib/python3.11/site-packages/airflow/example_dags/tutorial_objectstorage.py
[2026-05-24T14:39:34.407+0000] {logging_mixin.py:188} INFO - [2026-05-24T14:39:34.407+0000] {dag.py:3096} INFO - Sync 1 DAGs
[2026-05-24T14:39:34.414+0000] {logging_mixin.py:188} INFO - [2026-05-24T14:39:34.413+0000] {dag.py:3954} INFO - Setting next_dagrun for tutorial_objectstorage to None, run_after=None
[2026-05-24T14:39:34.429+0000] {processor.py:183} INFO - Processing /home/varn1t/ml-pipeline/venv/lib/python3.11/site-packages/airflow/example_dags/tutorial_objectstorage.py took 0.047 seconds
[2026-05-24T14:40:19.831+0000] {processor.py:161} INFO - Started process (PID=25344) to work on /home/varn1t/ml-pipeline/venv/lib/python3.11/site-packages/airflow/example_dags/tutorial_objectstorage.py
[2026-05-24T14:40:19.832+0000] {processor.py:830} INFO - Processing file /home/varn1t/ml-pipeline/venv/lib/python3.11/site-packages/airflow/example_dags/tutorial_objectstorage.py for tasks to queue
[2026-05-24T14:40:19.833+0000] {logging_mixin.py:188} INFO - [2026-05-24T14:40:19.832+0000] {dagbag.py:545} INFO - Filling up the DagBag from /home/varn1t/ml-pipeline/venv/lib/python3.11/site-packages/airflow/example_dags/tutorial_objectstorage.py
[2026-05-24T14:40:19.843+0000] {processor.py:840} INFO - DAG(s) 'tutorial_objectstorage' retrieved from /home/varn1t/ml-pipeline/venv/lib/python3.11/site-packages/airflow/example_dags/tutorial_objectstorage.py
[2026-05-24T14:40:19.864+0000] {logging_mixin.py:188} INFO - [2026-05-24T14:40:19.863+0000] {dag.py:3096} INFO - Sync 1 DAGs
[2026-05-24T14:40:19.875+0000] {logging_mixin.py:188} INFO - [2026-05-24T14:40:19.875+0000] {dag.py:3954} INFO - Setting next_dagrun for tutorial_objectstorage to None, run_after=None
[2026-05-24T14:40:20.032+0000] {processor.py:183} INFO - Processing /home/varn1t/ml-pipeline/venv/lib/python3.11/site-packages/airflow/example_dags/tutorial_objectstorage.py took 0.207 seconds
[2026-05-24T14:41:06.549+0000] {processor.py:161} INFO - Started process (PID=25548) to work on /home/varn1t/ml-pipeline/venv/lib/python3.11/site-packages/airflow/example_dags/tutorial_objectstorage.py
[2026-05-24T14:41:06.550+0000] {processor.py:830} INFO - Processing file /home/varn1t/ml-pipeline/venv/lib/python3.11/site-packages/airflow/example_dags/tutorial_objectstorage.py for tasks to queue
[2026-05-24T14:41:06.551+0000] {logging_mixin.py:188} INFO - [2026-05-24T14:41:06.551+0000] {dagbag.py:545} INFO - Filling up the DagBag from /home/varn1t/ml-pipeline/venv/lib/python3.11/site-packages/airflow/example_dags/tutorial_objectstorage.py
[2026-05-24T14:41:06.557+0000] {processor.py:840} INFO - DAG(s) 'tutorial_objectstorage' retrieved from /home/varn1t/ml-pipeline/venv/lib/python3.11/site-packages/airflow/example_dags/tutorial_objectstorage.py
[2026-05-24T14:41:06.568+0000] {logging_mixin.py:188} INFO - [2026-05-24T14:41:06.568+0000] {dag.py:3096} INFO - Sync 1 DAGs
[2026-05-24T14:41:06.576+0000] {logging_mixin.py:188} INFO - [2026-05-24T14:41:06.576+0000] {dag.py:3954} INFO - Setting next_dagrun for tutorial_objectstorage to None, run_after=None
[2026-05-24T14:41:06.599+0000] {processor.py:183} INFO - Processing /home/varn1t/ml-pipeline/venv/lib/python3.11/site-packages/airflow/example_dags/tutorial_objectstorage.py took 0.054 seconds
[2026-05-24T14:41:53.169+0000] {processor.py:161} INFO - Started process (PID=25754) to work on /home/varn1t/ml-pipeline/venv/lib/python3.11/site-packages/airflow/example_dags/tutorial_objectstorage.py
[2026-05-24T14:41:53.170+0000] {processor.py:830} INFO - Processing file /home/varn1t/ml-pipeline/venv/lib/python3.11/site-packages/airflow/example_dags/tutorial_objectstorage.py for tasks to queue
[2026-05-24T14:41:53.171+0000] {logging_mixin.py:188} INFO - [2026-05-24T14:41:53.170+0000] {dagbag.py:545} INFO - Filling up the DagBag from /home/varn1t/ml-pipeline/venv/lib/python3.11/site-packages/airflow/example_dags/tutorial_objectstorage.py
[2026-05-24T14:41:53.178+0000] {processor.py:840} INFO - DAG(s) 'tutorial_objectstorage' retrieved from /home/varn1t/ml-pipeline/venv/lib/python3.11/site-packages/airflow/example_dags/tutorial_objectstorage.py
[2026-05-24T14:41:53.189+0000] {logging_mixin.py:188} INFO - [2026-05-24T14:41:53.188+0000] {dag.py:3096} INFO - Sync 1 DAGs
[2026-05-24T14:41:53.197+0000] {logging_mixin.py:188} INFO - [2026-05-24T14:41:53.197+0000] {dag.py:3954} INFO - Setting next_dagrun for tutorial_objectstorage to None, run_after=None
[2026-05-24T14:41:53.228+0000] {processor.py:183} INFO - Processing /home/varn1t/ml-pipeline/venv/lib/python3.11/site-packages/airflow/example_dags/tutorial_objectstorage.py took 0.064 seconds
[2026-05-24T14:42:40.384+0000] {processor.py:161} INFO - Started process (PID=25959) to work on /home/varn1t/ml-pipeline/venv/lib/python3.11/site-packages/airflow/example_dags/tutorial_objectstorage.py
[2026-05-24T14:42:40.384+0000] {processor.py:830} INFO - Processing file /home/varn1t/ml-pipeline/venv/lib/python3.11/site-packages/airflow/example_dags/tutorial_objectstorage.py for tasks to queue
[2026-05-24T14:42:40.385+0000] {logging_mixin.py:188} INFO - [2026-05-24T14:42:40.385+0000] {dagbag.py:545} INFO - Filling up the DagBag from /home/varn1t/ml-pipeline/venv/lib/python3.11/site-packages/airflow/example_dags/tutorial_objectstorage.py
[2026-05-24T14:42:40.392+0000] {processor.py:840} INFO - DAG(s) 'tutorial_objectstorage' retrieved from /home/varn1t/ml-pipeline/venv/lib/python3.11/site-packages/airflow/example_dags/tutorial_objectstorage.py
[2026-05-24T14:42:40.404+0000] {logging_mixin.py:188} INFO - [2026-05-24T14:42:40.404+0000] {dag.py:3096} INFO - Sync 1 DAGs
[2026-05-24T14:42:40.412+0000] {logging_mixin.py:188} INFO - [2026-05-24T14:42:40.412+0000] {dag.py:3954} INFO - Setting next_dagrun for tutorial_objectstorage to None, run_after=None
[2026-05-24T14:42:40.427+0000] {processor.py:183} INFO - Processing /home/varn1t/ml-pipeline/venv/lib/python3.11/site-packages/airflow/example_dags/tutorial_objectstorage.py took 0.048 seconds
[2026-05-24T14:43:24.281+0000] {processor.py:161} INFO - Started process (PID=26148) to work on /home/varn1t/ml-pipeline/venv/lib/python3.11/site-packages/airflow/example_dags/tutorial_objectstorage.py
[2026-05-24T14:43:24.282+0000] {processor.py:830} INFO - Processing file /home/varn1t/ml-pipeline/venv/lib/python3.11/site-packages/airflow/example_dags/tutorial_objectstorage.py for tasks to queue
[2026-05-24T14:43:24.283+0000] {logging_mixin.py:188} INFO - [2026-05-24T14:43:24.283+0000] {dagbag.py:545} INFO - Filling up the DagBag from /home/varn1t/ml-pipeline/venv/lib/python3.11/site-packages/airflow/example_dags/tutorial_objectstorage.py
[2026-05-24T14:43:24.288+0000] {processor.py:840} INFO - DAG(s) 'tutorial_objectstorage' retrieved from /home/varn1t/ml-pipeline/venv/lib/python3.11/site-packages/airflow/example_dags/tutorial_objectstorage.py
[2026-05-24T14:43:24.300+0000] {logging_mixin.py:188} INFO - [2026-05-24T14:43:24.300+0000] {dag.py:3096} INFO - Sync 1 DAGs
[2026-05-24T14:43:24.410+0000] {logging_mixin.py:188} INFO - [2026-05-24T14:43:24.410+0000] {dag.py:3954} INFO - Setting next_dagrun for tutorial_objectstorage to None, run_after=None
[2026-05-24T14:43:24.424+0000] {processor.py:183} INFO - Processing /home/varn1t/ml-pipeline/venv/lib/python3.11/site-packages/airflow/example_dags/tutorial_objectstorage.py took 0.147 seconds
[2026-05-24T14:44:05.232+0000] {processor.py:161} INFO - Started process (PID=26361) to work on /home/varn1t/ml-pipeline/venv/lib/python3.11/site-packages/airflow/example_dags/tutorial_objectstorage.py
[2026-05-24T14:44:05.233+0000] {processor.py:830} INFO - Processing file /home/varn1t/ml-pipeline/venv/lib/python3.11/site-packages/airflow/example_dags/tutorial_objectstorage.py for tasks to queue
[2026-05-24T14:44:05.233+0000] {logging_mixin.py:188} INFO - [2026-05-24T14:44:05.233+0000] {dagbag.py:545} INFO - Filling up the DagBag from /home/varn1t/ml-pipeline/venv/lib/python3.11/site-packages/airflow/example_dags/tutorial_objectstorage.py
[2026-05-24T14:44:05.239+0000] {processor.py:840} INFO - DAG(s) 'tutorial_objectstorage' retrieved from /home/varn1t/ml-pipeline/venv/lib/python3.11/site-packages/airflow/example_dags/tutorial_objectstorage.py
[2026-05-24T14:44:05.249+0000] {logging_mixin.py:188} INFO - [2026-05-24T14:44:05.249+0000] {dag.py:3096} INFO - Sync 1 DAGs
[2026-05-24T14:44:05.255+0000] {logging_mixin.py:188} INFO - [2026-05-24T14:44:05.255+0000] {dag.py:3954} INFO - Setting next_dagrun for tutorial_objectstorage to None, run_after=None
[2026-05-24T14:44:05.271+0000] {processor.py:183} INFO - Processing /home/varn1t/ml-pipeline/venv/lib/python3.11/site-packages/airflow/example_dags/tutorial_objectstorage.py took 0.044 seconds
[2026-05-24T14:44:47.395+0000] {processor.py:161} INFO - Started process (PID=26555) to work on /home/varn1t/ml-pipeline/venv/lib/python3.11/site-packages/airflow/example_dags/tutorial_objectstorage.py
[2026-05-24T14:44:47.396+0000] {processor.py:830} INFO - Processing file /home/varn1t/ml-pipeline/venv/lib/python3.11/site-packages/airflow/example_dags/tutorial_objectstorage.py for tasks to queue
[2026-05-24T14:44:47.397+0000] {logging_mixin.py:188} INFO - [2026-05-24T14:44:47.396+0000] {dagbag.py:545} INFO - Filling up the DagBag from /home/varn1t/ml-pipeline/venv/lib/python3.11/site-packages/airflow/example_dags/tutorial_objectstorage.py
[2026-05-24T14:44:47.403+0000] {processor.py:840} INFO - DAG(s) 'tutorial_objectstorage' retrieved from /home/varn1t/ml-pipeline/venv/lib/python3.11/site-packages/airflow/example_dags/tutorial_objectstorage.py
[2026-05-24T14:44:47.413+0000] {logging_mixin.py:188} INFO - [2026-05-24T14:44:47.413+0000] {dag.py:3096} INFO - Sync 1 DAGs
[2026-05-24T14:44:47.420+0000] {logging_mixin.py:188} INFO - [2026-05-24T14:44:47.420+0000] {dag.py:3954} INFO - Setting next_dagrun for tutorial_objectstorage to None, run_after=None
[2026-05-24T14:44:47.437+0000] {processor.py:183} INFO - Processing /home/varn1t/ml-pipeline/venv/lib/python3.11/site-packages/airflow/example_dags/tutorial_objectstorage.py took 0.045 seconds
[2026-05-24T14:45:26.212+0000] {processor.py:161} INFO - Started process (PID=26730) to work on /home/varn1t/ml-pipeline/venv/lib/python3.11/site-packages/airflow/example_dags/tutorial_objectstorage.py
[2026-05-24T14:45:26.214+0000] {processor.py:830} INFO - Processing file /home/varn1t/ml-pipeline/venv/lib/python3.11/site-packages/airflow/example_dags/tutorial_objectstorage.py for tasks to queue
[2026-05-24T14:45:26.215+0000] {logging_mixin.py:188} INFO - [2026-05-24T14:45:26.215+0000] {dagbag.py:545} INFO - Filling up the DagBag from /home/varn1t/ml-pipeline/venv/lib/python3.11/site-packages/airflow/example_dags/tutorial_objectstorage.py
[2026-05-24T14:45:26.222+0000] {processor.py:840} INFO - DAG(s) 'tutorial_objectstorage' retrieved from /home/varn1t/ml-pipeline/venv/lib/python3.11/site-packages/airflow/example_dags/tutorial_objectstorage.py
[2026-05-24T14:45:26.235+0000] {logging_mixin.py:188} INFO - [2026-05-24T14:45:26.235+0000] {dag.py:3096} INFO - Sync 1 DAGs
[2026-05-24T14:45:26.243+0000] {logging_mixin.py:188} INFO - [2026-05-24T14:45:26.243+0000] {dag.py:3954} INFO - Setting next_dagrun for tutorial_objectstorage to None, run_after=None
[2026-05-24T14:45:26.262+0000] {processor.py:183} INFO - Processing /home/varn1t/ml-pipeline/venv/lib/python3.11/site-packages/airflow/example_dags/tutorial_objectstorage.py took 0.055 seconds
[2026-05-24T14:46:09.980+0000] {processor.py:161} INFO - Started process (PID=26928) to work on /home/varn1t/ml-pipeline/venv/lib/python3.11/site-packages/airflow/example_dags/tutorial_objectstorage.py
[2026-05-24T14:46:09.980+0000] {processor.py:830} INFO - Processing file /home/varn1t/ml-pipeline/venv/lib/python3.11/site-packages/airflow/example_dags/tutorial_objectstorage.py for tasks to queue
[2026-05-24T14:46:09.981+0000] {logging_mixin.py:188} INFO - [2026-05-24T14:46:09.981+0000] {dagbag.py:545} INFO - Filling up the DagBag from /home/varn1t/ml-pipeline/venv/lib/python3.11/site-packages/airflow/example_dags/tutorial_objectstorage.py
[2026-05-24T14:46:09.988+0000] {processor.py:840} INFO - DAG(s) 'tutorial_objectstorage' retrieved from /home/varn1t/ml-pipeline/venv/lib/python3.11/site-packages/airflow/example_dags/tutorial_objectstorage.py
[2026-05-24T14:46:09.999+0000] {logging_mixin.py:188} INFO - [2026-05-24T14:46:09.999+0000] {dag.py:3096} INFO - Sync 1 DAGs
[2026-05-24T14:46:10.006+0000] {logging_mixin.py:188} INFO - [2026-05-24T14:46:10.005+0000] {dag.py:3954} INFO - Setting next_dagrun for tutorial_objectstorage to None, run_after=None
[2026-05-24T14:46:10.023+0000] {processor.py:183} INFO - Processing /home/varn1t/ml-pipeline/venv/lib/python3.11/site-packages/airflow/example_dags/tutorial_objectstorage.py took 0.048 seconds
[2026-05-24T14:46:52.373+0000] {processor.py:161} INFO - Started process (PID=27117) to work on /home/varn1t/ml-pipeline/venv/lib/python3.11/site-packages/airflow/example_dags/tutorial_objectstorage.py
[2026-05-24T14:46:52.374+0000] {processor.py:830} INFO - Processing file /home/varn1t/ml-pipeline/venv/lib/python3.11/site-packages/airflow/example_dags/tutorial_objectstorage.py for tasks to queue
[2026-05-24T14:46:52.375+0000] {logging_mixin.py:188} INFO - [2026-05-24T14:46:52.375+0000] {dagbag.py:545} INFO - Filling up the DagBag from /home/varn1t/ml-pipeline/venv/lib/python3.11/site-packages/airflow/example_dags/tutorial_objectstorage.py
[2026-05-24T14:46:52.381+0000] {processor.py:840} INFO - DAG(s) 'tutorial_objectstorage' retrieved from /home/varn1t/ml-pipeline/venv/lib/python3.11/site-packages/airflow/example_dags/tutorial_objectstorage.py
[2026-05-24T14:46:52.392+0000] {logging_mixin.py:188} INFO - [2026-05-24T14:46:52.392+0000] {dag.py:3096} INFO - Sync 1 DAGs
[2026-05-24T14:46:52.399+0000] {logging_mixin.py:188} INFO - [2026-05-24T14:46:52.399+0000] {dag.py:3954} INFO - Setting next_dagrun for tutorial_objectstorage to None, run_after=None
[2026-05-24T14:46:52.414+0000] {processor.py:183} INFO - Processing /home/varn1t/ml-pipeline/venv/lib/python3.11/site-packages/airflow/example_dags/tutorial_objectstorage.py took 0.045 seconds
[2026-05-24T14:47:36.121+0000] {processor.py:161} INFO - Started process (PID=27321) to work on /home/varn1t/ml-pipeline/venv/lib/python3.11/site-packages/airflow/example_dags/tutorial_objectstorage.py
[2026-05-24T14:47:36.122+0000] {processor.py:830} INFO - Processing file /home/varn1t/ml-pipeline/venv/lib/python3.11/site-packages/airflow/example_dags/tutorial_objectstorage.py for tasks to queue
[2026-05-24T14:47:36.122+0000] {logging_mixin.py:188} INFO - [2026-05-24T14:47:36.122+0000] {dagbag.py:545} INFO - Filling up the DagBag from /home/varn1t/ml-pipeline/venv/lib/python3.11/site-packages/airflow/example_dags/tutorial_objectstorage.py
[2026-05-24T14:47:36.129+0000] {processor.py:840} INFO - DAG(s) 'tutorial_objectstorage' retrieved from /home/varn1t/ml-pipeline/venv/lib/python3.11/site-packages/airflow/example_dags/tutorial_objectstorage.py
[2026-05-24T14:47:36.140+0000] {logging_mixin.py:188} INFO - [2026-05-24T14:47:36.139+0000] {dag.py:3096} INFO - Sync 1 DAGs
[2026-05-24T14:47:36.148+0000] {logging_mixin.py:188} INFO - [2026-05-24T14:47:36.148+0000] {dag.py:3954} INFO - Setting next_dagrun for tutorial_objectstorage to None, run_after=None
[2026-05-24T14:47:36.167+0000] {processor.py:183} INFO - Processing /home/varn1t/ml-pipeline/venv/lib/python3.11/site-packages/airflow/example_dags/tutorial_objectstorage.py took 0.051 seconds
[2026-05-24T14:48:17.884+0000] {processor.py:161} INFO - Started process (PID=27513) to work on /home/varn1t/ml-pipeline/venv/lib/python3.11/site-packages/airflow/example_dags/tutorial_objectstorage.py
[2026-05-24T14:48:17.885+0000] {processor.py:830} INFO - Processing file /home/varn1t/ml-pipeline/venv/lib/python3.11/site-packages/airflow/example_dags/tutorial_objectstorage.py for tasks to queue
[2026-05-24T14:48:17.886+0000] {logging_mixin.py:188} INFO - [2026-05-24T14:48:17.885+0000] {dagbag.py:545} INFO - Filling up the DagBag from /home/varn1t/ml-pipeline/venv/lib/python3.11/site-packages/airflow/example_dags/tutorial_objectstorage.py
[2026-05-24T14:48:17.894+0000] {processor.py:840} INFO - DAG(s) 'tutorial_objectstorage' retrieved from /home/varn1t/ml-pipeline/venv/lib/python3.11/site-packages/airflow/example_dags/tutorial_objectstorage.py
[2026-05-24T14:48:17.905+0000] {logging_mixin.py:188} INFO - [2026-05-24T14:48:17.905+0000] {dag.py:3096} INFO - Sync 1 DAGs
[2026-05-24T14:48:17.911+0000] {logging_mixin.py:188} INFO - [2026-05-24T14:48:17.911+0000] {dag.py:3954} INFO - Setting next_dagrun for tutorial_objectstorage to None, run_after=None
[2026-05-24T14:48:17.927+0000] {processor.py:183} INFO - Processing /home/varn1t/ml-pipeline/venv/lib/python3.11/site-packages/airflow/example_dags/tutorial_objectstorage.py took 0.049 seconds
[2026-05-24T14:48:54.739+0000] {processor.py:161} INFO - Started process (PID=27705) to work on /home/varn1t/ml-pipeline/venv/lib/python3.11/site-packages/airflow/example_dags/tutorial_objectstorage.py
[2026-05-24T14:48:54.740+0000] {processor.py:830} INFO - Processing file /home/varn1t/ml-pipeline/venv/lib/python3.11/site-packages/airflow/example_dags/tutorial_objectstorage.py for tasks to queue
[2026-05-24T14:48:54.741+0000] {logging_mixin.py:188} INFO - [2026-05-24T14:48:54.741+0000] {dagbag.py:545} INFO - Filling up the DagBag from /home/varn1t/ml-pipeline/venv/lib/python3.11/site-packages/airflow/example_dags/tutorial_objectstorage.py
[2026-05-24T14:48:54.748+0000] {processor.py:840} INFO - DAG(s) 'tutorial_objectstorage' retrieved from /home/varn1t/ml-pipeline/venv/lib/python3.11/site-packages/airflow/example_dags/tutorial_objectstorage.py
[2026-05-24T14:48:54.758+0000] {logging_mixin.py:188} INFO - [2026-05-24T14:48:54.758+0000] {dag.py:3096} INFO - Sync 1 DAGs
[2026-05-24T14:48:54.766+0000] {logging_mixin.py:188} INFO - [2026-05-24T14:48:54.766+0000] {dag.py:3954} INFO - Setting next_dagrun for tutorial_objectstorage to None, run_after=None
[2026-05-24T14:48:54.782+0000] {processor.py:183} INFO - Processing /home/varn1t/ml-pipeline/venv/lib/python3.11/site-packages/airflow/example_dags/tutorial_objectstorage.py took 0.048 seconds
[2026-05-24T14:49:35.196+0000] {processor.py:161} INFO - Started process (PID=27891) to work on /home/varn1t/ml-pipeline/venv/lib/python3.11/site-packages/airflow/example_dags/tutorial_objectstorage.py
[2026-05-24T14:49:35.197+0000] {processor.py:830} INFO - Processing file /home/varn1t/ml-pipeline/venv/lib/python3.11/site-packages/airflow/example_dags/tutorial_objectstorage.py for tasks to queue
[2026-05-24T14:49:35.197+0000] {logging_mixin.py:188} INFO - [2026-05-24T14:49:35.197+0000] {dagbag.py:545} INFO - Filling up the DagBag from /home/varn1t/ml-pipeline/venv/lib/python3.11/site-packages/airflow/example_dags/tutorial_objectstorage.py
[2026-05-24T14:49:35.204+0000] {processor.py:840} INFO - DAG(s) 'tutorial_objectstorage' retrieved from /home/varn1t/ml-pipeline/venv/lib/python3.11/site-packages/airflow/example_dags/tutorial_objectstorage.py
[2026-05-24T14:49:35.214+0000] {logging_mixin.py:188} INFO - [2026-05-24T14:49:35.214+0000] {dag.py:3096} INFO - Sync 1 DAGs
[2026-05-24T14:49:35.222+0000] {logging_mixin.py:188} INFO - [2026-05-24T14:49:35.222+0000] {dag.py:3954} INFO - Setting next_dagrun for tutorial_objectstorage to None, run_after=None
[2026-05-24T14:49:35.239+0000] {processor.py:183} INFO - Processing /home/varn1t/ml-pipeline/venv/lib/python3.11/site-packages/airflow/example_dags/tutorial_objectstorage.py took 0.047 seconds
[2026-05-24T14:50:15.190+0000] {processor.py:161} INFO - Started process (PID=28076) to work on /home/varn1t/ml-pipeline/venv/lib/python3.11/site-packages/airflow/example_dags/tutorial_objectstorage.py
[2026-05-24T14:50:15.192+0000] {processor.py:830} INFO - Processing file /home/varn1t/ml-pipeline/venv/lib/python3.11/site-packages/airflow/example_dags/tutorial_objectstorage.py for tasks to queue
[2026-05-24T14:50:15.193+0000] {logging_mixin.py:188} INFO - [2026-05-24T14:50:15.193+0000] {dagbag.py:545} INFO - Filling up the DagBag from /home/varn1t/ml-pipeline/venv/lib/python3.11/site-packages/airflow/example_dags/tutorial_objectstorage.py
[2026-05-24T14:50:15.201+0000] {processor.py:840} INFO - DAG(s) 'tutorial_objectstorage' retrieved from /home/varn1t/ml-pipeline/venv/lib/python3.11/site-packages/airflow/example_dags/tutorial_objectstorage.py
[2026-05-24T14:50:15.212+0000] {logging_mixin.py:188} INFO - [2026-05-24T14:50:15.212+0000] {dag.py:3096} INFO - Sync 1 DAGs
[2026-05-24T14:50:15.219+0000] {logging_mixin.py:188} INFO - [2026-05-24T14:50:15.219+0000] {dag.py:3954} INFO - Setting next_dagrun for tutorial_objectstorage to None, run_after=None
[2026-05-24T14:50:15.244+0000] {processor.py:183} INFO - Processing /home/varn1t/ml-pipeline/venv/lib/python3.11/site-packages/airflow/example_dags/tutorial_objectstorage.py took 0.060 seconds
[2026-05-24T14:50:58.013+0000] {processor.py:161} INFO - Started process (PID=28268) to work on /home/varn1t/ml-pipeline/venv/lib/python3.11/site-packages/airflow/example_dags/tutorial_objectstorage.py
[2026-05-24T14:50:58.015+0000] {processor.py:830} INFO - Processing file /home/varn1t/ml-pipeline/venv/lib/python3.11/site-packages/airflow/example_dags/tutorial_objectstorage.py for tasks to queue
[2026-05-24T14:50:58.017+0000] {logging_mixin.py:188} INFO - [2026-05-24T14:50:58.016+0000] {dagbag.py:545} INFO - Filling up the DagBag from /home/varn1t/ml-pipeline/venv/lib/python3.11/site-packages/airflow/example_dags/tutorial_objectstorage.py
[2026-05-24T14:50:58.023+0000] {processor.py:840} INFO - DAG(s) 'tutorial_objectstorage' retrieved from /home/varn1t/ml-pipeline/venv/lib/python3.11/site-packages/airflow/example_dags/tutorial_objectstorage.py
[2026-05-24T14:50:58.035+0000] {logging_mixin.py:188} INFO - [2026-05-24T14:50:58.034+0000] {dag.py:3096} INFO - Sync 1 DAGs
[2026-05-24T14:50:58.044+0000] {logging_mixin.py:188} INFO - [2026-05-24T14:50:58.044+0000] {dag.py:3954} INFO - Setting next_dagrun for tutorial_objectstorage to None, run_after=None
[2026-05-24T14:50:58.062+0000] {processor.py:183} INFO - Processing /home/varn1t/ml-pipeline/venv/lib/python3.11/site-packages/airflow/example_dags/tutorial_objectstorage.py took 0.053 seconds
[2026-05-24T14:51:42.383+0000] {processor.py:161} INFO - Started process (PID=28461) to work on /home/varn1t/ml-pipeline/venv/lib/python3.11/site-packages/airflow/example_dags/tutorial_objectstorage.py
[2026-05-24T14:51:42.384+0000] {processor.py:830} INFO - Processing file /home/varn1t/ml-pipeline/venv/lib/python3.11/site-packages/airflow/example_dags/tutorial_objectstorage.py for tasks to queue
[2026-05-24T14:51:42.385+0000] {logging_mixin.py:188} INFO - [2026-05-24T14:51:42.384+0000] {dagbag.py:545} INFO - Filling up the DagBag from /home/varn1t/ml-pipeline/venv/lib/python3.11/site-packages/airflow/example_dags/tutorial_objectstorage.py
[2026-05-24T14:51:42.391+0000] {processor.py:840} INFO - DAG(s) 'tutorial_objectstorage' retrieved from /home/varn1t/ml-pipeline/venv/lib/python3.11/site-packages/airflow/example_dags/tutorial_objectstorage.py
[2026-05-24T14:51:42.403+0000] {logging_mixin.py:188} INFO - [2026-05-24T14:51:42.403+0000] {dag.py:3096} INFO - Sync 1 DAGs
[2026-05-24T14:51:42.411+0000] {logging_mixin.py:188} INFO - [2026-05-24T14:51:42.411+0000] {dag.py:3954} INFO - Setting next_dagrun for tutorial_objectstorage to None, run_after=None
[2026-05-24T14:51:42.430+0000] {processor.py:183} INFO - Processing /home/varn1t/ml-pipeline/venv/lib/python3.11/site-packages/airflow/example_dags/tutorial_objectstorage.py took 0.052 seconds
[2026-05-24T14:52:26.679+0000] {processor.py:161} INFO - Started process (PID=28664) to work on /home/varn1t/ml-pipeline/venv/lib/python3.11/site-packages/airflow/example_dags/tutorial_objectstorage.py
[2026-05-24T14:52:26.680+0000] {processor.py:830} INFO - Processing file /home/varn1t/ml-pipeline/venv/lib/python3.11/site-packages/airflow/example_dags/tutorial_objectstorage.py for tasks to queue
[2026-05-24T14:52:26.681+0000] {logging_mixin.py:188} INFO - [2026-05-24T14:52:26.680+0000] {dagbag.py:545} INFO - Filling up the DagBag from /home/varn1t/ml-pipeline/venv/lib/python3.11/site-packages/airflow/example_dags/tutorial_objectstorage.py
[2026-05-24T14:52:26.686+0000] {processor.py:840} INFO - DAG(s) 'tutorial_objectstorage' retrieved from /home/varn1t/ml-pipeline/venv/lib/python3.11/site-packages/airflow/example_dags/tutorial_objectstorage.py
[2026-05-24T14:52:26.695+0000] {logging_mixin.py:188} INFO - [2026-05-24T14:52:26.695+0000] {dag.py:3096} INFO - Sync 1 DAGs
[2026-05-24T14:52:26.702+0000] {logging_mixin.py:188} INFO - [2026-05-24T14:52:26.702+0000] {dag.py:3954} INFO - Setting next_dagrun for tutorial_objectstorage to None, run_after=None
[2026-05-24T14:52:26.717+0000] {processor.py:183} INFO - Processing /home/varn1t/ml-pipeline/venv/lib/python3.11/site-packages/airflow/example_dags/tutorial_objectstorage.py took 0.042 seconds
[2026-05-24T14:53:05.640+0000] {processor.py:161} INFO - Started process (PID=28837) to work on /home/varn1t/ml-pipeline/venv/lib/python3.11/site-packages/airflow/example_dags/tutorial_objectstorage.py
[2026-05-24T14:53:05.641+0000] {processor.py:830} INFO - Processing file /home/varn1t/ml-pipeline/venv/lib/python3.11/site-packages/airflow/example_dags/tutorial_objectstorage.py for tasks to queue
[2026-05-24T14:53:05.641+0000] {logging_mixin.py:188} INFO - [2026-05-24T14:53:05.641+0000] {dagbag.py:545} INFO - Filling up the DagBag from /home/varn1t/ml-pipeline/venv/lib/python3.11/site-packages/airflow/example_dags/tutorial_objectstorage.py
[2026-05-24T14:53:05.647+0000] {processor.py:840} INFO - DAG(s) 'tutorial_objectstorage' retrieved from /home/varn1t/ml-pipeline/venv/lib/python3.11/site-packages/airflow/example_dags/tutorial_objectstorage.py
[2026-05-24T14:53:05.659+0000] {logging_mixin.py:188} INFO - [2026-05-24T14:53:05.658+0000] {dag.py:3096} INFO - Sync 1 DAGs
[2026-05-24T14:53:05.666+0000] {logging_mixin.py:188} INFO - [2026-05-24T14:53:05.665+0000] {dag.py:3954} INFO - Setting next_dagrun for tutorial_objectstorage to None, run_after=None
[2026-05-24T14:53:05.683+0000] {processor.py:183} INFO - Processing /home/varn1t/ml-pipeline/venv/lib/python3.11/site-packages/airflow/example_dags/tutorial_objectstorage.py took 0.048 seconds
[2026-05-24T14:53:46.177+0000] {processor.py:161} INFO - Started process (PID=29038) to work on /home/varn1t/ml-pipeline/venv/lib/python3.11/site-packages/airflow/example_dags/tutorial_objectstorage.py
[2026-05-24T14:53:46.178+0000] {processor.py:830} INFO - Processing file /home/varn1t/ml-pipeline/venv/lib/python3.11/site-packages/airflow/example_dags/tutorial_objectstorage.py for tasks to queue
[2026-05-24T14:53:46.179+0000] {logging_mixin.py:188} INFO - [2026-05-24T14:53:46.178+0000] {dagbag.py:545} INFO - Filling up the DagBag from /home/varn1t/ml-pipeline/venv/lib/python3.11/site-packages/airflow/example_dags/tutorial_objectstorage.py
[2026-05-24T14:53:46.186+0000] {processor.py:840} INFO - DAG(s) 'tutorial_objectstorage' retrieved from /home/varn1t/ml-pipeline/venv/lib/python3.11/site-packages/airflow/example_dags/tutorial_objectstorage.py
[2026-05-24T14:53:46.198+0000] {logging_mixin.py:188} INFO - [2026-05-24T14:53:46.198+0000] {dag.py:3096} INFO - Sync 1 DAGs
[2026-05-24T14:53:46.207+0000] {logging_mixin.py:188} INFO - [2026-05-24T14:53:46.207+0000] {dag.py:3954} INFO - Setting next_dagrun for tutorial_objectstorage to None, run_after=None
[2026-05-24T14:53:46.225+0000] {processor.py:183} INFO - Processing /home/varn1t/ml-pipeline/venv/lib/python3.11/site-packages/airflow/example_dags/tutorial_objectstorage.py took 0.053 seconds
[2026-05-24T14:54:26.651+0000] {processor.py:161} INFO - Started process (PID=29217) to work on /home/varn1t/ml-pipeline/venv/lib/python3.11/site-packages/airflow/example_dags/tutorial_objectstorage.py
[2026-05-24T14:54:26.652+0000] {processor.py:830} INFO - Processing file /home/varn1t/ml-pipeline/venv/lib/python3.11/site-packages/airflow/example_dags/tutorial_objectstorage.py for tasks to queue
[2026-05-24T14:54:26.653+0000] {logging_mixin.py:188} INFO - [2026-05-24T14:54:26.652+0000] {dagbag.py:545} INFO - Filling up the DagBag from /home/varn1t/ml-pipeline/venv/lib/python3.11/site-packages/airflow/example_dags/tutorial_objectstorage.py
[2026-05-24T14:54:26.659+0000] {processor.py:840} INFO - DAG(s) 'tutorial_objectstorage' retrieved from /home/varn1t/ml-pipeline/venv/lib/python3.11/site-packages/airflow/example_dags/tutorial_objectstorage.py
[2026-05-24T14:54:26.673+0000] {logging_mixin.py:188} INFO - [2026-05-24T14:54:26.673+0000] {dag.py:3096} INFO - Sync 1 DAGs
[2026-05-24T14:54:26.682+0000] {logging_mixin.py:188} INFO - [2026-05-24T14:54:26.682+0000] {dag.py:3954} INFO - Setting next_dagrun for tutorial_objectstorage to None, run_after=None
[2026-05-24T14:54:26.700+0000] {processor.py:183} INFO - Processing /home/varn1t/ml-pipeline/venv/lib/python3.11/site-packages/airflow/example_dags/tutorial_objectstorage.py took 0.053 seconds
[2026-05-24T14:55:08.300+0000] {processor.py:161} INFO - Started process (PID=29400) to work on /home/varn1t/ml-pipeline/venv/lib/python3.11/site-packages/airflow/example_dags/tutorial_objectstorage.py
[2026-05-24T14:55:08.301+0000] {processor.py:830} INFO - Processing file /home/varn1t/ml-pipeline/venv/lib/python3.11/site-packages/airflow/example_dags/tutorial_objectstorage.py for tasks to queue
[2026-05-24T14:55:08.302+0000] {logging_mixin.py:188} INFO - [2026-05-24T14:55:08.302+0000] {dagbag.py:545} INFO - Filling up the DagBag from /home/varn1t/ml-pipeline/venv/lib/python3.11/site-packages/airflow/example_dags/tutorial_objectstorage.py
[2026-05-24T14:55:08.310+0000] {processor.py:840} INFO - DAG(s) 'tutorial_objectstorage' retrieved from /home/varn1t/ml-pipeline/venv/lib/python3.11/site-packages/airflow/example_dags/tutorial_objectstorage.py
[2026-05-24T14:55:08.323+0000] {logging_mixin.py:188} INFO - [2026-05-24T14:55:08.323+0000] {dag.py:3096} INFO - Sync 1 DAGs
[2026-05-24T14:55:08.332+0000] {logging_mixin.py:188} INFO - [2026-05-24T14:55:08.331+0000] {dag.py:3954} INFO - Setting next_dagrun for tutorial_objectstorage to None, run_after=None
[2026-05-24T14:55:08.351+0000] {processor.py:183} INFO - Processing /home/varn1t/ml-pipeline/venv/lib/python3.11/site-packages/airflow/example_dags/tutorial_objectstorage.py took 0.055 seconds
[2026-05-24T14:55:50.187+0000] {processor.py:161} INFO - Started process (PID=29621) to work on /home/varn1t/ml-pipeline/venv/lib/python3.11/site-packages/airflow/example_dags/tutorial_objectstorage.py
[2026-05-24T14:55:50.188+0000] {processor.py:830} INFO - Processing file /home/varn1t/ml-pipeline/venv/lib/python3.11/site-packages/airflow/example_dags/tutorial_objectstorage.py for tasks to queue
[2026-05-24T14:55:50.188+0000] {logging_mixin.py:188} INFO - [2026-05-24T14:55:50.188+0000] {dagbag.py:545} INFO - Filling up the DagBag from /home/varn1t/ml-pipeline/venv/lib/python3.11/site-packages/airflow/example_dags/tutorial_objectstorage.py
[2026-05-24T14:55:50.195+0000] {processor.py:840} INFO - DAG(s) 'tutorial_objectstorage' retrieved from /home/varn1t/ml-pipeline/venv/lib/python3.11/site-packages/airflow/example_dags/tutorial_objectstorage.py
[2026-05-24T14:55:50.206+0000] {logging_mixin.py:188} INFO - [2026-05-24T14:55:50.206+0000] {dag.py:3096} INFO - Sync 1 DAGs
[2026-05-24T14:55:50.213+0000] {logging_mixin.py:188} INFO - [2026-05-24T14:55:50.213+0000] {dag.py:3954} INFO - Setting next_dagrun for tutorial_objectstorage to None, run_after=None
[2026-05-24T14:55:50.230+0000] {processor.py:183} INFO - Processing /home/varn1t/ml-pipeline/venv/lib/python3.11/site-packages/airflow/example_dags/tutorial_objectstorage.py took 0.048 seconds
[2026-05-24T14:56:33.532+0000] {processor.py:161} INFO - Started process (PID=29847) to work on /home/varn1t/ml-pipeline/venv/lib/python3.11/site-packages/airflow/example_dags/tutorial_objectstorage.py
[2026-05-24T14:56:33.533+0000] {processor.py:830} INFO - Processing file /home/varn1t/ml-pipeline/venv/lib/python3.11/site-packages/airflow/example_dags/tutorial_objectstorage.py for tasks to queue
[2026-05-24T14:56:33.534+0000] {logging_mixin.py:188} INFO - [2026-05-24T14:56:33.533+0000] {dagbag.py:545} INFO - Filling up the DagBag from /home/varn1t/ml-pipeline/venv/lib/python3.11/site-packages/airflow/example_dags/tutorial_objectstorage.py
[2026-05-24T14:56:33.540+0000] {processor.py:840} INFO - DAG(s) 'tutorial_objectstorage' retrieved from /home/varn1t/ml-pipeline/venv/lib/python3.11/site-packages/airflow/example_dags/tutorial_objectstorage.py
[2026-05-24T14:56:33.550+0000] {logging_mixin.py:188} INFO - [2026-05-24T14:56:33.550+0000] {dag.py:3096} INFO - Sync 1 DAGs
[2026-05-24T14:56:33.557+0000] {logging_mixin.py:188} INFO - [2026-05-24T14:56:33.557+0000] {dag.py:3954} INFO - Setting next_dagrun for tutorial_objectstorage to None, run_after=None
[2026-05-24T14:56:33.574+0000] {processor.py:183} INFO - Processing /home/varn1t/ml-pipeline/venv/lib/python3.11/site-packages/airflow/example_dags/tutorial_objectstorage.py took 0.046 seconds
[2026-05-24T14:57:23.548+0000] {processor.py:161} INFO - Started process (PID=30190) to work on /home/varn1t/ml-pipeline/venv/lib/python3.11/site-packages/airflow/example_dags/tutorial_objectstorage.py
[2026-05-24T14:57:23.549+0000] {processor.py:830} INFO - Processing file /home/varn1t/ml-pipeline/venv/lib/python3.11/site-packages/airflow/example_dags/tutorial_objectstorage.py for tasks to queue
[2026-05-24T14:57:23.549+0000] {logging_mixin.py:188} INFO - [2026-05-24T14:57:23.549+0000] {dagbag.py:545} INFO - Filling up the DagBag from /home/varn1t/ml-pipeline/venv/lib/python3.11/site-packages/airflow/example_dags/tutorial_objectstorage.py
[2026-05-24T14:57:23.555+0000] {processor.py:840} INFO - DAG(s) 'tutorial_objectstorage' retrieved from /home/varn1t/ml-pipeline/venv/lib/python3.11/site-packages/airflow/example_dags/tutorial_objectstorage.py
[2026-05-24T14:57:23.565+0000] {logging_mixin.py:188} INFO - [2026-05-24T14:57:23.565+0000] {dag.py:3096} INFO - Sync 1 DAGs
[2026-05-24T14:57:23.572+0000] {logging_mixin.py:188} INFO - [2026-05-24T14:57:23.571+0000] {dag.py:3954} INFO - Setting next_dagrun for tutorial_objectstorage to None, run_after=None
[2026-05-24T14:57:23.587+0000] {processor.py:183} INFO - Processing /home/varn1t/ml-pipeline/venv/lib/python3.11/site-packages/airflow/example_dags/tutorial_objectstorage.py took 0.044 seconds
[2026-05-24T14:58:06.286+0000] {processor.py:161} INFO - Started process (PID=30542) to work on /home/varn1t/ml-pipeline/venv/lib/python3.11/site-packages/airflow/example_dags/tutorial_objectstorage.py
[2026-05-24T14:58:06.287+0000] {processor.py:830} INFO - Processing file /home/varn1t/ml-pipeline/venv/lib/python3.11/site-packages/airflow/example_dags/tutorial_objectstorage.py for tasks to queue
[2026-05-24T14:58:06.287+0000] {logging_mixin.py:188} INFO - [2026-05-24T14:58:06.287+0000] {dagbag.py:545} INFO - Filling up the DagBag from /home/varn1t/ml-pipeline/venv/lib/python3.11/site-packages/airflow/example_dags/tutorial_objectstorage.py
[2026-05-24T14:58:06.294+0000] {processor.py:840} INFO - DAG(s) 'tutorial_objectstorage' retrieved from /home/varn1t/ml-pipeline/venv/lib/python3.11/site-packages/airflow/example_dags/tutorial_objectstorage.py
[2026-05-24T14:58:06.305+0000] {logging_mixin.py:188} INFO - [2026-05-24T14:58:06.305+0000] {dag.py:3096} INFO - Sync 1 DAGs
[2026-05-24T14:58:06.313+0000] {logging_mixin.py:188} INFO - [2026-05-24T14:58:06.312+0000] {dag.py:3954} INFO - Setting next_dagrun for tutorial_objectstorage to None, run_after=None
[2026-05-24T14:58:06.331+0000] {processor.py:183} INFO - Processing /home/varn1t/ml-pipeline/venv/lib/python3.11/site-packages/airflow/example_dags/tutorial_objectstorage.py took 0.050 seconds
[2026-05-24T14:58:47.375+0000] {processor.py:161} INFO - Started process (PID=30958) to work on /home/varn1t/ml-pipeline/venv/lib/python3.11/site-packages/airflow/example_dags/tutorial_objectstorage.py
[2026-05-24T14:58:47.376+0000] {processor.py:830} INFO - Processing file /home/varn1t/ml-pipeline/venv/lib/python3.11/site-packages/airflow/example_dags/tutorial_objectstorage.py for tasks to queue
[2026-05-24T14:58:47.377+0000] {logging_mixin.py:188} INFO - [2026-05-24T14:58:47.377+0000] {dagbag.py:545} INFO - Filling up the DagBag from /home/varn1t/ml-pipeline/venv/lib/python3.11/site-packages/airflow/example_dags/tutorial_objectstorage.py
[2026-05-24T14:58:47.385+0000] {processor.py:840} INFO - DAG(s) 'tutorial_objectstorage' retrieved from /home/varn1t/ml-pipeline/venv/lib/python3.11/site-packages/airflow/example_dags/tutorial_objectstorage.py
[2026-05-24T14:58:47.397+0000] {logging_mixin.py:188} INFO - [2026-05-24T14:58:47.397+0000] {dag.py:3096} INFO - Sync 1 DAGs
[2026-05-24T14:58:47.405+0000] {logging_mixin.py:188} INFO - [2026-05-24T14:58:47.405+0000] {dag.py:3954} INFO - Setting next_dagrun for tutorial_objectstorage to None, run_after=None
[2026-05-24T14:58:47.420+0000] {processor.py:183} INFO - Processing /home/varn1t/ml-pipeline/venv/lib/python3.11/site-packages/airflow/example_dags/tutorial_objectstorage.py took 0.052 seconds
[2026-05-24T14:59:30.707+0000] {processor.py:161} INFO - Started process (PID=31269) to work on /home/varn1t/ml-pipeline/venv/lib/python3.11/site-packages/airflow/example_dags/tutorial_objectstorage.py
[2026-05-24T14:59:30.707+0000] {processor.py:830} INFO - Processing file /home/varn1t/ml-pipeline/venv/lib/python3.11/site-packages/airflow/example_dags/tutorial_objectstorage.py for tasks to queue
[2026-05-24T14:59:30.708+0000] {logging_mixin.py:188} INFO - [2026-05-24T14:59:30.708+0000] {dagbag.py:545} INFO - Filling up the DagBag from /home/varn1t/ml-pipeline/venv/lib/python3.11/site-packages/airflow/example_dags/tutorial_objectstorage.py
[2026-05-24T14:59:30.714+0000] {processor.py:840} INFO - DAG(s) 'tutorial_objectstorage' retrieved from /home/varn1t/ml-pipeline/venv/lib/python3.11/site-packages/airflow/example_dags/tutorial_objectstorage.py
[2026-05-24T14:59:30.728+0000] {logging_mixin.py:188} INFO - [2026-05-24T14:59:30.727+0000] {dag.py:3096} INFO - Sync 1 DAGs
[2026-05-24T14:59:30.737+0000] {logging_mixin.py:188} INFO - [2026-05-24T14:59:30.736+0000] {dag.py:3954} INFO - Setting next_dagrun for tutorial_objectstorage to None, run_after=None
[2026-05-24T14:59:30.752+0000] {processor.py:183} INFO - Processing /home/varn1t/ml-pipeline/venv/lib/python3.11/site-packages/airflow/example_dags/tutorial_objectstorage.py took 0.050 seconds
[2026-05-24T15:00:11.461+0000] {processor.py:161} INFO - Started process (PID=31488) to work on /home/varn1t/ml-pipeline/venv/lib/python3.11/site-packages/airflow/example_dags/tutorial_objectstorage.py
[2026-05-24T15:00:11.462+0000] {processor.py:830} INFO - Processing file /home/varn1t/ml-pipeline/venv/lib/python3.11/site-packages/airflow/example_dags/tutorial_objectstorage.py for tasks to queue
[2026-05-24T15:00:11.462+0000] {logging_mixin.py:188} INFO - [2026-05-24T15:00:11.462+0000] {dagbag.py:545} INFO - Filling up the DagBag from /home/varn1t/ml-pipeline/venv/lib/python3.11/site-packages/airflow/example_dags/tutorial_objectstorage.py
[2026-05-24T15:00:11.469+0000] {processor.py:840} INFO - DAG(s) 'tutorial_objectstorage' retrieved from /home/varn1t/ml-pipeline/venv/lib/python3.11/site-packages/airflow/example_dags/tutorial_objectstorage.py
[2026-05-24T15:00:11.482+0000] {logging_mixin.py:188} INFO - [2026-05-24T15:00:11.482+0000] {dag.py:3096} INFO - Sync 1 DAGs
[2026-05-24T15:00:11.489+0000] {logging_mixin.py:188} INFO - [2026-05-24T15:00:11.488+0000] {dag.py:3954} INFO - Setting next_dagrun for tutorial_objectstorage to None, run_after=None
[2026-05-24T15:00:11.505+0000] {processor.py:183} INFO - Processing /home/varn1t/ml-pipeline/venv/lib/python3.11/site-packages/airflow/example_dags/tutorial_objectstorage.py took 0.052 seconds
[2026-05-24T15:00:50.841+0000] {processor.py:161} INFO - Started process (PID=31663) to work on /home/varn1t/ml-pipeline/venv/lib/python3.11/site-packages/airflow/example_dags/tutorial_objectstorage.py
[2026-05-24T15:00:50.842+0000] {processor.py:830} INFO - Processing file /home/varn1t/ml-pipeline/venv/lib/python3.11/site-packages/airflow/example_dags/tutorial_objectstorage.py for tasks to queue
[2026-05-24T15:00:50.843+0000] {logging_mixin.py:188} INFO - [2026-05-24T15:00:50.843+0000] {dagbag.py:545} INFO - Filling up the DagBag from /home/varn1t/ml-pipeline/venv/lib/python3.11/site-packages/airflow/example_dags/tutorial_objectstorage.py
[2026-05-24T15:00:50.849+0000] {processor.py:840} INFO - DAG(s) 'tutorial_objectstorage' retrieved from /home/varn1t/ml-pipeline/venv/lib/python3.11/site-packages/airflow/example_dags/tutorial_objectstorage.py
[2026-05-24T15:00:50.859+0000] {logging_mixin.py:188} INFO - [2026-05-24T15:00:50.859+0000] {dag.py:3096} INFO - Sync 1 DAGs
[2026-05-24T15:00:50.868+0000] {logging_mixin.py:188} INFO - [2026-05-24T15:00:50.868+0000] {dag.py:3954} INFO - Setting next_dagrun for tutorial_objectstorage to None, run_after=None
[2026-05-24T15:00:50.884+0000] {processor.py:183} INFO - Processing /home/varn1t/ml-pipeline/venv/lib/python3.11/site-packages/airflow/example_dags/tutorial_objectstorage.py took 0.049 seconds
[2026-05-24T15:01:31.040+0000] {processor.py:161} INFO - Started process (PID=31846) to work on /home/varn1t/ml-pipeline/venv/lib/python3.11/site-packages/airflow/example_dags/tutorial_objectstorage.py
[2026-05-24T15:01:31.040+0000] {processor.py:830} INFO - Processing file /home/varn1t/ml-pipeline/venv/lib/python3.11/site-packages/airflow/example_dags/tutorial_objectstorage.py for tasks to queue
[2026-05-24T15:01:31.041+0000] {logging_mixin.py:188} INFO - [2026-05-24T15:01:31.041+0000] {dagbag.py:545} INFO - Filling up the DagBag from /home/varn1t/ml-pipeline/venv/lib/python3.11/site-packages/airflow/example_dags/tutorial_objectstorage.py
[2026-05-24T15:01:31.046+0000] {processor.py:840} INFO - DAG(s) 'tutorial_objectstorage' retrieved from /home/varn1t/ml-pipeline/venv/lib/python3.11/site-packages/airflow/example_dags/tutorial_objectstorage.py
[2026-05-24T15:01:31.057+0000] {logging_mixin.py:188} INFO - [2026-05-24T15:01:31.057+0000] {dag.py:3096} INFO - Sync 1 DAGs
[2026-05-24T15:01:31.066+0000] {logging_mixin.py:188} INFO - [2026-05-24T15:01:31.066+0000] {dag.py:3954} INFO - Setting next_dagrun for tutorial_objectstorage to None, run_after=None
[2026-05-24T15:01:31.080+0000] {processor.py:183} INFO - Processing /home/varn1t/ml-pipeline/venv/lib/python3.11/site-packages/airflow/example_dags/tutorial_objectstorage.py took 0.045 seconds
[2026-05-24T15:02:11.109+0000] {processor.py:161} INFO - Started process (PID=32064) to work on /home/varn1t/ml-pipeline/venv/lib/python3.11/site-packages/airflow/example_dags/tutorial_objectstorage.py
[2026-05-24T15:02:11.110+0000] {processor.py:830} INFO - Processing file /home/varn1t/ml-pipeline/venv/lib/python3.11/site-packages/airflow/example_dags/tutorial_objectstorage.py for tasks to queue
[2026-05-24T15:02:11.111+0000] {logging_mixin.py:188} INFO - [2026-05-24T15:02:11.111+0000] {dagbag.py:545} INFO - Filling up the DagBag from /home/varn1t/ml-pipeline/venv/lib/python3.11/site-packages/airflow/example_dags/tutorial_objectstorage.py
[2026-05-24T15:02:11.117+0000] {processor.py:840} INFO - DAG(s) 'tutorial_objectstorage' retrieved from /home/varn1t/ml-pipeline/venv/lib/python3.11/site-packages/airflow/example_dags/tutorial_objectstorage.py
[2026-05-24T15:02:11.129+0000] {logging_mixin.py:188} INFO - [2026-05-24T15:02:11.129+0000] {dag.py:3096} INFO - Sync 1 DAGs
[2026-05-24T15:02:11.136+0000] {logging_mixin.py:188} INFO - [2026-05-24T15:02:11.136+0000] {dag.py:3954} INFO - Setting next_dagrun for tutorial_objectstorage to None, run_after=None
[2026-05-24T15:02:11.151+0000] {processor.py:183} INFO - Processing /home/varn1t/ml-pipeline/venv/lib/python3.11/site-packages/airflow/example_dags/tutorial_objectstorage.py took 0.047 seconds
[2026-05-24T15:02:52.192+0000] {processor.py:161} INFO - Started process (PID=32301) to work on /home/varn1t/ml-pipeline/venv/lib/python3.11/site-packages/airflow/example_dags/tutorial_objectstorage.py
[2026-05-24T15:02:52.193+0000] {processor.py:830} INFO - Processing file /home/varn1t/ml-pipeline/venv/lib/python3.11/site-packages/airflow/example_dags/tutorial_objectstorage.py for tasks to queue
[2026-05-24T15:02:52.194+0000] {logging_mixin.py:188} INFO - [2026-05-24T15:02:52.193+0000] {dagbag.py:545} INFO - Filling up the DagBag from /home/varn1t/ml-pipeline/venv/lib/python3.11/site-packages/airflow/example_dags/tutorial_objectstorage.py
[2026-05-24T15:02:52.199+0000] {processor.py:840} INFO - DAG(s) 'tutorial_objectstorage' retrieved from /home/varn1t/ml-pipeline/venv/lib/python3.11/site-packages/airflow/example_dags/tutorial_objectstorage.py
[2026-05-24T15:02:52.210+0000] {logging_mixin.py:188} INFO - [2026-05-24T15:02:52.210+0000] {dag.py:3096} INFO - Sync 1 DAGs
[2026-05-24T15:02:52.218+0000] {logging_mixin.py:188} INFO - [2026-05-24T15:02:52.218+0000] {dag.py:3954} INFO - Setting next_dagrun for tutorial_objectstorage to None, run_after=None
[2026-05-24T15:02:52.233+0000] {processor.py:183} INFO - Processing /home/varn1t/ml-pipeline/venv/lib/python3.11/site-packages/airflow/example_dags/tutorial_objectstorage.py took 0.047 seconds
[2026-05-24T15:03:34.952+0000] {processor.py:161} INFO - Started process (PID=32557) to work on /home/varn1t/ml-pipeline/venv/lib/python3.11/site-packages/airflow/example_dags/tutorial_objectstorage.py
[2026-05-24T15:03:34.953+0000] {processor.py:830} INFO - Processing file /home/varn1t/ml-pipeline/venv/lib/python3.11/site-packages/airflow/example_dags/tutorial_objectstorage.py for tasks to queue
[2026-05-24T15:03:34.953+0000] {logging_mixin.py:188} INFO - [2026-05-24T15:03:34.953+0000] {dagbag.py:545} INFO - Filling up the DagBag from /home/varn1t/ml-pipeline/venv/lib/python3.11/site-packages/airflow/example_dags/tutorial_objectstorage.py
[2026-05-24T15:03:34.959+0000] {processor.py:840} INFO - DAG(s) 'tutorial_objectstorage' retrieved from /home/varn1t/ml-pipeline/venv/lib/python3.11/site-packages/airflow/example_dags/tutorial_objectstorage.py
[2026-05-24T15:03:34.968+0000] {logging_mixin.py:188} INFO - [2026-05-24T15:03:34.968+0000] {dag.py:3096} INFO - Sync 1 DAGs
[2026-05-24T15:03:34.976+0000] {logging_mixin.py:188} INFO - [2026-05-24T15:03:34.975+0000] {dag.py:3954} INFO - Setting next_dagrun for tutorial_objectstorage to None, run_after=None
[2026-05-24T15:03:34.992+0000] {processor.py:183} INFO - Processing /home/varn1t/ml-pipeline/venv/lib/python3.11/site-packages/airflow/example_dags/tutorial_objectstorage.py took 0.046 seconds
[2026-05-24T15:04:16.048+0000] {processor.py:161} INFO - Started process (PID=32742) to work on /home/varn1t/ml-pipeline/venv/lib/python3.11/site-packages/airflow/example_dags/tutorial_objectstorage.py
[2026-05-24T15:04:16.049+0000] {processor.py:830} INFO - Processing file /home/varn1t/ml-pipeline/venv/lib/python3.11/site-packages/airflow/example_dags/tutorial_objectstorage.py for tasks to queue
[2026-05-24T15:04:16.050+0000] {logging_mixin.py:188} INFO - [2026-05-24T15:04:16.049+0000] {dagbag.py:545} INFO - Filling up the DagBag from /home/varn1t/ml-pipeline/venv/lib/python3.11/site-packages/airflow/example_dags/tutorial_objectstorage.py
[2026-05-24T15:04:16.056+0000] {processor.py:840} INFO - DAG(s) 'tutorial_objectstorage' retrieved from /home/varn1t/ml-pipeline/venv/lib/python3.11/site-packages/airflow/example_dags/tutorial_objectstorage.py
[2026-05-24T15:04:16.068+0000] {logging_mixin.py:188} INFO - [2026-05-24T15:04:16.068+0000] {dag.py:3096} INFO - Sync 1 DAGs
[2026-05-24T15:04:16.076+0000] {logging_mixin.py:188} INFO - [2026-05-24T15:04:16.076+0000] {dag.py:3954} INFO - Setting next_dagrun for tutorial_objectstorage to None, run_after=None
[2026-05-24T15:04:16.097+0000] {processor.py:183} INFO - Processing /home/varn1t/ml-pipeline/venv/lib/python3.11/site-packages/airflow/example_dags/tutorial_objectstorage.py took 0.054 seconds
[2026-05-24T15:04:54.837+0000] {processor.py:161} INFO - Started process (PID=32907) to work on /home/varn1t/ml-pipeline/venv/lib/python3.11/site-packages/airflow/example_dags/tutorial_objectstorage.py
[2026-05-24T15:04:54.838+0000] {processor.py:830} INFO - Processing file /home/varn1t/ml-pipeline/venv/lib/python3.11/site-packages/airflow/example_dags/tutorial_objectstorage.py for tasks to queue
[2026-05-24T15:04:54.839+0000] {logging_mixin.py:188} INFO - [2026-05-24T15:04:54.839+0000] {dagbag.py:545} INFO - Filling up the DagBag from /home/varn1t/ml-pipeline/venv/lib/python3.11/site-packages/airflow/example_dags/tutorial_objectstorage.py
[2026-05-24T15:04:54.845+0000] {processor.py:840} INFO - DAG(s) 'tutorial_objectstorage' retrieved from /home/varn1t/ml-pipeline/venv/lib/python3.11/site-packages/airflow/example_dags/tutorial_objectstorage.py
[2026-05-24T15:04:54.856+0000] {logging_mixin.py:188} INFO - [2026-05-24T15:04:54.856+0000] {dag.py:3096} INFO - Sync 1 DAGs
[2026-05-24T15:04:54.864+0000] {logging_mixin.py:188} INFO - [2026-05-24T15:04:54.863+0000] {dag.py:3954} INFO - Setting next_dagrun for tutorial_objectstorage to None, run_after=None
[2026-05-24T15:04:54.881+0000] {processor.py:183} INFO - Processing /home/varn1t/ml-pipeline/venv/lib/python3.11/site-packages/airflow/example_dags/tutorial_objectstorage.py took 0.050 seconds
[2026-05-24T15:05:34.822+0000] {processor.py:161} INFO - Started process (PID=33147) to work on /home/varn1t/ml-pipeline/venv/lib/python3.11/site-packages/airflow/example_dags/tutorial_objectstorage.py
[2026-05-24T15:05:34.823+0000] {processor.py:830} INFO - Processing file /home/varn1t/ml-pipeline/venv/lib/python3.11/site-packages/airflow/example_dags/tutorial_objectstorage.py for tasks to queue
[2026-05-24T15:05:34.823+0000] {logging_mixin.py:188} INFO - [2026-05-24T15:05:34.823+0000] {dagbag.py:545} INFO - Filling up the DagBag from /home/varn1t/ml-pipeline/venv/lib/python3.11/site-packages/airflow/example_dags/tutorial_objectstorage.py
[2026-05-24T15:05:34.830+0000] {processor.py:840} INFO - DAG(s) 'tutorial_objectstorage' retrieved from /home/varn1t/ml-pipeline/venv/lib/python3.11/site-packages/airflow/example_dags/tutorial_objectstorage.py
[2026-05-24T15:05:34.841+0000] {logging_mixin.py:188} INFO - [2026-05-24T15:05:34.841+0000] {dag.py:3096} INFO - Sync 1 DAGs
[2026-05-24T15:05:34.849+0000] {logging_mixin.py:188} INFO - [2026-05-24T15:05:34.849+0000] {dag.py:3954} INFO - Setting next_dagrun for tutorial_objectstorage to None, run_after=None
[2026-05-24T15:05:34.866+0000] {processor.py:183} INFO - Processing /home/varn1t/ml-pipeline/venv/lib/python3.11/site-packages/airflow/example_dags/tutorial_objectstorage.py took 0.054 seconds
[2026-05-24T15:06:17.200+0000] {processor.py:161} INFO - Started process (PID=33694) to work on /home/varn1t/ml-pipeline/venv/lib/python3.11/site-packages/airflow/example_dags/tutorial_objectstorage.py
[2026-05-24T15:06:17.201+0000] {processor.py:830} INFO - Processing file /home/varn1t/ml-pipeline/venv/lib/python3.11/site-packages/airflow/example_dags/tutorial_objectstorage.py for tasks to queue
[2026-05-24T15:06:17.202+0000] {logging_mixin.py:188} INFO - [2026-05-24T15:06:17.201+0000] {dagbag.py:545} INFO - Filling up the DagBag from /home/varn1t/ml-pipeline/venv/lib/python3.11/site-packages/airflow/example_dags/tutorial_objectstorage.py
[2026-05-24T15:06:17.208+0000] {processor.py:840} INFO - DAG(s) 'tutorial_objectstorage' retrieved from /home/varn1t/ml-pipeline/venv/lib/python3.11/site-packages/airflow/example_dags/tutorial_objectstorage.py
[2026-05-24T15:06:17.222+0000] {logging_mixin.py:188} INFO - [2026-05-24T15:06:17.222+0000] {dag.py:3096} INFO - Sync 1 DAGs
[2026-05-24T15:06:17.232+0000] {logging_mixin.py:188} INFO - [2026-05-24T15:06:17.231+0000] {dag.py:3954} INFO - Setting next_dagrun for tutorial_objectstorage to None, run_after=None
[2026-05-24T15:06:17.250+0000] {processor.py:183} INFO - Processing /home/varn1t/ml-pipeline/venv/lib/python3.11/site-packages/airflow/example_dags/tutorial_objectstorage.py took 0.059 seconds
[2026-05-24T15:06:56.584+0000] {processor.py:161} INFO - Started process (PID=34117) to work on /home/varn1t/ml-pipeline/venv/lib/python3.11/site-packages/airflow/example_dags/tutorial_objectstorage.py
[2026-05-24T15:06:56.585+0000] {processor.py:830} INFO - Processing file /home/varn1t/ml-pipeline/venv/lib/python3.11/site-packages/airflow/example_dags/tutorial_objectstorage.py for tasks to queue
[2026-05-24T15:06:56.586+0000] {logging_mixin.py:188} INFO - [2026-05-24T15:06:56.586+0000] {dagbag.py:545} INFO - Filling up the DagBag from /home/varn1t/ml-pipeline/venv/lib/python3.11/site-packages/airflow/example_dags/tutorial_objectstorage.py
[2026-05-24T15:06:56.592+0000] {processor.py:840} INFO - DAG(s) 'tutorial_objectstorage' retrieved from /home/varn1t/ml-pipeline/venv/lib/python3.11/site-packages/airflow/example_dags/tutorial_objectstorage.py
[2026-05-24T15:06:56.602+0000] {logging_mixin.py:188} INFO - [2026-05-24T15:06:56.602+0000] {dag.py:3096} INFO - Sync 1 DAGs
[2026-05-24T15:06:56.609+0000] {logging_mixin.py:188} INFO - [2026-05-24T15:06:56.609+0000] {dag.py:3954} INFO - Setting next_dagrun for tutorial_objectstorage to None, run_after=None
[2026-05-24T15:06:56.622+0000] {processor.py:183} INFO - Processing /home/varn1t/ml-pipeline/venv/lib/python3.11/site-packages/airflow/example_dags/tutorial_objectstorage.py took 0.045 seconds
[2026-05-24T15:07:40.044+0000] {processor.py:161} INFO - Started process (PID=34695) to work on /home/varn1t/ml-pipeline/venv/lib/python3.11/site-packages/airflow/example_dags/tutorial_objectstorage.py
[2026-05-24T15:07:40.045+0000] {processor.py:830} INFO - Processing file /home/varn1t/ml-pipeline/venv/lib/python3.11/site-packages/airflow/example_dags/tutorial_objectstorage.py for tasks to queue
[2026-05-24T15:07:40.046+0000] {logging_mixin.py:188} INFO - [2026-05-24T15:07:40.045+0000] {dagbag.py:545} INFO - Filling up the DagBag from /home/varn1t/ml-pipeline/venv/lib/python3.11/site-packages/airflow/example_dags/tutorial_objectstorage.py
[2026-05-24T15:07:40.053+0000] {processor.py:840} INFO - DAG(s) 'tutorial_objectstorage' retrieved from /home/varn1t/ml-pipeline/venv/lib/python3.11/site-packages/airflow/example_dags/tutorial_objectstorage.py
[2026-05-24T15:07:40.063+0000] {logging_mixin.py:188} INFO - [2026-05-24T15:07:40.063+0000] {dag.py:3096} INFO - Sync 1 DAGs
[2026-05-24T15:07:40.072+0000] {logging_mixin.py:188} INFO - [2026-05-24T15:07:40.071+0000] {dag.py:3954} INFO - Setting next_dagrun for tutorial_objectstorage to None, run_after=None
[2026-05-24T15:07:40.094+0000] {processor.py:183} INFO - Processing /home/varn1t/ml-pipeline/venv/lib/python3.11/site-packages/airflow/example_dags/tutorial_objectstorage.py took 0.056 seconds
[2026-05-24T15:08:25.696+0000] {processor.py:161} INFO - Started process (PID=34984) to work on /home/varn1t/ml-pipeline/venv/lib/python3.11/site-packages/airflow/example_dags/tutorial_objectstorage.py
[2026-05-24T15:08:25.697+0000] {processor.py:830} INFO - Processing file /home/varn1t/ml-pipeline/venv/lib/python3.11/site-packages/airflow/example_dags/tutorial_objectstorage.py for tasks to queue
[2026-05-24T15:08:25.698+0000] {logging_mixin.py:188} INFO - [2026-05-24T15:08:25.698+0000] {dagbag.py:545} INFO - Filling up the DagBag from /home/varn1t/ml-pipeline/venv/lib/python3.11/site-packages/airflow/example_dags/tutorial_objectstorage.py
[2026-05-24T15:08:25.705+0000] {processor.py:840} INFO - DAG(s) 'tutorial_objectstorage' retrieved from /home/varn1t/ml-pipeline/venv/lib/python3.11/site-packages/airflow/example_dags/tutorial_objectstorage.py
[2026-05-24T15:08:25.714+0000] {logging_mixin.py:188} INFO - [2026-05-24T15:08:25.714+0000] {dag.py:3096} INFO - Sync 1 DAGs
[2026-05-24T15:08:25.721+0000] {logging_mixin.py:188} INFO - [2026-05-24T15:08:25.721+0000] {dag.py:3954} INFO - Setting next_dagrun for tutorial_objectstorage to None, run_after=None
[2026-05-24T15:08:25.739+0000] {processor.py:183} INFO - Processing /home/varn1t/ml-pipeline/venv/lib/python3.11/site-packages/airflow/example_dags/tutorial_objectstorage.py took 0.049 seconds
[2026-05-24T15:09:05.428+0000] {processor.py:161} INFO - Started process (PID=35212) to work on /home/varn1t/ml-pipeline/venv/lib/python3.11/site-packages/airflow/example_dags/tutorial_objectstorage.py
[2026-05-24T15:09:05.429+0000] {processor.py:830} INFO - Processing file /home/varn1t/ml-pipeline/venv/lib/python3.11/site-packages/airflow/example_dags/tutorial_objectstorage.py for tasks to queue
[2026-05-24T15:09:05.430+0000] {logging_mixin.py:188} INFO - [2026-05-24T15:09:05.430+0000] {dagbag.py:545} INFO - Filling up the DagBag from /home/varn1t/ml-pipeline/venv/lib/python3.11/site-packages/airflow/example_dags/tutorial_objectstorage.py
[2026-05-24T15:09:05.436+0000] {processor.py:840} INFO - DAG(s) 'tutorial_objectstorage' retrieved from /home/varn1t/ml-pipeline/venv/lib/python3.11/site-packages/airflow/example_dags/tutorial_objectstorage.py
[2026-05-24T15:09:05.447+0000] {logging_mixin.py:188} INFO - [2026-05-24T15:09:05.447+0000] {dag.py:3096} INFO - Sync 1 DAGs
[2026-05-24T15:09:05.456+0000] {logging_mixin.py:188} INFO - [2026-05-24T15:09:05.456+0000] {dag.py:3954} INFO - Setting next_dagrun for tutorial_objectstorage to None, run_after=None
[2026-05-24T15:09:05.475+0000] {processor.py:183} INFO - Processing /home/varn1t/ml-pipeline/venv/lib/python3.11/site-packages/airflow/example_dags/tutorial_objectstorage.py took 0.052 seconds
[2026-05-24T15:09:48.947+0000] {processor.py:161} INFO - Started process (PID=35402) to work on /home/varn1t/ml-pipeline/venv/lib/python3.11/site-packages/airflow/example_dags/tutorial_objectstorage.py
[2026-05-24T15:09:48.948+0000] {processor.py:830} INFO - Processing file /home/varn1t/ml-pipeline/venv/lib/python3.11/site-packages/airflow/example_dags/tutorial_objectstorage.py for tasks to queue
[2026-05-24T15:09:48.949+0000] {logging_mixin.py:188} INFO - [2026-05-24T15:09:48.948+0000] {dagbag.py:545} INFO - Filling up the DagBag from /home/varn1t/ml-pipeline/venv/lib/python3.11/site-packages/airflow/example_dags/tutorial_objectstorage.py
[2026-05-24T15:09:48.954+0000] {processor.py:840} INFO - DAG(s) 'tutorial_objectstorage' retrieved from /home/varn1t/ml-pipeline/venv/lib/python3.11/site-packages/airflow/example_dags/tutorial_objectstorage.py
[2026-05-24T15:09:48.964+0000] {logging_mixin.py:188} INFO - [2026-05-24T15:09:48.963+0000] {dag.py:3096} INFO - Sync 1 DAGs
[2026-05-24T15:09:48.970+0000] {logging_mixin.py:188} INFO - [2026-05-24T15:09:48.970+0000] {dag.py:3954} INFO - Setting next_dagrun for tutorial_objectstorage to None, run_after=None
[2026-05-24T15:09:48.985+0000] {processor.py:183} INFO - Processing /home/varn1t/ml-pipeline/venv/lib/python3.11/site-packages/airflow/example_dags/tutorial_objectstorage.py took 0.044 seconds
[2026-05-24T15:10:30.539+0000] {processor.py:161} INFO - Started process (PID=35587) to work on /home/varn1t/ml-pipeline/venv/lib/python3.11/site-packages/airflow/example_dags/tutorial_objectstorage.py
[2026-05-24T15:10:30.541+0000] {processor.py:830} INFO - Processing file /home/varn1t/ml-pipeline/venv/lib/python3.11/site-packages/airflow/example_dags/tutorial_objectstorage.py for tasks to queue
[2026-05-24T15:10:30.541+0000] {logging_mixin.py:188} INFO - [2026-05-24T15:10:30.541+0000] {dagbag.py:545} INFO - Filling up the DagBag from /home/varn1t/ml-pipeline/venv/lib/python3.11/site-packages/airflow/example_dags/tutorial_objectstorage.py
[2026-05-24T15:10:30.547+0000] {processor.py:840} INFO - DAG(s) 'tutorial_objectstorage' retrieved from /home/varn1t/ml-pipeline/venv/lib/python3.11/site-packages/airflow/example_dags/tutorial_objectstorage.py
[2026-05-24T15:10:30.559+0000] {logging_mixin.py:188} INFO - [2026-05-24T15:10:30.559+0000] {dag.py:3096} INFO - Sync 1 DAGs
[2026-05-24T15:10:30.567+0000] {logging_mixin.py:188} INFO - [2026-05-24T15:10:30.567+0000] {dag.py:3954} INFO - Setting next_dagrun for tutorial_objectstorage to None, run_after=None
[2026-05-24T15:10:30.585+0000] {processor.py:183} INFO - Processing /home/varn1t/ml-pipeline/venv/lib/python3.11/site-packages/airflow/example_dags/tutorial_objectstorage.py took 0.051 seconds
[2026-05-24T15:11:16.595+0000] {processor.py:161} INFO - Started process (PID=35783) to work on /home/varn1t/ml-pipeline/venv/lib/python3.11/site-packages/airflow/example_dags/tutorial_objectstorage.py
[2026-05-24T15:11:16.596+0000] {processor.py:830} INFO - Processing file /home/varn1t/ml-pipeline/venv/lib/python3.11/site-packages/airflow/example_dags/tutorial_objectstorage.py for tasks to queue
[2026-05-24T15:11:16.597+0000] {logging_mixin.py:188} INFO - [2026-05-24T15:11:16.597+0000] {dagbag.py:545} INFO - Filling up the DagBag from /home/varn1t/ml-pipeline/venv/lib/python3.11/site-packages/airflow/example_dags/tutorial_objectstorage.py
[2026-05-24T15:11:16.604+0000] {processor.py:840} INFO - DAG(s) 'tutorial_objectstorage' retrieved from /home/varn1t/ml-pipeline/venv/lib/python3.11/site-packages/airflow/example_dags/tutorial_objectstorage.py
[2026-05-24T15:11:16.616+0000] {logging_mixin.py:188} INFO - [2026-05-24T15:11:16.616+0000] {dag.py:3096} INFO - Sync 1 DAGs
[2026-05-24T15:11:16.623+0000] {logging_mixin.py:188} INFO - [2026-05-24T15:11:16.623+0000] {dag.py:3954} INFO - Setting next_dagrun for tutorial_objectstorage to None, run_after=None
[2026-05-24T15:11:16.639+0000] {processor.py:183} INFO - Processing /home/varn1t/ml-pipeline/venv/lib/python3.11/site-packages/airflow/example_dags/tutorial_objectstorage.py took 0.051 seconds
[2026-05-24T15:11:55.453+0000] {processor.py:161} INFO - Started process (PID=35962) to work on /home/varn1t/ml-pipeline/venv/lib/python3.11/site-packages/airflow/example_dags/tutorial_objectstorage.py
[2026-05-24T15:11:55.453+0000] {processor.py:830} INFO - Processing file /home/varn1t/ml-pipeline/venv/lib/python3.11/site-packages/airflow/example_dags/tutorial_objectstorage.py for tasks to queue
[2026-05-24T15:11:55.454+0000] {logging_mixin.py:188} INFO - [2026-05-24T15:11:55.454+0000] {dagbag.py:545} INFO - Filling up the DagBag from /home/varn1t/ml-pipeline/venv/lib/python3.11/site-packages/airflow/example_dags/tutorial_objectstorage.py
[2026-05-24T15:11:55.461+0000] {processor.py:840} INFO - DAG(s) 'tutorial_objectstorage' retrieved from /home/varn1t/ml-pipeline/venv/lib/python3.11/site-packages/airflow/example_dags/tutorial_objectstorage.py
[2026-05-24T15:11:55.473+0000] {logging_mixin.py:188} INFO - [2026-05-24T15:11:55.473+0000] {dag.py:3096} INFO - Sync 1 DAGs
[2026-05-24T15:11:55.483+0000] {logging_mixin.py:188} INFO - [2026-05-24T15:11:55.483+0000] {dag.py:3954} INFO - Setting next_dagrun for tutorial_objectstorage to None, run_after=None
[2026-05-24T15:11:55.502+0000] {processor.py:183} INFO - Processing /home/varn1t/ml-pipeline/venv/lib/python3.11/site-packages/airflow/example_dags/tutorial_objectstorage.py took 0.057 seconds
[2026-05-24T15:12:38.127+0000] {processor.py:161} INFO - Started process (PID=36145) to work on /home/varn1t/ml-pipeline/venv/lib/python3.11/site-packages/airflow/example_dags/tutorial_objectstorage.py
[2026-05-24T15:12:38.128+0000] {processor.py:830} INFO - Processing file /home/varn1t/ml-pipeline/venv/lib/python3.11/site-packages/airflow/example_dags/tutorial_objectstorage.py for tasks to queue
[2026-05-24T15:12:38.129+0000] {logging_mixin.py:188} INFO - [2026-05-24T15:12:38.129+0000] {dagbag.py:545} INFO - Filling up the DagBag from /home/varn1t/ml-pipeline/venv/lib/python3.11/site-packages/airflow/example_dags/tutorial_objectstorage.py
[2026-05-24T15:12:38.135+0000] {processor.py:840} INFO - DAG(s) 'tutorial_objectstorage' retrieved from /home/varn1t/ml-pipeline/venv/lib/python3.11/site-packages/airflow/example_dags/tutorial_objectstorage.py
[2026-05-24T15:12:38.147+0000] {logging_mixin.py:188} INFO - [2026-05-24T15:12:38.147+0000] {dag.py:3096} INFO - Sync 1 DAGs
[2026-05-24T15:12:38.154+0000] {logging_mixin.py:188} INFO - [2026-05-24T15:12:38.153+0000] {dag.py:3954} INFO - Setting next_dagrun for tutorial_objectstorage to None, run_after=None
[2026-05-24T15:12:38.171+0000] {processor.py:183} INFO - Processing /home/varn1t/ml-pipeline/venv/lib/python3.11/site-packages/airflow/example_dags/tutorial_objectstorage.py took 0.051 seconds
[2026-05-24T15:13:21.054+0000] {processor.py:161} INFO - Started process (PID=36358) to work on /home/varn1t/ml-pipeline/venv/lib/python3.11/site-packages/airflow/example_dags/tutorial_objectstorage.py
[2026-05-24T15:13:21.055+0000] {processor.py:830} INFO - Processing file /home/varn1t/ml-pipeline/venv/lib/python3.11/site-packages/airflow/example_dags/tutorial_objectstorage.py for tasks to queue
[2026-05-24T15:13:21.055+0000] {logging_mixin.py:188} INFO - [2026-05-24T15:13:21.055+0000] {dagbag.py:545} INFO - Filling up the DagBag from /home/varn1t/ml-pipeline/venv/lib/python3.11/site-packages/airflow/example_dags/tutorial_objectstorage.py
[2026-05-24T15:13:21.061+0000] {processor.py:840} INFO - DAG(s) 'tutorial_objectstorage' retrieved from /home/varn1t/ml-pipeline/venv/lib/python3.11/site-packages/airflow/example_dags/tutorial_objectstorage.py
[2026-05-24T15:13:21.077+0000] {logging_mixin.py:188} INFO - [2026-05-24T15:13:21.077+0000] {dag.py:3096} INFO - Sync 1 DAGs
[2026-05-24T15:13:21.084+0000] {logging_mixin.py:188} INFO - [2026-05-24T15:13:21.084+0000] {dag.py:3954} INFO - Setting next_dagrun for tutorial_objectstorage to None, run_after=None
[2026-05-24T15:13:21.099+0000] {processor.py:183} INFO - Processing /home/varn1t/ml-pipeline/venv/lib/python3.11/site-packages/airflow/example_dags/tutorial_objectstorage.py took 0.051 seconds
[2026-05-24T15:14:02.286+0000] {processor.py:161} INFO - Started process (PID=36568) to work on /home/varn1t/ml-pipeline/venv/lib/python3.11/site-packages/airflow/example_dags/tutorial_objectstorage.py
[2026-05-24T15:14:02.287+0000] {processor.py:830} INFO - Processing file /home/varn1t/ml-pipeline/venv/lib/python3.11/site-packages/airflow/example_dags/tutorial_objectstorage.py for tasks to queue
[2026-05-24T15:14:02.287+0000] {logging_mixin.py:188} INFO - [2026-05-24T15:14:02.287+0000] {dagbag.py:545} INFO - Filling up the DagBag from /home/varn1t/ml-pipeline/venv/lib/python3.11/site-packages/airflow/example_dags/tutorial_objectstorage.py
[2026-05-24T15:14:02.292+0000] {processor.py:840} INFO - DAG(s) 'tutorial_objectstorage' retrieved from /home/varn1t/ml-pipeline/venv/lib/python3.11/site-packages/airflow/example_dags/tutorial_objectstorage.py
[2026-05-24T15:14:02.304+0000] {logging_mixin.py:188} INFO - [2026-05-24T15:14:02.303+0000] {dag.py:3096} INFO - Sync 1 DAGs
[2026-05-24T15:14:02.314+0000] {logging_mixin.py:188} INFO - [2026-05-24T15:14:02.314+0000] {dag.py:3954} INFO - Setting next_dagrun for tutorial_objectstorage to None, run_after=None
[2026-05-24T15:14:02.332+0000] {processor.py:183} INFO - Processing /home/varn1t/ml-pipeline/venv/lib/python3.11/site-packages/airflow/example_dags/tutorial_objectstorage.py took 0.053 seconds
[2026-05-24T15:14:39.158+0000] {processor.py:161} INFO - Started process (PID=36733) to work on /home/varn1t/ml-pipeline/venv/lib/python3.11/site-packages/airflow/example_dags/tutorial_objectstorage.py
[2026-05-24T15:14:39.159+0000] {processor.py:830} INFO - Processing file /home/varn1t/ml-pipeline/venv/lib/python3.11/site-packages/airflow/example_dags/tutorial_objectstorage.py for tasks to queue
[2026-05-24T15:14:39.159+0000] {logging_mixin.py:188} INFO - [2026-05-24T15:14:39.159+0000] {dagbag.py:545} INFO - Filling up the DagBag from /home/varn1t/ml-pipeline/venv/lib/python3.11/site-packages/airflow/example_dags/tutorial_objectstorage.py
[2026-05-24T15:14:39.165+0000] {processor.py:840} INFO - DAG(s) 'tutorial_objectstorage' retrieved from /home/varn1t/ml-pipeline/venv/lib/python3.11/site-packages/airflow/example_dags/tutorial_objectstorage.py
[2026-05-24T15:14:39.177+0000] {logging_mixin.py:188} INFO - [2026-05-24T15:14:39.176+0000] {dag.py:3096} INFO - Sync 1 DAGs
[2026-05-24T15:14:39.188+0000] {logging_mixin.py:188} INFO - [2026-05-24T15:14:39.187+0000] {dag.py:3954} INFO - Setting next_dagrun for tutorial_objectstorage to None, run_after=None
[2026-05-24T15:14:39.207+0000] {processor.py:183} INFO - Processing /home/varn1t/ml-pipeline/venv/lib/python3.11/site-packages/airflow/example_dags/tutorial_objectstorage.py took 0.055 seconds
[2026-05-24T15:15:19.926+0000] {processor.py:161} INFO - Started process (PID=36912) to work on /home/varn1t/ml-pipeline/venv/lib/python3.11/site-packages/airflow/example_dags/tutorial_objectstorage.py
[2026-05-24T15:15:19.927+0000] {processor.py:830} INFO - Processing file /home/varn1t/ml-pipeline/venv/lib/python3.11/site-packages/airflow/example_dags/tutorial_objectstorage.py for tasks to queue
[2026-05-24T15:15:19.927+0000] {logging_mixin.py:188} INFO - [2026-05-24T15:15:19.927+0000] {dagbag.py:545} INFO - Filling up the DagBag from /home/varn1t/ml-pipeline/venv/lib/python3.11/site-packages/airflow/example_dags/tutorial_objectstorage.py
[2026-05-24T15:15:19.934+0000] {processor.py:840} INFO - DAG(s) 'tutorial_objectstorage' retrieved from /home/varn1t/ml-pipeline/venv/lib/python3.11/site-packages/airflow/example_dags/tutorial_objectstorage.py
[2026-05-24T15:15:19.943+0000] {logging_mixin.py:188} INFO - [2026-05-24T15:15:19.943+0000] {dag.py:3096} INFO - Sync 1 DAGs
[2026-05-24T15:15:19.950+0000] {logging_mixin.py:188} INFO - [2026-05-24T15:15:19.950+0000] {dag.py:3954} INFO - Setting next_dagrun for tutorial_objectstorage to None, run_after=None
[2026-05-24T15:15:19.966+0000] {processor.py:183} INFO - Processing /home/varn1t/ml-pipeline/venv/lib/python3.11/site-packages/airflow/example_dags/tutorial_objectstorage.py took 0.045 seconds
[2026-05-24T15:15:59.312+0000] {processor.py:161} INFO - Started process (PID=37086) to work on /home/varn1t/ml-pipeline/venv/lib/python3.11/site-packages/airflow/example_dags/tutorial_objectstorage.py
[2026-05-24T15:15:59.313+0000] {processor.py:830} INFO - Processing file /home/varn1t/ml-pipeline/venv/lib/python3.11/site-packages/airflow/example_dags/tutorial_objectstorage.py for tasks to queue
[2026-05-24T15:15:59.314+0000] {logging_mixin.py:188} INFO - [2026-05-24T15:15:59.313+0000] {dagbag.py:545} INFO - Filling up the DagBag from /home/varn1t/ml-pipeline/venv/lib/python3.11/site-packages/airflow/example_dags/tutorial_objectstorage.py
[2026-05-24T15:15:59.321+0000] {processor.py:840} INFO - DAG(s) 'tutorial_objectstorage' retrieved from /home/varn1t/ml-pipeline/venv/lib/python3.11/site-packages/airflow/example_dags/tutorial_objectstorage.py
[2026-05-24T15:15:59.337+0000] {logging_mixin.py:188} INFO - [2026-05-24T15:15:59.337+0000] {dag.py:3096} INFO - Sync 1 DAGs
[2026-05-24T15:15:59.347+0000] {logging_mixin.py:188} INFO - [2026-05-24T15:15:59.347+0000] {dag.py:3954} INFO - Setting next_dagrun for tutorial_objectstorage to None, run_after=None
[2026-05-24T15:15:59.369+0000] {processor.py:183} INFO - Processing /home/varn1t/ml-pipeline/venv/lib/python3.11/site-packages/airflow/example_dags/tutorial_objectstorage.py took 0.065 seconds
[2026-05-24T15:16:39.261+0000] {processor.py:161} INFO - Started process (PID=37266) to work on /home/varn1t/ml-pipeline/venv/lib/python3.11/site-packages/airflow/example_dags/tutorial_objectstorage.py
[2026-05-24T15:16:39.262+0000] {processor.py:830} INFO - Processing file /home/varn1t/ml-pipeline/venv/lib/python3.11/site-packages/airflow/example_dags/tutorial_objectstorage.py for tasks to queue
[2026-05-24T15:16:39.263+0000] {logging_mixin.py:188} INFO - [2026-05-24T15:16:39.262+0000] {dagbag.py:545} INFO - Filling up the DagBag from /home/varn1t/ml-pipeline/venv/lib/python3.11/site-packages/airflow/example_dags/tutorial_objectstorage.py
[2026-05-24T15:16:39.269+0000] {processor.py:840} INFO - DAG(s) 'tutorial_objectstorage' retrieved from /home/varn1t/ml-pipeline/venv/lib/python3.11/site-packages/airflow/example_dags/tutorial_objectstorage.py
[2026-05-24T15:16:39.281+0000] {logging_mixin.py:188} INFO - [2026-05-24T15:16:39.281+0000] {dag.py:3096} INFO - Sync 1 DAGs
[2026-05-24T15:16:39.289+0000] {logging_mixin.py:188} INFO - [2026-05-24T15:16:39.289+0000] {dag.py:3954} INFO - Setting next_dagrun for tutorial_objectstorage to None, run_after=None
[2026-05-24T15:16:39.304+0000] {processor.py:183} INFO - Processing /home/varn1t/ml-pipeline/venv/lib/python3.11/site-packages/airflow/example_dags/tutorial_objectstorage.py took 0.051 seconds
[2026-05-24T15:17:18.078+0000] {processor.py:161} INFO - Started process (PID=37581) to work on /home/varn1t/ml-pipeline/venv/lib/python3.11/site-packages/airflow/example_dags/tutorial_objectstorage.py
[2026-05-24T15:17:18.078+0000] {processor.py:830} INFO - Processing file /home/varn1t/ml-pipeline/venv/lib/python3.11/site-packages/airflow/example_dags/tutorial_objectstorage.py for tasks to queue
[2026-05-24T15:17:18.079+0000] {logging_mixin.py:188} INFO - [2026-05-24T15:17:18.079+0000] {dagbag.py:545} INFO - Filling up the DagBag from /home/varn1t/ml-pipeline/venv/lib/python3.11/site-packages/airflow/example_dags/tutorial_objectstorage.py
[2026-05-24T15:17:18.084+0000] {processor.py:840} INFO - DAG(s) 'tutorial_objectstorage' retrieved from /home/varn1t/ml-pipeline/venv/lib/python3.11/site-packages/airflow/example_dags/tutorial_objectstorage.py
[2026-05-24T15:17:18.093+0000] {logging_mixin.py:188} INFO - [2026-05-24T15:17:18.092+0000] {dag.py:3096} INFO - Sync 1 DAGs
[2026-05-24T15:17:18.099+0000] {logging_mixin.py:188} INFO - [2026-05-24T15:17:18.099+0000] {dag.py:3954} INFO - Setting next_dagrun for tutorial_objectstorage to None, run_after=None
[2026-05-24T15:17:18.112+0000] {processor.py:183} INFO - Processing /home/varn1t/ml-pipeline/venv/lib/python3.11/site-packages/airflow/example_dags/tutorial_objectstorage.py took 0.040 seconds
[2026-05-24T15:17:58.469+0000] {processor.py:161} INFO - Started process (PID=37813) to work on /home/varn1t/ml-pipeline/venv/lib/python3.11/site-packages/airflow/example_dags/tutorial_objectstorage.py
[2026-05-24T15:17:58.470+0000] {processor.py:830} INFO - Processing file /home/varn1t/ml-pipeline/venv/lib/python3.11/site-packages/airflow/example_dags/tutorial_objectstorage.py for tasks to queue
[2026-05-24T15:17:58.470+0000] {logging_mixin.py:188} INFO - [2026-05-24T15:17:58.470+0000] {dagbag.py:545} INFO - Filling up the DagBag from /home/varn1t/ml-pipeline/venv/lib/python3.11/site-packages/airflow/example_dags/tutorial_objectstorage.py
[2026-05-24T15:17:58.476+0000] {processor.py:840} INFO - DAG(s) 'tutorial_objectstorage' retrieved from /home/varn1t/ml-pipeline/venv/lib/python3.11/site-packages/airflow/example_dags/tutorial_objectstorage.py
[2026-05-24T15:17:58.485+0000] {logging_mixin.py:188} INFO - [2026-05-24T15:17:58.485+0000] {dag.py:3096} INFO - Sync 1 DAGs
[2026-05-24T15:17:58.492+0000] {logging_mixin.py:188} INFO - [2026-05-24T15:17:58.492+0000] {dag.py:3954} INFO - Setting next_dagrun for tutorial_objectstorage to None, run_after=None
[2026-05-24T15:17:58.509+0000] {processor.py:183} INFO - Processing /home/varn1t/ml-pipeline/venv/lib/python3.11/site-packages/airflow/example_dags/tutorial_objectstorage.py took 0.046 seconds
[2026-05-24T15:18:37.486+0000] {processor.py:161} INFO - Started process (PID=38245) to work on /home/varn1t/ml-pipeline/venv/lib/python3.11/site-packages/airflow/example_dags/tutorial_objectstorage.py
[2026-05-24T15:18:37.487+0000] {processor.py:830} INFO - Processing file /home/varn1t/ml-pipeline/venv/lib/python3.11/site-packages/airflow/example_dags/tutorial_objectstorage.py for tasks to queue
[2026-05-24T15:18:37.487+0000] {logging_mixin.py:188} INFO - [2026-05-24T15:18:37.487+0000] {dagbag.py:545} INFO - Filling up the DagBag from /home/varn1t/ml-pipeline/venv/lib/python3.11/site-packages/airflow/example_dags/tutorial_objectstorage.py
[2026-05-24T15:18:37.496+0000] {processor.py:840} INFO - DAG(s) 'tutorial_objectstorage' retrieved from /home/varn1t/ml-pipeline/venv/lib/python3.11/site-packages/airflow/example_dags/tutorial_objectstorage.py
[2026-05-24T15:18:37.509+0000] {logging_mixin.py:188} INFO - [2026-05-24T15:18:37.508+0000] {dag.py:3096} INFO - Sync 1 DAGs
[2026-05-24T15:18:37.517+0000] {logging_mixin.py:188} INFO - [2026-05-24T15:18:37.517+0000] {dag.py:3954} INFO - Setting next_dagrun for tutorial_objectstorage to None, run_after=None
[2026-05-24T15:18:37.532+0000] {processor.py:183} INFO - Processing /home/varn1t/ml-pipeline/venv/lib/python3.11/site-packages/airflow/example_dags/tutorial_objectstorage.py took 0.053 seconds
[2026-05-24T15:19:16.879+0000] {processor.py:161} INFO - Started process (PID=38704) to work on /home/varn1t/ml-pipeline/venv/lib/python3.11/site-packages/airflow/example_dags/tutorial_objectstorage.py
[2026-05-24T15:19:16.880+0000] {processor.py:830} INFO - Processing file /home/varn1t/ml-pipeline/venv/lib/python3.11/site-packages/airflow/example_dags/tutorial_objectstorage.py for tasks to queue
[2026-05-24T15:19:16.880+0000] {logging_mixin.py:188} INFO - [2026-05-24T15:19:16.880+0000] {dagbag.py:545} INFO - Filling up the DagBag from /home/varn1t/ml-pipeline/venv/lib/python3.11/site-packages/airflow/example_dags/tutorial_objectstorage.py
[2026-05-24T15:19:16.886+0000] {processor.py:840} INFO - DAG(s) 'tutorial_objectstorage' retrieved from /home/varn1t/ml-pipeline/venv/lib/python3.11/site-packages/airflow/example_dags/tutorial_objectstorage.py
[2026-05-24T15:19:16.896+0000] {logging_mixin.py:188} INFO - [2026-05-24T15:19:16.896+0000] {dag.py:3096} INFO - Sync 1 DAGs
[2026-05-24T15:19:16.903+0000] {logging_mixin.py:188} INFO - [2026-05-24T15:19:16.903+0000] {dag.py:3954} INFO - Setting next_dagrun for tutorial_objectstorage to None, run_after=None
[2026-05-24T15:19:16.920+0000] {processor.py:183} INFO - Processing /home/varn1t/ml-pipeline/venv/lib/python3.11/site-packages/airflow/example_dags/tutorial_objectstorage.py took 0.047 seconds
[2026-05-24T15:19:57.615+0000] {processor.py:161} INFO - Started process (PID=38894) to work on /home/varn1t/ml-pipeline/venv/lib/python3.11/site-packages/airflow/example_dags/tutorial_objectstorage.py
[2026-05-24T15:19:57.616+0000] {processor.py:830} INFO - Processing file /home/varn1t/ml-pipeline/venv/lib/python3.11/site-packages/airflow/example_dags/tutorial_objectstorage.py for tasks to queue
[2026-05-24T15:19:57.616+0000] {logging_mixin.py:188} INFO - [2026-05-24T15:19:57.616+0000] {dagbag.py:545} INFO - Filling up the DagBag from /home/varn1t/ml-pipeline/venv/lib/python3.11/site-packages/airflow/example_dags/tutorial_objectstorage.py
[2026-05-24T15:19:57.623+0000] {processor.py:840} INFO - DAG(s) 'tutorial_objectstorage' retrieved from /home/varn1t/ml-pipeline/venv/lib/python3.11/site-packages/airflow/example_dags/tutorial_objectstorage.py
[2026-05-24T15:19:57.634+0000] {logging_mixin.py:188} INFO - [2026-05-24T15:19:57.634+0000] {dag.py:3096} INFO - Sync 1 DAGs
[2026-05-24T15:19:57.641+0000] {logging_mixin.py:188} INFO - [2026-05-24T15:19:57.641+0000] {dag.py:3954} INFO - Setting next_dagrun for tutorial_objectstorage to None, run_after=None
[2026-05-24T15:19:57.658+0000] {processor.py:183} INFO - Processing /home/varn1t/ml-pipeline/venv/lib/python3.11/site-packages/airflow/example_dags/tutorial_objectstorage.py took 0.049 seconds
[2026-05-24T15:20:42.036+0000] {processor.py:161} INFO - Started process (PID=39089) to work on /home/varn1t/ml-pipeline/venv/lib/python3.11/site-packages/airflow/example_dags/tutorial_objectstorage.py
[2026-05-24T15:20:42.038+0000] {processor.py:830} INFO - Processing file /home/varn1t/ml-pipeline/venv/lib/python3.11/site-packages/airflow/example_dags/tutorial_objectstorage.py for tasks to queue
[2026-05-24T15:20:42.038+0000] {logging_mixin.py:188} INFO - [2026-05-24T15:20:42.038+0000] {dagbag.py:545} INFO - Filling up the DagBag from /home/varn1t/ml-pipeline/venv/lib/python3.11/site-packages/airflow/example_dags/tutorial_objectstorage.py
[2026-05-24T15:20:42.045+0000] {processor.py:840} INFO - DAG(s) 'tutorial_objectstorage' retrieved from /home/varn1t/ml-pipeline/venv/lib/python3.11/site-packages/airflow/example_dags/tutorial_objectstorage.py
[2026-05-24T15:20:42.055+0000] {logging_mixin.py:188} INFO - [2026-05-24T15:20:42.054+0000] {dag.py:3096} INFO - Sync 1 DAGs
[2026-05-24T15:20:42.062+0000] {logging_mixin.py:188} INFO - [2026-05-24T15:20:42.062+0000] {dag.py:3954} INFO - Setting next_dagrun for tutorial_objectstorage to None, run_after=None
[2026-05-24T15:20:42.080+0000] {processor.py:183} INFO - Processing /home/varn1t/ml-pipeline/venv/lib/python3.11/site-packages/airflow/example_dags/tutorial_objectstorage.py took 0.051 seconds
[2026-05-24T15:21:24.285+0000] {processor.py:161} INFO - Started process (PID=39275) to work on /home/varn1t/ml-pipeline/venv/lib/python3.11/site-packages/airflow/example_dags/tutorial_objectstorage.py
[2026-05-24T15:21:24.286+0000] {processor.py:830} INFO - Processing file /home/varn1t/ml-pipeline/venv/lib/python3.11/site-packages/airflow/example_dags/tutorial_objectstorage.py for tasks to queue
[2026-05-24T15:21:24.287+0000] {logging_mixin.py:188} INFO - [2026-05-24T15:21:24.286+0000] {dagbag.py:545} INFO - Filling up the DagBag from /home/varn1t/ml-pipeline/venv/lib/python3.11/site-packages/airflow/example_dags/tutorial_objectstorage.py
[2026-05-24T15:21:24.293+0000] {processor.py:840} INFO - DAG(s) 'tutorial_objectstorage' retrieved from /home/varn1t/ml-pipeline/venv/lib/python3.11/site-packages/airflow/example_dags/tutorial_objectstorage.py
[2026-05-24T15:21:24.304+0000] {logging_mixin.py:188} INFO - [2026-05-24T15:21:24.304+0000] {dag.py:3096} INFO - Sync 1 DAGs
[2026-05-24T15:21:24.312+0000] {logging_mixin.py:188} INFO - [2026-05-24T15:21:24.312+0000] {dag.py:3954} INFO - Setting next_dagrun for tutorial_objectstorage to None, run_after=None
[2026-05-24T15:21:24.329+0000] {processor.py:183} INFO - Processing /home/varn1t/ml-pipeline/venv/lib/python3.11/site-packages/airflow/example_dags/tutorial_objectstorage.py took 0.050 seconds
[2026-05-24T15:22:02.292+0000] {processor.py:161} INFO - Started process (PID=39550) to work on /home/varn1t/ml-pipeline/venv/lib/python3.11/site-packages/airflow/example_dags/tutorial_objectstorage.py
[2026-05-24T15:22:02.293+0000] {processor.py:830} INFO - Processing file /home/varn1t/ml-pipeline/venv/lib/python3.11/site-packages/airflow/example_dags/tutorial_objectstorage.py for tasks to queue
[2026-05-24T15:22:02.294+0000] {logging_mixin.py:188} INFO - [2026-05-24T15:22:02.294+0000] {dagbag.py:545} INFO - Filling up the DagBag from /home/varn1t/ml-pipeline/venv/lib/python3.11/site-packages/airflow/example_dags/tutorial_objectstorage.py
[2026-05-24T15:22:02.300+0000] {processor.py:840} INFO - DAG(s) 'tutorial_objectstorage' retrieved from /home/varn1t/ml-pipeline/venv/lib/python3.11/site-packages/airflow/example_dags/tutorial_objectstorage.py
[2026-05-24T15:22:02.310+0000] {logging_mixin.py:188} INFO - [2026-05-24T15:22:02.310+0000] {dag.py:3096} INFO - Sync 1 DAGs
[2026-05-24T15:22:02.317+0000] {logging_mixin.py:188} INFO - [2026-05-24T15:22:02.317+0000] {dag.py:3954} INFO - Setting next_dagrun for tutorial_objectstorage to None, run_after=None
[2026-05-24T15:22:02.333+0000] {processor.py:183} INFO - Processing /home/varn1t/ml-pipeline/venv/lib/python3.11/site-packages/airflow/example_dags/tutorial_objectstorage.py took 0.047 seconds
[2026-05-24T15:22:43.379+0000] {processor.py:161} INFO - Started process (PID=39876) to work on /home/varn1t/ml-pipeline/venv/lib/python3.11/site-packages/airflow/example_dags/tutorial_objectstorage.py
[2026-05-24T15:22:43.380+0000] {processor.py:830} INFO - Processing file /home/varn1t/ml-pipeline/venv/lib/python3.11/site-packages/airflow/example_dags/tutorial_objectstorage.py for tasks to queue
[2026-05-24T15:22:43.381+0000] {logging_mixin.py:188} INFO - [2026-05-24T15:22:43.381+0000] {dagbag.py:545} INFO - Filling up the DagBag from /home/varn1t/ml-pipeline/venv/lib/python3.11/site-packages/airflow/example_dags/tutorial_objectstorage.py
[2026-05-24T15:22:43.386+0000] {processor.py:840} INFO - DAG(s) 'tutorial_objectstorage' retrieved from /home/varn1t/ml-pipeline/venv/lib/python3.11/site-packages/airflow/example_dags/tutorial_objectstorage.py
[2026-05-24T15:22:43.395+0000] {logging_mixin.py:188} INFO - [2026-05-24T15:22:43.395+0000] {dag.py:3096} INFO - Sync 1 DAGs
[2026-05-24T15:22:43.402+0000] {logging_mixin.py:188} INFO - [2026-05-24T15:22:43.402+0000] {dag.py:3954} INFO - Setting next_dagrun for tutorial_objectstorage to None, run_after=None
[2026-05-24T15:22:43.419+0000] {processor.py:183} INFO - Processing /home/varn1t/ml-pipeline/venv/lib/python3.11/site-packages/airflow/example_dags/tutorial_objectstorage.py took 0.045 seconds
[2026-05-24T15:23:24.471+0000] {processor.py:161} INFO - Started process (PID=40278) to work on /home/varn1t/ml-pipeline/venv/lib/python3.11/site-packages/airflow/example_dags/tutorial_objectstorage.py
[2026-05-24T15:23:24.472+0000] {processor.py:830} INFO - Processing file /home/varn1t/ml-pipeline/venv/lib/python3.11/site-packages/airflow/example_dags/tutorial_objectstorage.py for tasks to queue
[2026-05-24T15:23:24.472+0000] {logging_mixin.py:188} INFO - [2026-05-24T15:23:24.472+0000] {dagbag.py:545} INFO - Filling up the DagBag from /home/varn1t/ml-pipeline/venv/lib/python3.11/site-packages/airflow/example_dags/tutorial_objectstorage.py
[2026-05-24T15:23:24.479+0000] {processor.py:840} INFO - DAG(s) 'tutorial_objectstorage' retrieved from /home/varn1t/ml-pipeline/venv/lib/python3.11/site-packages/airflow/example_dags/tutorial_objectstorage.py
[2026-05-24T15:23:24.492+0000] {logging_mixin.py:188} INFO - [2026-05-24T15:23:24.492+0000] {dag.py:3096} INFO - Sync 1 DAGs
[2026-05-24T15:23:24.502+0000] {logging_mixin.py:188} INFO - [2026-05-24T15:23:24.502+0000] {dag.py:3954} INFO - Setting next_dagrun for tutorial_objectstorage to None, run_after=None
[2026-05-24T15:23:24.518+0000] {processor.py:183} INFO - Processing /home/varn1t/ml-pipeline/venv/lib/python3.11/site-packages/airflow/example_dags/tutorial_objectstorage.py took 0.055 seconds
[2026-05-24T15:24:07.812+0000] {processor.py:161} INFO - Started process (PID=40528) to work on /home/varn1t/ml-pipeline/venv/lib/python3.11/site-packages/airflow/example_dags/tutorial_objectstorage.py
[2026-05-24T15:24:07.814+0000] {processor.py:830} INFO - Processing file /home/varn1t/ml-pipeline/venv/lib/python3.11/site-packages/airflow/example_dags/tutorial_objectstorage.py for tasks to queue
[2026-05-24T15:24:07.814+0000] {logging_mixin.py:188} INFO - [2026-05-24T15:24:07.814+0000] {dagbag.py:545} INFO - Filling up the DagBag from /home/varn1t/ml-pipeline/venv/lib/python3.11/site-packages/airflow/example_dags/tutorial_objectstorage.py
[2026-05-24T15:24:07.821+0000] {processor.py:840} INFO - DAG(s) 'tutorial_objectstorage' retrieved from /home/varn1t/ml-pipeline/venv/lib/python3.11/site-packages/airflow/example_dags/tutorial_objectstorage.py
[2026-05-24T15:24:07.831+0000] {logging_mixin.py:188} INFO - [2026-05-24T15:24:07.831+0000] {dag.py:3096} INFO - Sync 1 DAGs
[2026-05-24T15:24:07.840+0000] {logging_mixin.py:188} INFO - [2026-05-24T15:24:07.840+0000] {dag.py:3954} INFO - Setting next_dagrun for tutorial_objectstorage to None, run_after=None
[2026-05-24T15:24:07.859+0000] {processor.py:183} INFO - Processing /home/varn1t/ml-pipeline/venv/lib/python3.11/site-packages/airflow/example_dags/tutorial_objectstorage.py took 0.054 seconds
[2026-05-24T15:24:49.944+0000] {processor.py:161} INFO - Started process (PID=40840) to work on /home/varn1t/ml-pipeline/venv/lib/python3.11/site-packages/airflow/example_dags/tutorial_objectstorage.py
[2026-05-24T15:24:49.946+0000] {processor.py:830} INFO - Processing file /home/varn1t/ml-pipeline/venv/lib/python3.11/site-packages/airflow/example_dags/tutorial_objectstorage.py for tasks to queue
[2026-05-24T15:24:49.947+0000] {logging_mixin.py:188} INFO - [2026-05-24T15:24:49.947+0000] {dagbag.py:545} INFO - Filling up the DagBag from /home/varn1t/ml-pipeline/venv/lib/python3.11/site-packages/airflow/example_dags/tutorial_objectstorage.py
[2026-05-24T15:24:49.953+0000] {processor.py:840} INFO - DAG(s) 'tutorial_objectstorage' retrieved from /home/varn1t/ml-pipeline/venv/lib/python3.11/site-packages/airflow/example_dags/tutorial_objectstorage.py
[2026-05-24T15:24:49.963+0000] {logging_mixin.py:188} INFO - [2026-05-24T15:24:49.963+0000] {dag.py:3096} INFO - Sync 1 DAGs
[2026-05-24T15:24:49.971+0000] {logging_mixin.py:188} INFO - [2026-05-24T15:24:49.970+0000] {dag.py:3954} INFO - Setting next_dagrun for tutorial_objectstorage to None, run_after=None
[2026-05-24T15:24:49.988+0000] {processor.py:183} INFO - Processing /home/varn1t/ml-pipeline/venv/lib/python3.11/site-packages/airflow/example_dags/tutorial_objectstorage.py took 0.049 seconds
[2026-05-24T15:25:57.225+0000] {processor.py:161} INFO - Started process (PID=42322) to work on /home/varn1t/ml-pipeline/venv/lib/python3.11/site-packages/airflow/example_dags/tutorial_objectstorage.py
[2026-05-24T15:25:57.226+0000] {processor.py:830} INFO - Processing file /home/varn1t/ml-pipeline/venv/lib/python3.11/site-packages/airflow/example_dags/tutorial_objectstorage.py for tasks to queue
[2026-05-24T15:25:57.226+0000] {logging_mixin.py:188} INFO - [2026-05-24T15:25:57.226+0000] {dagbag.py:545} INFO - Filling up the DagBag from /home/varn1t/ml-pipeline/venv/lib/python3.11/site-packages/airflow/example_dags/tutorial_objectstorage.py
[2026-05-24T15:25:57.231+0000] {processor.py:840} INFO - DAG(s) 'tutorial_objectstorage' retrieved from /home/varn1t/ml-pipeline/venv/lib/python3.11/site-packages/airflow/example_dags/tutorial_objectstorage.py
[2026-05-24T15:25:57.240+0000] {logging_mixin.py:188} INFO - [2026-05-24T15:25:57.240+0000] {dag.py:3096} INFO - Sync 1 DAGs
[2026-05-24T15:25:57.247+0000] {logging_mixin.py:188} INFO - [2026-05-24T15:25:57.247+0000] {dag.py:3954} INFO - Setting next_dagrun for tutorial_objectstorage to None, run_after=None
[2026-05-24T15:25:57.260+0000] {processor.py:183} INFO - Processing /home/varn1t/ml-pipeline/venv/lib/python3.11/site-packages/airflow/example_dags/tutorial_objectstorage.py took 0.041 seconds
[2026-05-24T15:26:34.156+0000] {processor.py:161} INFO - Started process (PID=42492) to work on /home/varn1t/ml-pipeline/venv/lib/python3.11/site-packages/airflow/example_dags/tutorial_objectstorage.py
[2026-05-24T15:26:34.157+0000] {processor.py:830} INFO - Processing file /home/varn1t/ml-pipeline/venv/lib/python3.11/site-packages/airflow/example_dags/tutorial_objectstorage.py for tasks to queue
[2026-05-24T15:26:34.157+0000] {logging_mixin.py:188} INFO - [2026-05-24T15:26:34.157+0000] {dagbag.py:545} INFO - Filling up the DagBag from /home/varn1t/ml-pipeline/venv/lib/python3.11/site-packages/airflow/example_dags/tutorial_objectstorage.py
[2026-05-24T15:26:34.163+0000] {processor.py:840} INFO - DAG(s) 'tutorial_objectstorage' retrieved from /home/varn1t/ml-pipeline/venv/lib/python3.11/site-packages/airflow/example_dags/tutorial_objectstorage.py
[2026-05-24T15:26:34.176+0000] {logging_mixin.py:188} INFO - [2026-05-24T15:26:34.176+0000] {dag.py:3096} INFO - Sync 1 DAGs
[2026-05-24T15:26:34.184+0000] {logging_mixin.py:188} INFO - [2026-05-24T15:26:34.183+0000] {dag.py:3954} INFO - Setting next_dagrun for tutorial_objectstorage to None, run_after=None
[2026-05-24T15:26:34.201+0000] {processor.py:183} INFO - Processing /home/varn1t/ml-pipeline/venv/lib/python3.11/site-packages/airflow/example_dags/tutorial_objectstorage.py took 0.052 seconds
[2026-05-24T15:27:15.132+0000] {processor.py:161} INFO - Started process (PID=42750) to work on /home/varn1t/ml-pipeline/venv/lib/python3.11/site-packages/airflow/example_dags/tutorial_objectstorage.py
[2026-05-24T15:27:15.133+0000] {processor.py:830} INFO - Processing file /home/varn1t/ml-pipeline/venv/lib/python3.11/site-packages/airflow/example_dags/tutorial_objectstorage.py for tasks to queue
[2026-05-24T15:27:15.134+0000] {logging_mixin.py:188} INFO - [2026-05-24T15:27:15.133+0000] {dagbag.py:545} INFO - Filling up the DagBag from /home/varn1t/ml-pipeline/venv/lib/python3.11/site-packages/airflow/example_dags/tutorial_objectstorage.py
[2026-05-24T15:27:15.139+0000] {processor.py:840} INFO - DAG(s) 'tutorial_objectstorage' retrieved from /home/varn1t/ml-pipeline/venv/lib/python3.11/site-packages/airflow/example_dags/tutorial_objectstorage.py
[2026-05-24T15:27:15.149+0000] {logging_mixin.py:188} INFO - [2026-05-24T15:27:15.149+0000] {dag.py:3096} INFO - Sync 1 DAGs
[2026-05-24T15:27:15.159+0000] {logging_mixin.py:188} INFO - [2026-05-24T15:27:15.159+0000] {dag.py:3954} INFO - Setting next_dagrun for tutorial_objectstorage to None, run_after=None
[2026-05-24T15:27:15.176+0000] {processor.py:183} INFO - Processing /home/varn1t/ml-pipeline/venv/lib/python3.11/site-packages/airflow/example_dags/tutorial_objectstorage.py took 0.049 seconds
[2026-05-24T15:27:58.285+0000] {processor.py:161} INFO - Started process (PID=43006) to work on /home/varn1t/ml-pipeline/venv/lib/python3.11/site-packages/airflow/example_dags/tutorial_objectstorage.py
[2026-05-24T15:27:58.286+0000] {processor.py:830} INFO - Processing file /home/varn1t/ml-pipeline/venv/lib/python3.11/site-packages/airflow/example_dags/tutorial_objectstorage.py for tasks to queue
[2026-05-24T15:27:58.287+0000] {logging_mixin.py:188} INFO - [2026-05-24T15:27:58.286+0000] {dagbag.py:545} INFO - Filling up the DagBag from /home/varn1t/ml-pipeline/venv/lib/python3.11/site-packages/airflow/example_dags/tutorial_objectstorage.py
[2026-05-24T15:27:58.292+0000] {processor.py:840} INFO - DAG(s) 'tutorial_objectstorage' retrieved from /home/varn1t/ml-pipeline/venv/lib/python3.11/site-packages/airflow/example_dags/tutorial_objectstorage.py
[2026-05-24T15:27:58.303+0000] {logging_mixin.py:188} INFO - [2026-05-24T15:27:58.303+0000] {dag.py:3096} INFO - Sync 1 DAGs
[2026-05-24T15:27:58.311+0000] {logging_mixin.py:188} INFO - [2026-05-24T15:27:58.311+0000] {dag.py:3954} INFO - Setting next_dagrun for tutorial_objectstorage to None, run_after=None
[2026-05-24T15:27:58.328+0000] {processor.py:183} INFO - Processing /home/varn1t/ml-pipeline/venv/lib/python3.11/site-packages/airflow/example_dags/tutorial_objectstorage.py took 0.049 seconds
[2026-05-24T15:29:12.353+0000] {processor.py:161} INFO - Started process (PID=43800) to work on /home/varn1t/ml-pipeline/venv/lib/python3.11/site-packages/airflow/example_dags/tutorial_objectstorage.py
[2026-05-24T15:29:12.354+0000] {processor.py:830} INFO - Processing file /home/varn1t/ml-pipeline/venv/lib/python3.11/site-packages/airflow/example_dags/tutorial_objectstorage.py for tasks to queue
[2026-05-24T15:29:12.354+0000] {logging_mixin.py:188} INFO - [2026-05-24T15:29:12.354+0000] {dagbag.py:545} INFO - Filling up the DagBag from /home/varn1t/ml-pipeline/venv/lib/python3.11/site-packages/airflow/example_dags/tutorial_objectstorage.py
[2026-05-24T15:29:12.361+0000] {processor.py:840} INFO - DAG(s) 'tutorial_objectstorage' retrieved from /home/varn1t/ml-pipeline/venv/lib/python3.11/site-packages/airflow/example_dags/tutorial_objectstorage.py
[2026-05-24T15:29:12.372+0000] {logging_mixin.py:188} INFO - [2026-05-24T15:29:12.371+0000] {dag.py:3096} INFO - Sync 1 DAGs
[2026-05-24T15:29:12.380+0000] {logging_mixin.py:188} INFO - [2026-05-24T15:29:12.379+0000] {dag.py:3954} INFO - Setting next_dagrun for tutorial_objectstorage to None, run_after=None
[2026-05-24T15:29:12.400+0000] {processor.py:183} INFO - Processing /home/varn1t/ml-pipeline/venv/lib/python3.11/site-packages/airflow/example_dags/tutorial_objectstorage.py took 0.054 seconds
[2026-05-24T15:29:53.443+0000] {processor.py:161} INFO - Started process (PID=44030) to work on /home/varn1t/ml-pipeline/venv/lib/python3.11/site-packages/airflow/example_dags/tutorial_objectstorage.py
[2026-05-24T15:29:53.443+0000] {processor.py:830} INFO - Processing file /home/varn1t/ml-pipeline/venv/lib/python3.11/site-packages/airflow/example_dags/tutorial_objectstorage.py for tasks to queue
[2026-05-24T15:29:53.444+0000] {logging_mixin.py:188} INFO - [2026-05-24T15:29:53.444+0000] {dagbag.py:545} INFO - Filling up the DagBag from /home/varn1t/ml-pipeline/venv/lib/python3.11/site-packages/airflow/example_dags/tutorial_objectstorage.py
[2026-05-24T15:29:53.449+0000] {processor.py:840} INFO - DAG(s) 'tutorial_objectstorage' retrieved from /home/varn1t/ml-pipeline/venv/lib/python3.11/site-packages/airflow/example_dags/tutorial_objectstorage.py
[2026-05-24T15:29:53.460+0000] {logging_mixin.py:188} INFO - [2026-05-24T15:29:53.460+0000] {dag.py:3096} INFO - Sync 1 DAGs
[2026-05-24T15:29:53.467+0000] {logging_mixin.py:188} INFO - [2026-05-24T15:29:53.467+0000] {dag.py:3954} INFO - Setting next_dagrun for tutorial_objectstorage to None, run_after=None
[2026-05-24T15:29:53.484+0000] {processor.py:183} INFO - Processing /home/varn1t/ml-pipeline/venv/lib/python3.11/site-packages/airflow/example_dags/tutorial_objectstorage.py took 0.049 seconds
[2026-05-24T15:30:43.662+0000] {processor.py:161} INFO - Started process (PID=44548) to work on /home/varn1t/ml-pipeline/venv/lib/python3.11/site-packages/airflow/example_dags/tutorial_objectstorage.py
[2026-05-24T15:30:43.663+0000] {processor.py:830} INFO - Processing file /home/varn1t/ml-pipeline/venv/lib/python3.11/site-packages/airflow/example_dags/tutorial_objectstorage.py for tasks to queue
[2026-05-24T15:30:43.663+0000] {logging_mixin.py:188} INFO - [2026-05-24T15:30:43.663+0000] {dagbag.py:545} INFO - Filling up the DagBag from /home/varn1t/ml-pipeline/venv/lib/python3.11/site-packages/airflow/example_dags/tutorial_objectstorage.py
[2026-05-24T15:30:43.670+0000] {processor.py:840} INFO - DAG(s) 'tutorial_objectstorage' retrieved from /home/varn1t/ml-pipeline/venv/lib/python3.11/site-packages/airflow/example_dags/tutorial_objectstorage.py
[2026-05-24T15:30:43.680+0000] {logging_mixin.py:188} INFO - [2026-05-24T15:30:43.680+0000] {dag.py:3096} INFO - Sync 1 DAGs
[2026-05-24T15:30:43.688+0000] {logging_mixin.py:188} INFO - [2026-05-24T15:30:43.688+0000] {dag.py:3954} INFO - Setting next_dagrun for tutorial_objectstorage to None, run_after=None
[2026-05-24T15:30:43.704+0000] {processor.py:183} INFO - Processing /home/varn1t/ml-pipeline/venv/lib/python3.11/site-packages/airflow/example_dags/tutorial_objectstorage.py took 0.049 seconds
[2026-05-24T15:31:29.044+0000] {processor.py:161} INFO - Started process (PID=45032) to work on /home/varn1t/ml-pipeline/venv/lib/python3.11/site-packages/airflow/example_dags/tutorial_objectstorage.py
[2026-05-24T15:31:29.045+0000] {processor.py:830} INFO - Processing file /home/varn1t/ml-pipeline/venv/lib/python3.11/site-packages/airflow/example_dags/tutorial_objectstorage.py for tasks to queue
[2026-05-24T15:31:29.046+0000] {logging_mixin.py:188} INFO - [2026-05-24T15:31:29.046+0000] {dagbag.py:545} INFO - Filling up the DagBag from /home/varn1t/ml-pipeline/venv/lib/python3.11/site-packages/airflow/example_dags/tutorial_objectstorage.py
[2026-05-24T15:31:29.052+0000] {processor.py:840} INFO - DAG(s) 'tutorial_objectstorage' retrieved from /home/varn1t/ml-pipeline/venv/lib/python3.11/site-packages/airflow/example_dags/tutorial_objectstorage.py
[2026-05-24T15:31:29.065+0000] {logging_mixin.py:188} INFO - [2026-05-24T15:31:29.065+0000] {dag.py:3096} INFO - Sync 1 DAGs
[2026-05-24T15:31:29.075+0000] {logging_mixin.py:188} INFO - [2026-05-24T15:31:29.074+0000] {dag.py:3954} INFO - Setting next_dagrun for tutorial_objectstorage to None, run_after=None
[2026-05-24T15:31:29.091+0000] {processor.py:183} INFO - Processing /home/varn1t/ml-pipeline/venv/lib/python3.11/site-packages/airflow/example_dags/tutorial_objectstorage.py took 0.054 seconds
[2026-05-24T15:32:10.415+0000] {processor.py:161} INFO - Started process (PID=45495) to work on /home/varn1t/ml-pipeline/venv/lib/python3.11/site-packages/airflow/example_dags/tutorial_objectstorage.py
[2026-05-24T15:32:10.416+0000] {processor.py:830} INFO - Processing file /home/varn1t/ml-pipeline/venv/lib/python3.11/site-packages/airflow/example_dags/tutorial_objectstorage.py for tasks to queue
[2026-05-24T15:32:10.416+0000] {logging_mixin.py:188} INFO - [2026-05-24T15:32:10.416+0000] {dagbag.py:545} INFO - Filling up the DagBag from /home/varn1t/ml-pipeline/venv/lib/python3.11/site-packages/airflow/example_dags/tutorial_objectstorage.py
[2026-05-24T15:32:10.422+0000] {processor.py:840} INFO - DAG(s) 'tutorial_objectstorage' retrieved from /home/varn1t/ml-pipeline/venv/lib/python3.11/site-packages/airflow/example_dags/tutorial_objectstorage.py
[2026-05-24T15:32:10.436+0000] {logging_mixin.py:188} INFO - [2026-05-24T15:32:10.436+0000] {dag.py:3096} INFO - Sync 1 DAGs
[2026-05-24T15:32:10.444+0000] {logging_mixin.py:188} INFO - [2026-05-24T15:32:10.443+0000] {dag.py:3954} INFO - Setting next_dagrun for tutorial_objectstorage to None, run_after=None
[2026-05-24T15:32:10.461+0000] {processor.py:183} INFO - Processing /home/varn1t/ml-pipeline/venv/lib/python3.11/site-packages/airflow/example_dags/tutorial_objectstorage.py took 0.051 seconds
[2026-05-24T15:32:55.760+0000] {processor.py:161} INFO - Started process (PID=45745) to work on /home/varn1t/ml-pipeline/venv/lib/python3.11/site-packages/airflow/example_dags/tutorial_objectstorage.py
[2026-05-24T15:32:55.761+0000] {processor.py:830} INFO - Processing file /home/varn1t/ml-pipeline/venv/lib/python3.11/site-packages/airflow/example_dags/tutorial_objectstorage.py for tasks to queue
[2026-05-24T15:32:55.761+0000] {logging_mixin.py:188} INFO - [2026-05-24T15:32:55.761+0000] {dagbag.py:545} INFO - Filling up the DagBag from /home/varn1t/ml-pipeline/venv/lib/python3.11/site-packages/airflow/example_dags/tutorial_objectstorage.py
[2026-05-24T15:32:55.769+0000] {processor.py:840} INFO - DAG(s) 'tutorial_objectstorage' retrieved from /home/varn1t/ml-pipeline/venv/lib/python3.11/site-packages/airflow/example_dags/tutorial_objectstorage.py
[2026-05-24T15:32:55.779+0000] {logging_mixin.py:188} INFO - [2026-05-24T15:32:55.779+0000] {dag.py:3096} INFO - Sync 1 DAGs
[2026-05-24T15:32:55.787+0000] {logging_mixin.py:188} INFO - [2026-05-24T15:32:55.787+0000] {dag.py:3954} INFO - Setting next_dagrun for tutorial_objectstorage to None, run_after=None
[2026-05-24T15:32:55.803+0000] {processor.py:183} INFO - Processing /home/varn1t/ml-pipeline/venv/lib/python3.11/site-packages/airflow/example_dags/tutorial_objectstorage.py took 0.049 seconds
[2026-05-24T15:33:41.033+0000] {processor.py:161} INFO - Started process (PID=45944) to work on /home/varn1t/ml-pipeline/venv/lib/python3.11/site-packages/airflow/example_dags/tutorial_objectstorage.py
[2026-05-24T15:33:41.034+0000] {processor.py:830} INFO - Processing file /home/varn1t/ml-pipeline/venv/lib/python3.11/site-packages/airflow/example_dags/tutorial_objectstorage.py for tasks to queue
[2026-05-24T15:33:41.034+0000] {logging_mixin.py:188} INFO - [2026-05-24T15:33:41.034+0000] {dagbag.py:545} INFO - Filling up the DagBag from /home/varn1t/ml-pipeline/venv/lib/python3.11/site-packages/airflow/example_dags/tutorial_objectstorage.py
[2026-05-24T15:33:41.041+0000] {processor.py:840} INFO - DAG(s) 'tutorial_objectstorage' retrieved from /home/varn1t/ml-pipeline/venv/lib/python3.11/site-packages/airflow/example_dags/tutorial_objectstorage.py
[2026-05-24T15:33:41.053+0000] {logging_mixin.py:188} INFO - [2026-05-24T15:33:41.053+0000] {dag.py:3096} INFO - Sync 1 DAGs
[2026-05-24T15:33:41.060+0000] {logging_mixin.py:188} INFO - [2026-05-24T15:33:41.060+0000] {dag.py:3954} INFO - Setting next_dagrun for tutorial_objectstorage to None, run_after=None
[2026-05-24T15:33:41.077+0000] {processor.py:183} INFO - Processing /home/varn1t/ml-pipeline/venv/lib/python3.11/site-packages/airflow/example_dags/tutorial_objectstorage.py took 0.052 seconds
[2026-05-24T15:34:24.682+0000] {processor.py:161} INFO - Started process (PID=46200) to work on /home/varn1t/ml-pipeline/venv/lib/python3.11/site-packages/airflow/example_dags/tutorial_objectstorage.py
[2026-05-24T15:34:24.682+0000] {processor.py:830} INFO - Processing file /home/varn1t/ml-pipeline/venv/lib/python3.11/site-packages/airflow/example_dags/tutorial_objectstorage.py for tasks to queue
[2026-05-24T15:34:24.683+0000] {logging_mixin.py:188} INFO - [2026-05-24T15:34:24.683+0000] {dagbag.py:545} INFO - Filling up the DagBag from /home/varn1t/ml-pipeline/venv/lib/python3.11/site-packages/airflow/example_dags/tutorial_objectstorage.py
[2026-05-24T15:34:24.688+0000] {processor.py:840} INFO - DAG(s) 'tutorial_objectstorage' retrieved from /home/varn1t/ml-pipeline/venv/lib/python3.11/site-packages/airflow/example_dags/tutorial_objectstorage.py
[2026-05-24T15:34:24.699+0000] {logging_mixin.py:188} INFO - [2026-05-24T15:34:24.699+0000] {dag.py:3096} INFO - Sync 1 DAGs
[2026-05-24T15:34:24.705+0000] {logging_mixin.py:188} INFO - [2026-05-24T15:34:24.705+0000] {dag.py:3954} INFO - Setting next_dagrun for tutorial_objectstorage to None, run_after=None
[2026-05-24T15:34:24.722+0000] {processor.py:183} INFO - Processing /home/varn1t/ml-pipeline/venv/lib/python3.11/site-packages/airflow/example_dags/tutorial_objectstorage.py took 0.046 seconds
[2026-05-24T15:41:31.765+0000] {processor.py:161} INFO - Started process (PID=1710) to work on /home/varn1t/ml-pipeline/venv/lib/python3.11/site-packages/airflow/example_dags/tutorial_objectstorage.py
[2026-05-24T15:41:31.767+0000] {processor.py:830} INFO - Processing file /home/varn1t/ml-pipeline/venv/lib/python3.11/site-packages/airflow/example_dags/tutorial_objectstorage.py for tasks to queue
[2026-05-24T15:41:31.768+0000] {logging_mixin.py:188} INFO - [2026-05-24T15:41:31.768+0000] {dagbag.py:545} INFO - Filling up the DagBag from /home/varn1t/ml-pipeline/venv/lib/python3.11/site-packages/airflow/example_dags/tutorial_objectstorage.py
[2026-05-24T15:41:31.778+0000] {processor.py:840} INFO - DAG(s) 'tutorial_objectstorage' retrieved from /home/varn1t/ml-pipeline/venv/lib/python3.11/site-packages/airflow/example_dags/tutorial_objectstorage.py
[2026-05-24T15:41:31.802+0000] {logging_mixin.py:188} INFO - [2026-05-24T15:41:31.801+0000] {dag.py:3096} INFO - Sync 1 DAGs
[2026-05-24T15:41:31.811+0000] {logging_mixin.py:188} INFO - [2026-05-24T15:41:31.811+0000] {dag.py:3954} INFO - Setting next_dagrun for tutorial_objectstorage to None, run_after=None
[2026-05-24T15:41:31.831+0000] {processor.py:183} INFO - Processing /home/varn1t/ml-pipeline/venv/lib/python3.11/site-packages/airflow/example_dags/tutorial_objectstorage.py took 0.073 seconds
[2026-05-24T15:42:26.515+0000] {processor.py:161} INFO - Started process (PID=2515) to work on /home/varn1t/ml-pipeline/venv/lib/python3.11/site-packages/airflow/example_dags/tutorial_objectstorage.py
[2026-05-24T15:42:26.516+0000] {processor.py:830} INFO - Processing file /home/varn1t/ml-pipeline/venv/lib/python3.11/site-packages/airflow/example_dags/tutorial_objectstorage.py for tasks to queue
[2026-05-24T15:42:26.518+0000] {logging_mixin.py:188} INFO - [2026-05-24T15:42:26.518+0000] {dagbag.py:545} INFO - Filling up the DagBag from /home/varn1t/ml-pipeline/venv/lib/python3.11/site-packages/airflow/example_dags/tutorial_objectstorage.py
[2026-05-24T15:42:26.526+0000] {processor.py:840} INFO - DAG(s) 'tutorial_objectstorage' retrieved from /home/varn1t/ml-pipeline/venv/lib/python3.11/site-packages/airflow/example_dags/tutorial_objectstorage.py
[2026-05-24T15:42:26.542+0000] {logging_mixin.py:188} INFO - [2026-05-24T15:42:26.541+0000] {dag.py:3096} INFO - Sync 1 DAGs
[2026-05-24T15:42:26.553+0000] {logging_mixin.py:188} INFO - [2026-05-24T15:42:26.553+0000] {dag.py:3954} INFO - Setting next_dagrun for tutorial_objectstorage to None, run_after=None
[2026-05-24T15:42:26.575+0000] {processor.py:183} INFO - Processing /home/varn1t/ml-pipeline/venv/lib/python3.11/site-packages/airflow/example_dags/tutorial_objectstorage.py took 0.065 seconds
[2026-05-24T15:43:08.084+0000] {processor.py:161} INFO - Started process (PID=2692) to work on /home/varn1t/ml-pipeline/venv/lib/python3.11/site-packages/airflow/example_dags/tutorial_objectstorage.py
[2026-05-24T15:43:08.085+0000] {processor.py:830} INFO - Processing file /home/varn1t/ml-pipeline/venv/lib/python3.11/site-packages/airflow/example_dags/tutorial_objectstorage.py for tasks to queue
[2026-05-24T15:43:08.086+0000] {logging_mixin.py:188} INFO - [2026-05-24T15:43:08.086+0000] {dagbag.py:545} INFO - Filling up the DagBag from /home/varn1t/ml-pipeline/venv/lib/python3.11/site-packages/airflow/example_dags/tutorial_objectstorage.py
[2026-05-24T15:43:08.091+0000] {processor.py:840} INFO - DAG(s) 'tutorial_objectstorage' retrieved from /home/varn1t/ml-pipeline/venv/lib/python3.11/site-packages/airflow/example_dags/tutorial_objectstorage.py
[2026-05-24T15:43:08.100+0000] {logging_mixin.py:188} INFO - [2026-05-24T15:43:08.100+0000] {dag.py:3096} INFO - Sync 1 DAGs
[2026-05-24T15:43:08.105+0000] {logging_mixin.py:188} INFO - [2026-05-24T15:43:08.105+0000] {dag.py:3954} INFO - Setting next_dagrun for tutorial_objectstorage to None, run_after=None
[2026-05-24T15:43:08.122+0000] {processor.py:183} INFO - Processing /home/varn1t/ml-pipeline/venv/lib/python3.11/site-packages/airflow/example_dags/tutorial_objectstorage.py took 0.041 seconds
[2026-05-24T15:43:59.016+0000] {processor.py:161} INFO - Started process (PID=2956) to work on /home/varn1t/ml-pipeline/venv/lib/python3.11/site-packages/airflow/example_dags/tutorial_objectstorage.py
[2026-05-24T15:43:59.018+0000] {processor.py:830} INFO - Processing file /home/varn1t/ml-pipeline/venv/lib/python3.11/site-packages/airflow/example_dags/tutorial_objectstorage.py for tasks to queue
[2026-05-24T15:43:59.019+0000] {logging_mixin.py:188} INFO - [2026-05-24T15:43:59.019+0000] {dagbag.py:545} INFO - Filling up the DagBag from /home/varn1t/ml-pipeline/venv/lib/python3.11/site-packages/airflow/example_dags/tutorial_objectstorage.py
[2026-05-24T15:43:59.026+0000] {processor.py:840} INFO - DAG(s) 'tutorial_objectstorage' retrieved from /home/varn1t/ml-pipeline/venv/lib/python3.11/site-packages/airflow/example_dags/tutorial_objectstorage.py
[2026-05-24T15:43:59.173+0000] {logging_mixin.py:188} INFO - [2026-05-24T15:43:59.172+0000] {dag.py:3096} INFO - Sync 1 DAGs
[2026-05-24T15:43:59.181+0000] {logging_mixin.py:188} INFO - [2026-05-24T15:43:59.181+0000] {dag.py:3954} INFO - Setting next_dagrun for tutorial_objectstorage to None, run_after=None
[2026-05-24T15:43:59.204+0000] {processor.py:183} INFO - Processing /home/varn1t/ml-pipeline/venv/lib/python3.11/site-packages/airflow/example_dags/tutorial_objectstorage.py took 0.193 seconds
[2026-05-24T15:44:43.325+0000] {processor.py:161} INFO - Started process (PID=3268) to work on /home/varn1t/ml-pipeline/venv/lib/python3.11/site-packages/airflow/example_dags/tutorial_objectstorage.py
[2026-05-24T15:44:43.326+0000] {processor.py:830} INFO - Processing file /home/varn1t/ml-pipeline/venv/lib/python3.11/site-packages/airflow/example_dags/tutorial_objectstorage.py for tasks to queue
[2026-05-24T15:44:43.327+0000] {logging_mixin.py:188} INFO - [2026-05-24T15:44:43.327+0000] {dagbag.py:545} INFO - Filling up the DagBag from /home/varn1t/ml-pipeline/venv/lib/python3.11/site-packages/airflow/example_dags/tutorial_objectstorage.py
[2026-05-24T15:44:43.335+0000] {processor.py:840} INFO - DAG(s) 'tutorial_objectstorage' retrieved from /home/varn1t/ml-pipeline/venv/lib/python3.11/site-packages/airflow/example_dags/tutorial_objectstorage.py
[2026-05-24T15:44:43.347+0000] {logging_mixin.py:188} INFO - [2026-05-24T15:44:43.347+0000] {dag.py:3096} INFO - Sync 1 DAGs
[2026-05-24T15:44:43.355+0000] {logging_mixin.py:188} INFO - [2026-05-24T15:44:43.355+0000] {dag.py:3954} INFO - Setting next_dagrun for tutorial_objectstorage to None, run_after=None
[2026-05-24T15:44:43.374+0000] {processor.py:183} INFO - Processing /home/varn1t/ml-pipeline/venv/lib/python3.11/site-packages/airflow/example_dags/tutorial_objectstorage.py took 0.053 seconds
[2026-05-24T15:45:25.028+0000] {processor.py:161} INFO - Started process (PID=3583) to work on /home/varn1t/ml-pipeline/venv/lib/python3.11/site-packages/airflow/example_dags/tutorial_objectstorage.py
[2026-05-24T15:45:25.035+0000] {processor.py:830} INFO - Processing file /home/varn1t/ml-pipeline/venv/lib/python3.11/site-packages/airflow/example_dags/tutorial_objectstorage.py for tasks to queue
[2026-05-24T15:45:25.043+0000] {logging_mixin.py:188} INFO - [2026-05-24T15:45:25.042+0000] {dagbag.py:545} INFO - Filling up the DagBag from /home/varn1t/ml-pipeline/venv/lib/python3.11/site-packages/airflow/example_dags/tutorial_objectstorage.py
[2026-05-24T15:45:25.082+0000] {processor.py:840} INFO - DAG(s) 'tutorial_objectstorage' retrieved from /home/varn1t/ml-pipeline/venv/lib/python3.11/site-packages/airflow/example_dags/tutorial_objectstorage.py
[2026-05-24T15:45:25.181+0000] {logging_mixin.py:188} INFO - [2026-05-24T15:45:25.181+0000] {dag.py:3096} INFO - Sync 1 DAGs
[2026-05-24T15:45:25.230+0000] {logging_mixin.py:188} INFO - [2026-05-24T15:45:25.230+0000] {dag.py:3954} INFO - Setting next_dagrun for tutorial_objectstorage to None, run_after=None
[2026-05-24T15:45:25.297+0000] {processor.py:183} INFO - Processing /home/varn1t/ml-pipeline/venv/lib/python3.11/site-packages/airflow/example_dags/tutorial_objectstorage.py took 0.306 seconds
[2026-05-24T15:46:21.496+0000] {processor.py:161} INFO - Started process (PID=4009) to work on /home/varn1t/ml-pipeline/venv/lib/python3.11/site-packages/airflow/example_dags/tutorial_objectstorage.py
[2026-05-24T15:46:21.497+0000] {processor.py:830} INFO - Processing file /home/varn1t/ml-pipeline/venv/lib/python3.11/site-packages/airflow/example_dags/tutorial_objectstorage.py for tasks to queue
[2026-05-24T15:46:21.503+0000] {logging_mixin.py:188} INFO - [2026-05-24T15:46:21.502+0000] {dagbag.py:545} INFO - Filling up the DagBag from /home/varn1t/ml-pipeline/venv/lib/python3.11/site-packages/airflow/example_dags/tutorial_objectstorage.py
[2026-05-24T15:46:21.513+0000] {processor.py:840} INFO - DAG(s) 'tutorial_objectstorage' retrieved from /home/varn1t/ml-pipeline/venv/lib/python3.11/site-packages/airflow/example_dags/tutorial_objectstorage.py
[2026-05-24T15:46:21.548+0000] {logging_mixin.py:188} INFO - [2026-05-24T15:46:21.547+0000] {dag.py:3096} INFO - Sync 1 DAGs
[2026-05-24T15:46:21.581+0000] {logging_mixin.py:188} INFO - [2026-05-24T15:46:21.581+0000] {dag.py:3954} INFO - Setting next_dagrun for tutorial_objectstorage to None, run_after=None
[2026-05-24T15:46:21.617+0000] {processor.py:183} INFO - Processing /home/varn1t/ml-pipeline/venv/lib/python3.11/site-packages/airflow/example_dags/tutorial_objectstorage.py took 0.137 seconds
[2026-05-24T15:47:13.694+0000] {processor.py:161} INFO - Started process (PID=4461) to work on /home/varn1t/ml-pipeline/venv/lib/python3.11/site-packages/airflow/example_dags/tutorial_objectstorage.py
[2026-05-24T15:47:13.695+0000] {processor.py:830} INFO - Processing file /home/varn1t/ml-pipeline/venv/lib/python3.11/site-packages/airflow/example_dags/tutorial_objectstorage.py for tasks to queue
[2026-05-24T15:47:13.697+0000] {logging_mixin.py:188} INFO - [2026-05-24T15:47:13.697+0000] {dagbag.py:545} INFO - Filling up the DagBag from /home/varn1t/ml-pipeline/venv/lib/python3.11/site-packages/airflow/example_dags/tutorial_objectstorage.py
[2026-05-24T15:47:13.708+0000] {processor.py:840} INFO - DAG(s) 'tutorial_objectstorage' retrieved from /home/varn1t/ml-pipeline/venv/lib/python3.11/site-packages/airflow/example_dags/tutorial_objectstorage.py
[2026-05-24T15:47:13.733+0000] {logging_mixin.py:188} INFO - [2026-05-24T15:47:13.733+0000] {dag.py:3096} INFO - Sync 1 DAGs
[2026-05-24T15:47:13.750+0000] {logging_mixin.py:188} INFO - [2026-05-24T15:47:13.750+0000] {dag.py:3954} INFO - Setting next_dagrun for tutorial_objectstorage to None, run_after=None
[2026-05-24T15:47:13.783+0000] {processor.py:183} INFO - Processing /home/varn1t/ml-pipeline/venv/lib/python3.11/site-packages/airflow/example_dags/tutorial_objectstorage.py took 0.094 seconds
[2026-05-24T15:48:04.707+0000] {processor.py:161} INFO - Started process (PID=4859) to work on /home/varn1t/ml-pipeline/venv/lib/python3.11/site-packages/airflow/example_dags/tutorial_objectstorage.py
[2026-05-24T15:48:04.708+0000] {processor.py:830} INFO - Processing file /home/varn1t/ml-pipeline/venv/lib/python3.11/site-packages/airflow/example_dags/tutorial_objectstorage.py for tasks to queue
[2026-05-24T15:48:04.710+0000] {logging_mixin.py:188} INFO - [2026-05-24T15:48:04.710+0000] {dagbag.py:545} INFO - Filling up the DagBag from /home/varn1t/ml-pipeline/venv/lib/python3.11/site-packages/airflow/example_dags/tutorial_objectstorage.py
[2026-05-24T15:48:04.720+0000] {processor.py:840} INFO - DAG(s) 'tutorial_objectstorage' retrieved from /home/varn1t/ml-pipeline/venv/lib/python3.11/site-packages/airflow/example_dags/tutorial_objectstorage.py
[2026-05-24T15:48:04.750+0000] {logging_mixin.py:188} INFO - [2026-05-24T15:48:04.750+0000] {dag.py:3096} INFO - Sync 1 DAGs
[2026-05-24T15:48:04.769+0000] {logging_mixin.py:188} INFO - [2026-05-24T15:48:04.768+0000] {dag.py:3954} INFO - Setting next_dagrun for tutorial_objectstorage to None, run_after=None
[2026-05-24T15:48:04.797+0000] {processor.py:183} INFO - Processing /home/varn1t/ml-pipeline/venv/lib/python3.11/site-packages/airflow/example_dags/tutorial_objectstorage.py took 0.104 seconds
[2026-05-24T15:48:53.644+0000] {processor.py:161} INFO - Started process (PID=5244) to work on /home/varn1t/ml-pipeline/venv/lib/python3.11/site-packages/airflow/example_dags/tutorial_objectstorage.py
[2026-05-24T15:48:53.645+0000] {processor.py:830} INFO - Processing file /home/varn1t/ml-pipeline/venv/lib/python3.11/site-packages/airflow/example_dags/tutorial_objectstorage.py for tasks to queue
[2026-05-24T15:48:53.648+0000] {logging_mixin.py:188} INFO - [2026-05-24T15:48:53.647+0000] {dagbag.py:545} INFO - Filling up the DagBag from /home/varn1t/ml-pipeline/venv/lib/python3.11/site-packages/airflow/example_dags/tutorial_objectstorage.py
[2026-05-24T15:48:53.665+0000] {processor.py:840} INFO - DAG(s) 'tutorial_objectstorage' retrieved from /home/varn1t/ml-pipeline/venv/lib/python3.11/site-packages/airflow/example_dags/tutorial_objectstorage.py
[2026-05-24T15:48:53.687+0000] {logging_mixin.py:188} INFO - [2026-05-24T15:48:53.687+0000] {dag.py:3096} INFO - Sync 1 DAGs
[2026-05-24T15:48:53.706+0000] {logging_mixin.py:188} INFO - [2026-05-24T15:48:53.706+0000] {dag.py:3954} INFO - Setting next_dagrun for tutorial_objectstorage to None, run_after=None
[2026-05-24T15:48:53.748+0000] {processor.py:183} INFO - Processing /home/varn1t/ml-pipeline/venv/lib/python3.11/site-packages/airflow/example_dags/tutorial_objectstorage.py took 0.120 seconds
[2026-05-24T15:49:40.029+0000] {processor.py:161} INFO - Started process (PID=5559) to work on /home/varn1t/ml-pipeline/venv/lib/python3.11/site-packages/airflow/example_dags/tutorial_objectstorage.py
[2026-05-24T15:49:40.031+0000] {processor.py:830} INFO - Processing file /home/varn1t/ml-pipeline/venv/lib/python3.11/site-packages/airflow/example_dags/tutorial_objectstorage.py for tasks to queue
[2026-05-24T15:49:40.033+0000] {logging_mixin.py:188} INFO - [2026-05-24T15:49:40.032+0000] {dagbag.py:545} INFO - Filling up the DagBag from /home/varn1t/ml-pipeline/venv/lib/python3.11/site-packages/airflow/example_dags/tutorial_objectstorage.py
[2026-05-24T15:49:40.040+0000] {processor.py:840} INFO - DAG(s) 'tutorial_objectstorage' retrieved from /home/varn1t/ml-pipeline/venv/lib/python3.11/site-packages/airflow/example_dags/tutorial_objectstorage.py
[2026-05-24T15:49:40.055+0000] {logging_mixin.py:188} INFO - [2026-05-24T15:49:40.054+0000] {dag.py:3096} INFO - Sync 1 DAGs
[2026-05-24T15:49:40.065+0000] {logging_mixin.py:188} INFO - [2026-05-24T15:49:40.065+0000] {dag.py:3954} INFO - Setting next_dagrun for tutorial_objectstorage to None, run_after=None
[2026-05-24T15:49:40.093+0000] {processor.py:183} INFO - Processing /home/varn1t/ml-pipeline/venv/lib/python3.11/site-packages/airflow/example_dags/tutorial_objectstorage.py took 0.069 seconds
[2026-05-24T15:50:21.372+0000] {processor.py:161} INFO - Started process (PID=6006) to work on /home/varn1t/ml-pipeline/venv/lib/python3.11/site-packages/airflow/example_dags/tutorial_objectstorage.py
[2026-05-24T15:50:21.373+0000] {processor.py:830} INFO - Processing file /home/varn1t/ml-pipeline/venv/lib/python3.11/site-packages/airflow/example_dags/tutorial_objectstorage.py for tasks to queue
[2026-05-24T15:50:21.374+0000] {logging_mixin.py:188} INFO - [2026-05-24T15:50:21.374+0000] {dagbag.py:545} INFO - Filling up the DagBag from /home/varn1t/ml-pipeline/venv/lib/python3.11/site-packages/airflow/example_dags/tutorial_objectstorage.py
[2026-05-24T15:50:21.380+0000] {processor.py:840} INFO - DAG(s) 'tutorial_objectstorage' retrieved from /home/varn1t/ml-pipeline/venv/lib/python3.11/site-packages/airflow/example_dags/tutorial_objectstorage.py
[2026-05-24T15:50:21.394+0000] {logging_mixin.py:188} INFO - [2026-05-24T15:50:21.393+0000] {dag.py:3096} INFO - Sync 1 DAGs
[2026-05-24T15:50:21.402+0000] {logging_mixin.py:188} INFO - [2026-05-24T15:50:21.402+0000] {dag.py:3954} INFO - Setting next_dagrun for tutorial_objectstorage to None, run_after=None
[2026-05-24T15:50:21.417+0000] {processor.py:183} INFO - Processing /home/varn1t/ml-pipeline/venv/lib/python3.11/site-packages/airflow/example_dags/tutorial_objectstorage.py took 0.049 seconds
[2026-05-24T15:51:03.862+0000] {processor.py:161} INFO - Started process (PID=6381) to work on /home/varn1t/ml-pipeline/venv/lib/python3.11/site-packages/airflow/example_dags/tutorial_objectstorage.py
[2026-05-24T15:51:03.863+0000] {processor.py:830} INFO - Processing file /home/varn1t/ml-pipeline/venv/lib/python3.11/site-packages/airflow/example_dags/tutorial_objectstorage.py for tasks to queue
[2026-05-24T15:51:03.865+0000] {logging_mixin.py:188} INFO - [2026-05-24T15:51:03.864+0000] {dagbag.py:545} INFO - Filling up the DagBag from /home/varn1t/ml-pipeline/venv/lib/python3.11/site-packages/airflow/example_dags/tutorial_objectstorage.py
[2026-05-24T15:51:03.871+0000] {processor.py:840} INFO - DAG(s) 'tutorial_objectstorage' retrieved from /home/varn1t/ml-pipeline/venv/lib/python3.11/site-packages/airflow/example_dags/tutorial_objectstorage.py
[2026-05-24T15:51:03.883+0000] {logging_mixin.py:188} INFO - [2026-05-24T15:51:03.883+0000] {dag.py:3096} INFO - Sync 1 DAGs
[2026-05-24T15:51:03.894+0000] {logging_mixin.py:188} INFO - [2026-05-24T15:51:03.894+0000] {dag.py:3954} INFO - Setting next_dagrun for tutorial_objectstorage to None, run_after=None
[2026-05-24T15:51:03.913+0000] {processor.py:183} INFO - Processing /home/varn1t/ml-pipeline/venv/lib/python3.11/site-packages/airflow/example_dags/tutorial_objectstorage.py took 0.056 seconds
[2026-05-24T15:51:49.216+0000] {processor.py:161} INFO - Started process (PID=6792) to work on /home/varn1t/ml-pipeline/venv/lib/python3.11/site-packages/airflow/example_dags/tutorial_objectstorage.py
[2026-05-24T15:51:49.218+0000] {processor.py:830} INFO - Processing file /home/varn1t/ml-pipeline/venv/lib/python3.11/site-packages/airflow/example_dags/tutorial_objectstorage.py for tasks to queue
[2026-05-24T15:51:49.220+0000] {logging_mixin.py:188} INFO - [2026-05-24T15:51:49.219+0000] {dagbag.py:545} INFO - Filling up the DagBag from /home/varn1t/ml-pipeline/venv/lib/python3.11/site-packages/airflow/example_dags/tutorial_objectstorage.py
[2026-05-24T15:51:49.229+0000] {processor.py:840} INFO - DAG(s) 'tutorial_objectstorage' retrieved from /home/varn1t/ml-pipeline/venv/lib/python3.11/site-packages/airflow/example_dags/tutorial_objectstorage.py
[2026-05-24T15:51:49.245+0000] {logging_mixin.py:188} INFO - [2026-05-24T15:51:49.244+0000] {dag.py:3096} INFO - Sync 1 DAGs
[2026-05-24T15:51:49.255+0000] {logging_mixin.py:188} INFO - [2026-05-24T15:51:49.255+0000] {dag.py:3954} INFO - Setting next_dagrun for tutorial_objectstorage to None, run_after=None
[2026-05-24T15:51:49.274+0000] {processor.py:183} INFO - Processing /home/varn1t/ml-pipeline/venv/lib/python3.11/site-packages/airflow/example_dags/tutorial_objectstorage.py took 0.063 seconds
[2026-05-24T15:52:35.702+0000] {processor.py:161} INFO - Started process (PID=7081) to work on /home/varn1t/ml-pipeline/venv/lib/python3.11/site-packages/airflow/example_dags/tutorial_objectstorage.py
[2026-05-24T15:52:35.703+0000] {processor.py:830} INFO - Processing file /home/varn1t/ml-pipeline/venv/lib/python3.11/site-packages/airflow/example_dags/tutorial_objectstorage.py for tasks to queue
[2026-05-24T15:52:35.705+0000] {logging_mixin.py:188} INFO - [2026-05-24T15:52:35.704+0000] {dagbag.py:545} INFO - Filling up the DagBag from /home/varn1t/ml-pipeline/venv/lib/python3.11/site-packages/airflow/example_dags/tutorial_objectstorage.py
[2026-05-24T15:52:35.717+0000] {processor.py:840} INFO - DAG(s) 'tutorial_objectstorage' retrieved from /home/varn1t/ml-pipeline/venv/lib/python3.11/site-packages/airflow/example_dags/tutorial_objectstorage.py
[2026-05-24T15:52:35.733+0000] {logging_mixin.py:188} INFO - [2026-05-24T15:52:35.733+0000] {dag.py:3096} INFO - Sync 1 DAGs
[2026-05-24T15:52:35.746+0000] {logging_mixin.py:188} INFO - [2026-05-24T15:52:35.746+0000] {dag.py:3954} INFO - Setting next_dagrun for tutorial_objectstorage to None, run_after=None
[2026-05-24T15:52:35.768+0000] {processor.py:183} INFO - Processing /home/varn1t/ml-pipeline/venv/lib/python3.11/site-packages/airflow/example_dags/tutorial_objectstorage.py took 0.070 seconds
[2026-05-24T15:53:20.000+0000] {processor.py:161} INFO - Started process (PID=7381) to work on /home/varn1t/ml-pipeline/venv/lib/python3.11/site-packages/airflow/example_dags/tutorial_objectstorage.py
[2026-05-24T15:53:20.001+0000] {processor.py:830} INFO - Processing file /home/varn1t/ml-pipeline/venv/lib/python3.11/site-packages/airflow/example_dags/tutorial_objectstorage.py for tasks to queue
[2026-05-24T15:53:20.002+0000] {logging_mixin.py:188} INFO - [2026-05-24T15:53:20.002+0000] {dagbag.py:545} INFO - Filling up the DagBag from /home/varn1t/ml-pipeline/venv/lib/python3.11/site-packages/airflow/example_dags/tutorial_objectstorage.py
[2026-05-24T15:53:20.009+0000] {processor.py:840} INFO - DAG(s) 'tutorial_objectstorage' retrieved from /home/varn1t/ml-pipeline/venv/lib/python3.11/site-packages/airflow/example_dags/tutorial_objectstorage.py
[2026-05-24T15:53:20.019+0000] {logging_mixin.py:188} INFO - [2026-05-24T15:53:20.019+0000] {dag.py:3096} INFO - Sync 1 DAGs
[2026-05-24T15:53:20.026+0000] {logging_mixin.py:188} INFO - [2026-05-24T15:53:20.026+0000] {dag.py:3954} INFO - Setting next_dagrun for tutorial_objectstorage to None, run_after=None
[2026-05-24T15:53:20.045+0000] {processor.py:183} INFO - Processing /home/varn1t/ml-pipeline/venv/lib/python3.11/site-packages/airflow/example_dags/tutorial_objectstorage.py took 0.049 seconds
[2026-05-24T15:54:09.154+0000] {processor.py:161} INFO - Started process (PID=8053) to work on /home/varn1t/ml-pipeline/venv/lib/python3.11/site-packages/airflow/example_dags/tutorial_objectstorage.py
[2026-05-24T15:54:09.155+0000] {processor.py:830} INFO - Processing file /home/varn1t/ml-pipeline/venv/lib/python3.11/site-packages/airflow/example_dags/tutorial_objectstorage.py for tasks to queue
[2026-05-24T15:54:09.156+0000] {logging_mixin.py:188} INFO - [2026-05-24T15:54:09.156+0000] {dagbag.py:545} INFO - Filling up the DagBag from /home/varn1t/ml-pipeline/venv/lib/python3.11/site-packages/airflow/example_dags/tutorial_objectstorage.py
[2026-05-24T15:54:09.162+0000] {processor.py:840} INFO - DAG(s) 'tutorial_objectstorage' retrieved from /home/varn1t/ml-pipeline/venv/lib/python3.11/site-packages/airflow/example_dags/tutorial_objectstorage.py
[2026-05-24T15:54:09.173+0000] {logging_mixin.py:188} INFO - [2026-05-24T15:54:09.173+0000] {dag.py:3096} INFO - Sync 1 DAGs
[2026-05-24T15:54:09.182+0000] {logging_mixin.py:188} INFO - [2026-05-24T15:54:09.181+0000] {dag.py:3954} INFO - Setting next_dagrun for tutorial_objectstorage to None, run_after=None
[2026-05-24T15:54:09.198+0000] {processor.py:183} INFO - Processing /home/varn1t/ml-pipeline/venv/lib/python3.11/site-packages/airflow/example_dags/tutorial_objectstorage.py took 0.048 seconds
[2026-05-24T15:54:54.968+0000] {processor.py:161} INFO - Started process (PID=8255) to work on /home/varn1t/ml-pipeline/venv/lib/python3.11/site-packages/airflow/example_dags/tutorial_objectstorage.py
[2026-05-24T15:54:54.969+0000] {processor.py:830} INFO - Processing file /home/varn1t/ml-pipeline/venv/lib/python3.11/site-packages/airflow/example_dags/tutorial_objectstorage.py for tasks to queue
[2026-05-24T15:54:54.970+0000] {logging_mixin.py:188} INFO - [2026-05-24T15:54:54.970+0000] {dagbag.py:545} INFO - Filling up the DagBag from /home/varn1t/ml-pipeline/venv/lib/python3.11/site-packages/airflow/example_dags/tutorial_objectstorage.py
[2026-05-24T15:54:54.976+0000] {processor.py:840} INFO - DAG(s) 'tutorial_objectstorage' retrieved from /home/varn1t/ml-pipeline/venv/lib/python3.11/site-packages/airflow/example_dags/tutorial_objectstorage.py
[2026-05-24T15:54:54.986+0000] {logging_mixin.py:188} INFO - [2026-05-24T15:54:54.986+0000] {dag.py:3096} INFO - Sync 1 DAGs
[2026-05-24T15:54:54.992+0000] {logging_mixin.py:188} INFO - [2026-05-24T15:54:54.992+0000] {dag.py:3954} INFO - Setting next_dagrun for tutorial_objectstorage to None, run_after=None
[2026-05-24T15:54:55.011+0000] {processor.py:183} INFO - Processing /home/varn1t/ml-pipeline/venv/lib/python3.11/site-packages/airflow/example_dags/tutorial_objectstorage.py took 0.047 seconds
[2026-05-24T15:55:37.407+0000] {processor.py:161} INFO - Started process (PID=8849) to work on /home/varn1t/ml-pipeline/venv/lib/python3.11/site-packages/airflow/example_dags/tutorial_objectstorage.py
[2026-05-24T15:55:37.409+0000] {processor.py:830} INFO - Processing file /home/varn1t/ml-pipeline/venv/lib/python3.11/site-packages/airflow/example_dags/tutorial_objectstorage.py for tasks to queue
[2026-05-24T15:55:37.410+0000] {logging_mixin.py:188} INFO - [2026-05-24T15:55:37.410+0000] {dagbag.py:545} INFO - Filling up the DagBag from /home/varn1t/ml-pipeline/venv/lib/python3.11/site-packages/airflow/example_dags/tutorial_objectstorage.py
[2026-05-24T15:55:37.418+0000] {processor.py:840} INFO - DAG(s) 'tutorial_objectstorage' retrieved from /home/varn1t/ml-pipeline/venv/lib/python3.11/site-packages/airflow/example_dags/tutorial_objectstorage.py
[2026-05-24T15:55:37.430+0000] {logging_mixin.py:188} INFO - [2026-05-24T15:55:37.429+0000] {dag.py:3096} INFO - Sync 1 DAGs
[2026-05-24T15:55:37.437+0000] {logging_mixin.py:188} INFO - [2026-05-24T15:55:37.437+0000] {dag.py:3954} INFO - Setting next_dagrun for tutorial_objectstorage to None, run_after=None
[2026-05-24T15:55:37.457+0000] {processor.py:183} INFO - Processing /home/varn1t/ml-pipeline/venv/lib/python3.11/site-packages/airflow/example_dags/tutorial_objectstorage.py took 0.056 seconds
[2026-05-24T15:56:22.259+0000] {processor.py:161} INFO - Started process (PID=9377) to work on /home/varn1t/ml-pipeline/venv/lib/python3.11/site-packages/airflow/example_dags/tutorial_objectstorage.py
[2026-05-24T15:56:22.260+0000] {processor.py:830} INFO - Processing file /home/varn1t/ml-pipeline/venv/lib/python3.11/site-packages/airflow/example_dags/tutorial_objectstorage.py for tasks to queue
[2026-05-24T15:56:22.262+0000] {logging_mixin.py:188} INFO - [2026-05-24T15:56:22.262+0000] {dagbag.py:545} INFO - Filling up the DagBag from /home/varn1t/ml-pipeline/venv/lib/python3.11/site-packages/airflow/example_dags/tutorial_objectstorage.py
[2026-05-24T15:56:22.268+0000] {processor.py:840} INFO - DAG(s) 'tutorial_objectstorage' retrieved from /home/varn1t/ml-pipeline/venv/lib/python3.11/site-packages/airflow/example_dags/tutorial_objectstorage.py
[2026-05-24T15:56:22.280+0000] {logging_mixin.py:188} INFO - [2026-05-24T15:56:22.280+0000] {dag.py:3096} INFO - Sync 1 DAGs
[2026-05-24T15:56:22.288+0000] {logging_mixin.py:188} INFO - [2026-05-24T15:56:22.288+0000] {dag.py:3954} INFO - Setting next_dagrun for tutorial_objectstorage to None, run_after=None
[2026-05-24T15:56:22.311+0000] {processor.py:183} INFO - Processing /home/varn1t/ml-pipeline/venv/lib/python3.11/site-packages/airflow/example_dags/tutorial_objectstorage.py took 0.056 seconds
[2026-05-24T15:57:08.528+0000] {processor.py:161} INFO - Started process (PID=9901) to work on /home/varn1t/ml-pipeline/venv/lib/python3.11/site-packages/airflow/example_dags/tutorial_objectstorage.py
[2026-05-24T15:57:08.529+0000] {processor.py:830} INFO - Processing file /home/varn1t/ml-pipeline/venv/lib/python3.11/site-packages/airflow/example_dags/tutorial_objectstorage.py for tasks to queue
[2026-05-24T15:57:08.531+0000] {logging_mixin.py:188} INFO - [2026-05-24T15:57:08.530+0000] {dagbag.py:545} INFO - Filling up the DagBag from /home/varn1t/ml-pipeline/venv/lib/python3.11/site-packages/airflow/example_dags/tutorial_objectstorage.py
[2026-05-24T15:57:08.540+0000] {processor.py:840} INFO - DAG(s) 'tutorial_objectstorage' retrieved from /home/varn1t/ml-pipeline/venv/lib/python3.11/site-packages/airflow/example_dags/tutorial_objectstorage.py
[2026-05-24T15:57:08.552+0000] {logging_mixin.py:188} INFO - [2026-05-24T15:57:08.552+0000] {dag.py:3096} INFO - Sync 1 DAGs
[2026-05-24T15:57:08.559+0000] {logging_mixin.py:188} INFO - [2026-05-24T15:57:08.559+0000] {dag.py:3954} INFO - Setting next_dagrun for tutorial_objectstorage to None, run_after=None
[2026-05-24T15:57:08.578+0000] {processor.py:183} INFO - Processing /home/varn1t/ml-pipeline/venv/lib/python3.11/site-packages/airflow/example_dags/tutorial_objectstorage.py took 0.055 seconds
[2026-05-24T15:57:52.834+0000] {processor.py:161} INFO - Started process (PID=10327) to work on /home/varn1t/ml-pipeline/venv/lib/python3.11/site-packages/airflow/example_dags/tutorial_objectstorage.py
[2026-05-24T15:57:52.835+0000] {processor.py:830} INFO - Processing file /home/varn1t/ml-pipeline/venv/lib/python3.11/site-packages/airflow/example_dags/tutorial_objectstorage.py for tasks to queue
[2026-05-24T15:57:52.836+0000] {logging_mixin.py:188} INFO - [2026-05-24T15:57:52.836+0000] {dagbag.py:545} INFO - Filling up the DagBag from /home/varn1t/ml-pipeline/venv/lib/python3.11/site-packages/airflow/example_dags/tutorial_objectstorage.py
[2026-05-24T15:57:52.842+0000] {processor.py:840} INFO - DAG(s) 'tutorial_objectstorage' retrieved from /home/varn1t/ml-pipeline/venv/lib/python3.11/site-packages/airflow/example_dags/tutorial_objectstorage.py
[2026-05-24T15:57:52.852+0000] {logging_mixin.py:188} INFO - [2026-05-24T15:57:52.852+0000] {dag.py:3096} INFO - Sync 1 DAGs
[2026-05-24T15:57:52.861+0000] {logging_mixin.py:188} INFO - [2026-05-24T15:57:52.861+0000] {dag.py:3954} INFO - Setting next_dagrun for tutorial_objectstorage to None, run_after=None
[2026-05-24T15:57:52.879+0000] {processor.py:183} INFO - Processing /home/varn1t/ml-pipeline/venv/lib/python3.11/site-packages/airflow/example_dags/tutorial_objectstorage.py took 0.050 seconds
[2026-05-24T15:58:41.764+0000] {processor.py:161} INFO - Started process (PID=10739) to work on /home/varn1t/ml-pipeline/venv/lib/python3.11/site-packages/airflow/example_dags/tutorial_objectstorage.py
[2026-05-24T15:58:41.766+0000] {processor.py:830} INFO - Processing file /home/varn1t/ml-pipeline/venv/lib/python3.11/site-packages/airflow/example_dags/tutorial_objectstorage.py for tasks to queue
[2026-05-24T15:58:41.769+0000] {logging_mixin.py:188} INFO - [2026-05-24T15:58:41.768+0000] {dagbag.py:545} INFO - Filling up the DagBag from /home/varn1t/ml-pipeline/venv/lib/python3.11/site-packages/airflow/example_dags/tutorial_objectstorage.py
[2026-05-24T15:58:41.790+0000] {processor.py:840} INFO - DAG(s) 'tutorial_objectstorage' retrieved from /home/varn1t/ml-pipeline/venv/lib/python3.11/site-packages/airflow/example_dags/tutorial_objectstorage.py
[2026-05-24T15:58:41.813+0000] {logging_mixin.py:188} INFO - [2026-05-24T15:58:41.813+0000] {dag.py:3096} INFO - Sync 1 DAGs
[2026-05-24T15:58:41.827+0000] {logging_mixin.py:188} INFO - [2026-05-24T15:58:41.827+0000] {dag.py:3954} INFO - Setting next_dagrun for tutorial_objectstorage to None, run_after=None
[2026-05-24T15:58:41.853+0000] {processor.py:183} INFO - Processing /home/varn1t/ml-pipeline/venv/lib/python3.11/site-packages/airflow/example_dags/tutorial_objectstorage.py took 0.104 seconds
[2026-05-24T15:59:34.856+0000] {processor.py:161} INFO - Started process (PID=11116) to work on /home/varn1t/ml-pipeline/venv/lib/python3.11/site-packages/airflow/example_dags/tutorial_objectstorage.py
[2026-05-24T15:59:34.857+0000] {processor.py:830} INFO - Processing file /home/varn1t/ml-pipeline/venv/lib/python3.11/site-packages/airflow/example_dags/tutorial_objectstorage.py for tasks to queue
[2026-05-24T15:59:34.858+0000] {logging_mixin.py:188} INFO - [2026-05-24T15:59:34.858+0000] {dagbag.py:545} INFO - Filling up the DagBag from /home/varn1t/ml-pipeline/venv/lib/python3.11/site-packages/airflow/example_dags/tutorial_objectstorage.py
[2026-05-24T15:59:34.867+0000] {processor.py:840} INFO - DAG(s) 'tutorial_objectstorage' retrieved from /home/varn1t/ml-pipeline/venv/lib/python3.11/site-packages/airflow/example_dags/tutorial_objectstorage.py
[2026-05-24T15:59:34.878+0000] {logging_mixin.py:188} INFO - [2026-05-24T15:59:34.878+0000] {dag.py:3096} INFO - Sync 1 DAGs
[2026-05-24T15:59:34.884+0000] {logging_mixin.py:188} INFO - [2026-05-24T15:59:34.884+0000] {dag.py:3954} INFO - Setting next_dagrun for tutorial_objectstorage to None, run_after=None
[2026-05-24T15:59:34.900+0000] {processor.py:183} INFO - Processing /home/varn1t/ml-pipeline/venv/lib/python3.11/site-packages/airflow/example_dags/tutorial_objectstorage.py took 0.048 seconds
[2026-05-24T16:00:17.761+0000] {processor.py:161} INFO - Started process (PID=11310) to work on /home/varn1t/ml-pipeline/venv/lib/python3.11/site-packages/airflow/example_dags/tutorial_objectstorage.py
[2026-05-24T16:00:17.762+0000] {processor.py:830} INFO - Processing file /home/varn1t/ml-pipeline/venv/lib/python3.11/site-packages/airflow/example_dags/tutorial_objectstorage.py for tasks to queue
[2026-05-24T16:00:17.764+0000] {logging_mixin.py:188} INFO - [2026-05-24T16:00:17.764+0000] {dagbag.py:545} INFO - Filling up the DagBag from /home/varn1t/ml-pipeline/venv/lib/python3.11/site-packages/airflow/example_dags/tutorial_objectstorage.py
[2026-05-24T16:00:17.773+0000] {processor.py:840} INFO - DAG(s) 'tutorial_objectstorage' retrieved from /home/varn1t/ml-pipeline/venv/lib/python3.11/site-packages/airflow/example_dags/tutorial_objectstorage.py
[2026-05-24T16:00:17.788+0000] {logging_mixin.py:188} INFO - [2026-05-24T16:00:17.788+0000] {dag.py:3096} INFO - Sync 1 DAGs
[2026-05-24T16:00:17.796+0000] {logging_mixin.py:188} INFO - [2026-05-24T16:00:17.796+0000] {dag.py:3954} INFO - Setting next_dagrun for tutorial_objectstorage to None, run_after=None
[2026-05-24T16:00:17.815+0000] {processor.py:183} INFO - Processing /home/varn1t/ml-pipeline/venv/lib/python3.11/site-packages/airflow/example_dags/tutorial_objectstorage.py took 0.060 seconds
[2026-05-24T16:01:00.522+0000] {processor.py:161} INFO - Started process (PID=11491) to work on /home/varn1t/ml-pipeline/venv/lib/python3.11/site-packages/airflow/example_dags/tutorial_objectstorage.py
[2026-05-24T16:01:00.523+0000] {processor.py:830} INFO - Processing file /home/varn1t/ml-pipeline/venv/lib/python3.11/site-packages/airflow/example_dags/tutorial_objectstorage.py for tasks to queue
[2026-05-24T16:01:00.524+0000] {logging_mixin.py:188} INFO - [2026-05-24T16:01:00.524+0000] {dagbag.py:545} INFO - Filling up the DagBag from /home/varn1t/ml-pipeline/venv/lib/python3.11/site-packages/airflow/example_dags/tutorial_objectstorage.py
[2026-05-24T16:01:00.530+0000] {processor.py:840} INFO - DAG(s) 'tutorial_objectstorage' retrieved from /home/varn1t/ml-pipeline/venv/lib/python3.11/site-packages/airflow/example_dags/tutorial_objectstorage.py
[2026-05-24T16:01:00.539+0000] {logging_mixin.py:188} INFO - [2026-05-24T16:01:00.539+0000] {dag.py:3096} INFO - Sync 1 DAGs
[2026-05-24T16:01:00.546+0000] {logging_mixin.py:188} INFO - [2026-05-24T16:01:00.546+0000] {dag.py:3954} INFO - Setting next_dagrun for tutorial_objectstorage to None, run_after=None
[2026-05-24T16:01:00.559+0000] {processor.py:183} INFO - Processing /home/varn1t/ml-pipeline/venv/lib/python3.11/site-packages/airflow/example_dags/tutorial_objectstorage.py took 0.043 seconds
[2026-05-24T16:01:39.784+0000] {processor.py:161} INFO - Started process (PID=11691) to work on /home/varn1t/ml-pipeline/venv/lib/python3.11/site-packages/airflow/example_dags/tutorial_objectstorage.py
[2026-05-24T16:01:39.785+0000] {processor.py:830} INFO - Processing file /home/varn1t/ml-pipeline/venv/lib/python3.11/site-packages/airflow/example_dags/tutorial_objectstorage.py for tasks to queue
[2026-05-24T16:01:39.786+0000] {logging_mixin.py:188} INFO - [2026-05-24T16:01:39.786+0000] {dagbag.py:545} INFO - Filling up the DagBag from /home/varn1t/ml-pipeline/venv/lib/python3.11/site-packages/airflow/example_dags/tutorial_objectstorage.py
[2026-05-24T16:01:39.792+0000] {processor.py:840} INFO - DAG(s) 'tutorial_objectstorage' retrieved from /home/varn1t/ml-pipeline/venv/lib/python3.11/site-packages/airflow/example_dags/tutorial_objectstorage.py
[2026-05-24T16:01:39.804+0000] {logging_mixin.py:188} INFO - [2026-05-24T16:01:39.803+0000] {dag.py:3096} INFO - Sync 1 DAGs
[2026-05-24T16:01:39.812+0000] {logging_mixin.py:188} INFO - [2026-05-24T16:01:39.812+0000] {dag.py:3954} INFO - Setting next_dagrun for tutorial_objectstorage to None, run_after=None
[2026-05-24T16:01:39.827+0000] {processor.py:183} INFO - Processing /home/varn1t/ml-pipeline/venv/lib/python3.11/site-packages/airflow/example_dags/tutorial_objectstorage.py took 0.048 seconds
[2026-05-24T16:03:27.715+0000] {processor.py:161} INFO - Started process (PID=13770) to work on /home/varn1t/ml-pipeline/venv/lib/python3.11/site-packages/airflow/example_dags/tutorial_objectstorage.py
[2026-05-24T16:03:27.716+0000] {processor.py:830} INFO - Processing file /home/varn1t/ml-pipeline/venv/lib/python3.11/site-packages/airflow/example_dags/tutorial_objectstorage.py for tasks to queue
[2026-05-24T16:03:27.718+0000] {logging_mixin.py:188} INFO - [2026-05-24T16:03:27.717+0000] {dagbag.py:545} INFO - Filling up the DagBag from /home/varn1t/ml-pipeline/venv/lib/python3.11/site-packages/airflow/example_dags/tutorial_objectstorage.py
[2026-05-24T16:03:27.725+0000] {processor.py:840} INFO - DAG(s) 'tutorial_objectstorage' retrieved from /home/varn1t/ml-pipeline/venv/lib/python3.11/site-packages/airflow/example_dags/tutorial_objectstorage.py
[2026-05-24T16:03:27.739+0000] {logging_mixin.py:188} INFO - [2026-05-24T16:03:27.738+0000] {dag.py:3096} INFO - Sync 1 DAGs
[2026-05-24T16:03:27.747+0000] {logging_mixin.py:188} INFO - [2026-05-24T16:03:27.747+0000] {dag.py:3954} INFO - Setting next_dagrun for tutorial_objectstorage to None, run_after=None
[2026-05-24T16:03:27.766+0000] {processor.py:183} INFO - Processing /home/varn1t/ml-pipeline/venv/lib/python3.11/site-packages/airflow/example_dags/tutorial_objectstorage.py took 0.057 seconds
[2026-05-24T16:04:16.033+0000] {processor.py:161} INFO - Started process (PID=14083) to work on /home/varn1t/ml-pipeline/venv/lib/python3.11/site-packages/airflow/example_dags/tutorial_objectstorage.py
[2026-05-24T16:04:16.034+0000] {processor.py:830} INFO - Processing file /home/varn1t/ml-pipeline/venv/lib/python3.11/site-packages/airflow/example_dags/tutorial_objectstorage.py for tasks to queue
[2026-05-24T16:04:16.036+0000] {logging_mixin.py:188} INFO - [2026-05-24T16:04:16.036+0000] {dagbag.py:545} INFO - Filling up the DagBag from /home/varn1t/ml-pipeline/venv/lib/python3.11/site-packages/airflow/example_dags/tutorial_objectstorage.py
[2026-05-24T16:04:16.042+0000] {processor.py:840} INFO - DAG(s) 'tutorial_objectstorage' retrieved from /home/varn1t/ml-pipeline/venv/lib/python3.11/site-packages/airflow/example_dags/tutorial_objectstorage.py
[2026-05-24T16:04:16.054+0000] {logging_mixin.py:188} INFO - [2026-05-24T16:04:16.054+0000] {dag.py:3096} INFO - Sync 1 DAGs
[2026-05-24T16:04:16.063+0000] {logging_mixin.py:188} INFO - [2026-05-24T16:04:16.063+0000] {dag.py:3954} INFO - Setting next_dagrun for tutorial_objectstorage to None, run_after=None
[2026-05-24T16:04:16.082+0000] {processor.py:183} INFO - Processing /home/varn1t/ml-pipeline/venv/lib/python3.11/site-packages/airflow/example_dags/tutorial_objectstorage.py took 0.054 seconds
[2026-05-24T16:04:59.963+0000] {processor.py:161} INFO - Started process (PID=14281) to work on /home/varn1t/ml-pipeline/venv/lib/python3.11/site-packages/airflow/example_dags/tutorial_objectstorage.py
[2026-05-24T16:04:59.965+0000] {processor.py:830} INFO - Processing file /home/varn1t/ml-pipeline/venv/lib/python3.11/site-packages/airflow/example_dags/tutorial_objectstorage.py for tasks to queue
[2026-05-24T16:04:59.967+0000] {logging_mixin.py:188} INFO - [2026-05-24T16:04:59.966+0000] {dagbag.py:545} INFO - Filling up the DagBag from /home/varn1t/ml-pipeline/venv/lib/python3.11/site-packages/airflow/example_dags/tutorial_objectstorage.py
[2026-05-24T16:04:59.975+0000] {processor.py:840} INFO - DAG(s) 'tutorial_objectstorage' retrieved from /home/varn1t/ml-pipeline/venv/lib/python3.11/site-packages/airflow/example_dags/tutorial_objectstorage.py
[2026-05-24T16:04:59.988+0000] {logging_mixin.py:188} INFO - [2026-05-24T16:04:59.987+0000] {dag.py:3096} INFO - Sync 1 DAGs
[2026-05-24T16:04:59.995+0000] {logging_mixin.py:188} INFO - [2026-05-24T16:04:59.995+0000] {dag.py:3954} INFO - Setting next_dagrun for tutorial_objectstorage to None, run_after=None
[2026-05-24T16:05:00.013+0000] {processor.py:183} INFO - Processing /home/varn1t/ml-pipeline/venv/lib/python3.11/site-packages/airflow/example_dags/tutorial_objectstorage.py took 0.056 seconds
[2026-05-24T16:05:42.032+0000] {processor.py:161} INFO - Started process (PID=14461) to work on /home/varn1t/ml-pipeline/venv/lib/python3.11/site-packages/airflow/example_dags/tutorial_objectstorage.py
[2026-05-24T16:05:42.033+0000] {processor.py:830} INFO - Processing file /home/varn1t/ml-pipeline/venv/lib/python3.11/site-packages/airflow/example_dags/tutorial_objectstorage.py for tasks to queue
[2026-05-24T16:05:42.035+0000] {logging_mixin.py:188} INFO - [2026-05-24T16:05:42.035+0000] {dagbag.py:545} INFO - Filling up the DagBag from /home/varn1t/ml-pipeline/venv/lib/python3.11/site-packages/airflow/example_dags/tutorial_objectstorage.py
[2026-05-24T16:05:42.043+0000] {processor.py:840} INFO - DAG(s) 'tutorial_objectstorage' retrieved from /home/varn1t/ml-pipeline/venv/lib/python3.11/site-packages/airflow/example_dags/tutorial_objectstorage.py
[2026-05-24T16:05:42.057+0000] {logging_mixin.py:188} INFO - [2026-05-24T16:05:42.056+0000] {dag.py:3096} INFO - Sync 1 DAGs
[2026-05-24T16:05:42.063+0000] {logging_mixin.py:188} INFO - [2026-05-24T16:05:42.063+0000] {dag.py:3954} INFO - Setting next_dagrun for tutorial_objectstorage to None, run_after=None
[2026-05-24T16:05:42.080+0000] {processor.py:183} INFO - Processing /home/varn1t/ml-pipeline/venv/lib/python3.11/site-packages/airflow/example_dags/tutorial_objectstorage.py took 0.054 seconds
[2026-05-24T16:06:24.818+0000] {processor.py:161} INFO - Started process (PID=14647) to work on /home/varn1t/ml-pipeline/venv/lib/python3.11/site-packages/airflow/example_dags/tutorial_objectstorage.py
[2026-05-24T16:06:24.819+0000] {processor.py:830} INFO - Processing file /home/varn1t/ml-pipeline/venv/lib/python3.11/site-packages/airflow/example_dags/tutorial_objectstorage.py for tasks to queue
[2026-05-24T16:06:24.820+0000] {logging_mixin.py:188} INFO - [2026-05-24T16:06:24.820+0000] {dagbag.py:545} INFO - Filling up the DagBag from /home/varn1t/ml-pipeline/venv/lib/python3.11/site-packages/airflow/example_dags/tutorial_objectstorage.py
[2026-05-24T16:06:24.828+0000] {processor.py:840} INFO - DAG(s) 'tutorial_objectstorage' retrieved from /home/varn1t/ml-pipeline/venv/lib/python3.11/site-packages/airflow/example_dags/tutorial_objectstorage.py
[2026-05-24T16:06:24.839+0000] {logging_mixin.py:188} INFO - [2026-05-24T16:06:24.839+0000] {dag.py:3096} INFO - Sync 1 DAGs
[2026-05-24T16:06:24.848+0000] {logging_mixin.py:188} INFO - [2026-05-24T16:06:24.848+0000] {dag.py:3954} INFO - Setting next_dagrun for tutorial_objectstorage to None, run_after=None
[2026-05-24T16:06:24.867+0000] {processor.py:183} INFO - Processing /home/varn1t/ml-pipeline/venv/lib/python3.11/site-packages/airflow/example_dags/tutorial_objectstorage.py took 0.054 seconds
[2026-05-24T16:07:05.314+0000] {processor.py:161} INFO - Started process (PID=14848) to work on /home/varn1t/ml-pipeline/venv/lib/python3.11/site-packages/airflow/example_dags/tutorial_objectstorage.py
[2026-05-24T16:07:05.315+0000] {processor.py:830} INFO - Processing file /home/varn1t/ml-pipeline/venv/lib/python3.11/site-packages/airflow/example_dags/tutorial_objectstorage.py for tasks to queue
[2026-05-24T16:07:05.316+0000] {logging_mixin.py:188} INFO - [2026-05-24T16:07:05.316+0000] {dagbag.py:545} INFO - Filling up the DagBag from /home/varn1t/ml-pipeline/venv/lib/python3.11/site-packages/airflow/example_dags/tutorial_objectstorage.py
[2026-05-24T16:07:05.322+0000] {processor.py:840} INFO - DAG(s) 'tutorial_objectstorage' retrieved from /home/varn1t/ml-pipeline/venv/lib/python3.11/site-packages/airflow/example_dags/tutorial_objectstorage.py
[2026-05-24T16:07:05.336+0000] {logging_mixin.py:188} INFO - [2026-05-24T16:07:05.336+0000] {dag.py:3096} INFO - Sync 1 DAGs
[2026-05-24T16:07:05.343+0000] {logging_mixin.py:188} INFO - [2026-05-24T16:07:05.343+0000] {dag.py:3954} INFO - Setting next_dagrun for tutorial_objectstorage to None, run_after=None
[2026-05-24T16:07:05.357+0000] {processor.py:183} INFO - Processing /home/varn1t/ml-pipeline/venv/lib/python3.11/site-packages/airflow/example_dags/tutorial_objectstorage.py took 0.047 seconds
[2026-05-24T16:07:44.154+0000] {processor.py:161} INFO - Started process (PID=15050) to work on /home/varn1t/ml-pipeline/venv/lib/python3.11/site-packages/airflow/example_dags/tutorial_objectstorage.py
[2026-05-24T16:07:44.155+0000] {processor.py:830} INFO - Processing file /home/varn1t/ml-pipeline/venv/lib/python3.11/site-packages/airflow/example_dags/tutorial_objectstorage.py for tasks to queue
[2026-05-24T16:07:44.156+0000] {logging_mixin.py:188} INFO - [2026-05-24T16:07:44.156+0000] {dagbag.py:545} INFO - Filling up the DagBag from /home/varn1t/ml-pipeline/venv/lib/python3.11/site-packages/airflow/example_dags/tutorial_objectstorage.py
[2026-05-24T16:07:44.163+0000] {processor.py:840} INFO - DAG(s) 'tutorial_objectstorage' retrieved from /home/varn1t/ml-pipeline/venv/lib/python3.11/site-packages/airflow/example_dags/tutorial_objectstorage.py
[2026-05-24T16:07:44.174+0000] {logging_mixin.py:188} INFO - [2026-05-24T16:07:44.174+0000] {dag.py:3096} INFO - Sync 1 DAGs
[2026-05-24T16:07:44.183+0000] {logging_mixin.py:188} INFO - [2026-05-24T16:07:44.183+0000] {dag.py:3954} INFO - Setting next_dagrun for tutorial_objectstorage to None, run_after=None
[2026-05-24T16:07:44.198+0000] {processor.py:183} INFO - Processing /home/varn1t/ml-pipeline/venv/lib/python3.11/site-packages/airflow/example_dags/tutorial_objectstorage.py took 0.050 seconds
[2026-05-24T16:08:25.227+0000] {processor.py:161} INFO - Started process (PID=15251) to work on /home/varn1t/ml-pipeline/venv/lib/python3.11/site-packages/airflow/example_dags/tutorial_objectstorage.py
[2026-05-24T16:08:25.228+0000] {processor.py:830} INFO - Processing file /home/varn1t/ml-pipeline/venv/lib/python3.11/site-packages/airflow/example_dags/tutorial_objectstorage.py for tasks to queue
[2026-05-24T16:08:25.230+0000] {logging_mixin.py:188} INFO - [2026-05-24T16:08:25.230+0000] {dagbag.py:545} INFO - Filling up the DagBag from /home/varn1t/ml-pipeline/venv/lib/python3.11/site-packages/airflow/example_dags/tutorial_objectstorage.py
[2026-05-24T16:08:25.237+0000] {processor.py:840} INFO - DAG(s) 'tutorial_objectstorage' retrieved from /home/varn1t/ml-pipeline/venv/lib/python3.11/site-packages/airflow/example_dags/tutorial_objectstorage.py
[2026-05-24T16:08:25.248+0000] {logging_mixin.py:188} INFO - [2026-05-24T16:08:25.248+0000] {dag.py:3096} INFO - Sync 1 DAGs
[2026-05-24T16:08:25.257+0000] {logging_mixin.py:188} INFO - [2026-05-24T16:08:25.257+0000] {dag.py:3954} INFO - Setting next_dagrun for tutorial_objectstorage to None, run_after=None
[2026-05-24T16:08:25.276+0000] {processor.py:183} INFO - Processing /home/varn1t/ml-pipeline/venv/lib/python3.11/site-packages/airflow/example_dags/tutorial_objectstorage.py took 0.053 seconds
[2026-05-24T16:09:11.144+0000] {processor.py:161} INFO - Started process (PID=15474) to work on /home/varn1t/ml-pipeline/venv/lib/python3.11/site-packages/airflow/example_dags/tutorial_objectstorage.py
[2026-05-24T16:09:11.145+0000] {processor.py:830} INFO - Processing file /home/varn1t/ml-pipeline/venv/lib/python3.11/site-packages/airflow/example_dags/tutorial_objectstorage.py for tasks to queue
[2026-05-24T16:09:11.147+0000] {logging_mixin.py:188} INFO - [2026-05-24T16:09:11.146+0000] {dagbag.py:545} INFO - Filling up the DagBag from /home/varn1t/ml-pipeline/venv/lib/python3.11/site-packages/airflow/example_dags/tutorial_objectstorage.py
[2026-05-24T16:09:11.152+0000] {processor.py:840} INFO - DAG(s) 'tutorial_objectstorage' retrieved from /home/varn1t/ml-pipeline/venv/lib/python3.11/site-packages/airflow/example_dags/tutorial_objectstorage.py
[2026-05-24T16:09:11.162+0000] {logging_mixin.py:188} INFO - [2026-05-24T16:09:11.162+0000] {dag.py:3096} INFO - Sync 1 DAGs
[2026-05-24T16:09:11.169+0000] {logging_mixin.py:188} INFO - [2026-05-24T16:09:11.169+0000] {dag.py:3954} INFO - Setting next_dagrun for tutorial_objectstorage to None, run_after=None
[2026-05-24T16:09:11.190+0000] {processor.py:183} INFO - Processing /home/varn1t/ml-pipeline/venv/lib/python3.11/site-packages/airflow/example_dags/tutorial_objectstorage.py took 0.049 seconds
[2026-05-24T16:09:53.157+0000] {processor.py:161} INFO - Started process (PID=15657) to work on /home/varn1t/ml-pipeline/venv/lib/python3.11/site-packages/airflow/example_dags/tutorial_objectstorage.py
[2026-05-24T16:09:53.159+0000] {processor.py:830} INFO - Processing file /home/varn1t/ml-pipeline/venv/lib/python3.11/site-packages/airflow/example_dags/tutorial_objectstorage.py for tasks to queue
[2026-05-24T16:09:53.160+0000] {logging_mixin.py:188} INFO - [2026-05-24T16:09:53.160+0000] {dagbag.py:545} INFO - Filling up the DagBag from /home/varn1t/ml-pipeline/venv/lib/python3.11/site-packages/airflow/example_dags/tutorial_objectstorage.py
[2026-05-24T16:09:53.167+0000] {processor.py:840} INFO - DAG(s) 'tutorial_objectstorage' retrieved from /home/varn1t/ml-pipeline/venv/lib/python3.11/site-packages/airflow/example_dags/tutorial_objectstorage.py
[2026-05-24T16:09:53.179+0000] {logging_mixin.py:188} INFO - [2026-05-24T16:09:53.179+0000] {dag.py:3096} INFO - Sync 1 DAGs
[2026-05-24T16:09:53.187+0000] {logging_mixin.py:188} INFO - [2026-05-24T16:09:53.187+0000] {dag.py:3954} INFO - Setting next_dagrun for tutorial_objectstorage to None, run_after=None
[2026-05-24T16:09:53.201+0000] {processor.py:183} INFO - Processing /home/varn1t/ml-pipeline/venv/lib/python3.11/site-packages/airflow/example_dags/tutorial_objectstorage.py took 0.049 seconds
[2026-05-24T16:10:35.826+0000] {processor.py:161} INFO - Started process (PID=15844) to work on /home/varn1t/ml-pipeline/venv/lib/python3.11/site-packages/airflow/example_dags/tutorial_objectstorage.py
[2026-05-24T16:10:35.827+0000] {processor.py:830} INFO - Processing file /home/varn1t/ml-pipeline/venv/lib/python3.11/site-packages/airflow/example_dags/tutorial_objectstorage.py for tasks to queue
[2026-05-24T16:10:35.828+0000] {logging_mixin.py:188} INFO - [2026-05-24T16:10:35.828+0000] {dagbag.py:545} INFO - Filling up the DagBag from /home/varn1t/ml-pipeline/venv/lib/python3.11/site-packages/airflow/example_dags/tutorial_objectstorage.py
[2026-05-24T16:10:35.834+0000] {processor.py:840} INFO - DAG(s) 'tutorial_objectstorage' retrieved from /home/varn1t/ml-pipeline/venv/lib/python3.11/site-packages/airflow/example_dags/tutorial_objectstorage.py
[2026-05-24T16:10:35.845+0000] {logging_mixin.py:188} INFO - [2026-05-24T16:10:35.845+0000] {dag.py:3096} INFO - Sync 1 DAGs
[2026-05-24T16:10:35.852+0000] {logging_mixin.py:188} INFO - [2026-05-24T16:10:35.852+0000] {dag.py:3954} INFO - Setting next_dagrun for tutorial_objectstorage to None, run_after=None
[2026-05-24T16:10:35.869+0000] {processor.py:183} INFO - Processing /home/varn1t/ml-pipeline/venv/lib/python3.11/site-packages/airflow/example_dags/tutorial_objectstorage.py took 0.049 seconds
[2026-05-24T16:11:18.597+0000] {processor.py:161} INFO - Started process (PID=16024) to work on /home/varn1t/ml-pipeline/venv/lib/python3.11/site-packages/airflow/example_dags/tutorial_objectstorage.py
[2026-05-24T16:11:18.598+0000] {processor.py:830} INFO - Processing file /home/varn1t/ml-pipeline/venv/lib/python3.11/site-packages/airflow/example_dags/tutorial_objectstorage.py for tasks to queue
[2026-05-24T16:11:18.600+0000] {logging_mixin.py:188} INFO - [2026-05-24T16:11:18.599+0000] {dagbag.py:545} INFO - Filling up the DagBag from /home/varn1t/ml-pipeline/venv/lib/python3.11/site-packages/airflow/example_dags/tutorial_objectstorage.py
[2026-05-24T16:11:18.607+0000] {processor.py:840} INFO - DAG(s) 'tutorial_objectstorage' retrieved from /home/varn1t/ml-pipeline/venv/lib/python3.11/site-packages/airflow/example_dags/tutorial_objectstorage.py
[2026-05-24T16:11:18.618+0000] {logging_mixin.py:188} INFO - [2026-05-24T16:11:18.617+0000] {dag.py:3096} INFO - Sync 1 DAGs
[2026-05-24T16:11:18.625+0000] {logging_mixin.py:188} INFO - [2026-05-24T16:11:18.625+0000] {dag.py:3954} INFO - Setting next_dagrun for tutorial_objectstorage to None, run_after=None
[2026-05-24T16:11:18.641+0000] {processor.py:183} INFO - Processing /home/varn1t/ml-pipeline/venv/lib/python3.11/site-packages/airflow/example_dags/tutorial_objectstorage.py took 0.049 seconds
[2026-05-24T16:12:03.491+0000] {processor.py:161} INFO - Started process (PID=16245) to work on /home/varn1t/ml-pipeline/venv/lib/python3.11/site-packages/airflow/example_dags/tutorial_objectstorage.py
[2026-05-24T16:12:03.493+0000] {processor.py:830} INFO - Processing file /home/varn1t/ml-pipeline/venv/lib/python3.11/site-packages/airflow/example_dags/tutorial_objectstorage.py for tasks to queue
[2026-05-24T16:12:03.494+0000] {logging_mixin.py:188} INFO - [2026-05-24T16:12:03.494+0000] {dagbag.py:545} INFO - Filling up the DagBag from /home/varn1t/ml-pipeline/venv/lib/python3.11/site-packages/airflow/example_dags/tutorial_objectstorage.py
[2026-05-24T16:12:03.501+0000] {processor.py:840} INFO - DAG(s) 'tutorial_objectstorage' retrieved from /home/varn1t/ml-pipeline/venv/lib/python3.11/site-packages/airflow/example_dags/tutorial_objectstorage.py
[2026-05-24T16:12:03.516+0000] {logging_mixin.py:188} INFO - [2026-05-24T16:12:03.516+0000] {dag.py:3096} INFO - Sync 1 DAGs
[2026-05-24T16:12:03.524+0000] {logging_mixin.py:188} INFO - [2026-05-24T16:12:03.523+0000] {dag.py:3954} INFO - Setting next_dagrun for tutorial_objectstorage to None, run_after=None
[2026-05-24T16:12:03.540+0000] {processor.py:183} INFO - Processing /home/varn1t/ml-pipeline/venv/lib/python3.11/site-packages/airflow/example_dags/tutorial_objectstorage.py took 0.054 seconds
[2026-05-24T16:12:46.202+0000] {processor.py:161} INFO - Started process (PID=16427) to work on /home/varn1t/ml-pipeline/venv/lib/python3.11/site-packages/airflow/example_dags/tutorial_objectstorage.py
[2026-05-24T16:12:46.203+0000] {processor.py:830} INFO - Processing file /home/varn1t/ml-pipeline/venv/lib/python3.11/site-packages/airflow/example_dags/tutorial_objectstorage.py for tasks to queue
[2026-05-24T16:12:46.205+0000] {logging_mixin.py:188} INFO - [2026-05-24T16:12:46.204+0000] {dagbag.py:545} INFO - Filling up the DagBag from /home/varn1t/ml-pipeline/venv/lib/python3.11/site-packages/airflow/example_dags/tutorial_objectstorage.py
[2026-05-24T16:12:46.212+0000] {processor.py:840} INFO - DAG(s) 'tutorial_objectstorage' retrieved from /home/varn1t/ml-pipeline/venv/lib/python3.11/site-packages/airflow/example_dags/tutorial_objectstorage.py
[2026-05-24T16:12:46.223+0000] {logging_mixin.py:188} INFO - [2026-05-24T16:12:46.223+0000] {dag.py:3096} INFO - Sync 1 DAGs
[2026-05-24T16:12:46.229+0000] {logging_mixin.py:188} INFO - [2026-05-24T16:12:46.229+0000] {dag.py:3954} INFO - Setting next_dagrun for tutorial_objectstorage to None, run_after=None
[2026-05-24T16:12:46.245+0000] {processor.py:183} INFO - Processing /home/varn1t/ml-pipeline/venv/lib/python3.11/site-packages/airflow/example_dags/tutorial_objectstorage.py took 0.047 seconds
[2026-05-24T16:13:28.837+0000] {processor.py:161} INFO - Started process (PID=16616) to work on /home/varn1t/ml-pipeline/venv/lib/python3.11/site-packages/airflow/example_dags/tutorial_objectstorage.py
[2026-05-24T16:13:28.838+0000] {processor.py:830} INFO - Processing file /home/varn1t/ml-pipeline/venv/lib/python3.11/site-packages/airflow/example_dags/tutorial_objectstorage.py for tasks to queue
[2026-05-24T16:13:28.839+0000] {logging_mixin.py:188} INFO - [2026-05-24T16:13:28.839+0000] {dagbag.py:545} INFO - Filling up the DagBag from /home/varn1t/ml-pipeline/venv/lib/python3.11/site-packages/airflow/example_dags/tutorial_objectstorage.py
[2026-05-24T16:13:28.845+0000] {processor.py:840} INFO - DAG(s) 'tutorial_objectstorage' retrieved from /home/varn1t/ml-pipeline/venv/lib/python3.11/site-packages/airflow/example_dags/tutorial_objectstorage.py
[2026-05-24T16:13:28.856+0000] {logging_mixin.py:188} INFO - [2026-05-24T16:13:28.856+0000] {dag.py:3096} INFO - Sync 1 DAGs
[2026-05-24T16:13:28.863+0000] {logging_mixin.py:188} INFO - [2026-05-24T16:13:28.863+0000] {dag.py:3954} INFO - Setting next_dagrun for tutorial_objectstorage to None, run_after=None
[2026-05-24T16:13:28.880+0000] {processor.py:183} INFO - Processing /home/varn1t/ml-pipeline/venv/lib/python3.11/site-packages/airflow/example_dags/tutorial_objectstorage.py took 0.048 seconds
[2026-05-24T16:14:11.351+0000] {processor.py:161} INFO - Started process (PID=16796) to work on /home/varn1t/ml-pipeline/venv/lib/python3.11/site-packages/airflow/example_dags/tutorial_objectstorage.py
[2026-05-24T16:14:11.352+0000] {processor.py:830} INFO - Processing file /home/varn1t/ml-pipeline/venv/lib/python3.11/site-packages/airflow/example_dags/tutorial_objectstorage.py for tasks to queue
[2026-05-24T16:14:11.353+0000] {logging_mixin.py:188} INFO - [2026-05-24T16:14:11.353+0000] {dagbag.py:545} INFO - Filling up the DagBag from /home/varn1t/ml-pipeline/venv/lib/python3.11/site-packages/airflow/example_dags/tutorial_objectstorage.py
[2026-05-24T16:14:11.359+0000] {processor.py:840} INFO - DAG(s) 'tutorial_objectstorage' retrieved from /home/varn1t/ml-pipeline/venv/lib/python3.11/site-packages/airflow/example_dags/tutorial_objectstorage.py
[2026-05-24T16:14:11.370+0000] {logging_mixin.py:188} INFO - [2026-05-24T16:14:11.370+0000] {dag.py:3096} INFO - Sync 1 DAGs
[2026-05-24T16:14:11.379+0000] {logging_mixin.py:188} INFO - [2026-05-24T16:14:11.378+0000] {dag.py:3954} INFO - Setting next_dagrun for tutorial_objectstorage to None, run_after=None
[2026-05-24T16:14:11.401+0000] {processor.py:183} INFO - Processing /home/varn1t/ml-pipeline/venv/lib/python3.11/site-packages/airflow/example_dags/tutorial_objectstorage.py took 0.054 seconds
[2026-05-24T16:14:55.523+0000] {processor.py:161} INFO - Started process (PID=16997) to work on /home/varn1t/ml-pipeline/venv/lib/python3.11/site-packages/airflow/example_dags/tutorial_objectstorage.py
[2026-05-24T16:14:55.525+0000] {processor.py:830} INFO - Processing file /home/varn1t/ml-pipeline/venv/lib/python3.11/site-packages/airflow/example_dags/tutorial_objectstorage.py for tasks to queue
[2026-05-24T16:14:55.526+0000] {logging_mixin.py:188} INFO - [2026-05-24T16:14:55.526+0000] {dagbag.py:545} INFO - Filling up the DagBag from /home/varn1t/ml-pipeline/venv/lib/python3.11/site-packages/airflow/example_dags/tutorial_objectstorage.py
[2026-05-24T16:14:55.533+0000] {processor.py:840} INFO - DAG(s) 'tutorial_objectstorage' retrieved from /home/varn1t/ml-pipeline/venv/lib/python3.11/site-packages/airflow/example_dags/tutorial_objectstorage.py
[2026-05-24T16:14:55.548+0000] {logging_mixin.py:188} INFO - [2026-05-24T16:14:55.547+0000] {dag.py:3096} INFO - Sync 1 DAGs
[2026-05-24T16:14:55.556+0000] {logging_mixin.py:188} INFO - [2026-05-24T16:14:55.556+0000] {dag.py:3954} INFO - Setting next_dagrun for tutorial_objectstorage to None, run_after=None
[2026-05-24T16:14:55.578+0000] {processor.py:183} INFO - Processing /home/varn1t/ml-pipeline/venv/lib/python3.11/site-packages/airflow/example_dags/tutorial_objectstorage.py took 0.060 seconds
[2026-05-24T16:15:37.035+0000] {processor.py:161} INFO - Started process (PID=17177) to work on /home/varn1t/ml-pipeline/venv/lib/python3.11/site-packages/airflow/example_dags/tutorial_objectstorage.py
[2026-05-24T16:15:37.036+0000] {processor.py:830} INFO - Processing file /home/varn1t/ml-pipeline/venv/lib/python3.11/site-packages/airflow/example_dags/tutorial_objectstorage.py for tasks to queue
[2026-05-24T16:15:37.037+0000] {logging_mixin.py:188} INFO - [2026-05-24T16:15:37.037+0000] {dagbag.py:545} INFO - Filling up the DagBag from /home/varn1t/ml-pipeline/venv/lib/python3.11/site-packages/airflow/example_dags/tutorial_objectstorage.py
[2026-05-24T16:15:37.044+0000] {processor.py:840} INFO - DAG(s) 'tutorial_objectstorage' retrieved from /home/varn1t/ml-pipeline/venv/lib/python3.11/site-packages/airflow/example_dags/tutorial_objectstorage.py
[2026-05-24T16:15:37.055+0000] {logging_mixin.py:188} INFO - [2026-05-24T16:15:37.054+0000] {dag.py:3096} INFO - Sync 1 DAGs
[2026-05-24T16:15:37.062+0000] {logging_mixin.py:188} INFO - [2026-05-24T16:15:37.062+0000] {dag.py:3954} INFO - Setting next_dagrun for tutorial_objectstorage to None, run_after=None
[2026-05-24T16:15:37.080+0000] {processor.py:183} INFO - Processing /home/varn1t/ml-pipeline/venv/lib/python3.11/site-packages/airflow/example_dags/tutorial_objectstorage.py took 0.049 seconds
[2026-05-24T16:16:18.459+0000] {processor.py:161} INFO - Started process (PID=17357) to work on /home/varn1t/ml-pipeline/venv/lib/python3.11/site-packages/airflow/example_dags/tutorial_objectstorage.py
[2026-05-24T16:16:18.460+0000] {processor.py:830} INFO - Processing file /home/varn1t/ml-pipeline/venv/lib/python3.11/site-packages/airflow/example_dags/tutorial_objectstorage.py for tasks to queue
[2026-05-24T16:16:18.461+0000] {logging_mixin.py:188} INFO - [2026-05-24T16:16:18.461+0000] {dagbag.py:545} INFO - Filling up the DagBag from /home/varn1t/ml-pipeline/venv/lib/python3.11/site-packages/airflow/example_dags/tutorial_objectstorage.py
[2026-05-24T16:16:18.467+0000] {processor.py:840} INFO - DAG(s) 'tutorial_objectstorage' retrieved from /home/varn1t/ml-pipeline/venv/lib/python3.11/site-packages/airflow/example_dags/tutorial_objectstorage.py
[2026-05-24T16:16:18.478+0000] {logging_mixin.py:188} INFO - [2026-05-24T16:16:18.477+0000] {dag.py:3096} INFO - Sync 1 DAGs
[2026-05-24T16:16:18.484+0000] {logging_mixin.py:188} INFO - [2026-05-24T16:16:18.484+0000] {dag.py:3954} INFO - Setting next_dagrun for tutorial_objectstorage to None, run_after=None
[2026-05-24T16:16:18.501+0000] {processor.py:183} INFO - Processing /home/varn1t/ml-pipeline/venv/lib/python3.11/site-packages/airflow/example_dags/tutorial_objectstorage.py took 0.047 seconds
[2026-05-24T16:17:00.575+0000] {processor.py:161} INFO - Started process (PID=17564) to work on /home/varn1t/ml-pipeline/venv/lib/python3.11/site-packages/airflow/example_dags/tutorial_objectstorage.py
[2026-05-24T16:17:00.577+0000] {processor.py:830} INFO - Processing file /home/varn1t/ml-pipeline/venv/lib/python3.11/site-packages/airflow/example_dags/tutorial_objectstorage.py for tasks to queue
[2026-05-24T16:17:00.578+0000] {logging_mixin.py:188} INFO - [2026-05-24T16:17:00.578+0000] {dagbag.py:545} INFO - Filling up the DagBag from /home/varn1t/ml-pipeline/venv/lib/python3.11/site-packages/airflow/example_dags/tutorial_objectstorage.py
[2026-05-24T16:17:00.585+0000] {processor.py:840} INFO - DAG(s) 'tutorial_objectstorage' retrieved from /home/varn1t/ml-pipeline/venv/lib/python3.11/site-packages/airflow/example_dags/tutorial_objectstorage.py
[2026-05-24T16:17:00.599+0000] {logging_mixin.py:188} INFO - [2026-05-24T16:17:00.599+0000] {dag.py:3096} INFO - Sync 1 DAGs
[2026-05-24T16:17:00.606+0000] {logging_mixin.py:188} INFO - [2026-05-24T16:17:00.606+0000] {dag.py:3954} INFO - Setting next_dagrun for tutorial_objectstorage to None, run_after=None
[2026-05-24T16:17:00.622+0000] {processor.py:183} INFO - Processing /home/varn1t/ml-pipeline/venv/lib/python3.11/site-packages/airflow/example_dags/tutorial_objectstorage.py took 0.052 seconds
[2026-05-24T16:17:41.051+0000] {processor.py:161} INFO - Started process (PID=17799) to work on /home/varn1t/ml-pipeline/venv/lib/python3.11/site-packages/airflow/example_dags/tutorial_objectstorage.py
[2026-05-24T16:17:41.052+0000] {processor.py:830} INFO - Processing file /home/varn1t/ml-pipeline/venv/lib/python3.11/site-packages/airflow/example_dags/tutorial_objectstorage.py for tasks to queue
[2026-05-24T16:17:41.054+0000] {logging_mixin.py:188} INFO - [2026-05-24T16:17:41.054+0000] {dagbag.py:545} INFO - Filling up the DagBag from /home/varn1t/ml-pipeline/venv/lib/python3.11/site-packages/airflow/example_dags/tutorial_objectstorage.py
[2026-05-24T16:17:41.063+0000] {processor.py:840} INFO - DAG(s) 'tutorial_objectstorage' retrieved from /home/varn1t/ml-pipeline/venv/lib/python3.11/site-packages/airflow/example_dags/tutorial_objectstorage.py
[2026-05-24T16:17:41.079+0000] {logging_mixin.py:188} INFO - [2026-05-24T16:17:41.079+0000] {dag.py:3096} INFO - Sync 1 DAGs
[2026-05-24T16:17:41.089+0000] {logging_mixin.py:188} INFO - [2026-05-24T16:17:41.088+0000] {dag.py:3954} INFO - Setting next_dagrun for tutorial_objectstorage to None, run_after=None
[2026-05-24T16:17:41.117+0000] {processor.py:183} INFO - Processing /home/varn1t/ml-pipeline/venv/lib/python3.11/site-packages/airflow/example_dags/tutorial_objectstorage.py took 0.071 seconds
[2026-05-24T16:18:19.365+0000] {processor.py:161} INFO - Started process (PID=18077) to work on /home/varn1t/ml-pipeline/venv/lib/python3.11/site-packages/airflow/example_dags/tutorial_objectstorage.py
[2026-05-24T16:18:19.367+0000] {processor.py:830} INFO - Processing file /home/varn1t/ml-pipeline/venv/lib/python3.11/site-packages/airflow/example_dags/tutorial_objectstorage.py for tasks to queue
[2026-05-24T16:18:19.369+0000] {logging_mixin.py:188} INFO - [2026-05-24T16:18:19.368+0000] {dagbag.py:545} INFO - Filling up the DagBag from /home/varn1t/ml-pipeline/venv/lib/python3.11/site-packages/airflow/example_dags/tutorial_objectstorage.py
[2026-05-24T16:18:19.377+0000] {processor.py:840} INFO - DAG(s) 'tutorial_objectstorage' retrieved from /home/varn1t/ml-pipeline/venv/lib/python3.11/site-packages/airflow/example_dags/tutorial_objectstorage.py
[2026-05-24T16:18:19.391+0000] {logging_mixin.py:188} INFO - [2026-05-24T16:18:19.390+0000] {dag.py:3096} INFO - Sync 1 DAGs
[2026-05-24T16:18:19.400+0000] {logging_mixin.py:188} INFO - [2026-05-24T16:18:19.400+0000] {dag.py:3954} INFO - Setting next_dagrun for tutorial_objectstorage to None, run_after=None
[2026-05-24T16:18:19.421+0000] {processor.py:183} INFO - Processing /home/varn1t/ml-pipeline/venv/lib/python3.11/site-packages/airflow/example_dags/tutorial_objectstorage.py took 0.062 seconds
[2026-05-24T16:19:02.920+0000] {processor.py:161} INFO - Started process (PID=18598) to work on /home/varn1t/ml-pipeline/venv/lib/python3.11/site-packages/airflow/example_dags/tutorial_objectstorage.py
[2026-05-24T16:19:02.921+0000] {processor.py:830} INFO - Processing file /home/varn1t/ml-pipeline/venv/lib/python3.11/site-packages/airflow/example_dags/tutorial_objectstorage.py for tasks to queue
[2026-05-24T16:19:02.922+0000] {logging_mixin.py:188} INFO - [2026-05-24T16:19:02.922+0000] {dagbag.py:545} INFO - Filling up the DagBag from /home/varn1t/ml-pipeline/venv/lib/python3.11/site-packages/airflow/example_dags/tutorial_objectstorage.py
[2026-05-24T16:19:02.928+0000] {processor.py:840} INFO - DAG(s) 'tutorial_objectstorage' retrieved from /home/varn1t/ml-pipeline/venv/lib/python3.11/site-packages/airflow/example_dags/tutorial_objectstorage.py
[2026-05-24T16:19:02.939+0000] {logging_mixin.py:188} INFO - [2026-05-24T16:19:02.939+0000] {dag.py:3096} INFO - Sync 1 DAGs
[2026-05-24T16:19:02.947+0000] {logging_mixin.py:188} INFO - [2026-05-24T16:19:02.947+0000] {dag.py:3954} INFO - Setting next_dagrun for tutorial_objectstorage to None, run_after=None
[2026-05-24T16:19:02.964+0000] {processor.py:183} INFO - Processing /home/varn1t/ml-pipeline/venv/lib/python3.11/site-packages/airflow/example_dags/tutorial_objectstorage.py took 0.050 seconds
[2026-05-24T16:19:46.985+0000] {processor.py:161} INFO - Started process (PID=18835) to work on /home/varn1t/ml-pipeline/venv/lib/python3.11/site-packages/airflow/example_dags/tutorial_objectstorage.py
[2026-05-24T16:19:46.986+0000] {processor.py:830} INFO - Processing file /home/varn1t/ml-pipeline/venv/lib/python3.11/site-packages/airflow/example_dags/tutorial_objectstorage.py for tasks to queue
[2026-05-24T16:19:46.987+0000] {logging_mixin.py:188} INFO - [2026-05-24T16:19:46.987+0000] {dagbag.py:545} INFO - Filling up the DagBag from /home/varn1t/ml-pipeline/venv/lib/python3.11/site-packages/airflow/example_dags/tutorial_objectstorage.py
[2026-05-24T16:19:46.992+0000] {processor.py:840} INFO - DAG(s) 'tutorial_objectstorage' retrieved from /home/varn1t/ml-pipeline/venv/lib/python3.11/site-packages/airflow/example_dags/tutorial_objectstorage.py
[2026-05-24T16:19:47.001+0000] {logging_mixin.py:188} INFO - [2026-05-24T16:19:47.001+0000] {dag.py:3096} INFO - Sync 1 DAGs
[2026-05-24T16:19:47.007+0000] {logging_mixin.py:188} INFO - [2026-05-24T16:19:47.007+0000] {dag.py:3954} INFO - Setting next_dagrun for tutorial_objectstorage to None, run_after=None
[2026-05-24T16:19:47.022+0000] {processor.py:183} INFO - Processing /home/varn1t/ml-pipeline/venv/lib/python3.11/site-packages/airflow/example_dags/tutorial_objectstorage.py took 0.040 seconds
[2026-05-24T16:20:29.600+0000] {processor.py:161} INFO - Started process (PID=19310) to work on /home/varn1t/ml-pipeline/venv/lib/python3.11/site-packages/airflow/example_dags/tutorial_objectstorage.py
[2026-05-24T16:20:29.601+0000] {processor.py:830} INFO - Processing file /home/varn1t/ml-pipeline/venv/lib/python3.11/site-packages/airflow/example_dags/tutorial_objectstorage.py for tasks to queue
[2026-05-24T16:20:29.603+0000] {logging_mixin.py:188} INFO - [2026-05-24T16:20:29.602+0000] {dagbag.py:545} INFO - Filling up the DagBag from /home/varn1t/ml-pipeline/venv/lib/python3.11/site-packages/airflow/example_dags/tutorial_objectstorage.py
[2026-05-24T16:20:29.609+0000] {processor.py:840} INFO - DAG(s) 'tutorial_objectstorage' retrieved from /home/varn1t/ml-pipeline/venv/lib/python3.11/site-packages/airflow/example_dags/tutorial_objectstorage.py
[2026-05-24T16:20:29.620+0000] {logging_mixin.py:188} INFO - [2026-05-24T16:20:29.620+0000] {dag.py:3096} INFO - Sync 1 DAGs
[2026-05-24T16:20:29.627+0000] {logging_mixin.py:188} INFO - [2026-05-24T16:20:29.627+0000] {dag.py:3954} INFO - Setting next_dagrun for tutorial_objectstorage to None, run_after=None
[2026-05-24T16:20:29.642+0000] {processor.py:183} INFO - Processing /home/varn1t/ml-pipeline/venv/lib/python3.11/site-packages/airflow/example_dags/tutorial_objectstorage.py took 0.046 seconds
[2026-05-24T16:21:13.753+0000] {processor.py:161} INFO - Started process (PID=19637) to work on /home/varn1t/ml-pipeline/venv/lib/python3.11/site-packages/airflow/example_dags/tutorial_objectstorage.py
[2026-05-24T16:21:13.754+0000] {processor.py:830} INFO - Processing file /home/varn1t/ml-pipeline/venv/lib/python3.11/site-packages/airflow/example_dags/tutorial_objectstorage.py for tasks to queue
[2026-05-24T16:21:13.755+0000] {logging_mixin.py:188} INFO - [2026-05-24T16:21:13.755+0000] {dagbag.py:545} INFO - Filling up the DagBag from /home/varn1t/ml-pipeline/venv/lib/python3.11/site-packages/airflow/example_dags/tutorial_objectstorage.py
[2026-05-24T16:21:13.760+0000] {processor.py:840} INFO - DAG(s) 'tutorial_objectstorage' retrieved from /home/varn1t/ml-pipeline/venv/lib/python3.11/site-packages/airflow/example_dags/tutorial_objectstorage.py
[2026-05-24T16:21:13.769+0000] {logging_mixin.py:188} INFO - [2026-05-24T16:21:13.769+0000] {dag.py:3096} INFO - Sync 1 DAGs
[2026-05-24T16:21:13.774+0000] {logging_mixin.py:188} INFO - [2026-05-24T16:21:13.774+0000] {dag.py:3954} INFO - Setting next_dagrun for tutorial_objectstorage to None, run_after=None
[2026-05-24T16:21:13.789+0000] {processor.py:183} INFO - Processing /home/varn1t/ml-pipeline/venv/lib/python3.11/site-packages/airflow/example_dags/tutorial_objectstorage.py took 0.040 seconds
[2026-05-24T16:21:55.286+0000] {processor.py:161} INFO - Started process (PID=19844) to work on /home/varn1t/ml-pipeline/venv/lib/python3.11/site-packages/airflow/example_dags/tutorial_objectstorage.py
[2026-05-24T16:21:55.288+0000] {processor.py:830} INFO - Processing file /home/varn1t/ml-pipeline/venv/lib/python3.11/site-packages/airflow/example_dags/tutorial_objectstorage.py for tasks to queue
[2026-05-24T16:21:55.290+0000] {logging_mixin.py:188} INFO - [2026-05-24T16:21:55.289+0000] {dagbag.py:545} INFO - Filling up the DagBag from /home/varn1t/ml-pipeline/venv/lib/python3.11/site-packages/airflow/example_dags/tutorial_objectstorage.py
[2026-05-24T16:21:55.297+0000] {processor.py:840} INFO - DAG(s) 'tutorial_objectstorage' retrieved from /home/varn1t/ml-pipeline/venv/lib/python3.11/site-packages/airflow/example_dags/tutorial_objectstorage.py
[2026-05-24T16:21:55.311+0000] {logging_mixin.py:188} INFO - [2026-05-24T16:21:55.311+0000] {dag.py:3096} INFO - Sync 1 DAGs
[2026-05-24T16:21:55.320+0000] {logging_mixin.py:188} INFO - [2026-05-24T16:21:55.320+0000] {dag.py:3954} INFO - Setting next_dagrun for tutorial_objectstorage to None, run_after=None
[2026-05-24T16:21:55.335+0000] {processor.py:183} INFO - Processing /home/varn1t/ml-pipeline/venv/lib/python3.11/site-packages/airflow/example_dags/tutorial_objectstorage.py took 0.053 seconds
[2026-05-24T16:22:35.807+0000] {processor.py:161} INFO - Started process (PID=20110) to work on /home/varn1t/ml-pipeline/venv/lib/python3.11/site-packages/airflow/example_dags/tutorial_objectstorage.py
[2026-05-24T16:22:35.808+0000] {processor.py:830} INFO - Processing file /home/varn1t/ml-pipeline/venv/lib/python3.11/site-packages/airflow/example_dags/tutorial_objectstorage.py for tasks to queue
[2026-05-24T16:22:35.810+0000] {logging_mixin.py:188} INFO - [2026-05-24T16:22:35.809+0000] {dagbag.py:545} INFO - Filling up the DagBag from /home/varn1t/ml-pipeline/venv/lib/python3.11/site-packages/airflow/example_dags/tutorial_objectstorage.py
[2026-05-24T16:22:35.816+0000] {processor.py:840} INFO - DAG(s) 'tutorial_objectstorage' retrieved from /home/varn1t/ml-pipeline/venv/lib/python3.11/site-packages/airflow/example_dags/tutorial_objectstorage.py
[2026-05-24T16:22:35.828+0000] {logging_mixin.py:188} INFO - [2026-05-24T16:22:35.828+0000] {dag.py:3096} INFO - Sync 1 DAGs
[2026-05-24T16:22:35.836+0000] {logging_mixin.py:188} INFO - [2026-05-24T16:22:35.835+0000] {dag.py:3954} INFO - Setting next_dagrun for tutorial_objectstorage to None, run_after=None
[2026-05-24T16:22:35.853+0000] {processor.py:183} INFO - Processing /home/varn1t/ml-pipeline/venv/lib/python3.11/site-packages/airflow/example_dags/tutorial_objectstorage.py took 0.050 seconds
[2026-05-24T16:23:16.586+0000] {processor.py:161} INFO - Started process (PID=20285) to work on /home/varn1t/ml-pipeline/venv/lib/python3.11/site-packages/airflow/example_dags/tutorial_objectstorage.py
[2026-05-24T16:23:16.587+0000] {processor.py:830} INFO - Processing file /home/varn1t/ml-pipeline/venv/lib/python3.11/site-packages/airflow/example_dags/tutorial_objectstorage.py for tasks to queue
[2026-05-24T16:23:16.588+0000] {logging_mixin.py:188} INFO - [2026-05-24T16:23:16.588+0000] {dagbag.py:545} INFO - Filling up the DagBag from /home/varn1t/ml-pipeline/venv/lib/python3.11/site-packages/airflow/example_dags/tutorial_objectstorage.py
[2026-05-24T16:23:16.594+0000] {processor.py:840} INFO - DAG(s) 'tutorial_objectstorage' retrieved from /home/varn1t/ml-pipeline/venv/lib/python3.11/site-packages/airflow/example_dags/tutorial_objectstorage.py
[2026-05-24T16:23:16.603+0000] {logging_mixin.py:188} INFO - [2026-05-24T16:23:16.603+0000] {dag.py:3096} INFO - Sync 1 DAGs
[2026-05-24T16:23:16.610+0000] {logging_mixin.py:188} INFO - [2026-05-24T16:23:16.610+0000] {dag.py:3954} INFO - Setting next_dagrun for tutorial_objectstorage to None, run_after=None
[2026-05-24T16:23:16.625+0000] {processor.py:183} INFO - Processing /home/varn1t/ml-pipeline/venv/lib/python3.11/site-packages/airflow/example_dags/tutorial_objectstorage.py took 0.042 seconds
[2026-05-24T16:23:56.773+0000] {processor.py:161} INFO - Started process (PID=20462) to work on /home/varn1t/ml-pipeline/venv/lib/python3.11/site-packages/airflow/example_dags/tutorial_objectstorage.py
[2026-05-24T16:23:56.774+0000] {processor.py:830} INFO - Processing file /home/varn1t/ml-pipeline/venv/lib/python3.11/site-packages/airflow/example_dags/tutorial_objectstorage.py for tasks to queue
[2026-05-24T16:23:56.775+0000] {logging_mixin.py:188} INFO - [2026-05-24T16:23:56.775+0000] {dagbag.py:545} INFO - Filling up the DagBag from /home/varn1t/ml-pipeline/venv/lib/python3.11/site-packages/airflow/example_dags/tutorial_objectstorage.py
[2026-05-24T16:23:56.781+0000] {processor.py:840} INFO - DAG(s) 'tutorial_objectstorage' retrieved from /home/varn1t/ml-pipeline/venv/lib/python3.11/site-packages/airflow/example_dags/tutorial_objectstorage.py
[2026-05-24T16:23:56.791+0000] {logging_mixin.py:188} INFO - [2026-05-24T16:23:56.791+0000] {dag.py:3096} INFO - Sync 1 DAGs
[2026-05-24T16:23:56.799+0000] {logging_mixin.py:188} INFO - [2026-05-24T16:23:56.799+0000] {dag.py:3954} INFO - Setting next_dagrun for tutorial_objectstorage to None, run_after=None
[2026-05-24T16:23:56.822+0000] {processor.py:183} INFO - Processing /home/varn1t/ml-pipeline/venv/lib/python3.11/site-packages/airflow/example_dags/tutorial_objectstorage.py took 0.056 seconds
[2026-05-24T16:24:42.303+0000] {processor.py:161} INFO - Started process (PID=20660) to work on /home/varn1t/ml-pipeline/venv/lib/python3.11/site-packages/airflow/example_dags/tutorial_objectstorage.py
[2026-05-24T16:24:42.304+0000] {processor.py:830} INFO - Processing file /home/varn1t/ml-pipeline/venv/lib/python3.11/site-packages/airflow/example_dags/tutorial_objectstorage.py for tasks to queue
[2026-05-24T16:24:42.305+0000] {logging_mixin.py:188} INFO - [2026-05-24T16:24:42.305+0000] {dagbag.py:545} INFO - Filling up the DagBag from /home/varn1t/ml-pipeline/venv/lib/python3.11/site-packages/airflow/example_dags/tutorial_objectstorage.py
[2026-05-24T16:24:42.311+0000] {processor.py:840} INFO - DAG(s) 'tutorial_objectstorage' retrieved from /home/varn1t/ml-pipeline/venv/lib/python3.11/site-packages/airflow/example_dags/tutorial_objectstorage.py
[2026-05-24T16:24:42.321+0000] {logging_mixin.py:188} INFO - [2026-05-24T16:24:42.321+0000] {dag.py:3096} INFO - Sync 1 DAGs
[2026-05-24T16:24:42.327+0000] {logging_mixin.py:188} INFO - [2026-05-24T16:24:42.327+0000] {dag.py:3954} INFO - Setting next_dagrun for tutorial_objectstorage to None, run_after=None
[2026-05-24T16:24:42.341+0000] {processor.py:183} INFO - Processing /home/varn1t/ml-pipeline/venv/lib/python3.11/site-packages/airflow/example_dags/tutorial_objectstorage.py took 0.042 seconds
[2026-05-24T16:25:26.232+0000] {processor.py:161} INFO - Started process (PID=20896) to work on /home/varn1t/ml-pipeline/venv/lib/python3.11/site-packages/airflow/example_dags/tutorial_objectstorage.py
[2026-05-24T16:25:26.235+0000] {processor.py:830} INFO - Processing file /home/varn1t/ml-pipeline/venv/lib/python3.11/site-packages/airflow/example_dags/tutorial_objectstorage.py for tasks to queue
[2026-05-24T16:25:26.237+0000] {logging_mixin.py:188} INFO - [2026-05-24T16:25:26.236+0000] {dagbag.py:545} INFO - Filling up the DagBag from /home/varn1t/ml-pipeline/venv/lib/python3.11/site-packages/airflow/example_dags/tutorial_objectstorage.py
[2026-05-24T16:25:26.244+0000] {processor.py:840} INFO - DAG(s) 'tutorial_objectstorage' retrieved from /home/varn1t/ml-pipeline/venv/lib/python3.11/site-packages/airflow/example_dags/tutorial_objectstorage.py
[2026-05-24T16:25:26.260+0000] {logging_mixin.py:188} INFO - [2026-05-24T16:25:26.260+0000] {dag.py:3096} INFO - Sync 1 DAGs
[2026-05-24T16:25:26.270+0000] {logging_mixin.py:188} INFO - [2026-05-24T16:25:26.269+0000] {dag.py:3954} INFO - Setting next_dagrun for tutorial_objectstorage to None, run_after=None
[2026-05-24T16:25:26.287+0000] {processor.py:183} INFO - Processing /home/varn1t/ml-pipeline/venv/lib/python3.11/site-packages/airflow/example_dags/tutorial_objectstorage.py took 0.062 seconds
[2026-05-24T16:26:09.317+0000] {processor.py:161} INFO - Started process (PID=21160) to work on /home/varn1t/ml-pipeline/venv/lib/python3.11/site-packages/airflow/example_dags/tutorial_objectstorage.py
[2026-05-24T16:26:09.318+0000] {processor.py:830} INFO - Processing file /home/varn1t/ml-pipeline/venv/lib/python3.11/site-packages/airflow/example_dags/tutorial_objectstorage.py for tasks to queue
[2026-05-24T16:26:09.319+0000] {logging_mixin.py:188} INFO - [2026-05-24T16:26:09.319+0000] {dagbag.py:545} INFO - Filling up the DagBag from /home/varn1t/ml-pipeline/venv/lib/python3.11/site-packages/airflow/example_dags/tutorial_objectstorage.py
[2026-05-24T16:26:09.327+0000] {processor.py:840} INFO - DAG(s) 'tutorial_objectstorage' retrieved from /home/varn1t/ml-pipeline/venv/lib/python3.11/site-packages/airflow/example_dags/tutorial_objectstorage.py
[2026-05-24T16:26:09.340+0000] {logging_mixin.py:188} INFO - [2026-05-24T16:26:09.340+0000] {dag.py:3096} INFO - Sync 1 DAGs
[2026-05-24T16:26:09.351+0000] {logging_mixin.py:188} INFO - [2026-05-24T16:26:09.351+0000] {dag.py:3954} INFO - Setting next_dagrun for tutorial_objectstorage to None, run_after=None
[2026-05-24T16:26:09.369+0000] {processor.py:183} INFO - Processing /home/varn1t/ml-pipeline/venv/lib/python3.11/site-packages/airflow/example_dags/tutorial_objectstorage.py took 0.058 seconds
[2026-05-24T16:26:52.213+0000] {processor.py:161} INFO - Started process (PID=21402) to work on /home/varn1t/ml-pipeline/venv/lib/python3.11/site-packages/airflow/example_dags/tutorial_objectstorage.py
[2026-05-24T16:26:52.214+0000] {processor.py:830} INFO - Processing file /home/varn1t/ml-pipeline/venv/lib/python3.11/site-packages/airflow/example_dags/tutorial_objectstorage.py for tasks to queue
[2026-05-24T16:26:52.217+0000] {logging_mixin.py:188} INFO - [2026-05-24T16:26:52.216+0000] {dagbag.py:545} INFO - Filling up the DagBag from /home/varn1t/ml-pipeline/venv/lib/python3.11/site-packages/airflow/example_dags/tutorial_objectstorage.py
[2026-05-24T16:26:52.225+0000] {processor.py:840} INFO - DAG(s) 'tutorial_objectstorage' retrieved from /home/varn1t/ml-pipeline/venv/lib/python3.11/site-packages/airflow/example_dags/tutorial_objectstorage.py
[2026-05-24T16:26:52.234+0000] {logging_mixin.py:188} INFO - [2026-05-24T16:26:52.233+0000] {dag.py:3096} INFO - Sync 1 DAGs
[2026-05-24T16:26:52.240+0000] {logging_mixin.py:188} INFO - [2026-05-24T16:26:52.239+0000] {dag.py:3954} INFO - Setting next_dagrun for tutorial_objectstorage to None, run_after=None
[2026-05-24T16:26:52.253+0000] {processor.py:183} INFO - Processing /home/varn1t/ml-pipeline/venv/lib/python3.11/site-packages/airflow/example_dags/tutorial_objectstorage.py took 0.044 seconds
[2026-05-24T16:27:35.643+0000] {processor.py:161} INFO - Started process (PID=21808) to work on /home/varn1t/ml-pipeline/venv/lib/python3.11/site-packages/airflow/example_dags/tutorial_objectstorage.py
[2026-05-24T16:27:35.644+0000] {processor.py:830} INFO - Processing file /home/varn1t/ml-pipeline/venv/lib/python3.11/site-packages/airflow/example_dags/tutorial_objectstorage.py for tasks to queue
[2026-05-24T16:27:35.645+0000] {logging_mixin.py:188} INFO - [2026-05-24T16:27:35.645+0000] {dagbag.py:545} INFO - Filling up the DagBag from /home/varn1t/ml-pipeline/venv/lib/python3.11/site-packages/airflow/example_dags/tutorial_objectstorage.py
[2026-05-24T16:27:35.651+0000] {processor.py:840} INFO - DAG(s) 'tutorial_objectstorage' retrieved from /home/varn1t/ml-pipeline/venv/lib/python3.11/site-packages/airflow/example_dags/tutorial_objectstorage.py
[2026-05-24T16:27:35.659+0000] {logging_mixin.py:188} INFO - [2026-05-24T16:27:35.659+0000] {dag.py:3096} INFO - Sync 1 DAGs
[2026-05-24T16:27:35.666+0000] {logging_mixin.py:188} INFO - [2026-05-24T16:27:35.665+0000] {dag.py:3954} INFO - Setting next_dagrun for tutorial_objectstorage to None, run_after=None
[2026-05-24T16:27:35.681+0000] {processor.py:183} INFO - Processing /home/varn1t/ml-pipeline/venv/lib/python3.11/site-packages/airflow/example_dags/tutorial_objectstorage.py took 0.042 seconds
[2026-05-24T16:28:19.528+0000] {processor.py:161} INFO - Started process (PID=22247) to work on /home/varn1t/ml-pipeline/venv/lib/python3.11/site-packages/airflow/example_dags/tutorial_objectstorage.py
[2026-05-24T16:28:19.529+0000] {processor.py:830} INFO - Processing file /home/varn1t/ml-pipeline/venv/lib/python3.11/site-packages/airflow/example_dags/tutorial_objectstorage.py for tasks to queue
[2026-05-24T16:28:19.530+0000] {logging_mixin.py:188} INFO - [2026-05-24T16:28:19.530+0000] {dagbag.py:545} INFO - Filling up the DagBag from /home/varn1t/ml-pipeline/venv/lib/python3.11/site-packages/airflow/example_dags/tutorial_objectstorage.py
[2026-05-24T16:28:19.536+0000] {processor.py:840} INFO - DAG(s) 'tutorial_objectstorage' retrieved from /home/varn1t/ml-pipeline/venv/lib/python3.11/site-packages/airflow/example_dags/tutorial_objectstorage.py
[2026-05-24T16:28:19.548+0000] {logging_mixin.py:188} INFO - [2026-05-24T16:28:19.548+0000] {dag.py:3096} INFO - Sync 1 DAGs
[2026-05-24T16:28:19.555+0000] {logging_mixin.py:188} INFO - [2026-05-24T16:28:19.555+0000] {dag.py:3954} INFO - Setting next_dagrun for tutorial_objectstorage to None, run_after=None
[2026-05-24T16:28:19.571+0000] {processor.py:183} INFO - Processing /home/varn1t/ml-pipeline/venv/lib/python3.11/site-packages/airflow/example_dags/tutorial_objectstorage.py took 0.047 seconds
[2026-05-24T16:29:00.581+0000] {processor.py:161} INFO - Started process (PID=22495) to work on /home/varn1t/ml-pipeline/venv/lib/python3.11/site-packages/airflow/example_dags/tutorial_objectstorage.py
[2026-05-24T16:29:00.582+0000] {processor.py:830} INFO - Processing file /home/varn1t/ml-pipeline/venv/lib/python3.11/site-packages/airflow/example_dags/tutorial_objectstorage.py for tasks to queue
[2026-05-24T16:29:00.584+0000] {logging_mixin.py:188} INFO - [2026-05-24T16:29:00.584+0000] {dagbag.py:545} INFO - Filling up the DagBag from /home/varn1t/ml-pipeline/venv/lib/python3.11/site-packages/airflow/example_dags/tutorial_objectstorage.py
[2026-05-24T16:29:00.591+0000] {processor.py:840} INFO - DAG(s) 'tutorial_objectstorage' retrieved from /home/varn1t/ml-pipeline/venv/lib/python3.11/site-packages/airflow/example_dags/tutorial_objectstorage.py
[2026-05-24T16:29:00.600+0000] {logging_mixin.py:188} INFO - [2026-05-24T16:29:00.600+0000] {dag.py:3096} INFO - Sync 1 DAGs
[2026-05-24T16:29:00.607+0000] {logging_mixin.py:188} INFO - [2026-05-24T16:29:00.607+0000] {dag.py:3954} INFO - Setting next_dagrun for tutorial_objectstorage to None, run_after=None
[2026-05-24T16:29:00.625+0000] {processor.py:183} INFO - Processing /home/varn1t/ml-pipeline/venv/lib/python3.11/site-packages/airflow/example_dags/tutorial_objectstorage.py took 0.048 seconds
[2026-05-24T16:29:42.805+0000] {processor.py:161} INFO - Started process (PID=22680) to work on /home/varn1t/ml-pipeline/venv/lib/python3.11/site-packages/airflow/example_dags/tutorial_objectstorage.py
[2026-05-24T16:29:42.806+0000] {processor.py:830} INFO - Processing file /home/varn1t/ml-pipeline/venv/lib/python3.11/site-packages/airflow/example_dags/tutorial_objectstorage.py for tasks to queue
[2026-05-24T16:29:42.808+0000] {logging_mixin.py:188} INFO - [2026-05-24T16:29:42.808+0000] {dagbag.py:545} INFO - Filling up the DagBag from /home/varn1t/ml-pipeline/venv/lib/python3.11/site-packages/airflow/example_dags/tutorial_objectstorage.py
[2026-05-24T16:29:42.818+0000] {processor.py:840} INFO - DAG(s) 'tutorial_objectstorage' retrieved from /home/varn1t/ml-pipeline/venv/lib/python3.11/site-packages/airflow/example_dags/tutorial_objectstorage.py
[2026-05-24T16:29:42.831+0000] {logging_mixin.py:188} INFO - [2026-05-24T16:29:42.831+0000] {dag.py:3096} INFO - Sync 1 DAGs
[2026-05-24T16:29:42.839+0000] {logging_mixin.py:188} INFO - [2026-05-24T16:29:42.839+0000] {dag.py:3954} INFO - Setting next_dagrun for tutorial_objectstorage to None, run_after=None
[2026-05-24T16:29:42.856+0000] {processor.py:183} INFO - Processing /home/varn1t/ml-pipeline/venv/lib/python3.11/site-packages/airflow/example_dags/tutorial_objectstorage.py took 0.057 seconds
[2026-05-24T16:30:27.258+0000] {processor.py:161} INFO - Started process (PID=22886) to work on /home/varn1t/ml-pipeline/venv/lib/python3.11/site-packages/airflow/example_dags/tutorial_objectstorage.py
[2026-05-24T16:30:27.259+0000] {processor.py:830} INFO - Processing file /home/varn1t/ml-pipeline/venv/lib/python3.11/site-packages/airflow/example_dags/tutorial_objectstorage.py for tasks to queue
[2026-05-24T16:30:27.260+0000] {logging_mixin.py:188} INFO - [2026-05-24T16:30:27.260+0000] {dagbag.py:545} INFO - Filling up the DagBag from /home/varn1t/ml-pipeline/venv/lib/python3.11/site-packages/airflow/example_dags/tutorial_objectstorage.py
[2026-05-24T16:30:27.266+0000] {processor.py:840} INFO - DAG(s) 'tutorial_objectstorage' retrieved from /home/varn1t/ml-pipeline/venv/lib/python3.11/site-packages/airflow/example_dags/tutorial_objectstorage.py
[2026-05-24T16:30:27.277+0000] {logging_mixin.py:188} INFO - [2026-05-24T16:30:27.277+0000] {dag.py:3096} INFO - Sync 1 DAGs
[2026-05-24T16:30:27.285+0000] {logging_mixin.py:188} INFO - [2026-05-24T16:30:27.285+0000] {dag.py:3954} INFO - Setting next_dagrun for tutorial_objectstorage to None, run_after=None
[2026-05-24T16:30:27.304+0000] {processor.py:183} INFO - Processing /home/varn1t/ml-pipeline/venv/lib/python3.11/site-packages/airflow/example_dags/tutorial_objectstorage.py took 0.051 seconds
[2026-05-24T16:31:12.122+0000] {processor.py:161} INFO - Started process (PID=23095) to work on /home/varn1t/ml-pipeline/venv/lib/python3.11/site-packages/airflow/example_dags/tutorial_objectstorage.py
[2026-05-24T16:31:12.123+0000] {processor.py:830} INFO - Processing file /home/varn1t/ml-pipeline/venv/lib/python3.11/site-packages/airflow/example_dags/tutorial_objectstorage.py for tasks to queue
[2026-05-24T16:31:12.124+0000] {logging_mixin.py:188} INFO - [2026-05-24T16:31:12.124+0000] {dagbag.py:545} INFO - Filling up the DagBag from /home/varn1t/ml-pipeline/venv/lib/python3.11/site-packages/airflow/example_dags/tutorial_objectstorage.py
[2026-05-24T16:31:12.130+0000] {processor.py:840} INFO - DAG(s) 'tutorial_objectstorage' retrieved from /home/varn1t/ml-pipeline/venv/lib/python3.11/site-packages/airflow/example_dags/tutorial_objectstorage.py
[2026-05-24T16:31:12.141+0000] {logging_mixin.py:188} INFO - [2026-05-24T16:31:12.141+0000] {dag.py:3096} INFO - Sync 1 DAGs
[2026-05-24T16:31:12.149+0000] {logging_mixin.py:188} INFO - [2026-05-24T16:31:12.149+0000] {dag.py:3954} INFO - Setting next_dagrun for tutorial_objectstorage to None, run_after=None
[2026-05-24T16:31:12.167+0000] {processor.py:183} INFO - Processing /home/varn1t/ml-pipeline/venv/lib/python3.11/site-packages/airflow/example_dags/tutorial_objectstorage.py took 0.051 seconds
[2026-05-24T16:31:52.638+0000] {processor.py:161} INFO - Started process (PID=23357) to work on /home/varn1t/ml-pipeline/venv/lib/python3.11/site-packages/airflow/example_dags/tutorial_objectstorage.py
[2026-05-24T16:31:52.639+0000] {processor.py:830} INFO - Processing file /home/varn1t/ml-pipeline/venv/lib/python3.11/site-packages/airflow/example_dags/tutorial_objectstorage.py for tasks to queue
[2026-05-24T16:31:52.640+0000] {logging_mixin.py:188} INFO - [2026-05-24T16:31:52.640+0000] {dagbag.py:545} INFO - Filling up the DagBag from /home/varn1t/ml-pipeline/venv/lib/python3.11/site-packages/airflow/example_dags/tutorial_objectstorage.py
[2026-05-24T16:31:52.646+0000] {processor.py:840} INFO - DAG(s) 'tutorial_objectstorage' retrieved from /home/varn1t/ml-pipeline/venv/lib/python3.11/site-packages/airflow/example_dags/tutorial_objectstorage.py
[2026-05-24T16:31:52.657+0000] {logging_mixin.py:188} INFO - [2026-05-24T16:31:52.657+0000] {dag.py:3096} INFO - Sync 1 DAGs
[2026-05-24T16:31:52.664+0000] {logging_mixin.py:188} INFO - [2026-05-24T16:31:52.664+0000] {dag.py:3954} INFO - Setting next_dagrun for tutorial_objectstorage to None, run_after=None
[2026-05-24T16:31:52.681+0000] {processor.py:183} INFO - Processing /home/varn1t/ml-pipeline/venv/lib/python3.11/site-packages/airflow/example_dags/tutorial_objectstorage.py took 0.048 seconds
[2026-05-24T16:32:42.740+0000] {processor.py:161} INFO - Started process (PID=23761) to work on /home/varn1t/ml-pipeline/venv/lib/python3.11/site-packages/airflow/example_dags/tutorial_objectstorage.py
[2026-05-24T16:32:42.742+0000] {processor.py:830} INFO - Processing file /home/varn1t/ml-pipeline/venv/lib/python3.11/site-packages/airflow/example_dags/tutorial_objectstorage.py for tasks to queue
[2026-05-24T16:32:42.745+0000] {logging_mixin.py:188} INFO - [2026-05-24T16:32:42.745+0000] {dagbag.py:545} INFO - Filling up the DagBag from /home/varn1t/ml-pipeline/venv/lib/python3.11/site-packages/airflow/example_dags/tutorial_objectstorage.py
[2026-05-24T16:32:42.767+0000] {processor.py:840} INFO - DAG(s) 'tutorial_objectstorage' retrieved from /home/varn1t/ml-pipeline/venv/lib/python3.11/site-packages/airflow/example_dags/tutorial_objectstorage.py
[2026-05-24T16:32:42.805+0000] {logging_mixin.py:188} INFO - [2026-05-24T16:32:42.805+0000] {dag.py:3096} INFO - Sync 1 DAGs
[2026-05-24T16:32:42.823+0000] {logging_mixin.py:188} INFO - [2026-05-24T16:32:42.823+0000] {dag.py:3954} INFO - Setting next_dagrun for tutorial_objectstorage to None, run_after=None
[2026-05-24T16:32:42.846+0000] {processor.py:183} INFO - Processing /home/varn1t/ml-pipeline/venv/lib/python3.11/site-packages/airflow/example_dags/tutorial_objectstorage.py took 0.122 seconds
[2026-05-24T16:33:30.386+0000] {processor.py:161} INFO - Started process (PID=24171) to work on /home/varn1t/ml-pipeline/venv/lib/python3.11/site-packages/airflow/example_dags/tutorial_objectstorage.py
[2026-05-24T16:33:30.387+0000] {processor.py:830} INFO - Processing file /home/varn1t/ml-pipeline/venv/lib/python3.11/site-packages/airflow/example_dags/tutorial_objectstorage.py for tasks to queue
[2026-05-24T16:33:30.388+0000] {logging_mixin.py:188} INFO - [2026-05-24T16:33:30.388+0000] {dagbag.py:545} INFO - Filling up the DagBag from /home/varn1t/ml-pipeline/venv/lib/python3.11/site-packages/airflow/example_dags/tutorial_objectstorage.py
[2026-05-24T16:33:30.396+0000] {processor.py:840} INFO - DAG(s) 'tutorial_objectstorage' retrieved from /home/varn1t/ml-pipeline/venv/lib/python3.11/site-packages/airflow/example_dags/tutorial_objectstorage.py
[2026-05-24T16:33:30.407+0000] {logging_mixin.py:188} INFO - [2026-05-24T16:33:30.407+0000] {dag.py:3096} INFO - Sync 1 DAGs
[2026-05-24T16:33:30.416+0000] {logging_mixin.py:188} INFO - [2026-05-24T16:33:30.415+0000] {dag.py:3954} INFO - Setting next_dagrun for tutorial_objectstorage to None, run_after=None
[2026-05-24T16:33:30.432+0000] {processor.py:183} INFO - Processing /home/varn1t/ml-pipeline/venv/lib/python3.11/site-packages/airflow/example_dags/tutorial_objectstorage.py took 0.051 seconds
[2026-05-24T16:34:13.745+0000] {processor.py:161} INFO - Started process (PID=24389) to work on /home/varn1t/ml-pipeline/venv/lib/python3.11/site-packages/airflow/example_dags/tutorial_objectstorage.py
[2026-05-24T16:34:13.746+0000] {processor.py:830} INFO - Processing file /home/varn1t/ml-pipeline/venv/lib/python3.11/site-packages/airflow/example_dags/tutorial_objectstorage.py for tasks to queue
[2026-05-24T16:34:13.747+0000] {logging_mixin.py:188} INFO - [2026-05-24T16:34:13.747+0000] {dagbag.py:545} INFO - Filling up the DagBag from /home/varn1t/ml-pipeline/venv/lib/python3.11/site-packages/airflow/example_dags/tutorial_objectstorage.py
[2026-05-24T16:34:13.752+0000] {processor.py:840} INFO - DAG(s) 'tutorial_objectstorage' retrieved from /home/varn1t/ml-pipeline/venv/lib/python3.11/site-packages/airflow/example_dags/tutorial_objectstorage.py
[2026-05-24T16:34:13.762+0000] {logging_mixin.py:188} INFO - [2026-05-24T16:34:13.762+0000] {dag.py:3096} INFO - Sync 1 DAGs
[2026-05-24T16:34:13.768+0000] {logging_mixin.py:188} INFO - [2026-05-24T16:34:13.768+0000] {dag.py:3954} INFO - Setting next_dagrun for tutorial_objectstorage to None, run_after=None
[2026-05-24T16:34:13.783+0000] {processor.py:183} INFO - Processing /home/varn1t/ml-pipeline/venv/lib/python3.11/site-packages/airflow/example_dags/tutorial_objectstorage.py took 0.042 seconds
[2026-05-24T16:34:51.335+0000] {processor.py:161} INFO - Started process (PID=24562) to work on /home/varn1t/ml-pipeline/venv/lib/python3.11/site-packages/airflow/example_dags/tutorial_objectstorage.py
[2026-05-24T16:34:51.335+0000] {processor.py:830} INFO - Processing file /home/varn1t/ml-pipeline/venv/lib/python3.11/site-packages/airflow/example_dags/tutorial_objectstorage.py for tasks to queue
[2026-05-24T16:34:51.337+0000] {logging_mixin.py:188} INFO - [2026-05-24T16:34:51.336+0000] {dagbag.py:545} INFO - Filling up the DagBag from /home/varn1t/ml-pipeline/venv/lib/python3.11/site-packages/airflow/example_dags/tutorial_objectstorage.py
[2026-05-24T16:34:51.342+0000] {processor.py:840} INFO - DAG(s) 'tutorial_objectstorage' retrieved from /home/varn1t/ml-pipeline/venv/lib/python3.11/site-packages/airflow/example_dags/tutorial_objectstorage.py
[2026-05-24T16:34:51.350+0000] {logging_mixin.py:188} INFO - [2026-05-24T16:34:51.350+0000] {dag.py:3096} INFO - Sync 1 DAGs
[2026-05-24T16:34:51.356+0000] {logging_mixin.py:188} INFO - [2026-05-24T16:34:51.356+0000] {dag.py:3954} INFO - Setting next_dagrun for tutorial_objectstorage to None, run_after=None
[2026-05-24T16:34:51.370+0000] {processor.py:183} INFO - Processing /home/varn1t/ml-pipeline/venv/lib/python3.11/site-packages/airflow/example_dags/tutorial_objectstorage.py took 0.038 seconds
[2026-05-24T16:35:33.523+0000] {processor.py:161} INFO - Started process (PID=24746) to work on /home/varn1t/ml-pipeline/venv/lib/python3.11/site-packages/airflow/example_dags/tutorial_objectstorage.py
[2026-05-24T16:35:33.524+0000] {processor.py:830} INFO - Processing file /home/varn1t/ml-pipeline/venv/lib/python3.11/site-packages/airflow/example_dags/tutorial_objectstorage.py for tasks to queue
[2026-05-24T16:35:33.525+0000] {logging_mixin.py:188} INFO - [2026-05-24T16:35:33.525+0000] {dagbag.py:545} INFO - Filling up the DagBag from /home/varn1t/ml-pipeline/venv/lib/python3.11/site-packages/airflow/example_dags/tutorial_objectstorage.py
[2026-05-24T16:35:33.533+0000] {processor.py:840} INFO - DAG(s) 'tutorial_objectstorage' retrieved from /home/varn1t/ml-pipeline/venv/lib/python3.11/site-packages/airflow/example_dags/tutorial_objectstorage.py
[2026-05-24T16:35:33.542+0000] {logging_mixin.py:188} INFO - [2026-05-24T16:35:33.542+0000] {dag.py:3096} INFO - Sync 1 DAGs
[2026-05-24T16:35:33.549+0000] {logging_mixin.py:188} INFO - [2026-05-24T16:35:33.549+0000] {dag.py:3954} INFO - Setting next_dagrun for tutorial_objectstorage to None, run_after=None
[2026-05-24T16:35:33.565+0000] {processor.py:183} INFO - Processing /home/varn1t/ml-pipeline/venv/lib/python3.11/site-packages/airflow/example_dags/tutorial_objectstorage.py took 0.046 seconds
[2026-05-24T16:36:18.594+0000] {processor.py:161} INFO - Started process (PID=24944) to work on /home/varn1t/ml-pipeline/venv/lib/python3.11/site-packages/airflow/example_dags/tutorial_objectstorage.py
[2026-05-24T16:36:18.595+0000] {processor.py:830} INFO - Processing file /home/varn1t/ml-pipeline/venv/lib/python3.11/site-packages/airflow/example_dags/tutorial_objectstorage.py for tasks to queue
[2026-05-24T16:36:18.596+0000] {logging_mixin.py:188} INFO - [2026-05-24T16:36:18.596+0000] {dagbag.py:545} INFO - Filling up the DagBag from /home/varn1t/ml-pipeline/venv/lib/python3.11/site-packages/airflow/example_dags/tutorial_objectstorage.py
[2026-05-24T16:36:18.602+0000] {processor.py:840} INFO - DAG(s) 'tutorial_objectstorage' retrieved from /home/varn1t/ml-pipeline/venv/lib/python3.11/site-packages/airflow/example_dags/tutorial_objectstorage.py
[2026-05-24T16:36:18.611+0000] {logging_mixin.py:188} INFO - [2026-05-24T16:36:18.611+0000] {dag.py:3096} INFO - Sync 1 DAGs
[2026-05-24T16:36:18.622+0000] {logging_mixin.py:188} INFO - [2026-05-24T16:36:18.622+0000] {dag.py:3954} INFO - Setting next_dagrun for tutorial_objectstorage to None, run_after=None
[2026-05-24T16:36:18.636+0000] {processor.py:183} INFO - Processing /home/varn1t/ml-pipeline/venv/lib/python3.11/site-packages/airflow/example_dags/tutorial_objectstorage.py took 0.046 seconds
[2026-05-24T16:37:01.828+0000] {processor.py:161} INFO - Started process (PID=25163) to work on /home/varn1t/ml-pipeline/venv/lib/python3.11/site-packages/airflow/example_dags/tutorial_objectstorage.py
[2026-05-24T16:37:01.829+0000] {processor.py:830} INFO - Processing file /home/varn1t/ml-pipeline/venv/lib/python3.11/site-packages/airflow/example_dags/tutorial_objectstorage.py for tasks to queue
[2026-05-24T16:37:01.830+0000] {logging_mixin.py:188} INFO - [2026-05-24T16:37:01.830+0000] {dagbag.py:545} INFO - Filling up the DagBag from /home/varn1t/ml-pipeline/venv/lib/python3.11/site-packages/airflow/example_dags/tutorial_objectstorage.py
[2026-05-24T16:37:01.837+0000] {processor.py:840} INFO - DAG(s) 'tutorial_objectstorage' retrieved from /home/varn1t/ml-pipeline/venv/lib/python3.11/site-packages/airflow/example_dags/tutorial_objectstorage.py
[2026-05-24T16:37:01.848+0000] {logging_mixin.py:188} INFO - [2026-05-24T16:37:01.848+0000] {dag.py:3096} INFO - Sync 1 DAGs
[2026-05-24T16:37:01.857+0000] {logging_mixin.py:188} INFO - [2026-05-24T16:37:01.856+0000] {dag.py:3954} INFO - Setting next_dagrun for tutorial_objectstorage to None, run_after=None
[2026-05-24T16:37:01.871+0000] {processor.py:183} INFO - Processing /home/varn1t/ml-pipeline/venv/lib/python3.11/site-packages/airflow/example_dags/tutorial_objectstorage.py took 0.048 seconds
[2026-05-24T16:37:45.143+0000] {processor.py:161} INFO - Started process (PID=25353) to work on /home/varn1t/ml-pipeline/venv/lib/python3.11/site-packages/airflow/example_dags/tutorial_objectstorage.py
[2026-05-24T16:37:45.144+0000] {processor.py:830} INFO - Processing file /home/varn1t/ml-pipeline/venv/lib/python3.11/site-packages/airflow/example_dags/tutorial_objectstorage.py for tasks to queue
[2026-05-24T16:37:45.146+0000] {logging_mixin.py:188} INFO - [2026-05-24T16:37:45.145+0000] {dagbag.py:545} INFO - Filling up the DagBag from /home/varn1t/ml-pipeline/venv/lib/python3.11/site-packages/airflow/example_dags/tutorial_objectstorage.py
[2026-05-24T16:37:45.151+0000] {processor.py:840} INFO - DAG(s) 'tutorial_objectstorage' retrieved from /home/varn1t/ml-pipeline/venv/lib/python3.11/site-packages/airflow/example_dags/tutorial_objectstorage.py
[2026-05-24T16:37:45.165+0000] {logging_mixin.py:188} INFO - [2026-05-24T16:37:45.165+0000] {dag.py:3096} INFO - Sync 1 DAGs
[2026-05-24T16:37:45.173+0000] {logging_mixin.py:188} INFO - [2026-05-24T16:37:45.173+0000] {dag.py:3954} INFO - Setting next_dagrun for tutorial_objectstorage to None, run_after=None
[2026-05-24T16:37:45.187+0000] {processor.py:183} INFO - Processing /home/varn1t/ml-pipeline/venv/lib/python3.11/site-packages/airflow/example_dags/tutorial_objectstorage.py took 0.047 seconds
[2026-05-24T16:38:29.732+0000] {processor.py:161} INFO - Started process (PID=25552) to work on /home/varn1t/ml-pipeline/venv/lib/python3.11/site-packages/airflow/example_dags/tutorial_objectstorage.py
[2026-05-24T16:38:29.733+0000] {processor.py:830} INFO - Processing file /home/varn1t/ml-pipeline/venv/lib/python3.11/site-packages/airflow/example_dags/tutorial_objectstorage.py for tasks to queue
[2026-05-24T16:38:29.734+0000] {logging_mixin.py:188} INFO - [2026-05-24T16:38:29.734+0000] {dagbag.py:545} INFO - Filling up the DagBag from /home/varn1t/ml-pipeline/venv/lib/python3.11/site-packages/airflow/example_dags/tutorial_objectstorage.py
[2026-05-24T16:38:29.741+0000] {processor.py:840} INFO - DAG(s) 'tutorial_objectstorage' retrieved from /home/varn1t/ml-pipeline/venv/lib/python3.11/site-packages/airflow/example_dags/tutorial_objectstorage.py
[2026-05-24T16:38:29.753+0000] {logging_mixin.py:188} INFO - [2026-05-24T16:38:29.752+0000] {dag.py:3096} INFO - Sync 1 DAGs
[2026-05-24T16:38:29.760+0000] {logging_mixin.py:188} INFO - [2026-05-24T16:38:29.760+0000] {dag.py:3954} INFO - Setting next_dagrun for tutorial_objectstorage to None, run_after=None
[2026-05-24T16:38:29.777+0000] {processor.py:183} INFO - Processing /home/varn1t/ml-pipeline/venv/lib/python3.11/site-packages/airflow/example_dags/tutorial_objectstorage.py took 0.049 seconds
[2026-05-24T16:39:12.418+0000] {processor.py:161} INFO - Started process (PID=25743) to work on /home/varn1t/ml-pipeline/venv/lib/python3.11/site-packages/airflow/example_dags/tutorial_objectstorage.py
[2026-05-24T16:39:12.419+0000] {processor.py:830} INFO - Processing file /home/varn1t/ml-pipeline/venv/lib/python3.11/site-packages/airflow/example_dags/tutorial_objectstorage.py for tasks to queue
[2026-05-24T16:39:12.420+0000] {logging_mixin.py:188} INFO - [2026-05-24T16:39:12.420+0000] {dagbag.py:545} INFO - Filling up the DagBag from /home/varn1t/ml-pipeline/venv/lib/python3.11/site-packages/airflow/example_dags/tutorial_objectstorage.py
[2026-05-24T16:39:12.427+0000] {processor.py:840} INFO - DAG(s) 'tutorial_objectstorage' retrieved from /home/varn1t/ml-pipeline/venv/lib/python3.11/site-packages/airflow/example_dags/tutorial_objectstorage.py
[2026-05-24T16:39:12.440+0000] {logging_mixin.py:188} INFO - [2026-05-24T16:39:12.440+0000] {dag.py:3096} INFO - Sync 1 DAGs
[2026-05-24T16:39:12.446+0000] {logging_mixin.py:188} INFO - [2026-05-24T16:39:12.446+0000] {dag.py:3954} INFO - Setting next_dagrun for tutorial_objectstorage to None, run_after=None
[2026-05-24T16:39:12.460+0000] {processor.py:183} INFO - Processing /home/varn1t/ml-pipeline/venv/lib/python3.11/site-packages/airflow/example_dags/tutorial_objectstorage.py took 0.047 seconds
[2026-05-24T16:39:54.812+0000] {processor.py:161} INFO - Started process (PID=25964) to work on /home/varn1t/ml-pipeline/venv/lib/python3.11/site-packages/airflow/example_dags/tutorial_objectstorage.py
[2026-05-24T16:39:54.813+0000] {processor.py:830} INFO - Processing file /home/varn1t/ml-pipeline/venv/lib/python3.11/site-packages/airflow/example_dags/tutorial_objectstorage.py for tasks to queue
[2026-05-24T16:39:54.814+0000] {logging_mixin.py:188} INFO - [2026-05-24T16:39:54.814+0000] {dagbag.py:545} INFO - Filling up the DagBag from /home/varn1t/ml-pipeline/venv/lib/python3.11/site-packages/airflow/example_dags/tutorial_objectstorage.py
[2026-05-24T16:39:54.820+0000] {processor.py:840} INFO - DAG(s) 'tutorial_objectstorage' retrieved from /home/varn1t/ml-pipeline/venv/lib/python3.11/site-packages/airflow/example_dags/tutorial_objectstorage.py
[2026-05-24T16:39:54.832+0000] {logging_mixin.py:188} INFO - [2026-05-24T16:39:54.831+0000] {dag.py:3096} INFO - Sync 1 DAGs
[2026-05-24T16:39:54.838+0000] {logging_mixin.py:188} INFO - [2026-05-24T16:39:54.838+0000] {dag.py:3954} INFO - Setting next_dagrun for tutorial_objectstorage to None, run_after=None
[2026-05-24T16:39:54.853+0000] {processor.py:183} INFO - Processing /home/varn1t/ml-pipeline/venv/lib/python3.11/site-packages/airflow/example_dags/tutorial_objectstorage.py took 0.045 seconds
[2026-05-24T16:40:38.140+0000] {processor.py:161} INFO - Started process (PID=26155) to work on /home/varn1t/ml-pipeline/venv/lib/python3.11/site-packages/airflow/example_dags/tutorial_objectstorage.py
[2026-05-24T16:40:38.141+0000] {processor.py:830} INFO - Processing file /home/varn1t/ml-pipeline/venv/lib/python3.11/site-packages/airflow/example_dags/tutorial_objectstorage.py for tasks to queue
[2026-05-24T16:40:38.142+0000] {logging_mixin.py:188} INFO - [2026-05-24T16:40:38.142+0000] {dagbag.py:545} INFO - Filling up the DagBag from /home/varn1t/ml-pipeline/venv/lib/python3.11/site-packages/airflow/example_dags/tutorial_objectstorage.py
[2026-05-24T16:40:38.149+0000] {processor.py:840} INFO - DAG(s) 'tutorial_objectstorage' retrieved from /home/varn1t/ml-pipeline/venv/lib/python3.11/site-packages/airflow/example_dags/tutorial_objectstorage.py
[2026-05-24T16:40:38.160+0000] {logging_mixin.py:188} INFO - [2026-05-24T16:40:38.160+0000] {dag.py:3096} INFO - Sync 1 DAGs
[2026-05-24T16:40:38.167+0000] {logging_mixin.py:188} INFO - [2026-05-24T16:40:38.167+0000] {dag.py:3954} INFO - Setting next_dagrun for tutorial_objectstorage to None, run_after=None
[2026-05-24T16:40:38.180+0000] {processor.py:183} INFO - Processing /home/varn1t/ml-pipeline/venv/lib/python3.11/site-packages/airflow/example_dags/tutorial_objectstorage.py took 0.044 seconds
[2026-05-24T16:41:20.337+0000] {processor.py:161} INFO - Started process (PID=26340) to work on /home/varn1t/ml-pipeline/venv/lib/python3.11/site-packages/airflow/example_dags/tutorial_objectstorage.py
[2026-05-24T16:41:20.338+0000] {processor.py:830} INFO - Processing file /home/varn1t/ml-pipeline/venv/lib/python3.11/site-packages/airflow/example_dags/tutorial_objectstorage.py for tasks to queue
[2026-05-24T16:41:20.339+0000] {logging_mixin.py:188} INFO - [2026-05-24T16:41:20.339+0000] {dagbag.py:545} INFO - Filling up the DagBag from /home/varn1t/ml-pipeline/venv/lib/python3.11/site-packages/airflow/example_dags/tutorial_objectstorage.py
[2026-05-24T16:41:20.346+0000] {processor.py:840} INFO - DAG(s) 'tutorial_objectstorage' retrieved from /home/varn1t/ml-pipeline/venv/lib/python3.11/site-packages/airflow/example_dags/tutorial_objectstorage.py
[2026-05-24T16:41:20.356+0000] {logging_mixin.py:188} INFO - [2026-05-24T16:41:20.355+0000] {dag.py:3096} INFO - Sync 1 DAGs
[2026-05-24T16:41:20.362+0000] {logging_mixin.py:188} INFO - [2026-05-24T16:41:20.362+0000] {dag.py:3954} INFO - Setting next_dagrun for tutorial_objectstorage to None, run_after=None
[2026-05-24T16:41:20.378+0000] {processor.py:183} INFO - Processing /home/varn1t/ml-pipeline/venv/lib/python3.11/site-packages/airflow/example_dags/tutorial_objectstorage.py took 0.046 seconds
[2026-05-24T16:41:55.603+0000] {processor.py:161} INFO - Started process (PID=26527) to work on /home/varn1t/ml-pipeline/venv/lib/python3.11/site-packages/airflow/example_dags/tutorial_objectstorage.py
[2026-05-24T16:41:55.604+0000] {processor.py:830} INFO - Processing file /home/varn1t/ml-pipeline/venv/lib/python3.11/site-packages/airflow/example_dags/tutorial_objectstorage.py for tasks to queue
[2026-05-24T16:41:55.605+0000] {logging_mixin.py:188} INFO - [2026-05-24T16:41:55.605+0000] {dagbag.py:545} INFO - Filling up the DagBag from /home/varn1t/ml-pipeline/venv/lib/python3.11/site-packages/airflow/example_dags/tutorial_objectstorage.py
[2026-05-24T16:41:55.611+0000] {processor.py:840} INFO - DAG(s) 'tutorial_objectstorage' retrieved from /home/varn1t/ml-pipeline/venv/lib/python3.11/site-packages/airflow/example_dags/tutorial_objectstorage.py
[2026-05-24T16:41:55.621+0000] {logging_mixin.py:188} INFO - [2026-05-24T16:41:55.621+0000] {dag.py:3096} INFO - Sync 1 DAGs
[2026-05-24T16:41:55.628+0000] {logging_mixin.py:188} INFO - [2026-05-24T16:41:55.628+0000] {dag.py:3954} INFO - Setting next_dagrun for tutorial_objectstorage to None, run_after=None
[2026-05-24T16:41:55.644+0000] {processor.py:183} INFO - Processing /home/varn1t/ml-pipeline/venv/lib/python3.11/site-packages/airflow/example_dags/tutorial_objectstorage.py took 0.045 seconds
[2026-05-24T16:42:38.982+0000] {processor.py:161} INFO - Started process (PID=26716) to work on /home/varn1t/ml-pipeline/venv/lib/python3.11/site-packages/airflow/example_dags/tutorial_objectstorage.py
[2026-05-24T16:42:38.983+0000] {processor.py:830} INFO - Processing file /home/varn1t/ml-pipeline/venv/lib/python3.11/site-packages/airflow/example_dags/tutorial_objectstorage.py for tasks to queue
[2026-05-24T16:42:38.984+0000] {logging_mixin.py:188} INFO - [2026-05-24T16:42:38.984+0000] {dagbag.py:545} INFO - Filling up the DagBag from /home/varn1t/ml-pipeline/venv/lib/python3.11/site-packages/airflow/example_dags/tutorial_objectstorage.py
[2026-05-24T16:42:38.989+0000] {processor.py:840} INFO - DAG(s) 'tutorial_objectstorage' retrieved from /home/varn1t/ml-pipeline/venv/lib/python3.11/site-packages/airflow/example_dags/tutorial_objectstorage.py
[2026-05-24T16:42:38.998+0000] {logging_mixin.py:188} INFO - [2026-05-24T16:42:38.998+0000] {dag.py:3096} INFO - Sync 1 DAGs
[2026-05-24T16:42:39.004+0000] {logging_mixin.py:188} INFO - [2026-05-24T16:42:39.004+0000] {dag.py:3954} INFO - Setting next_dagrun for tutorial_objectstorage to None, run_after=None
[2026-05-24T16:42:39.019+0000] {processor.py:183} INFO - Processing /home/varn1t/ml-pipeline/venv/lib/python3.11/site-packages/airflow/example_dags/tutorial_objectstorage.py took 0.042 seconds
[2026-05-24T16:43:23.681+0000] {processor.py:161} INFO - Started process (PID=26916) to work on /home/varn1t/ml-pipeline/venv/lib/python3.11/site-packages/airflow/example_dags/tutorial_objectstorage.py
[2026-05-24T16:43:23.682+0000] {processor.py:830} INFO - Processing file /home/varn1t/ml-pipeline/venv/lib/python3.11/site-packages/airflow/example_dags/tutorial_objectstorage.py for tasks to queue
[2026-05-24T16:43:23.683+0000] {logging_mixin.py:188} INFO - [2026-05-24T16:43:23.683+0000] {dagbag.py:545} INFO - Filling up the DagBag from /home/varn1t/ml-pipeline/venv/lib/python3.11/site-packages/airflow/example_dags/tutorial_objectstorage.py
[2026-05-24T16:43:23.689+0000] {processor.py:840} INFO - DAG(s) 'tutorial_objectstorage' retrieved from /home/varn1t/ml-pipeline/venv/lib/python3.11/site-packages/airflow/example_dags/tutorial_objectstorage.py
[2026-05-24T16:43:23.700+0000] {logging_mixin.py:188} INFO - [2026-05-24T16:43:23.700+0000] {dag.py:3096} INFO - Sync 1 DAGs
[2026-05-24T16:43:23.708+0000] {logging_mixin.py:188} INFO - [2026-05-24T16:43:23.708+0000] {dag.py:3954} INFO - Setting next_dagrun for tutorial_objectstorage to None, run_after=None
[2026-05-24T16:43:23.727+0000] {processor.py:183} INFO - Processing /home/varn1t/ml-pipeline/venv/lib/python3.11/site-packages/airflow/example_dags/tutorial_objectstorage.py took 0.050 seconds
[2026-05-24T16:44:08.335+0000] {processor.py:161} INFO - Started process (PID=27113) to work on /home/varn1t/ml-pipeline/venv/lib/python3.11/site-packages/airflow/example_dags/tutorial_objectstorage.py
[2026-05-24T16:44:08.336+0000] {processor.py:830} INFO - Processing file /home/varn1t/ml-pipeline/venv/lib/python3.11/site-packages/airflow/example_dags/tutorial_objectstorage.py for tasks to queue
[2026-05-24T16:44:08.337+0000] {logging_mixin.py:188} INFO - [2026-05-24T16:44:08.337+0000] {dagbag.py:545} INFO - Filling up the DagBag from /home/varn1t/ml-pipeline/venv/lib/python3.11/site-packages/airflow/example_dags/tutorial_objectstorage.py
[2026-05-24T16:44:08.343+0000] {processor.py:840} INFO - DAG(s) 'tutorial_objectstorage' retrieved from /home/varn1t/ml-pipeline/venv/lib/python3.11/site-packages/airflow/example_dags/tutorial_objectstorage.py
[2026-05-24T16:44:08.353+0000] {logging_mixin.py:188} INFO - [2026-05-24T16:44:08.352+0000] {dag.py:3096} INFO - Sync 1 DAGs
[2026-05-24T16:44:08.359+0000] {logging_mixin.py:188} INFO - [2026-05-24T16:44:08.359+0000] {dag.py:3954} INFO - Setting next_dagrun for tutorial_objectstorage to None, run_after=None
[2026-05-24T16:44:08.374+0000] {processor.py:183} INFO - Processing /home/varn1t/ml-pipeline/venv/lib/python3.11/site-packages/airflow/example_dags/tutorial_objectstorage.py took 0.043 seconds
[2026-05-24T16:44:53.624+0000] {processor.py:161} INFO - Started process (PID=27321) to work on /home/varn1t/ml-pipeline/venv/lib/python3.11/site-packages/airflow/example_dags/tutorial_objectstorage.py
[2026-05-24T16:44:53.625+0000] {processor.py:830} INFO - Processing file /home/varn1t/ml-pipeline/venv/lib/python3.11/site-packages/airflow/example_dags/tutorial_objectstorage.py for tasks to queue
[2026-05-24T16:44:53.626+0000] {logging_mixin.py:188} INFO - [2026-05-24T16:44:53.626+0000] {dagbag.py:545} INFO - Filling up the DagBag from /home/varn1t/ml-pipeline/venv/lib/python3.11/site-packages/airflow/example_dags/tutorial_objectstorage.py
[2026-05-24T16:44:53.631+0000] {processor.py:840} INFO - DAG(s) 'tutorial_objectstorage' retrieved from /home/varn1t/ml-pipeline/venv/lib/python3.11/site-packages/airflow/example_dags/tutorial_objectstorage.py
[2026-05-24T16:44:53.640+0000] {logging_mixin.py:188} INFO - [2026-05-24T16:44:53.640+0000] {dag.py:3096} INFO - Sync 1 DAGs
[2026-05-24T16:44:53.646+0000] {logging_mixin.py:188} INFO - [2026-05-24T16:44:53.646+0000] {dag.py:3954} INFO - Setting next_dagrun for tutorial_objectstorage to None, run_after=None
[2026-05-24T16:44:53.663+0000] {processor.py:183} INFO - Processing /home/varn1t/ml-pipeline/venv/lib/python3.11/site-packages/airflow/example_dags/tutorial_objectstorage.py took 0.043 seconds
[2026-05-24T16:45:37.518+0000] {processor.py:161} INFO - Started process (PID=27510) to work on /home/varn1t/ml-pipeline/venv/lib/python3.11/site-packages/airflow/example_dags/tutorial_objectstorage.py
[2026-05-24T16:45:37.519+0000] {processor.py:830} INFO - Processing file /home/varn1t/ml-pipeline/venv/lib/python3.11/site-packages/airflow/example_dags/tutorial_objectstorage.py for tasks to queue
[2026-05-24T16:45:37.521+0000] {logging_mixin.py:188} INFO - [2026-05-24T16:45:37.521+0000] {dagbag.py:545} INFO - Filling up the DagBag from /home/varn1t/ml-pipeline/venv/lib/python3.11/site-packages/airflow/example_dags/tutorial_objectstorage.py
[2026-05-24T16:45:37.527+0000] {processor.py:840} INFO - DAG(s) 'tutorial_objectstorage' retrieved from /home/varn1t/ml-pipeline/venv/lib/python3.11/site-packages/airflow/example_dags/tutorial_objectstorage.py
[2026-05-24T16:45:37.541+0000] {logging_mixin.py:188} INFO - [2026-05-24T16:45:37.541+0000] {dag.py:3096} INFO - Sync 1 DAGs
[2026-05-24T16:45:37.549+0000] {logging_mixin.py:188} INFO - [2026-05-24T16:45:37.549+0000] {dag.py:3954} INFO - Setting next_dagrun for tutorial_objectstorage to None, run_after=None
[2026-05-24T16:45:37.566+0000] {processor.py:183} INFO - Processing /home/varn1t/ml-pipeline/venv/lib/python3.11/site-packages/airflow/example_dags/tutorial_objectstorage.py took 0.054 seconds
[2026-05-24T17:08:53.310+0000] {processor.py:161} INFO - Started process (PID=27771) to work on /home/varn1t/ml-pipeline/venv/lib/python3.11/site-packages/airflow/example_dags/tutorial_objectstorage.py
[2026-05-24T17:08:53.311+0000] {processor.py:830} INFO - Processing file /home/varn1t/ml-pipeline/venv/lib/python3.11/site-packages/airflow/example_dags/tutorial_objectstorage.py for tasks to queue
[2026-05-24T17:08:53.313+0000] {logging_mixin.py:188} INFO - [2026-05-24T17:08:53.313+0000] {dagbag.py:545} INFO - Filling up the DagBag from /home/varn1t/ml-pipeline/venv/lib/python3.11/site-packages/airflow/example_dags/tutorial_objectstorage.py
[2026-05-24T17:08:53.320+0000] {processor.py:840} INFO - DAG(s) 'tutorial_objectstorage' retrieved from /home/varn1t/ml-pipeline/venv/lib/python3.11/site-packages/airflow/example_dags/tutorial_objectstorage.py
[2026-05-24T17:08:53.335+0000] {logging_mixin.py:188} INFO - [2026-05-24T17:08:53.335+0000] {dag.py:3096} INFO - Sync 1 DAGs
[2026-05-24T17:08:53.348+0000] {logging_mixin.py:188} INFO - [2026-05-24T17:08:53.348+0000] {dag.py:3954} INFO - Setting next_dagrun for tutorial_objectstorage to None, run_after=None
[2026-05-24T17:08:53.369+0000] {processor.py:183} INFO - Processing /home/varn1t/ml-pipeline/venv/lib/python3.11/site-packages/airflow/example_dags/tutorial_objectstorage.py took 0.065 seconds
[2026-05-24T17:09:42.557+0000] {processor.py:161} INFO - Started process (PID=28025) to work on /home/varn1t/ml-pipeline/venv/lib/python3.11/site-packages/airflow/example_dags/tutorial_objectstorage.py
[2026-05-24T17:09:42.558+0000] {processor.py:830} INFO - Processing file /home/varn1t/ml-pipeline/venv/lib/python3.11/site-packages/airflow/example_dags/tutorial_objectstorage.py for tasks to queue
[2026-05-24T17:09:42.559+0000] {logging_mixin.py:188} INFO - [2026-05-24T17:09:42.559+0000] {dagbag.py:545} INFO - Filling up the DagBag from /home/varn1t/ml-pipeline/venv/lib/python3.11/site-packages/airflow/example_dags/tutorial_objectstorage.py
[2026-05-24T17:09:42.564+0000] {processor.py:840} INFO - DAG(s) 'tutorial_objectstorage' retrieved from /home/varn1t/ml-pipeline/venv/lib/python3.11/site-packages/airflow/example_dags/tutorial_objectstorage.py
[2026-05-24T17:09:42.572+0000] {logging_mixin.py:188} INFO - [2026-05-24T17:09:42.572+0000] {dag.py:3096} INFO - Sync 1 DAGs
[2026-05-24T17:09:42.578+0000] {logging_mixin.py:188} INFO - [2026-05-24T17:09:42.578+0000] {dag.py:3954} INFO - Setting next_dagrun for tutorial_objectstorage to None, run_after=None
[2026-05-24T17:09:42.591+0000] {processor.py:183} INFO - Processing /home/varn1t/ml-pipeline/venv/lib/python3.11/site-packages/airflow/example_dags/tutorial_objectstorage.py took 0.038 seconds
[2026-05-24T17:10:24.189+0000] {processor.py:161} INFO - Started process (PID=28206) to work on /home/varn1t/ml-pipeline/venv/lib/python3.11/site-packages/airflow/example_dags/tutorial_objectstorage.py
[2026-05-24T17:10:24.189+0000] {processor.py:830} INFO - Processing file /home/varn1t/ml-pipeline/venv/lib/python3.11/site-packages/airflow/example_dags/tutorial_objectstorage.py for tasks to queue
[2026-05-24T17:10:24.191+0000] {logging_mixin.py:188} INFO - [2026-05-24T17:10:24.190+0000] {dagbag.py:545} INFO - Filling up the DagBag from /home/varn1t/ml-pipeline/venv/lib/python3.11/site-packages/airflow/example_dags/tutorial_objectstorage.py
[2026-05-24T17:10:24.196+0000] {processor.py:840} INFO - DAG(s) 'tutorial_objectstorage' retrieved from /home/varn1t/ml-pipeline/venv/lib/python3.11/site-packages/airflow/example_dags/tutorial_objectstorage.py
[2026-05-24T17:10:24.208+0000] {logging_mixin.py:188} INFO - [2026-05-24T17:10:24.208+0000] {dag.py:3096} INFO - Sync 1 DAGs
[2026-05-24T17:10:24.215+0000] {logging_mixin.py:188} INFO - [2026-05-24T17:10:24.214+0000] {dag.py:3954} INFO - Setting next_dagrun for tutorial_objectstorage to None, run_after=None
[2026-05-24T17:10:24.232+0000] {processor.py:183} INFO - Processing /home/varn1t/ml-pipeline/venv/lib/python3.11/site-packages/airflow/example_dags/tutorial_objectstorage.py took 0.047 seconds
[2026-05-24T17:11:06.835+0000] {processor.py:161} INFO - Started process (PID=28396) to work on /home/varn1t/ml-pipeline/venv/lib/python3.11/site-packages/airflow/example_dags/tutorial_objectstorage.py
[2026-05-24T17:11:06.836+0000] {processor.py:830} INFO - Processing file /home/varn1t/ml-pipeline/venv/lib/python3.11/site-packages/airflow/example_dags/tutorial_objectstorage.py for tasks to queue
[2026-05-24T17:11:06.837+0000] {logging_mixin.py:188} INFO - [2026-05-24T17:11:06.837+0000] {dagbag.py:545} INFO - Filling up the DagBag from /home/varn1t/ml-pipeline/venv/lib/python3.11/site-packages/airflow/example_dags/tutorial_objectstorage.py
[2026-05-24T17:11:06.842+0000] {processor.py:840} INFO - DAG(s) 'tutorial_objectstorage' retrieved from /home/varn1t/ml-pipeline/venv/lib/python3.11/site-packages/airflow/example_dags/tutorial_objectstorage.py
[2026-05-24T17:11:06.851+0000] {logging_mixin.py:188} INFO - [2026-05-24T17:11:06.851+0000] {dag.py:3096} INFO - Sync 1 DAGs
[2026-05-24T17:11:06.858+0000] {logging_mixin.py:188} INFO - [2026-05-24T17:11:06.858+0000] {dag.py:3954} INFO - Setting next_dagrun for tutorial_objectstorage to None, run_after=None
[2026-05-24T17:11:06.872+0000] {processor.py:183} INFO - Processing /home/varn1t/ml-pipeline/venv/lib/python3.11/site-packages/airflow/example_dags/tutorial_objectstorage.py took 0.041 seconds
[2026-05-24T17:11:51.072+0000] {processor.py:161} INFO - Started process (PID=28590) to work on /home/varn1t/ml-pipeline/venv/lib/python3.11/site-packages/airflow/example_dags/tutorial_objectstorage.py
[2026-05-24T17:11:51.074+0000] {processor.py:830} INFO - Processing file /home/varn1t/ml-pipeline/venv/lib/python3.11/site-packages/airflow/example_dags/tutorial_objectstorage.py for tasks to queue
[2026-05-24T17:11:51.076+0000] {logging_mixin.py:188} INFO - [2026-05-24T17:11:51.076+0000] {dagbag.py:545} INFO - Filling up the DagBag from /home/varn1t/ml-pipeline/venv/lib/python3.11/site-packages/airflow/example_dags/tutorial_objectstorage.py
[2026-05-24T17:11:51.082+0000] {processor.py:840} INFO - DAG(s) 'tutorial_objectstorage' retrieved from /home/varn1t/ml-pipeline/venv/lib/python3.11/site-packages/airflow/example_dags/tutorial_objectstorage.py
[2026-05-24T17:11:51.096+0000] {logging_mixin.py:188} INFO - [2026-05-24T17:11:51.096+0000] {dag.py:3096} INFO - Sync 1 DAGs
[2026-05-24T17:11:51.105+0000] {logging_mixin.py:188} INFO - [2026-05-24T17:11:51.105+0000] {dag.py:3954} INFO - Setting next_dagrun for tutorial_objectstorage to None, run_after=None
[2026-05-24T17:11:51.119+0000] {processor.py:183} INFO - Processing /home/varn1t/ml-pipeline/venv/lib/python3.11/site-packages/airflow/example_dags/tutorial_objectstorage.py took 0.053 seconds
[2026-05-24T17:12:32.151+0000] {processor.py:161} INFO - Started process (PID=28783) to work on /home/varn1t/ml-pipeline/venv/lib/python3.11/site-packages/airflow/example_dags/tutorial_objectstorage.py
[2026-05-24T17:12:32.151+0000] {processor.py:830} INFO - Processing file /home/varn1t/ml-pipeline/venv/lib/python3.11/site-packages/airflow/example_dags/tutorial_objectstorage.py for tasks to queue
[2026-05-24T17:12:32.153+0000] {logging_mixin.py:188} INFO - [2026-05-24T17:12:32.153+0000] {dagbag.py:545} INFO - Filling up the DagBag from /home/varn1t/ml-pipeline/venv/lib/python3.11/site-packages/airflow/example_dags/tutorial_objectstorage.py
[2026-05-24T17:12:32.158+0000] {processor.py:840} INFO - DAG(s) 'tutorial_objectstorage' retrieved from /home/varn1t/ml-pipeline/venv/lib/python3.11/site-packages/airflow/example_dags/tutorial_objectstorage.py
[2026-05-24T17:12:32.176+0000] {logging_mixin.py:188} INFO - [2026-05-24T17:12:32.176+0000] {dag.py:3096} INFO - Sync 1 DAGs
[2026-05-24T17:12:32.184+0000] {logging_mixin.py:188} INFO - [2026-05-24T17:12:32.184+0000] {dag.py:3954} INFO - Setting next_dagrun for tutorial_objectstorage to None, run_after=None
[2026-05-24T17:12:32.199+0000] {processor.py:183} INFO - Processing /home/varn1t/ml-pipeline/venv/lib/python3.11/site-packages/airflow/example_dags/tutorial_objectstorage.py took 0.052 seconds
[2026-05-24T17:13:14.660+0000] {processor.py:161} INFO - Started process (PID=28967) to work on /home/varn1t/ml-pipeline/venv/lib/python3.11/site-packages/airflow/example_dags/tutorial_objectstorage.py
[2026-05-24T17:13:14.661+0000] {processor.py:830} INFO - Processing file /home/varn1t/ml-pipeline/venv/lib/python3.11/site-packages/airflow/example_dags/tutorial_objectstorage.py for tasks to queue
[2026-05-24T17:13:14.662+0000] {logging_mixin.py:188} INFO - [2026-05-24T17:13:14.662+0000] {dagbag.py:545} INFO - Filling up the DagBag from /home/varn1t/ml-pipeline/venv/lib/python3.11/site-packages/airflow/example_dags/tutorial_objectstorage.py
[2026-05-24T17:13:14.668+0000] {processor.py:840} INFO - DAG(s) 'tutorial_objectstorage' retrieved from /home/varn1t/ml-pipeline/venv/lib/python3.11/site-packages/airflow/example_dags/tutorial_objectstorage.py
[2026-05-24T17:13:14.678+0000] {logging_mixin.py:188} INFO - [2026-05-24T17:13:14.678+0000] {dag.py:3096} INFO - Sync 1 DAGs
[2026-05-24T17:13:14.685+0000] {logging_mixin.py:188} INFO - [2026-05-24T17:13:14.685+0000] {dag.py:3954} INFO - Setting next_dagrun for tutorial_objectstorage to None, run_after=None
[2026-05-24T17:13:14.700+0000] {processor.py:183} INFO - Processing /home/varn1t/ml-pipeline/venv/lib/python3.11/site-packages/airflow/example_dags/tutorial_objectstorage.py took 0.045 seconds
[2026-05-24T17:13:56.014+0000] {processor.py:161} INFO - Started process (PID=29147) to work on /home/varn1t/ml-pipeline/venv/lib/python3.11/site-packages/airflow/example_dags/tutorial_objectstorage.py
[2026-05-24T17:13:56.015+0000] {processor.py:830} INFO - Processing file /home/varn1t/ml-pipeline/venv/lib/python3.11/site-packages/airflow/example_dags/tutorial_objectstorage.py for tasks to queue
[2026-05-24T17:13:56.016+0000] {logging_mixin.py:188} INFO - [2026-05-24T17:13:56.016+0000] {dagbag.py:545} INFO - Filling up the DagBag from /home/varn1t/ml-pipeline/venv/lib/python3.11/site-packages/airflow/example_dags/tutorial_objectstorage.py
[2026-05-24T17:13:56.025+0000] {processor.py:840} INFO - DAG(s) 'tutorial_objectstorage' retrieved from /home/varn1t/ml-pipeline/venv/lib/python3.11/site-packages/airflow/example_dags/tutorial_objectstorage.py
[2026-05-24T17:13:56.036+0000] {logging_mixin.py:188} INFO - [2026-05-24T17:13:56.035+0000] {dag.py:3096} INFO - Sync 1 DAGs
[2026-05-24T17:13:56.042+0000] {logging_mixin.py:188} INFO - [2026-05-24T17:13:56.042+0000] {dag.py:3954} INFO - Setting next_dagrun for tutorial_objectstorage to None, run_after=None
[2026-05-24T17:13:56.056+0000] {processor.py:183} INFO - Processing /home/varn1t/ml-pipeline/venv/lib/python3.11/site-packages/airflow/example_dags/tutorial_objectstorage.py took 0.046 seconds
[2026-05-24T17:14:36.626+0000] {processor.py:161} INFO - Started process (PID=29357) to work on /home/varn1t/ml-pipeline/venv/lib/python3.11/site-packages/airflow/example_dags/tutorial_objectstorage.py
[2026-05-24T17:14:36.626+0000] {processor.py:830} INFO - Processing file /home/varn1t/ml-pipeline/venv/lib/python3.11/site-packages/airflow/example_dags/tutorial_objectstorage.py for tasks to queue
[2026-05-24T17:14:36.628+0000] {logging_mixin.py:188} INFO - [2026-05-24T17:14:36.628+0000] {dagbag.py:545} INFO - Filling up the DagBag from /home/varn1t/ml-pipeline/venv/lib/python3.11/site-packages/airflow/example_dags/tutorial_objectstorage.py
[2026-05-24T17:14:36.634+0000] {processor.py:840} INFO - DAG(s) 'tutorial_objectstorage' retrieved from /home/varn1t/ml-pipeline/venv/lib/python3.11/site-packages/airflow/example_dags/tutorial_objectstorage.py
[2026-05-24T17:14:36.644+0000] {logging_mixin.py:188} INFO - [2026-05-24T17:14:36.644+0000] {dag.py:3096} INFO - Sync 1 DAGs
[2026-05-24T17:14:36.652+0000] {logging_mixin.py:188} INFO - [2026-05-24T17:14:36.652+0000] {dag.py:3954} INFO - Setting next_dagrun for tutorial_objectstorage to None, run_after=None
[2026-05-24T17:14:36.665+0000] {processor.py:183} INFO - Processing /home/varn1t/ml-pipeline/venv/lib/python3.11/site-packages/airflow/example_dags/tutorial_objectstorage.py took 0.044 seconds
[2026-05-24T17:15:24.558+0000] {processor.py:161} INFO - Started process (PID=29639) to work on /home/varn1t/ml-pipeline/venv/lib/python3.11/site-packages/airflow/example_dags/tutorial_objectstorage.py
[2026-05-24T17:15:24.559+0000] {processor.py:830} INFO - Processing file /home/varn1t/ml-pipeline/venv/lib/python3.11/site-packages/airflow/example_dags/tutorial_objectstorage.py for tasks to queue
[2026-05-24T17:15:24.561+0000] {logging_mixin.py:188} INFO - [2026-05-24T17:15:24.560+0000] {dagbag.py:545} INFO - Filling up the DagBag from /home/varn1t/ml-pipeline/venv/lib/python3.11/site-packages/airflow/example_dags/tutorial_objectstorage.py
[2026-05-24T17:15:24.567+0000] {processor.py:840} INFO - DAG(s) 'tutorial_objectstorage' retrieved from /home/varn1t/ml-pipeline/venv/lib/python3.11/site-packages/airflow/example_dags/tutorial_objectstorage.py
[2026-05-24T17:15:24.577+0000] {logging_mixin.py:188} INFO - [2026-05-24T17:15:24.576+0000] {dag.py:3096} INFO - Sync 1 DAGs
[2026-05-24T17:15:24.586+0000] {logging_mixin.py:188} INFO - [2026-05-24T17:15:24.586+0000] {dag.py:3954} INFO - Setting next_dagrun for tutorial_objectstorage to None, run_after=None
[2026-05-24T17:15:24.602+0000] {processor.py:183} INFO - Processing /home/varn1t/ml-pipeline/venv/lib/python3.11/site-packages/airflow/example_dags/tutorial_objectstorage.py took 0.049 seconds
[2026-05-24T17:16:08.005+0000] {processor.py:161} INFO - Started process (PID=29834) to work on /home/varn1t/ml-pipeline/venv/lib/python3.11/site-packages/airflow/example_dags/tutorial_objectstorage.py
[2026-05-24T17:16:08.005+0000] {processor.py:830} INFO - Processing file /home/varn1t/ml-pipeline/venv/lib/python3.11/site-packages/airflow/example_dags/tutorial_objectstorage.py for tasks to queue
[2026-05-24T17:16:08.007+0000] {logging_mixin.py:188} INFO - [2026-05-24T17:16:08.007+0000] {dagbag.py:545} INFO - Filling up the DagBag from /home/varn1t/ml-pipeline/venv/lib/python3.11/site-packages/airflow/example_dags/tutorial_objectstorage.py
[2026-05-24T17:16:08.012+0000] {processor.py:840} INFO - DAG(s) 'tutorial_objectstorage' retrieved from /home/varn1t/ml-pipeline/venv/lib/python3.11/site-packages/airflow/example_dags/tutorial_objectstorage.py
[2026-05-24T17:16:08.021+0000] {logging_mixin.py:188} INFO - [2026-05-24T17:16:08.021+0000] {dag.py:3096} INFO - Sync 1 DAGs
[2026-05-24T17:16:08.027+0000] {logging_mixin.py:188} INFO - [2026-05-24T17:16:08.027+0000] {dag.py:3954} INFO - Setting next_dagrun for tutorial_objectstorage to None, run_after=None
[2026-05-24T17:16:08.039+0000] {processor.py:183} INFO - Processing /home/varn1t/ml-pipeline/venv/lib/python3.11/site-packages/airflow/example_dags/tutorial_objectstorage.py took 0.039 seconds
[2026-05-24T17:16:50.877+0000] {processor.py:161} INFO - Started process (PID=30023) to work on /home/varn1t/ml-pipeline/venv/lib/python3.11/site-packages/airflow/example_dags/tutorial_objectstorage.py
[2026-05-24T17:16:50.878+0000] {processor.py:830} INFO - Processing file /home/varn1t/ml-pipeline/venv/lib/python3.11/site-packages/airflow/example_dags/tutorial_objectstorage.py for tasks to queue
[2026-05-24T17:16:50.879+0000] {logging_mixin.py:188} INFO - [2026-05-24T17:16:50.879+0000] {dagbag.py:545} INFO - Filling up the DagBag from /home/varn1t/ml-pipeline/venv/lib/python3.11/site-packages/airflow/example_dags/tutorial_objectstorage.py
[2026-05-24T17:16:50.885+0000] {processor.py:840} INFO - DAG(s) 'tutorial_objectstorage' retrieved from /home/varn1t/ml-pipeline/venv/lib/python3.11/site-packages/airflow/example_dags/tutorial_objectstorage.py
[2026-05-24T17:16:50.896+0000] {logging_mixin.py:188} INFO - [2026-05-24T17:16:50.896+0000] {dag.py:3096} INFO - Sync 1 DAGs
[2026-05-24T17:16:50.903+0000] {logging_mixin.py:188} INFO - [2026-05-24T17:16:50.903+0000] {dag.py:3954} INFO - Setting next_dagrun for tutorial_objectstorage to None, run_after=None
[2026-05-24T17:16:50.918+0000] {processor.py:183} INFO - Processing /home/varn1t/ml-pipeline/venv/lib/python3.11/site-packages/airflow/example_dags/tutorial_objectstorage.py took 0.045 seconds
[2026-05-24T17:17:39.334+0000] {processor.py:161} INFO - Started process (PID=30577) to work on /home/varn1t/ml-pipeline/venv/lib/python3.11/site-packages/airflow/example_dags/tutorial_objectstorage.py
[2026-05-24T17:17:39.335+0000] {processor.py:830} INFO - Processing file /home/varn1t/ml-pipeline/venv/lib/python3.11/site-packages/airflow/example_dags/tutorial_objectstorage.py for tasks to queue
[2026-05-24T17:17:39.336+0000] {logging_mixin.py:188} INFO - [2026-05-24T17:17:39.336+0000] {dagbag.py:545} INFO - Filling up the DagBag from /home/varn1t/ml-pipeline/venv/lib/python3.11/site-packages/airflow/example_dags/tutorial_objectstorage.py
[2026-05-24T17:17:39.342+0000] {processor.py:840} INFO - DAG(s) 'tutorial_objectstorage' retrieved from /home/varn1t/ml-pipeline/venv/lib/python3.11/site-packages/airflow/example_dags/tutorial_objectstorage.py
[2026-05-24T17:17:39.353+0000] {logging_mixin.py:188} INFO - [2026-05-24T17:17:39.353+0000] {dag.py:3096} INFO - Sync 1 DAGs
[2026-05-24T17:17:39.362+0000] {logging_mixin.py:188} INFO - [2026-05-24T17:17:39.361+0000] {dag.py:3954} INFO - Setting next_dagrun for tutorial_objectstorage to None, run_after=None
[2026-05-24T17:17:39.381+0000] {processor.py:183} INFO - Processing /home/varn1t/ml-pipeline/venv/lib/python3.11/site-packages/airflow/example_dags/tutorial_objectstorage.py took 0.052 seconds
[2026-05-24T17:18:24.067+0000] {processor.py:161} INFO - Started process (PID=30894) to work on /home/varn1t/ml-pipeline/venv/lib/python3.11/site-packages/airflow/example_dags/tutorial_objectstorage.py
[2026-05-24T17:18:24.068+0000] {processor.py:830} INFO - Processing file /home/varn1t/ml-pipeline/venv/lib/python3.11/site-packages/airflow/example_dags/tutorial_objectstorage.py for tasks to queue
[2026-05-24T17:18:24.070+0000] {logging_mixin.py:188} INFO - [2026-05-24T17:18:24.069+0000] {dagbag.py:545} INFO - Filling up the DagBag from /home/varn1t/ml-pipeline/venv/lib/python3.11/site-packages/airflow/example_dags/tutorial_objectstorage.py
[2026-05-24T17:18:24.076+0000] {processor.py:840} INFO - DAG(s) 'tutorial_objectstorage' retrieved from /home/varn1t/ml-pipeline/venv/lib/python3.11/site-packages/airflow/example_dags/tutorial_objectstorage.py
[2026-05-24T17:18:24.088+0000] {logging_mixin.py:188} INFO - [2026-05-24T17:18:24.088+0000] {dag.py:3096} INFO - Sync 1 DAGs
[2026-05-24T17:18:24.095+0000] {logging_mixin.py:188} INFO - [2026-05-24T17:18:24.095+0000] {dag.py:3954} INFO - Setting next_dagrun for tutorial_objectstorage to None, run_after=None
[2026-05-24T17:18:24.222+0000] {processor.py:183} INFO - Processing /home/varn1t/ml-pipeline/venv/lib/python3.11/site-packages/airflow/example_dags/tutorial_objectstorage.py took 0.160 seconds
[2026-05-24T17:19:08.874+0000] {processor.py:161} INFO - Started process (PID=31176) to work on /home/varn1t/ml-pipeline/venv/lib/python3.11/site-packages/airflow/example_dags/tutorial_objectstorage.py
[2026-05-24T17:19:08.875+0000] {processor.py:830} INFO - Processing file /home/varn1t/ml-pipeline/venv/lib/python3.11/site-packages/airflow/example_dags/tutorial_objectstorage.py for tasks to queue
[2026-05-24T17:19:08.877+0000] {logging_mixin.py:188} INFO - [2026-05-24T17:19:08.877+0000] {dagbag.py:545} INFO - Filling up the DagBag from /home/varn1t/ml-pipeline/venv/lib/python3.11/site-packages/airflow/example_dags/tutorial_objectstorage.py
[2026-05-24T17:19:08.884+0000] {processor.py:840} INFO - DAG(s) 'tutorial_objectstorage' retrieved from /home/varn1t/ml-pipeline/venv/lib/python3.11/site-packages/airflow/example_dags/tutorial_objectstorage.py
[2026-05-24T17:19:08.895+0000] {logging_mixin.py:188} INFO - [2026-05-24T17:19:08.894+0000] {dag.py:3096} INFO - Sync 1 DAGs
[2026-05-24T17:19:08.902+0000] {logging_mixin.py:188} INFO - [2026-05-24T17:19:08.902+0000] {dag.py:3954} INFO - Setting next_dagrun for tutorial_objectstorage to None, run_after=None
[2026-05-24T17:19:08.918+0000] {processor.py:183} INFO - Processing /home/varn1t/ml-pipeline/venv/lib/python3.11/site-packages/airflow/example_dags/tutorial_objectstorage.py took 0.048 seconds
[2026-05-24T17:19:53.121+0000] {processor.py:161} INFO - Started process (PID=31554) to work on /home/varn1t/ml-pipeline/venv/lib/python3.11/site-packages/airflow/example_dags/tutorial_objectstorage.py
[2026-05-24T17:19:53.122+0000] {processor.py:830} INFO - Processing file /home/varn1t/ml-pipeline/venv/lib/python3.11/site-packages/airflow/example_dags/tutorial_objectstorage.py for tasks to queue
[2026-05-24T17:19:53.123+0000] {logging_mixin.py:188} INFO - [2026-05-24T17:19:53.123+0000] {dagbag.py:545} INFO - Filling up the DagBag from /home/varn1t/ml-pipeline/venv/lib/python3.11/site-packages/airflow/example_dags/tutorial_objectstorage.py
[2026-05-24T17:19:53.128+0000] {processor.py:840} INFO - DAG(s) 'tutorial_objectstorage' retrieved from /home/varn1t/ml-pipeline/venv/lib/python3.11/site-packages/airflow/example_dags/tutorial_objectstorage.py
[2026-05-24T17:19:53.137+0000] {logging_mixin.py:188} INFO - [2026-05-24T17:19:53.137+0000] {dag.py:3096} INFO - Sync 1 DAGs
[2026-05-24T17:19:53.143+0000] {logging_mixin.py:188} INFO - [2026-05-24T17:19:53.142+0000] {dag.py:3954} INFO - Setting next_dagrun for tutorial_objectstorage to None, run_after=None
[2026-05-24T17:19:53.155+0000] {processor.py:183} INFO - Processing /home/varn1t/ml-pipeline/venv/lib/python3.11/site-packages/airflow/example_dags/tutorial_objectstorage.py took 0.038 seconds
[2026-05-24T17:20:40.349+0000] {processor.py:161} INFO - Started process (PID=31870) to work on /home/varn1t/ml-pipeline/venv/lib/python3.11/site-packages/airflow/example_dags/tutorial_objectstorage.py
[2026-05-24T17:20:40.350+0000] {processor.py:830} INFO - Processing file /home/varn1t/ml-pipeline/venv/lib/python3.11/site-packages/airflow/example_dags/tutorial_objectstorage.py for tasks to queue
[2026-05-24T17:20:40.351+0000] {logging_mixin.py:188} INFO - [2026-05-24T17:20:40.351+0000] {dagbag.py:545} INFO - Filling up the DagBag from /home/varn1t/ml-pipeline/venv/lib/python3.11/site-packages/airflow/example_dags/tutorial_objectstorage.py
[2026-05-24T17:20:40.356+0000] {processor.py:840} INFO - DAG(s) 'tutorial_objectstorage' retrieved from /home/varn1t/ml-pipeline/venv/lib/python3.11/site-packages/airflow/example_dags/tutorial_objectstorage.py
[2026-05-24T17:20:40.366+0000] {logging_mixin.py:188} INFO - [2026-05-24T17:20:40.366+0000] {dag.py:3096} INFO - Sync 1 DAGs
[2026-05-24T17:20:40.372+0000] {logging_mixin.py:188} INFO - [2026-05-24T17:20:40.372+0000] {dag.py:3954} INFO - Setting next_dagrun for tutorial_objectstorage to None, run_after=None
[2026-05-24T17:20:40.387+0000] {processor.py:183} INFO - Processing /home/varn1t/ml-pipeline/venv/lib/python3.11/site-packages/airflow/example_dags/tutorial_objectstorage.py took 0.042 seconds
[2026-05-24T17:21:24.549+0000] {processor.py:161} INFO - Started process (PID=32102) to work on /home/varn1t/ml-pipeline/venv/lib/python3.11/site-packages/airflow/example_dags/tutorial_objectstorage.py
[2026-05-24T17:21:24.550+0000] {processor.py:830} INFO - Processing file /home/varn1t/ml-pipeline/venv/lib/python3.11/site-packages/airflow/example_dags/tutorial_objectstorage.py for tasks to queue
[2026-05-24T17:21:24.551+0000] {logging_mixin.py:188} INFO - [2026-05-24T17:21:24.551+0000] {dagbag.py:545} INFO - Filling up the DagBag from /home/varn1t/ml-pipeline/venv/lib/python3.11/site-packages/airflow/example_dags/tutorial_objectstorage.py
[2026-05-24T17:21:24.558+0000] {processor.py:840} INFO - DAG(s) 'tutorial_objectstorage' retrieved from /home/varn1t/ml-pipeline/venv/lib/python3.11/site-packages/airflow/example_dags/tutorial_objectstorage.py
[2026-05-24T17:21:24.569+0000] {logging_mixin.py:188} INFO - [2026-05-24T17:21:24.569+0000] {dag.py:3096} INFO - Sync 1 DAGs
[2026-05-24T17:21:24.576+0000] {logging_mixin.py:188} INFO - [2026-05-24T17:21:24.576+0000] {dag.py:3954} INFO - Setting next_dagrun for tutorial_objectstorage to None, run_after=None
[2026-05-24T17:21:24.593+0000] {processor.py:183} INFO - Processing /home/varn1t/ml-pipeline/venv/lib/python3.11/site-packages/airflow/example_dags/tutorial_objectstorage.py took 0.050 seconds
[2026-05-24T17:22:07.876+0000] {processor.py:161} INFO - Started process (PID=32323) to work on /home/varn1t/ml-pipeline/venv/lib/python3.11/site-packages/airflow/example_dags/tutorial_objectstorage.py
[2026-05-24T17:22:07.877+0000] {processor.py:830} INFO - Processing file /home/varn1t/ml-pipeline/venv/lib/python3.11/site-packages/airflow/example_dags/tutorial_objectstorage.py for tasks to queue
[2026-05-24T17:22:07.878+0000] {logging_mixin.py:188} INFO - [2026-05-24T17:22:07.878+0000] {dagbag.py:545} INFO - Filling up the DagBag from /home/varn1t/ml-pipeline/venv/lib/python3.11/site-packages/airflow/example_dags/tutorial_objectstorage.py
[2026-05-24T17:22:07.887+0000] {processor.py:840} INFO - DAG(s) 'tutorial_objectstorage' retrieved from /home/varn1t/ml-pipeline/venv/lib/python3.11/site-packages/airflow/example_dags/tutorial_objectstorage.py
[2026-05-24T17:22:07.900+0000] {logging_mixin.py:188} INFO - [2026-05-24T17:22:07.899+0000] {dag.py:3096} INFO - Sync 1 DAGs
[2026-05-24T17:22:07.908+0000] {logging_mixin.py:188} INFO - [2026-05-24T17:22:07.908+0000] {dag.py:3954} INFO - Setting next_dagrun for tutorial_objectstorage to None, run_after=None
[2026-05-24T17:22:07.924+0000] {processor.py:183} INFO - Processing /home/varn1t/ml-pipeline/venv/lib/python3.11/site-packages/airflow/example_dags/tutorial_objectstorage.py took 0.052 seconds
[2026-05-24T17:22:53.087+0000] {processor.py:161} INFO - Started process (PID=32547) to work on /home/varn1t/ml-pipeline/venv/lib/python3.11/site-packages/airflow/example_dags/tutorial_objectstorage.py
[2026-05-24T17:22:53.088+0000] {processor.py:830} INFO - Processing file /home/varn1t/ml-pipeline/venv/lib/python3.11/site-packages/airflow/example_dags/tutorial_objectstorage.py for tasks to queue
[2026-05-24T17:22:53.089+0000] {logging_mixin.py:188} INFO - [2026-05-24T17:22:53.089+0000] {dagbag.py:545} INFO - Filling up the DagBag from /home/varn1t/ml-pipeline/venv/lib/python3.11/site-packages/airflow/example_dags/tutorial_objectstorage.py
[2026-05-24T17:22:53.096+0000] {processor.py:840} INFO - DAG(s) 'tutorial_objectstorage' retrieved from /home/varn1t/ml-pipeline/venv/lib/python3.11/site-packages/airflow/example_dags/tutorial_objectstorage.py
[2026-05-24T17:22:53.109+0000] {logging_mixin.py:188} INFO - [2026-05-24T17:22:53.108+0000] {dag.py:3096} INFO - Sync 1 DAGs
[2026-05-24T17:22:53.116+0000] {logging_mixin.py:188} INFO - [2026-05-24T17:22:53.116+0000] {dag.py:3954} INFO - Setting next_dagrun for tutorial_objectstorage to None, run_after=None
[2026-05-24T17:22:53.139+0000] {processor.py:183} INFO - Processing /home/varn1t/ml-pipeline/venv/lib/python3.11/site-packages/airflow/example_dags/tutorial_objectstorage.py took 0.059 seconds
[2026-05-24T17:23:38.625+0000] {processor.py:161} INFO - Started process (PID=32748) to work on /home/varn1t/ml-pipeline/venv/lib/python3.11/site-packages/airflow/example_dags/tutorial_objectstorage.py
[2026-05-24T17:23:38.626+0000] {processor.py:830} INFO - Processing file /home/varn1t/ml-pipeline/venv/lib/python3.11/site-packages/airflow/example_dags/tutorial_objectstorage.py for tasks to queue
[2026-05-24T17:23:38.627+0000] {logging_mixin.py:188} INFO - [2026-05-24T17:23:38.627+0000] {dagbag.py:545} INFO - Filling up the DagBag from /home/varn1t/ml-pipeline/venv/lib/python3.11/site-packages/airflow/example_dags/tutorial_objectstorage.py
[2026-05-24T17:23:38.633+0000] {processor.py:840} INFO - DAG(s) 'tutorial_objectstorage' retrieved from /home/varn1t/ml-pipeline/venv/lib/python3.11/site-packages/airflow/example_dags/tutorial_objectstorage.py
[2026-05-24T17:23:38.643+0000] {logging_mixin.py:188} INFO - [2026-05-24T17:23:38.643+0000] {dag.py:3096} INFO - Sync 1 DAGs
[2026-05-24T17:23:38.650+0000] {logging_mixin.py:188} INFO - [2026-05-24T17:23:38.650+0000] {dag.py:3954} INFO - Setting next_dagrun for tutorial_objectstorage to None, run_after=None
[2026-05-24T17:23:38.670+0000] {processor.py:183} INFO - Processing /home/varn1t/ml-pipeline/venv/lib/python3.11/site-packages/airflow/example_dags/tutorial_objectstorage.py took 0.051 seconds
[2026-05-24T17:24:19.847+0000] {processor.py:161} INFO - Started process (PID=33068) to work on /home/varn1t/ml-pipeline/venv/lib/python3.11/site-packages/airflow/example_dags/tutorial_objectstorage.py
[2026-05-24T17:24:19.848+0000] {processor.py:830} INFO - Processing file /home/varn1t/ml-pipeline/venv/lib/python3.11/site-packages/airflow/example_dags/tutorial_objectstorage.py for tasks to queue
[2026-05-24T17:24:19.850+0000] {logging_mixin.py:188} INFO - [2026-05-24T17:24:19.849+0000] {dagbag.py:545} INFO - Filling up the DagBag from /home/varn1t/ml-pipeline/venv/lib/python3.11/site-packages/airflow/example_dags/tutorial_objectstorage.py
[2026-05-24T17:24:19.856+0000] {processor.py:840} INFO - DAG(s) 'tutorial_objectstorage' retrieved from /home/varn1t/ml-pipeline/venv/lib/python3.11/site-packages/airflow/example_dags/tutorial_objectstorage.py
[2026-05-24T17:24:19.867+0000] {logging_mixin.py:188} INFO - [2026-05-24T17:24:19.867+0000] {dag.py:3096} INFO - Sync 1 DAGs
[2026-05-24T17:24:19.876+0000] {logging_mixin.py:188} INFO - [2026-05-24T17:24:19.875+0000] {dag.py:3954} INFO - Setting next_dagrun for tutorial_objectstorage to None, run_after=None
[2026-05-24T17:24:19.895+0000] {processor.py:183} INFO - Processing /home/varn1t/ml-pipeline/venv/lib/python3.11/site-packages/airflow/example_dags/tutorial_objectstorage.py took 0.055 seconds
[2026-05-24T17:25:04.208+0000] {processor.py:161} INFO - Started process (PID=33289) to work on /home/varn1t/ml-pipeline/venv/lib/python3.11/site-packages/airflow/example_dags/tutorial_objectstorage.py
[2026-05-24T17:25:04.209+0000] {processor.py:830} INFO - Processing file /home/varn1t/ml-pipeline/venv/lib/python3.11/site-packages/airflow/example_dags/tutorial_objectstorage.py for tasks to queue
[2026-05-24T17:25:04.210+0000] {logging_mixin.py:188} INFO - [2026-05-24T17:25:04.210+0000] {dagbag.py:545} INFO - Filling up the DagBag from /home/varn1t/ml-pipeline/venv/lib/python3.11/site-packages/airflow/example_dags/tutorial_objectstorage.py
[2026-05-24T17:25:04.217+0000] {processor.py:840} INFO - DAG(s) 'tutorial_objectstorage' retrieved from /home/varn1t/ml-pipeline/venv/lib/python3.11/site-packages/airflow/example_dags/tutorial_objectstorage.py
[2026-05-24T17:25:04.228+0000] {logging_mixin.py:188} INFO - [2026-05-24T17:25:04.228+0000] {dag.py:3096} INFO - Sync 1 DAGs
[2026-05-24T17:25:04.236+0000] {logging_mixin.py:188} INFO - [2026-05-24T17:25:04.236+0000] {dag.py:3954} INFO - Setting next_dagrun for tutorial_objectstorage to None, run_after=None
[2026-05-24T17:25:04.252+0000] {processor.py:183} INFO - Processing /home/varn1t/ml-pipeline/venv/lib/python3.11/site-packages/airflow/example_dags/tutorial_objectstorage.py took 0.050 seconds
[2026-05-24T17:25:48.530+0000] {processor.py:161} INFO - Started process (PID=33536) to work on /home/varn1t/ml-pipeline/venv/lib/python3.11/site-packages/airflow/example_dags/tutorial_objectstorage.py
[2026-05-24T17:25:48.531+0000] {processor.py:830} INFO - Processing file /home/varn1t/ml-pipeline/venv/lib/python3.11/site-packages/airflow/example_dags/tutorial_objectstorage.py for tasks to queue
[2026-05-24T17:25:48.532+0000] {logging_mixin.py:188} INFO - [2026-05-24T17:25:48.531+0000] {dagbag.py:545} INFO - Filling up the DagBag from /home/varn1t/ml-pipeline/venv/lib/python3.11/site-packages/airflow/example_dags/tutorial_objectstorage.py
[2026-05-24T17:25:48.536+0000] {processor.py:840} INFO - DAG(s) 'tutorial_objectstorage' retrieved from /home/varn1t/ml-pipeline/venv/lib/python3.11/site-packages/airflow/example_dags/tutorial_objectstorage.py
[2026-05-24T17:25:48.545+0000] {logging_mixin.py:188} INFO - [2026-05-24T17:25:48.544+0000] {dag.py:3096} INFO - Sync 1 DAGs
[2026-05-24T17:25:48.550+0000] {logging_mixin.py:188} INFO - [2026-05-24T17:25:48.550+0000] {dag.py:3954} INFO - Setting next_dagrun for tutorial_objectstorage to None, run_after=None
[2026-05-24T17:25:48.568+0000] {processor.py:183} INFO - Processing /home/varn1t/ml-pipeline/venv/lib/python3.11/site-packages/airflow/example_dags/tutorial_objectstorage.py took 0.043 seconds
