[2026-05-24T13:28:22.720+0000] {processor.py:161} INFO - Started process (PID=3436) to work on /home/varn1t/ml-pipeline/venv/lib/python3.11/site-packages/airflow/example_dags/tutorial_taskflow_api.py
[2026-05-24T13:28:22.721+0000] {processor.py:830} INFO - Processing file /home/varn1t/ml-pipeline/venv/lib/python3.11/site-packages/airflow/example_dags/tutorial_taskflow_api.py for tasks to queue
[2026-05-24T13:28:22.726+0000] {logging_mixin.py:188} INFO - [2026-05-24T13:28:22.726+0000] {dagbag.py:545} INFO - Filling up the DagBag from /home/varn1t/ml-pipeline/venv/lib/python3.11/site-packages/airflow/example_dags/tutorial_taskflow_api.py
[2026-05-24T13:28:22.735+0000] {processor.py:840} INFO - DAG(s) 'tutorial_taskflow_api' retrieved from /home/varn1t/ml-pipeline/venv/lib/python3.11/site-packages/airflow/example_dags/tutorial_taskflow_api.py
[2026-05-24T13:28:22.831+0000] {logging_mixin.py:188} INFO - [2026-05-24T13:28:22.830+0000] {dag.py:3096} INFO - Sync 1 DAGs
[2026-05-24T13:28:22.836+0000] {logging_mixin.py:188} INFO - [2026-05-24T13:28:22.836+0000] {dag.py:3954} INFO - Setting next_dagrun for tutorial_taskflow_api to None, run_after=None
[2026-05-24T13:28:22.854+0000] {processor.py:183} INFO - Processing /home/varn1t/ml-pipeline/venv/lib/python3.11/site-packages/airflow/example_dags/tutorial_taskflow_api.py took 0.138 seconds
[2026-05-24T13:29:26.081+0000] {processor.py:161} INFO - Started process (PID=4251) to work on /home/varn1t/ml-pipeline/venv/lib/python3.11/site-packages/airflow/example_dags/tutorial_taskflow_api.py
[2026-05-24T13:29:26.082+0000] {processor.py:830} INFO - Processing file /home/varn1t/ml-pipeline/venv/lib/python3.11/site-packages/airflow/example_dags/tutorial_taskflow_api.py for tasks to queue
[2026-05-24T13:29:26.083+0000] {logging_mixin.py:188} INFO - [2026-05-24T13:29:26.083+0000] {dagbag.py:545} INFO - Filling up the DagBag from /home/varn1t/ml-pipeline/venv/lib/python3.11/site-packages/airflow/example_dags/tutorial_taskflow_api.py
[2026-05-24T13:29:26.087+0000] {processor.py:840} INFO - DAG(s) 'tutorial_taskflow_api' retrieved from /home/varn1t/ml-pipeline/venv/lib/python3.11/site-packages/airflow/example_dags/tutorial_taskflow_api.py
[2026-05-24T13:29:26.097+0000] {logging_mixin.py:188} INFO - [2026-05-24T13:29:26.097+0000] {dag.py:3096} INFO - Sync 1 DAGs
[2026-05-24T13:29:26.104+0000] {logging_mixin.py:188} INFO - [2026-05-24T13:29:26.104+0000] {dag.py:3954} INFO - Setting next_dagrun for tutorial_taskflow_api to None, run_after=None
[2026-05-24T13:29:26.118+0000] {processor.py:183} INFO - Processing /home/varn1t/ml-pipeline/venv/lib/python3.11/site-packages/airflow/example_dags/tutorial_taskflow_api.py took 0.041 seconds
[2026-05-24T13:30:12.517+0000] {processor.py:161} INFO - Started process (PID=4454) to work on /home/varn1t/ml-pipeline/venv/lib/python3.11/site-packages/airflow/example_dags/tutorial_taskflow_api.py
[2026-05-24T13:30:12.518+0000] {processor.py:830} INFO - Processing file /home/varn1t/ml-pipeline/venv/lib/python3.11/site-packages/airflow/example_dags/tutorial_taskflow_api.py for tasks to queue
[2026-05-24T13:30:12.520+0000] {logging_mixin.py:188} INFO - [2026-05-24T13:30:12.520+0000] {dagbag.py:545} INFO - Filling up the DagBag from /home/varn1t/ml-pipeline/venv/lib/python3.11/site-packages/airflow/example_dags/tutorial_taskflow_api.py
[2026-05-24T13:30:12.525+0000] {processor.py:840} INFO - DAG(s) 'tutorial_taskflow_api' retrieved from /home/varn1t/ml-pipeline/venv/lib/python3.11/site-packages/airflow/example_dags/tutorial_taskflow_api.py
[2026-05-24T13:30:12.535+0000] {logging_mixin.py:188} INFO - [2026-05-24T13:30:12.535+0000] {dag.py:3096} INFO - Sync 1 DAGs
[2026-05-24T13:30:12.543+0000] {logging_mixin.py:188} INFO - [2026-05-24T13:30:12.543+0000] {dag.py:3954} INFO - Setting next_dagrun for tutorial_taskflow_api to None, run_after=None
[2026-05-24T13:30:12.561+0000] {processor.py:183} INFO - Processing /home/varn1t/ml-pipeline/venv/lib/python3.11/site-packages/airflow/example_dags/tutorial_taskflow_api.py took 0.049 seconds
[2026-05-24T13:30:58.320+0000] {processor.py:161} INFO - Started process (PID=4647) to work on /home/varn1t/ml-pipeline/venv/lib/python3.11/site-packages/airflow/example_dags/tutorial_taskflow_api.py
[2026-05-24T13:30:58.321+0000] {processor.py:830} INFO - Processing file /home/varn1t/ml-pipeline/venv/lib/python3.11/site-packages/airflow/example_dags/tutorial_taskflow_api.py for tasks to queue
[2026-05-24T13:30:58.323+0000] {logging_mixin.py:188} INFO - [2026-05-24T13:30:58.322+0000] {dagbag.py:545} INFO - Filling up the DagBag from /home/varn1t/ml-pipeline/venv/lib/python3.11/site-packages/airflow/example_dags/tutorial_taskflow_api.py
[2026-05-24T13:30:58.329+0000] {processor.py:840} INFO - DAG(s) 'tutorial_taskflow_api' retrieved from /home/varn1t/ml-pipeline/venv/lib/python3.11/site-packages/airflow/example_dags/tutorial_taskflow_api.py
[2026-05-24T13:30:58.341+0000] {logging_mixin.py:188} INFO - [2026-05-24T13:30:58.341+0000] {dag.py:3096} INFO - Sync 1 DAGs
[2026-05-24T13:30:58.349+0000] {logging_mixin.py:188} INFO - [2026-05-24T13:30:58.348+0000] {dag.py:3954} INFO - Setting next_dagrun for tutorial_taskflow_api to None, run_after=None
[2026-05-24T13:30:58.367+0000] {processor.py:183} INFO - Processing /home/varn1t/ml-pipeline/venv/lib/python3.11/site-packages/airflow/example_dags/tutorial_taskflow_api.py took 0.053 seconds
[2026-05-24T13:31:39.941+0000] {processor.py:161} INFO - Started process (PID=4833) to work on /home/varn1t/ml-pipeline/venv/lib/python3.11/site-packages/airflow/example_dags/tutorial_taskflow_api.py
[2026-05-24T13:31:39.942+0000] {processor.py:830} INFO - Processing file /home/varn1t/ml-pipeline/venv/lib/python3.11/site-packages/airflow/example_dags/tutorial_taskflow_api.py for tasks to queue
[2026-05-24T13:31:39.943+0000] {logging_mixin.py:188} INFO - [2026-05-24T13:31:39.943+0000] {dagbag.py:545} INFO - Filling up the DagBag from /home/varn1t/ml-pipeline/venv/lib/python3.11/site-packages/airflow/example_dags/tutorial_taskflow_api.py
[2026-05-24T13:31:39.948+0000] {processor.py:840} INFO - DAG(s) 'tutorial_taskflow_api' retrieved from /home/varn1t/ml-pipeline/venv/lib/python3.11/site-packages/airflow/example_dags/tutorial_taskflow_api.py
[2026-05-24T13:31:39.958+0000] {logging_mixin.py:188} INFO - [2026-05-24T13:31:39.958+0000] {dag.py:3096} INFO - Sync 1 DAGs
[2026-05-24T13:31:39.965+0000] {logging_mixin.py:188} INFO - [2026-05-24T13:31:39.965+0000] {dag.py:3954} INFO - Setting next_dagrun for tutorial_taskflow_api to None, run_after=None
[2026-05-24T13:31:39.982+0000] {processor.py:183} INFO - Processing /home/varn1t/ml-pipeline/venv/lib/python3.11/site-packages/airflow/example_dags/tutorial_taskflow_api.py took 0.045 seconds
[2026-05-24T13:32:18.202+0000] {processor.py:161} INFO - Started process (PID=5008) to work on /home/varn1t/ml-pipeline/venv/lib/python3.11/site-packages/airflow/example_dags/tutorial_taskflow_api.py
[2026-05-24T13:32:18.203+0000] {processor.py:830} INFO - Processing file /home/varn1t/ml-pipeline/venv/lib/python3.11/site-packages/airflow/example_dags/tutorial_taskflow_api.py for tasks to queue
[2026-05-24T13:32:18.205+0000] {logging_mixin.py:188} INFO - [2026-05-24T13:32:18.204+0000] {dagbag.py:545} INFO - Filling up the DagBag from /home/varn1t/ml-pipeline/venv/lib/python3.11/site-packages/airflow/example_dags/tutorial_taskflow_api.py
[2026-05-24T13:32:18.211+0000] {processor.py:840} INFO - DAG(s) 'tutorial_taskflow_api' retrieved from /home/varn1t/ml-pipeline/venv/lib/python3.11/site-packages/airflow/example_dags/tutorial_taskflow_api.py
[2026-05-24T13:32:18.223+0000] {logging_mixin.py:188} INFO - [2026-05-24T13:32:18.223+0000] {dag.py:3096} INFO - Sync 1 DAGs
[2026-05-24T13:32:18.230+0000] {logging_mixin.py:188} INFO - [2026-05-24T13:32:18.230+0000] {dag.py:3954} INFO - Setting next_dagrun for tutorial_taskflow_api to None, run_after=None
[2026-05-24T13:32:18.248+0000] {processor.py:183} INFO - Processing /home/varn1t/ml-pipeline/venv/lib/python3.11/site-packages/airflow/example_dags/tutorial_taskflow_api.py took 0.051 seconds
[2026-05-24T13:32:57.109+0000] {processor.py:161} INFO - Started process (PID=5179) to work on /home/varn1t/ml-pipeline/venv/lib/python3.11/site-packages/airflow/example_dags/tutorial_taskflow_api.py
[2026-05-24T13:32:57.110+0000] {processor.py:830} INFO - Processing file /home/varn1t/ml-pipeline/venv/lib/python3.11/site-packages/airflow/example_dags/tutorial_taskflow_api.py for tasks to queue
[2026-05-24T13:32:57.111+0000] {logging_mixin.py:188} INFO - [2026-05-24T13:32:57.111+0000] {dagbag.py:545} INFO - Filling up the DagBag from /home/varn1t/ml-pipeline/venv/lib/python3.11/site-packages/airflow/example_dags/tutorial_taskflow_api.py
[2026-05-24T13:32:57.116+0000] {processor.py:840} INFO - DAG(s) 'tutorial_taskflow_api' retrieved from /home/varn1t/ml-pipeline/venv/lib/python3.11/site-packages/airflow/example_dags/tutorial_taskflow_api.py
[2026-05-24T13:32:57.129+0000] {logging_mixin.py:188} INFO - [2026-05-24T13:32:57.129+0000] {dag.py:3096} INFO - Sync 1 DAGs
[2026-05-24T13:32:57.136+0000] {logging_mixin.py:188} INFO - [2026-05-24T13:32:57.136+0000] {dag.py:3954} INFO - Setting next_dagrun for tutorial_taskflow_api to None, run_after=None
[2026-05-24T13:32:57.153+0000] {processor.py:183} INFO - Processing /home/varn1t/ml-pipeline/venv/lib/python3.11/site-packages/airflow/example_dags/tutorial_taskflow_api.py took 0.047 seconds
[2026-05-24T13:33:36.678+0000] {processor.py:161} INFO - Started process (PID=5442) to work on /home/varn1t/ml-pipeline/venv/lib/python3.11/site-packages/airflow/example_dags/tutorial_taskflow_api.py
[2026-05-24T13:33:36.679+0000] {processor.py:830} INFO - Processing file /home/varn1t/ml-pipeline/venv/lib/python3.11/site-packages/airflow/example_dags/tutorial_taskflow_api.py for tasks to queue
[2026-05-24T13:33:36.680+0000] {logging_mixin.py:188} INFO - [2026-05-24T13:33:36.680+0000] {dagbag.py:545} INFO - Filling up the DagBag from /home/varn1t/ml-pipeline/venv/lib/python3.11/site-packages/airflow/example_dags/tutorial_taskflow_api.py
[2026-05-24T13:33:36.686+0000] {processor.py:840} INFO - DAG(s) 'tutorial_taskflow_api' retrieved from /home/varn1t/ml-pipeline/venv/lib/python3.11/site-packages/airflow/example_dags/tutorial_taskflow_api.py
[2026-05-24T13:33:36.700+0000] {logging_mixin.py:188} INFO - [2026-05-24T13:33:36.700+0000] {dag.py:3096} INFO - Sync 1 DAGs
[2026-05-24T13:33:36.707+0000] {logging_mixin.py:188} INFO - [2026-05-24T13:33:36.707+0000] {dag.py:3954} INFO - Setting next_dagrun for tutorial_taskflow_api to None, run_after=None
[2026-05-24T13:33:36.722+0000] {processor.py:183} INFO - Processing /home/varn1t/ml-pipeline/venv/lib/python3.11/site-packages/airflow/example_dags/tutorial_taskflow_api.py took 0.048 seconds
[2026-05-24T13:34:12.371+0000] {processor.py:161} INFO - Started process (PID=5748) to work on /home/varn1t/ml-pipeline/venv/lib/python3.11/site-packages/airflow/example_dags/tutorial_taskflow_api.py
[2026-05-24T13:34:12.372+0000] {processor.py:830} INFO - Processing file /home/varn1t/ml-pipeline/venv/lib/python3.11/site-packages/airflow/example_dags/tutorial_taskflow_api.py for tasks to queue
[2026-05-24T13:34:12.372+0000] {logging_mixin.py:188} INFO - [2026-05-24T13:34:12.372+0000] {dagbag.py:545} INFO - Filling up the DagBag from /home/varn1t/ml-pipeline/venv/lib/python3.11/site-packages/airflow/example_dags/tutorial_taskflow_api.py
[2026-05-24T13:34:12.377+0000] {processor.py:840} INFO - DAG(s) 'tutorial_taskflow_api' retrieved from /home/varn1t/ml-pipeline/venv/lib/python3.11/site-packages/airflow/example_dags/tutorial_taskflow_api.py
[2026-05-24T13:34:12.390+0000] {logging_mixin.py:188} INFO - [2026-05-24T13:34:12.390+0000] {dag.py:3096} INFO - Sync 1 DAGs
[2026-05-24T13:34:12.398+0000] {logging_mixin.py:188} INFO - [2026-05-24T13:34:12.398+0000] {dag.py:3954} INFO - Setting next_dagrun for tutorial_taskflow_api to None, run_after=None
[2026-05-24T13:34:12.414+0000] {processor.py:183} INFO - Processing /home/varn1t/ml-pipeline/venv/lib/python3.11/site-packages/airflow/example_dags/tutorial_taskflow_api.py took 0.047 seconds
[2026-05-24T13:34:49.185+0000] {processor.py:161} INFO - Started process (PID=5926) to work on /home/varn1t/ml-pipeline/venv/lib/python3.11/site-packages/airflow/example_dags/tutorial_taskflow_api.py
[2026-05-24T13:34:49.185+0000] {processor.py:830} INFO - Processing file /home/varn1t/ml-pipeline/venv/lib/python3.11/site-packages/airflow/example_dags/tutorial_taskflow_api.py for tasks to queue
[2026-05-24T13:34:49.186+0000] {logging_mixin.py:188} INFO - [2026-05-24T13:34:49.186+0000] {dagbag.py:545} INFO - Filling up the DagBag from /home/varn1t/ml-pipeline/venv/lib/python3.11/site-packages/airflow/example_dags/tutorial_taskflow_api.py
[2026-05-24T13:34:49.190+0000] {processor.py:840} INFO - DAG(s) 'tutorial_taskflow_api' retrieved from /home/varn1t/ml-pipeline/venv/lib/python3.11/site-packages/airflow/example_dags/tutorial_taskflow_api.py
[2026-05-24T13:34:49.200+0000] {logging_mixin.py:188} INFO - [2026-05-24T13:34:49.200+0000] {dag.py:3096} INFO - Sync 1 DAGs
[2026-05-24T13:34:49.205+0000] {logging_mixin.py:188} INFO - [2026-05-24T13:34:49.205+0000] {dag.py:3954} INFO - Setting next_dagrun for tutorial_taskflow_api to None, run_after=None
[2026-05-24T13:34:49.219+0000] {processor.py:183} INFO - Processing /home/varn1t/ml-pipeline/venv/lib/python3.11/site-packages/airflow/example_dags/tutorial_taskflow_api.py took 0.039 seconds
[2026-05-24T13:35:29.696+0000] {processor.py:161} INFO - Started process (PID=6155) to work on /home/varn1t/ml-pipeline/venv/lib/python3.11/site-packages/airflow/example_dags/tutorial_taskflow_api.py
[2026-05-24T13:35:29.697+0000] {processor.py:830} INFO - Processing file /home/varn1t/ml-pipeline/venv/lib/python3.11/site-packages/airflow/example_dags/tutorial_taskflow_api.py for tasks to queue
[2026-05-24T13:35:29.698+0000] {logging_mixin.py:188} INFO - [2026-05-24T13:35:29.698+0000] {dagbag.py:545} INFO - Filling up the DagBag from /home/varn1t/ml-pipeline/venv/lib/python3.11/site-packages/airflow/example_dags/tutorial_taskflow_api.py
[2026-05-24T13:35:29.703+0000] {processor.py:840} INFO - DAG(s) 'tutorial_taskflow_api' retrieved from /home/varn1t/ml-pipeline/venv/lib/python3.11/site-packages/airflow/example_dags/tutorial_taskflow_api.py
[2026-05-24T13:35:29.713+0000] {logging_mixin.py:188} INFO - [2026-05-24T13:35:29.713+0000] {dag.py:3096} INFO - Sync 1 DAGs
[2026-05-24T13:35:29.720+0000] {logging_mixin.py:188} INFO - [2026-05-24T13:35:29.720+0000] {dag.py:3954} INFO - Setting next_dagrun for tutorial_taskflow_api to None, run_after=None
[2026-05-24T13:35:29.736+0000] {processor.py:183} INFO - Processing /home/varn1t/ml-pipeline/venv/lib/python3.11/site-packages/airflow/example_dags/tutorial_taskflow_api.py took 0.044 seconds
[2026-05-24T13:36:09.472+0000] {processor.py:161} INFO - Started process (PID=6423) to work on /home/varn1t/ml-pipeline/venv/lib/python3.11/site-packages/airflow/example_dags/tutorial_taskflow_api.py
[2026-05-24T13:36:09.473+0000] {processor.py:830} INFO - Processing file /home/varn1t/ml-pipeline/venv/lib/python3.11/site-packages/airflow/example_dags/tutorial_taskflow_api.py for tasks to queue
[2026-05-24T13:36:09.473+0000] {logging_mixin.py:188} INFO - [2026-05-24T13:36:09.473+0000] {dagbag.py:545} INFO - Filling up the DagBag from /home/varn1t/ml-pipeline/venv/lib/python3.11/site-packages/airflow/example_dags/tutorial_taskflow_api.py
[2026-05-24T13:36:09.478+0000] {processor.py:840} INFO - DAG(s) 'tutorial_taskflow_api' retrieved from /home/varn1t/ml-pipeline/venv/lib/python3.11/site-packages/airflow/example_dags/tutorial_taskflow_api.py
[2026-05-24T13:36:09.488+0000] {logging_mixin.py:188} INFO - [2026-05-24T13:36:09.488+0000] {dag.py:3096} INFO - Sync 1 DAGs
[2026-05-24T13:36:09.495+0000] {logging_mixin.py:188} INFO - [2026-05-24T13:36:09.495+0000] {dag.py:3954} INFO - Setting next_dagrun for tutorial_taskflow_api to None, run_after=None
[2026-05-24T13:36:09.510+0000] {processor.py:183} INFO - Processing /home/varn1t/ml-pipeline/venv/lib/python3.11/site-packages/airflow/example_dags/tutorial_taskflow_api.py took 0.042 seconds
[2026-05-24T13:36:48.602+0000] {processor.py:161} INFO - Started process (PID=6634) to work on /home/varn1t/ml-pipeline/venv/lib/python3.11/site-packages/airflow/example_dags/tutorial_taskflow_api.py
[2026-05-24T13:36:48.603+0000] {processor.py:830} INFO - Processing file /home/varn1t/ml-pipeline/venv/lib/python3.11/site-packages/airflow/example_dags/tutorial_taskflow_api.py for tasks to queue
[2026-05-24T13:36:48.603+0000] {logging_mixin.py:188} INFO - [2026-05-24T13:36:48.603+0000] {dagbag.py:545} INFO - Filling up the DagBag from /home/varn1t/ml-pipeline/venv/lib/python3.11/site-packages/airflow/example_dags/tutorial_taskflow_api.py
[2026-05-24T13:36:48.608+0000] {processor.py:840} INFO - DAG(s) 'tutorial_taskflow_api' retrieved from /home/varn1t/ml-pipeline/venv/lib/python3.11/site-packages/airflow/example_dags/tutorial_taskflow_api.py
[2026-05-24T13:36:48.619+0000] {logging_mixin.py:188} INFO - [2026-05-24T13:36:48.619+0000] {dag.py:3096} INFO - Sync 1 DAGs
[2026-05-24T13:36:48.626+0000] {logging_mixin.py:188} INFO - [2026-05-24T13:36:48.626+0000] {dag.py:3954} INFO - Setting next_dagrun for tutorial_taskflow_api to None, run_after=None
[2026-05-24T13:36:48.642+0000] {processor.py:183} INFO - Processing /home/varn1t/ml-pipeline/venv/lib/python3.11/site-packages/airflow/example_dags/tutorial_taskflow_api.py took 0.044 seconds
[2026-05-24T13:37:20.364+0000] {processor.py:161} INFO - Started process (PID=7125) to work on /home/varn1t/ml-pipeline/venv/lib/python3.11/site-packages/airflow/example_dags/tutorial_taskflow_api.py
[2026-05-24T13:37:20.365+0000] {processor.py:830} INFO - Processing file /home/varn1t/ml-pipeline/venv/lib/python3.11/site-packages/airflow/example_dags/tutorial_taskflow_api.py for tasks to queue
[2026-05-24T13:37:20.365+0000] {logging_mixin.py:188} INFO - [2026-05-24T13:37:20.365+0000] {dagbag.py:545} INFO - Filling up the DagBag from /home/varn1t/ml-pipeline/venv/lib/python3.11/site-packages/airflow/example_dags/tutorial_taskflow_api.py
[2026-05-24T13:37:20.370+0000] {processor.py:840} INFO - DAG(s) 'tutorial_taskflow_api' retrieved from /home/varn1t/ml-pipeline/venv/lib/python3.11/site-packages/airflow/example_dags/tutorial_taskflow_api.py
[2026-05-24T13:37:20.381+0000] {logging_mixin.py:188} INFO - [2026-05-24T13:37:20.381+0000] {dag.py:3096} INFO - Sync 1 DAGs
[2026-05-24T13:37:20.388+0000] {logging_mixin.py:188} INFO - [2026-05-24T13:37:20.388+0000] {dag.py:3954} INFO - Setting next_dagrun for tutorial_taskflow_api to None, run_after=None
[2026-05-24T13:37:20.404+0000] {processor.py:183} INFO - Processing /home/varn1t/ml-pipeline/venv/lib/python3.11/site-packages/airflow/example_dags/tutorial_taskflow_api.py took 0.044 seconds
[2026-05-24T13:38:08.400+0000] {processor.py:161} INFO - Started process (PID=7346) to work on /home/varn1t/ml-pipeline/venv/lib/python3.11/site-packages/airflow/example_dags/tutorial_taskflow_api.py
[2026-05-24T13:38:08.401+0000] {processor.py:830} INFO - Processing file /home/varn1t/ml-pipeline/venv/lib/python3.11/site-packages/airflow/example_dags/tutorial_taskflow_api.py for tasks to queue
[2026-05-24T13:38:08.401+0000] {logging_mixin.py:188} INFO - [2026-05-24T13:38:08.401+0000] {dagbag.py:545} INFO - Filling up the DagBag from /home/varn1t/ml-pipeline/venv/lib/python3.11/site-packages/airflow/example_dags/tutorial_taskflow_api.py
[2026-05-24T13:38:08.407+0000] {processor.py:840} INFO - DAG(s) 'tutorial_taskflow_api' retrieved from /home/varn1t/ml-pipeline/venv/lib/python3.11/site-packages/airflow/example_dags/tutorial_taskflow_api.py
[2026-05-24T13:38:08.418+0000] {logging_mixin.py:188} INFO - [2026-05-24T13:38:08.418+0000] {dag.py:3096} INFO - Sync 1 DAGs
[2026-05-24T13:38:08.425+0000] {logging_mixin.py:188} INFO - [2026-05-24T13:38:08.425+0000] {dag.py:3954} INFO - Setting next_dagrun for tutorial_taskflow_api to None, run_after=None
[2026-05-24T13:38:08.441+0000] {processor.py:183} INFO - Processing /home/varn1t/ml-pipeline/venv/lib/python3.11/site-packages/airflow/example_dags/tutorial_taskflow_api.py took 0.046 seconds
[2026-05-24T13:38:44.552+0000] {processor.py:161} INFO - Started process (PID=7536) to work on /home/varn1t/ml-pipeline/venv/lib/python3.11/site-packages/airflow/example_dags/tutorial_taskflow_api.py
[2026-05-24T13:38:44.553+0000] {processor.py:830} INFO - Processing file /home/varn1t/ml-pipeline/venv/lib/python3.11/site-packages/airflow/example_dags/tutorial_taskflow_api.py for tasks to queue
[2026-05-24T13:38:44.553+0000] {logging_mixin.py:188} INFO - [2026-05-24T13:38:44.553+0000] {dagbag.py:545} INFO - Filling up the DagBag from /home/varn1t/ml-pipeline/venv/lib/python3.11/site-packages/airflow/example_dags/tutorial_taskflow_api.py
[2026-05-24T13:38:44.559+0000] {processor.py:840} INFO - DAG(s) 'tutorial_taskflow_api' retrieved from /home/varn1t/ml-pipeline/venv/lib/python3.11/site-packages/airflow/example_dags/tutorial_taskflow_api.py
[2026-05-24T13:38:44.572+0000] {logging_mixin.py:188} INFO - [2026-05-24T13:38:44.572+0000] {dag.py:3096} INFO - Sync 1 DAGs
[2026-05-24T13:38:44.582+0000] {logging_mixin.py:188} INFO - [2026-05-24T13:38:44.581+0000] {dag.py:3954} INFO - Setting next_dagrun for tutorial_taskflow_api to None, run_after=None
[2026-05-24T13:38:44.599+0000] {processor.py:183} INFO - Processing /home/varn1t/ml-pipeline/venv/lib/python3.11/site-packages/airflow/example_dags/tutorial_taskflow_api.py took 0.051 seconds
[2026-05-24T13:39:25.531+0000] {processor.py:161} INFO - Started process (PID=7715) to work on /home/varn1t/ml-pipeline/venv/lib/python3.11/site-packages/airflow/example_dags/tutorial_taskflow_api.py
[2026-05-24T13:39:25.532+0000] {processor.py:830} INFO - Processing file /home/varn1t/ml-pipeline/venv/lib/python3.11/site-packages/airflow/example_dags/tutorial_taskflow_api.py for tasks to queue
[2026-05-24T13:39:25.532+0000] {logging_mixin.py:188} INFO - [2026-05-24T13:39:25.532+0000] {dagbag.py:545} INFO - Filling up the DagBag from /home/varn1t/ml-pipeline/venv/lib/python3.11/site-packages/airflow/example_dags/tutorial_taskflow_api.py
[2026-05-24T13:39:25.538+0000] {processor.py:840} INFO - DAG(s) 'tutorial_taskflow_api' retrieved from /home/varn1t/ml-pipeline/venv/lib/python3.11/site-packages/airflow/example_dags/tutorial_taskflow_api.py
[2026-05-24T13:39:25.553+0000] {logging_mixin.py:188} INFO - [2026-05-24T13:39:25.553+0000] {dag.py:3096} INFO - Sync 1 DAGs
[2026-05-24T13:39:25.560+0000] {logging_mixin.py:188} INFO - [2026-05-24T13:39:25.560+0000] {dag.py:3954} INFO - Setting next_dagrun for tutorial_taskflow_api to None, run_after=None
[2026-05-24T13:39:25.575+0000] {processor.py:183} INFO - Processing /home/varn1t/ml-pipeline/venv/lib/python3.11/site-packages/airflow/example_dags/tutorial_taskflow_api.py took 0.048 seconds
[2026-05-24T13:40:06.613+0000] {processor.py:161} INFO - Started process (PID=7892) to work on /home/varn1t/ml-pipeline/venv/lib/python3.11/site-packages/airflow/example_dags/tutorial_taskflow_api.py
[2026-05-24T13:40:06.614+0000] {processor.py:830} INFO - Processing file /home/varn1t/ml-pipeline/venv/lib/python3.11/site-packages/airflow/example_dags/tutorial_taskflow_api.py for tasks to queue
[2026-05-24T13:40:06.614+0000] {logging_mixin.py:188} INFO - [2026-05-24T13:40:06.614+0000] {dagbag.py:545} INFO - Filling up the DagBag from /home/varn1t/ml-pipeline/venv/lib/python3.11/site-packages/airflow/example_dags/tutorial_taskflow_api.py
[2026-05-24T13:40:06.619+0000] {processor.py:840} INFO - DAG(s) 'tutorial_taskflow_api' retrieved from /home/varn1t/ml-pipeline/venv/lib/python3.11/site-packages/airflow/example_dags/tutorial_taskflow_api.py
[2026-05-24T13:40:06.632+0000] {logging_mixin.py:188} INFO - [2026-05-24T13:40:06.632+0000] {dag.py:3096} INFO - Sync 1 DAGs
[2026-05-24T13:40:06.642+0000] {logging_mixin.py:188} INFO - [2026-05-24T13:40:06.642+0000] {dag.py:3954} INFO - Setting next_dagrun for tutorial_taskflow_api to None, run_after=None
[2026-05-24T13:40:06.656+0000] {processor.py:183} INFO - Processing /home/varn1t/ml-pipeline/venv/lib/python3.11/site-packages/airflow/example_dags/tutorial_taskflow_api.py took 0.047 seconds
[2026-05-24T13:40:45.162+0000] {processor.py:161} INFO - Started process (PID=8059) to work on /home/varn1t/ml-pipeline/venv/lib/python3.11/site-packages/airflow/example_dags/tutorial_taskflow_api.py
[2026-05-24T13:40:45.163+0000] {processor.py:830} INFO - Processing file /home/varn1t/ml-pipeline/venv/lib/python3.11/site-packages/airflow/example_dags/tutorial_taskflow_api.py for tasks to queue
[2026-05-24T13:40:45.164+0000] {logging_mixin.py:188} INFO - [2026-05-24T13:40:45.164+0000] {dagbag.py:545} INFO - Filling up the DagBag from /home/varn1t/ml-pipeline/venv/lib/python3.11/site-packages/airflow/example_dags/tutorial_taskflow_api.py
[2026-05-24T13:40:45.170+0000] {processor.py:840} INFO - DAG(s) 'tutorial_taskflow_api' retrieved from /home/varn1t/ml-pipeline/venv/lib/python3.11/site-packages/airflow/example_dags/tutorial_taskflow_api.py
[2026-05-24T13:40:45.182+0000] {logging_mixin.py:188} INFO - [2026-05-24T13:40:45.182+0000] {dag.py:3096} INFO - Sync 1 DAGs
[2026-05-24T13:40:45.190+0000] {logging_mixin.py:188} INFO - [2026-05-24T13:40:45.190+0000] {dag.py:3954} INFO - Setting next_dagrun for tutorial_taskflow_api to None, run_after=None
[2026-05-24T13:40:45.209+0000] {processor.py:183} INFO - Processing /home/varn1t/ml-pipeline/venv/lib/python3.11/site-packages/airflow/example_dags/tutorial_taskflow_api.py took 0.053 seconds
[2026-05-24T13:41:23.801+0000] {processor.py:161} INFO - Started process (PID=8229) to work on /home/varn1t/ml-pipeline/venv/lib/python3.11/site-packages/airflow/example_dags/tutorial_taskflow_api.py
[2026-05-24T13:41:23.802+0000] {processor.py:830} INFO - Processing file /home/varn1t/ml-pipeline/venv/lib/python3.11/site-packages/airflow/example_dags/tutorial_taskflow_api.py for tasks to queue
[2026-05-24T13:41:23.803+0000] {logging_mixin.py:188} INFO - [2026-05-24T13:41:23.802+0000] {dagbag.py:545} INFO - Filling up the DagBag from /home/varn1t/ml-pipeline/venv/lib/python3.11/site-packages/airflow/example_dags/tutorial_taskflow_api.py
[2026-05-24T13:41:23.809+0000] {processor.py:840} INFO - DAG(s) 'tutorial_taskflow_api' retrieved from /home/varn1t/ml-pipeline/venv/lib/python3.11/site-packages/airflow/example_dags/tutorial_taskflow_api.py
[2026-05-24T13:41:23.821+0000] {logging_mixin.py:188} INFO - [2026-05-24T13:41:23.821+0000] {dag.py:3096} INFO - Sync 1 DAGs
[2026-05-24T13:41:23.831+0000] {logging_mixin.py:188} INFO - [2026-05-24T13:41:23.830+0000] {dag.py:3954} INFO - Setting next_dagrun for tutorial_taskflow_api to None, run_after=None
[2026-05-24T13:41:23.852+0000] {processor.py:183} INFO - Processing /home/varn1t/ml-pipeline/venv/lib/python3.11/site-packages/airflow/example_dags/tutorial_taskflow_api.py took 0.056 seconds
[2026-05-24T13:42:03.752+0000] {processor.py:161} INFO - Started process (PID=8411) to work on /home/varn1t/ml-pipeline/venv/lib/python3.11/site-packages/airflow/example_dags/tutorial_taskflow_api.py
[2026-05-24T13:42:03.753+0000] {processor.py:830} INFO - Processing file /home/varn1t/ml-pipeline/venv/lib/python3.11/site-packages/airflow/example_dags/tutorial_taskflow_api.py for tasks to queue
[2026-05-24T13:42:03.753+0000] {logging_mixin.py:188} INFO - [2026-05-24T13:42:03.753+0000] {dagbag.py:545} INFO - Filling up the DagBag from /home/varn1t/ml-pipeline/venv/lib/python3.11/site-packages/airflow/example_dags/tutorial_taskflow_api.py
[2026-05-24T13:42:03.758+0000] {processor.py:840} INFO - DAG(s) 'tutorial_taskflow_api' retrieved from /home/varn1t/ml-pipeline/venv/lib/python3.11/site-packages/airflow/example_dags/tutorial_taskflow_api.py
[2026-05-24T13:42:03.767+0000] {logging_mixin.py:188} INFO - [2026-05-24T13:42:03.767+0000] {dag.py:3096} INFO - Sync 1 DAGs
[2026-05-24T13:42:03.773+0000] {logging_mixin.py:188} INFO - [2026-05-24T13:42:03.773+0000] {dag.py:3954} INFO - Setting next_dagrun for tutorial_taskflow_api to None, run_after=None
[2026-05-24T13:42:03.787+0000] {processor.py:183} INFO - Processing /home/varn1t/ml-pipeline/venv/lib/python3.11/site-packages/airflow/example_dags/tutorial_taskflow_api.py took 0.039 seconds
[2026-05-24T13:42:46.525+0000] {processor.py:161} INFO - Started process (PID=8590) to work on /home/varn1t/ml-pipeline/venv/lib/python3.11/site-packages/airflow/example_dags/tutorial_taskflow_api.py
[2026-05-24T13:42:46.526+0000] {processor.py:830} INFO - Processing file /home/varn1t/ml-pipeline/venv/lib/python3.11/site-packages/airflow/example_dags/tutorial_taskflow_api.py for tasks to queue
[2026-05-24T13:42:46.526+0000] {logging_mixin.py:188} INFO - [2026-05-24T13:42:46.526+0000] {dagbag.py:545} INFO - Filling up the DagBag from /home/varn1t/ml-pipeline/venv/lib/python3.11/site-packages/airflow/example_dags/tutorial_taskflow_api.py
[2026-05-24T13:42:46.530+0000] {processor.py:840} INFO - DAG(s) 'tutorial_taskflow_api' retrieved from /home/varn1t/ml-pipeline/venv/lib/python3.11/site-packages/airflow/example_dags/tutorial_taskflow_api.py
[2026-05-24T13:42:46.541+0000] {logging_mixin.py:188} INFO - [2026-05-24T13:42:46.541+0000] {dag.py:3096} INFO - Sync 1 DAGs
[2026-05-24T13:42:46.549+0000] {logging_mixin.py:188} INFO - [2026-05-24T13:42:46.548+0000] {dag.py:3954} INFO - Setting next_dagrun for tutorial_taskflow_api to None, run_after=None
[2026-05-24T13:42:46.563+0000] {processor.py:183} INFO - Processing /home/varn1t/ml-pipeline/venv/lib/python3.11/site-packages/airflow/example_dags/tutorial_taskflow_api.py took 0.043 seconds
[2026-05-24T13:43:28.222+0000] {processor.py:161} INFO - Started process (PID=8802) to work on /home/varn1t/ml-pipeline/venv/lib/python3.11/site-packages/airflow/example_dags/tutorial_taskflow_api.py
[2026-05-24T13:43:28.223+0000] {processor.py:830} INFO - Processing file /home/varn1t/ml-pipeline/venv/lib/python3.11/site-packages/airflow/example_dags/tutorial_taskflow_api.py for tasks to queue
[2026-05-24T13:43:28.224+0000] {logging_mixin.py:188} INFO - [2026-05-24T13:43:28.223+0000] {dagbag.py:545} INFO - Filling up the DagBag from /home/varn1t/ml-pipeline/venv/lib/python3.11/site-packages/airflow/example_dags/tutorial_taskflow_api.py
[2026-05-24T13:43:28.228+0000] {processor.py:840} INFO - DAG(s) 'tutorial_taskflow_api' retrieved from /home/varn1t/ml-pipeline/venv/lib/python3.11/site-packages/airflow/example_dags/tutorial_taskflow_api.py
[2026-05-24T13:43:28.238+0000] {logging_mixin.py:188} INFO - [2026-05-24T13:43:28.238+0000] {dag.py:3096} INFO - Sync 1 DAGs
[2026-05-24T13:43:28.244+0000] {logging_mixin.py:188} INFO - [2026-05-24T13:43:28.244+0000] {dag.py:3954} INFO - Setting next_dagrun for tutorial_taskflow_api to None, run_after=None
[2026-05-24T13:43:28.259+0000] {processor.py:183} INFO - Processing /home/varn1t/ml-pipeline/venv/lib/python3.11/site-packages/airflow/example_dags/tutorial_taskflow_api.py took 0.041 seconds
[2026-05-24T13:44:10.549+0000] {processor.py:161} INFO - Started process (PID=8981) to work on /home/varn1t/ml-pipeline/venv/lib/python3.11/site-packages/airflow/example_dags/tutorial_taskflow_api.py
[2026-05-24T13:44:10.550+0000] {processor.py:830} INFO - Processing file /home/varn1t/ml-pipeline/venv/lib/python3.11/site-packages/airflow/example_dags/tutorial_taskflow_api.py for tasks to queue
[2026-05-24T13:44:10.551+0000] {logging_mixin.py:188} INFO - [2026-05-24T13:44:10.551+0000] {dagbag.py:545} INFO - Filling up the DagBag from /home/varn1t/ml-pipeline/venv/lib/python3.11/site-packages/airflow/example_dags/tutorial_taskflow_api.py
[2026-05-24T13:44:10.556+0000] {processor.py:840} INFO - DAG(s) 'tutorial_taskflow_api' retrieved from /home/varn1t/ml-pipeline/venv/lib/python3.11/site-packages/airflow/example_dags/tutorial_taskflow_api.py
[2026-05-24T13:44:10.568+0000] {logging_mixin.py:188} INFO - [2026-05-24T13:44:10.568+0000] {dag.py:3096} INFO - Sync 1 DAGs
[2026-05-24T13:44:10.578+0000] {logging_mixin.py:188} INFO - [2026-05-24T13:44:10.578+0000] {dag.py:3954} INFO - Setting next_dagrun for tutorial_taskflow_api to None, run_after=None
[2026-05-24T13:44:10.595+0000] {processor.py:183} INFO - Processing /home/varn1t/ml-pipeline/venv/lib/python3.11/site-packages/airflow/example_dags/tutorial_taskflow_api.py took 0.050 seconds
[2026-05-24T13:44:55.570+0000] {processor.py:161} INFO - Started process (PID=9175) to work on /home/varn1t/ml-pipeline/venv/lib/python3.11/site-packages/airflow/example_dags/tutorial_taskflow_api.py
[2026-05-24T13:44:55.571+0000] {processor.py:830} INFO - Processing file /home/varn1t/ml-pipeline/venv/lib/python3.11/site-packages/airflow/example_dags/tutorial_taskflow_api.py for tasks to queue
[2026-05-24T13:44:55.572+0000] {logging_mixin.py:188} INFO - [2026-05-24T13:44:55.572+0000] {dagbag.py:545} INFO - Filling up the DagBag from /home/varn1t/ml-pipeline/venv/lib/python3.11/site-packages/airflow/example_dags/tutorial_taskflow_api.py
[2026-05-24T13:44:55.576+0000] {processor.py:840} INFO - DAG(s) 'tutorial_taskflow_api' retrieved from /home/varn1t/ml-pipeline/venv/lib/python3.11/site-packages/airflow/example_dags/tutorial_taskflow_api.py
[2026-05-24T13:44:55.587+0000] {logging_mixin.py:188} INFO - [2026-05-24T13:44:55.587+0000] {dag.py:3096} INFO - Sync 1 DAGs
[2026-05-24T13:44:55.593+0000] {logging_mixin.py:188} INFO - [2026-05-24T13:44:55.593+0000] {dag.py:3954} INFO - Setting next_dagrun for tutorial_taskflow_api to None, run_after=None
[2026-05-24T13:44:55.608+0000] {processor.py:183} INFO - Processing /home/varn1t/ml-pipeline/venv/lib/python3.11/site-packages/airflow/example_dags/tutorial_taskflow_api.py took 0.042 seconds
[2026-05-24T13:45:34.513+0000] {processor.py:161} INFO - Started process (PID=9347) to work on /home/varn1t/ml-pipeline/venv/lib/python3.11/site-packages/airflow/example_dags/tutorial_taskflow_api.py
[2026-05-24T13:45:34.514+0000] {processor.py:830} INFO - Processing file /home/varn1t/ml-pipeline/venv/lib/python3.11/site-packages/airflow/example_dags/tutorial_taskflow_api.py for tasks to queue
[2026-05-24T13:45:34.515+0000] {logging_mixin.py:188} INFO - [2026-05-24T13:45:34.515+0000] {dagbag.py:545} INFO - Filling up the DagBag from /home/varn1t/ml-pipeline/venv/lib/python3.11/site-packages/airflow/example_dags/tutorial_taskflow_api.py
[2026-05-24T13:45:34.520+0000] {processor.py:840} INFO - DAG(s) 'tutorial_taskflow_api' retrieved from /home/varn1t/ml-pipeline/venv/lib/python3.11/site-packages/airflow/example_dags/tutorial_taskflow_api.py
[2026-05-24T13:45:34.530+0000] {logging_mixin.py:188} INFO - [2026-05-24T13:45:34.530+0000] {dag.py:3096} INFO - Sync 1 DAGs
[2026-05-24T13:45:34.537+0000] {logging_mixin.py:188} INFO - [2026-05-24T13:45:34.537+0000] {dag.py:3954} INFO - Setting next_dagrun for tutorial_taskflow_api to None, run_after=None
[2026-05-24T13:45:34.552+0000] {processor.py:183} INFO - Processing /home/varn1t/ml-pipeline/venv/lib/python3.11/site-packages/airflow/example_dags/tutorial_taskflow_api.py took 0.044 seconds
[2026-05-24T13:46:17.860+0000] {processor.py:161} INFO - Started process (PID=9536) to work on /home/varn1t/ml-pipeline/venv/lib/python3.11/site-packages/airflow/example_dags/tutorial_taskflow_api.py
[2026-05-24T13:46:17.861+0000] {processor.py:830} INFO - Processing file /home/varn1t/ml-pipeline/venv/lib/python3.11/site-packages/airflow/example_dags/tutorial_taskflow_api.py for tasks to queue
[2026-05-24T13:46:17.861+0000] {logging_mixin.py:188} INFO - [2026-05-24T13:46:17.861+0000] {dagbag.py:545} INFO - Filling up the DagBag from /home/varn1t/ml-pipeline/venv/lib/python3.11/site-packages/airflow/example_dags/tutorial_taskflow_api.py
[2026-05-24T13:46:17.866+0000] {processor.py:840} INFO - DAG(s) 'tutorial_taskflow_api' retrieved from /home/varn1t/ml-pipeline/venv/lib/python3.11/site-packages/airflow/example_dags/tutorial_taskflow_api.py
[2026-05-24T13:46:17.877+0000] {logging_mixin.py:188} INFO - [2026-05-24T13:46:17.877+0000] {dag.py:3096} INFO - Sync 1 DAGs
[2026-05-24T13:46:17.884+0000] {logging_mixin.py:188} INFO - [2026-05-24T13:46:17.884+0000] {dag.py:3954} INFO - Setting next_dagrun for tutorial_taskflow_api to None, run_after=None
[2026-05-24T13:46:17.900+0000] {processor.py:183} INFO - Processing /home/varn1t/ml-pipeline/venv/lib/python3.11/site-packages/airflow/example_dags/tutorial_taskflow_api.py took 0.045 seconds
[2026-05-24T13:47:02.220+0000] {processor.py:161} INFO - Started process (PID=9726) to work on /home/varn1t/ml-pipeline/venv/lib/python3.11/site-packages/airflow/example_dags/tutorial_taskflow_api.py
[2026-05-24T13:47:02.221+0000] {processor.py:830} INFO - Processing file /home/varn1t/ml-pipeline/venv/lib/python3.11/site-packages/airflow/example_dags/tutorial_taskflow_api.py for tasks to queue
[2026-05-24T13:47:02.222+0000] {logging_mixin.py:188} INFO - [2026-05-24T13:47:02.221+0000] {dagbag.py:545} INFO - Filling up the DagBag from /home/varn1t/ml-pipeline/venv/lib/python3.11/site-packages/airflow/example_dags/tutorial_taskflow_api.py
[2026-05-24T13:47:02.226+0000] {processor.py:840} INFO - DAG(s) 'tutorial_taskflow_api' retrieved from /home/varn1t/ml-pipeline/venv/lib/python3.11/site-packages/airflow/example_dags/tutorial_taskflow_api.py
[2026-05-24T13:47:02.237+0000] {logging_mixin.py:188} INFO - [2026-05-24T13:47:02.237+0000] {dag.py:3096} INFO - Sync 1 DAGs
[2026-05-24T13:47:02.244+0000] {logging_mixin.py:188} INFO - [2026-05-24T13:47:02.244+0000] {dag.py:3954} INFO - Setting next_dagrun for tutorial_taskflow_api to None, run_after=None
[2026-05-24T13:47:02.260+0000] {processor.py:183} INFO - Processing /home/varn1t/ml-pipeline/venv/lib/python3.11/site-packages/airflow/example_dags/tutorial_taskflow_api.py took 0.046 seconds
[2026-05-24T13:47:47.650+0000] {processor.py:161} INFO - Started process (PID=9919) to work on /home/varn1t/ml-pipeline/venv/lib/python3.11/site-packages/airflow/example_dags/tutorial_taskflow_api.py
[2026-05-24T13:47:47.651+0000] {processor.py:830} INFO - Processing file /home/varn1t/ml-pipeline/venv/lib/python3.11/site-packages/airflow/example_dags/tutorial_taskflow_api.py for tasks to queue
[2026-05-24T13:47:47.652+0000] {logging_mixin.py:188} INFO - [2026-05-24T13:47:47.652+0000] {dagbag.py:545} INFO - Filling up the DagBag from /home/varn1t/ml-pipeline/venv/lib/python3.11/site-packages/airflow/example_dags/tutorial_taskflow_api.py
[2026-05-24T13:47:47.661+0000] {processor.py:840} INFO - DAG(s) 'tutorial_taskflow_api' retrieved from /home/varn1t/ml-pipeline/venv/lib/python3.11/site-packages/airflow/example_dags/tutorial_taskflow_api.py
[2026-05-24T13:47:47.678+0000] {logging_mixin.py:188} INFO - [2026-05-24T13:47:47.678+0000] {dag.py:3096} INFO - Sync 1 DAGs
[2026-05-24T13:47:47.688+0000] {logging_mixin.py:188} INFO - [2026-05-24T13:47:47.688+0000] {dag.py:3954} INFO - Setting next_dagrun for tutorial_taskflow_api to None, run_after=None
[2026-05-24T13:47:47.709+0000] {processor.py:183} INFO - Processing /home/varn1t/ml-pipeline/venv/lib/python3.11/site-packages/airflow/example_dags/tutorial_taskflow_api.py took 0.065 seconds
[2026-05-24T13:48:27.341+0000] {processor.py:161} INFO - Started process (PID=10314) to work on /home/varn1t/ml-pipeline/venv/lib/python3.11/site-packages/airflow/example_dags/tutorial_taskflow_api.py
[2026-05-24T13:48:27.342+0000] {processor.py:830} INFO - Processing file /home/varn1t/ml-pipeline/venv/lib/python3.11/site-packages/airflow/example_dags/tutorial_taskflow_api.py for tasks to queue
[2026-05-24T13:48:27.343+0000] {logging_mixin.py:188} INFO - [2026-05-24T13:48:27.342+0000] {dagbag.py:545} INFO - Filling up the DagBag from /home/varn1t/ml-pipeline/venv/lib/python3.11/site-packages/airflow/example_dags/tutorial_taskflow_api.py
[2026-05-24T13:48:27.350+0000] {processor.py:840} INFO - DAG(s) 'tutorial_taskflow_api' retrieved from /home/varn1t/ml-pipeline/venv/lib/python3.11/site-packages/airflow/example_dags/tutorial_taskflow_api.py
[2026-05-24T13:48:27.367+0000] {logging_mixin.py:188} INFO - [2026-05-24T13:48:27.366+0000] {dag.py:3096} INFO - Sync 1 DAGs
[2026-05-24T13:48:27.377+0000] {logging_mixin.py:188} INFO - [2026-05-24T13:48:27.376+0000] {dag.py:3954} INFO - Setting next_dagrun for tutorial_taskflow_api to None, run_after=None
[2026-05-24T13:48:27.402+0000] {processor.py:183} INFO - Processing /home/varn1t/ml-pipeline/venv/lib/python3.11/site-packages/airflow/example_dags/tutorial_taskflow_api.py took 0.066 seconds
[2026-05-24T13:49:07.033+0000] {processor.py:161} INFO - Started process (PID=10738) to work on /home/varn1t/ml-pipeline/venv/lib/python3.11/site-packages/airflow/example_dags/tutorial_taskflow_api.py
[2026-05-24T13:49:07.034+0000] {processor.py:830} INFO - Processing file /home/varn1t/ml-pipeline/venv/lib/python3.11/site-packages/airflow/example_dags/tutorial_taskflow_api.py for tasks to queue
[2026-05-24T13:49:07.034+0000] {logging_mixin.py:188} INFO - [2026-05-24T13:49:07.034+0000] {dagbag.py:545} INFO - Filling up the DagBag from /home/varn1t/ml-pipeline/venv/lib/python3.11/site-packages/airflow/example_dags/tutorial_taskflow_api.py
[2026-05-24T13:49:07.039+0000] {processor.py:840} INFO - DAG(s) 'tutorial_taskflow_api' retrieved from /home/varn1t/ml-pipeline/venv/lib/python3.11/site-packages/airflow/example_dags/tutorial_taskflow_api.py
[2026-05-24T13:49:07.050+0000] {logging_mixin.py:188} INFO - [2026-05-24T13:49:07.050+0000] {dag.py:3096} INFO - Sync 1 DAGs
[2026-05-24T13:49:07.056+0000] {logging_mixin.py:188} INFO - [2026-05-24T13:49:07.056+0000] {dag.py:3954} INFO - Setting next_dagrun for tutorial_taskflow_api to None, run_after=None
[2026-05-24T13:49:07.079+0000] {processor.py:183} INFO - Processing /home/varn1t/ml-pipeline/venv/lib/python3.11/site-packages/airflow/example_dags/tutorial_taskflow_api.py took 0.050 seconds
[2026-05-24T13:49:49.095+0000] {processor.py:161} INFO - Started process (PID=11265) to work on /home/varn1t/ml-pipeline/venv/lib/python3.11/site-packages/airflow/example_dags/tutorial_taskflow_api.py
[2026-05-24T13:49:49.095+0000] {processor.py:830} INFO - Processing file /home/varn1t/ml-pipeline/venv/lib/python3.11/site-packages/airflow/example_dags/tutorial_taskflow_api.py for tasks to queue
[2026-05-24T13:49:49.096+0000] {logging_mixin.py:188} INFO - [2026-05-24T13:49:49.096+0000] {dagbag.py:545} INFO - Filling up the DagBag from /home/varn1t/ml-pipeline/venv/lib/python3.11/site-packages/airflow/example_dags/tutorial_taskflow_api.py
[2026-05-24T13:49:49.101+0000] {processor.py:840} INFO - DAG(s) 'tutorial_taskflow_api' retrieved from /home/varn1t/ml-pipeline/venv/lib/python3.11/site-packages/airflow/example_dags/tutorial_taskflow_api.py
[2026-05-24T13:49:49.111+0000] {logging_mixin.py:188} INFO - [2026-05-24T13:49:49.111+0000] {dag.py:3096} INFO - Sync 1 DAGs
[2026-05-24T13:49:49.117+0000] {logging_mixin.py:188} INFO - [2026-05-24T13:49:49.117+0000] {dag.py:3954} INFO - Setting next_dagrun for tutorial_taskflow_api to None, run_after=None
[2026-05-24T13:49:49.132+0000] {processor.py:183} INFO - Processing /home/varn1t/ml-pipeline/venv/lib/python3.11/site-packages/airflow/example_dags/tutorial_taskflow_api.py took 0.041 seconds
[2026-05-24T13:50:28.956+0000] {processor.py:161} INFO - Started process (PID=11503) to work on /home/varn1t/ml-pipeline/venv/lib/python3.11/site-packages/airflow/example_dags/tutorial_taskflow_api.py
[2026-05-24T13:50:28.957+0000] {processor.py:830} INFO - Processing file /home/varn1t/ml-pipeline/venv/lib/python3.11/site-packages/airflow/example_dags/tutorial_taskflow_api.py for tasks to queue
[2026-05-24T13:50:28.958+0000] {logging_mixin.py:188} INFO - [2026-05-24T13:50:28.957+0000] {dagbag.py:545} INFO - Filling up the DagBag from /home/varn1t/ml-pipeline/venv/lib/python3.11/site-packages/airflow/example_dags/tutorial_taskflow_api.py
[2026-05-24T13:50:28.962+0000] {processor.py:840} INFO - DAG(s) 'tutorial_taskflow_api' retrieved from /home/varn1t/ml-pipeline/venv/lib/python3.11/site-packages/airflow/example_dags/tutorial_taskflow_api.py
[2026-05-24T13:50:28.973+0000] {logging_mixin.py:188} INFO - [2026-05-24T13:50:28.973+0000] {dag.py:3096} INFO - Sync 1 DAGs
[2026-05-24T13:50:28.983+0000] {logging_mixin.py:188} INFO - [2026-05-24T13:50:28.983+0000] {dag.py:3954} INFO - Setting next_dagrun for tutorial_taskflow_api to None, run_after=None
[2026-05-24T13:50:29.004+0000] {processor.py:183} INFO - Processing /home/varn1t/ml-pipeline/venv/lib/python3.11/site-packages/airflow/example_dags/tutorial_taskflow_api.py took 0.054 seconds
[2026-05-24T13:51:08.908+0000] {processor.py:161} INFO - Started process (PID=11803) to work on /home/varn1t/ml-pipeline/venv/lib/python3.11/site-packages/airflow/example_dags/tutorial_taskflow_api.py
[2026-05-24T13:51:08.909+0000] {processor.py:830} INFO - Processing file /home/varn1t/ml-pipeline/venv/lib/python3.11/site-packages/airflow/example_dags/tutorial_taskflow_api.py for tasks to queue
[2026-05-24T13:51:08.910+0000] {logging_mixin.py:188} INFO - [2026-05-24T13:51:08.909+0000] {dagbag.py:545} INFO - Filling up the DagBag from /home/varn1t/ml-pipeline/venv/lib/python3.11/site-packages/airflow/example_dags/tutorial_taskflow_api.py
[2026-05-24T13:51:08.914+0000] {processor.py:840} INFO - DAG(s) 'tutorial_taskflow_api' retrieved from /home/varn1t/ml-pipeline/venv/lib/python3.11/site-packages/airflow/example_dags/tutorial_taskflow_api.py
[2026-05-24T13:51:08.927+0000] {logging_mixin.py:188} INFO - [2026-05-24T13:51:08.927+0000] {dag.py:3096} INFO - Sync 1 DAGs
[2026-05-24T13:51:08.937+0000] {logging_mixin.py:188} INFO - [2026-05-24T13:51:08.936+0000] {dag.py:3954} INFO - Setting next_dagrun for tutorial_taskflow_api to None, run_after=None
[2026-05-24T13:51:08.957+0000] {processor.py:183} INFO - Processing /home/varn1t/ml-pipeline/venv/lib/python3.11/site-packages/airflow/example_dags/tutorial_taskflow_api.py took 0.054 seconds
[2026-05-24T13:51:50.880+0000] {processor.py:161} INFO - Started process (PID=12107) to work on /home/varn1t/ml-pipeline/venv/lib/python3.11/site-packages/airflow/example_dags/tutorial_taskflow_api.py
[2026-05-24T13:51:50.881+0000] {processor.py:830} INFO - Processing file /home/varn1t/ml-pipeline/venv/lib/python3.11/site-packages/airflow/example_dags/tutorial_taskflow_api.py for tasks to queue
[2026-05-24T13:51:50.882+0000] {logging_mixin.py:188} INFO - [2026-05-24T13:51:50.882+0000] {dagbag.py:545} INFO - Filling up the DagBag from /home/varn1t/ml-pipeline/venv/lib/python3.11/site-packages/airflow/example_dags/tutorial_taskflow_api.py
[2026-05-24T13:51:50.887+0000] {processor.py:840} INFO - DAG(s) 'tutorial_taskflow_api' retrieved from /home/varn1t/ml-pipeline/venv/lib/python3.11/site-packages/airflow/example_dags/tutorial_taskflow_api.py
[2026-05-24T13:51:50.900+0000] {logging_mixin.py:188} INFO - [2026-05-24T13:51:50.899+0000] {dag.py:3096} INFO - Sync 1 DAGs
[2026-05-24T13:51:50.908+0000] {logging_mixin.py:188} INFO - [2026-05-24T13:51:50.908+0000] {dag.py:3954} INFO - Setting next_dagrun for tutorial_taskflow_api to None, run_after=None
[2026-05-24T13:51:50.925+0000] {processor.py:183} INFO - Processing /home/varn1t/ml-pipeline/venv/lib/python3.11/site-packages/airflow/example_dags/tutorial_taskflow_api.py took 0.048 seconds
[2026-05-24T13:52:30.120+0000] {processor.py:161} INFO - Started process (PID=12336) to work on /home/varn1t/ml-pipeline/venv/lib/python3.11/site-packages/airflow/example_dags/tutorial_taskflow_api.py
[2026-05-24T13:52:30.121+0000] {processor.py:830} INFO - Processing file /home/varn1t/ml-pipeline/venv/lib/python3.11/site-packages/airflow/example_dags/tutorial_taskflow_api.py for tasks to queue
[2026-05-24T13:52:30.121+0000] {logging_mixin.py:188} INFO - [2026-05-24T13:52:30.121+0000] {dagbag.py:545} INFO - Filling up the DagBag from /home/varn1t/ml-pipeline/venv/lib/python3.11/site-packages/airflow/example_dags/tutorial_taskflow_api.py
[2026-05-24T13:52:30.125+0000] {processor.py:840} INFO - DAG(s) 'tutorial_taskflow_api' retrieved from /home/varn1t/ml-pipeline/venv/lib/python3.11/site-packages/airflow/example_dags/tutorial_taskflow_api.py
[2026-05-24T13:52:30.135+0000] {logging_mixin.py:188} INFO - [2026-05-24T13:52:30.135+0000] {dag.py:3096} INFO - Sync 1 DAGs
[2026-05-24T13:52:30.142+0000] {logging_mixin.py:188} INFO - [2026-05-24T13:52:30.141+0000] {dag.py:3954} INFO - Setting next_dagrun for tutorial_taskflow_api to None, run_after=None
[2026-05-24T13:52:30.155+0000] {processor.py:183} INFO - Processing /home/varn1t/ml-pipeline/venv/lib/python3.11/site-packages/airflow/example_dags/tutorial_taskflow_api.py took 0.038 seconds
[2026-05-24T13:53:14.586+0000] {processor.py:161} INFO - Started process (PID=12528) to work on /home/varn1t/ml-pipeline/venv/lib/python3.11/site-packages/airflow/example_dags/tutorial_taskflow_api.py
[2026-05-24T13:53:14.587+0000] {processor.py:830} INFO - Processing file /home/varn1t/ml-pipeline/venv/lib/python3.11/site-packages/airflow/example_dags/tutorial_taskflow_api.py for tasks to queue
[2026-05-24T13:53:14.588+0000] {logging_mixin.py:188} INFO - [2026-05-24T13:53:14.587+0000] {dagbag.py:545} INFO - Filling up the DagBag from /home/varn1t/ml-pipeline/venv/lib/python3.11/site-packages/airflow/example_dags/tutorial_taskflow_api.py
[2026-05-24T13:53:14.593+0000] {processor.py:840} INFO - DAG(s) 'tutorial_taskflow_api' retrieved from /home/varn1t/ml-pipeline/venv/lib/python3.11/site-packages/airflow/example_dags/tutorial_taskflow_api.py
[2026-05-24T13:53:14.605+0000] {logging_mixin.py:188} INFO - [2026-05-24T13:53:14.605+0000] {dag.py:3096} INFO - Sync 1 DAGs
[2026-05-24T13:53:14.613+0000] {logging_mixin.py:188} INFO - [2026-05-24T13:53:14.613+0000] {dag.py:3954} INFO - Setting next_dagrun for tutorial_taskflow_api to None, run_after=None
[2026-05-24T13:53:14.631+0000] {processor.py:183} INFO - Processing /home/varn1t/ml-pipeline/venv/lib/python3.11/site-packages/airflow/example_dags/tutorial_taskflow_api.py took 0.050 seconds
[2026-05-24T13:53:56.227+0000] {processor.py:161} INFO - Started process (PID=12736) to work on /home/varn1t/ml-pipeline/venv/lib/python3.11/site-packages/airflow/example_dags/tutorial_taskflow_api.py
[2026-05-24T13:53:56.228+0000] {processor.py:830} INFO - Processing file /home/varn1t/ml-pipeline/venv/lib/python3.11/site-packages/airflow/example_dags/tutorial_taskflow_api.py for tasks to queue
[2026-05-24T13:53:56.228+0000] {logging_mixin.py:188} INFO - [2026-05-24T13:53:56.228+0000] {dagbag.py:545} INFO - Filling up the DagBag from /home/varn1t/ml-pipeline/venv/lib/python3.11/site-packages/airflow/example_dags/tutorial_taskflow_api.py
[2026-05-24T13:53:56.235+0000] {processor.py:840} INFO - DAG(s) 'tutorial_taskflow_api' retrieved from /home/varn1t/ml-pipeline/venv/lib/python3.11/site-packages/airflow/example_dags/tutorial_taskflow_api.py
[2026-05-24T13:53:56.247+0000] {logging_mixin.py:188} INFO - [2026-05-24T13:53:56.246+0000] {dag.py:3096} INFO - Sync 1 DAGs
[2026-05-24T13:53:56.254+0000] {logging_mixin.py:188} INFO - [2026-05-24T13:53:56.254+0000] {dag.py:3954} INFO - Setting next_dagrun for tutorial_taskflow_api to None, run_after=None
[2026-05-24T13:53:56.268+0000] {processor.py:183} INFO - Processing /home/varn1t/ml-pipeline/venv/lib/python3.11/site-packages/airflow/example_dags/tutorial_taskflow_api.py took 0.047 seconds
[2026-05-24T13:54:36.745+0000] {processor.py:161} INFO - Started process (PID=12908) to work on /home/varn1t/ml-pipeline/venv/lib/python3.11/site-packages/airflow/example_dags/tutorial_taskflow_api.py
[2026-05-24T13:54:36.746+0000] {processor.py:830} INFO - Processing file /home/varn1t/ml-pipeline/venv/lib/python3.11/site-packages/airflow/example_dags/tutorial_taskflow_api.py for tasks to queue
[2026-05-24T13:54:36.747+0000] {logging_mixin.py:188} INFO - [2026-05-24T13:54:36.747+0000] {dagbag.py:545} INFO - Filling up the DagBag from /home/varn1t/ml-pipeline/venv/lib/python3.11/site-packages/airflow/example_dags/tutorial_taskflow_api.py
[2026-05-24T13:54:36.751+0000] {processor.py:840} INFO - DAG(s) 'tutorial_taskflow_api' retrieved from /home/varn1t/ml-pipeline/venv/lib/python3.11/site-packages/airflow/example_dags/tutorial_taskflow_api.py
[2026-05-24T13:54:36.762+0000] {logging_mixin.py:188} INFO - [2026-05-24T13:54:36.762+0000] {dag.py:3096} INFO - Sync 1 DAGs
[2026-05-24T13:54:36.768+0000] {logging_mixin.py:188} INFO - [2026-05-24T13:54:36.768+0000] {dag.py:3954} INFO - Setting next_dagrun for tutorial_taskflow_api to None, run_after=None
[2026-05-24T13:54:36.783+0000] {processor.py:183} INFO - Processing /home/varn1t/ml-pipeline/venv/lib/python3.11/site-packages/airflow/example_dags/tutorial_taskflow_api.py took 0.043 seconds
[2026-05-24T13:55:16.131+0000] {processor.py:161} INFO - Started process (PID=13085) to work on /home/varn1t/ml-pipeline/venv/lib/python3.11/site-packages/airflow/example_dags/tutorial_taskflow_api.py
[2026-05-24T13:55:16.132+0000] {processor.py:830} INFO - Processing file /home/varn1t/ml-pipeline/venv/lib/python3.11/site-packages/airflow/example_dags/tutorial_taskflow_api.py for tasks to queue
[2026-05-24T13:55:16.132+0000] {logging_mixin.py:188} INFO - [2026-05-24T13:55:16.132+0000] {dagbag.py:545} INFO - Filling up the DagBag from /home/varn1t/ml-pipeline/venv/lib/python3.11/site-packages/airflow/example_dags/tutorial_taskflow_api.py
[2026-05-24T13:55:16.136+0000] {processor.py:840} INFO - DAG(s) 'tutorial_taskflow_api' retrieved from /home/varn1t/ml-pipeline/venv/lib/python3.11/site-packages/airflow/example_dags/tutorial_taskflow_api.py
[2026-05-24T13:55:16.147+0000] {logging_mixin.py:188} INFO - [2026-05-24T13:55:16.147+0000] {dag.py:3096} INFO - Sync 1 DAGs
[2026-05-24T13:55:16.153+0000] {logging_mixin.py:188} INFO - [2026-05-24T13:55:16.153+0000] {dag.py:3954} INFO - Setting next_dagrun for tutorial_taskflow_api to None, run_after=None
[2026-05-24T13:55:16.166+0000] {processor.py:183} INFO - Processing /home/varn1t/ml-pipeline/venv/lib/python3.11/site-packages/airflow/example_dags/tutorial_taskflow_api.py took 0.039 seconds
[2026-05-24T13:55:54.842+0000] {processor.py:161} INFO - Started process (PID=13252) to work on /home/varn1t/ml-pipeline/venv/lib/python3.11/site-packages/airflow/example_dags/tutorial_taskflow_api.py
[2026-05-24T13:55:54.842+0000] {processor.py:830} INFO - Processing file /home/varn1t/ml-pipeline/venv/lib/python3.11/site-packages/airflow/example_dags/tutorial_taskflow_api.py for tasks to queue
[2026-05-24T13:55:54.843+0000] {logging_mixin.py:188} INFO - [2026-05-24T13:55:54.843+0000] {dagbag.py:545} INFO - Filling up the DagBag from /home/varn1t/ml-pipeline/venv/lib/python3.11/site-packages/airflow/example_dags/tutorial_taskflow_api.py
[2026-05-24T13:55:54.848+0000] {processor.py:840} INFO - DAG(s) 'tutorial_taskflow_api' retrieved from /home/varn1t/ml-pipeline/venv/lib/python3.11/site-packages/airflow/example_dags/tutorial_taskflow_api.py
[2026-05-24T13:55:54.862+0000] {logging_mixin.py:188} INFO - [2026-05-24T13:55:54.862+0000] {dag.py:3096} INFO - Sync 1 DAGs
[2026-05-24T13:55:54.872+0000] {logging_mixin.py:188} INFO - [2026-05-24T13:55:54.872+0000] {dag.py:3954} INFO - Setting next_dagrun for tutorial_taskflow_api to None, run_after=None
[2026-05-24T13:55:54.887+0000] {processor.py:183} INFO - Processing /home/varn1t/ml-pipeline/venv/lib/python3.11/site-packages/airflow/example_dags/tutorial_taskflow_api.py took 0.049 seconds
[2026-05-24T13:56:32.518+0000] {processor.py:161} INFO - Started process (PID=13425) to work on /home/varn1t/ml-pipeline/venv/lib/python3.11/site-packages/airflow/example_dags/tutorial_taskflow_api.py
[2026-05-24T13:56:32.518+0000] {processor.py:830} INFO - Processing file /home/varn1t/ml-pipeline/venv/lib/python3.11/site-packages/airflow/example_dags/tutorial_taskflow_api.py for tasks to queue
[2026-05-24T13:56:32.519+0000] {logging_mixin.py:188} INFO - [2026-05-24T13:56:32.519+0000] {dagbag.py:545} INFO - Filling up the DagBag from /home/varn1t/ml-pipeline/venv/lib/python3.11/site-packages/airflow/example_dags/tutorial_taskflow_api.py
[2026-05-24T13:56:32.523+0000] {processor.py:840} INFO - DAG(s) 'tutorial_taskflow_api' retrieved from /home/varn1t/ml-pipeline/venv/lib/python3.11/site-packages/airflow/example_dags/tutorial_taskflow_api.py
[2026-05-24T13:56:32.535+0000] {logging_mixin.py:188} INFO - [2026-05-24T13:56:32.535+0000] {dag.py:3096} INFO - Sync 1 DAGs
[2026-05-24T13:56:32.542+0000] {logging_mixin.py:188} INFO - [2026-05-24T13:56:32.541+0000] {dag.py:3954} INFO - Setting next_dagrun for tutorial_taskflow_api to None, run_after=None
[2026-05-24T13:56:32.556+0000] {processor.py:183} INFO - Processing /home/varn1t/ml-pipeline/venv/lib/python3.11/site-packages/airflow/example_dags/tutorial_taskflow_api.py took 0.042 seconds
[2026-05-24T13:57:17.949+0000] {processor.py:161} INFO - Started process (PID=13617) to work on /home/varn1t/ml-pipeline/venv/lib/python3.11/site-packages/airflow/example_dags/tutorial_taskflow_api.py
[2026-05-24T13:57:17.950+0000] {processor.py:830} INFO - Processing file /home/varn1t/ml-pipeline/venv/lib/python3.11/site-packages/airflow/example_dags/tutorial_taskflow_api.py for tasks to queue
[2026-05-24T13:57:17.951+0000] {logging_mixin.py:188} INFO - [2026-05-24T13:57:17.950+0000] {dagbag.py:545} INFO - Filling up the DagBag from /home/varn1t/ml-pipeline/venv/lib/python3.11/site-packages/airflow/example_dags/tutorial_taskflow_api.py
[2026-05-24T13:57:17.955+0000] {processor.py:840} INFO - DAG(s) 'tutorial_taskflow_api' retrieved from /home/varn1t/ml-pipeline/venv/lib/python3.11/site-packages/airflow/example_dags/tutorial_taskflow_api.py
[2026-05-24T13:57:17.967+0000] {logging_mixin.py:188} INFO - [2026-05-24T13:57:17.967+0000] {dag.py:3096} INFO - Sync 1 DAGs
[2026-05-24T13:57:17.975+0000] {logging_mixin.py:188} INFO - [2026-05-24T13:57:17.974+0000] {dag.py:3954} INFO - Setting next_dagrun for tutorial_taskflow_api to None, run_after=None
[2026-05-24T13:57:17.990+0000] {processor.py:183} INFO - Processing /home/varn1t/ml-pipeline/venv/lib/python3.11/site-packages/airflow/example_dags/tutorial_taskflow_api.py took 0.045 seconds
[2026-05-24T13:58:02.003+0000] {processor.py:161} INFO - Started process (PID=13804) to work on /home/varn1t/ml-pipeline/venv/lib/python3.11/site-packages/airflow/example_dags/tutorial_taskflow_api.py
[2026-05-24T13:58:02.004+0000] {processor.py:830} INFO - Processing file /home/varn1t/ml-pipeline/venv/lib/python3.11/site-packages/airflow/example_dags/tutorial_taskflow_api.py for tasks to queue
[2026-05-24T13:58:02.004+0000] {logging_mixin.py:188} INFO - [2026-05-24T13:58:02.004+0000] {dagbag.py:545} INFO - Filling up the DagBag from /home/varn1t/ml-pipeline/venv/lib/python3.11/site-packages/airflow/example_dags/tutorial_taskflow_api.py
[2026-05-24T13:58:02.009+0000] {processor.py:840} INFO - DAG(s) 'tutorial_taskflow_api' retrieved from /home/varn1t/ml-pipeline/venv/lib/python3.11/site-packages/airflow/example_dags/tutorial_taskflow_api.py
[2026-05-24T13:58:02.019+0000] {logging_mixin.py:188} INFO - [2026-05-24T13:58:02.019+0000] {dag.py:3096} INFO - Sync 1 DAGs
[2026-05-24T13:58:02.025+0000] {logging_mixin.py:188} INFO - [2026-05-24T13:58:02.025+0000] {dag.py:3954} INFO - Setting next_dagrun for tutorial_taskflow_api to None, run_after=None
[2026-05-24T13:58:02.038+0000] {processor.py:183} INFO - Processing /home/varn1t/ml-pipeline/venv/lib/python3.11/site-packages/airflow/example_dags/tutorial_taskflow_api.py took 0.039 seconds
[2026-05-24T13:58:41.953+0000] {processor.py:161} INFO - Started process (PID=14003) to work on /home/varn1t/ml-pipeline/venv/lib/python3.11/site-packages/airflow/example_dags/tutorial_taskflow_api.py
[2026-05-24T13:58:41.954+0000] {processor.py:830} INFO - Processing file /home/varn1t/ml-pipeline/venv/lib/python3.11/site-packages/airflow/example_dags/tutorial_taskflow_api.py for tasks to queue
[2026-05-24T13:58:41.955+0000] {logging_mixin.py:188} INFO - [2026-05-24T13:58:41.954+0000] {dagbag.py:545} INFO - Filling up the DagBag from /home/varn1t/ml-pipeline/venv/lib/python3.11/site-packages/airflow/example_dags/tutorial_taskflow_api.py
[2026-05-24T13:58:41.959+0000] {processor.py:840} INFO - DAG(s) 'tutorial_taskflow_api' retrieved from /home/varn1t/ml-pipeline/venv/lib/python3.11/site-packages/airflow/example_dags/tutorial_taskflow_api.py
[2026-05-24T13:58:41.971+0000] {logging_mixin.py:188} INFO - [2026-05-24T13:58:41.970+0000] {dag.py:3096} INFO - Sync 1 DAGs
[2026-05-24T13:58:41.979+0000] {logging_mixin.py:188} INFO - [2026-05-24T13:58:41.979+0000] {dag.py:3954} INFO - Setting next_dagrun for tutorial_taskflow_api to None, run_after=None
[2026-05-24T13:58:41.996+0000] {processor.py:183} INFO - Processing /home/varn1t/ml-pipeline/venv/lib/python3.11/site-packages/airflow/example_dags/tutorial_taskflow_api.py took 0.046 seconds
[2026-05-24T13:59:26.508+0000] {processor.py:161} INFO - Started process (PID=14195) to work on /home/varn1t/ml-pipeline/venv/lib/python3.11/site-packages/airflow/example_dags/tutorial_taskflow_api.py
[2026-05-24T13:59:26.510+0000] {processor.py:830} INFO - Processing file /home/varn1t/ml-pipeline/venv/lib/python3.11/site-packages/airflow/example_dags/tutorial_taskflow_api.py for tasks to queue
[2026-05-24T13:59:26.510+0000] {logging_mixin.py:188} INFO - [2026-05-24T13:59:26.510+0000] {dagbag.py:545} INFO - Filling up the DagBag from /home/varn1t/ml-pipeline/venv/lib/python3.11/site-packages/airflow/example_dags/tutorial_taskflow_api.py
[2026-05-24T13:59:26.515+0000] {processor.py:840} INFO - DAG(s) 'tutorial_taskflow_api' retrieved from /home/varn1t/ml-pipeline/venv/lib/python3.11/site-packages/airflow/example_dags/tutorial_taskflow_api.py
[2026-05-24T13:59:26.526+0000] {logging_mixin.py:188} INFO - [2026-05-24T13:59:26.526+0000] {dag.py:3096} INFO - Sync 1 DAGs
[2026-05-24T13:59:26.533+0000] {logging_mixin.py:188} INFO - [2026-05-24T13:59:26.533+0000] {dag.py:3954} INFO - Setting next_dagrun for tutorial_taskflow_api to None, run_after=None
[2026-05-24T13:59:26.550+0000] {processor.py:183} INFO - Processing /home/varn1t/ml-pipeline/venv/lib/python3.11/site-packages/airflow/example_dags/tutorial_taskflow_api.py took 0.048 seconds
[2026-05-24T14:00:07.271+0000] {processor.py:161} INFO - Started process (PID=14374) to work on /home/varn1t/ml-pipeline/venv/lib/python3.11/site-packages/airflow/example_dags/tutorial_taskflow_api.py
[2026-05-24T14:00:07.271+0000] {processor.py:830} INFO - Processing file /home/varn1t/ml-pipeline/venv/lib/python3.11/site-packages/airflow/example_dags/tutorial_taskflow_api.py for tasks to queue
[2026-05-24T14:00:07.272+0000] {logging_mixin.py:188} INFO - [2026-05-24T14:00:07.272+0000] {dagbag.py:545} INFO - Filling up the DagBag from /home/varn1t/ml-pipeline/venv/lib/python3.11/site-packages/airflow/example_dags/tutorial_taskflow_api.py
[2026-05-24T14:00:07.277+0000] {processor.py:840} INFO - DAG(s) 'tutorial_taskflow_api' retrieved from /home/varn1t/ml-pipeline/venv/lib/python3.11/site-packages/airflow/example_dags/tutorial_taskflow_api.py
[2026-05-24T14:00:07.288+0000] {logging_mixin.py:188} INFO - [2026-05-24T14:00:07.288+0000] {dag.py:3096} INFO - Sync 1 DAGs
[2026-05-24T14:00:07.297+0000] {logging_mixin.py:188} INFO - [2026-05-24T14:00:07.296+0000] {dag.py:3954} INFO - Setting next_dagrun for tutorial_taskflow_api to None, run_after=None
[2026-05-24T14:00:07.312+0000] {processor.py:183} INFO - Processing /home/varn1t/ml-pipeline/venv/lib/python3.11/site-packages/airflow/example_dags/tutorial_taskflow_api.py took 0.046 seconds
[2026-05-24T14:00:46.283+0000] {processor.py:161} INFO - Started process (PID=14546) to work on /home/varn1t/ml-pipeline/venv/lib/python3.11/site-packages/airflow/example_dags/tutorial_taskflow_api.py
[2026-05-24T14:00:46.285+0000] {processor.py:830} INFO - Processing file /home/varn1t/ml-pipeline/venv/lib/python3.11/site-packages/airflow/example_dags/tutorial_taskflow_api.py for tasks to queue
[2026-05-24T14:00:46.285+0000] {logging_mixin.py:188} INFO - [2026-05-24T14:00:46.285+0000] {dagbag.py:545} INFO - Filling up the DagBag from /home/varn1t/ml-pipeline/venv/lib/python3.11/site-packages/airflow/example_dags/tutorial_taskflow_api.py
[2026-05-24T14:00:46.291+0000] {processor.py:840} INFO - DAG(s) 'tutorial_taskflow_api' retrieved from /home/varn1t/ml-pipeline/venv/lib/python3.11/site-packages/airflow/example_dags/tutorial_taskflow_api.py
[2026-05-24T14:00:46.300+0000] {logging_mixin.py:188} INFO - [2026-05-24T14:00:46.300+0000] {dag.py:3096} INFO - Sync 1 DAGs
[2026-05-24T14:00:46.306+0000] {logging_mixin.py:188} INFO - [2026-05-24T14:00:46.306+0000] {dag.py:3954} INFO - Setting next_dagrun for tutorial_taskflow_api to None, run_after=None
[2026-05-24T14:00:46.320+0000] {processor.py:183} INFO - Processing /home/varn1t/ml-pipeline/venv/lib/python3.11/site-packages/airflow/example_dags/tutorial_taskflow_api.py took 0.041 seconds
[2026-05-24T14:01:24.205+0000] {processor.py:161} INFO - Started process (PID=14710) to work on /home/varn1t/ml-pipeline/venv/lib/python3.11/site-packages/airflow/example_dags/tutorial_taskflow_api.py
[2026-05-24T14:01:24.206+0000] {processor.py:830} INFO - Processing file /home/varn1t/ml-pipeline/venv/lib/python3.11/site-packages/airflow/example_dags/tutorial_taskflow_api.py for tasks to queue
[2026-05-24T14:01:24.206+0000] {logging_mixin.py:188} INFO - [2026-05-24T14:01:24.206+0000] {dagbag.py:545} INFO - Filling up the DagBag from /home/varn1t/ml-pipeline/venv/lib/python3.11/site-packages/airflow/example_dags/tutorial_taskflow_api.py
[2026-05-24T14:01:24.211+0000] {processor.py:840} INFO - DAG(s) 'tutorial_taskflow_api' retrieved from /home/varn1t/ml-pipeline/venv/lib/python3.11/site-packages/airflow/example_dags/tutorial_taskflow_api.py
[2026-05-24T14:01:24.223+0000] {logging_mixin.py:188} INFO - [2026-05-24T14:01:24.223+0000] {dag.py:3096} INFO - Sync 1 DAGs
[2026-05-24T14:01:24.231+0000] {logging_mixin.py:188} INFO - [2026-05-24T14:01:24.231+0000] {dag.py:3954} INFO - Setting next_dagrun for tutorial_taskflow_api to None, run_after=None
[2026-05-24T14:01:24.249+0000] {processor.py:183} INFO - Processing /home/varn1t/ml-pipeline/venv/lib/python3.11/site-packages/airflow/example_dags/tutorial_taskflow_api.py took 0.050 seconds
[2026-05-24T14:02:05.846+0000] {processor.py:161} INFO - Started process (PID=14895) to work on /home/varn1t/ml-pipeline/venv/lib/python3.11/site-packages/airflow/example_dags/tutorial_taskflow_api.py
[2026-05-24T14:02:05.847+0000] {processor.py:830} INFO - Processing file /home/varn1t/ml-pipeline/venv/lib/python3.11/site-packages/airflow/example_dags/tutorial_taskflow_api.py for tasks to queue
[2026-05-24T14:02:05.847+0000] {logging_mixin.py:188} INFO - [2026-05-24T14:02:05.847+0000] {dagbag.py:545} INFO - Filling up the DagBag from /home/varn1t/ml-pipeline/venv/lib/python3.11/site-packages/airflow/example_dags/tutorial_taskflow_api.py
[2026-05-24T14:02:05.852+0000] {processor.py:840} INFO - DAG(s) 'tutorial_taskflow_api' retrieved from /home/varn1t/ml-pipeline/venv/lib/python3.11/site-packages/airflow/example_dags/tutorial_taskflow_api.py
[2026-05-24T14:02:05.862+0000] {logging_mixin.py:188} INFO - [2026-05-24T14:02:05.861+0000] {dag.py:3096} INFO - Sync 1 DAGs
[2026-05-24T14:02:05.868+0000] {logging_mixin.py:188} INFO - [2026-05-24T14:02:05.867+0000] {dag.py:3954} INFO - Setting next_dagrun for tutorial_taskflow_api to None, run_after=None
[2026-05-24T14:02:05.882+0000] {processor.py:183} INFO - Processing /home/varn1t/ml-pipeline/venv/lib/python3.11/site-packages/airflow/example_dags/tutorial_taskflow_api.py took 0.040 seconds
[2026-05-24T14:02:43.273+0000] {processor.py:161} INFO - Started process (PID=15061) to work on /home/varn1t/ml-pipeline/venv/lib/python3.11/site-packages/airflow/example_dags/tutorial_taskflow_api.py
[2026-05-24T14:02:43.274+0000] {processor.py:830} INFO - Processing file /home/varn1t/ml-pipeline/venv/lib/python3.11/site-packages/airflow/example_dags/tutorial_taskflow_api.py for tasks to queue
[2026-05-24T14:02:43.275+0000] {logging_mixin.py:188} INFO - [2026-05-24T14:02:43.275+0000] {dagbag.py:545} INFO - Filling up the DagBag from /home/varn1t/ml-pipeline/venv/lib/python3.11/site-packages/airflow/example_dags/tutorial_taskflow_api.py
[2026-05-24T14:02:43.280+0000] {processor.py:840} INFO - DAG(s) 'tutorial_taskflow_api' retrieved from /home/varn1t/ml-pipeline/venv/lib/python3.11/site-packages/airflow/example_dags/tutorial_taskflow_api.py
[2026-05-24T14:02:43.292+0000] {logging_mixin.py:188} INFO - [2026-05-24T14:02:43.292+0000] {dag.py:3096} INFO - Sync 1 DAGs
[2026-05-24T14:02:43.300+0000] {logging_mixin.py:188} INFO - [2026-05-24T14:02:43.300+0000] {dag.py:3954} INFO - Setting next_dagrun for tutorial_taskflow_api to None, run_after=None
[2026-05-24T14:02:43.320+0000] {processor.py:183} INFO - Processing /home/varn1t/ml-pipeline/venv/lib/python3.11/site-packages/airflow/example_dags/tutorial_taskflow_api.py took 0.052 seconds
[2026-05-24T14:03:23.197+0000] {processor.py:161} INFO - Started process (PID=15237) to work on /home/varn1t/ml-pipeline/venv/lib/python3.11/site-packages/airflow/example_dags/tutorial_taskflow_api.py
[2026-05-24T14:03:23.198+0000] {processor.py:830} INFO - Processing file /home/varn1t/ml-pipeline/venv/lib/python3.11/site-packages/airflow/example_dags/tutorial_taskflow_api.py for tasks to queue
[2026-05-24T14:03:23.198+0000] {logging_mixin.py:188} INFO - [2026-05-24T14:03:23.198+0000] {dagbag.py:545} INFO - Filling up the DagBag from /home/varn1t/ml-pipeline/venv/lib/python3.11/site-packages/airflow/example_dags/tutorial_taskflow_api.py
[2026-05-24T14:03:23.202+0000] {processor.py:840} INFO - DAG(s) 'tutorial_taskflow_api' retrieved from /home/varn1t/ml-pipeline/venv/lib/python3.11/site-packages/airflow/example_dags/tutorial_taskflow_api.py
[2026-05-24T14:03:23.212+0000] {logging_mixin.py:188} INFO - [2026-05-24T14:03:23.212+0000] {dag.py:3096} INFO - Sync 1 DAGs
[2026-05-24T14:03:23.218+0000] {logging_mixin.py:188} INFO - [2026-05-24T14:03:23.218+0000] {dag.py:3954} INFO - Setting next_dagrun for tutorial_taskflow_api to None, run_after=None
[2026-05-24T14:03:23.231+0000] {processor.py:183} INFO - Processing /home/varn1t/ml-pipeline/venv/lib/python3.11/site-packages/airflow/example_dags/tutorial_taskflow_api.py took 0.038 seconds
[2026-05-24T14:04:04.268+0000] {processor.py:161} INFO - Started process (PID=15444) to work on /home/varn1t/ml-pipeline/venv/lib/python3.11/site-packages/airflow/example_dags/tutorial_taskflow_api.py
[2026-05-24T14:04:04.269+0000] {processor.py:830} INFO - Processing file /home/varn1t/ml-pipeline/venv/lib/python3.11/site-packages/airflow/example_dags/tutorial_taskflow_api.py for tasks to queue
[2026-05-24T14:04:04.269+0000] {logging_mixin.py:188} INFO - [2026-05-24T14:04:04.269+0000] {dagbag.py:545} INFO - Filling up the DagBag from /home/varn1t/ml-pipeline/venv/lib/python3.11/site-packages/airflow/example_dags/tutorial_taskflow_api.py
[2026-05-24T14:04:04.274+0000] {processor.py:840} INFO - DAG(s) 'tutorial_taskflow_api' retrieved from /home/varn1t/ml-pipeline/venv/lib/python3.11/site-packages/airflow/example_dags/tutorial_taskflow_api.py
[2026-05-24T14:04:04.286+0000] {logging_mixin.py:188} INFO - [2026-05-24T14:04:04.286+0000] {dag.py:3096} INFO - Sync 1 DAGs
[2026-05-24T14:04:04.293+0000] {logging_mixin.py:188} INFO - [2026-05-24T14:04:04.293+0000] {dag.py:3954} INFO - Setting next_dagrun for tutorial_taskflow_api to None, run_after=None
[2026-05-24T14:04:04.310+0000] {processor.py:183} INFO - Processing /home/varn1t/ml-pipeline/venv/lib/python3.11/site-packages/airflow/example_dags/tutorial_taskflow_api.py took 0.047 seconds
[2026-05-24T14:04:46.511+0000] {processor.py:161} INFO - Started process (PID=15623) to work on /home/varn1t/ml-pipeline/venv/lib/python3.11/site-packages/airflow/example_dags/tutorial_taskflow_api.py
[2026-05-24T14:04:46.512+0000] {processor.py:830} INFO - Processing file /home/varn1t/ml-pipeline/venv/lib/python3.11/site-packages/airflow/example_dags/tutorial_taskflow_api.py for tasks to queue
[2026-05-24T14:04:46.513+0000] {logging_mixin.py:188} INFO - [2026-05-24T14:04:46.512+0000] {dagbag.py:545} INFO - Filling up the DagBag from /home/varn1t/ml-pipeline/venv/lib/python3.11/site-packages/airflow/example_dags/tutorial_taskflow_api.py
[2026-05-24T14:04:46.518+0000] {processor.py:840} INFO - DAG(s) 'tutorial_taskflow_api' retrieved from /home/varn1t/ml-pipeline/venv/lib/python3.11/site-packages/airflow/example_dags/tutorial_taskflow_api.py
[2026-05-24T14:04:46.531+0000] {logging_mixin.py:188} INFO - [2026-05-24T14:04:46.531+0000] {dag.py:3096} INFO - Sync 1 DAGs
[2026-05-24T14:04:46.538+0000] {logging_mixin.py:188} INFO - [2026-05-24T14:04:46.538+0000] {dag.py:3954} INFO - Setting next_dagrun for tutorial_taskflow_api to None, run_after=None
[2026-05-24T14:04:46.556+0000] {processor.py:183} INFO - Processing /home/varn1t/ml-pipeline/venv/lib/python3.11/site-packages/airflow/example_dags/tutorial_taskflow_api.py took 0.051 seconds
[2026-05-24T14:05:27.719+0000] {processor.py:161} INFO - Started process (PID=15801) to work on /home/varn1t/ml-pipeline/venv/lib/python3.11/site-packages/airflow/example_dags/tutorial_taskflow_api.py
[2026-05-24T14:05:27.720+0000] {processor.py:830} INFO - Processing file /home/varn1t/ml-pipeline/venv/lib/python3.11/site-packages/airflow/example_dags/tutorial_taskflow_api.py for tasks to queue
[2026-05-24T14:05:27.721+0000] {logging_mixin.py:188} INFO - [2026-05-24T14:05:27.720+0000] {dagbag.py:545} INFO - Filling up the DagBag from /home/varn1t/ml-pipeline/venv/lib/python3.11/site-packages/airflow/example_dags/tutorial_taskflow_api.py
[2026-05-24T14:05:27.725+0000] {processor.py:840} INFO - DAG(s) 'tutorial_taskflow_api' retrieved from /home/varn1t/ml-pipeline/venv/lib/python3.11/site-packages/airflow/example_dags/tutorial_taskflow_api.py
[2026-05-24T14:05:27.736+0000] {logging_mixin.py:188} INFO - [2026-05-24T14:05:27.736+0000] {dag.py:3096} INFO - Sync 1 DAGs
[2026-05-24T14:05:27.743+0000] {logging_mixin.py:188} INFO - [2026-05-24T14:05:27.742+0000] {dag.py:3954} INFO - Setting next_dagrun for tutorial_taskflow_api to None, run_after=None
[2026-05-24T14:05:27.759+0000] {processor.py:183} INFO - Processing /home/varn1t/ml-pipeline/venv/lib/python3.11/site-packages/airflow/example_dags/tutorial_taskflow_api.py took 0.044 seconds
[2026-05-24T14:06:09.871+0000] {processor.py:161} INFO - Started process (PID=15980) to work on /home/varn1t/ml-pipeline/venv/lib/python3.11/site-packages/airflow/example_dags/tutorial_taskflow_api.py
[2026-05-24T14:06:09.872+0000] {processor.py:830} INFO - Processing file /home/varn1t/ml-pipeline/venv/lib/python3.11/site-packages/airflow/example_dags/tutorial_taskflow_api.py for tasks to queue
[2026-05-24T14:06:09.873+0000] {logging_mixin.py:188} INFO - [2026-05-24T14:06:09.873+0000] {dagbag.py:545} INFO - Filling up the DagBag from /home/varn1t/ml-pipeline/venv/lib/python3.11/site-packages/airflow/example_dags/tutorial_taskflow_api.py
[2026-05-24T14:06:09.878+0000] {processor.py:840} INFO - DAG(s) 'tutorial_taskflow_api' retrieved from /home/varn1t/ml-pipeline/venv/lib/python3.11/site-packages/airflow/example_dags/tutorial_taskflow_api.py
[2026-05-24T14:06:09.888+0000] {logging_mixin.py:188} INFO - [2026-05-24T14:06:09.887+0000] {dag.py:3096} INFO - Sync 1 DAGs
[2026-05-24T14:06:09.894+0000] {logging_mixin.py:188} INFO - [2026-05-24T14:06:09.894+0000] {dag.py:3954} INFO - Setting next_dagrun for tutorial_taskflow_api to None, run_after=None
[2026-05-24T14:06:09.908+0000] {processor.py:183} INFO - Processing /home/varn1t/ml-pipeline/venv/lib/python3.11/site-packages/airflow/example_dags/tutorial_taskflow_api.py took 0.041 seconds
[2026-05-24T14:06:53.211+0000] {processor.py:161} INFO - Started process (PID=16198) to work on /home/varn1t/ml-pipeline/venv/lib/python3.11/site-packages/airflow/example_dags/tutorial_taskflow_api.py
[2026-05-24T14:06:53.211+0000] {processor.py:830} INFO - Processing file /home/varn1t/ml-pipeline/venv/lib/python3.11/site-packages/airflow/example_dags/tutorial_taskflow_api.py for tasks to queue
[2026-05-24T14:06:53.212+0000] {logging_mixin.py:188} INFO - [2026-05-24T14:06:53.212+0000] {dagbag.py:545} INFO - Filling up the DagBag from /home/varn1t/ml-pipeline/venv/lib/python3.11/site-packages/airflow/example_dags/tutorial_taskflow_api.py
[2026-05-24T14:06:53.216+0000] {processor.py:840} INFO - DAG(s) 'tutorial_taskflow_api' retrieved from /home/varn1t/ml-pipeline/venv/lib/python3.11/site-packages/airflow/example_dags/tutorial_taskflow_api.py
[2026-05-24T14:06:53.228+0000] {logging_mixin.py:188} INFO - [2026-05-24T14:06:53.228+0000] {dag.py:3096} INFO - Sync 1 DAGs
[2026-05-24T14:06:53.235+0000] {logging_mixin.py:188} INFO - [2026-05-24T14:06:53.235+0000] {dag.py:3954} INFO - Setting next_dagrun for tutorial_taskflow_api to None, run_after=None
[2026-05-24T14:06:53.253+0000] {processor.py:183} INFO - Processing /home/varn1t/ml-pipeline/venv/lib/python3.11/site-packages/airflow/example_dags/tutorial_taskflow_api.py took 0.046 seconds
[2026-05-24T14:07:37.599+0000] {processor.py:161} INFO - Started process (PID=16391) to work on /home/varn1t/ml-pipeline/venv/lib/python3.11/site-packages/airflow/example_dags/tutorial_taskflow_api.py
[2026-05-24T14:07:37.600+0000] {processor.py:830} INFO - Processing file /home/varn1t/ml-pipeline/venv/lib/python3.11/site-packages/airflow/example_dags/tutorial_taskflow_api.py for tasks to queue
[2026-05-24T14:07:37.600+0000] {logging_mixin.py:188} INFO - [2026-05-24T14:07:37.600+0000] {dagbag.py:545} INFO - Filling up the DagBag from /home/varn1t/ml-pipeline/venv/lib/python3.11/site-packages/airflow/example_dags/tutorial_taskflow_api.py
[2026-05-24T14:07:37.606+0000] {processor.py:840} INFO - DAG(s) 'tutorial_taskflow_api' retrieved from /home/varn1t/ml-pipeline/venv/lib/python3.11/site-packages/airflow/example_dags/tutorial_taskflow_api.py
[2026-05-24T14:07:37.619+0000] {logging_mixin.py:188} INFO - [2026-05-24T14:07:37.619+0000] {dag.py:3096} INFO - Sync 1 DAGs
[2026-05-24T14:07:37.626+0000] {logging_mixin.py:188} INFO - [2026-05-24T14:07:37.626+0000] {dag.py:3954} INFO - Setting next_dagrun for tutorial_taskflow_api to None, run_after=None
[2026-05-24T14:07:37.641+0000] {processor.py:183} INFO - Processing /home/varn1t/ml-pipeline/venv/lib/python3.11/site-packages/airflow/example_dags/tutorial_taskflow_api.py took 0.047 seconds
[2026-05-24T14:08:16.928+0000] {processor.py:161} INFO - Started process (PID=16563) to work on /home/varn1t/ml-pipeline/venv/lib/python3.11/site-packages/airflow/example_dags/tutorial_taskflow_api.py
[2026-05-24T14:08:16.928+0000] {processor.py:830} INFO - Processing file /home/varn1t/ml-pipeline/venv/lib/python3.11/site-packages/airflow/example_dags/tutorial_taskflow_api.py for tasks to queue
[2026-05-24T14:08:16.929+0000] {logging_mixin.py:188} INFO - [2026-05-24T14:08:16.929+0000] {dagbag.py:545} INFO - Filling up the DagBag from /home/varn1t/ml-pipeline/venv/lib/python3.11/site-packages/airflow/example_dags/tutorial_taskflow_api.py
[2026-05-24T14:08:16.934+0000] {processor.py:840} INFO - DAG(s) 'tutorial_taskflow_api' retrieved from /home/varn1t/ml-pipeline/venv/lib/python3.11/site-packages/airflow/example_dags/tutorial_taskflow_api.py
[2026-05-24T14:08:16.946+0000] {logging_mixin.py:188} INFO - [2026-05-24T14:08:16.945+0000] {dag.py:3096} INFO - Sync 1 DAGs
[2026-05-24T14:08:16.953+0000] {logging_mixin.py:188} INFO - [2026-05-24T14:08:16.953+0000] {dag.py:3954} INFO - Setting next_dagrun for tutorial_taskflow_api to None, run_after=None
[2026-05-24T14:08:16.968+0000] {processor.py:183} INFO - Processing /home/varn1t/ml-pipeline/venv/lib/python3.11/site-packages/airflow/example_dags/tutorial_taskflow_api.py took 0.046 seconds
[2026-05-24T14:08:56.828+0000] {processor.py:161} INFO - Started process (PID=16765) to work on /home/varn1t/ml-pipeline/venv/lib/python3.11/site-packages/airflow/example_dags/tutorial_taskflow_api.py
[2026-05-24T14:08:56.829+0000] {processor.py:830} INFO - Processing file /home/varn1t/ml-pipeline/venv/lib/python3.11/site-packages/airflow/example_dags/tutorial_taskflow_api.py for tasks to queue
[2026-05-24T14:08:56.829+0000] {logging_mixin.py:188} INFO - [2026-05-24T14:08:56.829+0000] {dagbag.py:545} INFO - Filling up the DagBag from /home/varn1t/ml-pipeline/venv/lib/python3.11/site-packages/airflow/example_dags/tutorial_taskflow_api.py
[2026-05-24T14:08:56.833+0000] {processor.py:840} INFO - DAG(s) 'tutorial_taskflow_api' retrieved from /home/varn1t/ml-pipeline/venv/lib/python3.11/site-packages/airflow/example_dags/tutorial_taskflow_api.py
[2026-05-24T14:08:56.844+0000] {logging_mixin.py:188} INFO - [2026-05-24T14:08:56.844+0000] {dag.py:3096} INFO - Sync 1 DAGs
[2026-05-24T14:08:56.850+0000] {logging_mixin.py:188} INFO - [2026-05-24T14:08:56.850+0000] {dag.py:3954} INFO - Setting next_dagrun for tutorial_taskflow_api to None, run_after=None
[2026-05-24T14:08:56.863+0000] {processor.py:183} INFO - Processing /home/varn1t/ml-pipeline/venv/lib/python3.11/site-packages/airflow/example_dags/tutorial_taskflow_api.py took 0.039 seconds
[2026-05-24T14:09:39.031+0000] {processor.py:161} INFO - Started process (PID=16950) to work on /home/varn1t/ml-pipeline/venv/lib/python3.11/site-packages/airflow/example_dags/tutorial_taskflow_api.py
[2026-05-24T14:09:39.032+0000] {processor.py:830} INFO - Processing file /home/varn1t/ml-pipeline/venv/lib/python3.11/site-packages/airflow/example_dags/tutorial_taskflow_api.py for tasks to queue
[2026-05-24T14:09:39.032+0000] {logging_mixin.py:188} INFO - [2026-05-24T14:09:39.032+0000] {dagbag.py:545} INFO - Filling up the DagBag from /home/varn1t/ml-pipeline/venv/lib/python3.11/site-packages/airflow/example_dags/tutorial_taskflow_api.py
[2026-05-24T14:09:39.037+0000] {processor.py:840} INFO - DAG(s) 'tutorial_taskflow_api' retrieved from /home/varn1t/ml-pipeline/venv/lib/python3.11/site-packages/airflow/example_dags/tutorial_taskflow_api.py
[2026-05-24T14:09:39.051+0000] {logging_mixin.py:188} INFO - [2026-05-24T14:09:39.050+0000] {dag.py:3096} INFO - Sync 1 DAGs
[2026-05-24T14:09:39.060+0000] {logging_mixin.py:188} INFO - [2026-05-24T14:09:39.060+0000] {dag.py:3954} INFO - Setting next_dagrun for tutorial_taskflow_api to None, run_after=None
[2026-05-24T14:09:39.077+0000] {processor.py:183} INFO - Processing /home/varn1t/ml-pipeline/venv/lib/python3.11/site-packages/airflow/example_dags/tutorial_taskflow_api.py took 0.050 seconds
[2026-05-24T14:10:19.991+0000] {processor.py:161} INFO - Started process (PID=17129) to work on /home/varn1t/ml-pipeline/venv/lib/python3.11/site-packages/airflow/example_dags/tutorial_taskflow_api.py
[2026-05-24T14:10:19.992+0000] {processor.py:830} INFO - Processing file /home/varn1t/ml-pipeline/venv/lib/python3.11/site-packages/airflow/example_dags/tutorial_taskflow_api.py for tasks to queue
[2026-05-24T14:10:19.993+0000] {logging_mixin.py:188} INFO - [2026-05-24T14:10:19.992+0000] {dagbag.py:545} INFO - Filling up the DagBag from /home/varn1t/ml-pipeline/venv/lib/python3.11/site-packages/airflow/example_dags/tutorial_taskflow_api.py
[2026-05-24T14:10:19.997+0000] {processor.py:840} INFO - DAG(s) 'tutorial_taskflow_api' retrieved from /home/varn1t/ml-pipeline/venv/lib/python3.11/site-packages/airflow/example_dags/tutorial_taskflow_api.py
[2026-05-24T14:10:20.008+0000] {logging_mixin.py:188} INFO - [2026-05-24T14:10:20.008+0000] {dag.py:3096} INFO - Sync 1 DAGs
[2026-05-24T14:10:20.015+0000] {logging_mixin.py:188} INFO - [2026-05-24T14:10:20.015+0000] {dag.py:3954} INFO - Setting next_dagrun for tutorial_taskflow_api to None, run_after=None
[2026-05-24T14:10:20.030+0000] {processor.py:183} INFO - Processing /home/varn1t/ml-pipeline/venv/lib/python3.11/site-packages/airflow/example_dags/tutorial_taskflow_api.py took 0.042 seconds
[2026-05-24T14:11:02.186+0000] {processor.py:161} INFO - Started process (PID=17307) to work on /home/varn1t/ml-pipeline/venv/lib/python3.11/site-packages/airflow/example_dags/tutorial_taskflow_api.py
[2026-05-24T14:11:02.187+0000] {processor.py:830} INFO - Processing file /home/varn1t/ml-pipeline/venv/lib/python3.11/site-packages/airflow/example_dags/tutorial_taskflow_api.py for tasks to queue
[2026-05-24T14:11:02.187+0000] {logging_mixin.py:188} INFO - [2026-05-24T14:11:02.187+0000] {dagbag.py:545} INFO - Filling up the DagBag from /home/varn1t/ml-pipeline/venv/lib/python3.11/site-packages/airflow/example_dags/tutorial_taskflow_api.py
[2026-05-24T14:11:02.191+0000] {processor.py:840} INFO - DAG(s) 'tutorial_taskflow_api' retrieved from /home/varn1t/ml-pipeline/venv/lib/python3.11/site-packages/airflow/example_dags/tutorial_taskflow_api.py
[2026-05-24T14:11:02.203+0000] {logging_mixin.py:188} INFO - [2026-05-24T14:11:02.203+0000] {dag.py:3096} INFO - Sync 1 DAGs
[2026-05-24T14:11:02.210+0000] {logging_mixin.py:188} INFO - [2026-05-24T14:11:02.210+0000] {dag.py:3954} INFO - Setting next_dagrun for tutorial_taskflow_api to None, run_after=None
[2026-05-24T14:11:02.225+0000] {processor.py:183} INFO - Processing /home/varn1t/ml-pipeline/venv/lib/python3.11/site-packages/airflow/example_dags/tutorial_taskflow_api.py took 0.043 seconds
[2026-05-24T14:11:44.019+0000] {processor.py:161} INFO - Started process (PID=17503) to work on /home/varn1t/ml-pipeline/venv/lib/python3.11/site-packages/airflow/example_dags/tutorial_taskflow_api.py
[2026-05-24T14:11:44.019+0000] {processor.py:830} INFO - Processing file /home/varn1t/ml-pipeline/venv/lib/python3.11/site-packages/airflow/example_dags/tutorial_taskflow_api.py for tasks to queue
[2026-05-24T14:11:44.020+0000] {logging_mixin.py:188} INFO - [2026-05-24T14:11:44.020+0000] {dagbag.py:545} INFO - Filling up the DagBag from /home/varn1t/ml-pipeline/venv/lib/python3.11/site-packages/airflow/example_dags/tutorial_taskflow_api.py
[2026-05-24T14:11:44.025+0000] {processor.py:840} INFO - DAG(s) 'tutorial_taskflow_api' retrieved from /home/varn1t/ml-pipeline/venv/lib/python3.11/site-packages/airflow/example_dags/tutorial_taskflow_api.py
[2026-05-24T14:11:44.039+0000] {logging_mixin.py:188} INFO - [2026-05-24T14:11:44.039+0000] {dag.py:3096} INFO - Sync 1 DAGs
[2026-05-24T14:11:44.046+0000] {logging_mixin.py:188} INFO - [2026-05-24T14:11:44.046+0000] {dag.py:3954} INFO - Setting next_dagrun for tutorial_taskflow_api to None, run_after=None
[2026-05-24T14:11:44.065+0000] {processor.py:183} INFO - Processing /home/varn1t/ml-pipeline/venv/lib/python3.11/site-packages/airflow/example_dags/tutorial_taskflow_api.py took 0.052 seconds
[2026-05-24T14:12:22.717+0000] {processor.py:161} INFO - Started process (PID=17674) to work on /home/varn1t/ml-pipeline/venv/lib/python3.11/site-packages/airflow/example_dags/tutorial_taskflow_api.py
[2026-05-24T14:12:22.718+0000] {processor.py:830} INFO - Processing file /home/varn1t/ml-pipeline/venv/lib/python3.11/site-packages/airflow/example_dags/tutorial_taskflow_api.py for tasks to queue
[2026-05-24T14:12:22.719+0000] {logging_mixin.py:188} INFO - [2026-05-24T14:12:22.718+0000] {dagbag.py:545} INFO - Filling up the DagBag from /home/varn1t/ml-pipeline/venv/lib/python3.11/site-packages/airflow/example_dags/tutorial_taskflow_api.py
[2026-05-24T14:12:22.724+0000] {processor.py:840} INFO - DAG(s) 'tutorial_taskflow_api' retrieved from /home/varn1t/ml-pipeline/venv/lib/python3.11/site-packages/airflow/example_dags/tutorial_taskflow_api.py
[2026-05-24T14:12:22.736+0000] {logging_mixin.py:188} INFO - [2026-05-24T14:12:22.735+0000] {dag.py:3096} INFO - Sync 1 DAGs
[2026-05-24T14:12:22.742+0000] {logging_mixin.py:188} INFO - [2026-05-24T14:12:22.742+0000] {dag.py:3954} INFO - Setting next_dagrun for tutorial_taskflow_api to None, run_after=None
[2026-05-24T14:12:22.758+0000] {processor.py:183} INFO - Processing /home/varn1t/ml-pipeline/venv/lib/python3.11/site-packages/airflow/example_dags/tutorial_taskflow_api.py took 0.046 seconds
[2026-05-24T14:13:02.900+0000] {processor.py:161} INFO - Started process (PID=17846) to work on /home/varn1t/ml-pipeline/venv/lib/python3.11/site-packages/airflow/example_dags/tutorial_taskflow_api.py
[2026-05-24T14:13:02.901+0000] {processor.py:830} INFO - Processing file /home/varn1t/ml-pipeline/venv/lib/python3.11/site-packages/airflow/example_dags/tutorial_taskflow_api.py for tasks to queue
[2026-05-24T14:13:02.901+0000] {logging_mixin.py:188} INFO - [2026-05-24T14:13:02.901+0000] {dagbag.py:545} INFO - Filling up the DagBag from /home/varn1t/ml-pipeline/venv/lib/python3.11/site-packages/airflow/example_dags/tutorial_taskflow_api.py
[2026-05-24T14:13:02.906+0000] {processor.py:840} INFO - DAG(s) 'tutorial_taskflow_api' retrieved from /home/varn1t/ml-pipeline/venv/lib/python3.11/site-packages/airflow/example_dags/tutorial_taskflow_api.py
[2026-05-24T14:13:02.917+0000] {logging_mixin.py:188} INFO - [2026-05-24T14:13:02.917+0000] {dag.py:3096} INFO - Sync 1 DAGs
[2026-05-24T14:13:02.924+0000] {logging_mixin.py:188} INFO - [2026-05-24T14:13:02.923+0000] {dag.py:3954} INFO - Setting next_dagrun for tutorial_taskflow_api to None, run_after=None
[2026-05-24T14:13:02.941+0000] {processor.py:183} INFO - Processing /home/varn1t/ml-pipeline/venv/lib/python3.11/site-packages/airflow/example_dags/tutorial_taskflow_api.py took 0.046 seconds
[2026-05-24T14:13:44.650+0000] {processor.py:161} INFO - Started process (PID=18059) to work on /home/varn1t/ml-pipeline/venv/lib/python3.11/site-packages/airflow/example_dags/tutorial_taskflow_api.py
[2026-05-24T14:13:44.651+0000] {processor.py:830} INFO - Processing file /home/varn1t/ml-pipeline/venv/lib/python3.11/site-packages/airflow/example_dags/tutorial_taskflow_api.py for tasks to queue
[2026-05-24T14:13:44.651+0000] {logging_mixin.py:188} INFO - [2026-05-24T14:13:44.651+0000] {dagbag.py:545} INFO - Filling up the DagBag from /home/varn1t/ml-pipeline/venv/lib/python3.11/site-packages/airflow/example_dags/tutorial_taskflow_api.py
[2026-05-24T14:13:44.656+0000] {processor.py:840} INFO - DAG(s) 'tutorial_taskflow_api' retrieved from /home/varn1t/ml-pipeline/venv/lib/python3.11/site-packages/airflow/example_dags/tutorial_taskflow_api.py
[2026-05-24T14:13:44.666+0000] {logging_mixin.py:188} INFO - [2026-05-24T14:13:44.666+0000] {dag.py:3096} INFO - Sync 1 DAGs
[2026-05-24T14:13:44.672+0000] {logging_mixin.py:188} INFO - [2026-05-24T14:13:44.672+0000] {dag.py:3954} INFO - Setting next_dagrun for tutorial_taskflow_api to None, run_after=None
[2026-05-24T14:13:44.686+0000] {processor.py:183} INFO - Processing /home/varn1t/ml-pipeline/venv/lib/python3.11/site-packages/airflow/example_dags/tutorial_taskflow_api.py took 0.040 seconds
[2026-05-24T14:14:24.638+0000] {processor.py:161} INFO - Started process (PID=18229) to work on /home/varn1t/ml-pipeline/venv/lib/python3.11/site-packages/airflow/example_dags/tutorial_taskflow_api.py
[2026-05-24T14:14:24.639+0000] {processor.py:830} INFO - Processing file /home/varn1t/ml-pipeline/venv/lib/python3.11/site-packages/airflow/example_dags/tutorial_taskflow_api.py for tasks to queue
[2026-05-24T14:14:24.639+0000] {logging_mixin.py:188} INFO - [2026-05-24T14:14:24.639+0000] {dagbag.py:545} INFO - Filling up the DagBag from /home/varn1t/ml-pipeline/venv/lib/python3.11/site-packages/airflow/example_dags/tutorial_taskflow_api.py
[2026-05-24T14:14:24.645+0000] {processor.py:840} INFO - DAG(s) 'tutorial_taskflow_api' retrieved from /home/varn1t/ml-pipeline/venv/lib/python3.11/site-packages/airflow/example_dags/tutorial_taskflow_api.py
[2026-05-24T14:14:24.657+0000] {logging_mixin.py:188} INFO - [2026-05-24T14:14:24.657+0000] {dag.py:3096} INFO - Sync 1 DAGs
[2026-05-24T14:14:24.664+0000] {logging_mixin.py:188} INFO - [2026-05-24T14:14:24.664+0000] {dag.py:3954} INFO - Setting next_dagrun for tutorial_taskflow_api to None, run_after=None
[2026-05-24T14:14:24.683+0000] {processor.py:183} INFO - Processing /home/varn1t/ml-pipeline/venv/lib/python3.11/site-packages/airflow/example_dags/tutorial_taskflow_api.py took 0.051 seconds
[2026-05-24T14:15:06.023+0000] {processor.py:161} INFO - Started process (PID=18408) to work on /home/varn1t/ml-pipeline/venv/lib/python3.11/site-packages/airflow/example_dags/tutorial_taskflow_api.py
[2026-05-24T14:15:06.023+0000] {processor.py:830} INFO - Processing file /home/varn1t/ml-pipeline/venv/lib/python3.11/site-packages/airflow/example_dags/tutorial_taskflow_api.py for tasks to queue
[2026-05-24T14:15:06.024+0000] {logging_mixin.py:188} INFO - [2026-05-24T14:15:06.024+0000] {dagbag.py:545} INFO - Filling up the DagBag from /home/varn1t/ml-pipeline/venv/lib/python3.11/site-packages/airflow/example_dags/tutorial_taskflow_api.py
[2026-05-24T14:15:06.028+0000] {processor.py:840} INFO - DAG(s) 'tutorial_taskflow_api' retrieved from /home/varn1t/ml-pipeline/venv/lib/python3.11/site-packages/airflow/example_dags/tutorial_taskflow_api.py
[2026-05-24T14:15:06.040+0000] {logging_mixin.py:188} INFO - [2026-05-24T14:15:06.040+0000] {dag.py:3096} INFO - Sync 1 DAGs
[2026-05-24T14:15:06.046+0000] {logging_mixin.py:188} INFO - [2026-05-24T14:15:06.046+0000] {dag.py:3954} INFO - Setting next_dagrun for tutorial_taskflow_api to None, run_after=None
[2026-05-24T14:15:06.062+0000] {processor.py:183} INFO - Processing /home/varn1t/ml-pipeline/venv/lib/python3.11/site-packages/airflow/example_dags/tutorial_taskflow_api.py took 0.043 seconds
[2026-05-24T14:15:56.325+0000] {processor.py:161} INFO - Started process (PID=18624) to work on /home/varn1t/ml-pipeline/venv/lib/python3.11/site-packages/airflow/example_dags/tutorial_taskflow_api.py
[2026-05-24T14:15:56.327+0000] {processor.py:830} INFO - Processing file /home/varn1t/ml-pipeline/venv/lib/python3.11/site-packages/airflow/example_dags/tutorial_taskflow_api.py for tasks to queue
[2026-05-24T14:15:56.327+0000] {logging_mixin.py:188} INFO - [2026-05-24T14:15:56.327+0000] {dagbag.py:545} INFO - Filling up the DagBag from /home/varn1t/ml-pipeline/venv/lib/python3.11/site-packages/airflow/example_dags/tutorial_taskflow_api.py
[2026-05-24T14:15:56.332+0000] {processor.py:840} INFO - DAG(s) 'tutorial_taskflow_api' retrieved from /home/varn1t/ml-pipeline/venv/lib/python3.11/site-packages/airflow/example_dags/tutorial_taskflow_api.py
[2026-05-24T14:15:56.343+0000] {logging_mixin.py:188} INFO - [2026-05-24T14:15:56.343+0000] {dag.py:3096} INFO - Sync 1 DAGs
[2026-05-24T14:15:56.351+0000] {logging_mixin.py:188} INFO - [2026-05-24T14:15:56.350+0000] {dag.py:3954} INFO - Setting next_dagrun for tutorial_taskflow_api to None, run_after=None
[2026-05-24T14:15:56.369+0000] {processor.py:183} INFO - Processing /home/varn1t/ml-pipeline/venv/lib/python3.11/site-packages/airflow/example_dags/tutorial_taskflow_api.py took 0.048 seconds
[2026-05-24T14:16:51.844+0000] {processor.py:161} INFO - Started process (PID=18879) to work on /home/varn1t/ml-pipeline/venv/lib/python3.11/site-packages/airflow/example_dags/tutorial_taskflow_api.py
[2026-05-24T14:16:51.845+0000] {processor.py:830} INFO - Processing file /home/varn1t/ml-pipeline/venv/lib/python3.11/site-packages/airflow/example_dags/tutorial_taskflow_api.py for tasks to queue
[2026-05-24T14:16:51.846+0000] {logging_mixin.py:188} INFO - [2026-05-24T14:16:51.845+0000] {dagbag.py:545} INFO - Filling up the DagBag from /home/varn1t/ml-pipeline/venv/lib/python3.11/site-packages/airflow/example_dags/tutorial_taskflow_api.py
[2026-05-24T14:16:51.852+0000] {processor.py:840} INFO - DAG(s) 'tutorial_taskflow_api' retrieved from /home/varn1t/ml-pipeline/venv/lib/python3.11/site-packages/airflow/example_dags/tutorial_taskflow_api.py
[2026-05-24T14:16:51.864+0000] {logging_mixin.py:188} INFO - [2026-05-24T14:16:51.863+0000] {dag.py:3096} INFO - Sync 1 DAGs
[2026-05-24T14:16:51.871+0000] {logging_mixin.py:188} INFO - [2026-05-24T14:16:51.871+0000] {dag.py:3954} INFO - Setting next_dagrun for tutorial_taskflow_api to None, run_after=None
[2026-05-24T14:16:51.890+0000] {processor.py:183} INFO - Processing /home/varn1t/ml-pipeline/venv/lib/python3.11/site-packages/airflow/example_dags/tutorial_taskflow_api.py took 0.050 seconds
[2026-05-24T14:17:49.959+0000] {processor.py:161} INFO - Started process (PID=19136) to work on /home/varn1t/ml-pipeline/venv/lib/python3.11/site-packages/airflow/example_dags/tutorial_taskflow_api.py
[2026-05-24T14:17:49.961+0000] {processor.py:830} INFO - Processing file /home/varn1t/ml-pipeline/venv/lib/python3.11/site-packages/airflow/example_dags/tutorial_taskflow_api.py for tasks to queue
[2026-05-24T14:17:49.962+0000] {logging_mixin.py:188} INFO - [2026-05-24T14:17:49.961+0000] {dagbag.py:545} INFO - Filling up the DagBag from /home/varn1t/ml-pipeline/venv/lib/python3.11/site-packages/airflow/example_dags/tutorial_taskflow_api.py
[2026-05-24T14:17:49.968+0000] {processor.py:840} INFO - DAG(s) 'tutorial_taskflow_api' retrieved from /home/varn1t/ml-pipeline/venv/lib/python3.11/site-packages/airflow/example_dags/tutorial_taskflow_api.py
[2026-05-24T14:17:49.981+0000] {logging_mixin.py:188} INFO - [2026-05-24T14:17:49.981+0000] {dag.py:3096} INFO - Sync 1 DAGs
[2026-05-24T14:17:49.989+0000] {logging_mixin.py:188} INFO - [2026-05-24T14:17:49.989+0000] {dag.py:3954} INFO - Setting next_dagrun for tutorial_taskflow_api to None, run_after=None
[2026-05-24T14:17:50.005+0000] {processor.py:183} INFO - Processing /home/varn1t/ml-pipeline/venv/lib/python3.11/site-packages/airflow/example_dags/tutorial_taskflow_api.py took 0.051 seconds
[2026-05-24T14:18:36.176+0000] {processor.py:161} INFO - Started process (PID=19374) to work on /home/varn1t/ml-pipeline/venv/lib/python3.11/site-packages/airflow/example_dags/tutorial_taskflow_api.py
[2026-05-24T14:18:36.178+0000] {processor.py:830} INFO - Processing file /home/varn1t/ml-pipeline/venv/lib/python3.11/site-packages/airflow/example_dags/tutorial_taskflow_api.py for tasks to queue
[2026-05-24T14:18:36.178+0000] {logging_mixin.py:188} INFO - [2026-05-24T14:18:36.178+0000] {dagbag.py:545} INFO - Filling up the DagBag from /home/varn1t/ml-pipeline/venv/lib/python3.11/site-packages/airflow/example_dags/tutorial_taskflow_api.py
[2026-05-24T14:18:36.183+0000] {processor.py:840} INFO - DAG(s) 'tutorial_taskflow_api' retrieved from /home/varn1t/ml-pipeline/venv/lib/python3.11/site-packages/airflow/example_dags/tutorial_taskflow_api.py
[2026-05-24T14:18:36.195+0000] {logging_mixin.py:188} INFO - [2026-05-24T14:18:36.195+0000] {dag.py:3096} INFO - Sync 1 DAGs
[2026-05-24T14:18:36.202+0000] {logging_mixin.py:188} INFO - [2026-05-24T14:18:36.201+0000] {dag.py:3954} INFO - Setting next_dagrun for tutorial_taskflow_api to None, run_after=None
[2026-05-24T14:18:36.217+0000] {processor.py:183} INFO - Processing /home/varn1t/ml-pipeline/venv/lib/python3.11/site-packages/airflow/example_dags/tutorial_taskflow_api.py took 0.045 seconds
[2026-05-24T14:19:17.827+0000] {processor.py:161} INFO - Started process (PID=19561) to work on /home/varn1t/ml-pipeline/venv/lib/python3.11/site-packages/airflow/example_dags/tutorial_taskflow_api.py
[2026-05-24T14:19:17.829+0000] {processor.py:830} INFO - Processing file /home/varn1t/ml-pipeline/venv/lib/python3.11/site-packages/airflow/example_dags/tutorial_taskflow_api.py for tasks to queue
[2026-05-24T14:19:17.830+0000] {logging_mixin.py:188} INFO - [2026-05-24T14:19:17.829+0000] {dagbag.py:545} INFO - Filling up the DagBag from /home/varn1t/ml-pipeline/venv/lib/python3.11/site-packages/airflow/example_dags/tutorial_taskflow_api.py
[2026-05-24T14:19:17.835+0000] {processor.py:840} INFO - DAG(s) 'tutorial_taskflow_api' retrieved from /home/varn1t/ml-pipeline/venv/lib/python3.11/site-packages/airflow/example_dags/tutorial_taskflow_api.py
[2026-05-24T14:19:17.848+0000] {logging_mixin.py:188} INFO - [2026-05-24T14:19:17.848+0000] {dag.py:3096} INFO - Sync 1 DAGs
[2026-05-24T14:19:17.855+0000] {logging_mixin.py:188} INFO - [2026-05-24T14:19:17.855+0000] {dag.py:3954} INFO - Setting next_dagrun for tutorial_taskflow_api to None, run_after=None
[2026-05-24T14:19:17.871+0000] {processor.py:183} INFO - Processing /home/varn1t/ml-pipeline/venv/lib/python3.11/site-packages/airflow/example_dags/tutorial_taskflow_api.py took 0.048 seconds
[2026-05-24T14:20:00.028+0000] {processor.py:161} INFO - Started process (PID=19752) to work on /home/varn1t/ml-pipeline/venv/lib/python3.11/site-packages/airflow/example_dags/tutorial_taskflow_api.py
[2026-05-24T14:20:00.029+0000] {processor.py:830} INFO - Processing file /home/varn1t/ml-pipeline/venv/lib/python3.11/site-packages/airflow/example_dags/tutorial_taskflow_api.py for tasks to queue
[2026-05-24T14:20:00.030+0000] {logging_mixin.py:188} INFO - [2026-05-24T14:20:00.029+0000] {dagbag.py:545} INFO - Filling up the DagBag from /home/varn1t/ml-pipeline/venv/lib/python3.11/site-packages/airflow/example_dags/tutorial_taskflow_api.py
[2026-05-24T14:20:00.035+0000] {processor.py:840} INFO - DAG(s) 'tutorial_taskflow_api' retrieved from /home/varn1t/ml-pipeline/venv/lib/python3.11/site-packages/airflow/example_dags/tutorial_taskflow_api.py
[2026-05-24T14:20:00.049+0000] {logging_mixin.py:188} INFO - [2026-05-24T14:20:00.049+0000] {dag.py:3096} INFO - Sync 1 DAGs
[2026-05-24T14:20:00.055+0000] {logging_mixin.py:188} INFO - [2026-05-24T14:20:00.055+0000] {dag.py:3954} INFO - Setting next_dagrun for tutorial_taskflow_api to None, run_after=None
[2026-05-24T14:20:00.069+0000] {processor.py:183} INFO - Processing /home/varn1t/ml-pipeline/venv/lib/python3.11/site-packages/airflow/example_dags/tutorial_taskflow_api.py took 0.046 seconds
[2026-05-24T14:20:43.392+0000] {processor.py:161} INFO - Started process (PID=19945) to work on /home/varn1t/ml-pipeline/venv/lib/python3.11/site-packages/airflow/example_dags/tutorial_taskflow_api.py
[2026-05-24T14:20:43.393+0000] {processor.py:830} INFO - Processing file /home/varn1t/ml-pipeline/venv/lib/python3.11/site-packages/airflow/example_dags/tutorial_taskflow_api.py for tasks to queue
[2026-05-24T14:20:43.393+0000] {logging_mixin.py:188} INFO - [2026-05-24T14:20:43.393+0000] {dagbag.py:545} INFO - Filling up the DagBag from /home/varn1t/ml-pipeline/venv/lib/python3.11/site-packages/airflow/example_dags/tutorial_taskflow_api.py
[2026-05-24T14:20:43.399+0000] {processor.py:840} INFO - DAG(s) 'tutorial_taskflow_api' retrieved from /home/varn1t/ml-pipeline/venv/lib/python3.11/site-packages/airflow/example_dags/tutorial_taskflow_api.py
[2026-05-24T14:20:43.416+0000] {logging_mixin.py:188} INFO - [2026-05-24T14:20:43.415+0000] {dag.py:3096} INFO - Sync 1 DAGs
[2026-05-24T14:20:43.425+0000] {logging_mixin.py:188} INFO - [2026-05-24T14:20:43.425+0000] {dag.py:3954} INFO - Setting next_dagrun for tutorial_taskflow_api to None, run_after=None
[2026-05-24T14:20:43.445+0000] {processor.py:183} INFO - Processing /home/varn1t/ml-pipeline/venv/lib/python3.11/site-packages/airflow/example_dags/tutorial_taskflow_api.py took 0.059 seconds
[2026-05-24T14:21:23.363+0000] {processor.py:161} INFO - Started process (PID=20130) to work on /home/varn1t/ml-pipeline/venv/lib/python3.11/site-packages/airflow/example_dags/tutorial_taskflow_api.py
[2026-05-24T14:21:23.365+0000] {processor.py:830} INFO - Processing file /home/varn1t/ml-pipeline/venv/lib/python3.11/site-packages/airflow/example_dags/tutorial_taskflow_api.py for tasks to queue
[2026-05-24T14:21:23.365+0000] {logging_mixin.py:188} INFO - [2026-05-24T14:21:23.365+0000] {dagbag.py:545} INFO - Filling up the DagBag from /home/varn1t/ml-pipeline/venv/lib/python3.11/site-packages/airflow/example_dags/tutorial_taskflow_api.py
[2026-05-24T14:21:23.371+0000] {processor.py:840} INFO - DAG(s) 'tutorial_taskflow_api' retrieved from /home/varn1t/ml-pipeline/venv/lib/python3.11/site-packages/airflow/example_dags/tutorial_taskflow_api.py
[2026-05-24T14:21:23.385+0000] {logging_mixin.py:188} INFO - [2026-05-24T14:21:23.384+0000] {dag.py:3096} INFO - Sync 1 DAGs
[2026-05-24T14:21:23.394+0000] {logging_mixin.py:188} INFO - [2026-05-24T14:21:23.394+0000] {dag.py:3954} INFO - Setting next_dagrun for tutorial_taskflow_api to None, run_after=None
[2026-05-24T14:21:23.414+0000] {processor.py:183} INFO - Processing /home/varn1t/ml-pipeline/venv/lib/python3.11/site-packages/airflow/example_dags/tutorial_taskflow_api.py took 0.056 seconds
[2026-05-24T14:22:05.474+0000] {processor.py:161} INFO - Started process (PID=20328) to work on /home/varn1t/ml-pipeline/venv/lib/python3.11/site-packages/airflow/example_dags/tutorial_taskflow_api.py
[2026-05-24T14:22:05.475+0000] {processor.py:830} INFO - Processing file /home/varn1t/ml-pipeline/venv/lib/python3.11/site-packages/airflow/example_dags/tutorial_taskflow_api.py for tasks to queue
[2026-05-24T14:22:05.476+0000] {logging_mixin.py:188} INFO - [2026-05-24T14:22:05.476+0000] {dagbag.py:545} INFO - Filling up the DagBag from /home/varn1t/ml-pipeline/venv/lib/python3.11/site-packages/airflow/example_dags/tutorial_taskflow_api.py
[2026-05-24T14:22:05.482+0000] {processor.py:840} INFO - DAG(s) 'tutorial_taskflow_api' retrieved from /home/varn1t/ml-pipeline/venv/lib/python3.11/site-packages/airflow/example_dags/tutorial_taskflow_api.py
[2026-05-24T14:22:05.498+0000] {logging_mixin.py:188} INFO - [2026-05-24T14:22:05.498+0000] {dag.py:3096} INFO - Sync 1 DAGs
[2026-05-24T14:22:05.507+0000] {logging_mixin.py:188} INFO - [2026-05-24T14:22:05.507+0000] {dag.py:3954} INFO - Setting next_dagrun for tutorial_taskflow_api to None, run_after=None
[2026-05-24T14:22:05.525+0000] {processor.py:183} INFO - Processing /home/varn1t/ml-pipeline/venv/lib/python3.11/site-packages/airflow/example_dags/tutorial_taskflow_api.py took 0.057 seconds
[2026-05-24T14:22:48.732+0000] {processor.py:161} INFO - Started process (PID=20518) to work on /home/varn1t/ml-pipeline/venv/lib/python3.11/site-packages/airflow/example_dags/tutorial_taskflow_api.py
[2026-05-24T14:22:48.733+0000] {processor.py:830} INFO - Processing file /home/varn1t/ml-pipeline/venv/lib/python3.11/site-packages/airflow/example_dags/tutorial_taskflow_api.py for tasks to queue
[2026-05-24T14:22:48.734+0000] {logging_mixin.py:188} INFO - [2026-05-24T14:22:48.734+0000] {dagbag.py:545} INFO - Filling up the DagBag from /home/varn1t/ml-pipeline/venv/lib/python3.11/site-packages/airflow/example_dags/tutorial_taskflow_api.py
[2026-05-24T14:22:48.740+0000] {processor.py:840} INFO - DAG(s) 'tutorial_taskflow_api' retrieved from /home/varn1t/ml-pipeline/venv/lib/python3.11/site-packages/airflow/example_dags/tutorial_taskflow_api.py
[2026-05-24T14:22:48.755+0000] {logging_mixin.py:188} INFO - [2026-05-24T14:22:48.754+0000] {dag.py:3096} INFO - Sync 1 DAGs
[2026-05-24T14:22:48.763+0000] {logging_mixin.py:188} INFO - [2026-05-24T14:22:48.763+0000] {dag.py:3954} INFO - Setting next_dagrun for tutorial_taskflow_api to None, run_after=None
[2026-05-24T14:22:48.785+0000] {processor.py:183} INFO - Processing /home/varn1t/ml-pipeline/venv/lib/python3.11/site-packages/airflow/example_dags/tutorial_taskflow_api.py took 0.058 seconds
[2026-05-24T14:23:31.686+0000] {processor.py:161} INFO - Started process (PID=20742) to work on /home/varn1t/ml-pipeline/venv/lib/python3.11/site-packages/airflow/example_dags/tutorial_taskflow_api.py
[2026-05-24T14:23:31.687+0000] {processor.py:830} INFO - Processing file /home/varn1t/ml-pipeline/venv/lib/python3.11/site-packages/airflow/example_dags/tutorial_taskflow_api.py for tasks to queue
[2026-05-24T14:23:31.688+0000] {logging_mixin.py:188} INFO - [2026-05-24T14:23:31.688+0000] {dagbag.py:545} INFO - Filling up the DagBag from /home/varn1t/ml-pipeline/venv/lib/python3.11/site-packages/airflow/example_dags/tutorial_taskflow_api.py
[2026-05-24T14:23:31.695+0000] {processor.py:840} INFO - DAG(s) 'tutorial_taskflow_api' retrieved from /home/varn1t/ml-pipeline/venv/lib/python3.11/site-packages/airflow/example_dags/tutorial_taskflow_api.py
[2026-05-24T14:23:31.708+0000] {logging_mixin.py:188} INFO - [2026-05-24T14:23:31.708+0000] {dag.py:3096} INFO - Sync 1 DAGs
[2026-05-24T14:23:31.716+0000] {logging_mixin.py:188} INFO - [2026-05-24T14:23:31.716+0000] {dag.py:3954} INFO - Setting next_dagrun for tutorial_taskflow_api to None, run_after=None
[2026-05-24T14:23:31.736+0000] {processor.py:183} INFO - Processing /home/varn1t/ml-pipeline/venv/lib/python3.11/site-packages/airflow/example_dags/tutorial_taskflow_api.py took 0.057 seconds
[2026-05-24T14:24:10.799+0000] {processor.py:161} INFO - Started process (PID=20927) to work on /home/varn1t/ml-pipeline/venv/lib/python3.11/site-packages/airflow/example_dags/tutorial_taskflow_api.py
[2026-05-24T14:24:10.801+0000] {processor.py:830} INFO - Processing file /home/varn1t/ml-pipeline/venv/lib/python3.11/site-packages/airflow/example_dags/tutorial_taskflow_api.py for tasks to queue
[2026-05-24T14:24:10.801+0000] {logging_mixin.py:188} INFO - [2026-05-24T14:24:10.801+0000] {dagbag.py:545} INFO - Filling up the DagBag from /home/varn1t/ml-pipeline/venv/lib/python3.11/site-packages/airflow/example_dags/tutorial_taskflow_api.py
[2026-05-24T14:24:10.807+0000] {processor.py:840} INFO - DAG(s) 'tutorial_taskflow_api' retrieved from /home/varn1t/ml-pipeline/venv/lib/python3.11/site-packages/airflow/example_dags/tutorial_taskflow_api.py
[2026-05-24T14:24:10.826+0000] {logging_mixin.py:188} INFO - [2026-05-24T14:24:10.826+0000] {dag.py:3096} INFO - Sync 1 DAGs
[2026-05-24T14:24:10.836+0000] {logging_mixin.py:188} INFO - [2026-05-24T14:24:10.836+0000] {dag.py:3954} INFO - Setting next_dagrun for tutorial_taskflow_api to None, run_after=None
[2026-05-24T14:24:10.859+0000] {processor.py:183} INFO - Processing /home/varn1t/ml-pipeline/venv/lib/python3.11/site-packages/airflow/example_dags/tutorial_taskflow_api.py took 0.066 seconds
[2026-05-24T14:24:50.328+0000] {processor.py:161} INFO - Started process (PID=21107) to work on /home/varn1t/ml-pipeline/venv/lib/python3.11/site-packages/airflow/example_dags/tutorial_taskflow_api.py
[2026-05-24T14:24:50.329+0000] {processor.py:830} INFO - Processing file /home/varn1t/ml-pipeline/venv/lib/python3.11/site-packages/airflow/example_dags/tutorial_taskflow_api.py for tasks to queue
[2026-05-24T14:24:50.330+0000] {logging_mixin.py:188} INFO - [2026-05-24T14:24:50.330+0000] {dagbag.py:545} INFO - Filling up the DagBag from /home/varn1t/ml-pipeline/venv/lib/python3.11/site-packages/airflow/example_dags/tutorial_taskflow_api.py
[2026-05-24T14:24:50.335+0000] {processor.py:840} INFO - DAG(s) 'tutorial_taskflow_api' retrieved from /home/varn1t/ml-pipeline/venv/lib/python3.11/site-packages/airflow/example_dags/tutorial_taskflow_api.py
[2026-05-24T14:24:50.348+0000] {logging_mixin.py:188} INFO - [2026-05-24T14:24:50.348+0000] {dag.py:3096} INFO - Sync 1 DAGs
[2026-05-24T14:24:50.356+0000] {logging_mixin.py:188} INFO - [2026-05-24T14:24:50.356+0000] {dag.py:3954} INFO - Setting next_dagrun for tutorial_taskflow_api to None, run_after=None
[2026-05-24T14:24:50.374+0000] {processor.py:183} INFO - Processing /home/varn1t/ml-pipeline/venv/lib/python3.11/site-packages/airflow/example_dags/tutorial_taskflow_api.py took 0.051 seconds
[2026-05-24T14:25:30.827+0000] {processor.py:161} INFO - Started process (PID=21284) to work on /home/varn1t/ml-pipeline/venv/lib/python3.11/site-packages/airflow/example_dags/tutorial_taskflow_api.py
[2026-05-24T14:25:30.828+0000] {processor.py:830} INFO - Processing file /home/varn1t/ml-pipeline/venv/lib/python3.11/site-packages/airflow/example_dags/tutorial_taskflow_api.py for tasks to queue
[2026-05-24T14:25:30.829+0000] {logging_mixin.py:188} INFO - [2026-05-24T14:25:30.829+0000] {dagbag.py:545} INFO - Filling up the DagBag from /home/varn1t/ml-pipeline/venv/lib/python3.11/site-packages/airflow/example_dags/tutorial_taskflow_api.py
[2026-05-24T14:25:30.835+0000] {processor.py:840} INFO - DAG(s) 'tutorial_taskflow_api' retrieved from /home/varn1t/ml-pipeline/venv/lib/python3.11/site-packages/airflow/example_dags/tutorial_taskflow_api.py
[2026-05-24T14:25:30.849+0000] {logging_mixin.py:188} INFO - [2026-05-24T14:25:30.849+0000] {dag.py:3096} INFO - Sync 1 DAGs
[2026-05-24T14:25:30.861+0000] {logging_mixin.py:188} INFO - [2026-05-24T14:25:30.860+0000] {dag.py:3954} INFO - Setting next_dagrun for tutorial_taskflow_api to None, run_after=None
[2026-05-24T14:25:30.883+0000] {processor.py:183} INFO - Processing /home/varn1t/ml-pipeline/venv/lib/python3.11/site-packages/airflow/example_dags/tutorial_taskflow_api.py took 0.061 seconds
[2026-05-24T14:26:11.849+0000] {processor.py:161} INFO - Started process (PID=21477) to work on /home/varn1t/ml-pipeline/venv/lib/python3.11/site-packages/airflow/example_dags/tutorial_taskflow_api.py
[2026-05-24T14:26:11.850+0000] {processor.py:830} INFO - Processing file /home/varn1t/ml-pipeline/venv/lib/python3.11/site-packages/airflow/example_dags/tutorial_taskflow_api.py for tasks to queue
[2026-05-24T14:26:11.850+0000] {logging_mixin.py:188} INFO - [2026-05-24T14:26:11.850+0000] {dagbag.py:545} INFO - Filling up the DagBag from /home/varn1t/ml-pipeline/venv/lib/python3.11/site-packages/airflow/example_dags/tutorial_taskflow_api.py
[2026-05-24T14:26:11.856+0000] {processor.py:840} INFO - DAG(s) 'tutorial_taskflow_api' retrieved from /home/varn1t/ml-pipeline/venv/lib/python3.11/site-packages/airflow/example_dags/tutorial_taskflow_api.py
[2026-05-24T14:26:11.867+0000] {logging_mixin.py:188} INFO - [2026-05-24T14:26:11.867+0000] {dag.py:3096} INFO - Sync 1 DAGs
[2026-05-24T14:26:11.875+0000] {logging_mixin.py:188} INFO - [2026-05-24T14:26:11.875+0000] {dag.py:3954} INFO - Setting next_dagrun for tutorial_taskflow_api to None, run_after=None
[2026-05-24T14:26:11.893+0000] {processor.py:183} INFO - Processing /home/varn1t/ml-pipeline/venv/lib/python3.11/site-packages/airflow/example_dags/tutorial_taskflow_api.py took 0.048 seconds
[2026-05-24T14:26:51.857+0000] {processor.py:161} INFO - Started process (PID=21664) to work on /home/varn1t/ml-pipeline/venv/lib/python3.11/site-packages/airflow/example_dags/tutorial_taskflow_api.py
[2026-05-24T14:26:51.858+0000] {processor.py:830} INFO - Processing file /home/varn1t/ml-pipeline/venv/lib/python3.11/site-packages/airflow/example_dags/tutorial_taskflow_api.py for tasks to queue
[2026-05-24T14:26:51.858+0000] {logging_mixin.py:188} INFO - [2026-05-24T14:26:51.858+0000] {dagbag.py:545} INFO - Filling up the DagBag from /home/varn1t/ml-pipeline/venv/lib/python3.11/site-packages/airflow/example_dags/tutorial_taskflow_api.py
[2026-05-24T14:26:51.863+0000] {processor.py:840} INFO - DAG(s) 'tutorial_taskflow_api' retrieved from /home/varn1t/ml-pipeline/venv/lib/python3.11/site-packages/airflow/example_dags/tutorial_taskflow_api.py
[2026-05-24T14:26:51.874+0000] {logging_mixin.py:188} INFO - [2026-05-24T14:26:51.874+0000] {dag.py:3096} INFO - Sync 1 DAGs
[2026-05-24T14:26:51.881+0000] {logging_mixin.py:188} INFO - [2026-05-24T14:26:51.881+0000] {dag.py:3954} INFO - Setting next_dagrun for tutorial_taskflow_api to None, run_after=None
[2026-05-24T14:26:51.898+0000] {processor.py:183} INFO - Processing /home/varn1t/ml-pipeline/venv/lib/python3.11/site-packages/airflow/example_dags/tutorial_taskflow_api.py took 0.046 seconds
[2026-05-24T14:27:29.171+0000] {processor.py:161} INFO - Started process (PID=21836) to work on /home/varn1t/ml-pipeline/venv/lib/python3.11/site-packages/airflow/example_dags/tutorial_taskflow_api.py
[2026-05-24T14:27:29.172+0000] {processor.py:830} INFO - Processing file /home/varn1t/ml-pipeline/venv/lib/python3.11/site-packages/airflow/example_dags/tutorial_taskflow_api.py for tasks to queue
[2026-05-24T14:27:29.173+0000] {logging_mixin.py:188} INFO - [2026-05-24T14:27:29.173+0000] {dagbag.py:545} INFO - Filling up the DagBag from /home/varn1t/ml-pipeline/venv/lib/python3.11/site-packages/airflow/example_dags/tutorial_taskflow_api.py
[2026-05-24T14:27:29.178+0000] {processor.py:840} INFO - DAG(s) 'tutorial_taskflow_api' retrieved from /home/varn1t/ml-pipeline/venv/lib/python3.11/site-packages/airflow/example_dags/tutorial_taskflow_api.py
[2026-05-24T14:27:29.191+0000] {logging_mixin.py:188} INFO - [2026-05-24T14:27:29.191+0000] {dag.py:3096} INFO - Sync 1 DAGs
[2026-05-24T14:27:29.200+0000] {logging_mixin.py:188} INFO - [2026-05-24T14:27:29.199+0000] {dag.py:3954} INFO - Setting next_dagrun for tutorial_taskflow_api to None, run_after=None
[2026-05-24T14:27:29.220+0000] {processor.py:183} INFO - Processing /home/varn1t/ml-pipeline/venv/lib/python3.11/site-packages/airflow/example_dags/tutorial_taskflow_api.py took 0.054 seconds
[2026-05-24T14:28:10.795+0000] {processor.py:161} INFO - Started process (PID=22017) to work on /home/varn1t/ml-pipeline/venv/lib/python3.11/site-packages/airflow/example_dags/tutorial_taskflow_api.py
[2026-05-24T14:28:10.796+0000] {processor.py:830} INFO - Processing file /home/varn1t/ml-pipeline/venv/lib/python3.11/site-packages/airflow/example_dags/tutorial_taskflow_api.py for tasks to queue
[2026-05-24T14:28:10.796+0000] {logging_mixin.py:188} INFO - [2026-05-24T14:28:10.796+0000] {dagbag.py:545} INFO - Filling up the DagBag from /home/varn1t/ml-pipeline/venv/lib/python3.11/site-packages/airflow/example_dags/tutorial_taskflow_api.py
[2026-05-24T14:28:10.801+0000] {processor.py:840} INFO - DAG(s) 'tutorial_taskflow_api' retrieved from /home/varn1t/ml-pipeline/venv/lib/python3.11/site-packages/airflow/example_dags/tutorial_taskflow_api.py
[2026-05-24T14:28:10.813+0000] {logging_mixin.py:188} INFO - [2026-05-24T14:28:10.813+0000] {dag.py:3096} INFO - Sync 1 DAGs
[2026-05-24T14:28:10.821+0000] {logging_mixin.py:188} INFO - [2026-05-24T14:28:10.821+0000] {dag.py:3954} INFO - Setting next_dagrun for tutorial_taskflow_api to None, run_after=None
[2026-05-24T14:28:10.840+0000] {processor.py:183} INFO - Processing /home/varn1t/ml-pipeline/venv/lib/python3.11/site-packages/airflow/example_dags/tutorial_taskflow_api.py took 0.050 seconds
[2026-05-24T14:28:55.906+0000] {processor.py:161} INFO - Started process (PID=22247) to work on /home/varn1t/ml-pipeline/venv/lib/python3.11/site-packages/airflow/example_dags/tutorial_taskflow_api.py
[2026-05-24T14:28:55.906+0000] {processor.py:830} INFO - Processing file /home/varn1t/ml-pipeline/venv/lib/python3.11/site-packages/airflow/example_dags/tutorial_taskflow_api.py for tasks to queue
[2026-05-24T14:28:55.907+0000] {logging_mixin.py:188} INFO - [2026-05-24T14:28:55.907+0000] {dagbag.py:545} INFO - Filling up the DagBag from /home/varn1t/ml-pipeline/venv/lib/python3.11/site-packages/airflow/example_dags/tutorial_taskflow_api.py
[2026-05-24T14:28:55.912+0000] {processor.py:840} INFO - DAG(s) 'tutorial_taskflow_api' retrieved from /home/varn1t/ml-pipeline/venv/lib/python3.11/site-packages/airflow/example_dags/tutorial_taskflow_api.py
[2026-05-24T14:28:55.925+0000] {logging_mixin.py:188} INFO - [2026-05-24T14:28:55.925+0000] {dag.py:3096} INFO - Sync 1 DAGs
[2026-05-24T14:28:55.933+0000] {logging_mixin.py:188} INFO - [2026-05-24T14:28:55.933+0000] {dag.py:3954} INFO - Setting next_dagrun for tutorial_taskflow_api to None, run_after=None
[2026-05-24T14:28:55.948+0000] {processor.py:183} INFO - Processing /home/varn1t/ml-pipeline/venv/lib/python3.11/site-packages/airflow/example_dags/tutorial_taskflow_api.py took 0.047 seconds
[2026-05-24T14:29:37.984+0000] {processor.py:161} INFO - Started process (PID=22433) to work on /home/varn1t/ml-pipeline/venv/lib/python3.11/site-packages/airflow/example_dags/tutorial_taskflow_api.py
[2026-05-24T14:29:37.985+0000] {processor.py:830} INFO - Processing file /home/varn1t/ml-pipeline/venv/lib/python3.11/site-packages/airflow/example_dags/tutorial_taskflow_api.py for tasks to queue
[2026-05-24T14:29:37.985+0000] {logging_mixin.py:188} INFO - [2026-05-24T14:29:37.985+0000] {dagbag.py:545} INFO - Filling up the DagBag from /home/varn1t/ml-pipeline/venv/lib/python3.11/site-packages/airflow/example_dags/tutorial_taskflow_api.py
[2026-05-24T14:29:37.990+0000] {processor.py:840} INFO - DAG(s) 'tutorial_taskflow_api' retrieved from /home/varn1t/ml-pipeline/venv/lib/python3.11/site-packages/airflow/example_dags/tutorial_taskflow_api.py
[2026-05-24T14:29:38.003+0000] {logging_mixin.py:188} INFO - [2026-05-24T14:29:38.003+0000] {dag.py:3096} INFO - Sync 1 DAGs
[2026-05-24T14:29:38.011+0000] {logging_mixin.py:188} INFO - [2026-05-24T14:29:38.011+0000] {dag.py:3954} INFO - Setting next_dagrun for tutorial_taskflow_api to None, run_after=None
[2026-05-24T14:29:38.026+0000] {processor.py:183} INFO - Processing /home/varn1t/ml-pipeline/venv/lib/python3.11/site-packages/airflow/example_dags/tutorial_taskflow_api.py took 0.046 seconds
[2026-05-24T14:30:17.219+0000] {processor.py:161} INFO - Started process (PID=22610) to work on /home/varn1t/ml-pipeline/venv/lib/python3.11/site-packages/airflow/example_dags/tutorial_taskflow_api.py
[2026-05-24T14:30:17.219+0000] {processor.py:830} INFO - Processing file /home/varn1t/ml-pipeline/venv/lib/python3.11/site-packages/airflow/example_dags/tutorial_taskflow_api.py for tasks to queue
[2026-05-24T14:30:17.220+0000] {logging_mixin.py:188} INFO - [2026-05-24T14:30:17.220+0000] {dagbag.py:545} INFO - Filling up the DagBag from /home/varn1t/ml-pipeline/venv/lib/python3.11/site-packages/airflow/example_dags/tutorial_taskflow_api.py
[2026-05-24T14:30:17.225+0000] {processor.py:840} INFO - DAG(s) 'tutorial_taskflow_api' retrieved from /home/varn1t/ml-pipeline/venv/lib/python3.11/site-packages/airflow/example_dags/tutorial_taskflow_api.py
[2026-05-24T14:30:17.236+0000] {logging_mixin.py:188} INFO - [2026-05-24T14:30:17.236+0000] {dag.py:3096} INFO - Sync 1 DAGs
[2026-05-24T14:30:17.242+0000] {logging_mixin.py:188} INFO - [2026-05-24T14:30:17.242+0000] {dag.py:3954} INFO - Setting next_dagrun for tutorial_taskflow_api to None, run_after=None
[2026-05-24T14:30:17.257+0000] {processor.py:183} INFO - Processing /home/varn1t/ml-pipeline/venv/lib/python3.11/site-packages/airflow/example_dags/tutorial_taskflow_api.py took 0.042 seconds
[2026-05-24T14:30:57.934+0000] {processor.py:161} INFO - Started process (PID=22790) to work on /home/varn1t/ml-pipeline/venv/lib/python3.11/site-packages/airflow/example_dags/tutorial_taskflow_api.py
[2026-05-24T14:30:57.935+0000] {processor.py:830} INFO - Processing file /home/varn1t/ml-pipeline/venv/lib/python3.11/site-packages/airflow/example_dags/tutorial_taskflow_api.py for tasks to queue
[2026-05-24T14:30:57.935+0000] {logging_mixin.py:188} INFO - [2026-05-24T14:30:57.935+0000] {dagbag.py:545} INFO - Filling up the DagBag from /home/varn1t/ml-pipeline/venv/lib/python3.11/site-packages/airflow/example_dags/tutorial_taskflow_api.py
[2026-05-24T14:30:57.940+0000] {processor.py:840} INFO - DAG(s) 'tutorial_taskflow_api' retrieved from /home/varn1t/ml-pipeline/venv/lib/python3.11/site-packages/airflow/example_dags/tutorial_taskflow_api.py
[2026-05-24T14:30:57.953+0000] {logging_mixin.py:188} INFO - [2026-05-24T14:30:57.953+0000] {dag.py:3096} INFO - Sync 1 DAGs
[2026-05-24T14:30:57.961+0000] {logging_mixin.py:188} INFO - [2026-05-24T14:30:57.961+0000] {dag.py:3954} INFO - Setting next_dagrun for tutorial_taskflow_api to None, run_after=None
[2026-05-24T14:30:57.978+0000] {processor.py:183} INFO - Processing /home/varn1t/ml-pipeline/venv/lib/python3.11/site-packages/airflow/example_dags/tutorial_taskflow_api.py took 0.049 seconds
[2026-05-24T14:31:41.052+0000] {processor.py:161} INFO - Started process (PID=22984) to work on /home/varn1t/ml-pipeline/venv/lib/python3.11/site-packages/airflow/example_dags/tutorial_taskflow_api.py
[2026-05-24T14:31:41.053+0000] {processor.py:830} INFO - Processing file /home/varn1t/ml-pipeline/venv/lib/python3.11/site-packages/airflow/example_dags/tutorial_taskflow_api.py for tasks to queue
[2026-05-24T14:31:41.054+0000] {logging_mixin.py:188} INFO - [2026-05-24T14:31:41.054+0000] {dagbag.py:545} INFO - Filling up the DagBag from /home/varn1t/ml-pipeline/venv/lib/python3.11/site-packages/airflow/example_dags/tutorial_taskflow_api.py
[2026-05-24T14:31:41.059+0000] {processor.py:840} INFO - DAG(s) 'tutorial_taskflow_api' retrieved from /home/varn1t/ml-pipeline/venv/lib/python3.11/site-packages/airflow/example_dags/tutorial_taskflow_api.py
[2026-05-24T14:31:41.072+0000] {logging_mixin.py:188} INFO - [2026-05-24T14:31:41.071+0000] {dag.py:3096} INFO - Sync 1 DAGs
[2026-05-24T14:31:41.080+0000] {logging_mixin.py:188} INFO - [2026-05-24T14:31:41.080+0000] {dag.py:3954} INFO - Setting next_dagrun for tutorial_taskflow_api to None, run_after=None
[2026-05-24T14:31:41.098+0000] {processor.py:183} INFO - Processing /home/varn1t/ml-pipeline/venv/lib/python3.11/site-packages/airflow/example_dags/tutorial_taskflow_api.py took 0.050 seconds
[2026-05-24T14:32:20.843+0000] {processor.py:161} INFO - Started process (PID=23161) to work on /home/varn1t/ml-pipeline/venv/lib/python3.11/site-packages/airflow/example_dags/tutorial_taskflow_api.py
[2026-05-24T14:32:20.843+0000] {processor.py:830} INFO - Processing file /home/varn1t/ml-pipeline/venv/lib/python3.11/site-packages/airflow/example_dags/tutorial_taskflow_api.py for tasks to queue
[2026-05-24T14:32:20.844+0000] {logging_mixin.py:188} INFO - [2026-05-24T14:32:20.844+0000] {dagbag.py:545} INFO - Filling up the DagBag from /home/varn1t/ml-pipeline/venv/lib/python3.11/site-packages/airflow/example_dags/tutorial_taskflow_api.py
[2026-05-24T14:32:20.848+0000] {processor.py:840} INFO - DAG(s) 'tutorial_taskflow_api' retrieved from /home/varn1t/ml-pipeline/venv/lib/python3.11/site-packages/airflow/example_dags/tutorial_taskflow_api.py
[2026-05-24T14:32:20.859+0000] {logging_mixin.py:188} INFO - [2026-05-24T14:32:20.859+0000] {dag.py:3096} INFO - Sync 1 DAGs
[2026-05-24T14:32:20.865+0000] {logging_mixin.py:188} INFO - [2026-05-24T14:32:20.865+0000] {dag.py:3954} INFO - Setting next_dagrun for tutorial_taskflow_api to None, run_after=None
[2026-05-24T14:32:20.879+0000] {processor.py:183} INFO - Processing /home/varn1t/ml-pipeline/venv/lib/python3.11/site-packages/airflow/example_dags/tutorial_taskflow_api.py took 0.041 seconds
[2026-05-24T14:33:04.196+0000] {processor.py:161} INFO - Started process (PID=23349) to work on /home/varn1t/ml-pipeline/venv/lib/python3.11/site-packages/airflow/example_dags/tutorial_taskflow_api.py
[2026-05-24T14:33:04.196+0000] {processor.py:830} INFO - Processing file /home/varn1t/ml-pipeline/venv/lib/python3.11/site-packages/airflow/example_dags/tutorial_taskflow_api.py for tasks to queue
[2026-05-24T14:33:04.197+0000] {logging_mixin.py:188} INFO - [2026-05-24T14:33:04.197+0000] {dagbag.py:545} INFO - Filling up the DagBag from /home/varn1t/ml-pipeline/venv/lib/python3.11/site-packages/airflow/example_dags/tutorial_taskflow_api.py
[2026-05-24T14:33:04.202+0000] {processor.py:840} INFO - DAG(s) 'tutorial_taskflow_api' retrieved from /home/varn1t/ml-pipeline/venv/lib/python3.11/site-packages/airflow/example_dags/tutorial_taskflow_api.py
[2026-05-24T14:33:04.212+0000] {logging_mixin.py:188} INFO - [2026-05-24T14:33:04.212+0000] {dag.py:3096} INFO - Sync 1 DAGs
[2026-05-24T14:33:04.219+0000] {logging_mixin.py:188} INFO - [2026-05-24T14:33:04.219+0000] {dag.py:3954} INFO - Setting next_dagrun for tutorial_taskflow_api to None, run_after=None
[2026-05-24T14:33:04.234+0000] {processor.py:183} INFO - Processing /home/varn1t/ml-pipeline/venv/lib/python3.11/site-packages/airflow/example_dags/tutorial_taskflow_api.py took 0.042 seconds
[2026-05-24T14:33:46.422+0000] {processor.py:161} INFO - Started process (PID=23563) to work on /home/varn1t/ml-pipeline/venv/lib/python3.11/site-packages/airflow/example_dags/tutorial_taskflow_api.py
[2026-05-24T14:33:46.423+0000] {processor.py:830} INFO - Processing file /home/varn1t/ml-pipeline/venv/lib/python3.11/site-packages/airflow/example_dags/tutorial_taskflow_api.py for tasks to queue
[2026-05-24T14:33:46.424+0000] {logging_mixin.py:188} INFO - [2026-05-24T14:33:46.424+0000] {dagbag.py:545} INFO - Filling up the DagBag from /home/varn1t/ml-pipeline/venv/lib/python3.11/site-packages/airflow/example_dags/tutorial_taskflow_api.py
[2026-05-24T14:33:46.429+0000] {processor.py:840} INFO - DAG(s) 'tutorial_taskflow_api' retrieved from /home/varn1t/ml-pipeline/venv/lib/python3.11/site-packages/airflow/example_dags/tutorial_taskflow_api.py
[2026-05-24T14:33:46.440+0000] {logging_mixin.py:188} INFO - [2026-05-24T14:33:46.440+0000] {dag.py:3096} INFO - Sync 1 DAGs
[2026-05-24T14:33:46.447+0000] {logging_mixin.py:188} INFO - [2026-05-24T14:33:46.447+0000] {dag.py:3954} INFO - Setting next_dagrun for tutorial_taskflow_api to None, run_after=None
[2026-05-24T14:33:46.463+0000] {processor.py:183} INFO - Processing /home/varn1t/ml-pipeline/venv/lib/python3.11/site-packages/airflow/example_dags/tutorial_taskflow_api.py took 0.048 seconds
[2026-05-24T14:34:26.840+0000] {processor.py:161} INFO - Started process (PID=23740) to work on /home/varn1t/ml-pipeline/venv/lib/python3.11/site-packages/airflow/example_dags/tutorial_taskflow_api.py
[2026-05-24T14:34:26.841+0000] {processor.py:830} INFO - Processing file /home/varn1t/ml-pipeline/venv/lib/python3.11/site-packages/airflow/example_dags/tutorial_taskflow_api.py for tasks to queue
[2026-05-24T14:34:26.841+0000] {logging_mixin.py:188} INFO - [2026-05-24T14:34:26.841+0000] {dagbag.py:545} INFO - Filling up the DagBag from /home/varn1t/ml-pipeline/venv/lib/python3.11/site-packages/airflow/example_dags/tutorial_taskflow_api.py
[2026-05-24T14:34:26.846+0000] {processor.py:840} INFO - DAG(s) 'tutorial_taskflow_api' retrieved from /home/varn1t/ml-pipeline/venv/lib/python3.11/site-packages/airflow/example_dags/tutorial_taskflow_api.py
[2026-05-24T14:34:26.859+0000] {logging_mixin.py:188} INFO - [2026-05-24T14:34:26.859+0000] {dag.py:3096} INFO - Sync 1 DAGs
[2026-05-24T14:34:26.867+0000] {logging_mixin.py:188} INFO - [2026-05-24T14:34:26.867+0000] {dag.py:3954} INFO - Setting next_dagrun for tutorial_taskflow_api to None, run_after=None
[2026-05-24T14:34:26.887+0000] {processor.py:183} INFO - Processing /home/varn1t/ml-pipeline/venv/lib/python3.11/site-packages/airflow/example_dags/tutorial_taskflow_api.py took 0.052 seconds
[2026-05-24T14:35:07.919+0000] {processor.py:161} INFO - Started process (PID=23921) to work on /home/varn1t/ml-pipeline/venv/lib/python3.11/site-packages/airflow/example_dags/tutorial_taskflow_api.py
[2026-05-24T14:35:07.920+0000] {processor.py:830} INFO - Processing file /home/varn1t/ml-pipeline/venv/lib/python3.11/site-packages/airflow/example_dags/tutorial_taskflow_api.py for tasks to queue
[2026-05-24T14:35:07.921+0000] {logging_mixin.py:188} INFO - [2026-05-24T14:35:07.921+0000] {dagbag.py:545} INFO - Filling up the DagBag from /home/varn1t/ml-pipeline/venv/lib/python3.11/site-packages/airflow/example_dags/tutorial_taskflow_api.py
[2026-05-24T14:35:07.926+0000] {processor.py:840} INFO - DAG(s) 'tutorial_taskflow_api' retrieved from /home/varn1t/ml-pipeline/venv/lib/python3.11/site-packages/airflow/example_dags/tutorial_taskflow_api.py
[2026-05-24T14:35:07.939+0000] {logging_mixin.py:188} INFO - [2026-05-24T14:35:07.939+0000] {dag.py:3096} INFO - Sync 1 DAGs
[2026-05-24T14:35:07.945+0000] {logging_mixin.py:188} INFO - [2026-05-24T14:35:07.945+0000] {dag.py:3954} INFO - Setting next_dagrun for tutorial_taskflow_api to None, run_after=None
[2026-05-24T14:35:07.959+0000] {processor.py:183} INFO - Processing /home/varn1t/ml-pipeline/venv/lib/python3.11/site-packages/airflow/example_dags/tutorial_taskflow_api.py took 0.044 seconds
[2026-05-24T14:35:49.614+0000] {processor.py:161} INFO - Started process (PID=24102) to work on /home/varn1t/ml-pipeline/venv/lib/python3.11/site-packages/airflow/example_dags/tutorial_taskflow_api.py
[2026-05-24T14:35:49.614+0000] {processor.py:830} INFO - Processing file /home/varn1t/ml-pipeline/venv/lib/python3.11/site-packages/airflow/example_dags/tutorial_taskflow_api.py for tasks to queue
[2026-05-24T14:35:49.615+0000] {logging_mixin.py:188} INFO - [2026-05-24T14:35:49.615+0000] {dagbag.py:545} INFO - Filling up the DagBag from /home/varn1t/ml-pipeline/venv/lib/python3.11/site-packages/airflow/example_dags/tutorial_taskflow_api.py
[2026-05-24T14:35:49.619+0000] {processor.py:840} INFO - DAG(s) 'tutorial_taskflow_api' retrieved from /home/varn1t/ml-pipeline/venv/lib/python3.11/site-packages/airflow/example_dags/tutorial_taskflow_api.py
[2026-05-24T14:35:49.631+0000] {logging_mixin.py:188} INFO - [2026-05-24T14:35:49.631+0000] {dag.py:3096} INFO - Sync 1 DAGs
[2026-05-24T14:35:49.640+0000] {logging_mixin.py:188} INFO - [2026-05-24T14:35:49.639+0000] {dag.py:3954} INFO - Setting next_dagrun for tutorial_taskflow_api to None, run_after=None
[2026-05-24T14:35:49.654+0000] {processor.py:183} INFO - Processing /home/varn1t/ml-pipeline/venv/lib/python3.11/site-packages/airflow/example_dags/tutorial_taskflow_api.py took 0.045 seconds
[2026-05-24T14:36:32.823+0000] {processor.py:161} INFO - Started process (PID=24297) to work on /home/varn1t/ml-pipeline/venv/lib/python3.11/site-packages/airflow/example_dags/tutorial_taskflow_api.py
[2026-05-24T14:36:32.824+0000] {processor.py:830} INFO - Processing file /home/varn1t/ml-pipeline/venv/lib/python3.11/site-packages/airflow/example_dags/tutorial_taskflow_api.py for tasks to queue
[2026-05-24T14:36:32.825+0000] {logging_mixin.py:188} INFO - [2026-05-24T14:36:32.824+0000] {dagbag.py:545} INFO - Filling up the DagBag from /home/varn1t/ml-pipeline/venv/lib/python3.11/site-packages/airflow/example_dags/tutorial_taskflow_api.py
[2026-05-24T14:36:32.830+0000] {processor.py:840} INFO - DAG(s) 'tutorial_taskflow_api' retrieved from /home/varn1t/ml-pipeline/venv/lib/python3.11/site-packages/airflow/example_dags/tutorial_taskflow_api.py
[2026-05-24T14:36:32.842+0000] {logging_mixin.py:188} INFO - [2026-05-24T14:36:32.842+0000] {dag.py:3096} INFO - Sync 1 DAGs
[2026-05-24T14:36:32.850+0000] {logging_mixin.py:188} INFO - [2026-05-24T14:36:32.850+0000] {dag.py:3954} INFO - Setting next_dagrun for tutorial_taskflow_api to None, run_after=None
[2026-05-24T14:36:32.868+0000] {processor.py:183} INFO - Processing /home/varn1t/ml-pipeline/venv/lib/python3.11/site-packages/airflow/example_dags/tutorial_taskflow_api.py took 0.049 seconds
[2026-05-24T14:37:14.580+0000] {processor.py:161} INFO - Started process (PID=24485) to work on /home/varn1t/ml-pipeline/venv/lib/python3.11/site-packages/airflow/example_dags/tutorial_taskflow_api.py
[2026-05-24T14:37:14.581+0000] {processor.py:830} INFO - Processing file /home/varn1t/ml-pipeline/venv/lib/python3.11/site-packages/airflow/example_dags/tutorial_taskflow_api.py for tasks to queue
[2026-05-24T14:37:14.581+0000] {logging_mixin.py:188} INFO - [2026-05-24T14:37:14.581+0000] {dagbag.py:545} INFO - Filling up the DagBag from /home/varn1t/ml-pipeline/venv/lib/python3.11/site-packages/airflow/example_dags/tutorial_taskflow_api.py
[2026-05-24T14:37:14.586+0000] {processor.py:840} INFO - DAG(s) 'tutorial_taskflow_api' retrieved from /home/varn1t/ml-pipeline/venv/lib/python3.11/site-packages/airflow/example_dags/tutorial_taskflow_api.py
[2026-05-24T14:37:14.598+0000] {logging_mixin.py:188} INFO - [2026-05-24T14:37:14.598+0000] {dag.py:3096} INFO - Sync 1 DAGs
[2026-05-24T14:37:14.605+0000] {logging_mixin.py:188} INFO - [2026-05-24T14:37:14.604+0000] {dag.py:3954} INFO - Setting next_dagrun for tutorial_taskflow_api to None, run_after=None
[2026-05-24T14:37:14.618+0000] {processor.py:183} INFO - Processing /home/varn1t/ml-pipeline/venv/lib/python3.11/site-packages/airflow/example_dags/tutorial_taskflow_api.py took 0.043 seconds
[2026-05-24T14:37:52.949+0000] {processor.py:161} INFO - Started process (PID=24679) to work on /home/varn1t/ml-pipeline/venv/lib/python3.11/site-packages/airflow/example_dags/tutorial_taskflow_api.py
[2026-05-24T14:37:52.950+0000] {processor.py:830} INFO - Processing file /home/varn1t/ml-pipeline/venv/lib/python3.11/site-packages/airflow/example_dags/tutorial_taskflow_api.py for tasks to queue
[2026-05-24T14:37:52.951+0000] {logging_mixin.py:188} INFO - [2026-05-24T14:37:52.950+0000] {dagbag.py:545} INFO - Filling up the DagBag from /home/varn1t/ml-pipeline/venv/lib/python3.11/site-packages/airflow/example_dags/tutorial_taskflow_api.py
[2026-05-24T14:37:52.957+0000] {processor.py:840} INFO - DAG(s) 'tutorial_taskflow_api' retrieved from /home/varn1t/ml-pipeline/venv/lib/python3.11/site-packages/airflow/example_dags/tutorial_taskflow_api.py
[2026-05-24T14:37:52.967+0000] {logging_mixin.py:188} INFO - [2026-05-24T14:37:52.967+0000] {dag.py:3096} INFO - Sync 1 DAGs
[2026-05-24T14:37:52.974+0000] {logging_mixin.py:188} INFO - [2026-05-24T14:37:52.974+0000] {dag.py:3954} INFO - Setting next_dagrun for tutorial_taskflow_api to None, run_after=None
[2026-05-24T14:37:52.992+0000] {processor.py:183} INFO - Processing /home/varn1t/ml-pipeline/venv/lib/python3.11/site-packages/airflow/example_dags/tutorial_taskflow_api.py took 0.048 seconds
[2026-05-24T14:38:33.879+0000] {processor.py:161} INFO - Started process (PID=24891) to work on /home/varn1t/ml-pipeline/venv/lib/python3.11/site-packages/airflow/example_dags/tutorial_taskflow_api.py
[2026-05-24T14:38:33.880+0000] {processor.py:830} INFO - Processing file /home/varn1t/ml-pipeline/venv/lib/python3.11/site-packages/airflow/example_dags/tutorial_taskflow_api.py for tasks to queue
[2026-05-24T14:38:33.880+0000] {logging_mixin.py:188} INFO - [2026-05-24T14:38:33.880+0000] {dagbag.py:545} INFO - Filling up the DagBag from /home/varn1t/ml-pipeline/venv/lib/python3.11/site-packages/airflow/example_dags/tutorial_taskflow_api.py
[2026-05-24T14:38:33.886+0000] {processor.py:840} INFO - DAG(s) 'tutorial_taskflow_api' retrieved from /home/varn1t/ml-pipeline/venv/lib/python3.11/site-packages/airflow/example_dags/tutorial_taskflow_api.py
[2026-05-24T14:38:33.897+0000] {logging_mixin.py:188} INFO - [2026-05-24T14:38:33.897+0000] {dag.py:3096} INFO - Sync 1 DAGs
[2026-05-24T14:38:33.903+0000] {logging_mixin.py:188} INFO - [2026-05-24T14:38:33.903+0000] {dag.py:3954} INFO - Setting next_dagrun for tutorial_taskflow_api to None, run_after=None
[2026-05-24T14:38:33.920+0000] {processor.py:183} INFO - Processing /home/varn1t/ml-pipeline/venv/lib/python3.11/site-packages/airflow/example_dags/tutorial_taskflow_api.py took 0.045 seconds
[2026-05-24T14:39:13.265+0000] {processor.py:161} INFO - Started process (PID=25064) to work on /home/varn1t/ml-pipeline/venv/lib/python3.11/site-packages/airflow/example_dags/tutorial_taskflow_api.py
[2026-05-24T14:39:13.266+0000] {processor.py:830} INFO - Processing file /home/varn1t/ml-pipeline/venv/lib/python3.11/site-packages/airflow/example_dags/tutorial_taskflow_api.py for tasks to queue
[2026-05-24T14:39:13.266+0000] {logging_mixin.py:188} INFO - [2026-05-24T14:39:13.266+0000] {dagbag.py:545} INFO - Filling up the DagBag from /home/varn1t/ml-pipeline/venv/lib/python3.11/site-packages/airflow/example_dags/tutorial_taskflow_api.py
[2026-05-24T14:39:13.271+0000] {processor.py:840} INFO - DAG(s) 'tutorial_taskflow_api' retrieved from /home/varn1t/ml-pipeline/venv/lib/python3.11/site-packages/airflow/example_dags/tutorial_taskflow_api.py
[2026-05-24T14:39:13.282+0000] {logging_mixin.py:188} INFO - [2026-05-24T14:39:13.282+0000] {dag.py:3096} INFO - Sync 1 DAGs
[2026-05-24T14:39:13.289+0000] {logging_mixin.py:188} INFO - [2026-05-24T14:39:13.289+0000] {dag.py:3954} INFO - Setting next_dagrun for tutorial_taskflow_api to None, run_after=None
[2026-05-24T14:39:13.305+0000] {processor.py:183} INFO - Processing /home/varn1t/ml-pipeline/venv/lib/python3.11/site-packages/airflow/example_dags/tutorial_taskflow_api.py took 0.046 seconds
[2026-05-24T14:39:56.622+0000] {processor.py:161} INFO - Started process (PID=25252) to work on /home/varn1t/ml-pipeline/venv/lib/python3.11/site-packages/airflow/example_dags/tutorial_taskflow_api.py
[2026-05-24T14:39:56.623+0000] {processor.py:830} INFO - Processing file /home/varn1t/ml-pipeline/venv/lib/python3.11/site-packages/airflow/example_dags/tutorial_taskflow_api.py for tasks to queue
[2026-05-24T14:39:56.623+0000] {logging_mixin.py:188} INFO - [2026-05-24T14:39:56.623+0000] {dagbag.py:545} INFO - Filling up the DagBag from /home/varn1t/ml-pipeline/venv/lib/python3.11/site-packages/airflow/example_dags/tutorial_taskflow_api.py
[2026-05-24T14:39:56.629+0000] {processor.py:840} INFO - DAG(s) 'tutorial_taskflow_api' retrieved from /home/varn1t/ml-pipeline/venv/lib/python3.11/site-packages/airflow/example_dags/tutorial_taskflow_api.py
[2026-05-24T14:39:56.643+0000] {logging_mixin.py:188} INFO - [2026-05-24T14:39:56.643+0000] {dag.py:3096} INFO - Sync 1 DAGs
[2026-05-24T14:39:56.653+0000] {logging_mixin.py:188} INFO - [2026-05-24T14:39:56.653+0000] {dag.py:3954} INFO - Setting next_dagrun for tutorial_taskflow_api to None, run_after=None
[2026-05-24T14:39:56.670+0000] {processor.py:183} INFO - Processing /home/varn1t/ml-pipeline/venv/lib/python3.11/site-packages/airflow/example_dags/tutorial_taskflow_api.py took 0.053 seconds
[2026-05-24T14:40:41.279+0000] {processor.py:161} INFO - Started process (PID=25447) to work on /home/varn1t/ml-pipeline/venv/lib/python3.11/site-packages/airflow/example_dags/tutorial_taskflow_api.py
[2026-05-24T14:40:41.280+0000] {processor.py:830} INFO - Processing file /home/varn1t/ml-pipeline/venv/lib/python3.11/site-packages/airflow/example_dags/tutorial_taskflow_api.py for tasks to queue
[2026-05-24T14:40:41.281+0000] {logging_mixin.py:188} INFO - [2026-05-24T14:40:41.281+0000] {dagbag.py:545} INFO - Filling up the DagBag from /home/varn1t/ml-pipeline/venv/lib/python3.11/site-packages/airflow/example_dags/tutorial_taskflow_api.py
[2026-05-24T14:40:41.287+0000] {processor.py:840} INFO - DAG(s) 'tutorial_taskflow_api' retrieved from /home/varn1t/ml-pipeline/venv/lib/python3.11/site-packages/airflow/example_dags/tutorial_taskflow_api.py
[2026-05-24T14:40:41.297+0000] {logging_mixin.py:188} INFO - [2026-05-24T14:40:41.297+0000] {dag.py:3096} INFO - Sync 1 DAGs
[2026-05-24T14:40:41.304+0000] {logging_mixin.py:188} INFO - [2026-05-24T14:40:41.303+0000] {dag.py:3954} INFO - Setting next_dagrun for tutorial_taskflow_api to None, run_after=None
[2026-05-24T14:40:41.322+0000] {processor.py:183} INFO - Processing /home/varn1t/ml-pipeline/venv/lib/python3.11/site-packages/airflow/example_dags/tutorial_taskflow_api.py took 0.047 seconds
[2026-05-24T14:41:29.212+0000] {processor.py:161} INFO - Started process (PID=25656) to work on /home/varn1t/ml-pipeline/venv/lib/python3.11/site-packages/airflow/example_dags/tutorial_taskflow_api.py
[2026-05-24T14:41:29.213+0000] {processor.py:830} INFO - Processing file /home/varn1t/ml-pipeline/venv/lib/python3.11/site-packages/airflow/example_dags/tutorial_taskflow_api.py for tasks to queue
[2026-05-24T14:41:29.213+0000] {logging_mixin.py:188} INFO - [2026-05-24T14:41:29.213+0000] {dagbag.py:545} INFO - Filling up the DagBag from /home/varn1t/ml-pipeline/venv/lib/python3.11/site-packages/airflow/example_dags/tutorial_taskflow_api.py
[2026-05-24T14:41:29.217+0000] {processor.py:840} INFO - DAG(s) 'tutorial_taskflow_api' retrieved from /home/varn1t/ml-pipeline/venv/lib/python3.11/site-packages/airflow/example_dags/tutorial_taskflow_api.py
[2026-05-24T14:41:29.228+0000] {logging_mixin.py:188} INFO - [2026-05-24T14:41:29.228+0000] {dag.py:3096} INFO - Sync 1 DAGs
[2026-05-24T14:41:29.235+0000] {logging_mixin.py:188} INFO - [2026-05-24T14:41:29.234+0000] {dag.py:3954} INFO - Setting next_dagrun for tutorial_taskflow_api to None, run_after=None
[2026-05-24T14:41:29.253+0000] {processor.py:183} INFO - Processing /home/varn1t/ml-pipeline/venv/lib/python3.11/site-packages/airflow/example_dags/tutorial_taskflow_api.py took 0.046 seconds
[2026-05-24T14:42:15.439+0000] {processor.py:161} INFO - Started process (PID=25856) to work on /home/varn1t/ml-pipeline/venv/lib/python3.11/site-packages/airflow/example_dags/tutorial_taskflow_api.py
[2026-05-24T14:42:15.440+0000] {processor.py:830} INFO - Processing file /home/varn1t/ml-pipeline/venv/lib/python3.11/site-packages/airflow/example_dags/tutorial_taskflow_api.py for tasks to queue
[2026-05-24T14:42:15.441+0000] {logging_mixin.py:188} INFO - [2026-05-24T14:42:15.441+0000] {dagbag.py:545} INFO - Filling up the DagBag from /home/varn1t/ml-pipeline/venv/lib/python3.11/site-packages/airflow/example_dags/tutorial_taskflow_api.py
[2026-05-24T14:42:15.446+0000] {processor.py:840} INFO - DAG(s) 'tutorial_taskflow_api' retrieved from /home/varn1t/ml-pipeline/venv/lib/python3.11/site-packages/airflow/example_dags/tutorial_taskflow_api.py
[2026-05-24T14:42:15.461+0000] {logging_mixin.py:188} INFO - [2026-05-24T14:42:15.460+0000] {dag.py:3096} INFO - Sync 1 DAGs
[2026-05-24T14:42:15.469+0000] {logging_mixin.py:188} INFO - [2026-05-24T14:42:15.469+0000] {dag.py:3954} INFO - Setting next_dagrun for tutorial_taskflow_api to None, run_after=None
[2026-05-24T14:42:15.594+0000] {processor.py:183} INFO - Processing /home/varn1t/ml-pipeline/venv/lib/python3.11/site-packages/airflow/example_dags/tutorial_taskflow_api.py took 0.159 seconds
[2026-05-24T14:43:03.079+0000] {processor.py:161} INFO - Started process (PID=26066) to work on /home/varn1t/ml-pipeline/venv/lib/python3.11/site-packages/airflow/example_dags/tutorial_taskflow_api.py
[2026-05-24T14:43:03.080+0000] {processor.py:830} INFO - Processing file /home/varn1t/ml-pipeline/venv/lib/python3.11/site-packages/airflow/example_dags/tutorial_taskflow_api.py for tasks to queue
[2026-05-24T14:43:03.080+0000] {logging_mixin.py:188} INFO - [2026-05-24T14:43:03.080+0000] {dagbag.py:545} INFO - Filling up the DagBag from /home/varn1t/ml-pipeline/venv/lib/python3.11/site-packages/airflow/example_dags/tutorial_taskflow_api.py
[2026-05-24T14:43:03.085+0000] {processor.py:840} INFO - DAG(s) 'tutorial_taskflow_api' retrieved from /home/varn1t/ml-pipeline/venv/lib/python3.11/site-packages/airflow/example_dags/tutorial_taskflow_api.py
[2026-05-24T14:43:03.098+0000] {logging_mixin.py:188} INFO - [2026-05-24T14:43:03.098+0000] {dag.py:3096} INFO - Sync 1 DAGs
[2026-05-24T14:43:03.104+0000] {logging_mixin.py:188} INFO - [2026-05-24T14:43:03.104+0000] {dag.py:3954} INFO - Setting next_dagrun for tutorial_taskflow_api to None, run_after=None
[2026-05-24T14:43:03.123+0000] {processor.py:183} INFO - Processing /home/varn1t/ml-pipeline/venv/lib/python3.11/site-packages/airflow/example_dags/tutorial_taskflow_api.py took 0.048 seconds
[2026-05-24T14:43:42.420+0000] {processor.py:161} INFO - Started process (PID=26269) to work on /home/varn1t/ml-pipeline/venv/lib/python3.11/site-packages/airflow/example_dags/tutorial_taskflow_api.py
[2026-05-24T14:43:42.421+0000] {processor.py:830} INFO - Processing file /home/varn1t/ml-pipeline/venv/lib/python3.11/site-packages/airflow/example_dags/tutorial_taskflow_api.py for tasks to queue
[2026-05-24T14:43:42.422+0000] {logging_mixin.py:188} INFO - [2026-05-24T14:43:42.422+0000] {dagbag.py:545} INFO - Filling up the DagBag from /home/varn1t/ml-pipeline/venv/lib/python3.11/site-packages/airflow/example_dags/tutorial_taskflow_api.py
[2026-05-24T14:43:42.427+0000] {processor.py:840} INFO - DAG(s) 'tutorial_taskflow_api' retrieved from /home/varn1t/ml-pipeline/venv/lib/python3.11/site-packages/airflow/example_dags/tutorial_taskflow_api.py
[2026-05-24T14:43:42.438+0000] {logging_mixin.py:188} INFO - [2026-05-24T14:43:42.438+0000] {dag.py:3096} INFO - Sync 1 DAGs
[2026-05-24T14:43:42.445+0000] {logging_mixin.py:188} INFO - [2026-05-24T14:43:42.445+0000] {dag.py:3954} INFO - Setting next_dagrun for tutorial_taskflow_api to None, run_after=None
[2026-05-24T14:43:42.464+0000] {processor.py:183} INFO - Processing /home/varn1t/ml-pipeline/venv/lib/python3.11/site-packages/airflow/example_dags/tutorial_taskflow_api.py took 0.048 seconds
[2026-05-24T14:44:25.740+0000] {processor.py:161} INFO - Started process (PID=26466) to work on /home/varn1t/ml-pipeline/venv/lib/python3.11/site-packages/airflow/example_dags/tutorial_taskflow_api.py
[2026-05-24T14:44:25.741+0000] {processor.py:830} INFO - Processing file /home/varn1t/ml-pipeline/venv/lib/python3.11/site-packages/airflow/example_dags/tutorial_taskflow_api.py for tasks to queue
[2026-05-24T14:44:25.742+0000] {logging_mixin.py:188} INFO - [2026-05-24T14:44:25.742+0000] {dagbag.py:545} INFO - Filling up the DagBag from /home/varn1t/ml-pipeline/venv/lib/python3.11/site-packages/airflow/example_dags/tutorial_taskflow_api.py
[2026-05-24T14:44:25.747+0000] {processor.py:840} INFO - DAG(s) 'tutorial_taskflow_api' retrieved from /home/varn1t/ml-pipeline/venv/lib/python3.11/site-packages/airflow/example_dags/tutorial_taskflow_api.py
[2026-05-24T14:44:25.760+0000] {logging_mixin.py:188} INFO - [2026-05-24T14:44:25.760+0000] {dag.py:3096} INFO - Sync 1 DAGs
[2026-05-24T14:44:25.767+0000] {logging_mixin.py:188} INFO - [2026-05-24T14:44:25.767+0000] {dag.py:3954} INFO - Setting next_dagrun for tutorial_taskflow_api to None, run_after=None
[2026-05-24T14:44:25.786+0000] {processor.py:183} INFO - Processing /home/varn1t/ml-pipeline/venv/lib/python3.11/site-packages/airflow/example_dags/tutorial_taskflow_api.py took 0.050 seconds
[2026-05-24T14:45:05.689+0000] {processor.py:161} INFO - Started process (PID=26649) to work on /home/varn1t/ml-pipeline/venv/lib/python3.11/site-packages/airflow/example_dags/tutorial_taskflow_api.py
[2026-05-24T14:45:05.691+0000] {processor.py:830} INFO - Processing file /home/varn1t/ml-pipeline/venv/lib/python3.11/site-packages/airflow/example_dags/tutorial_taskflow_api.py for tasks to queue
[2026-05-24T14:45:05.691+0000] {logging_mixin.py:188} INFO - [2026-05-24T14:45:05.691+0000] {dagbag.py:545} INFO - Filling up the DagBag from /home/varn1t/ml-pipeline/venv/lib/python3.11/site-packages/airflow/example_dags/tutorial_taskflow_api.py
[2026-05-24T14:45:05.697+0000] {processor.py:840} INFO - DAG(s) 'tutorial_taskflow_api' retrieved from /home/varn1t/ml-pipeline/venv/lib/python3.11/site-packages/airflow/example_dags/tutorial_taskflow_api.py
[2026-05-24T14:45:05.712+0000] {logging_mixin.py:188} INFO - [2026-05-24T14:45:05.711+0000] {dag.py:3096} INFO - Sync 1 DAGs
[2026-05-24T14:45:05.721+0000] {logging_mixin.py:188} INFO - [2026-05-24T14:45:05.721+0000] {dag.py:3954} INFO - Setting next_dagrun for tutorial_taskflow_api to None, run_after=None
[2026-05-24T14:45:05.739+0000] {processor.py:183} INFO - Processing /home/varn1t/ml-pipeline/venv/lib/python3.11/site-packages/airflow/example_dags/tutorial_taskflow_api.py took 0.056 seconds
[2026-05-24T14:45:45.624+0000] {processor.py:161} INFO - Started process (PID=26822) to work on /home/varn1t/ml-pipeline/venv/lib/python3.11/site-packages/airflow/example_dags/tutorial_taskflow_api.py
[2026-05-24T14:45:45.625+0000] {processor.py:830} INFO - Processing file /home/varn1t/ml-pipeline/venv/lib/python3.11/site-packages/airflow/example_dags/tutorial_taskflow_api.py for tasks to queue
[2026-05-24T14:45:45.625+0000] {logging_mixin.py:188} INFO - [2026-05-24T14:45:45.625+0000] {dagbag.py:545} INFO - Filling up the DagBag from /home/varn1t/ml-pipeline/venv/lib/python3.11/site-packages/airflow/example_dags/tutorial_taskflow_api.py
[2026-05-24T14:45:45.631+0000] {processor.py:840} INFO - DAG(s) 'tutorial_taskflow_api' retrieved from /home/varn1t/ml-pipeline/venv/lib/python3.11/site-packages/airflow/example_dags/tutorial_taskflow_api.py
[2026-05-24T14:45:45.642+0000] {logging_mixin.py:188} INFO - [2026-05-24T14:45:45.642+0000] {dag.py:3096} INFO - Sync 1 DAGs
[2026-05-24T14:45:45.649+0000] {logging_mixin.py:188} INFO - [2026-05-24T14:45:45.649+0000] {dag.py:3954} INFO - Setting next_dagrun for tutorial_taskflow_api to None, run_after=None
[2026-05-24T14:45:45.665+0000] {processor.py:183} INFO - Processing /home/varn1t/ml-pipeline/venv/lib/python3.11/site-packages/airflow/example_dags/tutorial_taskflow_api.py took 0.046 seconds
[2026-05-24T14:46:30.374+0000] {processor.py:161} INFO - Started process (PID=27030) to work on /home/varn1t/ml-pipeline/venv/lib/python3.11/site-packages/airflow/example_dags/tutorial_taskflow_api.py
[2026-05-24T14:46:30.375+0000] {processor.py:830} INFO - Processing file /home/varn1t/ml-pipeline/venv/lib/python3.11/site-packages/airflow/example_dags/tutorial_taskflow_api.py for tasks to queue
[2026-05-24T14:46:30.376+0000] {logging_mixin.py:188} INFO - [2026-05-24T14:46:30.375+0000] {dagbag.py:545} INFO - Filling up the DagBag from /home/varn1t/ml-pipeline/venv/lib/python3.11/site-packages/airflow/example_dags/tutorial_taskflow_api.py
[2026-05-24T14:46:30.381+0000] {processor.py:840} INFO - DAG(s) 'tutorial_taskflow_api' retrieved from /home/varn1t/ml-pipeline/venv/lib/python3.11/site-packages/airflow/example_dags/tutorial_taskflow_api.py
[2026-05-24T14:46:30.392+0000] {logging_mixin.py:188} INFO - [2026-05-24T14:46:30.391+0000] {dag.py:3096} INFO - Sync 1 DAGs
[2026-05-24T14:46:30.398+0000] {logging_mixin.py:188} INFO - [2026-05-24T14:46:30.398+0000] {dag.py:3954} INFO - Setting next_dagrun for tutorial_taskflow_api to None, run_after=None
[2026-05-24T14:46:30.414+0000] {processor.py:183} INFO - Processing /home/varn1t/ml-pipeline/venv/lib/python3.11/site-packages/airflow/example_dags/tutorial_taskflow_api.py took 0.045 seconds
[2026-05-24T14:47:11.886+0000] {processor.py:161} INFO - Started process (PID=27222) to work on /home/varn1t/ml-pipeline/venv/lib/python3.11/site-packages/airflow/example_dags/tutorial_taskflow_api.py
[2026-05-24T14:47:11.887+0000] {processor.py:830} INFO - Processing file /home/varn1t/ml-pipeline/venv/lib/python3.11/site-packages/airflow/example_dags/tutorial_taskflow_api.py for tasks to queue
[2026-05-24T14:47:11.888+0000] {logging_mixin.py:188} INFO - [2026-05-24T14:47:11.888+0000] {dagbag.py:545} INFO - Filling up the DagBag from /home/varn1t/ml-pipeline/venv/lib/python3.11/site-packages/airflow/example_dags/tutorial_taskflow_api.py
[2026-05-24T14:47:11.893+0000] {processor.py:840} INFO - DAG(s) 'tutorial_taskflow_api' retrieved from /home/varn1t/ml-pipeline/venv/lib/python3.11/site-packages/airflow/example_dags/tutorial_taskflow_api.py
[2026-05-24T14:47:11.903+0000] {logging_mixin.py:188} INFO - [2026-05-24T14:47:11.903+0000] {dag.py:3096} INFO - Sync 1 DAGs
[2026-05-24T14:47:11.910+0000] {logging_mixin.py:188} INFO - [2026-05-24T14:47:11.910+0000] {dag.py:3954} INFO - Setting next_dagrun for tutorial_taskflow_api to None, run_after=None
[2026-05-24T14:47:11.926+0000] {processor.py:183} INFO - Processing /home/varn1t/ml-pipeline/venv/lib/python3.11/site-packages/airflow/example_dags/tutorial_taskflow_api.py took 0.045 seconds
[2026-05-24T14:47:56.503+0000] {processor.py:161} INFO - Started process (PID=27421) to work on /home/varn1t/ml-pipeline/venv/lib/python3.11/site-packages/airflow/example_dags/tutorial_taskflow_api.py
[2026-05-24T14:47:56.503+0000] {processor.py:830} INFO - Processing file /home/varn1t/ml-pipeline/venv/lib/python3.11/site-packages/airflow/example_dags/tutorial_taskflow_api.py for tasks to queue
[2026-05-24T14:47:56.504+0000] {logging_mixin.py:188} INFO - [2026-05-24T14:47:56.504+0000] {dagbag.py:545} INFO - Filling up the DagBag from /home/varn1t/ml-pipeline/venv/lib/python3.11/site-packages/airflow/example_dags/tutorial_taskflow_api.py
[2026-05-24T14:47:56.509+0000] {processor.py:840} INFO - DAG(s) 'tutorial_taskflow_api' retrieved from /home/varn1t/ml-pipeline/venv/lib/python3.11/site-packages/airflow/example_dags/tutorial_taskflow_api.py
[2026-05-24T14:47:56.519+0000] {logging_mixin.py:188} INFO - [2026-05-24T14:47:56.519+0000] {dag.py:3096} INFO - Sync 1 DAGs
[2026-05-24T14:47:56.526+0000] {logging_mixin.py:188} INFO - [2026-05-24T14:47:56.526+0000] {dag.py:3954} INFO - Setting next_dagrun for tutorial_taskflow_api to None, run_after=None
[2026-05-24T14:47:56.543+0000] {processor.py:183} INFO - Processing /home/varn1t/ml-pipeline/venv/lib/python3.11/site-packages/airflow/example_dags/tutorial_taskflow_api.py took 0.044 seconds
[2026-05-24T14:48:34.141+0000] {processor.py:161} INFO - Started process (PID=27626) to work on /home/varn1t/ml-pipeline/venv/lib/python3.11/site-packages/airflow/example_dags/tutorial_taskflow_api.py
[2026-05-24T14:48:34.142+0000] {processor.py:830} INFO - Processing file /home/varn1t/ml-pipeline/venv/lib/python3.11/site-packages/airflow/example_dags/tutorial_taskflow_api.py for tasks to queue
[2026-05-24T14:48:34.143+0000] {logging_mixin.py:188} INFO - [2026-05-24T14:48:34.143+0000] {dagbag.py:545} INFO - Filling up the DagBag from /home/varn1t/ml-pipeline/venv/lib/python3.11/site-packages/airflow/example_dags/tutorial_taskflow_api.py
[2026-05-24T14:48:34.148+0000] {processor.py:840} INFO - DAG(s) 'tutorial_taskflow_api' retrieved from /home/varn1t/ml-pipeline/venv/lib/python3.11/site-packages/airflow/example_dags/tutorial_taskflow_api.py
[2026-05-24T14:48:34.161+0000] {logging_mixin.py:188} INFO - [2026-05-24T14:48:34.160+0000] {dag.py:3096} INFO - Sync 1 DAGs
[2026-05-24T14:48:34.167+0000] {logging_mixin.py:188} INFO - [2026-05-24T14:48:34.167+0000] {dag.py:3954} INFO - Setting next_dagrun for tutorial_taskflow_api to None, run_after=None
[2026-05-24T14:48:34.186+0000] {processor.py:183} INFO - Processing /home/varn1t/ml-pipeline/venv/lib/python3.11/site-packages/airflow/example_dags/tutorial_taskflow_api.py took 0.051 seconds
[2026-05-24T14:49:13.575+0000] {processor.py:161} INFO - Started process (PID=27804) to work on /home/varn1t/ml-pipeline/venv/lib/python3.11/site-packages/airflow/example_dags/tutorial_taskflow_api.py
[2026-05-24T14:49:13.577+0000] {processor.py:830} INFO - Processing file /home/varn1t/ml-pipeline/venv/lib/python3.11/site-packages/airflow/example_dags/tutorial_taskflow_api.py for tasks to queue
[2026-05-24T14:49:13.578+0000] {logging_mixin.py:188} INFO - [2026-05-24T14:49:13.578+0000] {dagbag.py:545} INFO - Filling up the DagBag from /home/varn1t/ml-pipeline/venv/lib/python3.11/site-packages/airflow/example_dags/tutorial_taskflow_api.py
[2026-05-24T14:49:13.584+0000] {processor.py:840} INFO - DAG(s) 'tutorial_taskflow_api' retrieved from /home/varn1t/ml-pipeline/venv/lib/python3.11/site-packages/airflow/example_dags/tutorial_taskflow_api.py
[2026-05-24T14:49:13.597+0000] {logging_mixin.py:188} INFO - [2026-05-24T14:49:13.596+0000] {dag.py:3096} INFO - Sync 1 DAGs
[2026-05-24T14:49:13.604+0000] {logging_mixin.py:188} INFO - [2026-05-24T14:49:13.604+0000] {dag.py:3954} INFO - Setting next_dagrun for tutorial_taskflow_api to None, run_after=None
[2026-05-24T14:49:13.623+0000] {processor.py:183} INFO - Processing /home/varn1t/ml-pipeline/venv/lib/python3.11/site-packages/airflow/example_dags/tutorial_taskflow_api.py took 0.053 seconds
[2026-05-24T14:49:53.563+0000] {processor.py:161} INFO - Started process (PID=27988) to work on /home/varn1t/ml-pipeline/venv/lib/python3.11/site-packages/airflow/example_dags/tutorial_taskflow_api.py
[2026-05-24T14:49:53.566+0000] {processor.py:830} INFO - Processing file /home/varn1t/ml-pipeline/venv/lib/python3.11/site-packages/airflow/example_dags/tutorial_taskflow_api.py for tasks to queue
[2026-05-24T14:49:53.566+0000] {logging_mixin.py:188} INFO - [2026-05-24T14:49:53.566+0000] {dagbag.py:545} INFO - Filling up the DagBag from /home/varn1t/ml-pipeline/venv/lib/python3.11/site-packages/airflow/example_dags/tutorial_taskflow_api.py
[2026-05-24T14:49:53.571+0000] {processor.py:840} INFO - DAG(s) 'tutorial_taskflow_api' retrieved from /home/varn1t/ml-pipeline/venv/lib/python3.11/site-packages/airflow/example_dags/tutorial_taskflow_api.py
[2026-05-24T14:49:53.585+0000] {logging_mixin.py:188} INFO - [2026-05-24T14:49:53.584+0000] {dag.py:3096} INFO - Sync 1 DAGs
[2026-05-24T14:49:53.593+0000] {logging_mixin.py:188} INFO - [2026-05-24T14:49:53.593+0000] {dag.py:3954} INFO - Setting next_dagrun for tutorial_taskflow_api to None, run_after=None
[2026-05-24T14:49:53.611+0000] {processor.py:183} INFO - Processing /home/varn1t/ml-pipeline/venv/lib/python3.11/site-packages/airflow/example_dags/tutorial_taskflow_api.py took 0.052 seconds
[2026-05-24T14:50:36.472+0000] {processor.py:161} INFO - Started process (PID=28179) to work on /home/varn1t/ml-pipeline/venv/lib/python3.11/site-packages/airflow/example_dags/tutorial_taskflow_api.py
[2026-05-24T14:50:36.474+0000] {processor.py:830} INFO - Processing file /home/varn1t/ml-pipeline/venv/lib/python3.11/site-packages/airflow/example_dags/tutorial_taskflow_api.py for tasks to queue
[2026-05-24T14:50:36.474+0000] {logging_mixin.py:188} INFO - [2026-05-24T14:50:36.474+0000] {dagbag.py:545} INFO - Filling up the DagBag from /home/varn1t/ml-pipeline/venv/lib/python3.11/site-packages/airflow/example_dags/tutorial_taskflow_api.py
[2026-05-24T14:50:36.481+0000] {processor.py:840} INFO - DAG(s) 'tutorial_taskflow_api' retrieved from /home/varn1t/ml-pipeline/venv/lib/python3.11/site-packages/airflow/example_dags/tutorial_taskflow_api.py
[2026-05-24T14:50:36.496+0000] {logging_mixin.py:188} INFO - [2026-05-24T14:50:36.496+0000] {dag.py:3096} INFO - Sync 1 DAGs
[2026-05-24T14:50:36.506+0000] {logging_mixin.py:188} INFO - [2026-05-24T14:50:36.506+0000] {dag.py:3954} INFO - Setting next_dagrun for tutorial_taskflow_api to None, run_after=None
[2026-05-24T14:50:36.527+0000] {processor.py:183} INFO - Processing /home/varn1t/ml-pipeline/venv/lib/python3.11/site-packages/airflow/example_dags/tutorial_taskflow_api.py took 0.062 seconds
[2026-05-24T14:51:19.489+0000] {processor.py:161} INFO - Started process (PID=28366) to work on /home/varn1t/ml-pipeline/venv/lib/python3.11/site-packages/airflow/example_dags/tutorial_taskflow_api.py
[2026-05-24T14:51:19.490+0000] {processor.py:830} INFO - Processing file /home/varn1t/ml-pipeline/venv/lib/python3.11/site-packages/airflow/example_dags/tutorial_taskflow_api.py for tasks to queue
[2026-05-24T14:51:19.491+0000] {logging_mixin.py:188} INFO - [2026-05-24T14:51:19.490+0000] {dagbag.py:545} INFO - Filling up the DagBag from /home/varn1t/ml-pipeline/venv/lib/python3.11/site-packages/airflow/example_dags/tutorial_taskflow_api.py
[2026-05-24T14:51:19.495+0000] {processor.py:840} INFO - DAG(s) 'tutorial_taskflow_api' retrieved from /home/varn1t/ml-pipeline/venv/lib/python3.11/site-packages/airflow/example_dags/tutorial_taskflow_api.py
[2026-05-24T14:51:19.507+0000] {logging_mixin.py:188} INFO - [2026-05-24T14:51:19.507+0000] {dag.py:3096} INFO - Sync 1 DAGs
[2026-05-24T14:51:19.514+0000] {logging_mixin.py:188} INFO - [2026-05-24T14:51:19.514+0000] {dag.py:3954} INFO - Setting next_dagrun for tutorial_taskflow_api to None, run_after=None
[2026-05-24T14:51:19.530+0000] {processor.py:183} INFO - Processing /home/varn1t/ml-pipeline/venv/lib/python3.11/site-packages/airflow/example_dags/tutorial_taskflow_api.py took 0.046 seconds
[2026-05-24T14:52:04.868+0000] {processor.py:161} INFO - Started process (PID=28569) to work on /home/varn1t/ml-pipeline/venv/lib/python3.11/site-packages/airflow/example_dags/tutorial_taskflow_api.py
[2026-05-24T14:52:04.869+0000] {processor.py:830} INFO - Processing file /home/varn1t/ml-pipeline/venv/lib/python3.11/site-packages/airflow/example_dags/tutorial_taskflow_api.py for tasks to queue
[2026-05-24T14:52:04.869+0000] {logging_mixin.py:188} INFO - [2026-05-24T14:52:04.869+0000] {dagbag.py:545} INFO - Filling up the DagBag from /home/varn1t/ml-pipeline/venv/lib/python3.11/site-packages/airflow/example_dags/tutorial_taskflow_api.py
[2026-05-24T14:52:04.874+0000] {processor.py:840} INFO - DAG(s) 'tutorial_taskflow_api' retrieved from /home/varn1t/ml-pipeline/venv/lib/python3.11/site-packages/airflow/example_dags/tutorial_taskflow_api.py
[2026-05-24T14:52:04.886+0000] {logging_mixin.py:188} INFO - [2026-05-24T14:52:04.885+0000] {dag.py:3096} INFO - Sync 1 DAGs
[2026-05-24T14:52:04.892+0000] {logging_mixin.py:188} INFO - [2026-05-24T14:52:04.892+0000] {dag.py:3954} INFO - Setting next_dagrun for tutorial_taskflow_api to None, run_after=None
[2026-05-24T14:52:04.909+0000] {processor.py:183} INFO - Processing /home/varn1t/ml-pipeline/venv/lib/python3.11/site-packages/airflow/example_dags/tutorial_taskflow_api.py took 0.046 seconds
[2026-05-24T14:52:45.381+0000] {processor.py:161} INFO - Started process (PID=28754) to work on /home/varn1t/ml-pipeline/venv/lib/python3.11/site-packages/airflow/example_dags/tutorial_taskflow_api.py
[2026-05-24T14:52:45.382+0000] {processor.py:830} INFO - Processing file /home/varn1t/ml-pipeline/venv/lib/python3.11/site-packages/airflow/example_dags/tutorial_taskflow_api.py for tasks to queue
[2026-05-24T14:52:45.382+0000] {logging_mixin.py:188} INFO - [2026-05-24T14:52:45.382+0000] {dagbag.py:545} INFO - Filling up the DagBag from /home/varn1t/ml-pipeline/venv/lib/python3.11/site-packages/airflow/example_dags/tutorial_taskflow_api.py
[2026-05-24T14:52:45.387+0000] {processor.py:840} INFO - DAG(s) 'tutorial_taskflow_api' retrieved from /home/varn1t/ml-pipeline/venv/lib/python3.11/site-packages/airflow/example_dags/tutorial_taskflow_api.py
[2026-05-24T14:52:45.400+0000] {logging_mixin.py:188} INFO - [2026-05-24T14:52:45.400+0000] {dag.py:3096} INFO - Sync 1 DAGs
[2026-05-24T14:52:45.409+0000] {logging_mixin.py:188} INFO - [2026-05-24T14:52:45.408+0000] {dag.py:3954} INFO - Setting next_dagrun for tutorial_taskflow_api to None, run_after=None
[2026-05-24T14:52:45.425+0000] {processor.py:183} INFO - Processing /home/varn1t/ml-pipeline/venv/lib/python3.11/site-packages/airflow/example_dags/tutorial_taskflow_api.py took 0.049 seconds
[2026-05-24T14:53:24.786+0000] {processor.py:161} INFO - Started process (PID=28926) to work on /home/varn1t/ml-pipeline/venv/lib/python3.11/site-packages/airflow/example_dags/tutorial_taskflow_api.py
[2026-05-24T14:53:24.787+0000] {processor.py:830} INFO - Processing file /home/varn1t/ml-pipeline/venv/lib/python3.11/site-packages/airflow/example_dags/tutorial_taskflow_api.py for tasks to queue
[2026-05-24T14:53:24.788+0000] {logging_mixin.py:188} INFO - [2026-05-24T14:53:24.787+0000] {dagbag.py:545} INFO - Filling up the DagBag from /home/varn1t/ml-pipeline/venv/lib/python3.11/site-packages/airflow/example_dags/tutorial_taskflow_api.py
[2026-05-24T14:53:24.792+0000] {processor.py:840} INFO - DAG(s) 'tutorial_taskflow_api' retrieved from /home/varn1t/ml-pipeline/venv/lib/python3.11/site-packages/airflow/example_dags/tutorial_taskflow_api.py
[2026-05-24T14:53:24.803+0000] {logging_mixin.py:188} INFO - [2026-05-24T14:53:24.803+0000] {dag.py:3096} INFO - Sync 1 DAGs
[2026-05-24T14:53:24.810+0000] {logging_mixin.py:188} INFO - [2026-05-24T14:53:24.810+0000] {dag.py:3954} INFO - Setting next_dagrun for tutorial_taskflow_api to None, run_after=None
[2026-05-24T14:53:24.826+0000] {processor.py:183} INFO - Processing /home/varn1t/ml-pipeline/venv/lib/python3.11/site-packages/airflow/example_dags/tutorial_taskflow_api.py took 0.044 seconds
[2026-05-24T14:54:05.265+0000] {processor.py:161} INFO - Started process (PID=29130) to work on /home/varn1t/ml-pipeline/venv/lib/python3.11/site-packages/airflow/example_dags/tutorial_taskflow_api.py
[2026-05-24T14:54:05.266+0000] {processor.py:830} INFO - Processing file /home/varn1t/ml-pipeline/venv/lib/python3.11/site-packages/airflow/example_dags/tutorial_taskflow_api.py for tasks to queue
[2026-05-24T14:54:05.267+0000] {logging_mixin.py:188} INFO - [2026-05-24T14:54:05.267+0000] {dagbag.py:545} INFO - Filling up the DagBag from /home/varn1t/ml-pipeline/venv/lib/python3.11/site-packages/airflow/example_dags/tutorial_taskflow_api.py
[2026-05-24T14:54:05.272+0000] {processor.py:840} INFO - DAG(s) 'tutorial_taskflow_api' retrieved from /home/varn1t/ml-pipeline/venv/lib/python3.11/site-packages/airflow/example_dags/tutorial_taskflow_api.py
[2026-05-24T14:54:05.283+0000] {logging_mixin.py:188} INFO - [2026-05-24T14:54:05.283+0000] {dag.py:3096} INFO - Sync 1 DAGs
[2026-05-24T14:54:05.291+0000] {logging_mixin.py:188} INFO - [2026-05-24T14:54:05.291+0000] {dag.py:3954} INFO - Setting next_dagrun for tutorial_taskflow_api to None, run_after=None
[2026-05-24T14:54:05.309+0000] {processor.py:183} INFO - Processing /home/varn1t/ml-pipeline/venv/lib/python3.11/site-packages/airflow/example_dags/tutorial_taskflow_api.py took 0.048 seconds
[2026-05-24T14:54:45.782+0000] {processor.py:161} INFO - Started process (PID=29307) to work on /home/varn1t/ml-pipeline/venv/lib/python3.11/site-packages/airflow/example_dags/tutorial_taskflow_api.py
[2026-05-24T14:54:45.783+0000] {processor.py:830} INFO - Processing file /home/varn1t/ml-pipeline/venv/lib/python3.11/site-packages/airflow/example_dags/tutorial_taskflow_api.py for tasks to queue
[2026-05-24T14:54:45.783+0000] {logging_mixin.py:188} INFO - [2026-05-24T14:54:45.783+0000] {dagbag.py:545} INFO - Filling up the DagBag from /home/varn1t/ml-pipeline/venv/lib/python3.11/site-packages/airflow/example_dags/tutorial_taskflow_api.py
[2026-05-24T14:54:45.789+0000] {processor.py:840} INFO - DAG(s) 'tutorial_taskflow_api' retrieved from /home/varn1t/ml-pipeline/venv/lib/python3.11/site-packages/airflow/example_dags/tutorial_taskflow_api.py
[2026-05-24T14:54:45.802+0000] {logging_mixin.py:188} INFO - [2026-05-24T14:54:45.802+0000] {dag.py:3096} INFO - Sync 1 DAGs
[2026-05-24T14:54:45.810+0000] {logging_mixin.py:188} INFO - [2026-05-24T14:54:45.810+0000] {dag.py:3954} INFO - Setting next_dagrun for tutorial_taskflow_api to None, run_after=None
[2026-05-24T14:54:45.831+0000] {processor.py:183} INFO - Processing /home/varn1t/ml-pipeline/venv/lib/python3.11/site-packages/airflow/example_dags/tutorial_taskflow_api.py took 0.053 seconds
[2026-05-24T14:55:28.708+0000] {processor.py:161} INFO - Started process (PID=29536) to work on /home/varn1t/ml-pipeline/venv/lib/python3.11/site-packages/airflow/example_dags/tutorial_taskflow_api.py
[2026-05-24T14:55:28.709+0000] {processor.py:830} INFO - Processing file /home/varn1t/ml-pipeline/venv/lib/python3.11/site-packages/airflow/example_dags/tutorial_taskflow_api.py for tasks to queue
[2026-05-24T14:55:28.709+0000] {logging_mixin.py:188} INFO - [2026-05-24T14:55:28.709+0000] {dagbag.py:545} INFO - Filling up the DagBag from /home/varn1t/ml-pipeline/venv/lib/python3.11/site-packages/airflow/example_dags/tutorial_taskflow_api.py
[2026-05-24T14:55:28.713+0000] {processor.py:840} INFO - DAG(s) 'tutorial_taskflow_api' retrieved from /home/varn1t/ml-pipeline/venv/lib/python3.11/site-packages/airflow/example_dags/tutorial_taskflow_api.py
[2026-05-24T14:55:28.726+0000] {logging_mixin.py:188} INFO - [2026-05-24T14:55:28.726+0000] {dag.py:3096} INFO - Sync 1 DAGs
[2026-05-24T14:55:28.733+0000] {logging_mixin.py:188} INFO - [2026-05-24T14:55:28.733+0000] {dag.py:3954} INFO - Setting next_dagrun for tutorial_taskflow_api to None, run_after=None
[2026-05-24T14:55:28.748+0000] {processor.py:183} INFO - Processing /home/varn1t/ml-pipeline/venv/lib/python3.11/site-packages/airflow/example_dags/tutorial_taskflow_api.py took 0.044 seconds
[2026-05-24T14:56:09.621+0000] {processor.py:161} INFO - Started process (PID=29718) to work on /home/varn1t/ml-pipeline/venv/lib/python3.11/site-packages/airflow/example_dags/tutorial_taskflow_api.py
[2026-05-24T14:56:09.622+0000] {processor.py:830} INFO - Processing file /home/varn1t/ml-pipeline/venv/lib/python3.11/site-packages/airflow/example_dags/tutorial_taskflow_api.py for tasks to queue
[2026-05-24T14:56:09.623+0000] {logging_mixin.py:188} INFO - [2026-05-24T14:56:09.623+0000] {dagbag.py:545} INFO - Filling up the DagBag from /home/varn1t/ml-pipeline/venv/lib/python3.11/site-packages/airflow/example_dags/tutorial_taskflow_api.py
[2026-05-24T14:56:09.628+0000] {processor.py:840} INFO - DAG(s) 'tutorial_taskflow_api' retrieved from /home/varn1t/ml-pipeline/venv/lib/python3.11/site-packages/airflow/example_dags/tutorial_taskflow_api.py
[2026-05-24T14:56:09.641+0000] {logging_mixin.py:188} INFO - [2026-05-24T14:56:09.641+0000] {dag.py:3096} INFO - Sync 1 DAGs
[2026-05-24T14:56:09.649+0000] {logging_mixin.py:188} INFO - [2026-05-24T14:56:09.649+0000] {dag.py:3954} INFO - Setting next_dagrun for tutorial_taskflow_api to None, run_after=None
[2026-05-24T14:56:09.667+0000] {processor.py:183} INFO - Processing /home/varn1t/ml-pipeline/venv/lib/python3.11/site-packages/airflow/example_dags/tutorial_taskflow_api.py took 0.051 seconds
[2026-05-24T14:56:59.024+0000] {processor.py:161} INFO - Started process (PID=30031) to work on /home/varn1t/ml-pipeline/venv/lib/python3.11/site-packages/airflow/example_dags/tutorial_taskflow_api.py
[2026-05-24T14:56:59.025+0000] {processor.py:830} INFO - Processing file /home/varn1t/ml-pipeline/venv/lib/python3.11/site-packages/airflow/example_dags/tutorial_taskflow_api.py for tasks to queue
[2026-05-24T14:56:59.026+0000] {logging_mixin.py:188} INFO - [2026-05-24T14:56:59.025+0000] {dagbag.py:545} INFO - Filling up the DagBag from /home/varn1t/ml-pipeline/venv/lib/python3.11/site-packages/airflow/example_dags/tutorial_taskflow_api.py
[2026-05-24T14:56:59.030+0000] {processor.py:840} INFO - DAG(s) 'tutorial_taskflow_api' retrieved from /home/varn1t/ml-pipeline/venv/lib/python3.11/site-packages/airflow/example_dags/tutorial_taskflow_api.py
[2026-05-24T14:56:59.055+0000] {logging_mixin.py:188} INFO - [2026-05-24T14:56:59.055+0000] {dag.py:3096} INFO - Sync 1 DAGs
[2026-05-24T14:56:59.099+0000] {logging_mixin.py:188} INFO - [2026-05-24T14:56:59.099+0000] {dag.py:3954} INFO - Setting next_dagrun for tutorial_taskflow_api to None, run_after=None
[2026-05-24T14:56:59.149+0000] {processor.py:183} INFO - Processing /home/varn1t/ml-pipeline/venv/lib/python3.11/site-packages/airflow/example_dags/tutorial_taskflow_api.py took 0.129 seconds
[2026-05-24T14:57:44.890+0000] {processor.py:161} INFO - Started process (PID=30387) to work on /home/varn1t/ml-pipeline/venv/lib/python3.11/site-packages/airflow/example_dags/tutorial_taskflow_api.py
[2026-05-24T14:57:44.891+0000] {processor.py:830} INFO - Processing file /home/varn1t/ml-pipeline/venv/lib/python3.11/site-packages/airflow/example_dags/tutorial_taskflow_api.py for tasks to queue
[2026-05-24T14:57:44.892+0000] {logging_mixin.py:188} INFO - [2026-05-24T14:57:44.891+0000] {dagbag.py:545} INFO - Filling up the DagBag from /home/varn1t/ml-pipeline/venv/lib/python3.11/site-packages/airflow/example_dags/tutorial_taskflow_api.py
[2026-05-24T14:57:44.899+0000] {processor.py:840} INFO - DAG(s) 'tutorial_taskflow_api' retrieved from /home/varn1t/ml-pipeline/venv/lib/python3.11/site-packages/airflow/example_dags/tutorial_taskflow_api.py
[2026-05-24T14:57:44.913+0000] {logging_mixin.py:188} INFO - [2026-05-24T14:57:44.913+0000] {dag.py:3096} INFO - Sync 1 DAGs
[2026-05-24T14:57:44.919+0000] {logging_mixin.py:188} INFO - [2026-05-24T14:57:44.919+0000] {dag.py:3954} INFO - Setting next_dagrun for tutorial_taskflow_api to None, run_after=None
[2026-05-24T14:57:44.933+0000] {processor.py:183} INFO - Processing /home/varn1t/ml-pipeline/venv/lib/python3.11/site-packages/airflow/example_dags/tutorial_taskflow_api.py took 0.049 seconds
[2026-05-24T14:58:26.538+0000] {processor.py:161} INFO - Started process (PID=30790) to work on /home/varn1t/ml-pipeline/venv/lib/python3.11/site-packages/airflow/example_dags/tutorial_taskflow_api.py
[2026-05-24T14:58:26.539+0000] {processor.py:830} INFO - Processing file /home/varn1t/ml-pipeline/venv/lib/python3.11/site-packages/airflow/example_dags/tutorial_taskflow_api.py for tasks to queue
[2026-05-24T14:58:26.540+0000] {logging_mixin.py:188} INFO - [2026-05-24T14:58:26.540+0000] {dagbag.py:545} INFO - Filling up the DagBag from /home/varn1t/ml-pipeline/venv/lib/python3.11/site-packages/airflow/example_dags/tutorial_taskflow_api.py
[2026-05-24T14:58:26.552+0000] {processor.py:840} INFO - DAG(s) 'tutorial_taskflow_api' retrieved from /home/varn1t/ml-pipeline/venv/lib/python3.11/site-packages/airflow/example_dags/tutorial_taskflow_api.py
[2026-05-24T14:58:26.574+0000] {logging_mixin.py:188} INFO - [2026-05-24T14:58:26.574+0000] {dag.py:3096} INFO - Sync 1 DAGs
[2026-05-24T14:58:26.601+0000] {logging_mixin.py:188} INFO - [2026-05-24T14:58:26.601+0000] {dag.py:3954} INFO - Setting next_dagrun for tutorial_taskflow_api to None, run_after=None
[2026-05-24T14:58:26.625+0000] {processor.py:183} INFO - Processing /home/varn1t/ml-pipeline/venv/lib/python3.11/site-packages/airflow/example_dags/tutorial_taskflow_api.py took 0.097 seconds
[2026-05-24T14:59:08.973+0000] {processor.py:161} INFO - Started process (PID=31116) to work on /home/varn1t/ml-pipeline/venv/lib/python3.11/site-packages/airflow/example_dags/tutorial_taskflow_api.py
[2026-05-24T14:59:08.974+0000] {processor.py:830} INFO - Processing file /home/varn1t/ml-pipeline/venv/lib/python3.11/site-packages/airflow/example_dags/tutorial_taskflow_api.py for tasks to queue
[2026-05-24T14:59:08.974+0000] {logging_mixin.py:188} INFO - [2026-05-24T14:59:08.974+0000] {dagbag.py:545} INFO - Filling up the DagBag from /home/varn1t/ml-pipeline/venv/lib/python3.11/site-packages/airflow/example_dags/tutorial_taskflow_api.py
[2026-05-24T14:59:08.979+0000] {processor.py:840} INFO - DAG(s) 'tutorial_taskflow_api' retrieved from /home/varn1t/ml-pipeline/venv/lib/python3.11/site-packages/airflow/example_dags/tutorial_taskflow_api.py
[2026-05-24T14:59:08.994+0000] {logging_mixin.py:188} INFO - [2026-05-24T14:59:08.993+0000] {dag.py:3096} INFO - Sync 1 DAGs
[2026-05-24T14:59:09.001+0000] {logging_mixin.py:188} INFO - [2026-05-24T14:59:09.001+0000] {dag.py:3954} INFO - Setting next_dagrun for tutorial_taskflow_api to None, run_after=None
[2026-05-24T14:59:09.014+0000] {processor.py:183} INFO - Processing /home/varn1t/ml-pipeline/venv/lib/python3.11/site-packages/airflow/example_dags/tutorial_taskflow_api.py took 0.045 seconds
[2026-05-24T14:59:50.065+0000] {processor.py:161} INFO - Started process (PID=31405) to work on /home/varn1t/ml-pipeline/venv/lib/python3.11/site-packages/airflow/example_dags/tutorial_taskflow_api.py
[2026-05-24T14:59:50.066+0000] {processor.py:830} INFO - Processing file /home/varn1t/ml-pipeline/venv/lib/python3.11/site-packages/airflow/example_dags/tutorial_taskflow_api.py for tasks to queue
[2026-05-24T14:59:50.067+0000] {logging_mixin.py:188} INFO - [2026-05-24T14:59:50.066+0000] {dagbag.py:545} INFO - Filling up the DagBag from /home/varn1t/ml-pipeline/venv/lib/python3.11/site-packages/airflow/example_dags/tutorial_taskflow_api.py
[2026-05-24T14:59:50.071+0000] {processor.py:840} INFO - DAG(s) 'tutorial_taskflow_api' retrieved from /home/varn1t/ml-pipeline/venv/lib/python3.11/site-packages/airflow/example_dags/tutorial_taskflow_api.py
[2026-05-24T14:59:50.081+0000] {logging_mixin.py:188} INFO - [2026-05-24T14:59:50.081+0000] {dag.py:3096} INFO - Sync 1 DAGs
[2026-05-24T14:59:50.087+0000] {logging_mixin.py:188} INFO - [2026-05-24T14:59:50.087+0000] {dag.py:3954} INFO - Setting next_dagrun for tutorial_taskflow_api to None, run_after=None
[2026-05-24T14:59:50.104+0000] {processor.py:183} INFO - Processing /home/varn1t/ml-pipeline/venv/lib/python3.11/site-packages/airflow/example_dags/tutorial_taskflow_api.py took 0.044 seconds
[2026-05-24T15:00:31.233+0000] {processor.py:161} INFO - Started process (PID=31586) to work on /home/varn1t/ml-pipeline/venv/lib/python3.11/site-packages/airflow/example_dags/tutorial_taskflow_api.py
[2026-05-24T15:00:31.234+0000] {processor.py:830} INFO - Processing file /home/varn1t/ml-pipeline/venv/lib/python3.11/site-packages/airflow/example_dags/tutorial_taskflow_api.py for tasks to queue
[2026-05-24T15:00:31.234+0000] {logging_mixin.py:188} INFO - [2026-05-24T15:00:31.234+0000] {dagbag.py:545} INFO - Filling up the DagBag from /home/varn1t/ml-pipeline/venv/lib/python3.11/site-packages/airflow/example_dags/tutorial_taskflow_api.py
[2026-05-24T15:00:31.239+0000] {processor.py:840} INFO - DAG(s) 'tutorial_taskflow_api' retrieved from /home/varn1t/ml-pipeline/venv/lib/python3.11/site-packages/airflow/example_dags/tutorial_taskflow_api.py
[2026-05-24T15:00:31.250+0000] {logging_mixin.py:188} INFO - [2026-05-24T15:00:31.250+0000] {dag.py:3096} INFO - Sync 1 DAGs
[2026-05-24T15:00:31.256+0000] {logging_mixin.py:188} INFO - [2026-05-24T15:00:31.256+0000] {dag.py:3954} INFO - Setting next_dagrun for tutorial_taskflow_api to None, run_after=None
[2026-05-24T15:00:31.272+0000] {processor.py:183} INFO - Processing /home/varn1t/ml-pipeline/venv/lib/python3.11/site-packages/airflow/example_dags/tutorial_taskflow_api.py took 0.046 seconds
[2026-05-24T15:01:09.362+0000] {processor.py:161} INFO - Started process (PID=31754) to work on /home/varn1t/ml-pipeline/venv/lib/python3.11/site-packages/airflow/example_dags/tutorial_taskflow_api.py
[2026-05-24T15:01:09.364+0000] {processor.py:830} INFO - Processing file /home/varn1t/ml-pipeline/venv/lib/python3.11/site-packages/airflow/example_dags/tutorial_taskflow_api.py for tasks to queue
[2026-05-24T15:01:09.364+0000] {logging_mixin.py:188} INFO - [2026-05-24T15:01:09.364+0000] {dagbag.py:545} INFO - Filling up the DagBag from /home/varn1t/ml-pipeline/venv/lib/python3.11/site-packages/airflow/example_dags/tutorial_taskflow_api.py
[2026-05-24T15:01:09.372+0000] {processor.py:840} INFO - DAG(s) 'tutorial_taskflow_api' retrieved from /home/varn1t/ml-pipeline/venv/lib/python3.11/site-packages/airflow/example_dags/tutorial_taskflow_api.py
[2026-05-24T15:01:09.385+0000] {logging_mixin.py:188} INFO - [2026-05-24T15:01:09.384+0000] {dag.py:3096} INFO - Sync 1 DAGs
[2026-05-24T15:01:09.392+0000] {logging_mixin.py:188} INFO - [2026-05-24T15:01:09.392+0000] {dag.py:3954} INFO - Setting next_dagrun for tutorial_taskflow_api to None, run_after=None
[2026-05-24T15:01:09.408+0000] {processor.py:183} INFO - Processing /home/varn1t/ml-pipeline/venv/lib/python3.11/site-packages/airflow/example_dags/tutorial_taskflow_api.py took 0.055 seconds
[2026-05-24T15:01:49.447+0000] {processor.py:161} INFO - Started process (PID=31938) to work on /home/varn1t/ml-pipeline/venv/lib/python3.11/site-packages/airflow/example_dags/tutorial_taskflow_api.py
[2026-05-24T15:01:49.448+0000] {processor.py:830} INFO - Processing file /home/varn1t/ml-pipeline/venv/lib/python3.11/site-packages/airflow/example_dags/tutorial_taskflow_api.py for tasks to queue
[2026-05-24T15:01:49.449+0000] {logging_mixin.py:188} INFO - [2026-05-24T15:01:49.448+0000] {dagbag.py:545} INFO - Filling up the DagBag from /home/varn1t/ml-pipeline/venv/lib/python3.11/site-packages/airflow/example_dags/tutorial_taskflow_api.py
[2026-05-24T15:01:49.454+0000] {processor.py:840} INFO - DAG(s) 'tutorial_taskflow_api' retrieved from /home/varn1t/ml-pipeline/venv/lib/python3.11/site-packages/airflow/example_dags/tutorial_taskflow_api.py
[2026-05-24T15:01:49.467+0000] {logging_mixin.py:188} INFO - [2026-05-24T15:01:49.467+0000] {dag.py:3096} INFO - Sync 1 DAGs
[2026-05-24T15:01:49.475+0000] {logging_mixin.py:188} INFO - [2026-05-24T15:01:49.475+0000] {dag.py:3954} INFO - Setting next_dagrun for tutorial_taskflow_api to None, run_after=None
[2026-05-24T15:01:49.491+0000] {processor.py:183} INFO - Processing /home/varn1t/ml-pipeline/venv/lib/python3.11/site-packages/airflow/example_dags/tutorial_taskflow_api.py took 0.051 seconds
[2026-05-24T15:02:30.526+0000] {processor.py:161} INFO - Started process (PID=32154) to work on /home/varn1t/ml-pipeline/venv/lib/python3.11/site-packages/airflow/example_dags/tutorial_taskflow_api.py
[2026-05-24T15:02:30.527+0000] {processor.py:830} INFO - Processing file /home/varn1t/ml-pipeline/venv/lib/python3.11/site-packages/airflow/example_dags/tutorial_taskflow_api.py for tasks to queue
[2026-05-24T15:02:30.527+0000] {logging_mixin.py:188} INFO - [2026-05-24T15:02:30.527+0000] {dagbag.py:545} INFO - Filling up the DagBag from /home/varn1t/ml-pipeline/venv/lib/python3.11/site-packages/airflow/example_dags/tutorial_taskflow_api.py
[2026-05-24T15:02:30.532+0000] {processor.py:840} INFO - DAG(s) 'tutorial_taskflow_api' retrieved from /home/varn1t/ml-pipeline/venv/lib/python3.11/site-packages/airflow/example_dags/tutorial_taskflow_api.py
[2026-05-24T15:02:30.545+0000] {logging_mixin.py:188} INFO - [2026-05-24T15:02:30.545+0000] {dag.py:3096} INFO - Sync 1 DAGs
[2026-05-24T15:02:30.553+0000] {logging_mixin.py:188} INFO - [2026-05-24T15:02:30.552+0000] {dag.py:3954} INFO - Setting next_dagrun for tutorial_taskflow_api to None, run_after=None
[2026-05-24T15:02:30.570+0000] {processor.py:183} INFO - Processing /home/varn1t/ml-pipeline/venv/lib/python3.11/site-packages/airflow/example_dags/tutorial_taskflow_api.py took 0.050 seconds
[2026-05-24T15:03:11.617+0000] {processor.py:161} INFO - Started process (PID=32392) to work on /home/varn1t/ml-pipeline/venv/lib/python3.11/site-packages/airflow/example_dags/tutorial_taskflow_api.py
[2026-05-24T15:03:11.618+0000] {processor.py:830} INFO - Processing file /home/varn1t/ml-pipeline/venv/lib/python3.11/site-packages/airflow/example_dags/tutorial_taskflow_api.py for tasks to queue
[2026-05-24T15:03:11.619+0000] {logging_mixin.py:188} INFO - [2026-05-24T15:03:11.619+0000] {dagbag.py:545} INFO - Filling up the DagBag from /home/varn1t/ml-pipeline/venv/lib/python3.11/site-packages/airflow/example_dags/tutorial_taskflow_api.py
[2026-05-24T15:03:11.624+0000] {processor.py:840} INFO - DAG(s) 'tutorial_taskflow_api' retrieved from /home/varn1t/ml-pipeline/venv/lib/python3.11/site-packages/airflow/example_dags/tutorial_taskflow_api.py
[2026-05-24T15:03:11.635+0000] {logging_mixin.py:188} INFO - [2026-05-24T15:03:11.635+0000] {dag.py:3096} INFO - Sync 1 DAGs
[2026-05-24T15:03:11.644+0000] {logging_mixin.py:188} INFO - [2026-05-24T15:03:11.643+0000] {dag.py:3954} INFO - Setting next_dagrun for tutorial_taskflow_api to None, run_after=None
[2026-05-24T15:03:11.661+0000] {processor.py:183} INFO - Processing /home/varn1t/ml-pipeline/venv/lib/python3.11/site-packages/airflow/example_dags/tutorial_taskflow_api.py took 0.050 seconds
[2026-05-24T15:03:55.218+0000] {processor.py:161} INFO - Started process (PID=32652) to work on /home/varn1t/ml-pipeline/venv/lib/python3.11/site-packages/airflow/example_dags/tutorial_taskflow_api.py
[2026-05-24T15:03:55.219+0000] {processor.py:830} INFO - Processing file /home/varn1t/ml-pipeline/venv/lib/python3.11/site-packages/airflow/example_dags/tutorial_taskflow_api.py for tasks to queue
[2026-05-24T15:03:55.219+0000] {logging_mixin.py:188} INFO - [2026-05-24T15:03:55.219+0000] {dagbag.py:545} INFO - Filling up the DagBag from /home/varn1t/ml-pipeline/venv/lib/python3.11/site-packages/airflow/example_dags/tutorial_taskflow_api.py
[2026-05-24T15:03:55.225+0000] {processor.py:840} INFO - DAG(s) 'tutorial_taskflow_api' retrieved from /home/varn1t/ml-pipeline/venv/lib/python3.11/site-packages/airflow/example_dags/tutorial_taskflow_api.py
[2026-05-24T15:03:55.237+0000] {logging_mixin.py:188} INFO - [2026-05-24T15:03:55.237+0000] {dag.py:3096} INFO - Sync 1 DAGs
[2026-05-24T15:03:55.243+0000] {logging_mixin.py:188} INFO - [2026-05-24T15:03:55.243+0000] {dag.py:3954} INFO - Setting next_dagrun for tutorial_taskflow_api to None, run_after=None
[2026-05-24T15:03:55.261+0000] {processor.py:183} INFO - Processing /home/varn1t/ml-pipeline/venv/lib/python3.11/site-packages/airflow/example_dags/tutorial_taskflow_api.py took 0.050 seconds
[2026-05-24T15:04:34.298+0000] {processor.py:161} INFO - Started process (PID=32825) to work on /home/varn1t/ml-pipeline/venv/lib/python3.11/site-packages/airflow/example_dags/tutorial_taskflow_api.py
[2026-05-24T15:04:34.299+0000] {processor.py:830} INFO - Processing file /home/varn1t/ml-pipeline/venv/lib/python3.11/site-packages/airflow/example_dags/tutorial_taskflow_api.py for tasks to queue
[2026-05-24T15:04:34.300+0000] {logging_mixin.py:188} INFO - [2026-05-24T15:04:34.300+0000] {dagbag.py:545} INFO - Filling up the DagBag from /home/varn1t/ml-pipeline/venv/lib/python3.11/site-packages/airflow/example_dags/tutorial_taskflow_api.py
[2026-05-24T15:04:34.306+0000] {processor.py:840} INFO - DAG(s) 'tutorial_taskflow_api' retrieved from /home/varn1t/ml-pipeline/venv/lib/python3.11/site-packages/airflow/example_dags/tutorial_taskflow_api.py
[2026-05-24T15:04:34.317+0000] {logging_mixin.py:188} INFO - [2026-05-24T15:04:34.316+0000] {dag.py:3096} INFO - Sync 1 DAGs
[2026-05-24T15:04:34.325+0000] {logging_mixin.py:188} INFO - [2026-05-24T15:04:34.325+0000] {dag.py:3954} INFO - Setting next_dagrun for tutorial_taskflow_api to None, run_after=None
[2026-05-24T15:04:34.341+0000] {processor.py:183} INFO - Processing /home/varn1t/ml-pipeline/venv/lib/python3.11/site-packages/airflow/example_dags/tutorial_taskflow_api.py took 0.049 seconds
[2026-05-24T15:05:13.719+0000] {processor.py:161} INFO - Started process (PID=33058) to work on /home/varn1t/ml-pipeline/venv/lib/python3.11/site-packages/airflow/example_dags/tutorial_taskflow_api.py
[2026-05-24T15:05:13.719+0000] {processor.py:830} INFO - Processing file /home/varn1t/ml-pipeline/venv/lib/python3.11/site-packages/airflow/example_dags/tutorial_taskflow_api.py for tasks to queue
[2026-05-24T15:05:13.720+0000] {logging_mixin.py:188} INFO - [2026-05-24T15:05:13.720+0000] {dagbag.py:545} INFO - Filling up the DagBag from /home/varn1t/ml-pipeline/venv/lib/python3.11/site-packages/airflow/example_dags/tutorial_taskflow_api.py
[2026-05-24T15:05:13.724+0000] {processor.py:840} INFO - DAG(s) 'tutorial_taskflow_api' retrieved from /home/varn1t/ml-pipeline/venv/lib/python3.11/site-packages/airflow/example_dags/tutorial_taskflow_api.py
[2026-05-24T15:05:13.734+0000] {logging_mixin.py:188} INFO - [2026-05-24T15:05:13.734+0000] {dag.py:3096} INFO - Sync 1 DAGs
[2026-05-24T15:05:13.741+0000] {logging_mixin.py:188} INFO - [2026-05-24T15:05:13.741+0000] {dag.py:3954} INFO - Setting next_dagrun for tutorial_taskflow_api to None, run_after=None
[2026-05-24T15:05:13.754+0000] {processor.py:183} INFO - Processing /home/varn1t/ml-pipeline/venv/lib/python3.11/site-packages/airflow/example_dags/tutorial_taskflow_api.py took 0.041 seconds
[2026-05-24T15:05:53.686+0000] {processor.py:161} INFO - Started process (PID=33527) to work on /home/varn1t/ml-pipeline/venv/lib/python3.11/site-packages/airflow/example_dags/tutorial_taskflow_api.py
[2026-05-24T15:05:53.687+0000] {processor.py:830} INFO - Processing file /home/varn1t/ml-pipeline/venv/lib/python3.11/site-packages/airflow/example_dags/tutorial_taskflow_api.py for tasks to queue
[2026-05-24T15:05:53.687+0000] {logging_mixin.py:188} INFO - [2026-05-24T15:05:53.687+0000] {dagbag.py:545} INFO - Filling up the DagBag from /home/varn1t/ml-pipeline/venv/lib/python3.11/site-packages/airflow/example_dags/tutorial_taskflow_api.py
[2026-05-24T15:05:53.692+0000] {processor.py:840} INFO - DAG(s) 'tutorial_taskflow_api' retrieved from /home/varn1t/ml-pipeline/venv/lib/python3.11/site-packages/airflow/example_dags/tutorial_taskflow_api.py
[2026-05-24T15:05:53.704+0000] {logging_mixin.py:188} INFO - [2026-05-24T15:05:53.703+0000] {dag.py:3096} INFO - Sync 1 DAGs
[2026-05-24T15:05:53.711+0000] {logging_mixin.py:188} INFO - [2026-05-24T15:05:53.711+0000] {dag.py:3954} INFO - Setting next_dagrun for tutorial_taskflow_api to None, run_after=None
[2026-05-24T15:05:53.732+0000] {processor.py:183} INFO - Processing /home/varn1t/ml-pipeline/venv/lib/python3.11/site-packages/airflow/example_dags/tutorial_taskflow_api.py took 0.052 seconds
[2026-05-24T15:06:36.323+0000] {processor.py:161} INFO - Started process (PID=33950) to work on /home/varn1t/ml-pipeline/venv/lib/python3.11/site-packages/airflow/example_dags/tutorial_taskflow_api.py
[2026-05-24T15:06:36.324+0000] {processor.py:830} INFO - Processing file /home/varn1t/ml-pipeline/venv/lib/python3.11/site-packages/airflow/example_dags/tutorial_taskflow_api.py for tasks to queue
[2026-05-24T15:06:36.324+0000] {logging_mixin.py:188} INFO - [2026-05-24T15:06:36.324+0000] {dagbag.py:545} INFO - Filling up the DagBag from /home/varn1t/ml-pipeline/venv/lib/python3.11/site-packages/airflow/example_dags/tutorial_taskflow_api.py
[2026-05-24T15:06:36.328+0000] {processor.py:840} INFO - DAG(s) 'tutorial_taskflow_api' retrieved from /home/varn1t/ml-pipeline/venv/lib/python3.11/site-packages/airflow/example_dags/tutorial_taskflow_api.py
[2026-05-24T15:06:36.340+0000] {logging_mixin.py:188} INFO - [2026-05-24T15:06:36.340+0000] {dag.py:3096} INFO - Sync 1 DAGs
[2026-05-24T15:06:36.347+0000] {logging_mixin.py:188} INFO - [2026-05-24T15:06:36.347+0000] {dag.py:3954} INFO - Setting next_dagrun for tutorial_taskflow_api to None, run_after=None
[2026-05-24T15:06:36.361+0000] {processor.py:183} INFO - Processing /home/varn1t/ml-pipeline/venv/lib/python3.11/site-packages/airflow/example_dags/tutorial_taskflow_api.py took 0.043 seconds
[2026-05-24T15:07:16.768+0000] {processor.py:161} INFO - Started process (PID=34454) to work on /home/varn1t/ml-pipeline/venv/lib/python3.11/site-packages/airflow/example_dags/tutorial_taskflow_api.py
[2026-05-24T15:07:16.768+0000] {processor.py:830} INFO - Processing file /home/varn1t/ml-pipeline/venv/lib/python3.11/site-packages/airflow/example_dags/tutorial_taskflow_api.py for tasks to queue
[2026-05-24T15:07:16.769+0000] {logging_mixin.py:188} INFO - [2026-05-24T15:07:16.769+0000] {dagbag.py:545} INFO - Filling up the DagBag from /home/varn1t/ml-pipeline/venv/lib/python3.11/site-packages/airflow/example_dags/tutorial_taskflow_api.py
[2026-05-24T15:07:16.773+0000] {processor.py:840} INFO - DAG(s) 'tutorial_taskflow_api' retrieved from /home/varn1t/ml-pipeline/venv/lib/python3.11/site-packages/airflow/example_dags/tutorial_taskflow_api.py
[2026-05-24T15:07:16.786+0000] {logging_mixin.py:188} INFO - [2026-05-24T15:07:16.786+0000] {dag.py:3096} INFO - Sync 1 DAGs
[2026-05-24T15:07:16.793+0000] {logging_mixin.py:188} INFO - [2026-05-24T15:07:16.793+0000] {dag.py:3954} INFO - Setting next_dagrun for tutorial_taskflow_api to None, run_after=None
[2026-05-24T15:07:16.808+0000] {processor.py:183} INFO - Processing /home/varn1t/ml-pipeline/venv/lib/python3.11/site-packages/airflow/example_dags/tutorial_taskflow_api.py took 0.046 seconds
[2026-05-24T15:08:02.640+0000] {processor.py:161} INFO - Started process (PID=34865) to work on /home/varn1t/ml-pipeline/venv/lib/python3.11/site-packages/airflow/example_dags/tutorial_taskflow_api.py
[2026-05-24T15:08:02.641+0000] {processor.py:830} INFO - Processing file /home/varn1t/ml-pipeline/venv/lib/python3.11/site-packages/airflow/example_dags/tutorial_taskflow_api.py for tasks to queue
[2026-05-24T15:08:02.642+0000] {logging_mixin.py:188} INFO - [2026-05-24T15:08:02.642+0000] {dagbag.py:545} INFO - Filling up the DagBag from /home/varn1t/ml-pipeline/venv/lib/python3.11/site-packages/airflow/example_dags/tutorial_taskflow_api.py
[2026-05-24T15:08:02.647+0000] {processor.py:840} INFO - DAG(s) 'tutorial_taskflow_api' retrieved from /home/varn1t/ml-pipeline/venv/lib/python3.11/site-packages/airflow/example_dags/tutorial_taskflow_api.py
[2026-05-24T15:08:02.660+0000] {logging_mixin.py:188} INFO - [2026-05-24T15:08:02.660+0000] {dag.py:3096} INFO - Sync 1 DAGs
[2026-05-24T15:08:02.668+0000] {logging_mixin.py:188} INFO - [2026-05-24T15:08:02.668+0000] {dag.py:3954} INFO - Setting next_dagrun for tutorial_taskflow_api to None, run_after=None
[2026-05-24T15:08:02.687+0000] {processor.py:183} INFO - Processing /home/varn1t/ml-pipeline/venv/lib/python3.11/site-packages/airflow/example_dags/tutorial_taskflow_api.py took 0.054 seconds
[2026-05-24T15:08:43.747+0000] {processor.py:161} INFO - Started process (PID=35127) to work on /home/varn1t/ml-pipeline/venv/lib/python3.11/site-packages/airflow/example_dags/tutorial_taskflow_api.py
[2026-05-24T15:08:43.748+0000] {processor.py:830} INFO - Processing file /home/varn1t/ml-pipeline/venv/lib/python3.11/site-packages/airflow/example_dags/tutorial_taskflow_api.py for tasks to queue
[2026-05-24T15:08:43.749+0000] {logging_mixin.py:188} INFO - [2026-05-24T15:08:43.749+0000] {dagbag.py:545} INFO - Filling up the DagBag from /home/varn1t/ml-pipeline/venv/lib/python3.11/site-packages/airflow/example_dags/tutorial_taskflow_api.py
[2026-05-24T15:08:43.755+0000] {processor.py:840} INFO - DAG(s) 'tutorial_taskflow_api' retrieved from /home/varn1t/ml-pipeline/venv/lib/python3.11/site-packages/airflow/example_dags/tutorial_taskflow_api.py
[2026-05-24T15:08:43.767+0000] {logging_mixin.py:188} INFO - [2026-05-24T15:08:43.767+0000] {dag.py:3096} INFO - Sync 1 DAGs
[2026-05-24T15:08:43.775+0000] {logging_mixin.py:188} INFO - [2026-05-24T15:08:43.775+0000] {dag.py:3954} INFO - Setting next_dagrun for tutorial_taskflow_api to None, run_after=None
[2026-05-24T15:08:43.792+0000] {processor.py:183} INFO - Processing /home/varn1t/ml-pipeline/venv/lib/python3.11/site-packages/airflow/example_dags/tutorial_taskflow_api.py took 0.053 seconds
[2026-05-24T15:09:28.224+0000] {processor.py:161} INFO - Started process (PID=35316) to work on /home/varn1t/ml-pipeline/venv/lib/python3.11/site-packages/airflow/example_dags/tutorial_taskflow_api.py
[2026-05-24T15:09:28.225+0000] {processor.py:830} INFO - Processing file /home/varn1t/ml-pipeline/venv/lib/python3.11/site-packages/airflow/example_dags/tutorial_taskflow_api.py for tasks to queue
[2026-05-24T15:09:28.226+0000] {logging_mixin.py:188} INFO - [2026-05-24T15:09:28.225+0000] {dagbag.py:545} INFO - Filling up the DagBag from /home/varn1t/ml-pipeline/venv/lib/python3.11/site-packages/airflow/example_dags/tutorial_taskflow_api.py
[2026-05-24T15:09:28.231+0000] {processor.py:840} INFO - DAG(s) 'tutorial_taskflow_api' retrieved from /home/varn1t/ml-pipeline/venv/lib/python3.11/site-packages/airflow/example_dags/tutorial_taskflow_api.py
[2026-05-24T15:09:28.245+0000] {logging_mixin.py:188} INFO - [2026-05-24T15:09:28.245+0000] {dag.py:3096} INFO - Sync 1 DAGs
[2026-05-24T15:09:28.257+0000] {logging_mixin.py:188} INFO - [2026-05-24T15:09:28.256+0000] {dag.py:3954} INFO - Setting next_dagrun for tutorial_taskflow_api to None, run_after=None
[2026-05-24T15:09:28.278+0000] {processor.py:183} INFO - Processing /home/varn1t/ml-pipeline/venv/lib/python3.11/site-packages/airflow/example_dags/tutorial_taskflow_api.py took 0.061 seconds
[2026-05-24T15:10:08.052+0000] {processor.py:161} INFO - Started process (PID=35499) to work on /home/varn1t/ml-pipeline/venv/lib/python3.11/site-packages/airflow/example_dags/tutorial_taskflow_api.py
[2026-05-24T15:10:08.053+0000] {processor.py:830} INFO - Processing file /home/varn1t/ml-pipeline/venv/lib/python3.11/site-packages/airflow/example_dags/tutorial_taskflow_api.py for tasks to queue
[2026-05-24T15:10:08.053+0000] {logging_mixin.py:188} INFO - [2026-05-24T15:10:08.053+0000] {dagbag.py:545} INFO - Filling up the DagBag from /home/varn1t/ml-pipeline/venv/lib/python3.11/site-packages/airflow/example_dags/tutorial_taskflow_api.py
[2026-05-24T15:10:08.058+0000] {processor.py:840} INFO - DAG(s) 'tutorial_taskflow_api' retrieved from /home/varn1t/ml-pipeline/venv/lib/python3.11/site-packages/airflow/example_dags/tutorial_taskflow_api.py
[2026-05-24T15:10:08.076+0000] {logging_mixin.py:188} INFO - [2026-05-24T15:10:08.076+0000] {dag.py:3096} INFO - Sync 1 DAGs
[2026-05-24T15:10:08.086+0000] {logging_mixin.py:188} INFO - [2026-05-24T15:10:08.086+0000] {dag.py:3954} INFO - Setting next_dagrun for tutorial_taskflow_api to None, run_after=None
[2026-05-24T15:10:08.105+0000] {processor.py:183} INFO - Processing /home/varn1t/ml-pipeline/venv/lib/python3.11/site-packages/airflow/example_dags/tutorial_taskflow_api.py took 0.059 seconds
[2026-05-24T15:10:52.370+0000] {processor.py:161} INFO - Started process (PID=35685) to work on /home/varn1t/ml-pipeline/venv/lib/python3.11/site-packages/airflow/example_dags/tutorial_taskflow_api.py
[2026-05-24T15:10:52.370+0000] {processor.py:830} INFO - Processing file /home/varn1t/ml-pipeline/venv/lib/python3.11/site-packages/airflow/example_dags/tutorial_taskflow_api.py for tasks to queue
[2026-05-24T15:10:52.371+0000] {logging_mixin.py:188} INFO - [2026-05-24T15:10:52.371+0000] {dagbag.py:545} INFO - Filling up the DagBag from /home/varn1t/ml-pipeline/venv/lib/python3.11/site-packages/airflow/example_dags/tutorial_taskflow_api.py
[2026-05-24T15:10:52.375+0000] {processor.py:840} INFO - DAG(s) 'tutorial_taskflow_api' retrieved from /home/varn1t/ml-pipeline/venv/lib/python3.11/site-packages/airflow/example_dags/tutorial_taskflow_api.py
[2026-05-24T15:10:52.386+0000] {logging_mixin.py:188} INFO - [2026-05-24T15:10:52.386+0000] {dag.py:3096} INFO - Sync 1 DAGs
[2026-05-24T15:10:52.393+0000] {logging_mixin.py:188} INFO - [2026-05-24T15:10:52.393+0000] {dag.py:3954} INFO - Setting next_dagrun for tutorial_taskflow_api to None, run_after=None
[2026-05-24T15:10:52.410+0000] {processor.py:183} INFO - Processing /home/varn1t/ml-pipeline/venv/lib/python3.11/site-packages/airflow/example_dags/tutorial_taskflow_api.py took 0.047 seconds
[2026-05-24T15:11:36.019+0000] {processor.py:161} INFO - Started process (PID=35878) to work on /home/varn1t/ml-pipeline/venv/lib/python3.11/site-packages/airflow/example_dags/tutorial_taskflow_api.py
[2026-05-24T15:11:36.020+0000] {processor.py:830} INFO - Processing file /home/varn1t/ml-pipeline/venv/lib/python3.11/site-packages/airflow/example_dags/tutorial_taskflow_api.py for tasks to queue
[2026-05-24T15:11:36.020+0000] {logging_mixin.py:188} INFO - [2026-05-24T15:11:36.020+0000] {dagbag.py:545} INFO - Filling up the DagBag from /home/varn1t/ml-pipeline/venv/lib/python3.11/site-packages/airflow/example_dags/tutorial_taskflow_api.py
[2026-05-24T15:11:36.025+0000] {processor.py:840} INFO - DAG(s) 'tutorial_taskflow_api' retrieved from /home/varn1t/ml-pipeline/venv/lib/python3.11/site-packages/airflow/example_dags/tutorial_taskflow_api.py
[2026-05-24T15:11:36.038+0000] {logging_mixin.py:188} INFO - [2026-05-24T15:11:36.037+0000] {dag.py:3096} INFO - Sync 1 DAGs
[2026-05-24T15:11:36.044+0000] {logging_mixin.py:188} INFO - [2026-05-24T15:11:36.044+0000] {dag.py:3954} INFO - Setting next_dagrun for tutorial_taskflow_api to None, run_after=None
[2026-05-24T15:11:36.058+0000] {processor.py:183} INFO - Processing /home/varn1t/ml-pipeline/venv/lib/python3.11/site-packages/airflow/example_dags/tutorial_taskflow_api.py took 0.046 seconds
[2026-05-24T15:12:14.863+0000] {processor.py:161} INFO - Started process (PID=36055) to work on /home/varn1t/ml-pipeline/venv/lib/python3.11/site-packages/airflow/example_dags/tutorial_taskflow_api.py
[2026-05-24T15:12:14.863+0000] {processor.py:830} INFO - Processing file /home/varn1t/ml-pipeline/venv/lib/python3.11/site-packages/airflow/example_dags/tutorial_taskflow_api.py for tasks to queue
[2026-05-24T15:12:14.864+0000] {logging_mixin.py:188} INFO - [2026-05-24T15:12:14.864+0000] {dagbag.py:545} INFO - Filling up the DagBag from /home/varn1t/ml-pipeline/venv/lib/python3.11/site-packages/airflow/example_dags/tutorial_taskflow_api.py
[2026-05-24T15:12:14.868+0000] {processor.py:840} INFO - DAG(s) 'tutorial_taskflow_api' retrieved from /home/varn1t/ml-pipeline/venv/lib/python3.11/site-packages/airflow/example_dags/tutorial_taskflow_api.py
[2026-05-24T15:12:14.878+0000] {logging_mixin.py:188} INFO - [2026-05-24T15:12:14.878+0000] {dag.py:3096} INFO - Sync 1 DAGs
[2026-05-24T15:12:14.885+0000] {logging_mixin.py:188} INFO - [2026-05-24T15:12:14.885+0000] {dag.py:3954} INFO - Setting next_dagrun for tutorial_taskflow_api to None, run_after=None
[2026-05-24T15:12:14.899+0000] {processor.py:183} INFO - Processing /home/varn1t/ml-pipeline/venv/lib/python3.11/site-packages/airflow/example_dags/tutorial_taskflow_api.py took 0.042 seconds
[2026-05-24T15:12:59.372+0000] {processor.py:161} INFO - Started process (PID=36251) to work on /home/varn1t/ml-pipeline/venv/lib/python3.11/site-packages/airflow/example_dags/tutorial_taskflow_api.py
[2026-05-24T15:12:59.373+0000] {processor.py:830} INFO - Processing file /home/varn1t/ml-pipeline/venv/lib/python3.11/site-packages/airflow/example_dags/tutorial_taskflow_api.py for tasks to queue
[2026-05-24T15:12:59.374+0000] {logging_mixin.py:188} INFO - [2026-05-24T15:12:59.374+0000] {dagbag.py:545} INFO - Filling up the DagBag from /home/varn1t/ml-pipeline/venv/lib/python3.11/site-packages/airflow/example_dags/tutorial_taskflow_api.py
[2026-05-24T15:12:59.380+0000] {processor.py:840} INFO - DAG(s) 'tutorial_taskflow_api' retrieved from /home/varn1t/ml-pipeline/venv/lib/python3.11/site-packages/airflow/example_dags/tutorial_taskflow_api.py
[2026-05-24T15:12:59.394+0000] {logging_mixin.py:188} INFO - [2026-05-24T15:12:59.393+0000] {dag.py:3096} INFO - Sync 1 DAGs
[2026-05-24T15:12:59.402+0000] {logging_mixin.py:188} INFO - [2026-05-24T15:12:59.401+0000] {dag.py:3954} INFO - Setting next_dagrun for tutorial_taskflow_api to None, run_after=None
[2026-05-24T15:12:59.419+0000] {processor.py:183} INFO - Processing /home/varn1t/ml-pipeline/venv/lib/python3.11/site-packages/airflow/example_dags/tutorial_taskflow_api.py took 0.055 seconds
[2026-05-24T15:13:39.993+0000] {processor.py:161} INFO - Started process (PID=36477) to work on /home/varn1t/ml-pipeline/venv/lib/python3.11/site-packages/airflow/example_dags/tutorial_taskflow_api.py
[2026-05-24T15:13:39.994+0000] {processor.py:830} INFO - Processing file /home/varn1t/ml-pipeline/venv/lib/python3.11/site-packages/airflow/example_dags/tutorial_taskflow_api.py for tasks to queue
[2026-05-24T15:13:39.995+0000] {logging_mixin.py:188} INFO - [2026-05-24T15:13:39.994+0000] {dagbag.py:545} INFO - Filling up the DagBag from /home/varn1t/ml-pipeline/venv/lib/python3.11/site-packages/airflow/example_dags/tutorial_taskflow_api.py
[2026-05-24T15:13:39.999+0000] {processor.py:840} INFO - DAG(s) 'tutorial_taskflow_api' retrieved from /home/varn1t/ml-pipeline/venv/lib/python3.11/site-packages/airflow/example_dags/tutorial_taskflow_api.py
[2026-05-24T15:13:40.008+0000] {logging_mixin.py:188} INFO - [2026-05-24T15:13:40.008+0000] {dag.py:3096} INFO - Sync 1 DAGs
[2026-05-24T15:13:40.014+0000] {logging_mixin.py:188} INFO - [2026-05-24T15:13:40.013+0000] {dag.py:3954} INFO - Setting next_dagrun for tutorial_taskflow_api to None, run_after=None
[2026-05-24T15:13:40.027+0000] {processor.py:183} INFO - Processing /home/varn1t/ml-pipeline/venv/lib/python3.11/site-packages/airflow/example_dags/tutorial_taskflow_api.py took 0.039 seconds
[2026-05-24T15:14:20.660+0000] {processor.py:161} INFO - Started process (PID=36657) to work on /home/varn1t/ml-pipeline/venv/lib/python3.11/site-packages/airflow/example_dags/tutorial_taskflow_api.py
[2026-05-24T15:14:20.661+0000] {processor.py:830} INFO - Processing file /home/varn1t/ml-pipeline/venv/lib/python3.11/site-packages/airflow/example_dags/tutorial_taskflow_api.py for tasks to queue
[2026-05-24T15:14:20.661+0000] {logging_mixin.py:188} INFO - [2026-05-24T15:14:20.661+0000] {dagbag.py:545} INFO - Filling up the DagBag from /home/varn1t/ml-pipeline/venv/lib/python3.11/site-packages/airflow/example_dags/tutorial_taskflow_api.py
[2026-05-24T15:14:20.667+0000] {processor.py:840} INFO - DAG(s) 'tutorial_taskflow_api' retrieved from /home/varn1t/ml-pipeline/venv/lib/python3.11/site-packages/airflow/example_dags/tutorial_taskflow_api.py
[2026-05-24T15:14:20.680+0000] {logging_mixin.py:188} INFO - [2026-05-24T15:14:20.680+0000] {dag.py:3096} INFO - Sync 1 DAGs
[2026-05-24T15:14:20.689+0000] {logging_mixin.py:188} INFO - [2026-05-24T15:14:20.689+0000] {dag.py:3954} INFO - Setting next_dagrun for tutorial_taskflow_api to None, run_after=None
[2026-05-24T15:14:20.706+0000] {processor.py:183} INFO - Processing /home/varn1t/ml-pipeline/venv/lib/python3.11/site-packages/airflow/example_dags/tutorial_taskflow_api.py took 0.053 seconds
[2026-05-24T15:14:58.769+0000] {processor.py:161} INFO - Started process (PID=36822) to work on /home/varn1t/ml-pipeline/venv/lib/python3.11/site-packages/airflow/example_dags/tutorial_taskflow_api.py
[2026-05-24T15:14:58.770+0000] {processor.py:830} INFO - Processing file /home/varn1t/ml-pipeline/venv/lib/python3.11/site-packages/airflow/example_dags/tutorial_taskflow_api.py for tasks to queue
[2026-05-24T15:14:58.771+0000] {logging_mixin.py:188} INFO - [2026-05-24T15:14:58.770+0000] {dagbag.py:545} INFO - Filling up the DagBag from /home/varn1t/ml-pipeline/venv/lib/python3.11/site-packages/airflow/example_dags/tutorial_taskflow_api.py
[2026-05-24T15:14:58.777+0000] {processor.py:840} INFO - DAG(s) 'tutorial_taskflow_api' retrieved from /home/varn1t/ml-pipeline/venv/lib/python3.11/site-packages/airflow/example_dags/tutorial_taskflow_api.py
[2026-05-24T15:14:58.793+0000] {logging_mixin.py:188} INFO - [2026-05-24T15:14:58.793+0000] {dag.py:3096} INFO - Sync 1 DAGs
[2026-05-24T15:14:58.803+0000] {logging_mixin.py:188} INFO - [2026-05-24T15:14:58.803+0000] {dag.py:3954} INFO - Setting next_dagrun for tutorial_taskflow_api to None, run_after=None
[2026-05-24T15:14:58.821+0000] {processor.py:183} INFO - Processing /home/varn1t/ml-pipeline/venv/lib/python3.11/site-packages/airflow/example_dags/tutorial_taskflow_api.py took 0.059 seconds
[2026-05-24T15:15:39.128+0000] {processor.py:161} INFO - Started process (PID=37003) to work on /home/varn1t/ml-pipeline/venv/lib/python3.11/site-packages/airflow/example_dags/tutorial_taskflow_api.py
[2026-05-24T15:15:39.129+0000] {processor.py:830} INFO - Processing file /home/varn1t/ml-pipeline/venv/lib/python3.11/site-packages/airflow/example_dags/tutorial_taskflow_api.py for tasks to queue
[2026-05-24T15:15:39.129+0000] {logging_mixin.py:188} INFO - [2026-05-24T15:15:39.129+0000] {dagbag.py:545} INFO - Filling up the DagBag from /home/varn1t/ml-pipeline/venv/lib/python3.11/site-packages/airflow/example_dags/tutorial_taskflow_api.py
[2026-05-24T15:15:39.135+0000] {processor.py:840} INFO - DAG(s) 'tutorial_taskflow_api' retrieved from /home/varn1t/ml-pipeline/venv/lib/python3.11/site-packages/airflow/example_dags/tutorial_taskflow_api.py
[2026-05-24T15:15:39.148+0000] {logging_mixin.py:188} INFO - [2026-05-24T15:15:39.148+0000] {dag.py:3096} INFO - Sync 1 DAGs
[2026-05-24T15:15:39.155+0000] {logging_mixin.py:188} INFO - [2026-05-24T15:15:39.155+0000] {dag.py:3954} INFO - Setting next_dagrun for tutorial_taskflow_api to None, run_after=None
[2026-05-24T15:15:39.172+0000] {processor.py:183} INFO - Processing /home/varn1t/ml-pipeline/venv/lib/python3.11/site-packages/airflow/example_dags/tutorial_taskflow_api.py took 0.050 seconds
[2026-05-24T15:16:17.599+0000] {processor.py:161} INFO - Started process (PID=37177) to work on /home/varn1t/ml-pipeline/venv/lib/python3.11/site-packages/airflow/example_dags/tutorial_taskflow_api.py
[2026-05-24T15:16:17.600+0000] {processor.py:830} INFO - Processing file /home/varn1t/ml-pipeline/venv/lib/python3.11/site-packages/airflow/example_dags/tutorial_taskflow_api.py for tasks to queue
[2026-05-24T15:16:17.601+0000] {logging_mixin.py:188} INFO - [2026-05-24T15:16:17.601+0000] {dagbag.py:545} INFO - Filling up the DagBag from /home/varn1t/ml-pipeline/venv/lib/python3.11/site-packages/airflow/example_dags/tutorial_taskflow_api.py
[2026-05-24T15:16:17.605+0000] {processor.py:840} INFO - DAG(s) 'tutorial_taskflow_api' retrieved from /home/varn1t/ml-pipeline/venv/lib/python3.11/site-packages/airflow/example_dags/tutorial_taskflow_api.py
[2026-05-24T15:16:17.618+0000] {logging_mixin.py:188} INFO - [2026-05-24T15:16:17.618+0000] {dag.py:3096} INFO - Sync 1 DAGs
[2026-05-24T15:16:17.624+0000] {logging_mixin.py:188} INFO - [2026-05-24T15:16:17.624+0000] {dag.py:3954} INFO - Setting next_dagrun for tutorial_taskflow_api to None, run_after=None
[2026-05-24T15:16:17.642+0000] {processor.py:183} INFO - Processing /home/varn1t/ml-pipeline/venv/lib/python3.11/site-packages/airflow/example_dags/tutorial_taskflow_api.py took 0.048 seconds
[2026-05-24T15:16:57.539+0000] {processor.py:161} INFO - Started process (PID=37357) to work on /home/varn1t/ml-pipeline/venv/lib/python3.11/site-packages/airflow/example_dags/tutorial_taskflow_api.py
[2026-05-24T15:16:57.541+0000] {processor.py:830} INFO - Processing file /home/varn1t/ml-pipeline/venv/lib/python3.11/site-packages/airflow/example_dags/tutorial_taskflow_api.py for tasks to queue
[2026-05-24T15:16:57.541+0000] {logging_mixin.py:188} INFO - [2026-05-24T15:16:57.541+0000] {dagbag.py:545} INFO - Filling up the DagBag from /home/varn1t/ml-pipeline/venv/lib/python3.11/site-packages/airflow/example_dags/tutorial_taskflow_api.py
[2026-05-24T15:16:57.547+0000] {processor.py:840} INFO - DAG(s) 'tutorial_taskflow_api' retrieved from /home/varn1t/ml-pipeline/venv/lib/python3.11/site-packages/airflow/example_dags/tutorial_taskflow_api.py
[2026-05-24T15:16:57.558+0000] {logging_mixin.py:188} INFO - [2026-05-24T15:16:57.558+0000] {dag.py:3096} INFO - Sync 1 DAGs
[2026-05-24T15:16:57.565+0000] {logging_mixin.py:188} INFO - [2026-05-24T15:16:57.564+0000] {dag.py:3954} INFO - Setting next_dagrun for tutorial_taskflow_api to None, run_after=None
[2026-05-24T15:16:57.578+0000] {processor.py:183} INFO - Processing /home/varn1t/ml-pipeline/venv/lib/python3.11/site-packages/airflow/example_dags/tutorial_taskflow_api.py took 0.044 seconds
[2026-05-24T15:17:37.909+0000] {processor.py:161} INFO - Started process (PID=37685) to work on /home/varn1t/ml-pipeline/venv/lib/python3.11/site-packages/airflow/example_dags/tutorial_taskflow_api.py
[2026-05-24T15:17:37.910+0000] {processor.py:830} INFO - Processing file /home/varn1t/ml-pipeline/venv/lib/python3.11/site-packages/airflow/example_dags/tutorial_taskflow_api.py for tasks to queue
[2026-05-24T15:17:37.910+0000] {logging_mixin.py:188} INFO - [2026-05-24T15:17:37.910+0000] {dagbag.py:545} INFO - Filling up the DagBag from /home/varn1t/ml-pipeline/venv/lib/python3.11/site-packages/airflow/example_dags/tutorial_taskflow_api.py
[2026-05-24T15:17:37.914+0000] {processor.py:840} INFO - DAG(s) 'tutorial_taskflow_api' retrieved from /home/varn1t/ml-pipeline/venv/lib/python3.11/site-packages/airflow/example_dags/tutorial_taskflow_api.py
[2026-05-24T15:17:37.926+0000] {logging_mixin.py:188} INFO - [2026-05-24T15:17:37.926+0000] {dag.py:3096} INFO - Sync 1 DAGs
[2026-05-24T15:17:37.934+0000] {logging_mixin.py:188} INFO - [2026-05-24T15:17:37.934+0000] {dag.py:3954} INFO - Setting next_dagrun for tutorial_taskflow_api to None, run_after=None
[2026-05-24T15:17:37.951+0000] {processor.py:183} INFO - Processing /home/varn1t/ml-pipeline/venv/lib/python3.11/site-packages/airflow/example_dags/tutorial_taskflow_api.py took 0.049 seconds
[2026-05-24T15:18:17.232+0000] {processor.py:161} INFO - Started process (PID=38066) to work on /home/varn1t/ml-pipeline/venv/lib/python3.11/site-packages/airflow/example_dags/tutorial_taskflow_api.py
[2026-05-24T15:18:17.233+0000] {processor.py:830} INFO - Processing file /home/varn1t/ml-pipeline/venv/lib/python3.11/site-packages/airflow/example_dags/tutorial_taskflow_api.py for tasks to queue
[2026-05-24T15:18:17.234+0000] {logging_mixin.py:188} INFO - [2026-05-24T15:18:17.234+0000] {dagbag.py:545} INFO - Filling up the DagBag from /home/varn1t/ml-pipeline/venv/lib/python3.11/site-packages/airflow/example_dags/tutorial_taskflow_api.py
[2026-05-24T15:18:17.239+0000] {processor.py:840} INFO - DAG(s) 'tutorial_taskflow_api' retrieved from /home/varn1t/ml-pipeline/venv/lib/python3.11/site-packages/airflow/example_dags/tutorial_taskflow_api.py
[2026-05-24T15:18:17.250+0000] {logging_mixin.py:188} INFO - [2026-05-24T15:18:17.249+0000] {dag.py:3096} INFO - Sync 1 DAGs
[2026-05-24T15:18:17.256+0000] {logging_mixin.py:188} INFO - [2026-05-24T15:18:17.256+0000] {dag.py:3954} INFO - Setting next_dagrun for tutorial_taskflow_api to None, run_after=None
[2026-05-24T15:18:17.273+0000] {processor.py:183} INFO - Processing /home/varn1t/ml-pipeline/venv/lib/python3.11/site-packages/airflow/example_dags/tutorial_taskflow_api.py took 0.048 seconds
[2026-05-24T15:18:56.048+0000] {processor.py:161} INFO - Started process (PID=38509) to work on /home/varn1t/ml-pipeline/venv/lib/python3.11/site-packages/airflow/example_dags/tutorial_taskflow_api.py
[2026-05-24T15:18:56.049+0000] {processor.py:830} INFO - Processing file /home/varn1t/ml-pipeline/venv/lib/python3.11/site-packages/airflow/example_dags/tutorial_taskflow_api.py for tasks to queue
[2026-05-24T15:18:56.049+0000] {logging_mixin.py:188} INFO - [2026-05-24T15:18:56.049+0000] {dagbag.py:545} INFO - Filling up the DagBag from /home/varn1t/ml-pipeline/venv/lib/python3.11/site-packages/airflow/example_dags/tutorial_taskflow_api.py
[2026-05-24T15:18:56.056+0000] {processor.py:840} INFO - DAG(s) 'tutorial_taskflow_api' retrieved from /home/varn1t/ml-pipeline/venv/lib/python3.11/site-packages/airflow/example_dags/tutorial_taskflow_api.py
[2026-05-24T15:18:56.068+0000] {logging_mixin.py:188} INFO - [2026-05-24T15:18:56.067+0000] {dag.py:3096} INFO - Sync 1 DAGs
[2026-05-24T15:18:56.075+0000] {logging_mixin.py:188} INFO - [2026-05-24T15:18:56.075+0000] {dag.py:3954} INFO - Setting next_dagrun for tutorial_taskflow_api to None, run_after=None
[2026-05-24T15:18:56.090+0000] {processor.py:183} INFO - Processing /home/varn1t/ml-pipeline/venv/lib/python3.11/site-packages/airflow/example_dags/tutorial_taskflow_api.py took 0.048 seconds
[2026-05-24T15:19:38.218+0000] {processor.py:161} INFO - Started process (PID=38813) to work on /home/varn1t/ml-pipeline/venv/lib/python3.11/site-packages/airflow/example_dags/tutorial_taskflow_api.py
[2026-05-24T15:19:38.219+0000] {processor.py:830} INFO - Processing file /home/varn1t/ml-pipeline/venv/lib/python3.11/site-packages/airflow/example_dags/tutorial_taskflow_api.py for tasks to queue
[2026-05-24T15:19:38.221+0000] {logging_mixin.py:188} INFO - [2026-05-24T15:19:38.221+0000] {dagbag.py:545} INFO - Filling up the DagBag from /home/varn1t/ml-pipeline/venv/lib/python3.11/site-packages/airflow/example_dags/tutorial_taskflow_api.py
[2026-05-24T15:19:38.225+0000] {processor.py:840} INFO - DAG(s) 'tutorial_taskflow_api' retrieved from /home/varn1t/ml-pipeline/venv/lib/python3.11/site-packages/airflow/example_dags/tutorial_taskflow_api.py
[2026-05-24T15:19:38.236+0000] {logging_mixin.py:188} INFO - [2026-05-24T15:19:38.236+0000] {dag.py:3096} INFO - Sync 1 DAGs
[2026-05-24T15:19:38.243+0000] {logging_mixin.py:188} INFO - [2026-05-24T15:19:38.243+0000] {dag.py:3954} INFO - Setting next_dagrun for tutorial_taskflow_api to None, run_after=None
[2026-05-24T15:19:38.262+0000] {processor.py:183} INFO - Processing /home/varn1t/ml-pipeline/venv/lib/python3.11/site-packages/airflow/example_dags/tutorial_taskflow_api.py took 0.050 seconds
[2026-05-24T15:20:18.156+0000] {processor.py:161} INFO - Started process (PID=38992) to work on /home/varn1t/ml-pipeline/venv/lib/python3.11/site-packages/airflow/example_dags/tutorial_taskflow_api.py
[2026-05-24T15:20:18.157+0000] {processor.py:830} INFO - Processing file /home/varn1t/ml-pipeline/venv/lib/python3.11/site-packages/airflow/example_dags/tutorial_taskflow_api.py for tasks to queue
[2026-05-24T15:20:18.157+0000] {logging_mixin.py:188} INFO - [2026-05-24T15:20:18.157+0000] {dagbag.py:545} INFO - Filling up the DagBag from /home/varn1t/ml-pipeline/venv/lib/python3.11/site-packages/airflow/example_dags/tutorial_taskflow_api.py
[2026-05-24T15:20:18.161+0000] {processor.py:840} INFO - DAG(s) 'tutorial_taskflow_api' retrieved from /home/varn1t/ml-pipeline/venv/lib/python3.11/site-packages/airflow/example_dags/tutorial_taskflow_api.py
[2026-05-24T15:20:18.173+0000] {logging_mixin.py:188} INFO - [2026-05-24T15:20:18.173+0000] {dag.py:3096} INFO - Sync 1 DAGs
[2026-05-24T15:20:18.181+0000] {logging_mixin.py:188} INFO - [2026-05-24T15:20:18.181+0000] {dag.py:3954} INFO - Setting next_dagrun for tutorial_taskflow_api to None, run_after=None
[2026-05-24T15:20:18.198+0000] {processor.py:183} INFO - Processing /home/varn1t/ml-pipeline/venv/lib/python3.11/site-packages/airflow/example_dags/tutorial_taskflow_api.py took 0.047 seconds
[2026-05-24T15:21:02.632+0000] {processor.py:161} INFO - Started process (PID=39188) to work on /home/varn1t/ml-pipeline/venv/lib/python3.11/site-packages/airflow/example_dags/tutorial_taskflow_api.py
[2026-05-24T15:21:02.632+0000] {processor.py:830} INFO - Processing file /home/varn1t/ml-pipeline/venv/lib/python3.11/site-packages/airflow/example_dags/tutorial_taskflow_api.py for tasks to queue
[2026-05-24T15:21:02.633+0000] {logging_mixin.py:188} INFO - [2026-05-24T15:21:02.633+0000] {dagbag.py:545} INFO - Filling up the DagBag from /home/varn1t/ml-pipeline/venv/lib/python3.11/site-packages/airflow/example_dags/tutorial_taskflow_api.py
[2026-05-24T15:21:02.637+0000] {processor.py:840} INFO - DAG(s) 'tutorial_taskflow_api' retrieved from /home/varn1t/ml-pipeline/venv/lib/python3.11/site-packages/airflow/example_dags/tutorial_taskflow_api.py
[2026-05-24T15:21:02.648+0000] {logging_mixin.py:188} INFO - [2026-05-24T15:21:02.648+0000] {dag.py:3096} INFO - Sync 1 DAGs
[2026-05-24T15:21:02.655+0000] {logging_mixin.py:188} INFO - [2026-05-24T15:21:02.655+0000] {dag.py:3954} INFO - Setting next_dagrun for tutorial_taskflow_api to None, run_after=None
[2026-05-24T15:21:02.672+0000] {processor.py:183} INFO - Processing /home/varn1t/ml-pipeline/venv/lib/python3.11/site-packages/airflow/example_dags/tutorial_taskflow_api.py took 0.046 seconds
[2026-05-24T15:21:41.848+0000] {processor.py:161} INFO - Started process (PID=39370) to work on /home/varn1t/ml-pipeline/venv/lib/python3.11/site-packages/airflow/example_dags/tutorial_taskflow_api.py
[2026-05-24T15:21:41.849+0000] {processor.py:830} INFO - Processing file /home/varn1t/ml-pipeline/venv/lib/python3.11/site-packages/airflow/example_dags/tutorial_taskflow_api.py for tasks to queue
[2026-05-24T15:21:41.849+0000] {logging_mixin.py:188} INFO - [2026-05-24T15:21:41.849+0000] {dagbag.py:545} INFO - Filling up the DagBag from /home/varn1t/ml-pipeline/venv/lib/python3.11/site-packages/airflow/example_dags/tutorial_taskflow_api.py
[2026-05-24T15:21:41.854+0000] {processor.py:840} INFO - DAG(s) 'tutorial_taskflow_api' retrieved from /home/varn1t/ml-pipeline/venv/lib/python3.11/site-packages/airflow/example_dags/tutorial_taskflow_api.py
[2026-05-24T15:21:41.865+0000] {logging_mixin.py:188} INFO - [2026-05-24T15:21:41.865+0000] {dag.py:3096} INFO - Sync 1 DAGs
[2026-05-24T15:21:41.871+0000] {logging_mixin.py:188} INFO - [2026-05-24T15:21:41.871+0000] {dag.py:3954} INFO - Setting next_dagrun for tutorial_taskflow_api to None, run_after=None
[2026-05-24T15:21:41.889+0000] {processor.py:183} INFO - Processing /home/varn1t/ml-pipeline/venv/lib/python3.11/site-packages/airflow/example_dags/tutorial_taskflow_api.py took 0.048 seconds
[2026-05-24T15:22:21.425+0000] {processor.py:161} INFO - Started process (PID=39763) to work on /home/varn1t/ml-pipeline/venv/lib/python3.11/site-packages/airflow/example_dags/tutorial_taskflow_api.py
[2026-05-24T15:22:21.426+0000] {processor.py:830} INFO - Processing file /home/varn1t/ml-pipeline/venv/lib/python3.11/site-packages/airflow/example_dags/tutorial_taskflow_api.py for tasks to queue
[2026-05-24T15:22:21.427+0000] {logging_mixin.py:188} INFO - [2026-05-24T15:22:21.427+0000] {dagbag.py:545} INFO - Filling up the DagBag from /home/varn1t/ml-pipeline/venv/lib/python3.11/site-packages/airflow/example_dags/tutorial_taskflow_api.py
[2026-05-24T15:22:21.432+0000] {processor.py:840} INFO - DAG(s) 'tutorial_taskflow_api' retrieved from /home/varn1t/ml-pipeline/venv/lib/python3.11/site-packages/airflow/example_dags/tutorial_taskflow_api.py
[2026-05-24T15:22:21.445+0000] {logging_mixin.py:188} INFO - [2026-05-24T15:22:21.445+0000] {dag.py:3096} INFO - Sync 1 DAGs
[2026-05-24T15:22:21.455+0000] {logging_mixin.py:188} INFO - [2026-05-24T15:22:21.455+0000] {dag.py:3954} INFO - Setting next_dagrun for tutorial_taskflow_api to None, run_after=None
[2026-05-24T15:22:21.474+0000] {processor.py:183} INFO - Processing /home/varn1t/ml-pipeline/venv/lib/python3.11/site-packages/airflow/example_dags/tutorial_taskflow_api.py took 0.056 seconds
[2026-05-24T15:23:01.991+0000] {processor.py:161} INFO - Started process (PID=40064) to work on /home/varn1t/ml-pipeline/venv/lib/python3.11/site-packages/airflow/example_dags/tutorial_taskflow_api.py
[2026-05-24T15:23:01.992+0000] {processor.py:830} INFO - Processing file /home/varn1t/ml-pipeline/venv/lib/python3.11/site-packages/airflow/example_dags/tutorial_taskflow_api.py for tasks to queue
[2026-05-24T15:23:01.992+0000] {logging_mixin.py:188} INFO - [2026-05-24T15:23:01.992+0000] {dagbag.py:545} INFO - Filling up the DagBag from /home/varn1t/ml-pipeline/venv/lib/python3.11/site-packages/airflow/example_dags/tutorial_taskflow_api.py
[2026-05-24T15:23:01.998+0000] {processor.py:840} INFO - DAG(s) 'tutorial_taskflow_api' retrieved from /home/varn1t/ml-pipeline/venv/lib/python3.11/site-packages/airflow/example_dags/tutorial_taskflow_api.py
[2026-05-24T15:23:02.008+0000] {logging_mixin.py:188} INFO - [2026-05-24T15:23:02.008+0000] {dag.py:3096} INFO - Sync 1 DAGs
[2026-05-24T15:23:02.014+0000] {logging_mixin.py:188} INFO - [2026-05-24T15:23:02.014+0000] {dag.py:3954} INFO - Setting next_dagrun for tutorial_taskflow_api to None, run_after=None
[2026-05-24T15:23:02.029+0000] {processor.py:183} INFO - Processing /home/varn1t/ml-pipeline/venv/lib/python3.11/site-packages/airflow/example_dags/tutorial_taskflow_api.py took 0.044 seconds
[2026-05-24T15:23:44.696+0000] {processor.py:161} INFO - Started process (PID=40436) to work on /home/varn1t/ml-pipeline/venv/lib/python3.11/site-packages/airflow/example_dags/tutorial_taskflow_api.py
[2026-05-24T15:23:44.697+0000] {processor.py:830} INFO - Processing file /home/varn1t/ml-pipeline/venv/lib/python3.11/site-packages/airflow/example_dags/tutorial_taskflow_api.py for tasks to queue
[2026-05-24T15:23:44.698+0000] {logging_mixin.py:188} INFO - [2026-05-24T15:23:44.697+0000] {dagbag.py:545} INFO - Filling up the DagBag from /home/varn1t/ml-pipeline/venv/lib/python3.11/site-packages/airflow/example_dags/tutorial_taskflow_api.py
[2026-05-24T15:23:44.702+0000] {processor.py:840} INFO - DAG(s) 'tutorial_taskflow_api' retrieved from /home/varn1t/ml-pipeline/venv/lib/python3.11/site-packages/airflow/example_dags/tutorial_taskflow_api.py
[2026-05-24T15:23:44.718+0000] {logging_mixin.py:188} INFO - [2026-05-24T15:23:44.718+0000] {dag.py:3096} INFO - Sync 1 DAGs
[2026-05-24T15:23:44.727+0000] {logging_mixin.py:188} INFO - [2026-05-24T15:23:44.727+0000] {dag.py:3954} INFO - Setting next_dagrun for tutorial_taskflow_api to None, run_after=None
[2026-05-24T15:23:44.745+0000] {processor.py:183} INFO - Processing /home/varn1t/ml-pipeline/venv/lib/python3.11/site-packages/airflow/example_dags/tutorial_taskflow_api.py took 0.055 seconds
[2026-05-24T15:24:27.350+0000] {processor.py:161} INFO - Started process (PID=40656) to work on /home/varn1t/ml-pipeline/venv/lib/python3.11/site-packages/airflow/example_dags/tutorial_taskflow_api.py
[2026-05-24T15:24:27.351+0000] {processor.py:830} INFO - Processing file /home/varn1t/ml-pipeline/venv/lib/python3.11/site-packages/airflow/example_dags/tutorial_taskflow_api.py for tasks to queue
[2026-05-24T15:24:27.351+0000] {logging_mixin.py:188} INFO - [2026-05-24T15:24:27.351+0000] {dagbag.py:545} INFO - Filling up the DagBag from /home/varn1t/ml-pipeline/venv/lib/python3.11/site-packages/airflow/example_dags/tutorial_taskflow_api.py
[2026-05-24T15:24:27.357+0000] {processor.py:840} INFO - DAG(s) 'tutorial_taskflow_api' retrieved from /home/varn1t/ml-pipeline/venv/lib/python3.11/site-packages/airflow/example_dags/tutorial_taskflow_api.py
[2026-05-24T15:24:27.369+0000] {logging_mixin.py:188} INFO - [2026-05-24T15:24:27.369+0000] {dag.py:3096} INFO - Sync 1 DAGs
[2026-05-24T15:24:27.378+0000] {logging_mixin.py:188} INFO - [2026-05-24T15:24:27.378+0000] {dag.py:3954} INFO - Setting next_dagrun for tutorial_taskflow_api to None, run_after=None
[2026-05-24T15:24:27.396+0000] {processor.py:183} INFO - Processing /home/varn1t/ml-pipeline/venv/lib/python3.11/site-packages/airflow/example_dags/tutorial_taskflow_api.py took 0.054 seconds
[2026-05-24T15:25:54.497+0000] {processor.py:161} INFO - Started process (PID=42313) to work on /home/varn1t/ml-pipeline/venv/lib/python3.11/site-packages/airflow/example_dags/tutorial_taskflow_api.py
[2026-05-24T15:25:54.498+0000] {processor.py:830} INFO - Processing file /home/varn1t/ml-pipeline/venv/lib/python3.11/site-packages/airflow/example_dags/tutorial_taskflow_api.py for tasks to queue
[2026-05-24T15:25:54.498+0000] {logging_mixin.py:188} INFO - [2026-05-24T15:25:54.498+0000] {dagbag.py:545} INFO - Filling up the DagBag from /home/varn1t/ml-pipeline/venv/lib/python3.11/site-packages/airflow/example_dags/tutorial_taskflow_api.py
[2026-05-24T15:25:54.503+0000] {processor.py:840} INFO - DAG(s) 'tutorial_taskflow_api' retrieved from /home/varn1t/ml-pipeline/venv/lib/python3.11/site-packages/airflow/example_dags/tutorial_taskflow_api.py
[2026-05-24T15:25:54.514+0000] {logging_mixin.py:188} INFO - [2026-05-24T15:25:54.514+0000] {dag.py:3096} INFO - Sync 1 DAGs
[2026-05-24T15:25:54.520+0000] {logging_mixin.py:188} INFO - [2026-05-24T15:25:54.520+0000] {dag.py:3954} INFO - Setting next_dagrun for tutorial_taskflow_api to None, run_after=None
[2026-05-24T15:25:54.535+0000] {processor.py:183} INFO - Processing /home/varn1t/ml-pipeline/venv/lib/python3.11/site-packages/airflow/example_dags/tutorial_taskflow_api.py took 0.043 seconds
[2026-05-24T15:26:31.062+0000] {processor.py:161} INFO - Started process (PID=42483) to work on /home/varn1t/ml-pipeline/venv/lib/python3.11/site-packages/airflow/example_dags/tutorial_taskflow_api.py
[2026-05-24T15:26:31.063+0000] {processor.py:830} INFO - Processing file /home/varn1t/ml-pipeline/venv/lib/python3.11/site-packages/airflow/example_dags/tutorial_taskflow_api.py for tasks to queue
[2026-05-24T15:26:31.063+0000] {logging_mixin.py:188} INFO - [2026-05-24T15:26:31.063+0000] {dagbag.py:545} INFO - Filling up the DagBag from /home/varn1t/ml-pipeline/venv/lib/python3.11/site-packages/airflow/example_dags/tutorial_taskflow_api.py
[2026-05-24T15:26:31.069+0000] {processor.py:840} INFO - DAG(s) 'tutorial_taskflow_api' retrieved from /home/varn1t/ml-pipeline/venv/lib/python3.11/site-packages/airflow/example_dags/tutorial_taskflow_api.py
[2026-05-24T15:26:31.083+0000] {logging_mixin.py:188} INFO - [2026-05-24T15:26:31.083+0000] {dag.py:3096} INFO - Sync 1 DAGs
[2026-05-24T15:26:31.091+0000] {logging_mixin.py:188} INFO - [2026-05-24T15:26:31.091+0000] {dag.py:3954} INFO - Setting next_dagrun for tutorial_taskflow_api to None, run_after=None
[2026-05-24T15:26:31.108+0000] {processor.py:183} INFO - Processing /home/varn1t/ml-pipeline/venv/lib/python3.11/site-packages/airflow/example_dags/tutorial_taskflow_api.py took 0.053 seconds
[2026-05-24T15:27:12.154+0000] {processor.py:161} INFO - Started process (PID=42738) to work on /home/varn1t/ml-pipeline/venv/lib/python3.11/site-packages/airflow/example_dags/tutorial_taskflow_api.py
[2026-05-24T15:27:12.155+0000] {processor.py:830} INFO - Processing file /home/varn1t/ml-pipeline/venv/lib/python3.11/site-packages/airflow/example_dags/tutorial_taskflow_api.py for tasks to queue
[2026-05-24T15:27:12.155+0000] {logging_mixin.py:188} INFO - [2026-05-24T15:27:12.155+0000] {dagbag.py:545} INFO - Filling up the DagBag from /home/varn1t/ml-pipeline/venv/lib/python3.11/site-packages/airflow/example_dags/tutorial_taskflow_api.py
[2026-05-24T15:27:12.159+0000] {processor.py:840} INFO - DAG(s) 'tutorial_taskflow_api' retrieved from /home/varn1t/ml-pipeline/venv/lib/python3.11/site-packages/airflow/example_dags/tutorial_taskflow_api.py
[2026-05-24T15:27:12.172+0000] {logging_mixin.py:188} INFO - [2026-05-24T15:27:12.172+0000] {dag.py:3096} INFO - Sync 1 DAGs
[2026-05-24T15:27:12.183+0000] {logging_mixin.py:188} INFO - [2026-05-24T15:27:12.183+0000] {dag.py:3954} INFO - Setting next_dagrun for tutorial_taskflow_api to None, run_after=None
[2026-05-24T15:27:12.201+0000] {processor.py:183} INFO - Processing /home/varn1t/ml-pipeline/venv/lib/python3.11/site-packages/airflow/example_dags/tutorial_taskflow_api.py took 0.053 seconds
[2026-05-24T15:27:55.413+0000] {processor.py:161} INFO - Started process (PID=42997) to work on /home/varn1t/ml-pipeline/venv/lib/python3.11/site-packages/airflow/example_dags/tutorial_taskflow_api.py
[2026-05-24T15:27:55.414+0000] {processor.py:830} INFO - Processing file /home/varn1t/ml-pipeline/venv/lib/python3.11/site-packages/airflow/example_dags/tutorial_taskflow_api.py for tasks to queue
[2026-05-24T15:27:55.414+0000] {logging_mixin.py:188} INFO - [2026-05-24T15:27:55.414+0000] {dagbag.py:545} INFO - Filling up the DagBag from /home/varn1t/ml-pipeline/venv/lib/python3.11/site-packages/airflow/example_dags/tutorial_taskflow_api.py
[2026-05-24T15:27:55.419+0000] {processor.py:840} INFO - DAG(s) 'tutorial_taskflow_api' retrieved from /home/varn1t/ml-pipeline/venv/lib/python3.11/site-packages/airflow/example_dags/tutorial_taskflow_api.py
[2026-05-24T15:27:55.430+0000] {logging_mixin.py:188} INFO - [2026-05-24T15:27:55.430+0000] {dag.py:3096} INFO - Sync 1 DAGs
[2026-05-24T15:27:55.437+0000] {logging_mixin.py:188} INFO - [2026-05-24T15:27:55.437+0000] {dag.py:3954} INFO - Setting next_dagrun for tutorial_taskflow_api to None, run_after=None
[2026-05-24T15:27:55.454+0000] {processor.py:183} INFO - Processing /home/varn1t/ml-pipeline/venv/lib/python3.11/site-packages/airflow/example_dags/tutorial_taskflow_api.py took 0.047 seconds
[2026-05-24T15:29:08.963+0000] {processor.py:161} INFO - Started process (PID=43785) to work on /home/varn1t/ml-pipeline/venv/lib/python3.11/site-packages/airflow/example_dags/tutorial_taskflow_api.py
[2026-05-24T15:29:08.964+0000] {processor.py:830} INFO - Processing file /home/varn1t/ml-pipeline/venv/lib/python3.11/site-packages/airflow/example_dags/tutorial_taskflow_api.py for tasks to queue
[2026-05-24T15:29:08.965+0000] {logging_mixin.py:188} INFO - [2026-05-24T15:29:08.965+0000] {dagbag.py:545} INFO - Filling up the DagBag from /home/varn1t/ml-pipeline/venv/lib/python3.11/site-packages/airflow/example_dags/tutorial_taskflow_api.py
[2026-05-24T15:29:08.970+0000] {processor.py:840} INFO - DAG(s) 'tutorial_taskflow_api' retrieved from /home/varn1t/ml-pipeline/venv/lib/python3.11/site-packages/airflow/example_dags/tutorial_taskflow_api.py
[2026-05-24T15:29:08.982+0000] {logging_mixin.py:188} INFO - [2026-05-24T15:29:08.982+0000] {dag.py:3096} INFO - Sync 1 DAGs
[2026-05-24T15:29:08.990+0000] {logging_mixin.py:188} INFO - [2026-05-24T15:29:08.990+0000] {dag.py:3954} INFO - Setting next_dagrun for tutorial_taskflow_api to None, run_after=None
[2026-05-24T15:29:09.007+0000] {processor.py:183} INFO - Processing /home/varn1t/ml-pipeline/venv/lib/python3.11/site-packages/airflow/example_dags/tutorial_taskflow_api.py took 0.051 seconds
[2026-05-24T15:29:50.050+0000] {processor.py:161} INFO - Started process (PID=44006) to work on /home/varn1t/ml-pipeline/venv/lib/python3.11/site-packages/airflow/example_dags/tutorial_taskflow_api.py
[2026-05-24T15:29:50.051+0000] {processor.py:830} INFO - Processing file /home/varn1t/ml-pipeline/venv/lib/python3.11/site-packages/airflow/example_dags/tutorial_taskflow_api.py for tasks to queue
[2026-05-24T15:29:50.052+0000] {logging_mixin.py:188} INFO - [2026-05-24T15:29:50.051+0000] {dagbag.py:545} INFO - Filling up the DagBag from /home/varn1t/ml-pipeline/venv/lib/python3.11/site-packages/airflow/example_dags/tutorial_taskflow_api.py
[2026-05-24T15:29:50.056+0000] {processor.py:840} INFO - DAG(s) 'tutorial_taskflow_api' retrieved from /home/varn1t/ml-pipeline/venv/lib/python3.11/site-packages/airflow/example_dags/tutorial_taskflow_api.py
[2026-05-24T15:29:50.068+0000] {logging_mixin.py:188} INFO - [2026-05-24T15:29:50.068+0000] {dag.py:3096} INFO - Sync 1 DAGs
[2026-05-24T15:29:50.076+0000] {logging_mixin.py:188} INFO - [2026-05-24T15:29:50.075+0000] {dag.py:3954} INFO - Setting next_dagrun for tutorial_taskflow_api to None, run_after=None
[2026-05-24T15:29:50.094+0000] {processor.py:183} INFO - Processing /home/varn1t/ml-pipeline/venv/lib/python3.11/site-packages/airflow/example_dags/tutorial_taskflow_api.py took 0.050 seconds
[2026-05-24T15:30:40.758+0000] {processor.py:161} INFO - Started process (PID=44539) to work on /home/varn1t/ml-pipeline/venv/lib/python3.11/site-packages/airflow/example_dags/tutorial_taskflow_api.py
[2026-05-24T15:30:40.759+0000] {processor.py:830} INFO - Processing file /home/varn1t/ml-pipeline/venv/lib/python3.11/site-packages/airflow/example_dags/tutorial_taskflow_api.py for tasks to queue
[2026-05-24T15:30:40.760+0000] {logging_mixin.py:188} INFO - [2026-05-24T15:30:40.760+0000] {dagbag.py:545} INFO - Filling up the DagBag from /home/varn1t/ml-pipeline/venv/lib/python3.11/site-packages/airflow/example_dags/tutorial_taskflow_api.py
[2026-05-24T15:30:40.765+0000] {processor.py:840} INFO - DAG(s) 'tutorial_taskflow_api' retrieved from /home/varn1t/ml-pipeline/venv/lib/python3.11/site-packages/airflow/example_dags/tutorial_taskflow_api.py
[2026-05-24T15:30:40.776+0000] {logging_mixin.py:188} INFO - [2026-05-24T15:30:40.776+0000] {dag.py:3096} INFO - Sync 1 DAGs
[2026-05-24T15:30:40.784+0000] {logging_mixin.py:188} INFO - [2026-05-24T15:30:40.784+0000] {dag.py:3954} INFO - Setting next_dagrun for tutorial_taskflow_api to None, run_after=None
[2026-05-24T15:30:40.799+0000] {processor.py:183} INFO - Processing /home/varn1t/ml-pipeline/venv/lib/python3.11/site-packages/airflow/example_dags/tutorial_taskflow_api.py took 0.047 seconds
[2026-05-24T15:31:25.658+0000] {processor.py:161} INFO - Started process (PID=45016) to work on /home/varn1t/ml-pipeline/venv/lib/python3.11/site-packages/airflow/example_dags/tutorial_taskflow_api.py
[2026-05-24T15:31:25.659+0000] {processor.py:830} INFO - Processing file /home/varn1t/ml-pipeline/venv/lib/python3.11/site-packages/airflow/example_dags/tutorial_taskflow_api.py for tasks to queue
[2026-05-24T15:31:25.659+0000] {logging_mixin.py:188} INFO - [2026-05-24T15:31:25.659+0000] {dagbag.py:545} INFO - Filling up the DagBag from /home/varn1t/ml-pipeline/venv/lib/python3.11/site-packages/airflow/example_dags/tutorial_taskflow_api.py
[2026-05-24T15:31:25.664+0000] {processor.py:840} INFO - DAG(s) 'tutorial_taskflow_api' retrieved from /home/varn1t/ml-pipeline/venv/lib/python3.11/site-packages/airflow/example_dags/tutorial_taskflow_api.py
[2026-05-24T15:31:25.675+0000] {logging_mixin.py:188} INFO - [2026-05-24T15:31:25.674+0000] {dag.py:3096} INFO - Sync 1 DAGs
[2026-05-24T15:31:25.681+0000] {logging_mixin.py:188} INFO - [2026-05-24T15:31:25.681+0000] {dag.py:3954} INFO - Setting next_dagrun for tutorial_taskflow_api to None, run_after=None
[2026-05-24T15:31:25.697+0000] {processor.py:183} INFO - Processing /home/varn1t/ml-pipeline/venv/lib/python3.11/site-packages/airflow/example_dags/tutorial_taskflow_api.py took 0.045 seconds
[2026-05-24T15:32:07.310+0000] {processor.py:161} INFO - Started process (PID=45486) to work on /home/varn1t/ml-pipeline/venv/lib/python3.11/site-packages/airflow/example_dags/tutorial_taskflow_api.py
[2026-05-24T15:32:07.311+0000] {processor.py:830} INFO - Processing file /home/varn1t/ml-pipeline/venv/lib/python3.11/site-packages/airflow/example_dags/tutorial_taskflow_api.py for tasks to queue
[2026-05-24T15:32:07.312+0000] {logging_mixin.py:188} INFO - [2026-05-24T15:32:07.311+0000] {dagbag.py:545} INFO - Filling up the DagBag from /home/varn1t/ml-pipeline/venv/lib/python3.11/site-packages/airflow/example_dags/tutorial_taskflow_api.py
[2026-05-24T15:32:07.317+0000] {processor.py:840} INFO - DAG(s) 'tutorial_taskflow_api' retrieved from /home/varn1t/ml-pipeline/venv/lib/python3.11/site-packages/airflow/example_dags/tutorial_taskflow_api.py
[2026-05-24T15:32:07.330+0000] {logging_mixin.py:188} INFO - [2026-05-24T15:32:07.330+0000] {dag.py:3096} INFO - Sync 1 DAGs
[2026-05-24T15:32:07.338+0000] {logging_mixin.py:188} INFO - [2026-05-24T15:32:07.338+0000] {dag.py:3954} INFO - Setting next_dagrun for tutorial_taskflow_api to None, run_after=None
[2026-05-24T15:32:07.354+0000] {processor.py:183} INFO - Processing /home/varn1t/ml-pipeline/venv/lib/python3.11/site-packages/airflow/example_dags/tutorial_taskflow_api.py took 0.050 seconds
[2026-05-24T15:32:52.808+0000] {processor.py:161} INFO - Started process (PID=45736) to work on /home/varn1t/ml-pipeline/venv/lib/python3.11/site-packages/airflow/example_dags/tutorial_taskflow_api.py
[2026-05-24T15:32:52.809+0000] {processor.py:830} INFO - Processing file /home/varn1t/ml-pipeline/venv/lib/python3.11/site-packages/airflow/example_dags/tutorial_taskflow_api.py for tasks to queue
[2026-05-24T15:32:52.809+0000] {logging_mixin.py:188} INFO - [2026-05-24T15:32:52.809+0000] {dagbag.py:545} INFO - Filling up the DagBag from /home/varn1t/ml-pipeline/venv/lib/python3.11/site-packages/airflow/example_dags/tutorial_taskflow_api.py
[2026-05-24T15:32:52.816+0000] {processor.py:840} INFO - DAG(s) 'tutorial_taskflow_api' retrieved from /home/varn1t/ml-pipeline/venv/lib/python3.11/site-packages/airflow/example_dags/tutorial_taskflow_api.py
[2026-05-24T15:32:52.827+0000] {logging_mixin.py:188} INFO - [2026-05-24T15:32:52.827+0000] {dag.py:3096} INFO - Sync 1 DAGs
[2026-05-24T15:32:52.834+0000] {logging_mixin.py:188} INFO - [2026-05-24T15:32:52.834+0000] {dag.py:3954} INFO - Setting next_dagrun for tutorial_taskflow_api to None, run_after=None
[2026-05-24T15:32:52.854+0000] {processor.py:183} INFO - Processing /home/varn1t/ml-pipeline/venv/lib/python3.11/site-packages/airflow/example_dags/tutorial_taskflow_api.py took 0.052 seconds
[2026-05-24T15:33:38.795+0000] {processor.py:161} INFO - Started process (PID=45933) to work on /home/varn1t/ml-pipeline/venv/lib/python3.11/site-packages/airflow/example_dags/tutorial_taskflow_api.py
[2026-05-24T15:33:38.796+0000] {processor.py:830} INFO - Processing file /home/varn1t/ml-pipeline/venv/lib/python3.11/site-packages/airflow/example_dags/tutorial_taskflow_api.py for tasks to queue
[2026-05-24T15:33:38.797+0000] {logging_mixin.py:188} INFO - [2026-05-24T15:33:38.797+0000] {dagbag.py:545} INFO - Filling up the DagBag from /home/varn1t/ml-pipeline/venv/lib/python3.11/site-packages/airflow/example_dags/tutorial_taskflow_api.py
[2026-05-24T15:33:38.803+0000] {processor.py:840} INFO - DAG(s) 'tutorial_taskflow_api' retrieved from /home/varn1t/ml-pipeline/venv/lib/python3.11/site-packages/airflow/example_dags/tutorial_taskflow_api.py
[2026-05-24T15:33:38.817+0000] {logging_mixin.py:188} INFO - [2026-05-24T15:33:38.816+0000] {dag.py:3096} INFO - Sync 1 DAGs
[2026-05-24T15:33:38.824+0000] {logging_mixin.py:188} INFO - [2026-05-24T15:33:38.824+0000] {dag.py:3954} INFO - Setting next_dagrun for tutorial_taskflow_api to None, run_after=None
[2026-05-24T15:33:38.841+0000] {processor.py:183} INFO - Processing /home/varn1t/ml-pipeline/venv/lib/python3.11/site-packages/airflow/example_dags/tutorial_taskflow_api.py took 0.053 seconds
[2026-05-24T15:34:21.289+0000] {processor.py:161} INFO - Started process (PID=46188) to work on /home/varn1t/ml-pipeline/venv/lib/python3.11/site-packages/airflow/example_dags/tutorial_taskflow_api.py
[2026-05-24T15:34:21.290+0000] {processor.py:830} INFO - Processing file /home/varn1t/ml-pipeline/venv/lib/python3.11/site-packages/airflow/example_dags/tutorial_taskflow_api.py for tasks to queue
[2026-05-24T15:34:21.291+0000] {logging_mixin.py:188} INFO - [2026-05-24T15:34:21.291+0000] {dagbag.py:545} INFO - Filling up the DagBag from /home/varn1t/ml-pipeline/venv/lib/python3.11/site-packages/airflow/example_dags/tutorial_taskflow_api.py
[2026-05-24T15:34:21.296+0000] {processor.py:840} INFO - DAG(s) 'tutorial_taskflow_api' retrieved from /home/varn1t/ml-pipeline/venv/lib/python3.11/site-packages/airflow/example_dags/tutorial_taskflow_api.py
[2026-05-24T15:34:21.307+0000] {logging_mixin.py:188} INFO - [2026-05-24T15:34:21.307+0000] {dag.py:3096} INFO - Sync 1 DAGs
[2026-05-24T15:34:21.314+0000] {logging_mixin.py:188} INFO - [2026-05-24T15:34:21.314+0000] {dag.py:3954} INFO - Setting next_dagrun for tutorial_taskflow_api to None, run_after=None
[2026-05-24T15:34:21.332+0000] {processor.py:183} INFO - Processing /home/varn1t/ml-pipeline/venv/lib/python3.11/site-packages/airflow/example_dags/tutorial_taskflow_api.py took 0.049 seconds
[2026-05-24T15:41:29.256+0000] {processor.py:161} INFO - Started process (PID=1674) to work on /home/varn1t/ml-pipeline/venv/lib/python3.11/site-packages/airflow/example_dags/tutorial_taskflow_api.py
[2026-05-24T15:41:29.257+0000] {processor.py:830} INFO - Processing file /home/varn1t/ml-pipeline/venv/lib/python3.11/site-packages/airflow/example_dags/tutorial_taskflow_api.py for tasks to queue
[2026-05-24T15:41:29.259+0000] {logging_mixin.py:188} INFO - [2026-05-24T15:41:29.259+0000] {dagbag.py:545} INFO - Filling up the DagBag from /home/varn1t/ml-pipeline/venv/lib/python3.11/site-packages/airflow/example_dags/tutorial_taskflow_api.py
[2026-05-24T15:41:29.267+0000] {processor.py:840} INFO - DAG(s) 'tutorial_taskflow_api' retrieved from /home/varn1t/ml-pipeline/venv/lib/python3.11/site-packages/airflow/example_dags/tutorial_taskflow_api.py
[2026-05-24T15:41:29.287+0000] {logging_mixin.py:188} INFO - [2026-05-24T15:41:29.287+0000] {dag.py:3096} INFO - Sync 1 DAGs
[2026-05-24T15:41:29.295+0000] {logging_mixin.py:188} INFO - [2026-05-24T15:41:29.295+0000] {dag.py:3954} INFO - Setting next_dagrun for tutorial_taskflow_api to None, run_after=None
[2026-05-24T15:41:29.316+0000] {processor.py:183} INFO - Processing /home/varn1t/ml-pipeline/venv/lib/python3.11/site-packages/airflow/example_dags/tutorial_taskflow_api.py took 0.066 seconds
[2026-05-24T15:42:23.629+0000] {processor.py:161} INFO - Started process (PID=2500) to work on /home/varn1t/ml-pipeline/venv/lib/python3.11/site-packages/airflow/example_dags/tutorial_taskflow_api.py
[2026-05-24T15:42:23.631+0000] {processor.py:830} INFO - Processing file /home/varn1t/ml-pipeline/venv/lib/python3.11/site-packages/airflow/example_dags/tutorial_taskflow_api.py for tasks to queue
[2026-05-24T15:42:23.632+0000] {logging_mixin.py:188} INFO - [2026-05-24T15:42:23.632+0000] {dagbag.py:545} INFO - Filling up the DagBag from /home/varn1t/ml-pipeline/venv/lib/python3.11/site-packages/airflow/example_dags/tutorial_taskflow_api.py
[2026-05-24T15:42:23.639+0000] {processor.py:840} INFO - DAG(s) 'tutorial_taskflow_api' retrieved from /home/varn1t/ml-pipeline/venv/lib/python3.11/site-packages/airflow/example_dags/tutorial_taskflow_api.py
[2026-05-24T15:42:23.655+0000] {logging_mixin.py:188} INFO - [2026-05-24T15:42:23.654+0000] {dag.py:3096} INFO - Sync 1 DAGs
[2026-05-24T15:42:23.666+0000] {logging_mixin.py:188} INFO - [2026-05-24T15:42:23.666+0000] {dag.py:3954} INFO - Setting next_dagrun for tutorial_taskflow_api to None, run_after=None
[2026-05-24T15:42:23.688+0000] {processor.py:183} INFO - Processing /home/varn1t/ml-pipeline/venv/lib/python3.11/site-packages/airflow/example_dags/tutorial_taskflow_api.py took 0.064 seconds
[2026-05-24T15:43:05.364+0000] {processor.py:161} INFO - Started process (PID=2683) to work on /home/varn1t/ml-pipeline/venv/lib/python3.11/site-packages/airflow/example_dags/tutorial_taskflow_api.py
[2026-05-24T15:43:05.365+0000] {processor.py:830} INFO - Processing file /home/varn1t/ml-pipeline/venv/lib/python3.11/site-packages/airflow/example_dags/tutorial_taskflow_api.py for tasks to queue
[2026-05-24T15:43:05.367+0000] {logging_mixin.py:188} INFO - [2026-05-24T15:43:05.366+0000] {dagbag.py:545} INFO - Filling up the DagBag from /home/varn1t/ml-pipeline/venv/lib/python3.11/site-packages/airflow/example_dags/tutorial_taskflow_api.py
[2026-05-24T15:43:05.374+0000] {processor.py:840} INFO - DAG(s) 'tutorial_taskflow_api' retrieved from /home/varn1t/ml-pipeline/venv/lib/python3.11/site-packages/airflow/example_dags/tutorial_taskflow_api.py
[2026-05-24T15:43:05.390+0000] {logging_mixin.py:188} INFO - [2026-05-24T15:43:05.390+0000] {dag.py:3096} INFO - Sync 1 DAGs
[2026-05-24T15:43:05.402+0000] {logging_mixin.py:188} INFO - [2026-05-24T15:43:05.401+0000] {dag.py:3954} INFO - Setting next_dagrun for tutorial_taskflow_api to None, run_after=None
[2026-05-24T15:43:05.432+0000] {processor.py:183} INFO - Processing /home/varn1t/ml-pipeline/venv/lib/python3.11/site-packages/airflow/example_dags/tutorial_taskflow_api.py took 0.073 seconds
[2026-05-24T15:43:57.140+0000] {processor.py:161} INFO - Started process (PID=2947) to work on /home/varn1t/ml-pipeline/venv/lib/python3.11/site-packages/airflow/example_dags/tutorial_taskflow_api.py
[2026-05-24T15:43:57.141+0000] {processor.py:830} INFO - Processing file /home/varn1t/ml-pipeline/venv/lib/python3.11/site-packages/airflow/example_dags/tutorial_taskflow_api.py for tasks to queue
[2026-05-24T15:43:57.142+0000] {logging_mixin.py:188} INFO - [2026-05-24T15:43:57.142+0000] {dagbag.py:545} INFO - Filling up the DagBag from /home/varn1t/ml-pipeline/venv/lib/python3.11/site-packages/airflow/example_dags/tutorial_taskflow_api.py
[2026-05-24T15:43:57.148+0000] {processor.py:840} INFO - DAG(s) 'tutorial_taskflow_api' retrieved from /home/varn1t/ml-pipeline/venv/lib/python3.11/site-packages/airflow/example_dags/tutorial_taskflow_api.py
[2026-05-24T15:43:57.270+0000] {logging_mixin.py:188} INFO - [2026-05-24T15:43:57.270+0000] {dag.py:3096} INFO - Sync 1 DAGs
[2026-05-24T15:43:57.275+0000] {logging_mixin.py:188} INFO - [2026-05-24T15:43:57.275+0000] {dag.py:3954} INFO - Setting next_dagrun for tutorial_taskflow_api to None, run_after=None
[2026-05-24T15:43:57.292+0000] {processor.py:183} INFO - Processing /home/varn1t/ml-pipeline/venv/lib/python3.11/site-packages/airflow/example_dags/tutorial_taskflow_api.py took 0.156 seconds
[2026-05-24T15:44:40.774+0000] {processor.py:161} INFO - Started process (PID=3259) to work on /home/varn1t/ml-pipeline/venv/lib/python3.11/site-packages/airflow/example_dags/tutorial_taskflow_api.py
[2026-05-24T15:44:40.775+0000] {processor.py:830} INFO - Processing file /home/varn1t/ml-pipeline/venv/lib/python3.11/site-packages/airflow/example_dags/tutorial_taskflow_api.py for tasks to queue
[2026-05-24T15:44:40.776+0000] {logging_mixin.py:188} INFO - [2026-05-24T15:44:40.776+0000] {dagbag.py:545} INFO - Filling up the DagBag from /home/varn1t/ml-pipeline/venv/lib/python3.11/site-packages/airflow/example_dags/tutorial_taskflow_api.py
[2026-05-24T15:44:40.780+0000] {processor.py:840} INFO - DAG(s) 'tutorial_taskflow_api' retrieved from /home/varn1t/ml-pipeline/venv/lib/python3.11/site-packages/airflow/example_dags/tutorial_taskflow_api.py
[2026-05-24T15:44:40.791+0000] {logging_mixin.py:188} INFO - [2026-05-24T15:44:40.791+0000] {dag.py:3096} INFO - Sync 1 DAGs
[2026-05-24T15:44:40.800+0000] {logging_mixin.py:188} INFO - [2026-05-24T15:44:40.800+0000] {dag.py:3954} INFO - Setting next_dagrun for tutorial_taskflow_api to None, run_after=None
[2026-05-24T15:44:40.815+0000] {processor.py:183} INFO - Processing /home/varn1t/ml-pipeline/venv/lib/python3.11/site-packages/airflow/example_dags/tutorial_taskflow_api.py took 0.046 seconds
[2026-05-24T15:45:21.551+0000] {processor.py:161} INFO - Started process (PID=3550) to work on /home/varn1t/ml-pipeline/venv/lib/python3.11/site-packages/airflow/example_dags/tutorial_taskflow_api.py
[2026-05-24T15:45:21.556+0000] {processor.py:830} INFO - Processing file /home/varn1t/ml-pipeline/venv/lib/python3.11/site-packages/airflow/example_dags/tutorial_taskflow_api.py for tasks to queue
[2026-05-24T15:45:21.565+0000] {logging_mixin.py:188} INFO - [2026-05-24T15:45:21.562+0000] {dagbag.py:545} INFO - Filling up the DagBag from /home/varn1t/ml-pipeline/venv/lib/python3.11/site-packages/airflow/example_dags/tutorial_taskflow_api.py
[2026-05-24T15:45:21.593+0000] {processor.py:840} INFO - DAG(s) 'tutorial_taskflow_api' retrieved from /home/varn1t/ml-pipeline/venv/lib/python3.11/site-packages/airflow/example_dags/tutorial_taskflow_api.py
[2026-05-24T15:45:21.634+0000] {logging_mixin.py:188} INFO - [2026-05-24T15:45:21.633+0000] {dag.py:3096} INFO - Sync 1 DAGs
[2026-05-24T15:45:21.658+0000] {logging_mixin.py:188} INFO - [2026-05-24T15:45:21.658+0000] {dag.py:3954} INFO - Setting next_dagrun for tutorial_taskflow_api to None, run_after=None
[2026-05-24T15:45:21.705+0000] {processor.py:183} INFO - Processing /home/varn1t/ml-pipeline/venv/lib/python3.11/site-packages/airflow/example_dags/tutorial_taskflow_api.py took 0.192 seconds
[2026-05-24T15:46:18.304+0000] {processor.py:161} INFO - Started process (PID=3994) to work on /home/varn1t/ml-pipeline/venv/lib/python3.11/site-packages/airflow/example_dags/tutorial_taskflow_api.py
[2026-05-24T15:46:18.308+0000] {processor.py:830} INFO - Processing file /home/varn1t/ml-pipeline/venv/lib/python3.11/site-packages/airflow/example_dags/tutorial_taskflow_api.py for tasks to queue
[2026-05-24T15:46:18.314+0000] {logging_mixin.py:188} INFO - [2026-05-24T15:46:18.313+0000] {dagbag.py:545} INFO - Filling up the DagBag from /home/varn1t/ml-pipeline/venv/lib/python3.11/site-packages/airflow/example_dags/tutorial_taskflow_api.py
[2026-05-24T15:46:18.352+0000] {processor.py:840} INFO - DAG(s) 'tutorial_taskflow_api' retrieved from /home/varn1t/ml-pipeline/venv/lib/python3.11/site-packages/airflow/example_dags/tutorial_taskflow_api.py
[2026-05-24T15:46:18.411+0000] {logging_mixin.py:188} INFO - [2026-05-24T15:46:18.411+0000] {dag.py:3096} INFO - Sync 1 DAGs
[2026-05-24T15:46:18.444+0000] {logging_mixin.py:188} INFO - [2026-05-24T15:46:18.443+0000] {dag.py:3954} INFO - Setting next_dagrun for tutorial_taskflow_api to None, run_after=None
[2026-05-24T15:46:18.480+0000] {processor.py:183} INFO - Processing /home/varn1t/ml-pipeline/venv/lib/python3.11/site-packages/airflow/example_dags/tutorial_taskflow_api.py took 0.203 seconds
[2026-05-24T15:47:10.823+0000] {processor.py:161} INFO - Started process (PID=4434) to work on /home/varn1t/ml-pipeline/venv/lib/python3.11/site-packages/airflow/example_dags/tutorial_taskflow_api.py
[2026-05-24T15:47:10.825+0000] {processor.py:830} INFO - Processing file /home/varn1t/ml-pipeline/venv/lib/python3.11/site-packages/airflow/example_dags/tutorial_taskflow_api.py for tasks to queue
[2026-05-24T15:47:10.826+0000] {logging_mixin.py:188} INFO - [2026-05-24T15:47:10.826+0000] {dagbag.py:545} INFO - Filling up the DagBag from /home/varn1t/ml-pipeline/venv/lib/python3.11/site-packages/airflow/example_dags/tutorial_taskflow_api.py
[2026-05-24T15:47:10.838+0000] {processor.py:840} INFO - DAG(s) 'tutorial_taskflow_api' retrieved from /home/varn1t/ml-pipeline/venv/lib/python3.11/site-packages/airflow/example_dags/tutorial_taskflow_api.py
[2026-05-24T15:47:10.862+0000] {logging_mixin.py:188} INFO - [2026-05-24T15:47:10.862+0000] {dag.py:3096} INFO - Sync 1 DAGs
[2026-05-24T15:47:10.875+0000] {logging_mixin.py:188} INFO - [2026-05-24T15:47:10.875+0000] {dag.py:3954} INFO - Setting next_dagrun for tutorial_taskflow_api to None, run_after=None
[2026-05-24T15:47:10.894+0000] {processor.py:183} INFO - Processing /home/varn1t/ml-pipeline/venv/lib/python3.11/site-packages/airflow/example_dags/tutorial_taskflow_api.py took 0.075 seconds
[2026-05-24T15:48:01.979+0000] {processor.py:161} INFO - Started process (PID=4837) to work on /home/varn1t/ml-pipeline/venv/lib/python3.11/site-packages/airflow/example_dags/tutorial_taskflow_api.py
[2026-05-24T15:48:01.980+0000] {processor.py:830} INFO - Processing file /home/varn1t/ml-pipeline/venv/lib/python3.11/site-packages/airflow/example_dags/tutorial_taskflow_api.py for tasks to queue
[2026-05-24T15:48:01.982+0000] {logging_mixin.py:188} INFO - [2026-05-24T15:48:01.981+0000] {dagbag.py:545} INFO - Filling up the DagBag from /home/varn1t/ml-pipeline/venv/lib/python3.11/site-packages/airflow/example_dags/tutorial_taskflow_api.py
[2026-05-24T15:48:01.989+0000] {processor.py:840} INFO - DAG(s) 'tutorial_taskflow_api' retrieved from /home/varn1t/ml-pipeline/venv/lib/python3.11/site-packages/airflow/example_dags/tutorial_taskflow_api.py
[2026-05-24T15:48:02.006+0000] {logging_mixin.py:188} INFO - [2026-05-24T15:48:02.006+0000] {dag.py:3096} INFO - Sync 1 DAGs
[2026-05-24T15:48:02.014+0000] {logging_mixin.py:188} INFO - [2026-05-24T15:48:02.014+0000] {dag.py:3954} INFO - Setting next_dagrun for tutorial_taskflow_api to None, run_after=None
[2026-05-24T15:48:02.039+0000] {processor.py:183} INFO - Processing /home/varn1t/ml-pipeline/venv/lib/python3.11/site-packages/airflow/example_dags/tutorial_taskflow_api.py took 0.066 seconds
[2026-05-24T15:48:50.872+0000] {processor.py:161} INFO - Started process (PID=5217) to work on /home/varn1t/ml-pipeline/venv/lib/python3.11/site-packages/airflow/example_dags/tutorial_taskflow_api.py
[2026-05-24T15:48:50.874+0000] {processor.py:830} INFO - Processing file /home/varn1t/ml-pipeline/venv/lib/python3.11/site-packages/airflow/example_dags/tutorial_taskflow_api.py for tasks to queue
[2026-05-24T15:48:50.879+0000] {logging_mixin.py:188} INFO - [2026-05-24T15:48:50.877+0000] {dagbag.py:545} INFO - Filling up the DagBag from /home/varn1t/ml-pipeline/venv/lib/python3.11/site-packages/airflow/example_dags/tutorial_taskflow_api.py
[2026-05-24T15:48:50.891+0000] {processor.py:840} INFO - DAG(s) 'tutorial_taskflow_api' retrieved from /home/varn1t/ml-pipeline/venv/lib/python3.11/site-packages/airflow/example_dags/tutorial_taskflow_api.py
[2026-05-24T15:48:50.938+0000] {logging_mixin.py:188} INFO - [2026-05-24T15:48:50.937+0000] {dag.py:3096} INFO - Sync 1 DAGs
[2026-05-24T15:48:50.961+0000] {logging_mixin.py:188} INFO - [2026-05-24T15:48:50.961+0000] {dag.py:3954} INFO - Setting next_dagrun for tutorial_taskflow_api to None, run_after=None
[2026-05-24T15:48:50.994+0000] {processor.py:183} INFO - Processing /home/varn1t/ml-pipeline/venv/lib/python3.11/site-packages/airflow/example_dags/tutorial_taskflow_api.py took 0.136 seconds
[2026-05-24T15:49:36.720+0000] {processor.py:161} INFO - Started process (PID=5545) to work on /home/varn1t/ml-pipeline/venv/lib/python3.11/site-packages/airflow/example_dags/tutorial_taskflow_api.py
[2026-05-24T15:49:36.721+0000] {processor.py:830} INFO - Processing file /home/varn1t/ml-pipeline/venv/lib/python3.11/site-packages/airflow/example_dags/tutorial_taskflow_api.py for tasks to queue
[2026-05-24T15:49:36.722+0000] {logging_mixin.py:188} INFO - [2026-05-24T15:49:36.722+0000] {dagbag.py:545} INFO - Filling up the DagBag from /home/varn1t/ml-pipeline/venv/lib/python3.11/site-packages/airflow/example_dags/tutorial_taskflow_api.py
[2026-05-24T15:49:36.728+0000] {processor.py:840} INFO - DAG(s) 'tutorial_taskflow_api' retrieved from /home/varn1t/ml-pipeline/venv/lib/python3.11/site-packages/airflow/example_dags/tutorial_taskflow_api.py
[2026-05-24T15:49:36.749+0000] {logging_mixin.py:188} INFO - [2026-05-24T15:49:36.748+0000] {dag.py:3096} INFO - Sync 1 DAGs
[2026-05-24T15:49:36.761+0000] {logging_mixin.py:188} INFO - [2026-05-24T15:49:36.761+0000] {dag.py:3954} INFO - Setting next_dagrun for tutorial_taskflow_api to None, run_after=None
[2026-05-24T15:49:36.787+0000] {processor.py:183} INFO - Processing /home/varn1t/ml-pipeline/venv/lib/python3.11/site-packages/airflow/example_dags/tutorial_taskflow_api.py took 0.072 seconds
[2026-05-24T15:50:18.480+0000] {processor.py:161} INFO - Started process (PID=5974) to work on /home/varn1t/ml-pipeline/venv/lib/python3.11/site-packages/airflow/example_dags/tutorial_taskflow_api.py
[2026-05-24T15:50:18.481+0000] {processor.py:830} INFO - Processing file /home/varn1t/ml-pipeline/venv/lib/python3.11/site-packages/airflow/example_dags/tutorial_taskflow_api.py for tasks to queue
[2026-05-24T15:50:18.482+0000] {logging_mixin.py:188} INFO - [2026-05-24T15:50:18.482+0000] {dagbag.py:545} INFO - Filling up the DagBag from /home/varn1t/ml-pipeline/venv/lib/python3.11/site-packages/airflow/example_dags/tutorial_taskflow_api.py
[2026-05-24T15:50:18.488+0000] {processor.py:840} INFO - DAG(s) 'tutorial_taskflow_api' retrieved from /home/varn1t/ml-pipeline/venv/lib/python3.11/site-packages/airflow/example_dags/tutorial_taskflow_api.py
[2026-05-24T15:50:18.502+0000] {logging_mixin.py:188} INFO - [2026-05-24T15:50:18.502+0000] {dag.py:3096} INFO - Sync 1 DAGs
[2026-05-24T15:50:18.512+0000] {logging_mixin.py:188} INFO - [2026-05-24T15:50:18.512+0000] {dag.py:3954} INFO - Setting next_dagrun for tutorial_taskflow_api to None, run_after=None
[2026-05-24T15:50:18.532+0000] {processor.py:183} INFO - Processing /home/varn1t/ml-pipeline/venv/lib/python3.11/site-packages/airflow/example_dags/tutorial_taskflow_api.py took 0.059 seconds
[2026-05-24T15:51:01.871+0000] {processor.py:161} INFO - Started process (PID=6360) to work on /home/varn1t/ml-pipeline/venv/lib/python3.11/site-packages/airflow/example_dags/tutorial_taskflow_api.py
[2026-05-24T15:51:01.872+0000] {processor.py:830} INFO - Processing file /home/varn1t/ml-pipeline/venv/lib/python3.11/site-packages/airflow/example_dags/tutorial_taskflow_api.py for tasks to queue
[2026-05-24T15:51:01.873+0000] {logging_mixin.py:188} INFO - [2026-05-24T15:51:01.873+0000] {dagbag.py:545} INFO - Filling up the DagBag from /home/varn1t/ml-pipeline/venv/lib/python3.11/site-packages/airflow/example_dags/tutorial_taskflow_api.py
[2026-05-24T15:51:01.878+0000] {processor.py:840} INFO - DAG(s) 'tutorial_taskflow_api' retrieved from /home/varn1t/ml-pipeline/venv/lib/python3.11/site-packages/airflow/example_dags/tutorial_taskflow_api.py
[2026-05-24T15:51:01.892+0000] {logging_mixin.py:188} INFO - [2026-05-24T15:51:01.892+0000] {dag.py:3096} INFO - Sync 1 DAGs
[2026-05-24T15:51:01.903+0000] {logging_mixin.py:188} INFO - [2026-05-24T15:51:01.903+0000] {dag.py:3954} INFO - Setting next_dagrun for tutorial_taskflow_api to None, run_after=None
[2026-05-24T15:51:01.927+0000] {processor.py:183} INFO - Processing /home/varn1t/ml-pipeline/venv/lib/python3.11/site-packages/airflow/example_dags/tutorial_taskflow_api.py took 0.061 seconds
[2026-05-24T15:51:47.245+0000] {processor.py:161} INFO - Started process (PID=6771) to work on /home/varn1t/ml-pipeline/venv/lib/python3.11/site-packages/airflow/example_dags/tutorial_taskflow_api.py
[2026-05-24T15:51:47.247+0000] {processor.py:830} INFO - Processing file /home/varn1t/ml-pipeline/venv/lib/python3.11/site-packages/airflow/example_dags/tutorial_taskflow_api.py for tasks to queue
[2026-05-24T15:51:47.252+0000] {logging_mixin.py:188} INFO - [2026-05-24T15:51:47.250+0000] {dagbag.py:545} INFO - Filling up the DagBag from /home/varn1t/ml-pipeline/venv/lib/python3.11/site-packages/airflow/example_dags/tutorial_taskflow_api.py
[2026-05-24T15:51:47.264+0000] {processor.py:840} INFO - DAG(s) 'tutorial_taskflow_api' retrieved from /home/varn1t/ml-pipeline/venv/lib/python3.11/site-packages/airflow/example_dags/tutorial_taskflow_api.py
[2026-05-24T15:51:47.291+0000] {logging_mixin.py:188} INFO - [2026-05-24T15:51:47.291+0000] {dag.py:3096} INFO - Sync 1 DAGs
[2026-05-24T15:51:47.307+0000] {logging_mixin.py:188} INFO - [2026-05-24T15:51:47.307+0000] {dag.py:3954} INFO - Setting next_dagrun for tutorial_taskflow_api to None, run_after=None
[2026-05-24T15:51:47.334+0000] {processor.py:183} INFO - Processing /home/varn1t/ml-pipeline/venv/lib/python3.11/site-packages/airflow/example_dags/tutorial_taskflow_api.py took 0.099 seconds
[2026-05-24T15:52:32.841+0000] {processor.py:161} INFO - Started process (PID=7071) to work on /home/varn1t/ml-pipeline/venv/lib/python3.11/site-packages/airflow/example_dags/tutorial_taskflow_api.py
[2026-05-24T15:52:32.842+0000] {processor.py:830} INFO - Processing file /home/varn1t/ml-pipeline/venv/lib/python3.11/site-packages/airflow/example_dags/tutorial_taskflow_api.py for tasks to queue
[2026-05-24T15:52:32.844+0000] {logging_mixin.py:188} INFO - [2026-05-24T15:52:32.844+0000] {dagbag.py:545} INFO - Filling up the DagBag from /home/varn1t/ml-pipeline/venv/lib/python3.11/site-packages/airflow/example_dags/tutorial_taskflow_api.py
[2026-05-24T15:52:32.851+0000] {processor.py:840} INFO - DAG(s) 'tutorial_taskflow_api' retrieved from /home/varn1t/ml-pipeline/venv/lib/python3.11/site-packages/airflow/example_dags/tutorial_taskflow_api.py
[2026-05-24T15:52:32.866+0000] {logging_mixin.py:188} INFO - [2026-05-24T15:52:32.866+0000] {dag.py:3096} INFO - Sync 1 DAGs
[2026-05-24T15:52:32.875+0000] {logging_mixin.py:188} INFO - [2026-05-24T15:52:32.875+0000] {dag.py:3954} INFO - Setting next_dagrun for tutorial_taskflow_api to None, run_after=None
[2026-05-24T15:52:32.897+0000] {processor.py:183} INFO - Processing /home/varn1t/ml-pipeline/venv/lib/python3.11/site-packages/airflow/example_dags/tutorial_taskflow_api.py took 0.064 seconds
[2026-05-24T15:53:18.111+0000] {processor.py:161} INFO - Started process (PID=7372) to work on /home/varn1t/ml-pipeline/venv/lib/python3.11/site-packages/airflow/example_dags/tutorial_taskflow_api.py
[2026-05-24T15:53:18.112+0000] {processor.py:830} INFO - Processing file /home/varn1t/ml-pipeline/venv/lib/python3.11/site-packages/airflow/example_dags/tutorial_taskflow_api.py for tasks to queue
[2026-05-24T15:53:18.113+0000] {logging_mixin.py:188} INFO - [2026-05-24T15:53:18.113+0000] {dagbag.py:545} INFO - Filling up the DagBag from /home/varn1t/ml-pipeline/venv/lib/python3.11/site-packages/airflow/example_dags/tutorial_taskflow_api.py
[2026-05-24T15:53:18.118+0000] {processor.py:840} INFO - DAG(s) 'tutorial_taskflow_api' retrieved from /home/varn1t/ml-pipeline/venv/lib/python3.11/site-packages/airflow/example_dags/tutorial_taskflow_api.py
[2026-05-24T15:53:18.129+0000] {logging_mixin.py:188} INFO - [2026-05-24T15:53:18.129+0000] {dag.py:3096} INFO - Sync 1 DAGs
[2026-05-24T15:53:18.136+0000] {logging_mixin.py:188} INFO - [2026-05-24T15:53:18.135+0000] {dag.py:3954} INFO - Setting next_dagrun for tutorial_taskflow_api to None, run_after=None
[2026-05-24T15:53:18.152+0000] {processor.py:183} INFO - Processing /home/varn1t/ml-pipeline/venv/lib/python3.11/site-packages/airflow/example_dags/tutorial_taskflow_api.py took 0.045 seconds
[2026-05-24T15:54:06.749+0000] {processor.py:161} INFO - Started process (PID=8044) to work on /home/varn1t/ml-pipeline/venv/lib/python3.11/site-packages/airflow/example_dags/tutorial_taskflow_api.py
[2026-05-24T15:54:06.750+0000] {processor.py:830} INFO - Processing file /home/varn1t/ml-pipeline/venv/lib/python3.11/site-packages/airflow/example_dags/tutorial_taskflow_api.py for tasks to queue
[2026-05-24T15:54:06.751+0000] {logging_mixin.py:188} INFO - [2026-05-24T15:54:06.751+0000] {dagbag.py:545} INFO - Filling up the DagBag from /home/varn1t/ml-pipeline/venv/lib/python3.11/site-packages/airflow/example_dags/tutorial_taskflow_api.py
[2026-05-24T15:54:06.756+0000] {processor.py:840} INFO - DAG(s) 'tutorial_taskflow_api' retrieved from /home/varn1t/ml-pipeline/venv/lib/python3.11/site-packages/airflow/example_dags/tutorial_taskflow_api.py
[2026-05-24T15:54:06.768+0000] {logging_mixin.py:188} INFO - [2026-05-24T15:54:06.767+0000] {dag.py:3096} INFO - Sync 1 DAGs
[2026-05-24T15:54:06.775+0000] {logging_mixin.py:188} INFO - [2026-05-24T15:54:06.775+0000] {dag.py:3954} INFO - Setting next_dagrun for tutorial_taskflow_api to None, run_after=None
[2026-05-24T15:54:06.795+0000] {processor.py:183} INFO - Processing /home/varn1t/ml-pipeline/venv/lib/python3.11/site-packages/airflow/example_dags/tutorial_taskflow_api.py took 0.050 seconds
[2026-05-24T15:54:52.101+0000] {processor.py:161} INFO - Started process (PID=8246) to work on /home/varn1t/ml-pipeline/venv/lib/python3.11/site-packages/airflow/example_dags/tutorial_taskflow_api.py
[2026-05-24T15:54:52.102+0000] {processor.py:830} INFO - Processing file /home/varn1t/ml-pipeline/venv/lib/python3.11/site-packages/airflow/example_dags/tutorial_taskflow_api.py for tasks to queue
[2026-05-24T15:54:52.103+0000] {logging_mixin.py:188} INFO - [2026-05-24T15:54:52.103+0000] {dagbag.py:545} INFO - Filling up the DagBag from /home/varn1t/ml-pipeline/venv/lib/python3.11/site-packages/airflow/example_dags/tutorial_taskflow_api.py
[2026-05-24T15:54:52.108+0000] {processor.py:840} INFO - DAG(s) 'tutorial_taskflow_api' retrieved from /home/varn1t/ml-pipeline/venv/lib/python3.11/site-packages/airflow/example_dags/tutorial_taskflow_api.py
[2026-05-24T15:54:52.119+0000] {logging_mixin.py:188} INFO - [2026-05-24T15:54:52.119+0000] {dag.py:3096} INFO - Sync 1 DAGs
[2026-05-24T15:54:52.127+0000] {logging_mixin.py:188} INFO - [2026-05-24T15:54:52.127+0000] {dag.py:3954} INFO - Setting next_dagrun for tutorial_taskflow_api to None, run_after=None
[2026-05-24T15:54:52.145+0000] {processor.py:183} INFO - Processing /home/varn1t/ml-pipeline/venv/lib/python3.11/site-packages/airflow/example_dags/tutorial_taskflow_api.py took 0.048 seconds
[2026-05-24T15:55:34.522+0000] {processor.py:161} INFO - Started process (PID=8834) to work on /home/varn1t/ml-pipeline/venv/lib/python3.11/site-packages/airflow/example_dags/tutorial_taskflow_api.py
[2026-05-24T15:55:34.523+0000] {processor.py:830} INFO - Processing file /home/varn1t/ml-pipeline/venv/lib/python3.11/site-packages/airflow/example_dags/tutorial_taskflow_api.py for tasks to queue
[2026-05-24T15:55:34.525+0000] {logging_mixin.py:188} INFO - [2026-05-24T15:55:34.524+0000] {dagbag.py:545} INFO - Filling up the DagBag from /home/varn1t/ml-pipeline/venv/lib/python3.11/site-packages/airflow/example_dags/tutorial_taskflow_api.py
[2026-05-24T15:55:34.530+0000] {processor.py:840} INFO - DAG(s) 'tutorial_taskflow_api' retrieved from /home/varn1t/ml-pipeline/venv/lib/python3.11/site-packages/airflow/example_dags/tutorial_taskflow_api.py
[2026-05-24T15:55:34.543+0000] {logging_mixin.py:188} INFO - [2026-05-24T15:55:34.543+0000] {dag.py:3096} INFO - Sync 1 DAGs
[2026-05-24T15:55:34.552+0000] {logging_mixin.py:188} INFO - [2026-05-24T15:55:34.552+0000] {dag.py:3954} INFO - Setting next_dagrun for tutorial_taskflow_api to None, run_after=None
[2026-05-24T15:55:34.573+0000] {processor.py:183} INFO - Processing /home/varn1t/ml-pipeline/venv/lib/python3.11/site-packages/airflow/example_dags/tutorial_taskflow_api.py took 0.058 seconds
[2026-05-24T15:56:20.513+0000] {processor.py:161} INFO - Started process (PID=9313) to work on /home/varn1t/ml-pipeline/venv/lib/python3.11/site-packages/airflow/example_dags/tutorial_taskflow_api.py
[2026-05-24T15:56:20.514+0000] {processor.py:830} INFO - Processing file /home/varn1t/ml-pipeline/venv/lib/python3.11/site-packages/airflow/example_dags/tutorial_taskflow_api.py for tasks to queue
[2026-05-24T15:56:20.516+0000] {logging_mixin.py:188} INFO - [2026-05-24T15:56:20.516+0000] {dagbag.py:545} INFO - Filling up the DagBag from /home/varn1t/ml-pipeline/venv/lib/python3.11/site-packages/airflow/example_dags/tutorial_taskflow_api.py
[2026-05-24T15:56:20.522+0000] {processor.py:840} INFO - DAG(s) 'tutorial_taskflow_api' retrieved from /home/varn1t/ml-pipeline/venv/lib/python3.11/site-packages/airflow/example_dags/tutorial_taskflow_api.py
[2026-05-24T15:56:20.537+0000] {logging_mixin.py:188} INFO - [2026-05-24T15:56:20.537+0000] {dag.py:3096} INFO - Sync 1 DAGs
[2026-05-24T15:56:20.547+0000] {logging_mixin.py:188} INFO - [2026-05-24T15:56:20.546+0000] {dag.py:3954} INFO - Setting next_dagrun for tutorial_taskflow_api to None, run_after=None
[2026-05-24T15:56:20.566+0000] {processor.py:183} INFO - Processing /home/varn1t/ml-pipeline/venv/lib/python3.11/site-packages/airflow/example_dags/tutorial_taskflow_api.py took 0.059 seconds
[2026-05-24T15:57:05.653+0000] {processor.py:161} INFO - Started process (PID=9892) to work on /home/varn1t/ml-pipeline/venv/lib/python3.11/site-packages/airflow/example_dags/tutorial_taskflow_api.py
[2026-05-24T15:57:05.654+0000] {processor.py:830} INFO - Processing file /home/varn1t/ml-pipeline/venv/lib/python3.11/site-packages/airflow/example_dags/tutorial_taskflow_api.py for tasks to queue
[2026-05-24T15:57:05.655+0000] {logging_mixin.py:188} INFO - [2026-05-24T15:57:05.655+0000] {dagbag.py:545} INFO - Filling up the DagBag from /home/varn1t/ml-pipeline/venv/lib/python3.11/site-packages/airflow/example_dags/tutorial_taskflow_api.py
[2026-05-24T15:57:05.660+0000] {processor.py:840} INFO - DAG(s) 'tutorial_taskflow_api' retrieved from /home/varn1t/ml-pipeline/venv/lib/python3.11/site-packages/airflow/example_dags/tutorial_taskflow_api.py
[2026-05-24T15:57:05.672+0000] {logging_mixin.py:188} INFO - [2026-05-24T15:57:05.672+0000] {dag.py:3096} INFO - Sync 1 DAGs
[2026-05-24T15:57:05.679+0000] {logging_mixin.py:188} INFO - [2026-05-24T15:57:05.679+0000] {dag.py:3954} INFO - Setting next_dagrun for tutorial_taskflow_api to None, run_after=None
[2026-05-24T15:57:05.695+0000] {processor.py:183} INFO - Processing /home/varn1t/ml-pipeline/venv/lib/python3.11/site-packages/airflow/example_dags/tutorial_taskflow_api.py took 0.047 seconds
[2026-05-24T15:57:50.008+0000] {processor.py:161} INFO - Started process (PID=10312) to work on /home/varn1t/ml-pipeline/venv/lib/python3.11/site-packages/airflow/example_dags/tutorial_taskflow_api.py
[2026-05-24T15:57:50.009+0000] {processor.py:830} INFO - Processing file /home/varn1t/ml-pipeline/venv/lib/python3.11/site-packages/airflow/example_dags/tutorial_taskflow_api.py for tasks to queue
[2026-05-24T15:57:50.010+0000] {logging_mixin.py:188} INFO - [2026-05-24T15:57:50.010+0000] {dagbag.py:545} INFO - Filling up the DagBag from /home/varn1t/ml-pipeline/venv/lib/python3.11/site-packages/airflow/example_dags/tutorial_taskflow_api.py
[2026-05-24T15:57:50.015+0000] {processor.py:840} INFO - DAG(s) 'tutorial_taskflow_api' retrieved from /home/varn1t/ml-pipeline/venv/lib/python3.11/site-packages/airflow/example_dags/tutorial_taskflow_api.py
[2026-05-24T15:57:50.026+0000] {logging_mixin.py:188} INFO - [2026-05-24T15:57:50.026+0000] {dag.py:3096} INFO - Sync 1 DAGs
[2026-05-24T15:57:50.034+0000] {logging_mixin.py:188} INFO - [2026-05-24T15:57:50.034+0000] {dag.py:3954} INFO - Setting next_dagrun for tutorial_taskflow_api to None, run_after=None
[2026-05-24T15:57:50.051+0000] {processor.py:183} INFO - Processing /home/varn1t/ml-pipeline/venv/lib/python3.11/site-packages/airflow/example_dags/tutorial_taskflow_api.py took 0.047 seconds
[2026-05-24T15:58:38.138+0000] {processor.py:161} INFO - Started process (PID=10706) to work on /home/varn1t/ml-pipeline/venv/lib/python3.11/site-packages/airflow/example_dags/tutorial_taskflow_api.py
[2026-05-24T15:58:38.140+0000] {processor.py:830} INFO - Processing file /home/varn1t/ml-pipeline/venv/lib/python3.11/site-packages/airflow/example_dags/tutorial_taskflow_api.py for tasks to queue
[2026-05-24T15:58:38.143+0000] {logging_mixin.py:188} INFO - [2026-05-24T15:58:38.142+0000] {dagbag.py:545} INFO - Filling up the DagBag from /home/varn1t/ml-pipeline/venv/lib/python3.11/site-packages/airflow/example_dags/tutorial_taskflow_api.py
[2026-05-24T15:58:38.155+0000] {processor.py:840} INFO - DAG(s) 'tutorial_taskflow_api' retrieved from /home/varn1t/ml-pipeline/venv/lib/python3.11/site-packages/airflow/example_dags/tutorial_taskflow_api.py
[2026-05-24T15:58:38.178+0000] {logging_mixin.py:188} INFO - [2026-05-24T15:58:38.178+0000] {dag.py:3096} INFO - Sync 1 DAGs
[2026-05-24T15:58:38.192+0000] {logging_mixin.py:188} INFO - [2026-05-24T15:58:38.192+0000] {dag.py:3954} INFO - Setting next_dagrun for tutorial_taskflow_api to None, run_after=None
[2026-05-24T15:58:38.229+0000] {processor.py:183} INFO - Processing /home/varn1t/ml-pipeline/venv/lib/python3.11/site-packages/airflow/example_dags/tutorial_taskflow_api.py took 0.098 seconds
[2026-05-24T15:59:32.223+0000] {processor.py:161} INFO - Started process (PID=11107) to work on /home/varn1t/ml-pipeline/venv/lib/python3.11/site-packages/airflow/example_dags/tutorial_taskflow_api.py
[2026-05-24T15:59:32.224+0000] {processor.py:830} INFO - Processing file /home/varn1t/ml-pipeline/venv/lib/python3.11/site-packages/airflow/example_dags/tutorial_taskflow_api.py for tasks to queue
[2026-05-24T15:59:32.225+0000] {logging_mixin.py:188} INFO - [2026-05-24T15:59:32.225+0000] {dagbag.py:545} INFO - Filling up the DagBag from /home/varn1t/ml-pipeline/venv/lib/python3.11/site-packages/airflow/example_dags/tutorial_taskflow_api.py
[2026-05-24T15:59:32.231+0000] {processor.py:840} INFO - DAG(s) 'tutorial_taskflow_api' retrieved from /home/varn1t/ml-pipeline/venv/lib/python3.11/site-packages/airflow/example_dags/tutorial_taskflow_api.py
[2026-05-24T15:59:32.248+0000] {logging_mixin.py:188} INFO - [2026-05-24T15:59:32.248+0000] {dag.py:3096} INFO - Sync 1 DAGs
[2026-05-24T15:59:32.258+0000] {logging_mixin.py:188} INFO - [2026-05-24T15:59:32.258+0000] {dag.py:3954} INFO - Setting next_dagrun for tutorial_taskflow_api to None, run_after=None
[2026-05-24T15:59:32.275+0000] {processor.py:183} INFO - Processing /home/varn1t/ml-pipeline/venv/lib/python3.11/site-packages/airflow/example_dags/tutorial_taskflow_api.py took 0.057 seconds
[2026-05-24T16:00:14.894+0000] {processor.py:161} INFO - Started process (PID=11295) to work on /home/varn1t/ml-pipeline/venv/lib/python3.11/site-packages/airflow/example_dags/tutorial_taskflow_api.py
[2026-05-24T16:00:14.895+0000] {processor.py:830} INFO - Processing file /home/varn1t/ml-pipeline/venv/lib/python3.11/site-packages/airflow/example_dags/tutorial_taskflow_api.py for tasks to queue
[2026-05-24T16:00:14.896+0000] {logging_mixin.py:188} INFO - [2026-05-24T16:00:14.896+0000] {dagbag.py:545} INFO - Filling up the DagBag from /home/varn1t/ml-pipeline/venv/lib/python3.11/site-packages/airflow/example_dags/tutorial_taskflow_api.py
[2026-05-24T16:00:14.901+0000] {processor.py:840} INFO - DAG(s) 'tutorial_taskflow_api' retrieved from /home/varn1t/ml-pipeline/venv/lib/python3.11/site-packages/airflow/example_dags/tutorial_taskflow_api.py
[2026-05-24T16:00:14.914+0000] {logging_mixin.py:188} INFO - [2026-05-24T16:00:14.914+0000] {dag.py:3096} INFO - Sync 1 DAGs
[2026-05-24T16:00:14.923+0000] {logging_mixin.py:188} INFO - [2026-05-24T16:00:14.922+0000] {dag.py:3954} INFO - Setting next_dagrun for tutorial_taskflow_api to None, run_after=None
[2026-05-24T16:00:14.937+0000] {processor.py:183} INFO - Processing /home/varn1t/ml-pipeline/venv/lib/python3.11/site-packages/airflow/example_dags/tutorial_taskflow_api.py took 0.048 seconds
[2026-05-24T16:00:57.138+0000] {processor.py:161} INFO - Started process (PID=11482) to work on /home/varn1t/ml-pipeline/venv/lib/python3.11/site-packages/airflow/example_dags/tutorial_taskflow_api.py
[2026-05-24T16:00:57.139+0000] {processor.py:830} INFO - Processing file /home/varn1t/ml-pipeline/venv/lib/python3.11/site-packages/airflow/example_dags/tutorial_taskflow_api.py for tasks to queue
[2026-05-24T16:00:57.141+0000] {logging_mixin.py:188} INFO - [2026-05-24T16:00:57.141+0000] {dagbag.py:545} INFO - Filling up the DagBag from /home/varn1t/ml-pipeline/venv/lib/python3.11/site-packages/airflow/example_dags/tutorial_taskflow_api.py
[2026-05-24T16:00:57.146+0000] {processor.py:840} INFO - DAG(s) 'tutorial_taskflow_api' retrieved from /home/varn1t/ml-pipeline/venv/lib/python3.11/site-packages/airflow/example_dags/tutorial_taskflow_api.py
[2026-05-24T16:00:57.157+0000] {logging_mixin.py:188} INFO - [2026-05-24T16:00:57.157+0000] {dag.py:3096} INFO - Sync 1 DAGs
[2026-05-24T16:00:57.164+0000] {logging_mixin.py:188} INFO - [2026-05-24T16:00:57.164+0000] {dag.py:3954} INFO - Setting next_dagrun for tutorial_taskflow_api to None, run_after=None
[2026-05-24T16:00:57.181+0000] {processor.py:183} INFO - Processing /home/varn1t/ml-pipeline/venv/lib/python3.11/site-packages/airflow/example_dags/tutorial_taskflow_api.py took 0.048 seconds
[2026-05-24T16:01:37.454+0000] {processor.py:161} INFO - Started process (PID=11682) to work on /home/varn1t/ml-pipeline/venv/lib/python3.11/site-packages/airflow/example_dags/tutorial_taskflow_api.py
[2026-05-24T16:01:37.455+0000] {processor.py:830} INFO - Processing file /home/varn1t/ml-pipeline/venv/lib/python3.11/site-packages/airflow/example_dags/tutorial_taskflow_api.py for tasks to queue
[2026-05-24T16:01:37.457+0000] {logging_mixin.py:188} INFO - [2026-05-24T16:01:37.457+0000] {dagbag.py:545} INFO - Filling up the DagBag from /home/varn1t/ml-pipeline/venv/lib/python3.11/site-packages/airflow/example_dags/tutorial_taskflow_api.py
[2026-05-24T16:01:37.462+0000] {processor.py:840} INFO - DAG(s) 'tutorial_taskflow_api' retrieved from /home/varn1t/ml-pipeline/venv/lib/python3.11/site-packages/airflow/example_dags/tutorial_taskflow_api.py
[2026-05-24T16:01:37.473+0000] {logging_mixin.py:188} INFO - [2026-05-24T16:01:37.473+0000] {dag.py:3096} INFO - Sync 1 DAGs
[2026-05-24T16:01:37.481+0000] {logging_mixin.py:188} INFO - [2026-05-24T16:01:37.481+0000] {dag.py:3954} INFO - Setting next_dagrun for tutorial_taskflow_api to None, run_after=None
[2026-05-24T16:01:37.498+0000] {processor.py:183} INFO - Processing /home/varn1t/ml-pipeline/venv/lib/python3.11/site-packages/airflow/example_dags/tutorial_taskflow_api.py took 0.051 seconds
[2026-05-24T16:03:06.636+0000] {processor.py:161} INFO - Started process (PID=13087) to work on /home/varn1t/ml-pipeline/venv/lib/python3.11/site-packages/airflow/example_dags/tutorial_taskflow_api.py
[2026-05-24T16:03:06.637+0000] {processor.py:830} INFO - Processing file /home/varn1t/ml-pipeline/venv/lib/python3.11/site-packages/airflow/example_dags/tutorial_taskflow_api.py for tasks to queue
[2026-05-24T16:03:06.638+0000] {logging_mixin.py:188} INFO - [2026-05-24T16:03:06.638+0000] {dagbag.py:545} INFO - Filling up the DagBag from /home/varn1t/ml-pipeline/venv/lib/python3.11/site-packages/airflow/example_dags/tutorial_taskflow_api.py
[2026-05-24T16:03:06.644+0000] {processor.py:840} INFO - DAG(s) 'tutorial_taskflow_api' retrieved from /home/varn1t/ml-pipeline/venv/lib/python3.11/site-packages/airflow/example_dags/tutorial_taskflow_api.py
[2026-05-24T16:03:06.656+0000] {logging_mixin.py:188} INFO - [2026-05-24T16:03:06.656+0000] {dag.py:3096} INFO - Sync 1 DAGs
[2026-05-24T16:03:06.663+0000] {logging_mixin.py:188} INFO - [2026-05-24T16:03:06.663+0000] {dag.py:3954} INFO - Setting next_dagrun for tutorial_taskflow_api to None, run_after=None
[2026-05-24T16:03:06.680+0000] {processor.py:183} INFO - Processing /home/varn1t/ml-pipeline/venv/lib/python3.11/site-packages/airflow/example_dags/tutorial_taskflow_api.py took 0.049 seconds
[2026-05-24T16:04:12.775+0000] {processor.py:161} INFO - Started process (PID=14074) to work on /home/varn1t/ml-pipeline/venv/lib/python3.11/site-packages/airflow/example_dags/tutorial_taskflow_api.py
[2026-05-24T16:04:12.776+0000] {processor.py:830} INFO - Processing file /home/varn1t/ml-pipeline/venv/lib/python3.11/site-packages/airflow/example_dags/tutorial_taskflow_api.py for tasks to queue
[2026-05-24T16:04:12.777+0000] {logging_mixin.py:188} INFO - [2026-05-24T16:04:12.777+0000] {dagbag.py:545} INFO - Filling up the DagBag from /home/varn1t/ml-pipeline/venv/lib/python3.11/site-packages/airflow/example_dags/tutorial_taskflow_api.py
[2026-05-24T16:04:12.784+0000] {processor.py:840} INFO - DAG(s) 'tutorial_taskflow_api' retrieved from /home/varn1t/ml-pipeline/venv/lib/python3.11/site-packages/airflow/example_dags/tutorial_taskflow_api.py
[2026-05-24T16:04:12.797+0000] {logging_mixin.py:188} INFO - [2026-05-24T16:04:12.797+0000] {dag.py:3096} INFO - Sync 1 DAGs
[2026-05-24T16:04:12.805+0000] {logging_mixin.py:188} INFO - [2026-05-24T16:04:12.805+0000] {dag.py:3954} INFO - Setting next_dagrun for tutorial_taskflow_api to None, run_after=None
[2026-05-24T16:04:12.821+0000] {processor.py:183} INFO - Processing /home/varn1t/ml-pipeline/venv/lib/python3.11/site-packages/airflow/example_dags/tutorial_taskflow_api.py took 0.052 seconds
[2026-05-24T16:04:57.093+0000] {processor.py:161} INFO - Started process (PID=14266) to work on /home/varn1t/ml-pipeline/venv/lib/python3.11/site-packages/airflow/example_dags/tutorial_taskflow_api.py
[2026-05-24T16:04:57.094+0000] {processor.py:830} INFO - Processing file /home/varn1t/ml-pipeline/venv/lib/python3.11/site-packages/airflow/example_dags/tutorial_taskflow_api.py for tasks to queue
[2026-05-24T16:04:57.096+0000] {logging_mixin.py:188} INFO - [2026-05-24T16:04:57.096+0000] {dagbag.py:545} INFO - Filling up the DagBag from /home/varn1t/ml-pipeline/venv/lib/python3.11/site-packages/airflow/example_dags/tutorial_taskflow_api.py
[2026-05-24T16:04:57.103+0000] {processor.py:840} INFO - DAG(s) 'tutorial_taskflow_api' retrieved from /home/varn1t/ml-pipeline/venv/lib/python3.11/site-packages/airflow/example_dags/tutorial_taskflow_api.py
[2026-05-24T16:04:57.118+0000] {logging_mixin.py:188} INFO - [2026-05-24T16:04:57.118+0000] {dag.py:3096} INFO - Sync 1 DAGs
[2026-05-24T16:04:57.127+0000] {logging_mixin.py:188} INFO - [2026-05-24T16:04:57.127+0000] {dag.py:3954} INFO - Setting next_dagrun for tutorial_taskflow_api to None, run_after=None
[2026-05-24T16:04:57.146+0000] {processor.py:183} INFO - Processing /home/varn1t/ml-pipeline/venv/lib/python3.11/site-packages/airflow/example_dags/tutorial_taskflow_api.py took 0.059 seconds
[2026-05-24T16:05:39.328+0000] {processor.py:161} INFO - Started process (PID=14452) to work on /home/varn1t/ml-pipeline/venv/lib/python3.11/site-packages/airflow/example_dags/tutorial_taskflow_api.py
[2026-05-24T16:05:39.329+0000] {processor.py:830} INFO - Processing file /home/varn1t/ml-pipeline/venv/lib/python3.11/site-packages/airflow/example_dags/tutorial_taskflow_api.py for tasks to queue
[2026-05-24T16:05:39.330+0000] {logging_mixin.py:188} INFO - [2026-05-24T16:05:39.330+0000] {dagbag.py:545} INFO - Filling up the DagBag from /home/varn1t/ml-pipeline/venv/lib/python3.11/site-packages/airflow/example_dags/tutorial_taskflow_api.py
[2026-05-24T16:05:39.335+0000] {processor.py:840} INFO - DAG(s) 'tutorial_taskflow_api' retrieved from /home/varn1t/ml-pipeline/venv/lib/python3.11/site-packages/airflow/example_dags/tutorial_taskflow_api.py
[2026-05-24T16:05:39.344+0000] {logging_mixin.py:188} INFO - [2026-05-24T16:05:39.344+0000] {dag.py:3096} INFO - Sync 1 DAGs
[2026-05-24T16:05:39.351+0000] {logging_mixin.py:188} INFO - [2026-05-24T16:05:39.350+0000] {dag.py:3954} INFO - Setting next_dagrun for tutorial_taskflow_api to None, run_after=None
[2026-05-24T16:05:39.366+0000] {processor.py:183} INFO - Processing /home/varn1t/ml-pipeline/venv/lib/python3.11/site-packages/airflow/example_dags/tutorial_taskflow_api.py took 0.042 seconds
[2026-05-24T16:06:22.082+0000] {processor.py:161} INFO - Started process (PID=14632) to work on /home/varn1t/ml-pipeline/venv/lib/python3.11/site-packages/airflow/example_dags/tutorial_taskflow_api.py
[2026-05-24T16:06:22.083+0000] {processor.py:830} INFO - Processing file /home/varn1t/ml-pipeline/venv/lib/python3.11/site-packages/airflow/example_dags/tutorial_taskflow_api.py for tasks to queue
[2026-05-24T16:06:22.084+0000] {logging_mixin.py:188} INFO - [2026-05-24T16:06:22.084+0000] {dagbag.py:545} INFO - Filling up the DagBag from /home/varn1t/ml-pipeline/venv/lib/python3.11/site-packages/airflow/example_dags/tutorial_taskflow_api.py
[2026-05-24T16:06:22.090+0000] {processor.py:840} INFO - DAG(s) 'tutorial_taskflow_api' retrieved from /home/varn1t/ml-pipeline/venv/lib/python3.11/site-packages/airflow/example_dags/tutorial_taskflow_api.py
[2026-05-24T16:06:22.101+0000] {logging_mixin.py:188} INFO - [2026-05-24T16:06:22.101+0000] {dag.py:3096} INFO - Sync 1 DAGs
[2026-05-24T16:06:22.108+0000] {logging_mixin.py:188} INFO - [2026-05-24T16:06:22.108+0000] {dag.py:3954} INFO - Setting next_dagrun for tutorial_taskflow_api to None, run_after=None
[2026-05-24T16:06:22.125+0000] {processor.py:183} INFO - Processing /home/varn1t/ml-pipeline/venv/lib/python3.11/site-packages/airflow/example_dags/tutorial_taskflow_api.py took 0.048 seconds
[2026-05-24T16:07:02.570+0000] {processor.py:161} INFO - Started process (PID=14839) to work on /home/varn1t/ml-pipeline/venv/lib/python3.11/site-packages/airflow/example_dags/tutorial_taskflow_api.py
[2026-05-24T16:07:02.570+0000] {processor.py:830} INFO - Processing file /home/varn1t/ml-pipeline/venv/lib/python3.11/site-packages/airflow/example_dags/tutorial_taskflow_api.py for tasks to queue
[2026-05-24T16:07:02.572+0000] {logging_mixin.py:188} INFO - [2026-05-24T16:07:02.572+0000] {dagbag.py:545} INFO - Filling up the DagBag from /home/varn1t/ml-pipeline/venv/lib/python3.11/site-packages/airflow/example_dags/tutorial_taskflow_api.py
[2026-05-24T16:07:02.577+0000] {processor.py:840} INFO - DAG(s) 'tutorial_taskflow_api' retrieved from /home/varn1t/ml-pipeline/venv/lib/python3.11/site-packages/airflow/example_dags/tutorial_taskflow_api.py
[2026-05-24T16:07:02.589+0000] {logging_mixin.py:188} INFO - [2026-05-24T16:07:02.589+0000] {dag.py:3096} INFO - Sync 1 DAGs
[2026-05-24T16:07:02.597+0000] {logging_mixin.py:188} INFO - [2026-05-24T16:07:02.597+0000] {dag.py:3954} INFO - Setting next_dagrun for tutorial_taskflow_api to None, run_after=None
[2026-05-24T16:07:02.615+0000] {processor.py:183} INFO - Processing /home/varn1t/ml-pipeline/venv/lib/python3.11/site-packages/airflow/example_dags/tutorial_taskflow_api.py took 0.050 seconds
[2026-05-24T16:07:42.291+0000] {processor.py:161} INFO - Started process (PID=15041) to work on /home/varn1t/ml-pipeline/venv/lib/python3.11/site-packages/airflow/example_dags/tutorial_taskflow_api.py
[2026-05-24T16:07:42.292+0000] {processor.py:830} INFO - Processing file /home/varn1t/ml-pipeline/venv/lib/python3.11/site-packages/airflow/example_dags/tutorial_taskflow_api.py for tasks to queue
[2026-05-24T16:07:42.294+0000] {logging_mixin.py:188} INFO - [2026-05-24T16:07:42.294+0000] {dagbag.py:545} INFO - Filling up the DagBag from /home/varn1t/ml-pipeline/venv/lib/python3.11/site-packages/airflow/example_dags/tutorial_taskflow_api.py
[2026-05-24T16:07:42.301+0000] {processor.py:840} INFO - DAG(s) 'tutorial_taskflow_api' retrieved from /home/varn1t/ml-pipeline/venv/lib/python3.11/site-packages/airflow/example_dags/tutorial_taskflow_api.py
[2026-05-24T16:07:42.312+0000] {logging_mixin.py:188} INFO - [2026-05-24T16:07:42.312+0000] {dag.py:3096} INFO - Sync 1 DAGs
[2026-05-24T16:07:42.320+0000] {logging_mixin.py:188} INFO - [2026-05-24T16:07:42.320+0000] {dag.py:3954} INFO - Setting next_dagrun for tutorial_taskflow_api to None, run_after=None
[2026-05-24T16:07:42.338+0000] {processor.py:183} INFO - Processing /home/varn1t/ml-pipeline/venv/lib/python3.11/site-packages/airflow/example_dags/tutorial_taskflow_api.py took 0.051 seconds
[2026-05-24T16:08:22.379+0000] {processor.py:161} INFO - Started process (PID=15214) to work on /home/varn1t/ml-pipeline/venv/lib/python3.11/site-packages/airflow/example_dags/tutorial_taskflow_api.py
[2026-05-24T16:08:22.380+0000] {processor.py:830} INFO - Processing file /home/varn1t/ml-pipeline/venv/lib/python3.11/site-packages/airflow/example_dags/tutorial_taskflow_api.py for tasks to queue
[2026-05-24T16:08:22.381+0000] {logging_mixin.py:188} INFO - [2026-05-24T16:08:22.381+0000] {dagbag.py:545} INFO - Filling up the DagBag from /home/varn1t/ml-pipeline/venv/lib/python3.11/site-packages/airflow/example_dags/tutorial_taskflow_api.py
[2026-05-24T16:08:22.386+0000] {processor.py:840} INFO - DAG(s) 'tutorial_taskflow_api' retrieved from /home/varn1t/ml-pipeline/venv/lib/python3.11/site-packages/airflow/example_dags/tutorial_taskflow_api.py
[2026-05-24T16:08:22.397+0000] {logging_mixin.py:188} INFO - [2026-05-24T16:08:22.397+0000] {dag.py:3096} INFO - Sync 1 DAGs
[2026-05-24T16:08:22.404+0000] {logging_mixin.py:188} INFO - [2026-05-24T16:08:22.404+0000] {dag.py:3954} INFO - Setting next_dagrun for tutorial_taskflow_api to None, run_after=None
[2026-05-24T16:08:22.420+0000] {processor.py:183} INFO - Processing /home/varn1t/ml-pipeline/venv/lib/python3.11/site-packages/airflow/example_dags/tutorial_taskflow_api.py took 0.047 seconds
[2026-05-24T16:09:07.764+0000] {processor.py:161} INFO - Started process (PID=15459) to work on /home/varn1t/ml-pipeline/venv/lib/python3.11/site-packages/airflow/example_dags/tutorial_taskflow_api.py
[2026-05-24T16:09:07.766+0000] {processor.py:830} INFO - Processing file /home/varn1t/ml-pipeline/venv/lib/python3.11/site-packages/airflow/example_dags/tutorial_taskflow_api.py for tasks to queue
[2026-05-24T16:09:07.767+0000] {logging_mixin.py:188} INFO - [2026-05-24T16:09:07.767+0000] {dagbag.py:545} INFO - Filling up the DagBag from /home/varn1t/ml-pipeline/venv/lib/python3.11/site-packages/airflow/example_dags/tutorial_taskflow_api.py
[2026-05-24T16:09:07.772+0000] {processor.py:840} INFO - DAG(s) 'tutorial_taskflow_api' retrieved from /home/varn1t/ml-pipeline/venv/lib/python3.11/site-packages/airflow/example_dags/tutorial_taskflow_api.py
[2026-05-24T16:09:07.784+0000] {logging_mixin.py:188} INFO - [2026-05-24T16:09:07.784+0000] {dag.py:3096} INFO - Sync 1 DAGs
[2026-05-24T16:09:07.790+0000] {logging_mixin.py:188} INFO - [2026-05-24T16:09:07.790+0000] {dag.py:3954} INFO - Setting next_dagrun for tutorial_taskflow_api to None, run_after=None
[2026-05-24T16:09:07.803+0000] {processor.py:183} INFO - Processing /home/varn1t/ml-pipeline/venv/lib/python3.11/site-packages/airflow/example_dags/tutorial_taskflow_api.py took 0.043 seconds
[2026-05-24T16:09:50.874+0000] {processor.py:161} INFO - Started process (PID=15648) to work on /home/varn1t/ml-pipeline/venv/lib/python3.11/site-packages/airflow/example_dags/tutorial_taskflow_api.py
[2026-05-24T16:09:50.875+0000] {processor.py:830} INFO - Processing file /home/varn1t/ml-pipeline/venv/lib/python3.11/site-packages/airflow/example_dags/tutorial_taskflow_api.py for tasks to queue
[2026-05-24T16:09:50.876+0000] {logging_mixin.py:188} INFO - [2026-05-24T16:09:50.876+0000] {dagbag.py:545} INFO - Filling up the DagBag from /home/varn1t/ml-pipeline/venv/lib/python3.11/site-packages/airflow/example_dags/tutorial_taskflow_api.py
[2026-05-24T16:09:50.881+0000] {processor.py:840} INFO - DAG(s) 'tutorial_taskflow_api' retrieved from /home/varn1t/ml-pipeline/venv/lib/python3.11/site-packages/airflow/example_dags/tutorial_taskflow_api.py
[2026-05-24T16:09:50.893+0000] {logging_mixin.py:188} INFO - [2026-05-24T16:09:50.893+0000] {dag.py:3096} INFO - Sync 1 DAGs
[2026-05-24T16:09:50.902+0000] {logging_mixin.py:188} INFO - [2026-05-24T16:09:50.902+0000] {dag.py:3954} INFO - Setting next_dagrun for tutorial_taskflow_api to None, run_after=None
[2026-05-24T16:09:50.918+0000] {processor.py:183} INFO - Processing /home/varn1t/ml-pipeline/venv/lib/python3.11/site-packages/airflow/example_dags/tutorial_taskflow_api.py took 0.050 seconds
[2026-05-24T16:10:33.099+0000] {processor.py:161} INFO - Started process (PID=15829) to work on /home/varn1t/ml-pipeline/venv/lib/python3.11/site-packages/airflow/example_dags/tutorial_taskflow_api.py
[2026-05-24T16:10:33.100+0000] {processor.py:830} INFO - Processing file /home/varn1t/ml-pipeline/venv/lib/python3.11/site-packages/airflow/example_dags/tutorial_taskflow_api.py for tasks to queue
[2026-05-24T16:10:33.102+0000] {logging_mixin.py:188} INFO - [2026-05-24T16:10:33.102+0000] {dagbag.py:545} INFO - Filling up the DagBag from /home/varn1t/ml-pipeline/venv/lib/python3.11/site-packages/airflow/example_dags/tutorial_taskflow_api.py
[2026-05-24T16:10:33.111+0000] {processor.py:840} INFO - DAG(s) 'tutorial_taskflow_api' retrieved from /home/varn1t/ml-pipeline/venv/lib/python3.11/site-packages/airflow/example_dags/tutorial_taskflow_api.py
[2026-05-24T16:10:33.128+0000] {logging_mixin.py:188} INFO - [2026-05-24T16:10:33.128+0000] {dag.py:3096} INFO - Sync 1 DAGs
[2026-05-24T16:10:33.138+0000] {logging_mixin.py:188} INFO - [2026-05-24T16:10:33.138+0000] {dag.py:3954} INFO - Setting next_dagrun for tutorial_taskflow_api to None, run_after=None
[2026-05-24T16:10:33.159+0000] {processor.py:183} INFO - Processing /home/varn1t/ml-pipeline/venv/lib/python3.11/site-packages/airflow/example_dags/tutorial_taskflow_api.py took 0.072 seconds
[2026-05-24T16:11:15.916+0000] {processor.py:161} INFO - Started process (PID=16015) to work on /home/varn1t/ml-pipeline/venv/lib/python3.11/site-packages/airflow/example_dags/tutorial_taskflow_api.py
[2026-05-24T16:11:15.917+0000] {processor.py:830} INFO - Processing file /home/varn1t/ml-pipeline/venv/lib/python3.11/site-packages/airflow/example_dags/tutorial_taskflow_api.py for tasks to queue
[2026-05-24T16:11:15.919+0000] {logging_mixin.py:188} INFO - [2026-05-24T16:11:15.918+0000] {dagbag.py:545} INFO - Filling up the DagBag from /home/varn1t/ml-pipeline/venv/lib/python3.11/site-packages/airflow/example_dags/tutorial_taskflow_api.py
[2026-05-24T16:11:15.925+0000] {processor.py:840} INFO - DAG(s) 'tutorial_taskflow_api' retrieved from /home/varn1t/ml-pipeline/venv/lib/python3.11/site-packages/airflow/example_dags/tutorial_taskflow_api.py
[2026-05-24T16:11:15.935+0000] {logging_mixin.py:188} INFO - [2026-05-24T16:11:15.934+0000] {dag.py:3096} INFO - Sync 1 DAGs
[2026-05-24T16:11:15.943+0000] {logging_mixin.py:188} INFO - [2026-05-24T16:11:15.943+0000] {dag.py:3954} INFO - Setting next_dagrun for tutorial_taskflow_api to None, run_after=None
[2026-05-24T16:11:15.957+0000] {processor.py:183} INFO - Processing /home/varn1t/ml-pipeline/venv/lib/python3.11/site-packages/airflow/example_dags/tutorial_taskflow_api.py took 0.046 seconds
[2026-05-24T16:12:00.174+0000] {processor.py:161} INFO - Started process (PID=16230) to work on /home/varn1t/ml-pipeline/venv/lib/python3.11/site-packages/airflow/example_dags/tutorial_taskflow_api.py
[2026-05-24T16:12:00.175+0000] {processor.py:830} INFO - Processing file /home/varn1t/ml-pipeline/venv/lib/python3.11/site-packages/airflow/example_dags/tutorial_taskflow_api.py for tasks to queue
[2026-05-24T16:12:00.176+0000] {logging_mixin.py:188} INFO - [2026-05-24T16:12:00.176+0000] {dagbag.py:545} INFO - Filling up the DagBag from /home/varn1t/ml-pipeline/venv/lib/python3.11/site-packages/airflow/example_dags/tutorial_taskflow_api.py
[2026-05-24T16:12:00.181+0000] {processor.py:840} INFO - DAG(s) 'tutorial_taskflow_api' retrieved from /home/varn1t/ml-pipeline/venv/lib/python3.11/site-packages/airflow/example_dags/tutorial_taskflow_api.py
[2026-05-24T16:12:00.191+0000] {logging_mixin.py:188} INFO - [2026-05-24T16:12:00.191+0000] {dag.py:3096} INFO - Sync 1 DAGs
[2026-05-24T16:12:00.197+0000] {logging_mixin.py:188} INFO - [2026-05-24T16:12:00.197+0000] {dag.py:3954} INFO - Setting next_dagrun for tutorial_taskflow_api to None, run_after=None
[2026-05-24T16:12:00.211+0000] {processor.py:183} INFO - Processing /home/varn1t/ml-pipeline/venv/lib/python3.11/site-packages/airflow/example_dags/tutorial_taskflow_api.py took 0.041 seconds
[2026-05-24T16:12:42.811+0000] {processor.py:161} INFO - Started process (PID=16418) to work on /home/varn1t/ml-pipeline/venv/lib/python3.11/site-packages/airflow/example_dags/tutorial_taskflow_api.py
[2026-05-24T16:12:42.812+0000] {processor.py:830} INFO - Processing file /home/varn1t/ml-pipeline/venv/lib/python3.11/site-packages/airflow/example_dags/tutorial_taskflow_api.py for tasks to queue
[2026-05-24T16:12:42.813+0000] {logging_mixin.py:188} INFO - [2026-05-24T16:12:42.813+0000] {dagbag.py:545} INFO - Filling up the DagBag from /home/varn1t/ml-pipeline/venv/lib/python3.11/site-packages/airflow/example_dags/tutorial_taskflow_api.py
[2026-05-24T16:12:42.819+0000] {processor.py:840} INFO - DAG(s) 'tutorial_taskflow_api' retrieved from /home/varn1t/ml-pipeline/venv/lib/python3.11/site-packages/airflow/example_dags/tutorial_taskflow_api.py
[2026-05-24T16:12:42.831+0000] {logging_mixin.py:188} INFO - [2026-05-24T16:12:42.830+0000] {dag.py:3096} INFO - Sync 1 DAGs
[2026-05-24T16:12:42.837+0000] {logging_mixin.py:188} INFO - [2026-05-24T16:12:42.837+0000] {dag.py:3954} INFO - Setting next_dagrun for tutorial_taskflow_api to None, run_after=None
[2026-05-24T16:12:42.856+0000] {processor.py:183} INFO - Processing /home/varn1t/ml-pipeline/venv/lib/python3.11/site-packages/airflow/example_dags/tutorial_taskflow_api.py took 0.050 seconds
[2026-05-24T16:13:25.968+0000] {processor.py:161} INFO - Started process (PID=16607) to work on /home/varn1t/ml-pipeline/venv/lib/python3.11/site-packages/airflow/example_dags/tutorial_taskflow_api.py
[2026-05-24T16:13:25.969+0000] {processor.py:830} INFO - Processing file /home/varn1t/ml-pipeline/venv/lib/python3.11/site-packages/airflow/example_dags/tutorial_taskflow_api.py for tasks to queue
[2026-05-24T16:13:25.971+0000] {logging_mixin.py:188} INFO - [2026-05-24T16:13:25.970+0000] {dagbag.py:545} INFO - Filling up the DagBag from /home/varn1t/ml-pipeline/venv/lib/python3.11/site-packages/airflow/example_dags/tutorial_taskflow_api.py
[2026-05-24T16:13:25.976+0000] {processor.py:840} INFO - DAG(s) 'tutorial_taskflow_api' retrieved from /home/varn1t/ml-pipeline/venv/lib/python3.11/site-packages/airflow/example_dags/tutorial_taskflow_api.py
[2026-05-24T16:13:25.988+0000] {logging_mixin.py:188} INFO - [2026-05-24T16:13:25.988+0000] {dag.py:3096} INFO - Sync 1 DAGs
[2026-05-24T16:13:25.996+0000] {logging_mixin.py:188} INFO - [2026-05-24T16:13:25.996+0000] {dag.py:3954} INFO - Setting next_dagrun for tutorial_taskflow_api to None, run_after=None
[2026-05-24T16:13:26.013+0000] {processor.py:183} INFO - Processing /home/varn1t/ml-pipeline/venv/lib/python3.11/site-packages/airflow/example_dags/tutorial_taskflow_api.py took 0.050 seconds
[2026-05-24T16:14:09.733+0000] {processor.py:161} INFO - Started process (PID=16793) to work on /home/varn1t/ml-pipeline/venv/lib/python3.11/site-packages/airflow/example_dags/tutorial_taskflow_api.py
[2026-05-24T16:14:09.734+0000] {processor.py:830} INFO - Processing file /home/varn1t/ml-pipeline/venv/lib/python3.11/site-packages/airflow/example_dags/tutorial_taskflow_api.py for tasks to queue
[2026-05-24T16:14:09.735+0000] {logging_mixin.py:188} INFO - [2026-05-24T16:14:09.735+0000] {dagbag.py:545} INFO - Filling up the DagBag from /home/varn1t/ml-pipeline/venv/lib/python3.11/site-packages/airflow/example_dags/tutorial_taskflow_api.py
[2026-05-24T16:14:09.740+0000] {processor.py:840} INFO - DAG(s) 'tutorial_taskflow_api' retrieved from /home/varn1t/ml-pipeline/venv/lib/python3.11/site-packages/airflow/example_dags/tutorial_taskflow_api.py
[2026-05-24T16:14:09.751+0000] {logging_mixin.py:188} INFO - [2026-05-24T16:14:09.751+0000] {dag.py:3096} INFO - Sync 1 DAGs
[2026-05-24T16:14:09.759+0000] {logging_mixin.py:188} INFO - [2026-05-24T16:14:09.759+0000] {dag.py:3954} INFO - Setting next_dagrun for tutorial_taskflow_api to None, run_after=None
[2026-05-24T16:14:09.775+0000] {processor.py:183} INFO - Processing /home/varn1t/ml-pipeline/venv/lib/python3.11/site-packages/airflow/example_dags/tutorial_taskflow_api.py took 0.046 seconds
[2026-05-24T16:14:52.140+0000] {processor.py:161} INFO - Started process (PID=16982) to work on /home/varn1t/ml-pipeline/venv/lib/python3.11/site-packages/airflow/example_dags/tutorial_taskflow_api.py
[2026-05-24T16:14:52.141+0000] {processor.py:830} INFO - Processing file /home/varn1t/ml-pipeline/venv/lib/python3.11/site-packages/airflow/example_dags/tutorial_taskflow_api.py for tasks to queue
[2026-05-24T16:14:52.142+0000] {logging_mixin.py:188} INFO - [2026-05-24T16:14:52.142+0000] {dagbag.py:545} INFO - Filling up the DagBag from /home/varn1t/ml-pipeline/venv/lib/python3.11/site-packages/airflow/example_dags/tutorial_taskflow_api.py
[2026-05-24T16:14:52.148+0000] {processor.py:840} INFO - DAG(s) 'tutorial_taskflow_api' retrieved from /home/varn1t/ml-pipeline/venv/lib/python3.11/site-packages/airflow/example_dags/tutorial_taskflow_api.py
[2026-05-24T16:14:52.159+0000] {logging_mixin.py:188} INFO - [2026-05-24T16:14:52.159+0000] {dag.py:3096} INFO - Sync 1 DAGs
[2026-05-24T16:14:52.165+0000] {logging_mixin.py:188} INFO - [2026-05-24T16:14:52.165+0000] {dag.py:3954} INFO - Setting next_dagrun for tutorial_taskflow_api to None, run_after=None
[2026-05-24T16:14:52.181+0000] {processor.py:183} INFO - Processing /home/varn1t/ml-pipeline/venv/lib/python3.11/site-packages/airflow/example_dags/tutorial_taskflow_api.py took 0.046 seconds
[2026-05-24T16:15:33.649+0000] {processor.py:161} INFO - Started process (PID=17162) to work on /home/varn1t/ml-pipeline/venv/lib/python3.11/site-packages/airflow/example_dags/tutorial_taskflow_api.py
[2026-05-24T16:15:33.650+0000] {processor.py:830} INFO - Processing file /home/varn1t/ml-pipeline/venv/lib/python3.11/site-packages/airflow/example_dags/tutorial_taskflow_api.py for tasks to queue
[2026-05-24T16:15:33.652+0000] {logging_mixin.py:188} INFO - [2026-05-24T16:15:33.651+0000] {dagbag.py:545} INFO - Filling up the DagBag from /home/varn1t/ml-pipeline/venv/lib/python3.11/site-packages/airflow/example_dags/tutorial_taskflow_api.py
[2026-05-24T16:15:33.658+0000] {processor.py:840} INFO - DAG(s) 'tutorial_taskflow_api' retrieved from /home/varn1t/ml-pipeline/venv/lib/python3.11/site-packages/airflow/example_dags/tutorial_taskflow_api.py
[2026-05-24T16:15:33.671+0000] {logging_mixin.py:188} INFO - [2026-05-24T16:15:33.670+0000] {dag.py:3096} INFO - Sync 1 DAGs
[2026-05-24T16:15:33.681+0000] {logging_mixin.py:188} INFO - [2026-05-24T16:15:33.681+0000] {dag.py:3954} INFO - Setting next_dagrun for tutorial_taskflow_api to None, run_after=None
[2026-05-24T16:15:33.701+0000] {processor.py:183} INFO - Processing /home/varn1t/ml-pipeline/venv/lib/python3.11/site-packages/airflow/example_dags/tutorial_taskflow_api.py took 0.058 seconds
[2026-05-24T16:16:15.083+0000] {processor.py:161} INFO - Started process (PID=17342) to work on /home/varn1t/ml-pipeline/venv/lib/python3.11/site-packages/airflow/example_dags/tutorial_taskflow_api.py
[2026-05-24T16:16:15.084+0000] {processor.py:830} INFO - Processing file /home/varn1t/ml-pipeline/venv/lib/python3.11/site-packages/airflow/example_dags/tutorial_taskflow_api.py for tasks to queue
[2026-05-24T16:16:15.086+0000] {logging_mixin.py:188} INFO - [2026-05-24T16:16:15.086+0000] {dagbag.py:545} INFO - Filling up the DagBag from /home/varn1t/ml-pipeline/venv/lib/python3.11/site-packages/airflow/example_dags/tutorial_taskflow_api.py
[2026-05-24T16:16:15.093+0000] {processor.py:840} INFO - DAG(s) 'tutorial_taskflow_api' retrieved from /home/varn1t/ml-pipeline/venv/lib/python3.11/site-packages/airflow/example_dags/tutorial_taskflow_api.py
[2026-05-24T16:16:15.107+0000] {logging_mixin.py:188} INFO - [2026-05-24T16:16:15.107+0000] {dag.py:3096} INFO - Sync 1 DAGs
[2026-05-24T16:16:15.115+0000] {logging_mixin.py:188} INFO - [2026-05-24T16:16:15.115+0000] {dag.py:3954} INFO - Setting next_dagrun for tutorial_taskflow_api to None, run_after=None
[2026-05-24T16:16:15.133+0000] {processor.py:183} INFO - Processing /home/varn1t/ml-pipeline/venv/lib/python3.11/site-packages/airflow/example_dags/tutorial_taskflow_api.py took 0.056 seconds
[2026-05-24T16:16:57.630+0000] {processor.py:161} INFO - Started process (PID=17555) to work on /home/varn1t/ml-pipeline/venv/lib/python3.11/site-packages/airflow/example_dags/tutorial_taskflow_api.py
[2026-05-24T16:16:57.632+0000] {processor.py:830} INFO - Processing file /home/varn1t/ml-pipeline/venv/lib/python3.11/site-packages/airflow/example_dags/tutorial_taskflow_api.py for tasks to queue
[2026-05-24T16:16:57.633+0000] {logging_mixin.py:188} INFO - [2026-05-24T16:16:57.633+0000] {dagbag.py:545} INFO - Filling up the DagBag from /home/varn1t/ml-pipeline/venv/lib/python3.11/site-packages/airflow/example_dags/tutorial_taskflow_api.py
[2026-05-24T16:16:57.639+0000] {processor.py:840} INFO - DAG(s) 'tutorial_taskflow_api' retrieved from /home/varn1t/ml-pipeline/venv/lib/python3.11/site-packages/airflow/example_dags/tutorial_taskflow_api.py
[2026-05-24T16:16:57.653+0000] {logging_mixin.py:188} INFO - [2026-05-24T16:16:57.653+0000] {dag.py:3096} INFO - Sync 1 DAGs
[2026-05-24T16:16:57.662+0000] {logging_mixin.py:188} INFO - [2026-05-24T16:16:57.662+0000] {dag.py:3954} INFO - Setting next_dagrun for tutorial_taskflow_api to None, run_after=None
[2026-05-24T16:16:57.681+0000] {processor.py:183} INFO - Processing /home/varn1t/ml-pipeline/venv/lib/python3.11/site-packages/airflow/example_dags/tutorial_taskflow_api.py took 0.057 seconds
[2026-05-24T16:17:37.668+0000] {processor.py:161} INFO - Started process (PID=17733) to work on /home/varn1t/ml-pipeline/venv/lib/python3.11/site-packages/airflow/example_dags/tutorial_taskflow_api.py
[2026-05-24T16:17:37.669+0000] {processor.py:830} INFO - Processing file /home/varn1t/ml-pipeline/venv/lib/python3.11/site-packages/airflow/example_dags/tutorial_taskflow_api.py for tasks to queue
[2026-05-24T16:17:37.671+0000] {logging_mixin.py:188} INFO - [2026-05-24T16:17:37.671+0000] {dagbag.py:545} INFO - Filling up the DagBag from /home/varn1t/ml-pipeline/venv/lib/python3.11/site-packages/airflow/example_dags/tutorial_taskflow_api.py
[2026-05-24T16:17:37.681+0000] {processor.py:840} INFO - DAG(s) 'tutorial_taskflow_api' retrieved from /home/varn1t/ml-pipeline/venv/lib/python3.11/site-packages/airflow/example_dags/tutorial_taskflow_api.py
[2026-05-24T16:17:37.699+0000] {logging_mixin.py:188} INFO - [2026-05-24T16:17:37.699+0000] {dag.py:3096} INFO - Sync 1 DAGs
[2026-05-24T16:17:37.709+0000] {logging_mixin.py:188} INFO - [2026-05-24T16:17:37.709+0000] {dag.py:3954} INFO - Setting next_dagrun for tutorial_taskflow_api to None, run_after=None
[2026-05-24T16:17:37.729+0000] {processor.py:183} INFO - Processing /home/varn1t/ml-pipeline/venv/lib/python3.11/site-packages/airflow/example_dags/tutorial_taskflow_api.py took 0.068 seconds
[2026-05-24T16:18:16.483+0000] {processor.py:161} INFO - Started process (PID=18068) to work on /home/varn1t/ml-pipeline/venv/lib/python3.11/site-packages/airflow/example_dags/tutorial_taskflow_api.py
[2026-05-24T16:18:16.484+0000] {processor.py:830} INFO - Processing file /home/varn1t/ml-pipeline/venv/lib/python3.11/site-packages/airflow/example_dags/tutorial_taskflow_api.py for tasks to queue
[2026-05-24T16:18:16.485+0000] {logging_mixin.py:188} INFO - [2026-05-24T16:18:16.485+0000] {dagbag.py:545} INFO - Filling up the DagBag from /home/varn1t/ml-pipeline/venv/lib/python3.11/site-packages/airflow/example_dags/tutorial_taskflow_api.py
[2026-05-24T16:18:16.490+0000] {processor.py:840} INFO - DAG(s) 'tutorial_taskflow_api' retrieved from /home/varn1t/ml-pipeline/venv/lib/python3.11/site-packages/airflow/example_dags/tutorial_taskflow_api.py
[2026-05-24T16:18:16.502+0000] {logging_mixin.py:188} INFO - [2026-05-24T16:18:16.502+0000] {dag.py:3096} INFO - Sync 1 DAGs
[2026-05-24T16:18:16.509+0000] {logging_mixin.py:188} INFO - [2026-05-24T16:18:16.509+0000] {dag.py:3954} INFO - Setting next_dagrun for tutorial_taskflow_api to None, run_after=None
[2026-05-24T16:18:16.526+0000] {processor.py:183} INFO - Processing /home/varn1t/ml-pipeline/venv/lib/python3.11/site-packages/airflow/example_dags/tutorial_taskflow_api.py took 0.047 seconds
[2026-05-24T16:18:59.527+0000] {processor.py:161} INFO - Started process (PID=18583) to work on /home/varn1t/ml-pipeline/venv/lib/python3.11/site-packages/airflow/example_dags/tutorial_taskflow_api.py
[2026-05-24T16:18:59.528+0000] {processor.py:830} INFO - Processing file /home/varn1t/ml-pipeline/venv/lib/python3.11/site-packages/airflow/example_dags/tutorial_taskflow_api.py for tasks to queue
[2026-05-24T16:18:59.530+0000] {logging_mixin.py:188} INFO - [2026-05-24T16:18:59.530+0000] {dagbag.py:545} INFO - Filling up the DagBag from /home/varn1t/ml-pipeline/venv/lib/python3.11/site-packages/airflow/example_dags/tutorial_taskflow_api.py
[2026-05-24T16:18:59.535+0000] {processor.py:840} INFO - DAG(s) 'tutorial_taskflow_api' retrieved from /home/varn1t/ml-pipeline/venv/lib/python3.11/site-packages/airflow/example_dags/tutorial_taskflow_api.py
[2026-05-24T16:18:59.547+0000] {logging_mixin.py:188} INFO - [2026-05-24T16:18:59.547+0000] {dag.py:3096} INFO - Sync 1 DAGs
[2026-05-24T16:18:59.557+0000] {logging_mixin.py:188} INFO - [2026-05-24T16:18:59.557+0000] {dag.py:3954} INFO - Setting next_dagrun for tutorial_taskflow_api to None, run_after=None
[2026-05-24T16:18:59.574+0000] {processor.py:183} INFO - Processing /home/varn1t/ml-pipeline/venv/lib/python3.11/site-packages/airflow/example_dags/tutorial_taskflow_api.py took 0.051 seconds
[2026-05-24T16:19:43.617+0000] {processor.py:161} INFO - Started process (PID=18808) to work on /home/varn1t/ml-pipeline/venv/lib/python3.11/site-packages/airflow/example_dags/tutorial_taskflow_api.py
[2026-05-24T16:19:43.618+0000] {processor.py:830} INFO - Processing file /home/varn1t/ml-pipeline/venv/lib/python3.11/site-packages/airflow/example_dags/tutorial_taskflow_api.py for tasks to queue
[2026-05-24T16:19:43.620+0000] {logging_mixin.py:188} INFO - [2026-05-24T16:19:43.619+0000] {dagbag.py:545} INFO - Filling up the DagBag from /home/varn1t/ml-pipeline/venv/lib/python3.11/site-packages/airflow/example_dags/tutorial_taskflow_api.py
[2026-05-24T16:19:43.625+0000] {processor.py:840} INFO - DAG(s) 'tutorial_taskflow_api' retrieved from /home/varn1t/ml-pipeline/venv/lib/python3.11/site-packages/airflow/example_dags/tutorial_taskflow_api.py
[2026-05-24T16:19:43.638+0000] {logging_mixin.py:188} INFO - [2026-05-24T16:19:43.638+0000] {dag.py:3096} INFO - Sync 1 DAGs
[2026-05-24T16:19:43.646+0000] {logging_mixin.py:188} INFO - [2026-05-24T16:19:43.646+0000] {dag.py:3954} INFO - Setting next_dagrun for tutorial_taskflow_api to None, run_after=None
[2026-05-24T16:19:43.664+0000] {processor.py:183} INFO - Processing /home/varn1t/ml-pipeline/venv/lib/python3.11/site-packages/airflow/example_dags/tutorial_taskflow_api.py took 0.052 seconds
[2026-05-24T16:20:26.949+0000] {processor.py:161} INFO - Started process (PID=19295) to work on /home/varn1t/ml-pipeline/venv/lib/python3.11/site-packages/airflow/example_dags/tutorial_taskflow_api.py
[2026-05-24T16:20:26.951+0000] {processor.py:830} INFO - Processing file /home/varn1t/ml-pipeline/venv/lib/python3.11/site-packages/airflow/example_dags/tutorial_taskflow_api.py for tasks to queue
[2026-05-24T16:20:26.952+0000] {logging_mixin.py:188} INFO - [2026-05-24T16:20:26.952+0000] {dagbag.py:545} INFO - Filling up the DagBag from /home/varn1t/ml-pipeline/venv/lib/python3.11/site-packages/airflow/example_dags/tutorial_taskflow_api.py
[2026-05-24T16:20:26.957+0000] {processor.py:840} INFO - DAG(s) 'tutorial_taskflow_api' retrieved from /home/varn1t/ml-pipeline/venv/lib/python3.11/site-packages/airflow/example_dags/tutorial_taskflow_api.py
[2026-05-24T16:20:26.970+0000] {logging_mixin.py:188} INFO - [2026-05-24T16:20:26.970+0000] {dag.py:3096} INFO - Sync 1 DAGs
[2026-05-24T16:20:26.976+0000] {logging_mixin.py:188} INFO - [2026-05-24T16:20:26.976+0000] {dag.py:3954} INFO - Setting next_dagrun for tutorial_taskflow_api to None, run_after=None
[2026-05-24T16:20:26.990+0000] {processor.py:183} INFO - Processing /home/varn1t/ml-pipeline/venv/lib/python3.11/site-packages/airflow/example_dags/tutorial_taskflow_api.py took 0.045 seconds
[2026-05-24T16:21:11.424+0000] {processor.py:161} INFO - Started process (PID=19628) to work on /home/varn1t/ml-pipeline/venv/lib/python3.11/site-packages/airflow/example_dags/tutorial_taskflow_api.py
[2026-05-24T16:21:11.425+0000] {processor.py:830} INFO - Processing file /home/varn1t/ml-pipeline/venv/lib/python3.11/site-packages/airflow/example_dags/tutorial_taskflow_api.py for tasks to queue
[2026-05-24T16:21:11.426+0000] {logging_mixin.py:188} INFO - [2026-05-24T16:21:11.426+0000] {dagbag.py:545} INFO - Filling up the DagBag from /home/varn1t/ml-pipeline/venv/lib/python3.11/site-packages/airflow/example_dags/tutorial_taskflow_api.py
[2026-05-24T16:21:11.432+0000] {processor.py:840} INFO - DAG(s) 'tutorial_taskflow_api' retrieved from /home/varn1t/ml-pipeline/venv/lib/python3.11/site-packages/airflow/example_dags/tutorial_taskflow_api.py
[2026-05-24T16:21:11.445+0000] {logging_mixin.py:188} INFO - [2026-05-24T16:21:11.445+0000] {dag.py:3096} INFO - Sync 1 DAGs
[2026-05-24T16:21:11.453+0000] {logging_mixin.py:188} INFO - [2026-05-24T16:21:11.452+0000] {dag.py:3954} INFO - Setting next_dagrun for tutorial_taskflow_api to None, run_after=None
[2026-05-24T16:21:11.469+0000] {processor.py:183} INFO - Processing /home/varn1t/ml-pipeline/venv/lib/python3.11/site-packages/airflow/example_dags/tutorial_taskflow_api.py took 0.049 seconds
[2026-05-24T16:21:52.569+0000] {processor.py:161} INFO - Started process (PID=19835) to work on /home/varn1t/ml-pipeline/venv/lib/python3.11/site-packages/airflow/example_dags/tutorial_taskflow_api.py
[2026-05-24T16:21:52.570+0000] {processor.py:830} INFO - Processing file /home/varn1t/ml-pipeline/venv/lib/python3.11/site-packages/airflow/example_dags/tutorial_taskflow_api.py for tasks to queue
[2026-05-24T16:21:52.572+0000] {logging_mixin.py:188} INFO - [2026-05-24T16:21:52.571+0000] {dagbag.py:545} INFO - Filling up the DagBag from /home/varn1t/ml-pipeline/venv/lib/python3.11/site-packages/airflow/example_dags/tutorial_taskflow_api.py
[2026-05-24T16:21:52.577+0000] {processor.py:840} INFO - DAG(s) 'tutorial_taskflow_api' retrieved from /home/varn1t/ml-pipeline/venv/lib/python3.11/site-packages/airflow/example_dags/tutorial_taskflow_api.py
[2026-05-24T16:21:52.588+0000] {logging_mixin.py:188} INFO - [2026-05-24T16:21:52.588+0000] {dag.py:3096} INFO - Sync 1 DAGs
[2026-05-24T16:21:52.596+0000] {logging_mixin.py:188} INFO - [2026-05-24T16:21:52.596+0000] {dag.py:3954} INFO - Setting next_dagrun for tutorial_taskflow_api to None, run_after=None
[2026-05-24T16:21:52.613+0000] {processor.py:183} INFO - Processing /home/varn1t/ml-pipeline/venv/lib/python3.11/site-packages/airflow/example_dags/tutorial_taskflow_api.py took 0.049 seconds
[2026-05-24T16:22:33.757+0000] {processor.py:161} INFO - Started process (PID=20101) to work on /home/varn1t/ml-pipeline/venv/lib/python3.11/site-packages/airflow/example_dags/tutorial_taskflow_api.py
[2026-05-24T16:22:33.758+0000] {processor.py:830} INFO - Processing file /home/varn1t/ml-pipeline/venv/lib/python3.11/site-packages/airflow/example_dags/tutorial_taskflow_api.py for tasks to queue
[2026-05-24T16:22:33.760+0000] {logging_mixin.py:188} INFO - [2026-05-24T16:22:33.760+0000] {dagbag.py:545} INFO - Filling up the DagBag from /home/varn1t/ml-pipeline/venv/lib/python3.11/site-packages/airflow/example_dags/tutorial_taskflow_api.py
[2026-05-24T16:22:33.765+0000] {processor.py:840} INFO - DAG(s) 'tutorial_taskflow_api' retrieved from /home/varn1t/ml-pipeline/venv/lib/python3.11/site-packages/airflow/example_dags/tutorial_taskflow_api.py
[2026-05-24T16:22:33.775+0000] {logging_mixin.py:188} INFO - [2026-05-24T16:22:33.775+0000] {dag.py:3096} INFO - Sync 1 DAGs
[2026-05-24T16:22:33.786+0000] {logging_mixin.py:188} INFO - [2026-05-24T16:22:33.786+0000] {dag.py:3954} INFO - Setting next_dagrun for tutorial_taskflow_api to None, run_after=None
[2026-05-24T16:22:33.807+0000] {processor.py:183} INFO - Processing /home/varn1t/ml-pipeline/venv/lib/python3.11/site-packages/airflow/example_dags/tutorial_taskflow_api.py took 0.053 seconds
[2026-05-24T16:23:14.754+0000] {processor.py:161} INFO - Started process (PID=20276) to work on /home/varn1t/ml-pipeline/venv/lib/python3.11/site-packages/airflow/example_dags/tutorial_taskflow_api.py
[2026-05-24T16:23:14.755+0000] {processor.py:830} INFO - Processing file /home/varn1t/ml-pipeline/venv/lib/python3.11/site-packages/airflow/example_dags/tutorial_taskflow_api.py for tasks to queue
[2026-05-24T16:23:14.756+0000] {logging_mixin.py:188} INFO - [2026-05-24T16:23:14.756+0000] {dagbag.py:545} INFO - Filling up the DagBag from /home/varn1t/ml-pipeline/venv/lib/python3.11/site-packages/airflow/example_dags/tutorial_taskflow_api.py
[2026-05-24T16:23:14.761+0000] {processor.py:840} INFO - DAG(s) 'tutorial_taskflow_api' retrieved from /home/varn1t/ml-pipeline/venv/lib/python3.11/site-packages/airflow/example_dags/tutorial_taskflow_api.py
[2026-05-24T16:23:14.772+0000] {logging_mixin.py:188} INFO - [2026-05-24T16:23:14.772+0000] {dag.py:3096} INFO - Sync 1 DAGs
[2026-05-24T16:23:14.778+0000] {logging_mixin.py:188} INFO - [2026-05-24T16:23:14.778+0000] {dag.py:3954} INFO - Setting next_dagrun for tutorial_taskflow_api to None, run_after=None
[2026-05-24T16:23:14.791+0000] {processor.py:183} INFO - Processing /home/varn1t/ml-pipeline/venv/lib/python3.11/site-packages/airflow/example_dags/tutorial_taskflow_api.py took 0.041 seconds
[2026-05-24T16:23:53.663+0000] {processor.py:161} INFO - Started process (PID=20447) to work on /home/varn1t/ml-pipeline/venv/lib/python3.11/site-packages/airflow/example_dags/tutorial_taskflow_api.py
[2026-05-24T16:23:53.664+0000] {processor.py:830} INFO - Processing file /home/varn1t/ml-pipeline/venv/lib/python3.11/site-packages/airflow/example_dags/tutorial_taskflow_api.py for tasks to queue
[2026-05-24T16:23:53.665+0000] {logging_mixin.py:188} INFO - [2026-05-24T16:23:53.665+0000] {dagbag.py:545} INFO - Filling up the DagBag from /home/varn1t/ml-pipeline/venv/lib/python3.11/site-packages/airflow/example_dags/tutorial_taskflow_api.py
[2026-05-24T16:23:53.670+0000] {processor.py:840} INFO - DAG(s) 'tutorial_taskflow_api' retrieved from /home/varn1t/ml-pipeline/venv/lib/python3.11/site-packages/airflow/example_dags/tutorial_taskflow_api.py
[2026-05-24T16:23:53.680+0000] {logging_mixin.py:188} INFO - [2026-05-24T16:23:53.680+0000] {dag.py:3096} INFO - Sync 1 DAGs
[2026-05-24T16:23:53.685+0000] {logging_mixin.py:188} INFO - [2026-05-24T16:23:53.685+0000] {dag.py:3954} INFO - Setting next_dagrun for tutorial_taskflow_api to None, run_after=None
[2026-05-24T16:23:53.700+0000] {processor.py:183} INFO - Processing /home/varn1t/ml-pipeline/venv/lib/python3.11/site-packages/airflow/example_dags/tutorial_taskflow_api.py took 0.041 seconds
[2026-05-24T16:24:38.920+0000] {processor.py:161} INFO - Started process (PID=20645) to work on /home/varn1t/ml-pipeline/venv/lib/python3.11/site-packages/airflow/example_dags/tutorial_taskflow_api.py
[2026-05-24T16:24:38.921+0000] {processor.py:830} INFO - Processing file /home/varn1t/ml-pipeline/venv/lib/python3.11/site-packages/airflow/example_dags/tutorial_taskflow_api.py for tasks to queue
[2026-05-24T16:24:38.923+0000] {logging_mixin.py:188} INFO - [2026-05-24T16:24:38.922+0000] {dagbag.py:545} INFO - Filling up the DagBag from /home/varn1t/ml-pipeline/venv/lib/python3.11/site-packages/airflow/example_dags/tutorial_taskflow_api.py
[2026-05-24T16:24:38.929+0000] {processor.py:840} INFO - DAG(s) 'tutorial_taskflow_api' retrieved from /home/varn1t/ml-pipeline/venv/lib/python3.11/site-packages/airflow/example_dags/tutorial_taskflow_api.py
[2026-05-24T16:24:38.940+0000] {logging_mixin.py:188} INFO - [2026-05-24T16:24:38.940+0000] {dag.py:3096} INFO - Sync 1 DAGs
[2026-05-24T16:24:38.946+0000] {logging_mixin.py:188} INFO - [2026-05-24T16:24:38.946+0000] {dag.py:3954} INFO - Setting next_dagrun for tutorial_taskflow_api to None, run_after=None
[2026-05-24T16:24:38.959+0000] {processor.py:183} INFO - Processing /home/varn1t/ml-pipeline/venv/lib/python3.11/site-packages/airflow/example_dags/tutorial_taskflow_api.py took 0.045 seconds
[2026-05-24T16:25:23.352+0000] {processor.py:161} INFO - Started process (PID=20886) to work on /home/varn1t/ml-pipeline/venv/lib/python3.11/site-packages/airflow/example_dags/tutorial_taskflow_api.py
[2026-05-24T16:25:23.354+0000] {processor.py:830} INFO - Processing file /home/varn1t/ml-pipeline/venv/lib/python3.11/site-packages/airflow/example_dags/tutorial_taskflow_api.py for tasks to queue
[2026-05-24T16:25:23.355+0000] {logging_mixin.py:188} INFO - [2026-05-24T16:25:23.355+0000] {dagbag.py:545} INFO - Filling up the DagBag from /home/varn1t/ml-pipeline/venv/lib/python3.11/site-packages/airflow/example_dags/tutorial_taskflow_api.py
[2026-05-24T16:25:23.360+0000] {processor.py:840} INFO - DAG(s) 'tutorial_taskflow_api' retrieved from /home/varn1t/ml-pipeline/venv/lib/python3.11/site-packages/airflow/example_dags/tutorial_taskflow_api.py
[2026-05-24T16:25:23.373+0000] {logging_mixin.py:188} INFO - [2026-05-24T16:25:23.373+0000] {dag.py:3096} INFO - Sync 1 DAGs
[2026-05-24T16:25:23.382+0000] {logging_mixin.py:188} INFO - [2026-05-24T16:25:23.382+0000] {dag.py:3954} INFO - Setting next_dagrun for tutorial_taskflow_api to None, run_after=None
[2026-05-24T16:25:23.401+0000] {processor.py:183} INFO - Processing /home/varn1t/ml-pipeline/venv/lib/python3.11/site-packages/airflow/example_dags/tutorial_taskflow_api.py took 0.054 seconds
[2026-05-24T16:26:06.066+0000] {processor.py:161} INFO - Started process (PID=21145) to work on /home/varn1t/ml-pipeline/venv/lib/python3.11/site-packages/airflow/example_dags/tutorial_taskflow_api.py
[2026-05-24T16:26:06.067+0000] {processor.py:830} INFO - Processing file /home/varn1t/ml-pipeline/venv/lib/python3.11/site-packages/airflow/example_dags/tutorial_taskflow_api.py for tasks to queue
[2026-05-24T16:26:06.068+0000] {logging_mixin.py:188} INFO - [2026-05-24T16:26:06.068+0000] {dagbag.py:545} INFO - Filling up the DagBag from /home/varn1t/ml-pipeline/venv/lib/python3.11/site-packages/airflow/example_dags/tutorial_taskflow_api.py
[2026-05-24T16:26:06.073+0000] {processor.py:840} INFO - DAG(s) 'tutorial_taskflow_api' retrieved from /home/varn1t/ml-pipeline/venv/lib/python3.11/site-packages/airflow/example_dags/tutorial_taskflow_api.py
[2026-05-24T16:26:06.085+0000] {logging_mixin.py:188} INFO - [2026-05-24T16:26:06.085+0000] {dag.py:3096} INFO - Sync 1 DAGs
[2026-05-24T16:26:06.092+0000] {logging_mixin.py:188} INFO - [2026-05-24T16:26:06.091+0000] {dag.py:3954} INFO - Setting next_dagrun for tutorial_taskflow_api to None, run_after=None
[2026-05-24T16:26:06.111+0000] {processor.py:183} INFO - Processing /home/varn1t/ml-pipeline/venv/lib/python3.11/site-packages/airflow/example_dags/tutorial_taskflow_api.py took 0.050 seconds
[2026-05-24T16:26:49.819+0000] {processor.py:161} INFO - Started process (PID=21387) to work on /home/varn1t/ml-pipeline/venv/lib/python3.11/site-packages/airflow/example_dags/tutorial_taskflow_api.py
[2026-05-24T16:26:49.820+0000] {processor.py:830} INFO - Processing file /home/varn1t/ml-pipeline/venv/lib/python3.11/site-packages/airflow/example_dags/tutorial_taskflow_api.py for tasks to queue
[2026-05-24T16:26:49.821+0000] {logging_mixin.py:188} INFO - [2026-05-24T16:26:49.821+0000] {dagbag.py:545} INFO - Filling up the DagBag from /home/varn1t/ml-pipeline/venv/lib/python3.11/site-packages/airflow/example_dags/tutorial_taskflow_api.py
[2026-05-24T16:26:49.828+0000] {processor.py:840} INFO - DAG(s) 'tutorial_taskflow_api' retrieved from /home/varn1t/ml-pipeline/venv/lib/python3.11/site-packages/airflow/example_dags/tutorial_taskflow_api.py
[2026-05-24T16:26:49.837+0000] {logging_mixin.py:188} INFO - [2026-05-24T16:26:49.837+0000] {dag.py:3096} INFO - Sync 1 DAGs
[2026-05-24T16:26:49.844+0000] {logging_mixin.py:188} INFO - [2026-05-24T16:26:49.844+0000] {dag.py:3954} INFO - Setting next_dagrun for tutorial_taskflow_api to None, run_after=None
[2026-05-24T16:26:49.858+0000] {processor.py:183} INFO - Processing /home/varn1t/ml-pipeline/venv/lib/python3.11/site-packages/airflow/example_dags/tutorial_taskflow_api.py took 0.044 seconds
[2026-05-24T16:27:33.129+0000] {processor.py:161} INFO - Started process (PID=21793) to work on /home/varn1t/ml-pipeline/venv/lib/python3.11/site-packages/airflow/example_dags/tutorial_taskflow_api.py
[2026-05-24T16:27:33.130+0000] {processor.py:830} INFO - Processing file /home/varn1t/ml-pipeline/venv/lib/python3.11/site-packages/airflow/example_dags/tutorial_taskflow_api.py for tasks to queue
[2026-05-24T16:27:33.131+0000] {logging_mixin.py:188} INFO - [2026-05-24T16:27:33.131+0000] {dagbag.py:545} INFO - Filling up the DagBag from /home/varn1t/ml-pipeline/venv/lib/python3.11/site-packages/airflow/example_dags/tutorial_taskflow_api.py
[2026-05-24T16:27:33.136+0000] {processor.py:840} INFO - DAG(s) 'tutorial_taskflow_api' retrieved from /home/varn1t/ml-pipeline/venv/lib/python3.11/site-packages/airflow/example_dags/tutorial_taskflow_api.py
[2026-05-24T16:27:33.148+0000] {logging_mixin.py:188} INFO - [2026-05-24T16:27:33.148+0000] {dag.py:3096} INFO - Sync 1 DAGs
[2026-05-24T16:27:33.156+0000] {logging_mixin.py:188} INFO - [2026-05-24T16:27:33.155+0000] {dag.py:3954} INFO - Setting next_dagrun for tutorial_taskflow_api to None, run_after=None
[2026-05-24T16:27:33.175+0000] {processor.py:183} INFO - Processing /home/varn1t/ml-pipeline/venv/lib/python3.11/site-packages/airflow/example_dags/tutorial_taskflow_api.py took 0.051 seconds
[2026-05-24T16:28:16.653+0000] {processor.py:161} INFO - Started process (PID=22222) to work on /home/varn1t/ml-pipeline/venv/lib/python3.11/site-packages/airflow/example_dags/tutorial_taskflow_api.py
[2026-05-24T16:28:16.654+0000] {processor.py:830} INFO - Processing file /home/varn1t/ml-pipeline/venv/lib/python3.11/site-packages/airflow/example_dags/tutorial_taskflow_api.py for tasks to queue
[2026-05-24T16:28:16.655+0000] {logging_mixin.py:188} INFO - [2026-05-24T16:28:16.655+0000] {dagbag.py:545} INFO - Filling up the DagBag from /home/varn1t/ml-pipeline/venv/lib/python3.11/site-packages/airflow/example_dags/tutorial_taskflow_api.py
[2026-05-24T16:28:16.661+0000] {processor.py:840} INFO - DAG(s) 'tutorial_taskflow_api' retrieved from /home/varn1t/ml-pipeline/venv/lib/python3.11/site-packages/airflow/example_dags/tutorial_taskflow_api.py
[2026-05-24T16:28:16.671+0000] {logging_mixin.py:188} INFO - [2026-05-24T16:28:16.671+0000] {dag.py:3096} INFO - Sync 1 DAGs
[2026-05-24T16:28:16.678+0000] {logging_mixin.py:188} INFO - [2026-05-24T16:28:16.678+0000] {dag.py:3954} INFO - Setting next_dagrun for tutorial_taskflow_api to None, run_after=None
[2026-05-24T16:28:16.692+0000] {processor.py:183} INFO - Processing /home/varn1t/ml-pipeline/venv/lib/python3.11/site-packages/airflow/example_dags/tutorial_taskflow_api.py took 0.044 seconds
[2026-05-24T16:28:58.837+0000] {processor.py:161} INFO - Started process (PID=22486) to work on /home/varn1t/ml-pipeline/venv/lib/python3.11/site-packages/airflow/example_dags/tutorial_taskflow_api.py
[2026-05-24T16:28:58.838+0000] {processor.py:830} INFO - Processing file /home/varn1t/ml-pipeline/venv/lib/python3.11/site-packages/airflow/example_dags/tutorial_taskflow_api.py for tasks to queue
[2026-05-24T16:28:58.840+0000] {logging_mixin.py:188} INFO - [2026-05-24T16:28:58.839+0000] {dagbag.py:545} INFO - Filling up the DagBag from /home/varn1t/ml-pipeline/venv/lib/python3.11/site-packages/airflow/example_dags/tutorial_taskflow_api.py
[2026-05-24T16:28:58.846+0000] {processor.py:840} INFO - DAG(s) 'tutorial_taskflow_api' retrieved from /home/varn1t/ml-pipeline/venv/lib/python3.11/site-packages/airflow/example_dags/tutorial_taskflow_api.py
[2026-05-24T16:28:58.857+0000] {logging_mixin.py:188} INFO - [2026-05-24T16:28:58.857+0000] {dag.py:3096} INFO - Sync 1 DAGs
[2026-05-24T16:28:58.865+0000] {logging_mixin.py:188} INFO - [2026-05-24T16:28:58.865+0000] {dag.py:3954} INFO - Setting next_dagrun for tutorial_taskflow_api to None, run_after=None
[2026-05-24T16:28:58.882+0000] {processor.py:183} INFO - Processing /home/varn1t/ml-pipeline/venv/lib/python3.11/site-packages/airflow/example_dags/tutorial_taskflow_api.py took 0.050 seconds
[2026-05-24T16:29:39.924+0000] {processor.py:161} INFO - Started process (PID=22671) to work on /home/varn1t/ml-pipeline/venv/lib/python3.11/site-packages/airflow/example_dags/tutorial_taskflow_api.py
[2026-05-24T16:29:39.925+0000] {processor.py:830} INFO - Processing file /home/varn1t/ml-pipeline/venv/lib/python3.11/site-packages/airflow/example_dags/tutorial_taskflow_api.py for tasks to queue
[2026-05-24T16:29:39.927+0000] {logging_mixin.py:188} INFO - [2026-05-24T16:29:39.927+0000] {dagbag.py:545} INFO - Filling up the DagBag from /home/varn1t/ml-pipeline/venv/lib/python3.11/site-packages/airflow/example_dags/tutorial_taskflow_api.py
[2026-05-24T16:29:39.934+0000] {processor.py:840} INFO - DAG(s) 'tutorial_taskflow_api' retrieved from /home/varn1t/ml-pipeline/venv/lib/python3.11/site-packages/airflow/example_dags/tutorial_taskflow_api.py
[2026-05-24T16:29:39.948+0000] {logging_mixin.py:188} INFO - [2026-05-24T16:29:39.948+0000] {dag.py:3096} INFO - Sync 1 DAGs
[2026-05-24T16:29:39.961+0000] {logging_mixin.py:188} INFO - [2026-05-24T16:29:39.961+0000] {dag.py:3954} INFO - Setting next_dagrun for tutorial_taskflow_api to None, run_after=None
[2026-05-24T16:29:39.986+0000] {processor.py:183} INFO - Processing /home/varn1t/ml-pipeline/venv/lib/python3.11/site-packages/airflow/example_dags/tutorial_taskflow_api.py took 0.069 seconds
[2026-05-24T16:30:23.877+0000] {processor.py:161} INFO - Started process (PID=22874) to work on /home/varn1t/ml-pipeline/venv/lib/python3.11/site-packages/airflow/example_dags/tutorial_taskflow_api.py
[2026-05-24T16:30:23.878+0000] {processor.py:830} INFO - Processing file /home/varn1t/ml-pipeline/venv/lib/python3.11/site-packages/airflow/example_dags/tutorial_taskflow_api.py for tasks to queue
[2026-05-24T16:30:23.880+0000] {logging_mixin.py:188} INFO - [2026-05-24T16:30:23.880+0000] {dagbag.py:545} INFO - Filling up the DagBag from /home/varn1t/ml-pipeline/venv/lib/python3.11/site-packages/airflow/example_dags/tutorial_taskflow_api.py
[2026-05-24T16:30:23.887+0000] {processor.py:840} INFO - DAG(s) 'tutorial_taskflow_api' retrieved from /home/varn1t/ml-pipeline/venv/lib/python3.11/site-packages/airflow/example_dags/tutorial_taskflow_api.py
[2026-05-24T16:30:23.901+0000] {logging_mixin.py:188} INFO - [2026-05-24T16:30:23.901+0000] {dag.py:3096} INFO - Sync 1 DAGs
[2026-05-24T16:30:23.910+0000] {logging_mixin.py:188} INFO - [2026-05-24T16:30:23.910+0000] {dag.py:3954} INFO - Setting next_dagrun for tutorial_taskflow_api to None, run_after=None
[2026-05-24T16:30:23.931+0000] {processor.py:183} INFO - Processing /home/varn1t/ml-pipeline/venv/lib/python3.11/site-packages/airflow/example_dags/tutorial_taskflow_api.py took 0.061 seconds
[2026-05-24T16:31:09.370+0000] {processor.py:161} INFO - Started process (PID=23086) to work on /home/varn1t/ml-pipeline/venv/lib/python3.11/site-packages/airflow/example_dags/tutorial_taskflow_api.py
[2026-05-24T16:31:09.371+0000] {processor.py:830} INFO - Processing file /home/varn1t/ml-pipeline/venv/lib/python3.11/site-packages/airflow/example_dags/tutorial_taskflow_api.py for tasks to queue
[2026-05-24T16:31:09.372+0000] {logging_mixin.py:188} INFO - [2026-05-24T16:31:09.371+0000] {dagbag.py:545} INFO - Filling up the DagBag from /home/varn1t/ml-pipeline/venv/lib/python3.11/site-packages/airflow/example_dags/tutorial_taskflow_api.py
[2026-05-24T16:31:09.376+0000] {processor.py:840} INFO - DAG(s) 'tutorial_taskflow_api' retrieved from /home/varn1t/ml-pipeline/venv/lib/python3.11/site-packages/airflow/example_dags/tutorial_taskflow_api.py
[2026-05-24T16:31:09.388+0000] {logging_mixin.py:188} INFO - [2026-05-24T16:31:09.388+0000] {dag.py:3096} INFO - Sync 1 DAGs
[2026-05-24T16:31:09.393+0000] {logging_mixin.py:188} INFO - [2026-05-24T16:31:09.393+0000] {dag.py:3954} INFO - Setting next_dagrun for tutorial_taskflow_api to None, run_after=None
[2026-05-24T16:31:09.408+0000] {processor.py:183} INFO - Processing /home/varn1t/ml-pipeline/venv/lib/python3.11/site-packages/airflow/example_dags/tutorial_taskflow_api.py took 0.042 seconds
[2026-05-24T16:31:50.201+0000] {processor.py:161} INFO - Started process (PID=23327) to work on /home/varn1t/ml-pipeline/venv/lib/python3.11/site-packages/airflow/example_dags/tutorial_taskflow_api.py
[2026-05-24T16:31:50.202+0000] {processor.py:830} INFO - Processing file /home/varn1t/ml-pipeline/venv/lib/python3.11/site-packages/airflow/example_dags/tutorial_taskflow_api.py for tasks to queue
[2026-05-24T16:31:50.203+0000] {logging_mixin.py:188} INFO - [2026-05-24T16:31:50.203+0000] {dagbag.py:545} INFO - Filling up the DagBag from /home/varn1t/ml-pipeline/venv/lib/python3.11/site-packages/airflow/example_dags/tutorial_taskflow_api.py
[2026-05-24T16:31:50.208+0000] {processor.py:840} INFO - DAG(s) 'tutorial_taskflow_api' retrieved from /home/varn1t/ml-pipeline/venv/lib/python3.11/site-packages/airflow/example_dags/tutorial_taskflow_api.py
[2026-05-24T16:31:50.220+0000] {logging_mixin.py:188} INFO - [2026-05-24T16:31:50.220+0000] {dag.py:3096} INFO - Sync 1 DAGs
[2026-05-24T16:31:50.227+0000] {logging_mixin.py:188} INFO - [2026-05-24T16:31:50.227+0000] {dag.py:3954} INFO - Setting next_dagrun for tutorial_taskflow_api to None, run_after=None
[2026-05-24T16:31:50.244+0000] {processor.py:183} INFO - Processing /home/varn1t/ml-pipeline/venv/lib/python3.11/site-packages/airflow/example_dags/tutorial_taskflow_api.py took 0.046 seconds
[2026-05-24T16:32:39.980+0000] {processor.py:161} INFO - Started process (PID=23746) to work on /home/varn1t/ml-pipeline/venv/lib/python3.11/site-packages/airflow/example_dags/tutorial_taskflow_api.py
[2026-05-24T16:32:39.984+0000] {processor.py:830} INFO - Processing file /home/varn1t/ml-pipeline/venv/lib/python3.11/site-packages/airflow/example_dags/tutorial_taskflow_api.py for tasks to queue
[2026-05-24T16:32:39.991+0000] {logging_mixin.py:188} INFO - [2026-05-24T16:32:39.990+0000] {dagbag.py:545} INFO - Filling up the DagBag from /home/varn1t/ml-pipeline/venv/lib/python3.11/site-packages/airflow/example_dags/tutorial_taskflow_api.py
[2026-05-24T16:32:40.020+0000] {processor.py:840} INFO - DAG(s) 'tutorial_taskflow_api' retrieved from /home/varn1t/ml-pipeline/venv/lib/python3.11/site-packages/airflow/example_dags/tutorial_taskflow_api.py
[2026-05-24T16:32:40.071+0000] {logging_mixin.py:188} INFO - [2026-05-24T16:32:40.071+0000] {dag.py:3096} INFO - Sync 1 DAGs
[2026-05-24T16:32:40.098+0000] {logging_mixin.py:188} INFO - [2026-05-24T16:32:40.098+0000] {dag.py:3954} INFO - Setting next_dagrun for tutorial_taskflow_api to None, run_after=None
[2026-05-24T16:32:40.136+0000] {processor.py:183} INFO - Processing /home/varn1t/ml-pipeline/venv/lib/python3.11/site-packages/airflow/example_dags/tutorial_taskflow_api.py took 0.181 seconds
[2026-05-24T16:33:27.565+0000] {processor.py:161} INFO - Started process (PID=24145) to work on /home/varn1t/ml-pipeline/venv/lib/python3.11/site-packages/airflow/example_dags/tutorial_taskflow_api.py
[2026-05-24T16:33:27.566+0000] {processor.py:830} INFO - Processing file /home/varn1t/ml-pipeline/venv/lib/python3.11/site-packages/airflow/example_dags/tutorial_taskflow_api.py for tasks to queue
[2026-05-24T16:33:27.568+0000] {logging_mixin.py:188} INFO - [2026-05-24T16:33:27.568+0000] {dagbag.py:545} INFO - Filling up the DagBag from /home/varn1t/ml-pipeline/venv/lib/python3.11/site-packages/airflow/example_dags/tutorial_taskflow_api.py
[2026-05-24T16:33:27.582+0000] {processor.py:840} INFO - DAG(s) 'tutorial_taskflow_api' retrieved from /home/varn1t/ml-pipeline/venv/lib/python3.11/site-packages/airflow/example_dags/tutorial_taskflow_api.py
[2026-05-24T16:33:27.681+0000] {logging_mixin.py:188} INFO - [2026-05-24T16:33:27.680+0000] {dag.py:3096} INFO - Sync 1 DAGs
[2026-05-24T16:33:27.692+0000] {logging_mixin.py:188} INFO - [2026-05-24T16:33:27.692+0000] {dag.py:3954} INFO - Setting next_dagrun for tutorial_taskflow_api to None, run_after=None
[2026-05-24T16:33:27.768+0000] {processor.py:183} INFO - Processing /home/varn1t/ml-pipeline/venv/lib/python3.11/site-packages/airflow/example_dags/tutorial_taskflow_api.py took 0.280 seconds
[2026-05-24T16:34:10.357+0000] {processor.py:161} INFO - Started process (PID=24374) to work on /home/varn1t/ml-pipeline/venv/lib/python3.11/site-packages/airflow/example_dags/tutorial_taskflow_api.py
[2026-05-24T16:34:10.358+0000] {processor.py:830} INFO - Processing file /home/varn1t/ml-pipeline/venv/lib/python3.11/site-packages/airflow/example_dags/tutorial_taskflow_api.py for tasks to queue
[2026-05-24T16:34:10.359+0000] {logging_mixin.py:188} INFO - [2026-05-24T16:34:10.359+0000] {dagbag.py:545} INFO - Filling up the DagBag from /home/varn1t/ml-pipeline/venv/lib/python3.11/site-packages/airflow/example_dags/tutorial_taskflow_api.py
[2026-05-24T16:34:10.363+0000] {processor.py:840} INFO - DAG(s) 'tutorial_taskflow_api' retrieved from /home/varn1t/ml-pipeline/venv/lib/python3.11/site-packages/airflow/example_dags/tutorial_taskflow_api.py
[2026-05-24T16:34:10.373+0000] {logging_mixin.py:188} INFO - [2026-05-24T16:34:10.373+0000] {dag.py:3096} INFO - Sync 1 DAGs
[2026-05-24T16:34:10.379+0000] {logging_mixin.py:188} INFO - [2026-05-24T16:34:10.379+0000] {dag.py:3954} INFO - Setting next_dagrun for tutorial_taskflow_api to None, run_after=None
[2026-05-24T16:34:10.392+0000] {processor.py:183} INFO - Processing /home/varn1t/ml-pipeline/venv/lib/python3.11/site-packages/airflow/example_dags/tutorial_taskflow_api.py took 0.039 seconds
[2026-05-24T16:34:48.460+0000] {processor.py:161} INFO - Started process (PID=24546) to work on /home/varn1t/ml-pipeline/venv/lib/python3.11/site-packages/airflow/example_dags/tutorial_taskflow_api.py
[2026-05-24T16:34:48.461+0000] {processor.py:830} INFO - Processing file /home/varn1t/ml-pipeline/venv/lib/python3.11/site-packages/airflow/example_dags/tutorial_taskflow_api.py for tasks to queue
[2026-05-24T16:34:48.462+0000] {logging_mixin.py:188} INFO - [2026-05-24T16:34:48.462+0000] {dagbag.py:545} INFO - Filling up the DagBag from /home/varn1t/ml-pipeline/venv/lib/python3.11/site-packages/airflow/example_dags/tutorial_taskflow_api.py
[2026-05-24T16:34:48.467+0000] {processor.py:840} INFO - DAG(s) 'tutorial_taskflow_api' retrieved from /home/varn1t/ml-pipeline/venv/lib/python3.11/site-packages/airflow/example_dags/tutorial_taskflow_api.py
[2026-05-24T16:34:48.476+0000] {logging_mixin.py:188} INFO - [2026-05-24T16:34:48.475+0000] {dag.py:3096} INFO - Sync 1 DAGs
[2026-05-24T16:34:48.482+0000] {logging_mixin.py:188} INFO - [2026-05-24T16:34:48.482+0000] {dag.py:3954} INFO - Setting next_dagrun for tutorial_taskflow_api to None, run_after=None
[2026-05-24T16:34:48.496+0000] {processor.py:183} INFO - Processing /home/varn1t/ml-pipeline/venv/lib/python3.11/site-packages/airflow/example_dags/tutorial_taskflow_api.py took 0.039 seconds
[2026-05-24T16:35:31.768+0000] {processor.py:161} INFO - Started process (PID=24737) to work on /home/varn1t/ml-pipeline/venv/lib/python3.11/site-packages/airflow/example_dags/tutorial_taskflow_api.py
[2026-05-24T16:35:31.769+0000] {processor.py:830} INFO - Processing file /home/varn1t/ml-pipeline/venv/lib/python3.11/site-packages/airflow/example_dags/tutorial_taskflow_api.py for tasks to queue
[2026-05-24T16:35:31.770+0000] {logging_mixin.py:188} INFO - [2026-05-24T16:35:31.770+0000] {dagbag.py:545} INFO - Filling up the DagBag from /home/varn1t/ml-pipeline/venv/lib/python3.11/site-packages/airflow/example_dags/tutorial_taskflow_api.py
[2026-05-24T16:35:31.775+0000] {processor.py:840} INFO - DAG(s) 'tutorial_taskflow_api' retrieved from /home/varn1t/ml-pipeline/venv/lib/python3.11/site-packages/airflow/example_dags/tutorial_taskflow_api.py
[2026-05-24T16:35:31.787+0000] {logging_mixin.py:188} INFO - [2026-05-24T16:35:31.786+0000] {dag.py:3096} INFO - Sync 1 DAGs
[2026-05-24T16:35:31.795+0000] {logging_mixin.py:188} INFO - [2026-05-24T16:35:31.794+0000] {dag.py:3954} INFO - Setting next_dagrun for tutorial_taskflow_api to None, run_after=None
[2026-05-24T16:35:31.814+0000] {processor.py:183} INFO - Processing /home/varn1t/ml-pipeline/venv/lib/python3.11/site-packages/airflow/example_dags/tutorial_taskflow_api.py took 0.053 seconds
[2026-05-24T16:36:16.843+0000] {processor.py:161} INFO - Started process (PID=24935) to work on /home/varn1t/ml-pipeline/venv/lib/python3.11/site-packages/airflow/example_dags/tutorial_taskflow_api.py
[2026-05-24T16:36:16.844+0000] {processor.py:830} INFO - Processing file /home/varn1t/ml-pipeline/venv/lib/python3.11/site-packages/airflow/example_dags/tutorial_taskflow_api.py for tasks to queue
[2026-05-24T16:36:16.845+0000] {logging_mixin.py:188} INFO - [2026-05-24T16:36:16.845+0000] {dagbag.py:545} INFO - Filling up the DagBag from /home/varn1t/ml-pipeline/venv/lib/python3.11/site-packages/airflow/example_dags/tutorial_taskflow_api.py
[2026-05-24T16:36:16.850+0000] {processor.py:840} INFO - DAG(s) 'tutorial_taskflow_api' retrieved from /home/varn1t/ml-pipeline/venv/lib/python3.11/site-packages/airflow/example_dags/tutorial_taskflow_api.py
[2026-05-24T16:36:16.861+0000] {logging_mixin.py:188} INFO - [2026-05-24T16:36:16.860+0000] {dag.py:3096} INFO - Sync 1 DAGs
[2026-05-24T16:36:16.868+0000] {logging_mixin.py:188} INFO - [2026-05-24T16:36:16.868+0000] {dag.py:3954} INFO - Setting next_dagrun for tutorial_taskflow_api to None, run_after=None
[2026-05-24T16:36:16.882+0000] {processor.py:183} INFO - Processing /home/varn1t/ml-pipeline/venv/lib/python3.11/site-packages/airflow/example_dags/tutorial_taskflow_api.py took 0.043 seconds
[2026-05-24T16:36:58.584+0000] {processor.py:161} INFO - Started process (PID=25154) to work on /home/varn1t/ml-pipeline/venv/lib/python3.11/site-packages/airflow/example_dags/tutorial_taskflow_api.py
[2026-05-24T16:36:58.585+0000] {processor.py:830} INFO - Processing file /home/varn1t/ml-pipeline/venv/lib/python3.11/site-packages/airflow/example_dags/tutorial_taskflow_api.py for tasks to queue
[2026-05-24T16:36:58.586+0000] {logging_mixin.py:188} INFO - [2026-05-24T16:36:58.586+0000] {dagbag.py:545} INFO - Filling up the DagBag from /home/varn1t/ml-pipeline/venv/lib/python3.11/site-packages/airflow/example_dags/tutorial_taskflow_api.py
[2026-05-24T16:36:58.591+0000] {processor.py:840} INFO - DAG(s) 'tutorial_taskflow_api' retrieved from /home/varn1t/ml-pipeline/venv/lib/python3.11/site-packages/airflow/example_dags/tutorial_taskflow_api.py
[2026-05-24T16:36:58.602+0000] {logging_mixin.py:188} INFO - [2026-05-24T16:36:58.602+0000] {dag.py:3096} INFO - Sync 1 DAGs
[2026-05-24T16:36:58.610+0000] {logging_mixin.py:188} INFO - [2026-05-24T16:36:58.610+0000] {dag.py:3954} INFO - Setting next_dagrun for tutorial_taskflow_api to None, run_after=None
[2026-05-24T16:36:58.626+0000] {processor.py:183} INFO - Processing /home/varn1t/ml-pipeline/venv/lib/python3.11/site-packages/airflow/example_dags/tutorial_taskflow_api.py took 0.047 seconds
[2026-05-24T16:37:41.771+0000] {processor.py:161} INFO - Started process (PID=25344) to work on /home/varn1t/ml-pipeline/venv/lib/python3.11/site-packages/airflow/example_dags/tutorial_taskflow_api.py
[2026-05-24T16:37:41.772+0000] {processor.py:830} INFO - Processing file /home/varn1t/ml-pipeline/venv/lib/python3.11/site-packages/airflow/example_dags/tutorial_taskflow_api.py for tasks to queue
[2026-05-24T16:37:41.773+0000] {logging_mixin.py:188} INFO - [2026-05-24T16:37:41.773+0000] {dagbag.py:545} INFO - Filling up the DagBag from /home/varn1t/ml-pipeline/venv/lib/python3.11/site-packages/airflow/example_dags/tutorial_taskflow_api.py
[2026-05-24T16:37:41.778+0000] {processor.py:840} INFO - DAG(s) 'tutorial_taskflow_api' retrieved from /home/varn1t/ml-pipeline/venv/lib/python3.11/site-packages/airflow/example_dags/tutorial_taskflow_api.py
[2026-05-24T16:37:41.791+0000] {logging_mixin.py:188} INFO - [2026-05-24T16:37:41.791+0000] {dag.py:3096} INFO - Sync 1 DAGs
[2026-05-24T16:37:41.801+0000] {logging_mixin.py:188} INFO - [2026-05-24T16:37:41.801+0000] {dag.py:3954} INFO - Setting next_dagrun for tutorial_taskflow_api to None, run_after=None
[2026-05-24T16:37:41.819+0000] {processor.py:183} INFO - Processing /home/varn1t/ml-pipeline/venv/lib/python3.11/site-packages/airflow/example_dags/tutorial_taskflow_api.py took 0.057 seconds
[2026-05-24T16:38:27.127+0000] {processor.py:161} INFO - Started process (PID=25543) to work on /home/varn1t/ml-pipeline/venv/lib/python3.11/site-packages/airflow/example_dags/tutorial_taskflow_api.py
[2026-05-24T16:38:27.129+0000] {processor.py:830} INFO - Processing file /home/varn1t/ml-pipeline/venv/lib/python3.11/site-packages/airflow/example_dags/tutorial_taskflow_api.py for tasks to queue
[2026-05-24T16:38:27.130+0000] {logging_mixin.py:188} INFO - [2026-05-24T16:38:27.130+0000] {dagbag.py:545} INFO - Filling up the DagBag from /home/varn1t/ml-pipeline/venv/lib/python3.11/site-packages/airflow/example_dags/tutorial_taskflow_api.py
[2026-05-24T16:38:27.134+0000] {processor.py:840} INFO - DAG(s) 'tutorial_taskflow_api' retrieved from /home/varn1t/ml-pipeline/venv/lib/python3.11/site-packages/airflow/example_dags/tutorial_taskflow_api.py
[2026-05-24T16:38:27.143+0000] {logging_mixin.py:188} INFO - [2026-05-24T16:38:27.143+0000] {dag.py:3096} INFO - Sync 1 DAGs
[2026-05-24T16:38:27.149+0000] {logging_mixin.py:188} INFO - [2026-05-24T16:38:27.149+0000] {dag.py:3954} INFO - Setting next_dagrun for tutorial_taskflow_api to None, run_after=None
[2026-05-24T16:38:27.163+0000] {processor.py:183} INFO - Processing /home/varn1t/ml-pipeline/venv/lib/python3.11/site-packages/airflow/example_dags/tutorial_taskflow_api.py took 0.040 seconds
[2026-05-24T16:39:09.045+0000] {processor.py:161} INFO - Started process (PID=25728) to work on /home/varn1t/ml-pipeline/venv/lib/python3.11/site-packages/airflow/example_dags/tutorial_taskflow_api.py
[2026-05-24T16:39:09.046+0000] {processor.py:830} INFO - Processing file /home/varn1t/ml-pipeline/venv/lib/python3.11/site-packages/airflow/example_dags/tutorial_taskflow_api.py for tasks to queue
[2026-05-24T16:39:09.047+0000] {logging_mixin.py:188} INFO - [2026-05-24T16:39:09.047+0000] {dagbag.py:545} INFO - Filling up the DagBag from /home/varn1t/ml-pipeline/venv/lib/python3.11/site-packages/airflow/example_dags/tutorial_taskflow_api.py
[2026-05-24T16:39:09.051+0000] {processor.py:840} INFO - DAG(s) 'tutorial_taskflow_api' retrieved from /home/varn1t/ml-pipeline/venv/lib/python3.11/site-packages/airflow/example_dags/tutorial_taskflow_api.py
[2026-05-24T16:39:09.061+0000] {logging_mixin.py:188} INFO - [2026-05-24T16:39:09.061+0000] {dag.py:3096} INFO - Sync 1 DAGs
[2026-05-24T16:39:09.067+0000] {logging_mixin.py:188} INFO - [2026-05-24T16:39:09.067+0000] {dag.py:3954} INFO - Setting next_dagrun for tutorial_taskflow_api to None, run_after=None
[2026-05-24T16:39:09.083+0000] {processor.py:183} INFO - Processing /home/varn1t/ml-pipeline/venv/lib/python3.11/site-packages/airflow/example_dags/tutorial_taskflow_api.py took 0.042 seconds
[2026-05-24T16:39:53.060+0000] {processor.py:161} INFO - Started process (PID=25955) to work on /home/varn1t/ml-pipeline/venv/lib/python3.11/site-packages/airflow/example_dags/tutorial_taskflow_api.py
[2026-05-24T16:39:53.061+0000] {processor.py:830} INFO - Processing file /home/varn1t/ml-pipeline/venv/lib/python3.11/site-packages/airflow/example_dags/tutorial_taskflow_api.py for tasks to queue
[2026-05-24T16:39:53.062+0000] {logging_mixin.py:188} INFO - [2026-05-24T16:39:53.062+0000] {dagbag.py:545} INFO - Filling up the DagBag from /home/varn1t/ml-pipeline/venv/lib/python3.11/site-packages/airflow/example_dags/tutorial_taskflow_api.py
[2026-05-24T16:39:53.068+0000] {processor.py:840} INFO - DAG(s) 'tutorial_taskflow_api' retrieved from /home/varn1t/ml-pipeline/venv/lib/python3.11/site-packages/airflow/example_dags/tutorial_taskflow_api.py
[2026-05-24T16:39:53.078+0000] {logging_mixin.py:188} INFO - [2026-05-24T16:39:53.078+0000] {dag.py:3096} INFO - Sync 1 DAGs
[2026-05-24T16:39:53.084+0000] {logging_mixin.py:188} INFO - [2026-05-24T16:39:53.084+0000] {dag.py:3954} INFO - Setting next_dagrun for tutorial_taskflow_api to None, run_after=None
[2026-05-24T16:39:53.097+0000] {processor.py:183} INFO - Processing /home/varn1t/ml-pipeline/venv/lib/python3.11/site-packages/airflow/example_dags/tutorial_taskflow_api.py took 0.041 seconds
[2026-05-24T16:40:35.260+0000] {processor.py:161} INFO - Started process (PID=26140) to work on /home/varn1t/ml-pipeline/venv/lib/python3.11/site-packages/airflow/example_dags/tutorial_taskflow_api.py
[2026-05-24T16:40:35.260+0000] {processor.py:830} INFO - Processing file /home/varn1t/ml-pipeline/venv/lib/python3.11/site-packages/airflow/example_dags/tutorial_taskflow_api.py for tasks to queue
[2026-05-24T16:40:35.262+0000] {logging_mixin.py:188} INFO - [2026-05-24T16:40:35.262+0000] {dagbag.py:545} INFO - Filling up the DagBag from /home/varn1t/ml-pipeline/venv/lib/python3.11/site-packages/airflow/example_dags/tutorial_taskflow_api.py
[2026-05-24T16:40:35.267+0000] {processor.py:840} INFO - DAG(s) 'tutorial_taskflow_api' retrieved from /home/varn1t/ml-pipeline/venv/lib/python3.11/site-packages/airflow/example_dags/tutorial_taskflow_api.py
[2026-05-24T16:40:35.281+0000] {logging_mixin.py:188} INFO - [2026-05-24T16:40:35.281+0000] {dag.py:3096} INFO - Sync 1 DAGs
[2026-05-24T16:40:35.288+0000] {logging_mixin.py:188} INFO - [2026-05-24T16:40:35.288+0000] {dag.py:3954} INFO - Setting next_dagrun for tutorial_taskflow_api to None, run_after=None
[2026-05-24T16:40:35.307+0000] {processor.py:183} INFO - Processing /home/varn1t/ml-pipeline/venv/lib/python3.11/site-packages/airflow/example_dags/tutorial_taskflow_api.py took 0.052 seconds
[2026-05-24T16:41:16.946+0000] {processor.py:161} INFO - Started process (PID=26331) to work on /home/varn1t/ml-pipeline/venv/lib/python3.11/site-packages/airflow/example_dags/tutorial_taskflow_api.py
[2026-05-24T16:41:16.947+0000] {processor.py:830} INFO - Processing file /home/varn1t/ml-pipeline/venv/lib/python3.11/site-packages/airflow/example_dags/tutorial_taskflow_api.py for tasks to queue
[2026-05-24T16:41:16.948+0000] {logging_mixin.py:188} INFO - [2026-05-24T16:41:16.947+0000] {dagbag.py:545} INFO - Filling up the DagBag from /home/varn1t/ml-pipeline/venv/lib/python3.11/site-packages/airflow/example_dags/tutorial_taskflow_api.py
[2026-05-24T16:41:16.952+0000] {processor.py:840} INFO - DAG(s) 'tutorial_taskflow_api' retrieved from /home/varn1t/ml-pipeline/venv/lib/python3.11/site-packages/airflow/example_dags/tutorial_taskflow_api.py
[2026-05-24T16:41:16.961+0000] {logging_mixin.py:188} INFO - [2026-05-24T16:41:16.961+0000] {dag.py:3096} INFO - Sync 1 DAGs
[2026-05-24T16:41:16.966+0000] {logging_mixin.py:188} INFO - [2026-05-24T16:41:16.966+0000] {dag.py:3954} INFO - Setting next_dagrun for tutorial_taskflow_api to None, run_after=None
[2026-05-24T16:41:16.980+0000] {processor.py:183} INFO - Processing /home/varn1t/ml-pipeline/venv/lib/python3.11/site-packages/airflow/example_dags/tutorial_taskflow_api.py took 0.039 seconds
[2026-05-24T16:41:52.774+0000] {processor.py:161} INFO - Started process (PID=26518) to work on /home/varn1t/ml-pipeline/venv/lib/python3.11/site-packages/airflow/example_dags/tutorial_taskflow_api.py
[2026-05-24T16:41:52.775+0000] {processor.py:830} INFO - Processing file /home/varn1t/ml-pipeline/venv/lib/python3.11/site-packages/airflow/example_dags/tutorial_taskflow_api.py for tasks to queue
[2026-05-24T16:41:52.777+0000] {logging_mixin.py:188} INFO - [2026-05-24T16:41:52.776+0000] {dagbag.py:545} INFO - Filling up the DagBag from /home/varn1t/ml-pipeline/venv/lib/python3.11/site-packages/airflow/example_dags/tutorial_taskflow_api.py
[2026-05-24T16:41:52.782+0000] {processor.py:840} INFO - DAG(s) 'tutorial_taskflow_api' retrieved from /home/varn1t/ml-pipeline/venv/lib/python3.11/site-packages/airflow/example_dags/tutorial_taskflow_api.py
[2026-05-24T16:41:52.792+0000] {logging_mixin.py:188} INFO - [2026-05-24T16:41:52.792+0000] {dag.py:3096} INFO - Sync 1 DAGs
[2026-05-24T16:41:52.798+0000] {logging_mixin.py:188} INFO - [2026-05-24T16:41:52.798+0000] {dag.py:3954} INFO - Setting next_dagrun for tutorial_taskflow_api to None, run_after=None
[2026-05-24T16:41:52.810+0000] {processor.py:183} INFO - Processing /home/varn1t/ml-pipeline/venv/lib/python3.11/site-packages/airflow/example_dags/tutorial_taskflow_api.py took 0.040 seconds
[2026-05-24T16:42:36.111+0000] {processor.py:161} INFO - Started process (PID=26707) to work on /home/varn1t/ml-pipeline/venv/lib/python3.11/site-packages/airflow/example_dags/tutorial_taskflow_api.py
[2026-05-24T16:42:36.112+0000] {processor.py:830} INFO - Processing file /home/varn1t/ml-pipeline/venv/lib/python3.11/site-packages/airflow/example_dags/tutorial_taskflow_api.py for tasks to queue
[2026-05-24T16:42:36.113+0000] {logging_mixin.py:188} INFO - [2026-05-24T16:42:36.113+0000] {dagbag.py:545} INFO - Filling up the DagBag from /home/varn1t/ml-pipeline/venv/lib/python3.11/site-packages/airflow/example_dags/tutorial_taskflow_api.py
[2026-05-24T16:42:36.118+0000] {processor.py:840} INFO - DAG(s) 'tutorial_taskflow_api' retrieved from /home/varn1t/ml-pipeline/venv/lib/python3.11/site-packages/airflow/example_dags/tutorial_taskflow_api.py
[2026-05-24T16:42:36.128+0000] {logging_mixin.py:188} INFO - [2026-05-24T16:42:36.128+0000] {dag.py:3096} INFO - Sync 1 DAGs
[2026-05-24T16:42:36.137+0000] {logging_mixin.py:188} INFO - [2026-05-24T16:42:36.137+0000] {dag.py:3954} INFO - Setting next_dagrun for tutorial_taskflow_api to None, run_after=None
[2026-05-24T16:42:36.152+0000] {processor.py:183} INFO - Processing /home/varn1t/ml-pipeline/venv/lib/python3.11/site-packages/airflow/example_dags/tutorial_taskflow_api.py took 0.045 seconds
[2026-05-24T16:43:21.094+0000] {processor.py:161} INFO - Started process (PID=26907) to work on /home/varn1t/ml-pipeline/venv/lib/python3.11/site-packages/airflow/example_dags/tutorial_taskflow_api.py
[2026-05-24T16:43:21.095+0000] {processor.py:830} INFO - Processing file /home/varn1t/ml-pipeline/venv/lib/python3.11/site-packages/airflow/example_dags/tutorial_taskflow_api.py for tasks to queue
[2026-05-24T16:43:21.097+0000] {logging_mixin.py:188} INFO - [2026-05-24T16:43:21.097+0000] {dagbag.py:545} INFO - Filling up the DagBag from /home/varn1t/ml-pipeline/venv/lib/python3.11/site-packages/airflow/example_dags/tutorial_taskflow_api.py
[2026-05-24T16:43:21.104+0000] {processor.py:840} INFO - DAG(s) 'tutorial_taskflow_api' retrieved from /home/varn1t/ml-pipeline/venv/lib/python3.11/site-packages/airflow/example_dags/tutorial_taskflow_api.py
[2026-05-24T16:43:21.116+0000] {logging_mixin.py:188} INFO - [2026-05-24T16:43:21.116+0000] {dag.py:3096} INFO - Sync 1 DAGs
[2026-05-24T16:43:21.126+0000] {logging_mixin.py:188} INFO - [2026-05-24T16:43:21.126+0000] {dag.py:3954} INFO - Setting next_dagrun for tutorial_taskflow_api to None, run_after=None
[2026-05-24T16:43:21.144+0000] {processor.py:183} INFO - Processing /home/varn1t/ml-pipeline/venv/lib/python3.11/site-packages/airflow/example_dags/tutorial_taskflow_api.py took 0.057 seconds
[2026-05-24T16:44:05.321+0000] {processor.py:161} INFO - Started process (PID=27097) to work on /home/varn1t/ml-pipeline/venv/lib/python3.11/site-packages/airflow/example_dags/tutorial_taskflow_api.py
[2026-05-24T16:44:05.322+0000] {processor.py:830} INFO - Processing file /home/varn1t/ml-pipeline/venv/lib/python3.11/site-packages/airflow/example_dags/tutorial_taskflow_api.py for tasks to queue
[2026-05-24T16:44:05.323+0000] {logging_mixin.py:188} INFO - [2026-05-24T16:44:05.323+0000] {dagbag.py:545} INFO - Filling up the DagBag from /home/varn1t/ml-pipeline/venv/lib/python3.11/site-packages/airflow/example_dags/tutorial_taskflow_api.py
[2026-05-24T16:44:05.327+0000] {processor.py:840} INFO - DAG(s) 'tutorial_taskflow_api' retrieved from /home/varn1t/ml-pipeline/venv/lib/python3.11/site-packages/airflow/example_dags/tutorial_taskflow_api.py
[2026-05-24T16:44:05.336+0000] {logging_mixin.py:188} INFO - [2026-05-24T16:44:05.336+0000] {dag.py:3096} INFO - Sync 1 DAGs
[2026-05-24T16:44:05.342+0000] {logging_mixin.py:188} INFO - [2026-05-24T16:44:05.342+0000] {dag.py:3954} INFO - Setting next_dagrun for tutorial_taskflow_api to None, run_after=None
[2026-05-24T16:44:05.357+0000] {processor.py:183} INFO - Processing /home/varn1t/ml-pipeline/venv/lib/python3.11/site-packages/airflow/example_dags/tutorial_taskflow_api.py took 0.041 seconds
[2026-05-24T16:44:50.738+0000] {processor.py:161} INFO - Started process (PID=27312) to work on /home/varn1t/ml-pipeline/venv/lib/python3.11/site-packages/airflow/example_dags/tutorial_taskflow_api.py
[2026-05-24T16:44:50.739+0000] {processor.py:830} INFO - Processing file /home/varn1t/ml-pipeline/venv/lib/python3.11/site-packages/airflow/example_dags/tutorial_taskflow_api.py for tasks to queue
[2026-05-24T16:44:50.741+0000] {logging_mixin.py:188} INFO - [2026-05-24T16:44:50.741+0000] {dagbag.py:545} INFO - Filling up the DagBag from /home/varn1t/ml-pipeline/venv/lib/python3.11/site-packages/airflow/example_dags/tutorial_taskflow_api.py
[2026-05-24T16:44:50.746+0000] {processor.py:840} INFO - DAG(s) 'tutorial_taskflow_api' retrieved from /home/varn1t/ml-pipeline/venv/lib/python3.11/site-packages/airflow/example_dags/tutorial_taskflow_api.py
[2026-05-24T16:44:50.759+0000] {logging_mixin.py:188} INFO - [2026-05-24T16:44:50.758+0000] {dag.py:3096} INFO - Sync 1 DAGs
[2026-05-24T16:44:50.764+0000] {logging_mixin.py:188} INFO - [2026-05-24T16:44:50.764+0000] {dag.py:3954} INFO - Setting next_dagrun for tutorial_taskflow_api to None, run_after=None
[2026-05-24T16:44:50.778+0000] {processor.py:183} INFO - Processing /home/varn1t/ml-pipeline/venv/lib/python3.11/site-packages/airflow/example_dags/tutorial_taskflow_api.py took 0.045 seconds
[2026-05-24T16:45:34.139+0000] {processor.py:161} INFO - Started process (PID=27501) to work on /home/varn1t/ml-pipeline/venv/lib/python3.11/site-packages/airflow/example_dags/tutorial_taskflow_api.py
[2026-05-24T16:45:34.139+0000] {processor.py:830} INFO - Processing file /home/varn1t/ml-pipeline/venv/lib/python3.11/site-packages/airflow/example_dags/tutorial_taskflow_api.py for tasks to queue
[2026-05-24T16:45:34.140+0000] {logging_mixin.py:188} INFO - [2026-05-24T16:45:34.140+0000] {dagbag.py:545} INFO - Filling up the DagBag from /home/varn1t/ml-pipeline/venv/lib/python3.11/site-packages/airflow/example_dags/tutorial_taskflow_api.py
[2026-05-24T16:45:34.145+0000] {processor.py:840} INFO - DAG(s) 'tutorial_taskflow_api' retrieved from /home/varn1t/ml-pipeline/venv/lib/python3.11/site-packages/airflow/example_dags/tutorial_taskflow_api.py
[2026-05-24T16:45:34.156+0000] {logging_mixin.py:188} INFO - [2026-05-24T16:45:34.156+0000] {dag.py:3096} INFO - Sync 1 DAGs
[2026-05-24T16:45:34.162+0000] {logging_mixin.py:188} INFO - [2026-05-24T16:45:34.162+0000] {dag.py:3954} INFO - Setting next_dagrun for tutorial_taskflow_api to None, run_after=None
[2026-05-24T16:45:34.177+0000] {processor.py:183} INFO - Processing /home/varn1t/ml-pipeline/venv/lib/python3.11/site-packages/airflow/example_dags/tutorial_taskflow_api.py took 0.043 seconds
[2026-05-24T17:08:51.712+0000] {processor.py:161} INFO - Started process (PID=27762) to work on /home/varn1t/ml-pipeline/venv/lib/python3.11/site-packages/airflow/example_dags/tutorial_taskflow_api.py
[2026-05-24T17:08:51.713+0000] {processor.py:830} INFO - Processing file /home/varn1t/ml-pipeline/venv/lib/python3.11/site-packages/airflow/example_dags/tutorial_taskflow_api.py for tasks to queue
[2026-05-24T17:08:51.714+0000] {logging_mixin.py:188} INFO - [2026-05-24T17:08:51.714+0000] {dagbag.py:545} INFO - Filling up the DagBag from /home/varn1t/ml-pipeline/venv/lib/python3.11/site-packages/airflow/example_dags/tutorial_taskflow_api.py
[2026-05-24T17:08:51.722+0000] {processor.py:840} INFO - DAG(s) 'tutorial_taskflow_api' retrieved from /home/varn1t/ml-pipeline/venv/lib/python3.11/site-packages/airflow/example_dags/tutorial_taskflow_api.py
[2026-05-24T17:08:51.738+0000] {logging_mixin.py:188} INFO - [2026-05-24T17:08:51.737+0000] {dag.py:3096} INFO - Sync 1 DAGs
[2026-05-24T17:08:51.752+0000] {logging_mixin.py:188} INFO - [2026-05-24T17:08:51.752+0000] {dag.py:3954} INFO - Setting next_dagrun for tutorial_taskflow_api to None, run_after=None
[2026-05-24T17:08:51.774+0000] {processor.py:183} INFO - Processing /home/varn1t/ml-pipeline/venv/lib/python3.11/site-packages/airflow/example_dags/tutorial_taskflow_api.py took 0.068 seconds
[2026-05-24T17:09:24.083+0000] {processor.py:161} INFO - Started process (PID=27949) to work on /home/varn1t/ml-pipeline/venv/lib/python3.11/site-packages/airflow/example_dags/tutorial_taskflow_api.py
[2026-05-24T17:09:24.084+0000] {processor.py:830} INFO - Processing file /home/varn1t/ml-pipeline/venv/lib/python3.11/site-packages/airflow/example_dags/tutorial_taskflow_api.py for tasks to queue
[2026-05-24T17:09:24.085+0000] {logging_mixin.py:188} INFO - [2026-05-24T17:09:24.085+0000] {dagbag.py:545} INFO - Filling up the DagBag from /home/varn1t/ml-pipeline/venv/lib/python3.11/site-packages/airflow/example_dags/tutorial_taskflow_api.py
[2026-05-24T17:09:24.089+0000] {processor.py:840} INFO - DAG(s) 'tutorial_taskflow_api' retrieved from /home/varn1t/ml-pipeline/venv/lib/python3.11/site-packages/airflow/example_dags/tutorial_taskflow_api.py
[2026-05-24T17:09:24.098+0000] {logging_mixin.py:188} INFO - [2026-05-24T17:09:24.098+0000] {dag.py:3096} INFO - Sync 1 DAGs
[2026-05-24T17:09:24.104+0000] {logging_mixin.py:188} INFO - [2026-05-24T17:09:24.104+0000] {dag.py:3954} INFO - Setting next_dagrun for tutorial_taskflow_api to None, run_after=None
[2026-05-24T17:09:24.117+0000] {processor.py:183} INFO - Processing /home/varn1t/ml-pipeline/venv/lib/python3.11/site-packages/airflow/example_dags/tutorial_taskflow_api.py took 0.038 seconds
[2026-05-24T17:10:05.640+0000] {processor.py:161} INFO - Started process (PID=28131) to work on /home/varn1t/ml-pipeline/venv/lib/python3.11/site-packages/airflow/example_dags/tutorial_taskflow_api.py
[2026-05-24T17:10:05.641+0000] {processor.py:830} INFO - Processing file /home/varn1t/ml-pipeline/venv/lib/python3.11/site-packages/airflow/example_dags/tutorial_taskflow_api.py for tasks to queue
[2026-05-24T17:10:05.642+0000] {logging_mixin.py:188} INFO - [2026-05-24T17:10:05.642+0000] {dagbag.py:545} INFO - Filling up the DagBag from /home/varn1t/ml-pipeline/venv/lib/python3.11/site-packages/airflow/example_dags/tutorial_taskflow_api.py
[2026-05-24T17:10:05.647+0000] {processor.py:840} INFO - DAG(s) 'tutorial_taskflow_api' retrieved from /home/varn1t/ml-pipeline/venv/lib/python3.11/site-packages/airflow/example_dags/tutorial_taskflow_api.py
[2026-05-24T17:10:05.656+0000] {logging_mixin.py:188} INFO - [2026-05-24T17:10:05.656+0000] {dag.py:3096} INFO - Sync 1 DAGs
[2026-05-24T17:10:05.663+0000] {logging_mixin.py:188} INFO - [2026-05-24T17:10:05.663+0000] {dag.py:3954} INFO - Setting next_dagrun for tutorial_taskflow_api to None, run_after=None
[2026-05-24T17:10:05.675+0000] {processor.py:183} INFO - Processing /home/varn1t/ml-pipeline/venv/lib/python3.11/site-packages/airflow/example_dags/tutorial_taskflow_api.py took 0.039 seconds
[2026-05-24T17:10:46.074+0000] {processor.py:161} INFO - Started process (PID=28311) to work on /home/varn1t/ml-pipeline/venv/lib/python3.11/site-packages/airflow/example_dags/tutorial_taskflow_api.py
[2026-05-24T17:10:46.075+0000] {processor.py:830} INFO - Processing file /home/varn1t/ml-pipeline/venv/lib/python3.11/site-packages/airflow/example_dags/tutorial_taskflow_api.py for tasks to queue
[2026-05-24T17:10:46.076+0000] {logging_mixin.py:188} INFO - [2026-05-24T17:10:46.076+0000] {dagbag.py:545} INFO - Filling up the DagBag from /home/varn1t/ml-pipeline/venv/lib/python3.11/site-packages/airflow/example_dags/tutorial_taskflow_api.py
[2026-05-24T17:10:46.082+0000] {processor.py:840} INFO - DAG(s) 'tutorial_taskflow_api' retrieved from /home/varn1t/ml-pipeline/venv/lib/python3.11/site-packages/airflow/example_dags/tutorial_taskflow_api.py
[2026-05-24T17:10:46.092+0000] {logging_mixin.py:188} INFO - [2026-05-24T17:10:46.092+0000] {dag.py:3096} INFO - Sync 1 DAGs
[2026-05-24T17:10:46.098+0000] {logging_mixin.py:188} INFO - [2026-05-24T17:10:46.098+0000] {dag.py:3954} INFO - Setting next_dagrun for tutorial_taskflow_api to None, run_after=None
[2026-05-24T17:10:46.110+0000] {processor.py:183} INFO - Processing /home/varn1t/ml-pipeline/venv/lib/python3.11/site-packages/airflow/example_dags/tutorial_taskflow_api.py took 0.040 seconds
[2026-05-24T17:11:31.755+0000] {processor.py:161} INFO - Started process (PID=28509) to work on /home/varn1t/ml-pipeline/venv/lib/python3.11/site-packages/airflow/example_dags/tutorial_taskflow_api.py
[2026-05-24T17:11:31.756+0000] {processor.py:830} INFO - Processing file /home/varn1t/ml-pipeline/venv/lib/python3.11/site-packages/airflow/example_dags/tutorial_taskflow_api.py for tasks to queue
[2026-05-24T17:11:31.757+0000] {logging_mixin.py:188} INFO - [2026-05-24T17:11:31.757+0000] {dagbag.py:545} INFO - Filling up the DagBag from /home/varn1t/ml-pipeline/venv/lib/python3.11/site-packages/airflow/example_dags/tutorial_taskflow_api.py
[2026-05-24T17:11:31.762+0000] {processor.py:840} INFO - DAG(s) 'tutorial_taskflow_api' retrieved from /home/varn1t/ml-pipeline/venv/lib/python3.11/site-packages/airflow/example_dags/tutorial_taskflow_api.py
[2026-05-24T17:11:31.773+0000] {logging_mixin.py:188} INFO - [2026-05-24T17:11:31.773+0000] {dag.py:3096} INFO - Sync 1 DAGs
[2026-05-24T17:11:31.780+0000] {logging_mixin.py:188} INFO - [2026-05-24T17:11:31.780+0000] {dag.py:3954} INFO - Setting next_dagrun for tutorial_taskflow_api to None, run_after=None
[2026-05-24T17:11:31.794+0000] {processor.py:183} INFO - Processing /home/varn1t/ml-pipeline/venv/lib/python3.11/site-packages/airflow/example_dags/tutorial_taskflow_api.py took 0.043 seconds
[2026-05-24T17:12:13.356+0000] {processor.py:161} INFO - Started process (PID=28693) to work on /home/varn1t/ml-pipeline/venv/lib/python3.11/site-packages/airflow/example_dags/tutorial_taskflow_api.py
[2026-05-24T17:12:13.357+0000] {processor.py:830} INFO - Processing file /home/varn1t/ml-pipeline/venv/lib/python3.11/site-packages/airflow/example_dags/tutorial_taskflow_api.py for tasks to queue
[2026-05-24T17:12:13.359+0000] {logging_mixin.py:188} INFO - [2026-05-24T17:12:13.358+0000] {dagbag.py:545} INFO - Filling up the DagBag from /home/varn1t/ml-pipeline/venv/lib/python3.11/site-packages/airflow/example_dags/tutorial_taskflow_api.py
[2026-05-24T17:12:13.364+0000] {processor.py:840} INFO - DAG(s) 'tutorial_taskflow_api' retrieved from /home/varn1t/ml-pipeline/venv/lib/python3.11/site-packages/airflow/example_dags/tutorial_taskflow_api.py
[2026-05-24T17:12:13.373+0000] {logging_mixin.py:188} INFO - [2026-05-24T17:12:13.373+0000] {dag.py:3096} INFO - Sync 1 DAGs
[2026-05-24T17:12:13.378+0000] {logging_mixin.py:188} INFO - [2026-05-24T17:12:13.378+0000] {dag.py:3954} INFO - Setting next_dagrun for tutorial_taskflow_api to None, run_after=None
[2026-05-24T17:12:13.391+0000] {processor.py:183} INFO - Processing /home/varn1t/ml-pipeline/venv/lib/python3.11/site-packages/airflow/example_dags/tutorial_taskflow_api.py took 0.039 seconds
[2026-05-24T17:12:54.852+0000] {processor.py:161} INFO - Started process (PID=28889) to work on /home/varn1t/ml-pipeline/venv/lib/python3.11/site-packages/airflow/example_dags/tutorial_taskflow_api.py
[2026-05-24T17:12:54.852+0000] {processor.py:830} INFO - Processing file /home/varn1t/ml-pipeline/venv/lib/python3.11/site-packages/airflow/example_dags/tutorial_taskflow_api.py for tasks to queue
[2026-05-24T17:12:54.853+0000] {logging_mixin.py:188} INFO - [2026-05-24T17:12:54.853+0000] {dagbag.py:545} INFO - Filling up the DagBag from /home/varn1t/ml-pipeline/venv/lib/python3.11/site-packages/airflow/example_dags/tutorial_taskflow_api.py
[2026-05-24T17:12:54.857+0000] {processor.py:840} INFO - DAG(s) 'tutorial_taskflow_api' retrieved from /home/varn1t/ml-pipeline/venv/lib/python3.11/site-packages/airflow/example_dags/tutorial_taskflow_api.py
[2026-05-24T17:12:54.868+0000] {logging_mixin.py:188} INFO - [2026-05-24T17:12:54.868+0000] {dag.py:3096} INFO - Sync 1 DAGs
[2026-05-24T17:12:54.874+0000] {logging_mixin.py:188} INFO - [2026-05-24T17:12:54.874+0000] {dag.py:3954} INFO - Setting next_dagrun for tutorial_taskflow_api to None, run_after=None
[2026-05-24T17:12:54.888+0000] {processor.py:183} INFO - Processing /home/varn1t/ml-pipeline/venv/lib/python3.11/site-packages/airflow/example_dags/tutorial_taskflow_api.py took 0.040 seconds
[2026-05-24T17:13:37.167+0000] {processor.py:161} INFO - Started process (PID=29073) to work on /home/varn1t/ml-pipeline/venv/lib/python3.11/site-packages/airflow/example_dags/tutorial_taskflow_api.py
[2026-05-24T17:13:37.168+0000] {processor.py:830} INFO - Processing file /home/varn1t/ml-pipeline/venv/lib/python3.11/site-packages/airflow/example_dags/tutorial_taskflow_api.py for tasks to queue
[2026-05-24T17:13:37.169+0000] {logging_mixin.py:188} INFO - [2026-05-24T17:13:37.169+0000] {dagbag.py:545} INFO - Filling up the DagBag from /home/varn1t/ml-pipeline/venv/lib/python3.11/site-packages/airflow/example_dags/tutorial_taskflow_api.py
[2026-05-24T17:13:37.173+0000] {processor.py:840} INFO - DAG(s) 'tutorial_taskflow_api' retrieved from /home/varn1t/ml-pipeline/venv/lib/python3.11/site-packages/airflow/example_dags/tutorial_taskflow_api.py
[2026-05-24T17:13:37.186+0000] {logging_mixin.py:188} INFO - [2026-05-24T17:13:37.186+0000] {dag.py:3096} INFO - Sync 1 DAGs
[2026-05-24T17:13:37.194+0000] {logging_mixin.py:188} INFO - [2026-05-24T17:13:37.194+0000] {dag.py:3954} INFO - Setting next_dagrun for tutorial_taskflow_api to None, run_after=None
[2026-05-24T17:13:37.208+0000] {processor.py:183} INFO - Processing /home/varn1t/ml-pipeline/venv/lib/python3.11/site-packages/airflow/example_dags/tutorial_taskflow_api.py took 0.045 seconds
[2026-05-24T17:14:18.613+0000] {processor.py:161} INFO - Started process (PID=29282) to work on /home/varn1t/ml-pipeline/venv/lib/python3.11/site-packages/airflow/example_dags/tutorial_taskflow_api.py
[2026-05-24T17:14:18.614+0000] {processor.py:830} INFO - Processing file /home/varn1t/ml-pipeline/venv/lib/python3.11/site-packages/airflow/example_dags/tutorial_taskflow_api.py for tasks to queue
[2026-05-24T17:14:18.615+0000] {logging_mixin.py:188} INFO - [2026-05-24T17:14:18.615+0000] {dagbag.py:545} INFO - Filling up the DagBag from /home/varn1t/ml-pipeline/venv/lib/python3.11/site-packages/airflow/example_dags/tutorial_taskflow_api.py
[2026-05-24T17:14:18.620+0000] {processor.py:840} INFO - DAG(s) 'tutorial_taskflow_api' retrieved from /home/varn1t/ml-pipeline/venv/lib/python3.11/site-packages/airflow/example_dags/tutorial_taskflow_api.py
[2026-05-24T17:14:18.630+0000] {logging_mixin.py:188} INFO - [2026-05-24T17:14:18.630+0000] {dag.py:3096} INFO - Sync 1 DAGs
[2026-05-24T17:14:18.637+0000] {logging_mixin.py:188} INFO - [2026-05-24T17:14:18.637+0000] {dag.py:3954} INFO - Setting next_dagrun for tutorial_taskflow_api to None, run_after=None
[2026-05-24T17:14:18.650+0000] {processor.py:183} INFO - Processing /home/varn1t/ml-pipeline/venv/lib/python3.11/site-packages/airflow/example_dags/tutorial_taskflow_api.py took 0.042 seconds
[2026-05-24T17:15:02.280+0000] {processor.py:161} INFO - Started process (PID=29476) to work on /home/varn1t/ml-pipeline/venv/lib/python3.11/site-packages/airflow/example_dags/tutorial_taskflow_api.py
[2026-05-24T17:15:02.281+0000] {processor.py:830} INFO - Processing file /home/varn1t/ml-pipeline/venv/lib/python3.11/site-packages/airflow/example_dags/tutorial_taskflow_api.py for tasks to queue
[2026-05-24T17:15:02.283+0000] {logging_mixin.py:188} INFO - [2026-05-24T17:15:02.282+0000] {dagbag.py:545} INFO - Filling up the DagBag from /home/varn1t/ml-pipeline/venv/lib/python3.11/site-packages/airflow/example_dags/tutorial_taskflow_api.py
[2026-05-24T17:15:02.287+0000] {processor.py:840} INFO - DAG(s) 'tutorial_taskflow_api' retrieved from /home/varn1t/ml-pipeline/venv/lib/python3.11/site-packages/airflow/example_dags/tutorial_taskflow_api.py
[2026-05-24T17:15:02.298+0000] {logging_mixin.py:188} INFO - [2026-05-24T17:15:02.298+0000] {dag.py:3096} INFO - Sync 1 DAGs
[2026-05-24T17:15:02.307+0000] {logging_mixin.py:188} INFO - [2026-05-24T17:15:02.307+0000] {dag.py:3954} INFO - Setting next_dagrun for tutorial_taskflow_api to None, run_after=None
[2026-05-24T17:15:02.324+0000] {processor.py:183} INFO - Processing /home/varn1t/ml-pipeline/venv/lib/python3.11/site-packages/airflow/example_dags/tutorial_taskflow_api.py took 0.048 seconds
[2026-05-24T17:15:50.000+0000] {processor.py:161} INFO - Started process (PID=29759) to work on /home/varn1t/ml-pipeline/venv/lib/python3.11/site-packages/airflow/example_dags/tutorial_taskflow_api.py
[2026-05-24T17:15:50.001+0000] {processor.py:830} INFO - Processing file /home/varn1t/ml-pipeline/venv/lib/python3.11/site-packages/airflow/example_dags/tutorial_taskflow_api.py for tasks to queue
[2026-05-24T17:15:50.003+0000] {logging_mixin.py:188} INFO - [2026-05-24T17:15:50.002+0000] {dagbag.py:545} INFO - Filling up the DagBag from /home/varn1t/ml-pipeline/venv/lib/python3.11/site-packages/airflow/example_dags/tutorial_taskflow_api.py
[2026-05-24T17:15:50.007+0000] {processor.py:840} INFO - DAG(s) 'tutorial_taskflow_api' retrieved from /home/varn1t/ml-pipeline/venv/lib/python3.11/site-packages/airflow/example_dags/tutorial_taskflow_api.py
[2026-05-24T17:15:50.018+0000] {logging_mixin.py:188} INFO - [2026-05-24T17:15:50.018+0000] {dag.py:3096} INFO - Sync 1 DAGs
[2026-05-24T17:15:50.025+0000] {logging_mixin.py:188} INFO - [2026-05-24T17:15:50.025+0000] {dag.py:3954} INFO - Setting next_dagrun for tutorial_taskflow_api to None, run_after=None
[2026-05-24T17:15:50.040+0000] {processor.py:183} INFO - Processing /home/varn1t/ml-pipeline/venv/lib/python3.11/site-packages/airflow/example_dags/tutorial_taskflow_api.py took 0.043 seconds
[2026-05-24T17:16:30.862+0000] {processor.py:161} INFO - Started process (PID=29940) to work on /home/varn1t/ml-pipeline/venv/lib/python3.11/site-packages/airflow/example_dags/tutorial_taskflow_api.py
[2026-05-24T17:16:30.864+0000] {processor.py:830} INFO - Processing file /home/varn1t/ml-pipeline/venv/lib/python3.11/site-packages/airflow/example_dags/tutorial_taskflow_api.py for tasks to queue
[2026-05-24T17:16:30.866+0000] {logging_mixin.py:188} INFO - [2026-05-24T17:16:30.865+0000] {dagbag.py:545} INFO - Filling up the DagBag from /home/varn1t/ml-pipeline/venv/lib/python3.11/site-packages/airflow/example_dags/tutorial_taskflow_api.py
[2026-05-24T17:16:30.871+0000] {processor.py:840} INFO - DAG(s) 'tutorial_taskflow_api' retrieved from /home/varn1t/ml-pipeline/venv/lib/python3.11/site-packages/airflow/example_dags/tutorial_taskflow_api.py
[2026-05-24T17:16:30.884+0000] {logging_mixin.py:188} INFO - [2026-05-24T17:16:30.883+0000] {dag.py:3096} INFO - Sync 1 DAGs
[2026-05-24T17:16:30.891+0000] {logging_mixin.py:188} INFO - [2026-05-24T17:16:30.891+0000] {dag.py:3954} INFO - Setting next_dagrun for tutorial_taskflow_api to None, run_after=None
[2026-05-24T17:16:30.907+0000] {processor.py:183} INFO - Processing /home/varn1t/ml-pipeline/venv/lib/python3.11/site-packages/airflow/example_dags/tutorial_taskflow_api.py took 0.051 seconds
[2026-05-24T17:17:17.469+0000] {processor.py:161} INFO - Started process (PID=30442) to work on /home/varn1t/ml-pipeline/venv/lib/python3.11/site-packages/airflow/example_dags/tutorial_taskflow_api.py
[2026-05-24T17:17:17.470+0000] {processor.py:830} INFO - Processing file /home/varn1t/ml-pipeline/venv/lib/python3.11/site-packages/airflow/example_dags/tutorial_taskflow_api.py for tasks to queue
[2026-05-24T17:17:17.471+0000] {logging_mixin.py:188} INFO - [2026-05-24T17:17:17.471+0000] {dagbag.py:545} INFO - Filling up the DagBag from /home/varn1t/ml-pipeline/venv/lib/python3.11/site-packages/airflow/example_dags/tutorial_taskflow_api.py
[2026-05-24T17:17:17.476+0000] {processor.py:840} INFO - DAG(s) 'tutorial_taskflow_api' retrieved from /home/varn1t/ml-pipeline/venv/lib/python3.11/site-packages/airflow/example_dags/tutorial_taskflow_api.py
[2026-05-24T17:17:17.538+0000] {logging_mixin.py:188} INFO - [2026-05-24T17:17:17.538+0000] {dag.py:3096} INFO - Sync 1 DAGs
[2026-05-24T17:17:17.546+0000] {logging_mixin.py:188} INFO - [2026-05-24T17:17:17.546+0000] {dag.py:3954} INFO - Setting next_dagrun for tutorial_taskflow_api to None, run_after=None
[2026-05-24T17:17:17.564+0000] {processor.py:183} INFO - Processing /home/varn1t/ml-pipeline/venv/lib/python3.11/site-packages/airflow/example_dags/tutorial_taskflow_api.py took 0.101 seconds
[2026-05-24T17:18:04.772+0000] {processor.py:161} INFO - Started process (PID=30763) to work on /home/varn1t/ml-pipeline/venv/lib/python3.11/site-packages/airflow/example_dags/tutorial_taskflow_api.py
[2026-05-24T17:18:04.773+0000] {processor.py:830} INFO - Processing file /home/varn1t/ml-pipeline/venv/lib/python3.11/site-packages/airflow/example_dags/tutorial_taskflow_api.py for tasks to queue
[2026-05-24T17:18:04.775+0000] {logging_mixin.py:188} INFO - [2026-05-24T17:18:04.775+0000] {dagbag.py:545} INFO - Filling up the DagBag from /home/varn1t/ml-pipeline/venv/lib/python3.11/site-packages/airflow/example_dags/tutorial_taskflow_api.py
[2026-05-24T17:18:04.780+0000] {processor.py:840} INFO - DAG(s) 'tutorial_taskflow_api' retrieved from /home/varn1t/ml-pipeline/venv/lib/python3.11/site-packages/airflow/example_dags/tutorial_taskflow_api.py
[2026-05-24T17:18:04.791+0000] {logging_mixin.py:188} INFO - [2026-05-24T17:18:04.791+0000] {dag.py:3096} INFO - Sync 1 DAGs
[2026-05-24T17:18:04.800+0000] {logging_mixin.py:188} INFO - [2026-05-24T17:18:04.800+0000] {dag.py:3954} INFO - Setting next_dagrun for tutorial_taskflow_api to None, run_after=None
[2026-05-24T17:18:04.816+0000] {processor.py:183} INFO - Processing /home/varn1t/ml-pipeline/venv/lib/python3.11/site-packages/airflow/example_dags/tutorial_taskflow_api.py took 0.050 seconds
[2026-05-24T17:18:47.462+0000] {processor.py:161} INFO - Started process (PID=31067) to work on /home/varn1t/ml-pipeline/venv/lib/python3.11/site-packages/airflow/example_dags/tutorial_taskflow_api.py
[2026-05-24T17:18:47.463+0000] {processor.py:830} INFO - Processing file /home/varn1t/ml-pipeline/venv/lib/python3.11/site-packages/airflow/example_dags/tutorial_taskflow_api.py for tasks to queue
[2026-05-24T17:18:47.464+0000] {logging_mixin.py:188} INFO - [2026-05-24T17:18:47.464+0000] {dagbag.py:545} INFO - Filling up the DagBag from /home/varn1t/ml-pipeline/venv/lib/python3.11/site-packages/airflow/example_dags/tutorial_taskflow_api.py
[2026-05-24T17:18:47.469+0000] {processor.py:840} INFO - DAG(s) 'tutorial_taskflow_api' retrieved from /home/varn1t/ml-pipeline/venv/lib/python3.11/site-packages/airflow/example_dags/tutorial_taskflow_api.py
[2026-05-24T17:18:47.478+0000] {logging_mixin.py:188} INFO - [2026-05-24T17:18:47.478+0000] {dag.py:3096} INFO - Sync 1 DAGs
[2026-05-24T17:18:47.483+0000] {logging_mixin.py:188} INFO - [2026-05-24T17:18:47.483+0000] {dag.py:3954} INFO - Setting next_dagrun for tutorial_taskflow_api to None, run_after=None
[2026-05-24T17:18:47.496+0000] {processor.py:183} INFO - Processing /home/varn1t/ml-pipeline/venv/lib/python3.11/site-packages/airflow/example_dags/tutorial_taskflow_api.py took 0.038 seconds
[2026-05-24T17:19:30.701+0000] {processor.py:161} INFO - Started process (PID=31401) to work on /home/varn1t/ml-pipeline/venv/lib/python3.11/site-packages/airflow/example_dags/tutorial_taskflow_api.py
[2026-05-24T17:19:30.702+0000] {processor.py:830} INFO - Processing file /home/varn1t/ml-pipeline/venv/lib/python3.11/site-packages/airflow/example_dags/tutorial_taskflow_api.py for tasks to queue
[2026-05-24T17:19:30.704+0000] {logging_mixin.py:188} INFO - [2026-05-24T17:19:30.703+0000] {dagbag.py:545} INFO - Filling up the DagBag from /home/varn1t/ml-pipeline/venv/lib/python3.11/site-packages/airflow/example_dags/tutorial_taskflow_api.py
[2026-05-24T17:19:30.710+0000] {processor.py:840} INFO - DAG(s) 'tutorial_taskflow_api' retrieved from /home/varn1t/ml-pipeline/venv/lib/python3.11/site-packages/airflow/example_dags/tutorial_taskflow_api.py
[2026-05-24T17:19:30.817+0000] {logging_mixin.py:188} INFO - [2026-05-24T17:19:30.817+0000] {dag.py:3096} INFO - Sync 1 DAGs
[2026-05-24T17:19:30.823+0000] {logging_mixin.py:188} INFO - [2026-05-24T17:19:30.822+0000] {dag.py:3954} INFO - Setting next_dagrun for tutorial_taskflow_api to None, run_after=None
[2026-05-24T17:19:30.835+0000] {processor.py:183} INFO - Processing /home/varn1t/ml-pipeline/venv/lib/python3.11/site-packages/airflow/example_dags/tutorial_taskflow_api.py took 0.139 seconds
[2026-05-24T17:20:19.923+0000] {processor.py:161} INFO - Started process (PID=31675) to work on /home/varn1t/ml-pipeline/venv/lib/python3.11/site-packages/airflow/example_dags/tutorial_taskflow_api.py
[2026-05-24T17:20:19.924+0000] {processor.py:830} INFO - Processing file /home/varn1t/ml-pipeline/venv/lib/python3.11/site-packages/airflow/example_dags/tutorial_taskflow_api.py for tasks to queue
[2026-05-24T17:20:19.925+0000] {logging_mixin.py:188} INFO - [2026-05-24T17:20:19.925+0000] {dagbag.py:545} INFO - Filling up the DagBag from /home/varn1t/ml-pipeline/venv/lib/python3.11/site-packages/airflow/example_dags/tutorial_taskflow_api.py
[2026-05-24T17:20:19.931+0000] {processor.py:840} INFO - DAG(s) 'tutorial_taskflow_api' retrieved from /home/varn1t/ml-pipeline/venv/lib/python3.11/site-packages/airflow/example_dags/tutorial_taskflow_api.py
[2026-05-24T17:20:19.943+0000] {logging_mixin.py:188} INFO - [2026-05-24T17:20:19.943+0000] {dag.py:3096} INFO - Sync 1 DAGs
[2026-05-24T17:20:19.950+0000] {logging_mixin.py:188} INFO - [2026-05-24T17:20:19.950+0000] {dag.py:3954} INFO - Setting next_dagrun for tutorial_taskflow_api to None, run_after=None
[2026-05-24T17:20:19.963+0000] {processor.py:183} INFO - Processing /home/varn1t/ml-pipeline/venv/lib/python3.11/site-packages/airflow/example_dags/tutorial_taskflow_api.py took 0.045 seconds
[2026-05-24T17:21:04.294+0000] {processor.py:161} INFO - Started process (PID=32028) to work on /home/varn1t/ml-pipeline/venv/lib/python3.11/site-packages/airflow/example_dags/tutorial_taskflow_api.py
[2026-05-24T17:21:04.295+0000] {processor.py:830} INFO - Processing file /home/varn1t/ml-pipeline/venv/lib/python3.11/site-packages/airflow/example_dags/tutorial_taskflow_api.py for tasks to queue
[2026-05-24T17:21:04.297+0000] {logging_mixin.py:188} INFO - [2026-05-24T17:21:04.296+0000] {dagbag.py:545} INFO - Filling up the DagBag from /home/varn1t/ml-pipeline/venv/lib/python3.11/site-packages/airflow/example_dags/tutorial_taskflow_api.py
[2026-05-24T17:21:04.302+0000] {processor.py:840} INFO - DAG(s) 'tutorial_taskflow_api' retrieved from /home/varn1t/ml-pipeline/venv/lib/python3.11/site-packages/airflow/example_dags/tutorial_taskflow_api.py
[2026-05-24T17:21:04.312+0000] {logging_mixin.py:188} INFO - [2026-05-24T17:21:04.312+0000] {dag.py:3096} INFO - Sync 1 DAGs
[2026-05-24T17:21:04.318+0000] {logging_mixin.py:188} INFO - [2026-05-24T17:21:04.318+0000] {dag.py:3954} INFO - Setting next_dagrun for tutorial_taskflow_api to None, run_after=None
[2026-05-24T17:21:04.334+0000] {processor.py:183} INFO - Processing /home/varn1t/ml-pipeline/venv/lib/python3.11/site-packages/airflow/example_dags/tutorial_taskflow_api.py took 0.045 seconds
[2026-05-24T17:21:47.636+0000] {processor.py:161} INFO - Started process (PID=32245) to work on /home/varn1t/ml-pipeline/venv/lib/python3.11/site-packages/airflow/example_dags/tutorial_taskflow_api.py
[2026-05-24T17:21:47.636+0000] {processor.py:830} INFO - Processing file /home/varn1t/ml-pipeline/venv/lib/python3.11/site-packages/airflow/example_dags/tutorial_taskflow_api.py for tasks to queue
[2026-05-24T17:21:47.637+0000] {logging_mixin.py:188} INFO - [2026-05-24T17:21:47.637+0000] {dagbag.py:545} INFO - Filling up the DagBag from /home/varn1t/ml-pipeline/venv/lib/python3.11/site-packages/airflow/example_dags/tutorial_taskflow_api.py
[2026-05-24T17:21:47.642+0000] {processor.py:840} INFO - DAG(s) 'tutorial_taskflow_api' retrieved from /home/varn1t/ml-pipeline/venv/lib/python3.11/site-packages/airflow/example_dags/tutorial_taskflow_api.py
[2026-05-24T17:21:47.651+0000] {logging_mixin.py:188} INFO - [2026-05-24T17:21:47.651+0000] {dag.py:3096} INFO - Sync 1 DAGs
[2026-05-24T17:21:47.657+0000] {logging_mixin.py:188} INFO - [2026-05-24T17:21:47.657+0000] {dag.py:3954} INFO - Setting next_dagrun for tutorial_taskflow_api to None, run_after=None
[2026-05-24T17:21:47.671+0000] {processor.py:183} INFO - Processing /home/varn1t/ml-pipeline/venv/lib/python3.11/site-packages/airflow/example_dags/tutorial_taskflow_api.py took 0.039 seconds
[2026-05-24T17:22:31.788+0000] {processor.py:161} INFO - Started process (PID=32440) to work on /home/varn1t/ml-pipeline/venv/lib/python3.11/site-packages/airflow/example_dags/tutorial_taskflow_api.py
[2026-05-24T17:22:31.789+0000] {processor.py:830} INFO - Processing file /home/varn1t/ml-pipeline/venv/lib/python3.11/site-packages/airflow/example_dags/tutorial_taskflow_api.py for tasks to queue
[2026-05-24T17:22:31.791+0000] {logging_mixin.py:188} INFO - [2026-05-24T17:22:31.791+0000] {dagbag.py:545} INFO - Filling up the DagBag from /home/varn1t/ml-pipeline/venv/lib/python3.11/site-packages/airflow/example_dags/tutorial_taskflow_api.py
[2026-05-24T17:22:31.799+0000] {processor.py:840} INFO - DAG(s) 'tutorial_taskflow_api' retrieved from /home/varn1t/ml-pipeline/venv/lib/python3.11/site-packages/airflow/example_dags/tutorial_taskflow_api.py
[2026-05-24T17:22:31.813+0000] {logging_mixin.py:188} INFO - [2026-05-24T17:22:31.813+0000] {dag.py:3096} INFO - Sync 1 DAGs
[2026-05-24T17:22:31.820+0000] {logging_mixin.py:188} INFO - [2026-05-24T17:22:31.820+0000] {dag.py:3954} INFO - Setting next_dagrun for tutorial_taskflow_api to None, run_after=None
[2026-05-24T17:22:31.840+0000] {processor.py:183} INFO - Processing /home/varn1t/ml-pipeline/venv/lib/python3.11/site-packages/airflow/example_dags/tutorial_taskflow_api.py took 0.057 seconds
[2026-05-24T17:23:18.208+0000] {processor.py:161} INFO - Started process (PID=32667) to work on /home/varn1t/ml-pipeline/venv/lib/python3.11/site-packages/airflow/example_dags/tutorial_taskflow_api.py
[2026-05-24T17:23:18.209+0000] {processor.py:830} INFO - Processing file /home/varn1t/ml-pipeline/venv/lib/python3.11/site-packages/airflow/example_dags/tutorial_taskflow_api.py for tasks to queue
[2026-05-24T17:23:18.210+0000] {logging_mixin.py:188} INFO - [2026-05-24T17:23:18.210+0000] {dagbag.py:545} INFO - Filling up the DagBag from /home/varn1t/ml-pipeline/venv/lib/python3.11/site-packages/airflow/example_dags/tutorial_taskflow_api.py
[2026-05-24T17:23:18.216+0000] {processor.py:840} INFO - DAG(s) 'tutorial_taskflow_api' retrieved from /home/varn1t/ml-pipeline/venv/lib/python3.11/site-packages/airflow/example_dags/tutorial_taskflow_api.py
[2026-05-24T17:23:18.229+0000] {logging_mixin.py:188} INFO - [2026-05-24T17:23:18.228+0000] {dag.py:3096} INFO - Sync 1 DAGs
[2026-05-24T17:23:18.236+0000] {logging_mixin.py:188} INFO - [2026-05-24T17:23:18.236+0000] {dag.py:3954} INFO - Setting next_dagrun for tutorial_taskflow_api to None, run_after=None
[2026-05-24T17:23:18.254+0000] {processor.py:183} INFO - Processing /home/varn1t/ml-pipeline/venv/lib/python3.11/site-packages/airflow/example_dags/tutorial_taskflow_api.py took 0.052 seconds
[2026-05-24T17:24:01.737+0000] {processor.py:161} INFO - Started process (PID=32944) to work on /home/varn1t/ml-pipeline/venv/lib/python3.11/site-packages/airflow/example_dags/tutorial_taskflow_api.py
[2026-05-24T17:24:01.737+0000] {processor.py:830} INFO - Processing file /home/varn1t/ml-pipeline/venv/lib/python3.11/site-packages/airflow/example_dags/tutorial_taskflow_api.py for tasks to queue
[2026-05-24T17:24:01.739+0000] {logging_mixin.py:188} INFO - [2026-05-24T17:24:01.738+0000] {dagbag.py:545} INFO - Filling up the DagBag from /home/varn1t/ml-pipeline/venv/lib/python3.11/site-packages/airflow/example_dags/tutorial_taskflow_api.py
[2026-05-24T17:24:01.745+0000] {processor.py:840} INFO - DAG(s) 'tutorial_taskflow_api' retrieved from /home/varn1t/ml-pipeline/venv/lib/python3.11/site-packages/airflow/example_dags/tutorial_taskflow_api.py
[2026-05-24T17:24:01.758+0000] {logging_mixin.py:188} INFO - [2026-05-24T17:24:01.758+0000] {dag.py:3096} INFO - Sync 1 DAGs
[2026-05-24T17:24:01.766+0000] {logging_mixin.py:188} INFO - [2026-05-24T17:24:01.766+0000] {dag.py:3954} INFO - Setting next_dagrun for tutorial_taskflow_api to None, run_after=None
[2026-05-24T17:24:01.782+0000] {processor.py:183} INFO - Processing /home/varn1t/ml-pipeline/venv/lib/python3.11/site-packages/airflow/example_dags/tutorial_taskflow_api.py took 0.053 seconds
[2026-05-24T17:24:43.088+0000] {processor.py:161} INFO - Started process (PID=33192) to work on /home/varn1t/ml-pipeline/venv/lib/python3.11/site-packages/airflow/example_dags/tutorial_taskflow_api.py
[2026-05-24T17:24:43.089+0000] {processor.py:830} INFO - Processing file /home/varn1t/ml-pipeline/venv/lib/python3.11/site-packages/airflow/example_dags/tutorial_taskflow_api.py for tasks to queue
[2026-05-24T17:24:43.090+0000] {logging_mixin.py:188} INFO - [2026-05-24T17:24:43.090+0000] {dagbag.py:545} INFO - Filling up the DagBag from /home/varn1t/ml-pipeline/venv/lib/python3.11/site-packages/airflow/example_dags/tutorial_taskflow_api.py
[2026-05-24T17:24:43.095+0000] {processor.py:840} INFO - DAG(s) 'tutorial_taskflow_api' retrieved from /home/varn1t/ml-pipeline/venv/lib/python3.11/site-packages/airflow/example_dags/tutorial_taskflow_api.py
[2026-05-24T17:24:43.106+0000] {logging_mixin.py:188} INFO - [2026-05-24T17:24:43.106+0000] {dag.py:3096} INFO - Sync 1 DAGs
[2026-05-24T17:24:43.113+0000] {logging_mixin.py:188} INFO - [2026-05-24T17:24:43.113+0000] {dag.py:3954} INFO - Setting next_dagrun for tutorial_taskflow_api to None, run_after=None
[2026-05-24T17:24:43.129+0000] {processor.py:183} INFO - Processing /home/varn1t/ml-pipeline/venv/lib/python3.11/site-packages/airflow/example_dags/tutorial_taskflow_api.py took 0.047 seconds
[2026-05-24T17:25:28.156+0000] {processor.py:161} INFO - Started process (PID=33427) to work on /home/varn1t/ml-pipeline/venv/lib/python3.11/site-packages/airflow/example_dags/tutorial_taskflow_api.py
[2026-05-24T17:25:28.157+0000] {processor.py:830} INFO - Processing file /home/varn1t/ml-pipeline/venv/lib/python3.11/site-packages/airflow/example_dags/tutorial_taskflow_api.py for tasks to queue
[2026-05-24T17:25:28.158+0000] {logging_mixin.py:188} INFO - [2026-05-24T17:25:28.158+0000] {dagbag.py:545} INFO - Filling up the DagBag from /home/varn1t/ml-pipeline/venv/lib/python3.11/site-packages/airflow/example_dags/tutorial_taskflow_api.py
[2026-05-24T17:25:28.164+0000] {processor.py:840} INFO - DAG(s) 'tutorial_taskflow_api' retrieved from /home/varn1t/ml-pipeline/venv/lib/python3.11/site-packages/airflow/example_dags/tutorial_taskflow_api.py
[2026-05-24T17:25:28.176+0000] {logging_mixin.py:188} INFO - [2026-05-24T17:25:28.175+0000] {dag.py:3096} INFO - Sync 1 DAGs
[2026-05-24T17:25:28.183+0000] {logging_mixin.py:188} INFO - [2026-05-24T17:25:28.183+0000] {dag.py:3954} INFO - Setting next_dagrun for tutorial_taskflow_api to None, run_after=None
[2026-05-24T17:25:28.200+0000] {processor.py:183} INFO - Processing /home/varn1t/ml-pipeline/venv/lib/python3.11/site-packages/airflow/example_dags/tutorial_taskflow_api.py took 0.049 seconds
