[2026-05-24T13:28:25.091+0000] {processor.py:161} INFO - Started process (PID=3471) to work on /home/varn1t/ml-pipeline/venv/lib/python3.11/site-packages/airflow/example_dags/tutorial_dag.py
[2026-05-24T13:28:25.092+0000] {processor.py:830} INFO - Processing file /home/varn1t/ml-pipeline/venv/lib/python3.11/site-packages/airflow/example_dags/tutorial_dag.py for tasks to queue
[2026-05-24T13:28:25.093+0000] {logging_mixin.py:188} INFO - [2026-05-24T13:28:25.092+0000] {dagbag.py:545} INFO - Filling up the DagBag from /home/varn1t/ml-pipeline/venv/lib/python3.11/site-packages/airflow/example_dags/tutorial_dag.py
[2026-05-24T13:28:25.097+0000] {processor.py:840} INFO - DAG(s) 'tutorial_dag' retrieved from /home/varn1t/ml-pipeline/venv/lib/python3.11/site-packages/airflow/example_dags/tutorial_dag.py
[2026-05-24T13:28:25.156+0000] {logging_mixin.py:188} INFO - [2026-05-24T13:28:25.156+0000] {dag.py:3096} INFO - Sync 1 DAGs
[2026-05-24T13:28:25.161+0000] {logging_mixin.py:188} INFO - [2026-05-24T13:28:25.161+0000] {dag.py:3954} INFO - Setting next_dagrun for tutorial_dag to None, run_after=None
[2026-05-24T13:28:25.179+0000] {processor.py:183} INFO - Processing /home/varn1t/ml-pipeline/venv/lib/python3.11/site-packages/airflow/example_dags/tutorial_dag.py took 0.091 seconds
[2026-05-24T13:29:28.343+0000] {processor.py:161} INFO - Started process (PID=4259) to work on /home/varn1t/ml-pipeline/venv/lib/python3.11/site-packages/airflow/example_dags/tutorial_dag.py
[2026-05-24T13:29:28.344+0000] {processor.py:830} INFO - Processing file /home/varn1t/ml-pipeline/venv/lib/python3.11/site-packages/airflow/example_dags/tutorial_dag.py for tasks to queue
[2026-05-24T13:29:28.345+0000] {logging_mixin.py:188} INFO - [2026-05-24T13:29:28.345+0000] {dagbag.py:545} INFO - Filling up the DagBag from /home/varn1t/ml-pipeline/venv/lib/python3.11/site-packages/airflow/example_dags/tutorial_dag.py
[2026-05-24T13:29:28.349+0000] {processor.py:840} INFO - DAG(s) 'tutorial_dag' retrieved from /home/varn1t/ml-pipeline/venv/lib/python3.11/site-packages/airflow/example_dags/tutorial_dag.py
[2026-05-24T13:29:28.359+0000] {logging_mixin.py:188} INFO - [2026-05-24T13:29:28.359+0000] {dag.py:3096} INFO - Sync 1 DAGs
[2026-05-24T13:29:28.367+0000] {logging_mixin.py:188} INFO - [2026-05-24T13:29:28.367+0000] {dag.py:3954} INFO - Setting next_dagrun for tutorial_dag to None, run_after=None
[2026-05-24T13:29:28.383+0000] {processor.py:183} INFO - Processing /home/varn1t/ml-pipeline/venv/lib/python3.11/site-packages/airflow/example_dags/tutorial_dag.py took 0.045 seconds
[2026-05-24T13:30:14.777+0000] {processor.py:161} INFO - Started process (PID=4462) to work on /home/varn1t/ml-pipeline/venv/lib/python3.11/site-packages/airflow/example_dags/tutorial_dag.py
[2026-05-24T13:30:14.778+0000] {processor.py:830} INFO - Processing file /home/varn1t/ml-pipeline/venv/lib/python3.11/site-packages/airflow/example_dags/tutorial_dag.py for tasks to queue
[2026-05-24T13:30:14.779+0000] {logging_mixin.py:188} INFO - [2026-05-24T13:30:14.779+0000] {dagbag.py:545} INFO - Filling up the DagBag from /home/varn1t/ml-pipeline/venv/lib/python3.11/site-packages/airflow/example_dags/tutorial_dag.py
[2026-05-24T13:30:14.784+0000] {processor.py:840} INFO - DAG(s) 'tutorial_dag' retrieved from /home/varn1t/ml-pipeline/venv/lib/python3.11/site-packages/airflow/example_dags/tutorial_dag.py
[2026-05-24T13:30:14.795+0000] {logging_mixin.py:188} INFO - [2026-05-24T13:30:14.795+0000] {dag.py:3096} INFO - Sync 1 DAGs
[2026-05-24T13:30:14.803+0000] {logging_mixin.py:188} INFO - [2026-05-24T13:30:14.803+0000] {dag.py:3954} INFO - Setting next_dagrun for tutorial_dag to None, run_after=None
[2026-05-24T13:30:14.821+0000] {processor.py:183} INFO - Processing /home/varn1t/ml-pipeline/venv/lib/python3.11/site-packages/airflow/example_dags/tutorial_dag.py took 0.048 seconds
[2026-05-24T13:31:00.255+0000] {processor.py:161} INFO - Started process (PID=4655) to work on /home/varn1t/ml-pipeline/venv/lib/python3.11/site-packages/airflow/example_dags/tutorial_dag.py
[2026-05-24T13:31:00.256+0000] {processor.py:830} INFO - Processing file /home/varn1t/ml-pipeline/venv/lib/python3.11/site-packages/airflow/example_dags/tutorial_dag.py for tasks to queue
[2026-05-24T13:31:00.257+0000] {logging_mixin.py:188} INFO - [2026-05-24T13:31:00.257+0000] {dagbag.py:545} INFO - Filling up the DagBag from /home/varn1t/ml-pipeline/venv/lib/python3.11/site-packages/airflow/example_dags/tutorial_dag.py
[2026-05-24T13:31:00.263+0000] {processor.py:840} INFO - DAG(s) 'tutorial_dag' retrieved from /home/varn1t/ml-pipeline/venv/lib/python3.11/site-packages/airflow/example_dags/tutorial_dag.py
[2026-05-24T13:31:00.274+0000] {logging_mixin.py:188} INFO - [2026-05-24T13:31:00.274+0000] {dag.py:3096} INFO - Sync 1 DAGs
[2026-05-24T13:31:00.281+0000] {logging_mixin.py:188} INFO - [2026-05-24T13:31:00.281+0000] {dag.py:3954} INFO - Setting next_dagrun for tutorial_dag to None, run_after=None
[2026-05-24T13:31:00.297+0000] {processor.py:183} INFO - Processing /home/varn1t/ml-pipeline/venv/lib/python3.11/site-packages/airflow/example_dags/tutorial_dag.py took 0.048 seconds
[2026-05-24T13:31:41.258+0000] {processor.py:161} INFO - Started process (PID=4841) to work on /home/varn1t/ml-pipeline/venv/lib/python3.11/site-packages/airflow/example_dags/tutorial_dag.py
[2026-05-24T13:31:41.259+0000] {processor.py:830} INFO - Processing file /home/varn1t/ml-pipeline/venv/lib/python3.11/site-packages/airflow/example_dags/tutorial_dag.py for tasks to queue
[2026-05-24T13:31:41.260+0000] {logging_mixin.py:188} INFO - [2026-05-24T13:31:41.260+0000] {dagbag.py:545} INFO - Filling up the DagBag from /home/varn1t/ml-pipeline/venv/lib/python3.11/site-packages/airflow/example_dags/tutorial_dag.py
[2026-05-24T13:31:41.264+0000] {processor.py:840} INFO - DAG(s) 'tutorial_dag' retrieved from /home/varn1t/ml-pipeline/venv/lib/python3.11/site-packages/airflow/example_dags/tutorial_dag.py
[2026-05-24T13:31:41.275+0000] {logging_mixin.py:188} INFO - [2026-05-24T13:31:41.275+0000] {dag.py:3096} INFO - Sync 1 DAGs
[2026-05-24T13:31:41.283+0000] {logging_mixin.py:188} INFO - [2026-05-24T13:31:41.283+0000] {dag.py:3954} INFO - Setting next_dagrun for tutorial_dag to None, run_after=None
[2026-05-24T13:31:41.301+0000] {processor.py:183} INFO - Processing /home/varn1t/ml-pipeline/venv/lib/python3.11/site-packages/airflow/example_dags/tutorial_dag.py took 0.048 seconds
[2026-05-24T13:32:20.456+0000] {processor.py:161} INFO - Started process (PID=5016) to work on /home/varn1t/ml-pipeline/venv/lib/python3.11/site-packages/airflow/example_dags/tutorial_dag.py
[2026-05-24T13:32:20.457+0000] {processor.py:830} INFO - Processing file /home/varn1t/ml-pipeline/venv/lib/python3.11/site-packages/airflow/example_dags/tutorial_dag.py for tasks to queue
[2026-05-24T13:32:20.458+0000] {logging_mixin.py:188} INFO - [2026-05-24T13:32:20.458+0000] {dagbag.py:545} INFO - Filling up the DagBag from /home/varn1t/ml-pipeline/venv/lib/python3.11/site-packages/airflow/example_dags/tutorial_dag.py
[2026-05-24T13:32:20.463+0000] {processor.py:840} INFO - DAG(s) 'tutorial_dag' retrieved from /home/varn1t/ml-pipeline/venv/lib/python3.11/site-packages/airflow/example_dags/tutorial_dag.py
[2026-05-24T13:32:20.476+0000] {logging_mixin.py:188} INFO - [2026-05-24T13:32:20.476+0000] {dag.py:3096} INFO - Sync 1 DAGs
[2026-05-24T13:32:20.483+0000] {logging_mixin.py:188} INFO - [2026-05-24T13:32:20.483+0000] {dag.py:3954} INFO - Setting next_dagrun for tutorial_dag to None, run_after=None
[2026-05-24T13:32:20.500+0000] {processor.py:183} INFO - Processing /home/varn1t/ml-pipeline/venv/lib/python3.11/site-packages/airflow/example_dags/tutorial_dag.py took 0.048 seconds
[2026-05-24T13:32:58.722+0000] {processor.py:161} INFO - Started process (PID=5181) to work on /home/varn1t/ml-pipeline/venv/lib/python3.11/site-packages/airflow/example_dags/tutorial_dag.py
[2026-05-24T13:32:58.722+0000] {processor.py:830} INFO - Processing file /home/varn1t/ml-pipeline/venv/lib/python3.11/site-packages/airflow/example_dags/tutorial_dag.py for tasks to queue
[2026-05-24T13:32:58.724+0000] {logging_mixin.py:188} INFO - [2026-05-24T13:32:58.723+0000] {dagbag.py:545} INFO - Filling up the DagBag from /home/varn1t/ml-pipeline/venv/lib/python3.11/site-packages/airflow/example_dags/tutorial_dag.py
[2026-05-24T13:32:58.728+0000] {processor.py:840} INFO - DAG(s) 'tutorial_dag' retrieved from /home/varn1t/ml-pipeline/venv/lib/python3.11/site-packages/airflow/example_dags/tutorial_dag.py
[2026-05-24T13:32:58.738+0000] {logging_mixin.py:188} INFO - [2026-05-24T13:32:58.738+0000] {dag.py:3096} INFO - Sync 1 DAGs
[2026-05-24T13:32:58.746+0000] {logging_mixin.py:188} INFO - [2026-05-24T13:32:58.746+0000] {dag.py:3954} INFO - Setting next_dagrun for tutorial_dag to None, run_after=None
[2026-05-24T13:32:58.761+0000] {processor.py:183} INFO - Processing /home/varn1t/ml-pipeline/venv/lib/python3.11/site-packages/airflow/example_dags/tutorial_dag.py took 0.043 seconds
[2026-05-24T13:33:38.284+0000] {processor.py:161} INFO - Started process (PID=5447) to work on /home/varn1t/ml-pipeline/venv/lib/python3.11/site-packages/airflow/example_dags/tutorial_dag.py
[2026-05-24T13:33:38.285+0000] {processor.py:830} INFO - Processing file /home/varn1t/ml-pipeline/venv/lib/python3.11/site-packages/airflow/example_dags/tutorial_dag.py for tasks to queue
[2026-05-24T13:33:38.285+0000] {logging_mixin.py:188} INFO - [2026-05-24T13:33:38.285+0000] {dagbag.py:545} INFO - Filling up the DagBag from /home/varn1t/ml-pipeline/venv/lib/python3.11/site-packages/airflow/example_dags/tutorial_dag.py
[2026-05-24T13:33:38.291+0000] {processor.py:840} INFO - DAG(s) 'tutorial_dag' retrieved from /home/varn1t/ml-pipeline/venv/lib/python3.11/site-packages/airflow/example_dags/tutorial_dag.py
[2026-05-24T13:33:38.306+0000] {logging_mixin.py:188} INFO - [2026-05-24T13:33:38.306+0000] {dag.py:3096} INFO - Sync 1 DAGs
[2026-05-24T13:33:38.315+0000] {logging_mixin.py:188} INFO - [2026-05-24T13:33:38.315+0000] {dag.py:3954} INFO - Setting next_dagrun for tutorial_dag to None, run_after=None
[2026-05-24T13:33:38.330+0000] {processor.py:183} INFO - Processing /home/varn1t/ml-pipeline/venv/lib/python3.11/site-packages/airflow/example_dags/tutorial_dag.py took 0.052 seconds
[2026-05-24T13:34:14.224+0000] {processor.py:161} INFO - Started process (PID=5771) to work on /home/varn1t/ml-pipeline/venv/lib/python3.11/site-packages/airflow/example_dags/tutorial_dag.py
[2026-05-24T13:34:14.224+0000] {processor.py:830} INFO - Processing file /home/varn1t/ml-pipeline/venv/lib/python3.11/site-packages/airflow/example_dags/tutorial_dag.py for tasks to queue
[2026-05-24T13:34:14.225+0000] {logging_mixin.py:188} INFO - [2026-05-24T13:34:14.225+0000] {dagbag.py:545} INFO - Filling up the DagBag from /home/varn1t/ml-pipeline/venv/lib/python3.11/site-packages/airflow/example_dags/tutorial_dag.py
[2026-05-24T13:34:14.229+0000] {processor.py:840} INFO - DAG(s) 'tutorial_dag' retrieved from /home/varn1t/ml-pipeline/venv/lib/python3.11/site-packages/airflow/example_dags/tutorial_dag.py
[2026-05-24T13:34:14.243+0000] {logging_mixin.py:188} INFO - [2026-05-24T13:34:14.243+0000] {dag.py:3096} INFO - Sync 1 DAGs
[2026-05-24T13:34:14.254+0000] {logging_mixin.py:188} INFO - [2026-05-24T13:34:14.254+0000] {dag.py:3954} INFO - Setting next_dagrun for tutorial_dag to None, run_after=None
[2026-05-24T13:34:14.272+0000] {processor.py:183} INFO - Processing /home/varn1t/ml-pipeline/venv/lib/python3.11/site-packages/airflow/example_dags/tutorial_dag.py took 0.052 seconds
[2026-05-24T13:34:51.397+0000] {processor.py:161} INFO - Started process (PID=5934) to work on /home/varn1t/ml-pipeline/venv/lib/python3.11/site-packages/airflow/example_dags/tutorial_dag.py
[2026-05-24T13:34:51.397+0000] {processor.py:830} INFO - Processing file /home/varn1t/ml-pipeline/venv/lib/python3.11/site-packages/airflow/example_dags/tutorial_dag.py for tasks to queue
[2026-05-24T13:34:51.398+0000] {logging_mixin.py:188} INFO - [2026-05-24T13:34:51.398+0000] {dagbag.py:545} INFO - Filling up the DagBag from /home/varn1t/ml-pipeline/venv/lib/python3.11/site-packages/airflow/example_dags/tutorial_dag.py
[2026-05-24T13:34:51.402+0000] {processor.py:840} INFO - DAG(s) 'tutorial_dag' retrieved from /home/varn1t/ml-pipeline/venv/lib/python3.11/site-packages/airflow/example_dags/tutorial_dag.py
[2026-05-24T13:34:51.414+0000] {logging_mixin.py:188} INFO - [2026-05-24T13:34:51.414+0000] {dag.py:3096} INFO - Sync 1 DAGs
[2026-05-24T13:34:51.420+0000] {logging_mixin.py:188} INFO - [2026-05-24T13:34:51.420+0000] {dag.py:3954} INFO - Setting next_dagrun for tutorial_dag to None, run_after=None
[2026-05-24T13:34:51.436+0000] {processor.py:183} INFO - Processing /home/varn1t/ml-pipeline/venv/lib/python3.11/site-packages/airflow/example_dags/tutorial_dag.py took 0.043 seconds
[2026-05-24T13:35:31.257+0000] {processor.py:161} INFO - Started process (PID=6157) to work on /home/varn1t/ml-pipeline/venv/lib/python3.11/site-packages/airflow/example_dags/tutorial_dag.py
[2026-05-24T13:35:31.258+0000] {processor.py:830} INFO - Processing file /home/varn1t/ml-pipeline/venv/lib/python3.11/site-packages/airflow/example_dags/tutorial_dag.py for tasks to queue
[2026-05-24T13:35:31.258+0000] {logging_mixin.py:188} INFO - [2026-05-24T13:35:31.258+0000] {dagbag.py:545} INFO - Filling up the DagBag from /home/varn1t/ml-pipeline/venv/lib/python3.11/site-packages/airflow/example_dags/tutorial_dag.py
[2026-05-24T13:35:31.262+0000] {processor.py:840} INFO - DAG(s) 'tutorial_dag' retrieved from /home/varn1t/ml-pipeline/venv/lib/python3.11/site-packages/airflow/example_dags/tutorial_dag.py
[2026-05-24T13:35:31.274+0000] {logging_mixin.py:188} INFO - [2026-05-24T13:35:31.274+0000] {dag.py:3096} INFO - Sync 1 DAGs
[2026-05-24T13:35:31.281+0000] {logging_mixin.py:188} INFO - [2026-05-24T13:35:31.281+0000] {dag.py:3954} INFO - Setting next_dagrun for tutorial_dag to None, run_after=None
[2026-05-24T13:35:31.297+0000] {processor.py:183} INFO - Processing /home/varn1t/ml-pipeline/venv/lib/python3.11/site-packages/airflow/example_dags/tutorial_dag.py took 0.044 seconds
[2026-05-24T13:36:11.341+0000] {processor.py:161} INFO - Started process (PID=6431) to work on /home/varn1t/ml-pipeline/venv/lib/python3.11/site-packages/airflow/example_dags/tutorial_dag.py
[2026-05-24T13:36:11.342+0000] {processor.py:830} INFO - Processing file /home/varn1t/ml-pipeline/venv/lib/python3.11/site-packages/airflow/example_dags/tutorial_dag.py for tasks to queue
[2026-05-24T13:36:11.343+0000] {logging_mixin.py:188} INFO - [2026-05-24T13:36:11.342+0000] {dagbag.py:545} INFO - Filling up the DagBag from /home/varn1t/ml-pipeline/venv/lib/python3.11/site-packages/airflow/example_dags/tutorial_dag.py
[2026-05-24T13:36:11.346+0000] {processor.py:840} INFO - DAG(s) 'tutorial_dag' retrieved from /home/varn1t/ml-pipeline/venv/lib/python3.11/site-packages/airflow/example_dags/tutorial_dag.py
[2026-05-24T13:36:11.358+0000] {logging_mixin.py:188} INFO - [2026-05-24T13:36:11.358+0000] {dag.py:3096} INFO - Sync 1 DAGs
[2026-05-24T13:36:11.365+0000] {logging_mixin.py:188} INFO - [2026-05-24T13:36:11.365+0000] {dag.py:3954} INFO - Setting next_dagrun for tutorial_dag to None, run_after=None
[2026-05-24T13:36:11.379+0000] {processor.py:183} INFO - Processing /home/varn1t/ml-pipeline/venv/lib/python3.11/site-packages/airflow/example_dags/tutorial_dag.py took 0.042 seconds
[2026-05-24T13:36:50.730+0000] {processor.py:161} INFO - Started process (PID=6642) to work on /home/varn1t/ml-pipeline/venv/lib/python3.11/site-packages/airflow/example_dags/tutorial_dag.py
[2026-05-24T13:36:50.731+0000] {processor.py:830} INFO - Processing file /home/varn1t/ml-pipeline/venv/lib/python3.11/site-packages/airflow/example_dags/tutorial_dag.py for tasks to queue
[2026-05-24T13:36:50.731+0000] {logging_mixin.py:188} INFO - [2026-05-24T13:36:50.731+0000] {dagbag.py:545} INFO - Filling up the DagBag from /home/varn1t/ml-pipeline/venv/lib/python3.11/site-packages/airflow/example_dags/tutorial_dag.py
[2026-05-24T13:36:50.736+0000] {processor.py:840} INFO - DAG(s) 'tutorial_dag' retrieved from /home/varn1t/ml-pipeline/venv/lib/python3.11/site-packages/airflow/example_dags/tutorial_dag.py
[2026-05-24T13:36:50.751+0000] {logging_mixin.py:188} INFO - [2026-05-24T13:36:50.750+0000] {dag.py:3096} INFO - Sync 1 DAGs
[2026-05-24T13:36:50.759+0000] {logging_mixin.py:188} INFO - [2026-05-24T13:36:50.758+0000] {dag.py:3954} INFO - Setting next_dagrun for tutorial_dag to None, run_after=None
[2026-05-24T13:36:50.781+0000] {processor.py:183} INFO - Processing /home/varn1t/ml-pipeline/venv/lib/python3.11/site-packages/airflow/example_dags/tutorial_dag.py took 0.057 seconds
[2026-05-24T13:37:49.913+0000] {processor.py:161} INFO - Started process (PID=7257) to work on /home/varn1t/ml-pipeline/venv/lib/python3.11/site-packages/airflow/example_dags/tutorial_dag.py
[2026-05-24T13:37:49.914+0000] {processor.py:830} INFO - Processing file /home/varn1t/ml-pipeline/venv/lib/python3.11/site-packages/airflow/example_dags/tutorial_dag.py for tasks to queue
[2026-05-24T13:37:49.915+0000] {logging_mixin.py:188} INFO - [2026-05-24T13:37:49.914+0000] {dagbag.py:545} INFO - Filling up the DagBag from /home/varn1t/ml-pipeline/venv/lib/python3.11/site-packages/airflow/example_dags/tutorial_dag.py
[2026-05-24T13:37:49.919+0000] {processor.py:840} INFO - DAG(s) 'tutorial_dag' retrieved from /home/varn1t/ml-pipeline/venv/lib/python3.11/site-packages/airflow/example_dags/tutorial_dag.py
[2026-05-24T13:37:49.929+0000] {logging_mixin.py:188} INFO - [2026-05-24T13:37:49.929+0000] {dag.py:3096} INFO - Sync 1 DAGs
[2026-05-24T13:37:49.936+0000] {logging_mixin.py:188} INFO - [2026-05-24T13:37:49.936+0000] {dag.py:3954} INFO - Setting next_dagrun for tutorial_dag to None, run_after=None
[2026-05-24T13:37:49.951+0000] {processor.py:183} INFO - Processing /home/varn1t/ml-pipeline/venv/lib/python3.11/site-packages/airflow/example_dags/tutorial_dag.py took 0.041 seconds
[2026-05-24T13:38:26.334+0000] {processor.py:161} INFO - Started process (PID=7448) to work on /home/varn1t/ml-pipeline/venv/lib/python3.11/site-packages/airflow/example_dags/tutorial_dag.py
[2026-05-24T13:38:26.335+0000] {processor.py:830} INFO - Processing file /home/varn1t/ml-pipeline/venv/lib/python3.11/site-packages/airflow/example_dags/tutorial_dag.py for tasks to queue
[2026-05-24T13:38:26.336+0000] {logging_mixin.py:188} INFO - [2026-05-24T13:38:26.336+0000] {dagbag.py:545} INFO - Filling up the DagBag from /home/varn1t/ml-pipeline/venv/lib/python3.11/site-packages/airflow/example_dags/tutorial_dag.py
[2026-05-24T13:38:26.339+0000] {processor.py:840} INFO - DAG(s) 'tutorial_dag' retrieved from /home/varn1t/ml-pipeline/venv/lib/python3.11/site-packages/airflow/example_dags/tutorial_dag.py
[2026-05-24T13:38:26.350+0000] {logging_mixin.py:188} INFO - [2026-05-24T13:38:26.350+0000] {dag.py:3096} INFO - Sync 1 DAGs
[2026-05-24T13:38:26.359+0000] {logging_mixin.py:188} INFO - [2026-05-24T13:38:26.359+0000] {dag.py:3954} INFO - Setting next_dagrun for tutorial_dag to None, run_after=None
[2026-05-24T13:38:26.376+0000] {processor.py:183} INFO - Processing /home/varn1t/ml-pipeline/venv/lib/python3.11/site-packages/airflow/example_dags/tutorial_dag.py took 0.045 seconds
[2026-05-24T13:39:04.994+0000] {processor.py:161} INFO - Started process (PID=7616) to work on /home/varn1t/ml-pipeline/venv/lib/python3.11/site-packages/airflow/example_dags/tutorial_dag.py
[2026-05-24T13:39:04.995+0000] {processor.py:830} INFO - Processing file /home/varn1t/ml-pipeline/venv/lib/python3.11/site-packages/airflow/example_dags/tutorial_dag.py for tasks to queue
[2026-05-24T13:39:04.995+0000] {logging_mixin.py:188} INFO - [2026-05-24T13:39:04.995+0000] {dagbag.py:545} INFO - Filling up the DagBag from /home/varn1t/ml-pipeline/venv/lib/python3.11/site-packages/airflow/example_dags/tutorial_dag.py
[2026-05-24T13:39:04.999+0000] {processor.py:840} INFO - DAG(s) 'tutorial_dag' retrieved from /home/varn1t/ml-pipeline/venv/lib/python3.11/site-packages/airflow/example_dags/tutorial_dag.py
[2026-05-24T13:39:05.012+0000] {logging_mixin.py:188} INFO - [2026-05-24T13:39:05.012+0000] {dag.py:3096} INFO - Sync 1 DAGs
[2026-05-24T13:39:05.019+0000] {logging_mixin.py:188} INFO - [2026-05-24T13:39:05.019+0000] {dag.py:3954} INFO - Setting next_dagrun for tutorial_dag to None, run_after=None
[2026-05-24T13:39:05.035+0000] {processor.py:183} INFO - Processing /home/varn1t/ml-pipeline/venv/lib/python3.11/site-packages/airflow/example_dags/tutorial_dag.py took 0.045 seconds
[2026-05-24T13:39:46.070+0000] {processor.py:161} INFO - Started process (PID=7795) to work on /home/varn1t/ml-pipeline/venv/lib/python3.11/site-packages/airflow/example_dags/tutorial_dag.py
[2026-05-24T13:39:46.071+0000] {processor.py:830} INFO - Processing file /home/varn1t/ml-pipeline/venv/lib/python3.11/site-packages/airflow/example_dags/tutorial_dag.py for tasks to queue
[2026-05-24T13:39:46.071+0000] {logging_mixin.py:188} INFO - [2026-05-24T13:39:46.071+0000] {dagbag.py:545} INFO - Filling up the DagBag from /home/varn1t/ml-pipeline/venv/lib/python3.11/site-packages/airflow/example_dags/tutorial_dag.py
[2026-05-24T13:39:46.075+0000] {processor.py:840} INFO - DAG(s) 'tutorial_dag' retrieved from /home/varn1t/ml-pipeline/venv/lib/python3.11/site-packages/airflow/example_dags/tutorial_dag.py
[2026-05-24T13:39:46.088+0000] {logging_mixin.py:188} INFO - [2026-05-24T13:39:46.088+0000] {dag.py:3096} INFO - Sync 1 DAGs
[2026-05-24T13:39:46.095+0000] {logging_mixin.py:188} INFO - [2026-05-24T13:39:46.095+0000] {dag.py:3954} INFO - Setting next_dagrun for tutorial_dag to None, run_after=None
[2026-05-24T13:39:46.110+0000] {processor.py:183} INFO - Processing /home/varn1t/ml-pipeline/venv/lib/python3.11/site-packages/airflow/example_dags/tutorial_dag.py took 0.044 seconds
[2026-05-24T13:40:26.028+0000] {processor.py:161} INFO - Started process (PID=7969) to work on /home/varn1t/ml-pipeline/venv/lib/python3.11/site-packages/airflow/example_dags/tutorial_dag.py
[2026-05-24T13:40:26.028+0000] {processor.py:830} INFO - Processing file /home/varn1t/ml-pipeline/venv/lib/python3.11/site-packages/airflow/example_dags/tutorial_dag.py for tasks to queue
[2026-05-24T13:40:26.029+0000] {logging_mixin.py:188} INFO - [2026-05-24T13:40:26.029+0000] {dagbag.py:545} INFO - Filling up the DagBag from /home/varn1t/ml-pipeline/venv/lib/python3.11/site-packages/airflow/example_dags/tutorial_dag.py
[2026-05-24T13:40:26.033+0000] {processor.py:840} INFO - DAG(s) 'tutorial_dag' retrieved from /home/varn1t/ml-pipeline/venv/lib/python3.11/site-packages/airflow/example_dags/tutorial_dag.py
[2026-05-24T13:40:26.044+0000] {logging_mixin.py:188} INFO - [2026-05-24T13:40:26.044+0000] {dag.py:3096} INFO - Sync 1 DAGs
[2026-05-24T13:40:26.051+0000] {logging_mixin.py:188} INFO - [2026-05-24T13:40:26.051+0000] {dag.py:3954} INFO - Setting next_dagrun for tutorial_dag to None, run_after=None
[2026-05-24T13:40:26.067+0000] {processor.py:183} INFO - Processing /home/varn1t/ml-pipeline/venv/lib/python3.11/site-packages/airflow/example_dags/tutorial_dag.py took 0.044 seconds
[2026-05-24T13:41:03.704+0000] {processor.py:161} INFO - Started process (PID=8132) to work on /home/varn1t/ml-pipeline/venv/lib/python3.11/site-packages/airflow/example_dags/tutorial_dag.py
[2026-05-24T13:41:03.705+0000] {processor.py:830} INFO - Processing file /home/varn1t/ml-pipeline/venv/lib/python3.11/site-packages/airflow/example_dags/tutorial_dag.py for tasks to queue
[2026-05-24T13:41:03.706+0000] {logging_mixin.py:188} INFO - [2026-05-24T13:41:03.706+0000] {dagbag.py:545} INFO - Filling up the DagBag from /home/varn1t/ml-pipeline/venv/lib/python3.11/site-packages/airflow/example_dags/tutorial_dag.py
[2026-05-24T13:41:03.711+0000] {processor.py:840} INFO - DAG(s) 'tutorial_dag' retrieved from /home/varn1t/ml-pipeline/venv/lib/python3.11/site-packages/airflow/example_dags/tutorial_dag.py
[2026-05-24T13:41:03.724+0000] {logging_mixin.py:188} INFO - [2026-05-24T13:41:03.724+0000] {dag.py:3096} INFO - Sync 1 DAGs
[2026-05-24T13:41:03.732+0000] {logging_mixin.py:188} INFO - [2026-05-24T13:41:03.732+0000] {dag.py:3954} INFO - Setting next_dagrun for tutorial_dag to None, run_after=None
[2026-05-24T13:41:03.749+0000] {processor.py:183} INFO - Processing /home/varn1t/ml-pipeline/venv/lib/python3.11/site-packages/airflow/example_dags/tutorial_dag.py took 0.050 seconds
[2026-05-24T13:41:44.355+0000] {processor.py:161} INFO - Started process (PID=8314) to work on /home/varn1t/ml-pipeline/venv/lib/python3.11/site-packages/airflow/example_dags/tutorial_dag.py
[2026-05-24T13:41:44.356+0000] {processor.py:830} INFO - Processing file /home/varn1t/ml-pipeline/venv/lib/python3.11/site-packages/airflow/example_dags/tutorial_dag.py for tasks to queue
[2026-05-24T13:41:44.356+0000] {logging_mixin.py:188} INFO - [2026-05-24T13:41:44.356+0000] {dagbag.py:545} INFO - Filling up the DagBag from /home/varn1t/ml-pipeline/venv/lib/python3.11/site-packages/airflow/example_dags/tutorial_dag.py
[2026-05-24T13:41:44.360+0000] {processor.py:840} INFO - DAG(s) 'tutorial_dag' retrieved from /home/varn1t/ml-pipeline/venv/lib/python3.11/site-packages/airflow/example_dags/tutorial_dag.py
[2026-05-24T13:41:44.371+0000] {logging_mixin.py:188} INFO - [2026-05-24T13:41:44.371+0000] {dag.py:3096} INFO - Sync 1 DAGs
[2026-05-24T13:41:44.378+0000] {logging_mixin.py:188} INFO - [2026-05-24T13:41:44.378+0000] {dag.py:3954} INFO - Setting next_dagrun for tutorial_dag to None, run_after=None
[2026-05-24T13:41:44.395+0000] {processor.py:183} INFO - Processing /home/varn1t/ml-pipeline/venv/lib/python3.11/site-packages/airflow/example_dags/tutorial_dag.py took 0.044 seconds
[2026-05-24T13:42:24.502+0000] {processor.py:161} INFO - Started process (PID=8492) to work on /home/varn1t/ml-pipeline/venv/lib/python3.11/site-packages/airflow/example_dags/tutorial_dag.py
[2026-05-24T13:42:24.503+0000] {processor.py:830} INFO - Processing file /home/varn1t/ml-pipeline/venv/lib/python3.11/site-packages/airflow/example_dags/tutorial_dag.py for tasks to queue
[2026-05-24T13:42:24.504+0000] {logging_mixin.py:188} INFO - [2026-05-24T13:42:24.503+0000] {dagbag.py:545} INFO - Filling up the DagBag from /home/varn1t/ml-pipeline/venv/lib/python3.11/site-packages/airflow/example_dags/tutorial_dag.py
[2026-05-24T13:42:24.509+0000] {processor.py:840} INFO - DAG(s) 'tutorial_dag' retrieved from /home/varn1t/ml-pipeline/venv/lib/python3.11/site-packages/airflow/example_dags/tutorial_dag.py
[2026-05-24T13:42:24.521+0000] {logging_mixin.py:188} INFO - [2026-05-24T13:42:24.521+0000] {dag.py:3096} INFO - Sync 1 DAGs
[2026-05-24T13:42:24.529+0000] {logging_mixin.py:188} INFO - [2026-05-24T13:42:24.528+0000] {dag.py:3954} INFO - Setting next_dagrun for tutorial_dag to None, run_after=None
[2026-05-24T13:42:24.545+0000] {processor.py:183} INFO - Processing /home/varn1t/ml-pipeline/venv/lib/python3.11/site-packages/airflow/example_dags/tutorial_dag.py took 0.047 seconds
[2026-05-24T13:43:06.786+0000] {processor.py:161} INFO - Started process (PID=8672) to work on /home/varn1t/ml-pipeline/venv/lib/python3.11/site-packages/airflow/example_dags/tutorial_dag.py
[2026-05-24T13:43:06.787+0000] {processor.py:830} INFO - Processing file /home/varn1t/ml-pipeline/venv/lib/python3.11/site-packages/airflow/example_dags/tutorial_dag.py for tasks to queue
[2026-05-24T13:43:06.788+0000] {logging_mixin.py:188} INFO - [2026-05-24T13:43:06.787+0000] {dagbag.py:545} INFO - Filling up the DagBag from /home/varn1t/ml-pipeline/venv/lib/python3.11/site-packages/airflow/example_dags/tutorial_dag.py
[2026-05-24T13:43:06.792+0000] {processor.py:840} INFO - DAG(s) 'tutorial_dag' retrieved from /home/varn1t/ml-pipeline/venv/lib/python3.11/site-packages/airflow/example_dags/tutorial_dag.py
[2026-05-24T13:43:06.803+0000] {logging_mixin.py:188} INFO - [2026-05-24T13:43:06.803+0000] {dag.py:3096} INFO - Sync 1 DAGs
[2026-05-24T13:43:06.810+0000] {logging_mixin.py:188} INFO - [2026-05-24T13:43:06.810+0000] {dag.py:3954} INFO - Setting next_dagrun for tutorial_dag to None, run_after=None
[2026-05-24T13:43:06.827+0000] {processor.py:183} INFO - Processing /home/varn1t/ml-pipeline/venv/lib/python3.11/site-packages/airflow/example_dags/tutorial_dag.py took 0.046 seconds
[2026-05-24T13:43:49.037+0000] {processor.py:161} INFO - Started process (PID=8884) to work on /home/varn1t/ml-pipeline/venv/lib/python3.11/site-packages/airflow/example_dags/tutorial_dag.py
[2026-05-24T13:43:49.038+0000] {processor.py:830} INFO - Processing file /home/varn1t/ml-pipeline/venv/lib/python3.11/site-packages/airflow/example_dags/tutorial_dag.py for tasks to queue
[2026-05-24T13:43:49.038+0000] {logging_mixin.py:188} INFO - [2026-05-24T13:43:49.038+0000] {dagbag.py:545} INFO - Filling up the DagBag from /home/varn1t/ml-pipeline/venv/lib/python3.11/site-packages/airflow/example_dags/tutorial_dag.py
[2026-05-24T13:43:49.042+0000] {processor.py:840} INFO - DAG(s) 'tutorial_dag' retrieved from /home/varn1t/ml-pipeline/venv/lib/python3.11/site-packages/airflow/example_dags/tutorial_dag.py
[2026-05-24T13:43:49.057+0000] {logging_mixin.py:188} INFO - [2026-05-24T13:43:49.057+0000] {dag.py:3096} INFO - Sync 1 DAGs
[2026-05-24T13:43:49.067+0000] {logging_mixin.py:188} INFO - [2026-05-24T13:43:49.067+0000] {dag.py:3954} INFO - Setting next_dagrun for tutorial_dag to None, run_after=None
[2026-05-24T13:43:49.081+0000] {processor.py:183} INFO - Processing /home/varn1t/ml-pipeline/venv/lib/python3.11/site-packages/airflow/example_dags/tutorial_dag.py took 0.049 seconds
[2026-05-24T13:44:32.752+0000] {processor.py:161} INFO - Started process (PID=9069) to work on /home/varn1t/ml-pipeline/venv/lib/python3.11/site-packages/airflow/example_dags/tutorial_dag.py
[2026-05-24T13:44:32.753+0000] {processor.py:830} INFO - Processing file /home/varn1t/ml-pipeline/venv/lib/python3.11/site-packages/airflow/example_dags/tutorial_dag.py for tasks to queue
[2026-05-24T13:44:32.754+0000] {logging_mixin.py:188} INFO - [2026-05-24T13:44:32.753+0000] {dagbag.py:545} INFO - Filling up the DagBag from /home/varn1t/ml-pipeline/venv/lib/python3.11/site-packages/airflow/example_dags/tutorial_dag.py
[2026-05-24T13:44:32.757+0000] {processor.py:840} INFO - DAG(s) 'tutorial_dag' retrieved from /home/varn1t/ml-pipeline/venv/lib/python3.11/site-packages/airflow/example_dags/tutorial_dag.py
[2026-05-24T13:44:32.771+0000] {logging_mixin.py:188} INFO - [2026-05-24T13:44:32.770+0000] {dag.py:3096} INFO - Sync 1 DAGs
[2026-05-24T13:44:32.779+0000] {logging_mixin.py:188} INFO - [2026-05-24T13:44:32.778+0000] {dag.py:3954} INFO - Setting next_dagrun for tutorial_dag to None, run_after=None
[2026-05-24T13:44:32.795+0000] {processor.py:183} INFO - Processing /home/varn1t/ml-pipeline/venv/lib/python3.11/site-packages/airflow/example_dags/tutorial_dag.py took 0.047 seconds
[2026-05-24T13:45:15.097+0000] {processor.py:161} INFO - Started process (PID=9250) to work on /home/varn1t/ml-pipeline/venv/lib/python3.11/site-packages/airflow/example_dags/tutorial_dag.py
[2026-05-24T13:45:15.098+0000] {processor.py:830} INFO - Processing file /home/varn1t/ml-pipeline/venv/lib/python3.11/site-packages/airflow/example_dags/tutorial_dag.py for tasks to queue
[2026-05-24T13:45:15.098+0000] {logging_mixin.py:188} INFO - [2026-05-24T13:45:15.098+0000] {dagbag.py:545} INFO - Filling up the DagBag from /home/varn1t/ml-pipeline/venv/lib/python3.11/site-packages/airflow/example_dags/tutorial_dag.py
[2026-05-24T13:45:15.102+0000] {processor.py:840} INFO - DAG(s) 'tutorial_dag' retrieved from /home/varn1t/ml-pipeline/venv/lib/python3.11/site-packages/airflow/example_dags/tutorial_dag.py
[2026-05-24T13:45:15.114+0000] {logging_mixin.py:188} INFO - [2026-05-24T13:45:15.114+0000] {dag.py:3096} INFO - Sync 1 DAGs
[2026-05-24T13:45:15.122+0000] {logging_mixin.py:188} INFO - [2026-05-24T13:45:15.122+0000] {dag.py:3954} INFO - Setting next_dagrun for tutorial_dag to None, run_after=None
[2026-05-24T13:45:15.136+0000] {processor.py:183} INFO - Processing /home/varn1t/ml-pipeline/venv/lib/python3.11/site-packages/airflow/example_dags/tutorial_dag.py took 0.043 seconds
[2026-05-24T13:45:56.174+0000] {processor.py:161} INFO - Started process (PID=9429) to work on /home/varn1t/ml-pipeline/venv/lib/python3.11/site-packages/airflow/example_dags/tutorial_dag.py
[2026-05-24T13:45:56.175+0000] {processor.py:830} INFO - Processing file /home/varn1t/ml-pipeline/venv/lib/python3.11/site-packages/airflow/example_dags/tutorial_dag.py for tasks to queue
[2026-05-24T13:45:56.176+0000] {logging_mixin.py:188} INFO - [2026-05-24T13:45:56.175+0000] {dagbag.py:545} INFO - Filling up the DagBag from /home/varn1t/ml-pipeline/venv/lib/python3.11/site-packages/airflow/example_dags/tutorial_dag.py
[2026-05-24T13:45:56.182+0000] {processor.py:840} INFO - DAG(s) 'tutorial_dag' retrieved from /home/varn1t/ml-pipeline/venv/lib/python3.11/site-packages/airflow/example_dags/tutorial_dag.py
[2026-05-24T13:45:56.198+0000] {logging_mixin.py:188} INFO - [2026-05-24T13:45:56.198+0000] {dag.py:3096} INFO - Sync 1 DAGs
[2026-05-24T13:45:56.209+0000] {logging_mixin.py:188} INFO - [2026-05-24T13:45:56.208+0000] {dag.py:3954} INFO - Setting next_dagrun for tutorial_dag to None, run_after=None
[2026-05-24T13:45:56.227+0000] {processor.py:183} INFO - Processing /home/varn1t/ml-pipeline/venv/lib/python3.11/site-packages/airflow/example_dags/tutorial_dag.py took 0.059 seconds
[2026-05-24T13:46:38.995+0000] {processor.py:161} INFO - Started process (PID=9622) to work on /home/varn1t/ml-pipeline/venv/lib/python3.11/site-packages/airflow/example_dags/tutorial_dag.py
[2026-05-24T13:46:38.996+0000] {processor.py:830} INFO - Processing file /home/varn1t/ml-pipeline/venv/lib/python3.11/site-packages/airflow/example_dags/tutorial_dag.py for tasks to queue
[2026-05-24T13:46:38.997+0000] {logging_mixin.py:188} INFO - [2026-05-24T13:46:38.997+0000] {dagbag.py:545} INFO - Filling up the DagBag from /home/varn1t/ml-pipeline/venv/lib/python3.11/site-packages/airflow/example_dags/tutorial_dag.py
[2026-05-24T13:46:39.001+0000] {processor.py:840} INFO - DAG(s) 'tutorial_dag' retrieved from /home/varn1t/ml-pipeline/venv/lib/python3.11/site-packages/airflow/example_dags/tutorial_dag.py
[2026-05-24T13:46:39.011+0000] {logging_mixin.py:188} INFO - [2026-05-24T13:46:39.010+0000] {dag.py:3096} INFO - Sync 1 DAGs
[2026-05-24T13:46:39.017+0000] {logging_mixin.py:188} INFO - [2026-05-24T13:46:39.017+0000] {dag.py:3954} INFO - Setting next_dagrun for tutorial_dag to None, run_after=None
[2026-05-24T13:46:39.033+0000] {processor.py:183} INFO - Processing /home/varn1t/ml-pipeline/venv/lib/python3.11/site-packages/airflow/example_dags/tutorial_dag.py took 0.042 seconds
[2026-05-24T13:47:24.949+0000] {processor.py:161} INFO - Started process (PID=9815) to work on /home/varn1t/ml-pipeline/venv/lib/python3.11/site-packages/airflow/example_dags/tutorial_dag.py
[2026-05-24T13:47:24.950+0000] {processor.py:830} INFO - Processing file /home/varn1t/ml-pipeline/venv/lib/python3.11/site-packages/airflow/example_dags/tutorial_dag.py for tasks to queue
[2026-05-24T13:47:24.951+0000] {logging_mixin.py:188} INFO - [2026-05-24T13:47:24.951+0000] {dagbag.py:545} INFO - Filling up the DagBag from /home/varn1t/ml-pipeline/venv/lib/python3.11/site-packages/airflow/example_dags/tutorial_dag.py
[2026-05-24T13:47:24.955+0000] {processor.py:840} INFO - DAG(s) 'tutorial_dag' retrieved from /home/varn1t/ml-pipeline/venv/lib/python3.11/site-packages/airflow/example_dags/tutorial_dag.py
[2026-05-24T13:47:24.970+0000] {logging_mixin.py:188} INFO - [2026-05-24T13:47:24.970+0000] {dag.py:3096} INFO - Sync 1 DAGs
[2026-05-24T13:47:24.980+0000] {logging_mixin.py:188} INFO - [2026-05-24T13:47:24.980+0000] {dag.py:3954} INFO - Setting next_dagrun for tutorial_dag to None, run_after=None
[2026-05-24T13:47:25.002+0000] {processor.py:183} INFO - Processing /home/varn1t/ml-pipeline/venv/lib/python3.11/site-packages/airflow/example_dags/tutorial_dag.py took 0.056 seconds
[2026-05-24T13:48:07.801+0000] {processor.py:161} INFO - Started process (PID=10068) to work on /home/varn1t/ml-pipeline/venv/lib/python3.11/site-packages/airflow/example_dags/tutorial_dag.py
[2026-05-24T13:48:07.802+0000] {processor.py:830} INFO - Processing file /home/varn1t/ml-pipeline/venv/lib/python3.11/site-packages/airflow/example_dags/tutorial_dag.py for tasks to queue
[2026-05-24T13:48:07.802+0000] {logging_mixin.py:188} INFO - [2026-05-24T13:48:07.802+0000] {dagbag.py:545} INFO - Filling up the DagBag from /home/varn1t/ml-pipeline/venv/lib/python3.11/site-packages/airflow/example_dags/tutorial_dag.py
[2026-05-24T13:48:07.807+0000] {processor.py:840} INFO - DAG(s) 'tutorial_dag' retrieved from /home/varn1t/ml-pipeline/venv/lib/python3.11/site-packages/airflow/example_dags/tutorial_dag.py
[2026-05-24T13:48:07.819+0000] {logging_mixin.py:188} INFO - [2026-05-24T13:48:07.819+0000] {dag.py:3096} INFO - Sync 1 DAGs
[2026-05-24T13:48:07.826+0000] {logging_mixin.py:188} INFO - [2026-05-24T13:48:07.826+0000] {dag.py:3954} INFO - Setting next_dagrun for tutorial_dag to None, run_after=None
[2026-05-24T13:48:07.842+0000] {processor.py:183} INFO - Processing /home/varn1t/ml-pipeline/venv/lib/python3.11/site-packages/airflow/example_dags/tutorial_dag.py took 0.045 seconds
[2026-05-24T13:48:48.173+0000] {processor.py:161} INFO - Started process (PID=10523) to work on /home/varn1t/ml-pipeline/venv/lib/python3.11/site-packages/airflow/example_dags/tutorial_dag.py
[2026-05-24T13:48:48.174+0000] {processor.py:830} INFO - Processing file /home/varn1t/ml-pipeline/venv/lib/python3.11/site-packages/airflow/example_dags/tutorial_dag.py for tasks to queue
[2026-05-24T13:48:48.175+0000] {logging_mixin.py:188} INFO - [2026-05-24T13:48:48.175+0000] {dagbag.py:545} INFO - Filling up the DagBag from /home/varn1t/ml-pipeline/venv/lib/python3.11/site-packages/airflow/example_dags/tutorial_dag.py
[2026-05-24T13:48:48.179+0000] {processor.py:840} INFO - DAG(s) 'tutorial_dag' retrieved from /home/varn1t/ml-pipeline/venv/lib/python3.11/site-packages/airflow/example_dags/tutorial_dag.py
[2026-05-24T13:48:48.191+0000] {logging_mixin.py:188} INFO - [2026-05-24T13:48:48.191+0000] {dag.py:3096} INFO - Sync 1 DAGs
[2026-05-24T13:48:48.198+0000] {logging_mixin.py:188} INFO - [2026-05-24T13:48:48.198+0000] {dag.py:3954} INFO - Setting next_dagrun for tutorial_dag to None, run_after=None
[2026-05-24T13:48:48.214+0000] {processor.py:183} INFO - Processing /home/varn1t/ml-pipeline/venv/lib/python3.11/site-packages/airflow/example_dags/tutorial_dag.py took 0.044 seconds
[2026-05-24T13:49:28.560+0000] {processor.py:161} INFO - Started process (PID=10954) to work on /home/varn1t/ml-pipeline/venv/lib/python3.11/site-packages/airflow/example_dags/tutorial_dag.py
[2026-05-24T13:49:28.561+0000] {processor.py:830} INFO - Processing file /home/varn1t/ml-pipeline/venv/lib/python3.11/site-packages/airflow/example_dags/tutorial_dag.py for tasks to queue
[2026-05-24T13:49:28.561+0000] {logging_mixin.py:188} INFO - [2026-05-24T13:49:28.561+0000] {dagbag.py:545} INFO - Filling up the DagBag from /home/varn1t/ml-pipeline/venv/lib/python3.11/site-packages/airflow/example_dags/tutorial_dag.py
[2026-05-24T13:49:28.565+0000] {processor.py:840} INFO - DAG(s) 'tutorial_dag' retrieved from /home/varn1t/ml-pipeline/venv/lib/python3.11/site-packages/airflow/example_dags/tutorial_dag.py
[2026-05-24T13:49:28.579+0000] {logging_mixin.py:188} INFO - [2026-05-24T13:49:28.579+0000] {dag.py:3096} INFO - Sync 1 DAGs
[2026-05-24T13:49:28.585+0000] {logging_mixin.py:188} INFO - [2026-05-24T13:49:28.585+0000] {dag.py:3954} INFO - Setting next_dagrun for tutorial_dag to None, run_after=None
[2026-05-24T13:49:28.599+0000] {processor.py:183} INFO - Processing /home/varn1t/ml-pipeline/venv/lib/python3.11/site-packages/airflow/example_dags/tutorial_dag.py took 0.043 seconds
[2026-05-24T13:50:09.807+0000] {processor.py:161} INFO - Started process (PID=11347) to work on /home/varn1t/ml-pipeline/venv/lib/python3.11/site-packages/airflow/example_dags/tutorial_dag.py
[2026-05-24T13:50:09.808+0000] {processor.py:830} INFO - Processing file /home/varn1t/ml-pipeline/venv/lib/python3.11/site-packages/airflow/example_dags/tutorial_dag.py for tasks to queue
[2026-05-24T13:50:09.809+0000] {logging_mixin.py:188} INFO - [2026-05-24T13:50:09.809+0000] {dagbag.py:545} INFO - Filling up the DagBag from /home/varn1t/ml-pipeline/venv/lib/python3.11/site-packages/airflow/example_dags/tutorial_dag.py
[2026-05-24T13:50:09.812+0000] {processor.py:840} INFO - DAG(s) 'tutorial_dag' retrieved from /home/varn1t/ml-pipeline/venv/lib/python3.11/site-packages/airflow/example_dags/tutorial_dag.py
[2026-05-24T13:50:09.824+0000] {logging_mixin.py:188} INFO - [2026-05-24T13:50:09.824+0000] {dag.py:3096} INFO - Sync 1 DAGs
[2026-05-24T13:50:09.831+0000] {logging_mixin.py:188} INFO - [2026-05-24T13:50:09.831+0000] {dag.py:3954} INFO - Setting next_dagrun for tutorial_dag to None, run_after=None
[2026-05-24T13:50:09.845+0000] {processor.py:183} INFO - Processing /home/varn1t/ml-pipeline/venv/lib/python3.11/site-packages/airflow/example_dags/tutorial_dag.py took 0.041 seconds
[2026-05-24T13:50:48.361+0000] {processor.py:161} INFO - Started process (PID=11645) to work on /home/varn1t/ml-pipeline/venv/lib/python3.11/site-packages/airflow/example_dags/tutorial_dag.py
[2026-05-24T13:50:48.362+0000] {processor.py:830} INFO - Processing file /home/varn1t/ml-pipeline/venv/lib/python3.11/site-packages/airflow/example_dags/tutorial_dag.py for tasks to queue
[2026-05-24T13:50:48.362+0000] {logging_mixin.py:188} INFO - [2026-05-24T13:50:48.362+0000] {dagbag.py:545} INFO - Filling up the DagBag from /home/varn1t/ml-pipeline/venv/lib/python3.11/site-packages/airflow/example_dags/tutorial_dag.py
[2026-05-24T13:50:48.366+0000] {processor.py:840} INFO - DAG(s) 'tutorial_dag' retrieved from /home/varn1t/ml-pipeline/venv/lib/python3.11/site-packages/airflow/example_dags/tutorial_dag.py
[2026-05-24T13:50:48.378+0000] {logging_mixin.py:188} INFO - [2026-05-24T13:50:48.378+0000] {dag.py:3096} INFO - Sync 1 DAGs
[2026-05-24T13:50:48.386+0000] {logging_mixin.py:188} INFO - [2026-05-24T13:50:48.385+0000] {dag.py:3954} INFO - Setting next_dagrun for tutorial_dag to None, run_after=None
[2026-05-24T13:50:48.408+0000] {processor.py:183} INFO - Processing /home/varn1t/ml-pipeline/venv/lib/python3.11/site-packages/airflow/example_dags/tutorial_dag.py took 0.051 seconds
[2026-05-24T13:51:29.325+0000] {processor.py:161} INFO - Started process (PID=11949) to work on /home/varn1t/ml-pipeline/venv/lib/python3.11/site-packages/airflow/example_dags/tutorial_dag.py
[2026-05-24T13:51:29.326+0000] {processor.py:830} INFO - Processing file /home/varn1t/ml-pipeline/venv/lib/python3.11/site-packages/airflow/example_dags/tutorial_dag.py for tasks to queue
[2026-05-24T13:51:29.327+0000] {logging_mixin.py:188} INFO - [2026-05-24T13:51:29.326+0000] {dagbag.py:545} INFO - Filling up the DagBag from /home/varn1t/ml-pipeline/venv/lib/python3.11/site-packages/airflow/example_dags/tutorial_dag.py
[2026-05-24T13:51:29.333+0000] {processor.py:840} INFO - DAG(s) 'tutorial_dag' retrieved from /home/varn1t/ml-pipeline/venv/lib/python3.11/site-packages/airflow/example_dags/tutorial_dag.py
[2026-05-24T13:51:29.347+0000] {logging_mixin.py:188} INFO - [2026-05-24T13:51:29.347+0000] {dag.py:3096} INFO - Sync 1 DAGs
[2026-05-24T13:51:29.356+0000] {logging_mixin.py:188} INFO - [2026-05-24T13:51:29.356+0000] {dag.py:3954} INFO - Setting next_dagrun for tutorial_dag to None, run_after=None
[2026-05-24T13:51:29.373+0000] {processor.py:183} INFO - Processing /home/varn1t/ml-pipeline/venv/lib/python3.11/site-packages/airflow/example_dags/tutorial_dag.py took 0.055 seconds
[2026-05-24T13:52:09.661+0000] {processor.py:161} INFO - Started process (PID=12239) to work on /home/varn1t/ml-pipeline/venv/lib/python3.11/site-packages/airflow/example_dags/tutorial_dag.py
[2026-05-24T13:52:09.662+0000] {processor.py:830} INFO - Processing file /home/varn1t/ml-pipeline/venv/lib/python3.11/site-packages/airflow/example_dags/tutorial_dag.py for tasks to queue
[2026-05-24T13:52:09.663+0000] {logging_mixin.py:188} INFO - [2026-05-24T13:52:09.663+0000] {dagbag.py:545} INFO - Filling up the DagBag from /home/varn1t/ml-pipeline/venv/lib/python3.11/site-packages/airflow/example_dags/tutorial_dag.py
[2026-05-24T13:52:09.667+0000] {processor.py:840} INFO - DAG(s) 'tutorial_dag' retrieved from /home/varn1t/ml-pipeline/venv/lib/python3.11/site-packages/airflow/example_dags/tutorial_dag.py
[2026-05-24T13:52:09.677+0000] {logging_mixin.py:188} INFO - [2026-05-24T13:52:09.677+0000] {dag.py:3096} INFO - Sync 1 DAGs
[2026-05-24T13:52:09.683+0000] {logging_mixin.py:188} INFO - [2026-05-24T13:52:09.682+0000] {dag.py:3954} INFO - Setting next_dagrun for tutorial_dag to None, run_after=None
[2026-05-24T13:52:09.698+0000] {processor.py:183} INFO - Processing /home/varn1t/ml-pipeline/venv/lib/python3.11/site-packages/airflow/example_dags/tutorial_dag.py took 0.040 seconds
[2026-05-24T13:52:52.430+0000] {processor.py:161} INFO - Started process (PID=12424) to work on /home/varn1t/ml-pipeline/venv/lib/python3.11/site-packages/airflow/example_dags/tutorial_dag.py
[2026-05-24T13:52:52.431+0000] {processor.py:830} INFO - Processing file /home/varn1t/ml-pipeline/venv/lib/python3.11/site-packages/airflow/example_dags/tutorial_dag.py for tasks to queue
[2026-05-24T13:52:52.432+0000] {logging_mixin.py:188} INFO - [2026-05-24T13:52:52.431+0000] {dagbag.py:545} INFO - Filling up the DagBag from /home/varn1t/ml-pipeline/venv/lib/python3.11/site-packages/airflow/example_dags/tutorial_dag.py
[2026-05-24T13:52:52.436+0000] {processor.py:840} INFO - DAG(s) 'tutorial_dag' retrieved from /home/varn1t/ml-pipeline/venv/lib/python3.11/site-packages/airflow/example_dags/tutorial_dag.py
[2026-05-24T13:52:52.447+0000] {logging_mixin.py:188} INFO - [2026-05-24T13:52:52.447+0000] {dag.py:3096} INFO - Sync 1 DAGs
[2026-05-24T13:52:52.455+0000] {logging_mixin.py:188} INFO - [2026-05-24T13:52:52.455+0000] {dag.py:3954} INFO - Setting next_dagrun for tutorial_dag to None, run_after=None
[2026-05-24T13:52:52.475+0000] {processor.py:183} INFO - Processing /home/varn1t/ml-pipeline/venv/lib/python3.11/site-packages/airflow/example_dags/tutorial_dag.py took 0.049 seconds
[2026-05-24T13:53:35.970+0000] {processor.py:161} INFO - Started process (PID=12639) to work on /home/varn1t/ml-pipeline/venv/lib/python3.11/site-packages/airflow/example_dags/tutorial_dag.py
[2026-05-24T13:53:35.970+0000] {processor.py:830} INFO - Processing file /home/varn1t/ml-pipeline/venv/lib/python3.11/site-packages/airflow/example_dags/tutorial_dag.py for tasks to queue
[2026-05-24T13:53:35.971+0000] {logging_mixin.py:188} INFO - [2026-05-24T13:53:35.971+0000] {dagbag.py:545} INFO - Filling up the DagBag from /home/varn1t/ml-pipeline/venv/lib/python3.11/site-packages/airflow/example_dags/tutorial_dag.py
[2026-05-24T13:53:35.975+0000] {processor.py:840} INFO - DAG(s) 'tutorial_dag' retrieved from /home/varn1t/ml-pipeline/venv/lib/python3.11/site-packages/airflow/example_dags/tutorial_dag.py
[2026-05-24T13:53:35.985+0000] {logging_mixin.py:188} INFO - [2026-05-24T13:53:35.985+0000] {dag.py:3096} INFO - Sync 1 DAGs
[2026-05-24T13:53:35.991+0000] {logging_mixin.py:188} INFO - [2026-05-24T13:53:35.991+0000] {dag.py:3954} INFO - Setting next_dagrun for tutorial_dag to None, run_after=None
[2026-05-24T13:53:36.004+0000] {processor.py:183} INFO - Processing /home/varn1t/ml-pipeline/venv/lib/python3.11/site-packages/airflow/example_dags/tutorial_dag.py took 0.038 seconds
[2026-05-24T13:54:16.481+0000] {processor.py:161} INFO - Started process (PID=12817) to work on /home/varn1t/ml-pipeline/venv/lib/python3.11/site-packages/airflow/example_dags/tutorial_dag.py
[2026-05-24T13:54:16.482+0000] {processor.py:830} INFO - Processing file /home/varn1t/ml-pipeline/venv/lib/python3.11/site-packages/airflow/example_dags/tutorial_dag.py for tasks to queue
[2026-05-24T13:54:16.482+0000] {logging_mixin.py:188} INFO - [2026-05-24T13:54:16.482+0000] {dagbag.py:545} INFO - Filling up the DagBag from /home/varn1t/ml-pipeline/venv/lib/python3.11/site-packages/airflow/example_dags/tutorial_dag.py
[2026-05-24T13:54:16.486+0000] {processor.py:840} INFO - DAG(s) 'tutorial_dag' retrieved from /home/varn1t/ml-pipeline/venv/lib/python3.11/site-packages/airflow/example_dags/tutorial_dag.py
[2026-05-24T13:54:16.497+0000] {logging_mixin.py:188} INFO - [2026-05-24T13:54:16.497+0000] {dag.py:3096} INFO - Sync 1 DAGs
[2026-05-24T13:54:16.504+0000] {logging_mixin.py:188} INFO - [2026-05-24T13:54:16.504+0000] {dag.py:3954} INFO - Setting next_dagrun for tutorial_dag to None, run_after=None
[2026-05-24T13:54:16.518+0000] {processor.py:183} INFO - Processing /home/varn1t/ml-pipeline/venv/lib/python3.11/site-packages/airflow/example_dags/tutorial_dag.py took 0.041 seconds
[2026-05-24T13:54:55.875+0000] {processor.py:161} INFO - Started process (PID=12989) to work on /home/varn1t/ml-pipeline/venv/lib/python3.11/site-packages/airflow/example_dags/tutorial_dag.py
[2026-05-24T13:54:55.876+0000] {processor.py:830} INFO - Processing file /home/varn1t/ml-pipeline/venv/lib/python3.11/site-packages/airflow/example_dags/tutorial_dag.py for tasks to queue
[2026-05-24T13:54:55.876+0000] {logging_mixin.py:188} INFO - [2026-05-24T13:54:55.876+0000] {dagbag.py:545} INFO - Filling up the DagBag from /home/varn1t/ml-pipeline/venv/lib/python3.11/site-packages/airflow/example_dags/tutorial_dag.py
[2026-05-24T13:54:55.881+0000] {processor.py:840} INFO - DAG(s) 'tutorial_dag' retrieved from /home/varn1t/ml-pipeline/venv/lib/python3.11/site-packages/airflow/example_dags/tutorial_dag.py
[2026-05-24T13:54:55.893+0000] {logging_mixin.py:188} INFO - [2026-05-24T13:54:55.893+0000] {dag.py:3096} INFO - Sync 1 DAGs
[2026-05-24T13:54:55.900+0000] {logging_mixin.py:188} INFO - [2026-05-24T13:54:55.900+0000] {dag.py:3954} INFO - Setting next_dagrun for tutorial_dag to None, run_after=None
[2026-05-24T13:54:55.918+0000] {processor.py:183} INFO - Processing /home/varn1t/ml-pipeline/venv/lib/python3.11/site-packages/airflow/example_dags/tutorial_dag.py took 0.047 seconds
[2026-05-24T13:55:36.049+0000] {processor.py:161} INFO - Started process (PID=13162) to work on /home/varn1t/ml-pipeline/venv/lib/python3.11/site-packages/airflow/example_dags/tutorial_dag.py
[2026-05-24T13:55:36.050+0000] {processor.py:830} INFO - Processing file /home/varn1t/ml-pipeline/venv/lib/python3.11/site-packages/airflow/example_dags/tutorial_dag.py for tasks to queue
[2026-05-24T13:55:36.051+0000] {logging_mixin.py:188} INFO - [2026-05-24T13:55:36.051+0000] {dagbag.py:545} INFO - Filling up the DagBag from /home/varn1t/ml-pipeline/venv/lib/python3.11/site-packages/airflow/example_dags/tutorial_dag.py
[2026-05-24T13:55:36.055+0000] {processor.py:840} INFO - DAG(s) 'tutorial_dag' retrieved from /home/varn1t/ml-pipeline/venv/lib/python3.11/site-packages/airflow/example_dags/tutorial_dag.py
[2026-05-24T13:55:36.067+0000] {logging_mixin.py:188} INFO - [2026-05-24T13:55:36.067+0000] {dag.py:3096} INFO - Sync 1 DAGs
[2026-05-24T13:55:36.074+0000] {logging_mixin.py:188} INFO - [2026-05-24T13:55:36.074+0000] {dag.py:3954} INFO - Setting next_dagrun for tutorial_dag to None, run_after=None
[2026-05-24T13:55:36.088+0000] {processor.py:183} INFO - Processing /home/varn1t/ml-pipeline/venv/lib/python3.11/site-packages/airflow/example_dags/tutorial_dag.py took 0.043 seconds
[2026-05-24T13:56:11.982+0000] {processor.py:161} INFO - Started process (PID=13324) to work on /home/varn1t/ml-pipeline/venv/lib/python3.11/site-packages/airflow/example_dags/tutorial_dag.py
[2026-05-24T13:56:11.982+0000] {processor.py:830} INFO - Processing file /home/varn1t/ml-pipeline/venv/lib/python3.11/site-packages/airflow/example_dags/tutorial_dag.py for tasks to queue
[2026-05-24T13:56:11.983+0000] {logging_mixin.py:188} INFO - [2026-05-24T13:56:11.983+0000] {dagbag.py:545} INFO - Filling up the DagBag from /home/varn1t/ml-pipeline/venv/lib/python3.11/site-packages/airflow/example_dags/tutorial_dag.py
[2026-05-24T13:56:11.987+0000] {processor.py:840} INFO - DAG(s) 'tutorial_dag' retrieved from /home/varn1t/ml-pipeline/venv/lib/python3.11/site-packages/airflow/example_dags/tutorial_dag.py
[2026-05-24T13:56:11.998+0000] {logging_mixin.py:188} INFO - [2026-05-24T13:56:11.998+0000] {dag.py:3096} INFO - Sync 1 DAGs
[2026-05-24T13:56:12.005+0000] {logging_mixin.py:188} INFO - [2026-05-24T13:56:12.005+0000] {dag.py:3954} INFO - Setting next_dagrun for tutorial_dag to None, run_after=None
[2026-05-24T13:56:12.024+0000] {processor.py:183} INFO - Processing /home/varn1t/ml-pipeline/venv/lib/python3.11/site-packages/airflow/example_dags/tutorial_dag.py took 0.046 seconds
[2026-05-24T13:56:55.330+0000] {processor.py:161} INFO - Started process (PID=13513) to work on /home/varn1t/ml-pipeline/venv/lib/python3.11/site-packages/airflow/example_dags/tutorial_dag.py
[2026-05-24T13:56:55.331+0000] {processor.py:830} INFO - Processing file /home/varn1t/ml-pipeline/venv/lib/python3.11/site-packages/airflow/example_dags/tutorial_dag.py for tasks to queue
[2026-05-24T13:56:55.332+0000] {logging_mixin.py:188} INFO - [2026-05-24T13:56:55.332+0000] {dagbag.py:545} INFO - Filling up the DagBag from /home/varn1t/ml-pipeline/venv/lib/python3.11/site-packages/airflow/example_dags/tutorial_dag.py
[2026-05-24T13:56:55.337+0000] {processor.py:840} INFO - DAG(s) 'tutorial_dag' retrieved from /home/varn1t/ml-pipeline/venv/lib/python3.11/site-packages/airflow/example_dags/tutorial_dag.py
[2026-05-24T13:56:55.349+0000] {logging_mixin.py:188} INFO - [2026-05-24T13:56:55.348+0000] {dag.py:3096} INFO - Sync 1 DAGs
[2026-05-24T13:56:55.357+0000] {logging_mixin.py:188} INFO - [2026-05-24T13:56:55.356+0000] {dag.py:3954} INFO - Setting next_dagrun for tutorial_dag to None, run_after=None
[2026-05-24T13:56:55.375+0000] {processor.py:183} INFO - Processing /home/varn1t/ml-pipeline/venv/lib/python3.11/site-packages/airflow/example_dags/tutorial_dag.py took 0.051 seconds
[2026-05-24T13:57:40.429+0000] {processor.py:161} INFO - Started process (PID=13700) to work on /home/varn1t/ml-pipeline/venv/lib/python3.11/site-packages/airflow/example_dags/tutorial_dag.py
[2026-05-24T13:57:40.430+0000] {processor.py:830} INFO - Processing file /home/varn1t/ml-pipeline/venv/lib/python3.11/site-packages/airflow/example_dags/tutorial_dag.py for tasks to queue
[2026-05-24T13:57:40.430+0000] {logging_mixin.py:188} INFO - [2026-05-24T13:57:40.430+0000] {dagbag.py:545} INFO - Filling up the DagBag from /home/varn1t/ml-pipeline/venv/lib/python3.11/site-packages/airflow/example_dags/tutorial_dag.py
[2026-05-24T13:57:40.435+0000] {processor.py:840} INFO - DAG(s) 'tutorial_dag' retrieved from /home/varn1t/ml-pipeline/venv/lib/python3.11/site-packages/airflow/example_dags/tutorial_dag.py
[2026-05-24T13:57:40.447+0000] {logging_mixin.py:188} INFO - [2026-05-24T13:57:40.447+0000] {dag.py:3096} INFO - Sync 1 DAGs
[2026-05-24T13:57:40.455+0000] {logging_mixin.py:188} INFO - [2026-05-24T13:57:40.455+0000] {dag.py:3954} INFO - Setting next_dagrun for tutorial_dag to None, run_after=None
[2026-05-24T13:57:40.471+0000] {processor.py:183} INFO - Processing /home/varn1t/ml-pipeline/venv/lib/python3.11/site-packages/airflow/example_dags/tutorial_dag.py took 0.046 seconds
[2026-05-24T13:58:22.540+0000] {processor.py:161} INFO - Started process (PID=13886) to work on /home/varn1t/ml-pipeline/venv/lib/python3.11/site-packages/airflow/example_dags/tutorial_dag.py
[2026-05-24T13:58:22.541+0000] {processor.py:830} INFO - Processing file /home/varn1t/ml-pipeline/venv/lib/python3.11/site-packages/airflow/example_dags/tutorial_dag.py for tasks to queue
[2026-05-24T13:58:22.541+0000] {logging_mixin.py:188} INFO - [2026-05-24T13:58:22.541+0000] {dagbag.py:545} INFO - Filling up the DagBag from /home/varn1t/ml-pipeline/venv/lib/python3.11/site-packages/airflow/example_dags/tutorial_dag.py
[2026-05-24T13:58:22.546+0000] {processor.py:840} INFO - DAG(s) 'tutorial_dag' retrieved from /home/varn1t/ml-pipeline/venv/lib/python3.11/site-packages/airflow/example_dags/tutorial_dag.py
[2026-05-24T13:58:22.563+0000] {logging_mixin.py:188} INFO - [2026-05-24T13:58:22.563+0000] {dag.py:3096} INFO - Sync 1 DAGs
[2026-05-24T13:58:22.571+0000] {logging_mixin.py:188} INFO - [2026-05-24T13:58:22.571+0000] {dag.py:3954} INFO - Setting next_dagrun for tutorial_dag to None, run_after=None
[2026-05-24T13:58:22.593+0000] {processor.py:183} INFO - Processing /home/varn1t/ml-pipeline/venv/lib/python3.11/site-packages/airflow/example_dags/tutorial_dag.py took 0.059 seconds
[2026-05-24T13:59:03.622+0000] {processor.py:161} INFO - Started process (PID=14090) to work on /home/varn1t/ml-pipeline/venv/lib/python3.11/site-packages/airflow/example_dags/tutorial_dag.py
[2026-05-24T13:59:03.623+0000] {processor.py:830} INFO - Processing file /home/varn1t/ml-pipeline/venv/lib/python3.11/site-packages/airflow/example_dags/tutorial_dag.py for tasks to queue
[2026-05-24T13:59:03.623+0000] {logging_mixin.py:188} INFO - [2026-05-24T13:59:03.623+0000] {dagbag.py:545} INFO - Filling up the DagBag from /home/varn1t/ml-pipeline/venv/lib/python3.11/site-packages/airflow/example_dags/tutorial_dag.py
[2026-05-24T13:59:03.627+0000] {processor.py:840} INFO - DAG(s) 'tutorial_dag' retrieved from /home/varn1t/ml-pipeline/venv/lib/python3.11/site-packages/airflow/example_dags/tutorial_dag.py
[2026-05-24T13:59:03.637+0000] {logging_mixin.py:188} INFO - [2026-05-24T13:59:03.637+0000] {dag.py:3096} INFO - Sync 1 DAGs
[2026-05-24T13:59:03.644+0000] {logging_mixin.py:188} INFO - [2026-05-24T13:59:03.644+0000] {dag.py:3954} INFO - Setting next_dagrun for tutorial_dag to None, run_after=None
[2026-05-24T13:59:03.661+0000] {processor.py:183} INFO - Processing /home/varn1t/ml-pipeline/venv/lib/python3.11/site-packages/airflow/example_dags/tutorial_dag.py took 0.043 seconds
[2026-05-24T13:59:46.980+0000] {processor.py:161} INFO - Started process (PID=14278) to work on /home/varn1t/ml-pipeline/venv/lib/python3.11/site-packages/airflow/example_dags/tutorial_dag.py
[2026-05-24T13:59:46.981+0000] {processor.py:830} INFO - Processing file /home/varn1t/ml-pipeline/venv/lib/python3.11/site-packages/airflow/example_dags/tutorial_dag.py for tasks to queue
[2026-05-24T13:59:46.982+0000] {logging_mixin.py:188} INFO - [2026-05-24T13:59:46.981+0000] {dagbag.py:545} INFO - Filling up the DagBag from /home/varn1t/ml-pipeline/venv/lib/python3.11/site-packages/airflow/example_dags/tutorial_dag.py
[2026-05-24T13:59:46.985+0000] {processor.py:840} INFO - DAG(s) 'tutorial_dag' retrieved from /home/varn1t/ml-pipeline/venv/lib/python3.11/site-packages/airflow/example_dags/tutorial_dag.py
[2026-05-24T13:59:46.998+0000] {logging_mixin.py:188} INFO - [2026-05-24T13:59:46.998+0000] {dag.py:3096} INFO - Sync 1 DAGs
[2026-05-24T13:59:47.005+0000] {logging_mixin.py:188} INFO - [2026-05-24T13:59:47.005+0000] {dag.py:3954} INFO - Setting next_dagrun for tutorial_dag to None, run_after=None
[2026-05-24T13:59:47.021+0000] {processor.py:183} INFO - Processing /home/varn1t/ml-pipeline/venv/lib/python3.11/site-packages/airflow/example_dags/tutorial_dag.py took 0.044 seconds
[2026-05-24T14:00:26.634+0000] {processor.py:161} INFO - Started process (PID=14449) to work on /home/varn1t/ml-pipeline/venv/lib/python3.11/site-packages/airflow/example_dags/tutorial_dag.py
[2026-05-24T14:00:26.635+0000] {processor.py:830} INFO - Processing file /home/varn1t/ml-pipeline/venv/lib/python3.11/site-packages/airflow/example_dags/tutorial_dag.py for tasks to queue
[2026-05-24T14:00:26.635+0000] {logging_mixin.py:188} INFO - [2026-05-24T14:00:26.635+0000] {dagbag.py:545} INFO - Filling up the DagBag from /home/varn1t/ml-pipeline/venv/lib/python3.11/site-packages/airflow/example_dags/tutorial_dag.py
[2026-05-24T14:00:26.639+0000] {processor.py:840} INFO - DAG(s) 'tutorial_dag' retrieved from /home/varn1t/ml-pipeline/venv/lib/python3.11/site-packages/airflow/example_dags/tutorial_dag.py
[2026-05-24T14:00:26.650+0000] {logging_mixin.py:188} INFO - [2026-05-24T14:00:26.650+0000] {dag.py:3096} INFO - Sync 1 DAGs
[2026-05-24T14:00:26.658+0000] {logging_mixin.py:188} INFO - [2026-05-24T14:00:26.658+0000] {dag.py:3954} INFO - Setting next_dagrun for tutorial_dag to None, run_after=None
[2026-05-24T14:00:26.674+0000] {processor.py:183} INFO - Processing /home/varn1t/ml-pipeline/venv/lib/python3.11/site-packages/airflow/example_dags/tutorial_dag.py took 0.043 seconds
[2026-05-24T14:01:04.567+0000] {processor.py:161} INFO - Started process (PID=14617) to work on /home/varn1t/ml-pipeline/venv/lib/python3.11/site-packages/airflow/example_dags/tutorial_dag.py
[2026-05-24T14:01:04.569+0000] {processor.py:830} INFO - Processing file /home/varn1t/ml-pipeline/venv/lib/python3.11/site-packages/airflow/example_dags/tutorial_dag.py for tasks to queue
[2026-05-24T14:01:04.569+0000] {logging_mixin.py:188} INFO - [2026-05-24T14:01:04.569+0000] {dagbag.py:545} INFO - Filling up the DagBag from /home/varn1t/ml-pipeline/venv/lib/python3.11/site-packages/airflow/example_dags/tutorial_dag.py
[2026-05-24T14:01:04.573+0000] {processor.py:840} INFO - DAG(s) 'tutorial_dag' retrieved from /home/varn1t/ml-pipeline/venv/lib/python3.11/site-packages/airflow/example_dags/tutorial_dag.py
[2026-05-24T14:01:04.584+0000] {logging_mixin.py:188} INFO - [2026-05-24T14:01:04.584+0000] {dag.py:3096} INFO - Sync 1 DAGs
[2026-05-24T14:01:04.592+0000] {logging_mixin.py:188} INFO - [2026-05-24T14:01:04.592+0000] {dag.py:3954} INFO - Setting next_dagrun for tutorial_dag to None, run_after=None
[2026-05-24T14:01:04.607+0000] {processor.py:183} INFO - Processing /home/varn1t/ml-pipeline/venv/lib/python3.11/site-packages/airflow/example_dags/tutorial_dag.py took 0.043 seconds
[2026-05-24T14:01:44.466+0000] {processor.py:161} INFO - Started process (PID=14797) to work on /home/varn1t/ml-pipeline/venv/lib/python3.11/site-packages/airflow/example_dags/tutorial_dag.py
[2026-05-24T14:01:44.467+0000] {processor.py:830} INFO - Processing file /home/varn1t/ml-pipeline/venv/lib/python3.11/site-packages/airflow/example_dags/tutorial_dag.py for tasks to queue
[2026-05-24T14:01:44.467+0000] {logging_mixin.py:188} INFO - [2026-05-24T14:01:44.467+0000] {dagbag.py:545} INFO - Filling up the DagBag from /home/varn1t/ml-pipeline/venv/lib/python3.11/site-packages/airflow/example_dags/tutorial_dag.py
[2026-05-24T14:01:44.472+0000] {processor.py:840} INFO - DAG(s) 'tutorial_dag' retrieved from /home/varn1t/ml-pipeline/venv/lib/python3.11/site-packages/airflow/example_dags/tutorial_dag.py
[2026-05-24T14:01:44.487+0000] {logging_mixin.py:188} INFO - [2026-05-24T14:01:44.487+0000] {dag.py:3096} INFO - Sync 1 DAGs
[2026-05-24T14:01:44.494+0000] {logging_mixin.py:188} INFO - [2026-05-24T14:01:44.494+0000] {dag.py:3954} INFO - Setting next_dagrun for tutorial_dag to None, run_after=None
[2026-05-24T14:01:44.509+0000] {processor.py:183} INFO - Processing /home/varn1t/ml-pipeline/venv/lib/python3.11/site-packages/airflow/example_dags/tutorial_dag.py took 0.048 seconds
[2026-05-24T14:02:26.157+0000] {processor.py:161} INFO - Started process (PID=14977) to work on /home/varn1t/ml-pipeline/venv/lib/python3.11/site-packages/airflow/example_dags/tutorial_dag.py
[2026-05-24T14:02:26.158+0000] {processor.py:830} INFO - Processing file /home/varn1t/ml-pipeline/venv/lib/python3.11/site-packages/airflow/example_dags/tutorial_dag.py for tasks to queue
[2026-05-24T14:02:26.159+0000] {logging_mixin.py:188} INFO - [2026-05-24T14:02:26.158+0000] {dagbag.py:545} INFO - Filling up the DagBag from /home/varn1t/ml-pipeline/venv/lib/python3.11/site-packages/airflow/example_dags/tutorial_dag.py
[2026-05-24T14:02:26.163+0000] {processor.py:840} INFO - DAG(s) 'tutorial_dag' retrieved from /home/varn1t/ml-pipeline/venv/lib/python3.11/site-packages/airflow/example_dags/tutorial_dag.py
[2026-05-24T14:02:26.175+0000] {logging_mixin.py:188} INFO - [2026-05-24T14:02:26.175+0000] {dag.py:3096} INFO - Sync 1 DAGs
[2026-05-24T14:02:26.182+0000] {logging_mixin.py:188} INFO - [2026-05-24T14:02:26.182+0000] {dag.py:3954} INFO - Setting next_dagrun for tutorial_dag to None, run_after=None
[2026-05-24T14:02:26.198+0000] {processor.py:183} INFO - Processing /home/varn1t/ml-pipeline/venv/lib/python3.11/site-packages/airflow/example_dags/tutorial_dag.py took 0.045 seconds
[2026-05-24T14:03:01.903+0000] {processor.py:161} INFO - Started process (PID=15134) to work on /home/varn1t/ml-pipeline/venv/lib/python3.11/site-packages/airflow/example_dags/tutorial_dag.py
[2026-05-24T14:03:01.904+0000] {processor.py:830} INFO - Processing file /home/varn1t/ml-pipeline/venv/lib/python3.11/site-packages/airflow/example_dags/tutorial_dag.py for tasks to queue
[2026-05-24T14:03:01.904+0000] {logging_mixin.py:188} INFO - [2026-05-24T14:03:01.904+0000] {dagbag.py:545} INFO - Filling up the DagBag from /home/varn1t/ml-pipeline/venv/lib/python3.11/site-packages/airflow/example_dags/tutorial_dag.py
[2026-05-24T14:03:01.908+0000] {processor.py:840} INFO - DAG(s) 'tutorial_dag' retrieved from /home/varn1t/ml-pipeline/venv/lib/python3.11/site-packages/airflow/example_dags/tutorial_dag.py
[2026-05-24T14:03:01.919+0000] {logging_mixin.py:188} INFO - [2026-05-24T14:03:01.919+0000] {dag.py:3096} INFO - Sync 1 DAGs
[2026-05-24T14:03:01.925+0000] {logging_mixin.py:188} INFO - [2026-05-24T14:03:01.925+0000] {dag.py:3954} INFO - Setting next_dagrun for tutorial_dag to None, run_after=None
[2026-05-24T14:03:01.942+0000] {processor.py:183} INFO - Processing /home/varn1t/ml-pipeline/venv/lib/python3.11/site-packages/airflow/example_dags/tutorial_dag.py took 0.043 seconds
[2026-05-24T14:03:43.707+0000] {processor.py:161} INFO - Started process (PID=15346) to work on /home/varn1t/ml-pipeline/venv/lib/python3.11/site-packages/airflow/example_dags/tutorial_dag.py
[2026-05-24T14:03:43.708+0000] {processor.py:830} INFO - Processing file /home/varn1t/ml-pipeline/venv/lib/python3.11/site-packages/airflow/example_dags/tutorial_dag.py for tasks to queue
[2026-05-24T14:03:43.709+0000] {logging_mixin.py:188} INFO - [2026-05-24T14:03:43.709+0000] {dagbag.py:545} INFO - Filling up the DagBag from /home/varn1t/ml-pipeline/venv/lib/python3.11/site-packages/airflow/example_dags/tutorial_dag.py
[2026-05-24T14:03:43.714+0000] {processor.py:840} INFO - DAG(s) 'tutorial_dag' retrieved from /home/varn1t/ml-pipeline/venv/lib/python3.11/site-packages/airflow/example_dags/tutorial_dag.py
[2026-05-24T14:03:43.743+0000] {logging_mixin.py:188} INFO - [2026-05-24T14:03:43.743+0000] {dag.py:3096} INFO - Sync 1 DAGs
[2026-05-24T14:03:43.767+0000] {logging_mixin.py:188} INFO - [2026-05-24T14:03:43.766+0000] {dag.py:3954} INFO - Setting next_dagrun for tutorial_dag to None, run_after=None
[2026-05-24T14:03:43.792+0000] {processor.py:183} INFO - Processing /home/varn1t/ml-pipeline/venv/lib/python3.11/site-packages/airflow/example_dags/tutorial_dag.py took 0.090 seconds
[2026-05-24T14:04:25.159+0000] {processor.py:161} INFO - Started process (PID=15525) to work on /home/varn1t/ml-pipeline/venv/lib/python3.11/site-packages/airflow/example_dags/tutorial_dag.py
[2026-05-24T14:04:25.160+0000] {processor.py:830} INFO - Processing file /home/varn1t/ml-pipeline/venv/lib/python3.11/site-packages/airflow/example_dags/tutorial_dag.py for tasks to queue
[2026-05-24T14:04:25.160+0000] {logging_mixin.py:188} INFO - [2026-05-24T14:04:25.160+0000] {dagbag.py:545} INFO - Filling up the DagBag from /home/varn1t/ml-pipeline/venv/lib/python3.11/site-packages/airflow/example_dags/tutorial_dag.py
[2026-05-24T14:04:25.164+0000] {processor.py:840} INFO - DAG(s) 'tutorial_dag' retrieved from /home/varn1t/ml-pipeline/venv/lib/python3.11/site-packages/airflow/example_dags/tutorial_dag.py
[2026-05-24T14:04:25.178+0000] {logging_mixin.py:188} INFO - [2026-05-24T14:04:25.178+0000] {dag.py:3096} INFO - Sync 1 DAGs
[2026-05-24T14:04:25.187+0000] {logging_mixin.py:188} INFO - [2026-05-24T14:04:25.187+0000] {dag.py:3954} INFO - Setting next_dagrun for tutorial_dag to None, run_after=None
[2026-05-24T14:04:25.205+0000] {processor.py:183} INFO - Processing /home/varn1t/ml-pipeline/venv/lib/python3.11/site-packages/airflow/example_dags/tutorial_dag.py took 0.051 seconds
[2026-05-24T14:05:07.156+0000] {processor.py:161} INFO - Started process (PID=15704) to work on /home/varn1t/ml-pipeline/venv/lib/python3.11/site-packages/airflow/example_dags/tutorial_dag.py
[2026-05-24T14:05:07.157+0000] {processor.py:830} INFO - Processing file /home/varn1t/ml-pipeline/venv/lib/python3.11/site-packages/airflow/example_dags/tutorial_dag.py for tasks to queue
[2026-05-24T14:05:07.157+0000] {logging_mixin.py:188} INFO - [2026-05-24T14:05:07.157+0000] {dagbag.py:545} INFO - Filling up the DagBag from /home/varn1t/ml-pipeline/venv/lib/python3.11/site-packages/airflow/example_dags/tutorial_dag.py
[2026-05-24T14:05:07.161+0000] {processor.py:840} INFO - DAG(s) 'tutorial_dag' retrieved from /home/varn1t/ml-pipeline/venv/lib/python3.11/site-packages/airflow/example_dags/tutorial_dag.py
[2026-05-24T14:05:07.175+0000] {logging_mixin.py:188} INFO - [2026-05-24T14:05:07.175+0000] {dag.py:3096} INFO - Sync 1 DAGs
[2026-05-24T14:05:07.183+0000] {logging_mixin.py:188} INFO - [2026-05-24T14:05:07.183+0000] {dag.py:3954} INFO - Setting next_dagrun for tutorial_dag to None, run_after=None
[2026-05-24T14:05:07.199+0000] {processor.py:183} INFO - Processing /home/varn1t/ml-pipeline/venv/lib/python3.11/site-packages/airflow/example_dags/tutorial_dag.py took 0.048 seconds
[2026-05-24T14:05:47.128+0000] {processor.py:161} INFO - Started process (PID=15876) to work on /home/varn1t/ml-pipeline/venv/lib/python3.11/site-packages/airflow/example_dags/tutorial_dag.py
[2026-05-24T14:05:47.129+0000] {processor.py:830} INFO - Processing file /home/varn1t/ml-pipeline/venv/lib/python3.11/site-packages/airflow/example_dags/tutorial_dag.py for tasks to queue
[2026-05-24T14:05:47.129+0000] {logging_mixin.py:188} INFO - [2026-05-24T14:05:47.129+0000] {dagbag.py:545} INFO - Filling up the DagBag from /home/varn1t/ml-pipeline/venv/lib/python3.11/site-packages/airflow/example_dags/tutorial_dag.py
[2026-05-24T14:05:47.133+0000] {processor.py:840} INFO - DAG(s) 'tutorial_dag' retrieved from /home/varn1t/ml-pipeline/venv/lib/python3.11/site-packages/airflow/example_dags/tutorial_dag.py
[2026-05-24T14:05:47.146+0000] {logging_mixin.py:188} INFO - [2026-05-24T14:05:47.146+0000] {dag.py:3096} INFO - Sync 1 DAGs
[2026-05-24T14:05:47.155+0000] {logging_mixin.py:188} INFO - [2026-05-24T14:05:47.155+0000] {dag.py:3954} INFO - Setting next_dagrun for tutorial_dag to None, run_after=None
[2026-05-24T14:05:47.173+0000] {processor.py:183} INFO - Processing /home/varn1t/ml-pipeline/venv/lib/python3.11/site-packages/airflow/example_dags/tutorial_dag.py took 0.049 seconds
[2026-05-24T14:06:30.621+0000] {processor.py:161} INFO - Started process (PID=16094) to work on /home/varn1t/ml-pipeline/venv/lib/python3.11/site-packages/airflow/example_dags/tutorial_dag.py
[2026-05-24T14:06:30.621+0000] {processor.py:830} INFO - Processing file /home/varn1t/ml-pipeline/venv/lib/python3.11/site-packages/airflow/example_dags/tutorial_dag.py for tasks to queue
[2026-05-24T14:06:30.622+0000] {logging_mixin.py:188} INFO - [2026-05-24T14:06:30.622+0000] {dagbag.py:545} INFO - Filling up the DagBag from /home/varn1t/ml-pipeline/venv/lib/python3.11/site-packages/airflow/example_dags/tutorial_dag.py
[2026-05-24T14:06:30.626+0000] {processor.py:840} INFO - DAG(s) 'tutorial_dag' retrieved from /home/varn1t/ml-pipeline/venv/lib/python3.11/site-packages/airflow/example_dags/tutorial_dag.py
[2026-05-24T14:06:30.638+0000] {logging_mixin.py:188} INFO - [2026-05-24T14:06:30.638+0000] {dag.py:3096} INFO - Sync 1 DAGs
[2026-05-24T14:06:30.645+0000] {logging_mixin.py:188} INFO - [2026-05-24T14:06:30.645+0000] {dag.py:3954} INFO - Setting next_dagrun for tutorial_dag to None, run_after=None
[2026-05-24T14:06:30.659+0000] {processor.py:183} INFO - Processing /home/varn1t/ml-pipeline/venv/lib/python3.11/site-packages/airflow/example_dags/tutorial_dag.py took 0.043 seconds
[2026-05-24T14:07:14.364+0000] {processor.py:161} INFO - Started process (PID=16285) to work on /home/varn1t/ml-pipeline/venv/lib/python3.11/site-packages/airflow/example_dags/tutorial_dag.py
[2026-05-24T14:07:14.365+0000] {processor.py:830} INFO - Processing file /home/varn1t/ml-pipeline/venv/lib/python3.11/site-packages/airflow/example_dags/tutorial_dag.py for tasks to queue
[2026-05-24T14:07:14.366+0000] {logging_mixin.py:188} INFO - [2026-05-24T14:07:14.365+0000] {dagbag.py:545} INFO - Filling up the DagBag from /home/varn1t/ml-pipeline/venv/lib/python3.11/site-packages/airflow/example_dags/tutorial_dag.py
[2026-05-24T14:07:14.370+0000] {processor.py:840} INFO - DAG(s) 'tutorial_dag' retrieved from /home/varn1t/ml-pipeline/venv/lib/python3.11/site-packages/airflow/example_dags/tutorial_dag.py
[2026-05-24T14:07:14.384+0000] {logging_mixin.py:188} INFO - [2026-05-24T14:07:14.384+0000] {dag.py:3096} INFO - Sync 1 DAGs
[2026-05-24T14:07:14.391+0000] {logging_mixin.py:188} INFO - [2026-05-24T14:07:14.391+0000] {dag.py:3954} INFO - Setting next_dagrun for tutorial_dag to None, run_after=None
[2026-05-24T14:07:14.408+0000] {processor.py:183} INFO - Processing /home/varn1t/ml-pipeline/venv/lib/python3.11/site-packages/airflow/example_dags/tutorial_dag.py took 0.047 seconds
[2026-05-24T14:07:57.952+0000] {processor.py:161} INFO - Started process (PID=16473) to work on /home/varn1t/ml-pipeline/venv/lib/python3.11/site-packages/airflow/example_dags/tutorial_dag.py
[2026-05-24T14:07:57.953+0000] {processor.py:830} INFO - Processing file /home/varn1t/ml-pipeline/venv/lib/python3.11/site-packages/airflow/example_dags/tutorial_dag.py for tasks to queue
[2026-05-24T14:07:57.954+0000] {logging_mixin.py:188} INFO - [2026-05-24T14:07:57.954+0000] {dagbag.py:545} INFO - Filling up the DagBag from /home/varn1t/ml-pipeline/venv/lib/python3.11/site-packages/airflow/example_dags/tutorial_dag.py
[2026-05-24T14:07:57.958+0000] {processor.py:840} INFO - DAG(s) 'tutorial_dag' retrieved from /home/varn1t/ml-pipeline/venv/lib/python3.11/site-packages/airflow/example_dags/tutorial_dag.py
[2026-05-24T14:07:57.973+0000] {logging_mixin.py:188} INFO - [2026-05-24T14:07:57.972+0000] {dag.py:3096} INFO - Sync 1 DAGs
[2026-05-24T14:07:57.982+0000] {logging_mixin.py:188} INFO - [2026-05-24T14:07:57.982+0000] {dag.py:3954} INFO - Setting next_dagrun for tutorial_dag to None, run_after=None
[2026-05-24T14:07:57.997+0000] {processor.py:183} INFO - Processing /home/varn1t/ml-pipeline/venv/lib/python3.11/site-packages/airflow/example_dags/tutorial_dag.py took 0.049 seconds
[2026-05-24T14:08:36.313+0000] {processor.py:161} INFO - Started process (PID=16667) to work on /home/varn1t/ml-pipeline/venv/lib/python3.11/site-packages/airflow/example_dags/tutorial_dag.py
[2026-05-24T14:08:36.314+0000] {processor.py:830} INFO - Processing file /home/varn1t/ml-pipeline/venv/lib/python3.11/site-packages/airflow/example_dags/tutorial_dag.py for tasks to queue
[2026-05-24T14:08:36.315+0000] {logging_mixin.py:188} INFO - [2026-05-24T14:08:36.314+0000] {dagbag.py:545} INFO - Filling up the DagBag from /home/varn1t/ml-pipeline/venv/lib/python3.11/site-packages/airflow/example_dags/tutorial_dag.py
[2026-05-24T14:08:36.318+0000] {processor.py:840} INFO - DAG(s) 'tutorial_dag' retrieved from /home/varn1t/ml-pipeline/venv/lib/python3.11/site-packages/airflow/example_dags/tutorial_dag.py
[2026-05-24T14:08:36.329+0000] {logging_mixin.py:188} INFO - [2026-05-24T14:08:36.329+0000] {dag.py:3096} INFO - Sync 1 DAGs
[2026-05-24T14:08:36.338+0000] {logging_mixin.py:188} INFO - [2026-05-24T14:08:36.338+0000] {dag.py:3954} INFO - Setting next_dagrun for tutorial_dag to None, run_after=None
[2026-05-24T14:08:36.355+0000] {processor.py:183} INFO - Processing /home/varn1t/ml-pipeline/venv/lib/python3.11/site-packages/airflow/example_dags/tutorial_dag.py took 0.045 seconds
[2026-05-24T14:09:17.363+0000] {processor.py:161} INFO - Started process (PID=16846) to work on /home/varn1t/ml-pipeline/venv/lib/python3.11/site-packages/airflow/example_dags/tutorial_dag.py
[2026-05-24T14:09:17.364+0000] {processor.py:830} INFO - Processing file /home/varn1t/ml-pipeline/venv/lib/python3.11/site-packages/airflow/example_dags/tutorial_dag.py for tasks to queue
[2026-05-24T14:09:17.364+0000] {logging_mixin.py:188} INFO - [2026-05-24T14:09:17.364+0000] {dagbag.py:545} INFO - Filling up the DagBag from /home/varn1t/ml-pipeline/venv/lib/python3.11/site-packages/airflow/example_dags/tutorial_dag.py
[2026-05-24T14:09:17.368+0000] {processor.py:840} INFO - DAG(s) 'tutorial_dag' retrieved from /home/varn1t/ml-pipeline/venv/lib/python3.11/site-packages/airflow/example_dags/tutorial_dag.py
[2026-05-24T14:09:17.378+0000] {logging_mixin.py:188} INFO - [2026-05-24T14:09:17.377+0000] {dag.py:3096} INFO - Sync 1 DAGs
[2026-05-24T14:09:17.384+0000] {logging_mixin.py:188} INFO - [2026-05-24T14:09:17.384+0000] {dag.py:3954} INFO - Setting next_dagrun for tutorial_dag to None, run_after=None
[2026-05-24T14:09:17.397+0000] {processor.py:183} INFO - Processing /home/varn1t/ml-pipeline/venv/lib/python3.11/site-packages/airflow/example_dags/tutorial_dag.py took 0.038 seconds
[2026-05-24T14:10:00.589+0000] {processor.py:161} INFO - Started process (PID=17032) to work on /home/varn1t/ml-pipeline/venv/lib/python3.11/site-packages/airflow/example_dags/tutorial_dag.py
[2026-05-24T14:10:00.589+0000] {processor.py:830} INFO - Processing file /home/varn1t/ml-pipeline/venv/lib/python3.11/site-packages/airflow/example_dags/tutorial_dag.py for tasks to queue
[2026-05-24T14:10:00.590+0000] {logging_mixin.py:188} INFO - [2026-05-24T14:10:00.590+0000] {dagbag.py:545} INFO - Filling up the DagBag from /home/varn1t/ml-pipeline/venv/lib/python3.11/site-packages/airflow/example_dags/tutorial_dag.py
[2026-05-24T14:10:00.594+0000] {processor.py:840} INFO - DAG(s) 'tutorial_dag' retrieved from /home/varn1t/ml-pipeline/venv/lib/python3.11/site-packages/airflow/example_dags/tutorial_dag.py
[2026-05-24T14:10:00.607+0000] {logging_mixin.py:188} INFO - [2026-05-24T14:10:00.607+0000] {dag.py:3096} INFO - Sync 1 DAGs
[2026-05-24T14:10:00.614+0000] {logging_mixin.py:188} INFO - [2026-05-24T14:10:00.614+0000] {dag.py:3954} INFO - Setting next_dagrun for tutorial_dag to None, run_after=None
[2026-05-24T14:10:00.628+0000] {processor.py:183} INFO - Processing /home/varn1t/ml-pipeline/venv/lib/python3.11/site-packages/airflow/example_dags/tutorial_dag.py took 0.043 seconds
[2026-05-24T14:10:40.527+0000] {processor.py:161} INFO - Started process (PID=17210) to work on /home/varn1t/ml-pipeline/venv/lib/python3.11/site-packages/airflow/example_dags/tutorial_dag.py
[2026-05-24T14:10:40.528+0000] {processor.py:830} INFO - Processing file /home/varn1t/ml-pipeline/venv/lib/python3.11/site-packages/airflow/example_dags/tutorial_dag.py for tasks to queue
[2026-05-24T14:10:40.529+0000] {logging_mixin.py:188} INFO - [2026-05-24T14:10:40.529+0000] {dagbag.py:545} INFO - Filling up the DagBag from /home/varn1t/ml-pipeline/venv/lib/python3.11/site-packages/airflow/example_dags/tutorial_dag.py
[2026-05-24T14:10:40.533+0000] {processor.py:840} INFO - DAG(s) 'tutorial_dag' retrieved from /home/varn1t/ml-pipeline/venv/lib/python3.11/site-packages/airflow/example_dags/tutorial_dag.py
[2026-05-24T14:10:40.547+0000] {logging_mixin.py:188} INFO - [2026-05-24T14:10:40.547+0000] {dag.py:3096} INFO - Sync 1 DAGs
[2026-05-24T14:10:40.554+0000] {logging_mixin.py:188} INFO - [2026-05-24T14:10:40.554+0000] {dag.py:3954} INFO - Setting next_dagrun for tutorial_dag to None, run_after=None
[2026-05-24T14:10:40.569+0000] {processor.py:183} INFO - Processing /home/varn1t/ml-pipeline/venv/lib/python3.11/site-packages/airflow/example_dags/tutorial_dag.py took 0.047 seconds
[2026-05-24T14:11:24.079+0000] {processor.py:161} INFO - Started process (PID=17408) to work on /home/varn1t/ml-pipeline/venv/lib/python3.11/site-packages/airflow/example_dags/tutorial_dag.py
[2026-05-24T14:11:24.080+0000] {processor.py:830} INFO - Processing file /home/varn1t/ml-pipeline/venv/lib/python3.11/site-packages/airflow/example_dags/tutorial_dag.py for tasks to queue
[2026-05-24T14:11:24.081+0000] {logging_mixin.py:188} INFO - [2026-05-24T14:11:24.081+0000] {dagbag.py:545} INFO - Filling up the DagBag from /home/varn1t/ml-pipeline/venv/lib/python3.11/site-packages/airflow/example_dags/tutorial_dag.py
[2026-05-24T14:11:24.085+0000] {processor.py:840} INFO - DAG(s) 'tutorial_dag' retrieved from /home/varn1t/ml-pipeline/venv/lib/python3.11/site-packages/airflow/example_dags/tutorial_dag.py
[2026-05-24T14:11:24.097+0000] {logging_mixin.py:188} INFO - [2026-05-24T14:11:24.097+0000] {dag.py:3096} INFO - Sync 1 DAGs
[2026-05-24T14:11:24.104+0000] {logging_mixin.py:188} INFO - [2026-05-24T14:11:24.103+0000] {dag.py:3954} INFO - Setting next_dagrun for tutorial_dag to None, run_after=None
[2026-05-24T14:11:24.120+0000] {processor.py:183} INFO - Processing /home/varn1t/ml-pipeline/venv/lib/python3.11/site-packages/airflow/example_dags/tutorial_dag.py took 0.045 seconds
[2026-05-24T14:12:03.534+0000] {processor.py:161} INFO - Started process (PID=17584) to work on /home/varn1t/ml-pipeline/venv/lib/python3.11/site-packages/airflow/example_dags/tutorial_dag.py
[2026-05-24T14:12:03.535+0000] {processor.py:830} INFO - Processing file /home/varn1t/ml-pipeline/venv/lib/python3.11/site-packages/airflow/example_dags/tutorial_dag.py for tasks to queue
[2026-05-24T14:12:03.535+0000] {logging_mixin.py:188} INFO - [2026-05-24T14:12:03.535+0000] {dagbag.py:545} INFO - Filling up the DagBag from /home/varn1t/ml-pipeline/venv/lib/python3.11/site-packages/airflow/example_dags/tutorial_dag.py
[2026-05-24T14:12:03.540+0000] {processor.py:840} INFO - DAG(s) 'tutorial_dag' retrieved from /home/varn1t/ml-pipeline/venv/lib/python3.11/site-packages/airflow/example_dags/tutorial_dag.py
[2026-05-24T14:12:03.554+0000] {logging_mixin.py:188} INFO - [2026-05-24T14:12:03.553+0000] {dag.py:3096} INFO - Sync 1 DAGs
[2026-05-24T14:12:03.563+0000] {logging_mixin.py:188} INFO - [2026-05-24T14:12:03.563+0000] {dag.py:3954} INFO - Setting next_dagrun for tutorial_dag to None, run_after=None
[2026-05-24T14:12:03.583+0000] {processor.py:183} INFO - Processing /home/varn1t/ml-pipeline/venv/lib/python3.11/site-packages/airflow/example_dags/tutorial_dag.py took 0.055 seconds
[2026-05-24T14:12:42.551+0000] {processor.py:161} INFO - Started process (PID=17755) to work on /home/varn1t/ml-pipeline/venv/lib/python3.11/site-packages/airflow/example_dags/tutorial_dag.py
[2026-05-24T14:12:42.551+0000] {processor.py:830} INFO - Processing file /home/varn1t/ml-pipeline/venv/lib/python3.11/site-packages/airflow/example_dags/tutorial_dag.py for tasks to queue
[2026-05-24T14:12:42.552+0000] {logging_mixin.py:188} INFO - [2026-05-24T14:12:42.552+0000] {dagbag.py:545} INFO - Filling up the DagBag from /home/varn1t/ml-pipeline/venv/lib/python3.11/site-packages/airflow/example_dags/tutorial_dag.py
[2026-05-24T14:12:42.556+0000] {processor.py:840} INFO - DAG(s) 'tutorial_dag' retrieved from /home/varn1t/ml-pipeline/venv/lib/python3.11/site-packages/airflow/example_dags/tutorial_dag.py
[2026-05-24T14:12:42.570+0000] {logging_mixin.py:188} INFO - [2026-05-24T14:12:42.569+0000] {dag.py:3096} INFO - Sync 1 DAGs
[2026-05-24T14:12:42.578+0000] {logging_mixin.py:188} INFO - [2026-05-24T14:12:42.578+0000] {dag.py:3954} INFO - Setting next_dagrun for tutorial_dag to None, run_after=None
[2026-05-24T14:12:42.593+0000] {processor.py:183} INFO - Processing /home/varn1t/ml-pipeline/venv/lib/python3.11/site-packages/airflow/example_dags/tutorial_dag.py took 0.046 seconds
[2026-05-24T14:13:23.668+0000] {processor.py:161} INFO - Started process (PID=17933) to work on /home/varn1t/ml-pipeline/venv/lib/python3.11/site-packages/airflow/example_dags/tutorial_dag.py
[2026-05-24T14:13:23.669+0000] {processor.py:830} INFO - Processing file /home/varn1t/ml-pipeline/venv/lib/python3.11/site-packages/airflow/example_dags/tutorial_dag.py for tasks to queue
[2026-05-24T14:13:23.670+0000] {logging_mixin.py:188} INFO - [2026-05-24T14:13:23.669+0000] {dagbag.py:545} INFO - Filling up the DagBag from /home/varn1t/ml-pipeline/venv/lib/python3.11/site-packages/airflow/example_dags/tutorial_dag.py
[2026-05-24T14:13:23.673+0000] {processor.py:840} INFO - DAG(s) 'tutorial_dag' retrieved from /home/varn1t/ml-pipeline/venv/lib/python3.11/site-packages/airflow/example_dags/tutorial_dag.py
[2026-05-24T14:13:23.686+0000] {logging_mixin.py:188} INFO - [2026-05-24T14:13:23.686+0000] {dag.py:3096} INFO - Sync 1 DAGs
[2026-05-24T14:13:23.692+0000] {logging_mixin.py:188} INFO - [2026-05-24T14:13:23.692+0000] {dag.py:3954} INFO - Setting next_dagrun for tutorial_dag to None, run_after=None
[2026-05-24T14:13:23.706+0000] {processor.py:183} INFO - Processing /home/varn1t/ml-pipeline/venv/lib/python3.11/site-packages/airflow/example_dags/tutorial_dag.py took 0.042 seconds
[2026-05-24T14:14:03.702+0000] {processor.py:161} INFO - Started process (PID=18133) to work on /home/varn1t/ml-pipeline/venv/lib/python3.11/site-packages/airflow/example_dags/tutorial_dag.py
[2026-05-24T14:14:03.703+0000] {processor.py:830} INFO - Processing file /home/varn1t/ml-pipeline/venv/lib/python3.11/site-packages/airflow/example_dags/tutorial_dag.py for tasks to queue
[2026-05-24T14:14:03.704+0000] {logging_mixin.py:188} INFO - [2026-05-24T14:14:03.703+0000] {dagbag.py:545} INFO - Filling up the DagBag from /home/varn1t/ml-pipeline/venv/lib/python3.11/site-packages/airflow/example_dags/tutorial_dag.py
[2026-05-24T14:14:03.707+0000] {processor.py:840} INFO - DAG(s) 'tutorial_dag' retrieved from /home/varn1t/ml-pipeline/venv/lib/python3.11/site-packages/airflow/example_dags/tutorial_dag.py
[2026-05-24T14:14:03.721+0000] {logging_mixin.py:188} INFO - [2026-05-24T14:14:03.721+0000] {dag.py:3096} INFO - Sync 1 DAGs
[2026-05-24T14:14:03.731+0000] {logging_mixin.py:188} INFO - [2026-05-24T14:14:03.731+0000] {dag.py:3954} INFO - Setting next_dagrun for tutorial_dag to None, run_after=None
[2026-05-24T14:14:03.746+0000] {processor.py:183} INFO - Processing /home/varn1t/ml-pipeline/venv/lib/python3.11/site-packages/airflow/example_dags/tutorial_dag.py took 0.048 seconds
[2026-05-24T14:14:46.302+0000] {processor.py:161} INFO - Started process (PID=18312) to work on /home/varn1t/ml-pipeline/venv/lib/python3.11/site-packages/airflow/example_dags/tutorial_dag.py
[2026-05-24T14:14:46.303+0000] {processor.py:830} INFO - Processing file /home/varn1t/ml-pipeline/venv/lib/python3.11/site-packages/airflow/example_dags/tutorial_dag.py for tasks to queue
[2026-05-24T14:14:46.303+0000] {logging_mixin.py:188} INFO - [2026-05-24T14:14:46.303+0000] {dagbag.py:545} INFO - Filling up the DagBag from /home/varn1t/ml-pipeline/venv/lib/python3.11/site-packages/airflow/example_dags/tutorial_dag.py
[2026-05-24T14:14:46.307+0000] {processor.py:840} INFO - DAG(s) 'tutorial_dag' retrieved from /home/varn1t/ml-pipeline/venv/lib/python3.11/site-packages/airflow/example_dags/tutorial_dag.py
[2026-05-24T14:14:46.318+0000] {logging_mixin.py:188} INFO - [2026-05-24T14:14:46.318+0000] {dag.py:3096} INFO - Sync 1 DAGs
[2026-05-24T14:14:46.326+0000] {logging_mixin.py:188} INFO - [2026-05-24T14:14:46.326+0000] {dag.py:3954} INFO - Setting next_dagrun for tutorial_dag to None, run_after=None
[2026-05-24T14:14:46.343+0000] {processor.py:183} INFO - Processing /home/varn1t/ml-pipeline/venv/lib/python3.11/site-packages/airflow/example_dags/tutorial_dag.py took 0.045 seconds
[2026-05-24T14:15:30.312+0000] {processor.py:161} INFO - Started process (PID=18499) to work on /home/varn1t/ml-pipeline/venv/lib/python3.11/site-packages/airflow/example_dags/tutorial_dag.py
[2026-05-24T14:15:30.315+0000] {processor.py:830} INFO - Processing file /home/varn1t/ml-pipeline/venv/lib/python3.11/site-packages/airflow/example_dags/tutorial_dag.py for tasks to queue
[2026-05-24T14:15:30.318+0000] {logging_mixin.py:188} INFO - [2026-05-24T14:15:30.317+0000] {dagbag.py:545} INFO - Filling up the DagBag from /home/varn1t/ml-pipeline/venv/lib/python3.11/site-packages/airflow/example_dags/tutorial_dag.py
[2026-05-24T14:15:30.345+0000] {processor.py:840} INFO - DAG(s) 'tutorial_dag' retrieved from /home/varn1t/ml-pipeline/venv/lib/python3.11/site-packages/airflow/example_dags/tutorial_dag.py
[2026-05-24T14:15:30.442+0000] {logging_mixin.py:188} INFO - [2026-05-24T14:15:30.441+0000] {dag.py:3096} INFO - Sync 1 DAGs
[2026-05-24T14:15:30.513+0000] {logging_mixin.py:188} INFO - [2026-05-24T14:15:30.512+0000] {dag.py:3954} INFO - Setting next_dagrun for tutorial_dag to None, run_after=None
[2026-05-24T14:15:30.621+0000] {processor.py:183} INFO - Processing /home/varn1t/ml-pipeline/venv/lib/python3.11/site-packages/airflow/example_dags/tutorial_dag.py took 0.333 seconds
[2026-05-24T14:16:23.657+0000] {processor.py:161} INFO - Started process (PID=18742) to work on /home/varn1t/ml-pipeline/venv/lib/python3.11/site-packages/airflow/example_dags/tutorial_dag.py
[2026-05-24T14:16:23.658+0000] {processor.py:830} INFO - Processing file /home/varn1t/ml-pipeline/venv/lib/python3.11/site-packages/airflow/example_dags/tutorial_dag.py for tasks to queue
[2026-05-24T14:16:23.658+0000] {logging_mixin.py:188} INFO - [2026-05-24T14:16:23.658+0000] {dagbag.py:545} INFO - Filling up the DagBag from /home/varn1t/ml-pipeline/venv/lib/python3.11/site-packages/airflow/example_dags/tutorial_dag.py
[2026-05-24T14:16:23.663+0000] {processor.py:840} INFO - DAG(s) 'tutorial_dag' retrieved from /home/varn1t/ml-pipeline/venv/lib/python3.11/site-packages/airflow/example_dags/tutorial_dag.py
[2026-05-24T14:16:23.683+0000] {logging_mixin.py:188} INFO - [2026-05-24T14:16:23.683+0000] {dag.py:3096} INFO - Sync 1 DAGs
[2026-05-24T14:16:23.693+0000] {logging_mixin.py:188} INFO - [2026-05-24T14:16:23.693+0000] {dag.py:3954} INFO - Setting next_dagrun for tutorial_dag to None, run_after=None
[2026-05-24T14:16:23.712+0000] {processor.py:183} INFO - Processing /home/varn1t/ml-pipeline/venv/lib/python3.11/site-packages/airflow/example_dags/tutorial_dag.py took 0.061 seconds
[2026-05-24T14:17:21.505+0000] {processor.py:161} INFO - Started process (PID=19001) to work on /home/varn1t/ml-pipeline/venv/lib/python3.11/site-packages/airflow/example_dags/tutorial_dag.py
[2026-05-24T14:17:21.507+0000] {processor.py:830} INFO - Processing file /home/varn1t/ml-pipeline/venv/lib/python3.11/site-packages/airflow/example_dags/tutorial_dag.py for tasks to queue
[2026-05-24T14:17:21.507+0000] {logging_mixin.py:188} INFO - [2026-05-24T14:17:21.507+0000] {dagbag.py:545} INFO - Filling up the DagBag from /home/varn1t/ml-pipeline/venv/lib/python3.11/site-packages/airflow/example_dags/tutorial_dag.py
[2026-05-24T14:17:21.512+0000] {processor.py:840} INFO - DAG(s) 'tutorial_dag' retrieved from /home/varn1t/ml-pipeline/venv/lib/python3.11/site-packages/airflow/example_dags/tutorial_dag.py
[2026-05-24T14:17:21.529+0000] {logging_mixin.py:188} INFO - [2026-05-24T14:17:21.529+0000] {dag.py:3096} INFO - Sync 1 DAGs
[2026-05-24T14:17:21.539+0000] {logging_mixin.py:188} INFO - [2026-05-24T14:17:21.539+0000] {dag.py:3954} INFO - Setting next_dagrun for tutorial_dag to None, run_after=None
[2026-05-24T14:17:21.561+0000] {processor.py:183} INFO - Processing /home/varn1t/ml-pipeline/venv/lib/python3.11/site-packages/airflow/example_dags/tutorial_dag.py took 0.063 seconds
[2026-05-24T14:18:14.464+0000] {processor.py:161} INFO - Started process (PID=19240) to work on /home/varn1t/ml-pipeline/venv/lib/python3.11/site-packages/airflow/example_dags/tutorial_dag.py
[2026-05-24T14:18:14.465+0000] {processor.py:830} INFO - Processing file /home/varn1t/ml-pipeline/venv/lib/python3.11/site-packages/airflow/example_dags/tutorial_dag.py for tasks to queue
[2026-05-24T14:18:14.465+0000] {logging_mixin.py:188} INFO - [2026-05-24T14:18:14.465+0000] {dagbag.py:545} INFO - Filling up the DagBag from /home/varn1t/ml-pipeline/venv/lib/python3.11/site-packages/airflow/example_dags/tutorial_dag.py
[2026-05-24T14:18:14.469+0000] {processor.py:840} INFO - DAG(s) 'tutorial_dag' retrieved from /home/varn1t/ml-pipeline/venv/lib/python3.11/site-packages/airflow/example_dags/tutorial_dag.py
[2026-05-24T14:18:14.481+0000] {logging_mixin.py:188} INFO - [2026-05-24T14:18:14.481+0000] {dag.py:3096} INFO - Sync 1 DAGs
[2026-05-24T14:18:14.490+0000] {logging_mixin.py:188} INFO - [2026-05-24T14:18:14.489+0000] {dag.py:3954} INFO - Setting next_dagrun for tutorial_dag to None, run_after=None
[2026-05-24T14:18:14.507+0000] {processor.py:183} INFO - Processing /home/varn1t/ml-pipeline/venv/lib/python3.11/site-packages/airflow/example_dags/tutorial_dag.py took 0.048 seconds
[2026-05-24T14:18:57.571+0000] {processor.py:161} INFO - Started process (PID=19462) to work on /home/varn1t/ml-pipeline/venv/lib/python3.11/site-packages/airflow/example_dags/tutorial_dag.py
[2026-05-24T14:18:57.573+0000] {processor.py:830} INFO - Processing file /home/varn1t/ml-pipeline/venv/lib/python3.11/site-packages/airflow/example_dags/tutorial_dag.py for tasks to queue
[2026-05-24T14:18:57.573+0000] {logging_mixin.py:188} INFO - [2026-05-24T14:18:57.573+0000] {dagbag.py:545} INFO - Filling up the DagBag from /home/varn1t/ml-pipeline/venv/lib/python3.11/site-packages/airflow/example_dags/tutorial_dag.py
[2026-05-24T14:18:57.581+0000] {processor.py:840} INFO - DAG(s) 'tutorial_dag' retrieved from /home/varn1t/ml-pipeline/venv/lib/python3.11/site-packages/airflow/example_dags/tutorial_dag.py
[2026-05-24T14:18:57.598+0000] {logging_mixin.py:188} INFO - [2026-05-24T14:18:57.598+0000] {dag.py:3096} INFO - Sync 1 DAGs
[2026-05-24T14:18:57.607+0000] {logging_mixin.py:188} INFO - [2026-05-24T14:18:57.607+0000] {dag.py:3954} INFO - Setting next_dagrun for tutorial_dag to None, run_after=None
[2026-05-24T14:18:57.628+0000] {processor.py:183} INFO - Processing /home/varn1t/ml-pipeline/venv/lib/python3.11/site-packages/airflow/example_dags/tutorial_dag.py took 0.062 seconds
[2026-05-24T14:19:38.620+0000] {processor.py:161} INFO - Started process (PID=19647) to work on /home/varn1t/ml-pipeline/venv/lib/python3.11/site-packages/airflow/example_dags/tutorial_dag.py
[2026-05-24T14:19:38.622+0000] {processor.py:830} INFO - Processing file /home/varn1t/ml-pipeline/venv/lib/python3.11/site-packages/airflow/example_dags/tutorial_dag.py for tasks to queue
[2026-05-24T14:19:38.623+0000] {logging_mixin.py:188} INFO - [2026-05-24T14:19:38.622+0000] {dagbag.py:545} INFO - Filling up the DagBag from /home/varn1t/ml-pipeline/venv/lib/python3.11/site-packages/airflow/example_dags/tutorial_dag.py
[2026-05-24T14:19:38.628+0000] {processor.py:840} INFO - DAG(s) 'tutorial_dag' retrieved from /home/varn1t/ml-pipeline/venv/lib/python3.11/site-packages/airflow/example_dags/tutorial_dag.py
[2026-05-24T14:19:38.644+0000] {logging_mixin.py:188} INFO - [2026-05-24T14:19:38.644+0000] {dag.py:3096} INFO - Sync 1 DAGs
[2026-05-24T14:19:38.654+0000] {logging_mixin.py:188} INFO - [2026-05-24T14:19:38.654+0000] {dag.py:3954} INFO - Setting next_dagrun for tutorial_dag to None, run_after=None
[2026-05-24T14:19:38.674+0000] {processor.py:183} INFO - Processing /home/varn1t/ml-pipeline/venv/lib/python3.11/site-packages/airflow/example_dags/tutorial_dag.py took 0.060 seconds
[2026-05-24T14:20:22.837+0000] {processor.py:161} INFO - Started process (PID=19847) to work on /home/varn1t/ml-pipeline/venv/lib/python3.11/site-packages/airflow/example_dags/tutorial_dag.py
[2026-05-24T14:20:22.838+0000] {processor.py:830} INFO - Processing file /home/varn1t/ml-pipeline/venv/lib/python3.11/site-packages/airflow/example_dags/tutorial_dag.py for tasks to queue
[2026-05-24T14:20:22.839+0000] {logging_mixin.py:188} INFO - [2026-05-24T14:20:22.838+0000] {dagbag.py:545} INFO - Filling up the DagBag from /home/varn1t/ml-pipeline/venv/lib/python3.11/site-packages/airflow/example_dags/tutorial_dag.py
[2026-05-24T14:20:22.842+0000] {processor.py:840} INFO - DAG(s) 'tutorial_dag' retrieved from /home/varn1t/ml-pipeline/venv/lib/python3.11/site-packages/airflow/example_dags/tutorial_dag.py
[2026-05-24T14:20:22.855+0000] {logging_mixin.py:188} INFO - [2026-05-24T14:20:22.855+0000] {dag.py:3096} INFO - Sync 1 DAGs
[2026-05-24T14:20:22.864+0000] {logging_mixin.py:188} INFO - [2026-05-24T14:20:22.864+0000] {dag.py:3954} INFO - Setting next_dagrun for tutorial_dag to None, run_after=None
[2026-05-24T14:20:22.882+0000] {processor.py:183} INFO - Processing /home/varn1t/ml-pipeline/venv/lib/python3.11/site-packages/airflow/example_dags/tutorial_dag.py took 0.049 seconds
[2026-05-24T14:21:02.791+0000] {processor.py:161} INFO - Started process (PID=20028) to work on /home/varn1t/ml-pipeline/venv/lib/python3.11/site-packages/airflow/example_dags/tutorial_dag.py
[2026-05-24T14:21:02.792+0000] {processor.py:830} INFO - Processing file /home/varn1t/ml-pipeline/venv/lib/python3.11/site-packages/airflow/example_dags/tutorial_dag.py for tasks to queue
[2026-05-24T14:21:02.793+0000] {logging_mixin.py:188} INFO - [2026-05-24T14:21:02.793+0000] {dagbag.py:545} INFO - Filling up the DagBag from /home/varn1t/ml-pipeline/venv/lib/python3.11/site-packages/airflow/example_dags/tutorial_dag.py
[2026-05-24T14:21:02.798+0000] {processor.py:840} INFO - DAG(s) 'tutorial_dag' retrieved from /home/varn1t/ml-pipeline/venv/lib/python3.11/site-packages/airflow/example_dags/tutorial_dag.py
[2026-05-24T14:21:02.815+0000] {logging_mixin.py:188} INFO - [2026-05-24T14:21:02.815+0000] {dag.py:3096} INFO - Sync 1 DAGs
[2026-05-24T14:21:02.823+0000] {logging_mixin.py:188} INFO - [2026-05-24T14:21:02.823+0000] {dag.py:3954} INFO - Setting next_dagrun for tutorial_dag to None, run_after=None
[2026-05-24T14:21:02.842+0000] {processor.py:183} INFO - Processing /home/varn1t/ml-pipeline/venv/lib/python3.11/site-packages/airflow/example_dags/tutorial_dag.py took 0.056 seconds
[2026-05-24T14:21:43.782+0000] {processor.py:161} INFO - Started process (PID=20217) to work on /home/varn1t/ml-pipeline/venv/lib/python3.11/site-packages/airflow/example_dags/tutorial_dag.py
[2026-05-24T14:21:43.784+0000] {processor.py:830} INFO - Processing file /home/varn1t/ml-pipeline/venv/lib/python3.11/site-packages/airflow/example_dags/tutorial_dag.py for tasks to queue
[2026-05-24T14:21:43.784+0000] {logging_mixin.py:188} INFO - [2026-05-24T14:21:43.784+0000] {dagbag.py:545} INFO - Filling up the DagBag from /home/varn1t/ml-pipeline/venv/lib/python3.11/site-packages/airflow/example_dags/tutorial_dag.py
[2026-05-24T14:21:43.789+0000] {processor.py:840} INFO - DAG(s) 'tutorial_dag' retrieved from /home/varn1t/ml-pipeline/venv/lib/python3.11/site-packages/airflow/example_dags/tutorial_dag.py
[2026-05-24T14:21:43.800+0000] {logging_mixin.py:188} INFO - [2026-05-24T14:21:43.800+0000] {dag.py:3096} INFO - Sync 1 DAGs
[2026-05-24T14:21:43.809+0000] {logging_mixin.py:188} INFO - [2026-05-24T14:21:43.809+0000] {dag.py:3954} INFO - Setting next_dagrun for tutorial_dag to None, run_after=None
[2026-05-24T14:21:43.829+0000] {processor.py:183} INFO - Processing /home/varn1t/ml-pipeline/venv/lib/python3.11/site-packages/airflow/example_dags/tutorial_dag.py took 0.050 seconds
[2026-05-24T14:22:26.046+0000] {processor.py:161} INFO - Started process (PID=20410) to work on /home/varn1t/ml-pipeline/venv/lib/python3.11/site-packages/airflow/example_dags/tutorial_dag.py
[2026-05-24T14:22:26.048+0000] {processor.py:830} INFO - Processing file /home/varn1t/ml-pipeline/venv/lib/python3.11/site-packages/airflow/example_dags/tutorial_dag.py for tasks to queue
[2026-05-24T14:22:26.049+0000] {logging_mixin.py:188} INFO - [2026-05-24T14:22:26.049+0000] {dagbag.py:545} INFO - Filling up the DagBag from /home/varn1t/ml-pipeline/venv/lib/python3.11/site-packages/airflow/example_dags/tutorial_dag.py
[2026-05-24T14:22:26.054+0000] {processor.py:840} INFO - DAG(s) 'tutorial_dag' retrieved from /home/varn1t/ml-pipeline/venv/lib/python3.11/site-packages/airflow/example_dags/tutorial_dag.py
[2026-05-24T14:22:26.068+0000] {logging_mixin.py:188} INFO - [2026-05-24T14:22:26.067+0000] {dag.py:3096} INFO - Sync 1 DAGs
[2026-05-24T14:22:26.076+0000] {logging_mixin.py:188} INFO - [2026-05-24T14:22:26.076+0000] {dag.py:3954} INFO - Setting next_dagrun for tutorial_dag to None, run_after=None
[2026-05-24T14:22:26.097+0000] {processor.py:183} INFO - Processing /home/varn1t/ml-pipeline/venv/lib/python3.11/site-packages/airflow/example_dags/tutorial_dag.py took 0.056 seconds
[2026-05-24T14:23:10.309+0000] {processor.py:161} INFO - Started process (PID=20617) to work on /home/varn1t/ml-pipeline/venv/lib/python3.11/site-packages/airflow/example_dags/tutorial_dag.py
[2026-05-24T14:23:10.309+0000] {processor.py:830} INFO - Processing file /home/varn1t/ml-pipeline/venv/lib/python3.11/site-packages/airflow/example_dags/tutorial_dag.py for tasks to queue
[2026-05-24T14:23:10.310+0000] {logging_mixin.py:188} INFO - [2026-05-24T14:23:10.310+0000] {dagbag.py:545} INFO - Filling up the DagBag from /home/varn1t/ml-pipeline/venv/lib/python3.11/site-packages/airflow/example_dags/tutorial_dag.py
[2026-05-24T14:23:10.316+0000] {processor.py:840} INFO - DAG(s) 'tutorial_dag' retrieved from /home/varn1t/ml-pipeline/venv/lib/python3.11/site-packages/airflow/example_dags/tutorial_dag.py
[2026-05-24T14:23:10.327+0000] {logging_mixin.py:188} INFO - [2026-05-24T14:23:10.327+0000] {dag.py:3096} INFO - Sync 1 DAGs
[2026-05-24T14:23:10.334+0000] {logging_mixin.py:188} INFO - [2026-05-24T14:23:10.334+0000] {dag.py:3954} INFO - Setting next_dagrun for tutorial_dag to None, run_after=None
[2026-05-24T14:23:10.349+0000] {processor.py:183} INFO - Processing /home/varn1t/ml-pipeline/venv/lib/python3.11/site-packages/airflow/example_dags/tutorial_dag.py took 0.046 seconds
[2026-05-24T14:23:51.801+0000] {processor.py:161} INFO - Started process (PID=20831) to work on /home/varn1t/ml-pipeline/venv/lib/python3.11/site-packages/airflow/example_dags/tutorial_dag.py
[2026-05-24T14:23:51.802+0000] {processor.py:830} INFO - Processing file /home/varn1t/ml-pipeline/venv/lib/python3.11/site-packages/airflow/example_dags/tutorial_dag.py for tasks to queue
[2026-05-24T14:23:51.802+0000] {logging_mixin.py:188} INFO - [2026-05-24T14:23:51.802+0000] {dagbag.py:545} INFO - Filling up the DagBag from /home/varn1t/ml-pipeline/venv/lib/python3.11/site-packages/airflow/example_dags/tutorial_dag.py
[2026-05-24T14:23:51.808+0000] {processor.py:840} INFO - DAG(s) 'tutorial_dag' retrieved from /home/varn1t/ml-pipeline/venv/lib/python3.11/site-packages/airflow/example_dags/tutorial_dag.py
[2026-05-24T14:23:51.825+0000] {logging_mixin.py:188} INFO - [2026-05-24T14:23:51.825+0000] {dag.py:3096} INFO - Sync 1 DAGs
[2026-05-24T14:23:51.836+0000] {logging_mixin.py:188} INFO - [2026-05-24T14:23:51.836+0000] {dag.py:3954} INFO - Setting next_dagrun for tutorial_dag to None, run_after=None
[2026-05-24T14:23:51.859+0000] {processor.py:183} INFO - Processing /home/varn1t/ml-pipeline/venv/lib/python3.11/site-packages/airflow/example_dags/tutorial_dag.py took 0.064 seconds
[2026-05-24T14:24:31.199+0000] {processor.py:161} INFO - Started process (PID=21009) to work on /home/varn1t/ml-pipeline/venv/lib/python3.11/site-packages/airflow/example_dags/tutorial_dag.py
[2026-05-24T14:24:31.199+0000] {processor.py:830} INFO - Processing file /home/varn1t/ml-pipeline/venv/lib/python3.11/site-packages/airflow/example_dags/tutorial_dag.py for tasks to queue
[2026-05-24T14:24:31.200+0000] {logging_mixin.py:188} INFO - [2026-05-24T14:24:31.200+0000] {dagbag.py:545} INFO - Filling up the DagBag from /home/varn1t/ml-pipeline/venv/lib/python3.11/site-packages/airflow/example_dags/tutorial_dag.py
[2026-05-24T14:24:31.204+0000] {processor.py:840} INFO - DAG(s) 'tutorial_dag' retrieved from /home/varn1t/ml-pipeline/venv/lib/python3.11/site-packages/airflow/example_dags/tutorial_dag.py
[2026-05-24T14:24:31.217+0000] {logging_mixin.py:188} INFO - [2026-05-24T14:24:31.217+0000] {dag.py:3096} INFO - Sync 1 DAGs
[2026-05-24T14:24:31.223+0000] {logging_mixin.py:188} INFO - [2026-05-24T14:24:31.223+0000] {dag.py:3954} INFO - Setting next_dagrun for tutorial_dag to None, run_after=None
[2026-05-24T14:24:31.241+0000] {processor.py:183} INFO - Processing /home/varn1t/ml-pipeline/venv/lib/python3.11/site-packages/airflow/example_dags/tutorial_dag.py took 0.047 seconds
[2026-05-24T14:25:10.566+0000] {processor.py:161} INFO - Started process (PID=21194) to work on /home/varn1t/ml-pipeline/venv/lib/python3.11/site-packages/airflow/example_dags/tutorial_dag.py
[2026-05-24T14:25:10.567+0000] {processor.py:830} INFO - Processing file /home/varn1t/ml-pipeline/venv/lib/python3.11/site-packages/airflow/example_dags/tutorial_dag.py for tasks to queue
[2026-05-24T14:25:10.568+0000] {logging_mixin.py:188} INFO - [2026-05-24T14:25:10.568+0000] {dagbag.py:545} INFO - Filling up the DagBag from /home/varn1t/ml-pipeline/venv/lib/python3.11/site-packages/airflow/example_dags/tutorial_dag.py
[2026-05-24T14:25:10.573+0000] {processor.py:840} INFO - DAG(s) 'tutorial_dag' retrieved from /home/varn1t/ml-pipeline/venv/lib/python3.11/site-packages/airflow/example_dags/tutorial_dag.py
[2026-05-24T14:25:10.589+0000] {logging_mixin.py:188} INFO - [2026-05-24T14:25:10.589+0000] {dag.py:3096} INFO - Sync 1 DAGs
[2026-05-24T14:25:10.599+0000] {logging_mixin.py:188} INFO - [2026-05-24T14:25:10.599+0000] {dag.py:3954} INFO - Setting next_dagrun for tutorial_dag to None, run_after=None
[2026-05-24T14:25:10.622+0000] {processor.py:183} INFO - Processing /home/varn1t/ml-pipeline/venv/lib/python3.11/site-packages/airflow/example_dags/tutorial_dag.py took 0.061 seconds
[2026-05-24T14:25:51.089+0000] {processor.py:161} INFO - Started process (PID=21372) to work on /home/varn1t/ml-pipeline/venv/lib/python3.11/site-packages/airflow/example_dags/tutorial_dag.py
[2026-05-24T14:25:51.090+0000] {processor.py:830} INFO - Processing file /home/varn1t/ml-pipeline/venv/lib/python3.11/site-packages/airflow/example_dags/tutorial_dag.py for tasks to queue
[2026-05-24T14:25:51.091+0000] {logging_mixin.py:188} INFO - [2026-05-24T14:25:51.091+0000] {dagbag.py:545} INFO - Filling up the DagBag from /home/varn1t/ml-pipeline/venv/lib/python3.11/site-packages/airflow/example_dags/tutorial_dag.py
[2026-05-24T14:25:51.097+0000] {processor.py:840} INFO - DAG(s) 'tutorial_dag' retrieved from /home/varn1t/ml-pipeline/venv/lib/python3.11/site-packages/airflow/example_dags/tutorial_dag.py
[2026-05-24T14:25:51.114+0000] {logging_mixin.py:188} INFO - [2026-05-24T14:25:51.114+0000] {dag.py:3096} INFO - Sync 1 DAGs
[2026-05-24T14:25:51.123+0000] {logging_mixin.py:188} INFO - [2026-05-24T14:25:51.122+0000] {dag.py:3954} INFO - Setting next_dagrun for tutorial_dag to None, run_after=None
[2026-05-24T14:25:51.143+0000] {processor.py:183} INFO - Processing /home/varn1t/ml-pipeline/venv/lib/python3.11/site-packages/airflow/example_dags/tutorial_dag.py took 0.060 seconds
[2026-05-24T14:26:31.617+0000] {processor.py:161} INFO - Started process (PID=21563) to work on /home/varn1t/ml-pipeline/venv/lib/python3.11/site-packages/airflow/example_dags/tutorial_dag.py
[2026-05-24T14:26:31.618+0000] {processor.py:830} INFO - Processing file /home/varn1t/ml-pipeline/venv/lib/python3.11/site-packages/airflow/example_dags/tutorial_dag.py for tasks to queue
[2026-05-24T14:26:31.619+0000] {logging_mixin.py:188} INFO - [2026-05-24T14:26:31.618+0000] {dagbag.py:545} INFO - Filling up the DagBag from /home/varn1t/ml-pipeline/venv/lib/python3.11/site-packages/airflow/example_dags/tutorial_dag.py
[2026-05-24T14:26:31.622+0000] {processor.py:840} INFO - DAG(s) 'tutorial_dag' retrieved from /home/varn1t/ml-pipeline/venv/lib/python3.11/site-packages/airflow/example_dags/tutorial_dag.py
[2026-05-24T14:26:31.634+0000] {logging_mixin.py:188} INFO - [2026-05-24T14:26:31.633+0000] {dag.py:3096} INFO - Sync 1 DAGs
[2026-05-24T14:26:31.640+0000] {logging_mixin.py:188} INFO - [2026-05-24T14:26:31.640+0000] {dag.py:3954} INFO - Setting next_dagrun for tutorial_dag to None, run_after=None
[2026-05-24T14:26:31.659+0000] {processor.py:183} INFO - Processing /home/varn1t/ml-pipeline/venv/lib/python3.11/site-packages/airflow/example_dags/tutorial_dag.py took 0.047 seconds
[2026-05-24T14:27:10.811+0000] {processor.py:161} INFO - Started process (PID=21746) to work on /home/varn1t/ml-pipeline/venv/lib/python3.11/site-packages/airflow/example_dags/tutorial_dag.py
[2026-05-24T14:27:10.812+0000] {processor.py:830} INFO - Processing file /home/varn1t/ml-pipeline/venv/lib/python3.11/site-packages/airflow/example_dags/tutorial_dag.py for tasks to queue
[2026-05-24T14:27:10.812+0000] {logging_mixin.py:188} INFO - [2026-05-24T14:27:10.812+0000] {dagbag.py:545} INFO - Filling up the DagBag from /home/varn1t/ml-pipeline/venv/lib/python3.11/site-packages/airflow/example_dags/tutorial_dag.py
[2026-05-24T14:27:10.816+0000] {processor.py:840} INFO - DAG(s) 'tutorial_dag' retrieved from /home/varn1t/ml-pipeline/venv/lib/python3.11/site-packages/airflow/example_dags/tutorial_dag.py
[2026-05-24T14:27:10.831+0000] {logging_mixin.py:188} INFO - [2026-05-24T14:27:10.830+0000] {dag.py:3096} INFO - Sync 1 DAGs
[2026-05-24T14:27:10.838+0000] {logging_mixin.py:188} INFO - [2026-05-24T14:27:10.838+0000] {dag.py:3954} INFO - Setting next_dagrun for tutorial_dag to None, run_after=None
[2026-05-24T14:27:10.857+0000] {processor.py:183} INFO - Processing /home/varn1t/ml-pipeline/venv/lib/python3.11/site-packages/airflow/example_dags/tutorial_dag.py took 0.051 seconds
[2026-05-24T14:27:47.976+0000] {processor.py:161} INFO - Started process (PID=21914) to work on /home/varn1t/ml-pipeline/venv/lib/python3.11/site-packages/airflow/example_dags/tutorial_dag.py
[2026-05-24T14:27:47.978+0000] {processor.py:830} INFO - Processing file /home/varn1t/ml-pipeline/venv/lib/python3.11/site-packages/airflow/example_dags/tutorial_dag.py for tasks to queue
[2026-05-24T14:27:47.978+0000] {logging_mixin.py:188} INFO - [2026-05-24T14:27:47.978+0000] {dagbag.py:545} INFO - Filling up the DagBag from /home/varn1t/ml-pipeline/venv/lib/python3.11/site-packages/airflow/example_dags/tutorial_dag.py
[2026-05-24T14:27:47.983+0000] {processor.py:840} INFO - DAG(s) 'tutorial_dag' retrieved from /home/varn1t/ml-pipeline/venv/lib/python3.11/site-packages/airflow/example_dags/tutorial_dag.py
[2026-05-24T14:27:48.000+0000] {logging_mixin.py:188} INFO - [2026-05-24T14:27:48.000+0000] {dag.py:3096} INFO - Sync 1 DAGs
[2026-05-24T14:27:48.010+0000] {logging_mixin.py:188} INFO - [2026-05-24T14:27:48.010+0000] {dag.py:3954} INFO - Setting next_dagrun for tutorial_dag to None, run_after=None
[2026-05-24T14:27:48.031+0000] {processor.py:183} INFO - Processing /home/varn1t/ml-pipeline/venv/lib/python3.11/site-packages/airflow/example_dags/tutorial_dag.py took 0.060 seconds
[2026-05-24T14:28:34.727+0000] {processor.py:161} INFO - Started process (PID=22148) to work on /home/varn1t/ml-pipeline/venv/lib/python3.11/site-packages/airflow/example_dags/tutorial_dag.py
[2026-05-24T14:28:34.728+0000] {processor.py:830} INFO - Processing file /home/varn1t/ml-pipeline/venv/lib/python3.11/site-packages/airflow/example_dags/tutorial_dag.py for tasks to queue
[2026-05-24T14:28:34.728+0000] {logging_mixin.py:188} INFO - [2026-05-24T14:28:34.728+0000] {dagbag.py:545} INFO - Filling up the DagBag from /home/varn1t/ml-pipeline/venv/lib/python3.11/site-packages/airflow/example_dags/tutorial_dag.py
[2026-05-24T14:28:34.732+0000] {processor.py:840} INFO - DAG(s) 'tutorial_dag' retrieved from /home/varn1t/ml-pipeline/venv/lib/python3.11/site-packages/airflow/example_dags/tutorial_dag.py
[2026-05-24T14:28:34.745+0000] {logging_mixin.py:188} INFO - [2026-05-24T14:28:34.745+0000] {dag.py:3096} INFO - Sync 1 DAGs
[2026-05-24T14:28:34.753+0000] {logging_mixin.py:188} INFO - [2026-05-24T14:28:34.753+0000] {dag.py:3954} INFO - Setting next_dagrun for tutorial_dag to None, run_after=None
[2026-05-24T14:28:34.771+0000] {processor.py:183} INFO - Processing /home/varn1t/ml-pipeline/venv/lib/python3.11/site-packages/airflow/example_dags/tutorial_dag.py took 0.049 seconds
[2026-05-24T14:29:17.528+0000] {processor.py:161} INFO - Started process (PID=22335) to work on /home/varn1t/ml-pipeline/venv/lib/python3.11/site-packages/airflow/example_dags/tutorial_dag.py
[2026-05-24T14:29:17.529+0000] {processor.py:830} INFO - Processing file /home/varn1t/ml-pipeline/venv/lib/python3.11/site-packages/airflow/example_dags/tutorial_dag.py for tasks to queue
[2026-05-24T14:29:17.529+0000] {logging_mixin.py:188} INFO - [2026-05-24T14:29:17.529+0000] {dagbag.py:545} INFO - Filling up the DagBag from /home/varn1t/ml-pipeline/venv/lib/python3.11/site-packages/airflow/example_dags/tutorial_dag.py
[2026-05-24T14:29:17.534+0000] {processor.py:840} INFO - DAG(s) 'tutorial_dag' retrieved from /home/varn1t/ml-pipeline/venv/lib/python3.11/site-packages/airflow/example_dags/tutorial_dag.py
[2026-05-24T14:29:17.550+0000] {logging_mixin.py:188} INFO - [2026-05-24T14:29:17.550+0000] {dag.py:3096} INFO - Sync 1 DAGs
[2026-05-24T14:29:17.560+0000] {logging_mixin.py:188} INFO - [2026-05-24T14:29:17.560+0000] {dag.py:3954} INFO - Setting next_dagrun for tutorial_dag to None, run_after=None
[2026-05-24T14:29:17.581+0000] {processor.py:183} INFO - Processing /home/varn1t/ml-pipeline/venv/lib/python3.11/site-packages/airflow/example_dags/tutorial_dag.py took 0.057 seconds
[2026-05-24T14:29:57.304+0000] {processor.py:161} INFO - Started process (PID=22512) to work on /home/varn1t/ml-pipeline/venv/lib/python3.11/site-packages/airflow/example_dags/tutorial_dag.py
[2026-05-24T14:29:57.304+0000] {processor.py:830} INFO - Processing file /home/varn1t/ml-pipeline/venv/lib/python3.11/site-packages/airflow/example_dags/tutorial_dag.py for tasks to queue
[2026-05-24T14:29:57.305+0000] {logging_mixin.py:188} INFO - [2026-05-24T14:29:57.305+0000] {dagbag.py:545} INFO - Filling up the DagBag from /home/varn1t/ml-pipeline/venv/lib/python3.11/site-packages/airflow/example_dags/tutorial_dag.py
[2026-05-24T14:29:57.309+0000] {processor.py:840} INFO - DAG(s) 'tutorial_dag' retrieved from /home/varn1t/ml-pipeline/venv/lib/python3.11/site-packages/airflow/example_dags/tutorial_dag.py
[2026-05-24T14:29:57.323+0000] {logging_mixin.py:188} INFO - [2026-05-24T14:29:57.323+0000] {dag.py:3096} INFO - Sync 1 DAGs
[2026-05-24T14:29:57.331+0000] {logging_mixin.py:188} INFO - [2026-05-24T14:29:57.331+0000] {dag.py:3954} INFO - Setting next_dagrun for tutorial_dag to None, run_after=None
[2026-05-24T14:29:57.347+0000] {processor.py:183} INFO - Processing /home/varn1t/ml-pipeline/venv/lib/python3.11/site-packages/airflow/example_dags/tutorial_dag.py took 0.047 seconds
[2026-05-24T14:30:37.672+0000] {processor.py:161} INFO - Started process (PID=22693) to work on /home/varn1t/ml-pipeline/venv/lib/python3.11/site-packages/airflow/example_dags/tutorial_dag.py
[2026-05-24T14:30:37.673+0000] {processor.py:830} INFO - Processing file /home/varn1t/ml-pipeline/venv/lib/python3.11/site-packages/airflow/example_dags/tutorial_dag.py for tasks to queue
[2026-05-24T14:30:37.673+0000] {logging_mixin.py:188} INFO - [2026-05-24T14:30:37.673+0000] {dagbag.py:545} INFO - Filling up the DagBag from /home/varn1t/ml-pipeline/venv/lib/python3.11/site-packages/airflow/example_dags/tutorial_dag.py
[2026-05-24T14:30:37.677+0000] {processor.py:840} INFO - DAG(s) 'tutorial_dag' retrieved from /home/varn1t/ml-pipeline/venv/lib/python3.11/site-packages/airflow/example_dags/tutorial_dag.py
[2026-05-24T14:30:37.689+0000] {logging_mixin.py:188} INFO - [2026-05-24T14:30:37.689+0000] {dag.py:3096} INFO - Sync 1 DAGs
[2026-05-24T14:30:37.698+0000] {logging_mixin.py:188} INFO - [2026-05-24T14:30:37.698+0000] {dag.py:3954} INFO - Setting next_dagrun for tutorial_dag to None, run_after=None
[2026-05-24T14:30:37.713+0000] {processor.py:183} INFO - Processing /home/varn1t/ml-pipeline/venv/lib/python3.11/site-packages/airflow/example_dags/tutorial_dag.py took 0.045 seconds
[2026-05-24T14:31:19.464+0000] {processor.py:161} INFO - Started process (PID=22873) to work on /home/varn1t/ml-pipeline/venv/lib/python3.11/site-packages/airflow/example_dags/tutorial_dag.py
[2026-05-24T14:31:19.465+0000] {processor.py:830} INFO - Processing file /home/varn1t/ml-pipeline/venv/lib/python3.11/site-packages/airflow/example_dags/tutorial_dag.py for tasks to queue
[2026-05-24T14:31:19.465+0000] {logging_mixin.py:188} INFO - [2026-05-24T14:31:19.465+0000] {dagbag.py:545} INFO - Filling up the DagBag from /home/varn1t/ml-pipeline/venv/lib/python3.11/site-packages/airflow/example_dags/tutorial_dag.py
[2026-05-24T14:31:19.469+0000] {processor.py:840} INFO - DAG(s) 'tutorial_dag' retrieved from /home/varn1t/ml-pipeline/venv/lib/python3.11/site-packages/airflow/example_dags/tutorial_dag.py
[2026-05-24T14:31:19.480+0000] {logging_mixin.py:188} INFO - [2026-05-24T14:31:19.480+0000] {dag.py:3096} INFO - Sync 1 DAGs
[2026-05-24T14:31:19.487+0000] {logging_mixin.py:188} INFO - [2026-05-24T14:31:19.487+0000] {dag.py:3954} INFO - Setting next_dagrun for tutorial_dag to None, run_after=None
[2026-05-24T14:31:19.502+0000] {processor.py:183} INFO - Processing /home/varn1t/ml-pipeline/venv/lib/python3.11/site-packages/airflow/example_dags/tutorial_dag.py took 0.042 seconds
[2026-05-24T14:32:00.577+0000] {processor.py:161} INFO - Started process (PID=23059) to work on /home/varn1t/ml-pipeline/venv/lib/python3.11/site-packages/airflow/example_dags/tutorial_dag.py
[2026-05-24T14:32:00.578+0000] {processor.py:830} INFO - Processing file /home/varn1t/ml-pipeline/venv/lib/python3.11/site-packages/airflow/example_dags/tutorial_dag.py for tasks to queue
[2026-05-24T14:32:00.578+0000] {logging_mixin.py:188} INFO - [2026-05-24T14:32:00.578+0000] {dagbag.py:545} INFO - Filling up the DagBag from /home/varn1t/ml-pipeline/venv/lib/python3.11/site-packages/airflow/example_dags/tutorial_dag.py
[2026-05-24T14:32:00.582+0000] {processor.py:840} INFO - DAG(s) 'tutorial_dag' retrieved from /home/varn1t/ml-pipeline/venv/lib/python3.11/site-packages/airflow/example_dags/tutorial_dag.py
[2026-05-24T14:32:00.594+0000] {logging_mixin.py:188} INFO - [2026-05-24T14:32:00.594+0000] {dag.py:3096} INFO - Sync 1 DAGs
[2026-05-24T14:32:00.601+0000] {logging_mixin.py:188} INFO - [2026-05-24T14:32:00.601+0000] {dag.py:3954} INFO - Setting next_dagrun for tutorial_dag to None, run_after=None
[2026-05-24T14:32:00.617+0000] {processor.py:183} INFO - Processing /home/varn1t/ml-pipeline/venv/lib/python3.11/site-packages/airflow/example_dags/tutorial_dag.py took 0.045 seconds
[2026-05-24T14:32:42.521+0000] {processor.py:161} INFO - Started process (PID=23249) to work on /home/varn1t/ml-pipeline/venv/lib/python3.11/site-packages/airflow/example_dags/tutorial_dag.py
[2026-05-24T14:32:42.522+0000] {processor.py:830} INFO - Processing file /home/varn1t/ml-pipeline/venv/lib/python3.11/site-packages/airflow/example_dags/tutorial_dag.py for tasks to queue
[2026-05-24T14:32:42.522+0000] {logging_mixin.py:188} INFO - [2026-05-24T14:32:42.522+0000] {dagbag.py:545} INFO - Filling up the DagBag from /home/varn1t/ml-pipeline/venv/lib/python3.11/site-packages/airflow/example_dags/tutorial_dag.py
[2026-05-24T14:32:42.526+0000] {processor.py:840} INFO - DAG(s) 'tutorial_dag' retrieved from /home/varn1t/ml-pipeline/venv/lib/python3.11/site-packages/airflow/example_dags/tutorial_dag.py
[2026-05-24T14:32:42.540+0000] {logging_mixin.py:188} INFO - [2026-05-24T14:32:42.540+0000] {dag.py:3096} INFO - Sync 1 DAGs
[2026-05-24T14:32:42.549+0000] {logging_mixin.py:188} INFO - [2026-05-24T14:32:42.549+0000] {dag.py:3954} INFO - Setting next_dagrun for tutorial_dag to None, run_after=None
[2026-05-24T14:32:42.566+0000] {processor.py:183} INFO - Processing /home/varn1t/ml-pipeline/venv/lib/python3.11/site-packages/airflow/example_dags/tutorial_dag.py took 0.051 seconds
[2026-05-24T14:33:25.422+0000] {processor.py:161} INFO - Started process (PID=23435) to work on /home/varn1t/ml-pipeline/venv/lib/python3.11/site-packages/airflow/example_dags/tutorial_dag.py
[2026-05-24T14:33:25.423+0000] {processor.py:830} INFO - Processing file /home/varn1t/ml-pipeline/venv/lib/python3.11/site-packages/airflow/example_dags/tutorial_dag.py for tasks to queue
[2026-05-24T14:33:25.424+0000] {logging_mixin.py:188} INFO - [2026-05-24T14:33:25.423+0000] {dagbag.py:545} INFO - Filling up the DagBag from /home/varn1t/ml-pipeline/venv/lib/python3.11/site-packages/airflow/example_dags/tutorial_dag.py
[2026-05-24T14:33:25.428+0000] {processor.py:840} INFO - DAG(s) 'tutorial_dag' retrieved from /home/varn1t/ml-pipeline/venv/lib/python3.11/site-packages/airflow/example_dags/tutorial_dag.py
[2026-05-24T14:33:25.441+0000] {logging_mixin.py:188} INFO - [2026-05-24T14:33:25.441+0000] {dag.py:3096} INFO - Sync 1 DAGs
[2026-05-24T14:33:25.450+0000] {logging_mixin.py:188} INFO - [2026-05-24T14:33:25.449+0000] {dag.py:3954} INFO - Setting next_dagrun for tutorial_dag to None, run_after=None
[2026-05-24T14:33:25.467+0000] {processor.py:183} INFO - Processing /home/varn1t/ml-pipeline/venv/lib/python3.11/site-packages/airflow/example_dags/tutorial_dag.py took 0.049 seconds
[2026-05-24T14:34:06.304+0000] {processor.py:161} INFO - Started process (PID=23642) to work on /home/varn1t/ml-pipeline/venv/lib/python3.11/site-packages/airflow/example_dags/tutorial_dag.py
[2026-05-24T14:34:06.305+0000] {processor.py:830} INFO - Processing file /home/varn1t/ml-pipeline/venv/lib/python3.11/site-packages/airflow/example_dags/tutorial_dag.py for tasks to queue
[2026-05-24T14:34:06.305+0000] {logging_mixin.py:188} INFO - [2026-05-24T14:34:06.305+0000] {dagbag.py:545} INFO - Filling up the DagBag from /home/varn1t/ml-pipeline/venv/lib/python3.11/site-packages/airflow/example_dags/tutorial_dag.py
[2026-05-24T14:34:06.310+0000] {processor.py:840} INFO - DAG(s) 'tutorial_dag' retrieved from /home/varn1t/ml-pipeline/venv/lib/python3.11/site-packages/airflow/example_dags/tutorial_dag.py
[2026-05-24T14:34:06.322+0000] {logging_mixin.py:188} INFO - [2026-05-24T14:34:06.322+0000] {dag.py:3096} INFO - Sync 1 DAGs
[2026-05-24T14:34:06.330+0000] {logging_mixin.py:188} INFO - [2026-05-24T14:34:06.330+0000] {dag.py:3954} INFO - Setting next_dagrun for tutorial_dag to None, run_after=None
[2026-05-24T14:34:06.346+0000] {processor.py:183} INFO - Processing /home/varn1t/ml-pipeline/venv/lib/python3.11/site-packages/airflow/example_dags/tutorial_dag.py took 0.047 seconds
[2026-05-24T14:34:46.833+0000] {processor.py:161} INFO - Started process (PID=23822) to work on /home/varn1t/ml-pipeline/venv/lib/python3.11/site-packages/airflow/example_dags/tutorial_dag.py
[2026-05-24T14:34:46.833+0000] {processor.py:830} INFO - Processing file /home/varn1t/ml-pipeline/venv/lib/python3.11/site-packages/airflow/example_dags/tutorial_dag.py for tasks to queue
[2026-05-24T14:34:46.834+0000] {logging_mixin.py:188} INFO - [2026-05-24T14:34:46.834+0000] {dagbag.py:545} INFO - Filling up the DagBag from /home/varn1t/ml-pipeline/venv/lib/python3.11/site-packages/airflow/example_dags/tutorial_dag.py
[2026-05-24T14:34:46.838+0000] {processor.py:840} INFO - DAG(s) 'tutorial_dag' retrieved from /home/varn1t/ml-pipeline/venv/lib/python3.11/site-packages/airflow/example_dags/tutorial_dag.py
[2026-05-24T14:34:46.850+0000] {logging_mixin.py:188} INFO - [2026-05-24T14:34:46.850+0000] {dag.py:3096} INFO - Sync 1 DAGs
[2026-05-24T14:34:46.858+0000] {logging_mixin.py:188} INFO - [2026-05-24T14:34:46.857+0000] {dag.py:3954} INFO - Setting next_dagrun for tutorial_dag to None, run_after=None
[2026-05-24T14:34:46.875+0000] {processor.py:183} INFO - Processing /home/varn1t/ml-pipeline/venv/lib/python3.11/site-packages/airflow/example_dags/tutorial_dag.py took 0.046 seconds
[2026-05-24T14:35:29.897+0000] {processor.py:161} INFO - Started process (PID=24009) to work on /home/varn1t/ml-pipeline/venv/lib/python3.11/site-packages/airflow/example_dags/tutorial_dag.py
[2026-05-24T14:35:29.898+0000] {processor.py:830} INFO - Processing file /home/varn1t/ml-pipeline/venv/lib/python3.11/site-packages/airflow/example_dags/tutorial_dag.py for tasks to queue
[2026-05-24T14:35:29.898+0000] {logging_mixin.py:188} INFO - [2026-05-24T14:35:29.898+0000] {dagbag.py:545} INFO - Filling up the DagBag from /home/varn1t/ml-pipeline/venv/lib/python3.11/site-packages/airflow/example_dags/tutorial_dag.py
[2026-05-24T14:35:29.907+0000] {processor.py:840} INFO - DAG(s) 'tutorial_dag' retrieved from /home/varn1t/ml-pipeline/venv/lib/python3.11/site-packages/airflow/example_dags/tutorial_dag.py
[2026-05-24T14:35:29.925+0000] {logging_mixin.py:188} INFO - [2026-05-24T14:35:29.925+0000] {dag.py:3096} INFO - Sync 1 DAGs
[2026-05-24T14:35:29.935+0000] {logging_mixin.py:188} INFO - [2026-05-24T14:35:29.935+0000] {dag.py:3954} INFO - Setting next_dagrun for tutorial_dag to None, run_after=None
[2026-05-24T14:35:29.960+0000] {processor.py:183} INFO - Processing /home/varn1t/ml-pipeline/venv/lib/python3.11/site-packages/airflow/example_dags/tutorial_dag.py took 0.070 seconds
[2026-05-24T14:36:10.277+0000] {processor.py:161} INFO - Started process (PID=24189) to work on /home/varn1t/ml-pipeline/venv/lib/python3.11/site-packages/airflow/example_dags/tutorial_dag.py
[2026-05-24T14:36:10.278+0000] {processor.py:830} INFO - Processing file /home/varn1t/ml-pipeline/venv/lib/python3.11/site-packages/airflow/example_dags/tutorial_dag.py for tasks to queue
[2026-05-24T14:36:10.278+0000] {logging_mixin.py:188} INFO - [2026-05-24T14:36:10.278+0000] {dagbag.py:545} INFO - Filling up the DagBag from /home/varn1t/ml-pipeline/venv/lib/python3.11/site-packages/airflow/example_dags/tutorial_dag.py
[2026-05-24T14:36:10.282+0000] {processor.py:840} INFO - DAG(s) 'tutorial_dag' retrieved from /home/varn1t/ml-pipeline/venv/lib/python3.11/site-packages/airflow/example_dags/tutorial_dag.py
[2026-05-24T14:36:10.295+0000] {logging_mixin.py:188} INFO - [2026-05-24T14:36:10.294+0000] {dag.py:3096} INFO - Sync 1 DAGs
[2026-05-24T14:36:10.303+0000] {logging_mixin.py:188} INFO - [2026-05-24T14:36:10.302+0000] {dag.py:3954} INFO - Setting next_dagrun for tutorial_dag to None, run_after=None
[2026-05-24T14:36:10.321+0000] {processor.py:183} INFO - Processing /home/varn1t/ml-pipeline/venv/lib/python3.11/site-packages/airflow/example_dags/tutorial_dag.py took 0.048 seconds
[2026-05-24T14:36:54.321+0000] {processor.py:161} INFO - Started process (PID=24386) to work on /home/varn1t/ml-pipeline/venv/lib/python3.11/site-packages/airflow/example_dags/tutorial_dag.py
[2026-05-24T14:36:54.323+0000] {processor.py:830} INFO - Processing file /home/varn1t/ml-pipeline/venv/lib/python3.11/site-packages/airflow/example_dags/tutorial_dag.py for tasks to queue
[2026-05-24T14:36:54.324+0000] {logging_mixin.py:188} INFO - [2026-05-24T14:36:54.323+0000] {dagbag.py:545} INFO - Filling up the DagBag from /home/varn1t/ml-pipeline/venv/lib/python3.11/site-packages/airflow/example_dags/tutorial_dag.py
[2026-05-24T14:36:54.328+0000] {processor.py:840} INFO - DAG(s) 'tutorial_dag' retrieved from /home/varn1t/ml-pipeline/venv/lib/python3.11/site-packages/airflow/example_dags/tutorial_dag.py
[2026-05-24T14:36:54.339+0000] {logging_mixin.py:188} INFO - [2026-05-24T14:36:54.339+0000] {dag.py:3096} INFO - Sync 1 DAGs
[2026-05-24T14:36:54.346+0000] {logging_mixin.py:188} INFO - [2026-05-24T14:36:54.346+0000] {dag.py:3954} INFO - Setting next_dagrun for tutorial_dag to None, run_after=None
[2026-05-24T14:36:54.360+0000] {processor.py:183} INFO - Processing /home/varn1t/ml-pipeline/venv/lib/python3.11/site-packages/airflow/example_dags/tutorial_dag.py took 0.044 seconds
[2026-05-24T14:37:33.342+0000] {processor.py:161} INFO - Started process (PID=24587) to work on /home/varn1t/ml-pipeline/venv/lib/python3.11/site-packages/airflow/example_dags/tutorial_dag.py
[2026-05-24T14:37:33.343+0000] {processor.py:830} INFO - Processing file /home/varn1t/ml-pipeline/venv/lib/python3.11/site-packages/airflow/example_dags/tutorial_dag.py for tasks to queue
[2026-05-24T14:37:33.344+0000] {logging_mixin.py:188} INFO - [2026-05-24T14:37:33.343+0000] {dagbag.py:545} INFO - Filling up the DagBag from /home/varn1t/ml-pipeline/venv/lib/python3.11/site-packages/airflow/example_dags/tutorial_dag.py
[2026-05-24T14:37:33.347+0000] {processor.py:840} INFO - DAG(s) 'tutorial_dag' retrieved from /home/varn1t/ml-pipeline/venv/lib/python3.11/site-packages/airflow/example_dags/tutorial_dag.py
[2026-05-24T14:37:33.358+0000] {logging_mixin.py:188} INFO - [2026-05-24T14:37:33.358+0000] {dag.py:3096} INFO - Sync 1 DAGs
[2026-05-24T14:37:33.365+0000] {logging_mixin.py:188} INFO - [2026-05-24T14:37:33.365+0000] {dag.py:3954} INFO - Setting next_dagrun for tutorial_dag to None, run_after=None
[2026-05-24T14:37:33.380+0000] {processor.py:183} INFO - Processing /home/varn1t/ml-pipeline/venv/lib/python3.11/site-packages/airflow/example_dags/tutorial_dag.py took 0.042 seconds
[2026-05-24T14:38:13.207+0000] {processor.py:161} INFO - Started process (PID=24766) to work on /home/varn1t/ml-pipeline/venv/lib/python3.11/site-packages/airflow/example_dags/tutorial_dag.py
[2026-05-24T14:38:13.208+0000] {processor.py:830} INFO - Processing file /home/varn1t/ml-pipeline/venv/lib/python3.11/site-packages/airflow/example_dags/tutorial_dag.py for tasks to queue
[2026-05-24T14:38:13.208+0000] {logging_mixin.py:188} INFO - [2026-05-24T14:38:13.208+0000] {dagbag.py:545} INFO - Filling up the DagBag from /home/varn1t/ml-pipeline/venv/lib/python3.11/site-packages/airflow/example_dags/tutorial_dag.py
[2026-05-24T14:38:13.213+0000] {processor.py:840} INFO - DAG(s) 'tutorial_dag' retrieved from /home/varn1t/ml-pipeline/venv/lib/python3.11/site-packages/airflow/example_dags/tutorial_dag.py
[2026-05-24T14:38:13.226+0000] {logging_mixin.py:188} INFO - [2026-05-24T14:38:13.226+0000] {dag.py:3096} INFO - Sync 1 DAGs
[2026-05-24T14:38:13.234+0000] {logging_mixin.py:188} INFO - [2026-05-24T14:38:13.233+0000] {dag.py:3954} INFO - Setting next_dagrun for tutorial_dag to None, run_after=None
[2026-05-24T14:38:13.250+0000] {processor.py:183} INFO - Processing /home/varn1t/ml-pipeline/venv/lib/python3.11/site-packages/airflow/example_dags/tutorial_dag.py took 0.049 seconds
[2026-05-24T14:38:53.852+0000] {processor.py:161} INFO - Started process (PID=24972) to work on /home/varn1t/ml-pipeline/venv/lib/python3.11/site-packages/airflow/example_dags/tutorial_dag.py
[2026-05-24T14:38:53.853+0000] {processor.py:830} INFO - Processing file /home/varn1t/ml-pipeline/venv/lib/python3.11/site-packages/airflow/example_dags/tutorial_dag.py for tasks to queue
[2026-05-24T14:38:53.854+0000] {logging_mixin.py:188} INFO - [2026-05-24T14:38:53.853+0000] {dagbag.py:545} INFO - Filling up the DagBag from /home/varn1t/ml-pipeline/venv/lib/python3.11/site-packages/airflow/example_dags/tutorial_dag.py
[2026-05-24T14:38:53.858+0000] {processor.py:840} INFO - DAG(s) 'tutorial_dag' retrieved from /home/varn1t/ml-pipeline/venv/lib/python3.11/site-packages/airflow/example_dags/tutorial_dag.py
[2026-05-24T14:38:53.870+0000] {logging_mixin.py:188} INFO - [2026-05-24T14:38:53.870+0000] {dag.py:3096} INFO - Sync 1 DAGs
[2026-05-24T14:38:53.878+0000] {logging_mixin.py:188} INFO - [2026-05-24T14:38:53.878+0000] {dag.py:3954} INFO - Setting next_dagrun for tutorial_dag to None, run_after=None
[2026-05-24T14:38:53.899+0000] {processor.py:183} INFO - Processing /home/varn1t/ml-pipeline/venv/lib/python3.11/site-packages/airflow/example_dags/tutorial_dag.py took 0.052 seconds
[2026-05-24T14:39:34.009+0000] {processor.py:161} INFO - Started process (PID=25145) to work on /home/varn1t/ml-pipeline/venv/lib/python3.11/site-packages/airflow/example_dags/tutorial_dag.py
[2026-05-24T14:39:34.010+0000] {processor.py:830} INFO - Processing file /home/varn1t/ml-pipeline/venv/lib/python3.11/site-packages/airflow/example_dags/tutorial_dag.py for tasks to queue
[2026-05-24T14:39:34.011+0000] {logging_mixin.py:188} INFO - [2026-05-24T14:39:34.010+0000] {dagbag.py:545} INFO - Filling up the DagBag from /home/varn1t/ml-pipeline/venv/lib/python3.11/site-packages/airflow/example_dags/tutorial_dag.py
[2026-05-24T14:39:34.014+0000] {processor.py:840} INFO - DAG(s) 'tutorial_dag' retrieved from /home/varn1t/ml-pipeline/venv/lib/python3.11/site-packages/airflow/example_dags/tutorial_dag.py
[2026-05-24T14:39:34.028+0000] {logging_mixin.py:188} INFO - [2026-05-24T14:39:34.028+0000] {dag.py:3096} INFO - Sync 1 DAGs
[2026-05-24T14:39:34.035+0000] {logging_mixin.py:188} INFO - [2026-05-24T14:39:34.035+0000] {dag.py:3954} INFO - Setting next_dagrun for tutorial_dag to None, run_after=None
[2026-05-24T14:39:34.052+0000] {processor.py:183} INFO - Processing /home/varn1t/ml-pipeline/venv/lib/python3.11/site-packages/airflow/example_dags/tutorial_dag.py took 0.047 seconds
[2026-05-24T14:40:18.661+0000] {processor.py:161} INFO - Started process (PID=25343) to work on /home/varn1t/ml-pipeline/venv/lib/python3.11/site-packages/airflow/example_dags/tutorial_dag.py
[2026-05-24T14:40:18.663+0000] {processor.py:830} INFO - Processing file /home/varn1t/ml-pipeline/venv/lib/python3.11/site-packages/airflow/example_dags/tutorial_dag.py for tasks to queue
[2026-05-24T14:40:18.663+0000] {logging_mixin.py:188} INFO - [2026-05-24T14:40:18.663+0000] {dagbag.py:545} INFO - Filling up the DagBag from /home/varn1t/ml-pipeline/venv/lib/python3.11/site-packages/airflow/example_dags/tutorial_dag.py
[2026-05-24T14:40:18.669+0000] {processor.py:840} INFO - DAG(s) 'tutorial_dag' retrieved from /home/varn1t/ml-pipeline/venv/lib/python3.11/site-packages/airflow/example_dags/tutorial_dag.py
[2026-05-24T14:40:18.686+0000] {logging_mixin.py:188} INFO - [2026-05-24T14:40:18.686+0000] {dag.py:3096} INFO - Sync 1 DAGs
[2026-05-24T14:40:18.696+0000] {logging_mixin.py:188} INFO - [2026-05-24T14:40:18.696+0000] {dag.py:3954} INFO - Setting next_dagrun for tutorial_dag to None, run_after=None
[2026-05-24T14:40:18.825+0000] {processor.py:183} INFO - Processing /home/varn1t/ml-pipeline/venv/lib/python3.11/site-packages/airflow/example_dags/tutorial_dag.py took 0.169 seconds
[2026-05-24T14:41:05.420+0000] {processor.py:161} INFO - Started process (PID=25544) to work on /home/varn1t/ml-pipeline/venv/lib/python3.11/site-packages/airflow/example_dags/tutorial_dag.py
[2026-05-24T14:41:05.420+0000] {processor.py:830} INFO - Processing file /home/varn1t/ml-pipeline/venv/lib/python3.11/site-packages/airflow/example_dags/tutorial_dag.py for tasks to queue
[2026-05-24T14:41:05.421+0000] {logging_mixin.py:188} INFO - [2026-05-24T14:41:05.421+0000] {dagbag.py:545} INFO - Filling up the DagBag from /home/varn1t/ml-pipeline/venv/lib/python3.11/site-packages/airflow/example_dags/tutorial_dag.py
[2026-05-24T14:41:05.425+0000] {processor.py:840} INFO - DAG(s) 'tutorial_dag' retrieved from /home/varn1t/ml-pipeline/venv/lib/python3.11/site-packages/airflow/example_dags/tutorial_dag.py
[2026-05-24T14:41:05.439+0000] {logging_mixin.py:188} INFO - [2026-05-24T14:41:05.439+0000] {dag.py:3096} INFO - Sync 1 DAGs
[2026-05-24T14:41:05.447+0000] {logging_mixin.py:188} INFO - [2026-05-24T14:41:05.447+0000] {dag.py:3954} INFO - Setting next_dagrun for tutorial_dag to None, run_after=None
[2026-05-24T14:41:05.463+0000] {processor.py:183} INFO - Processing /home/varn1t/ml-pipeline/venv/lib/python3.11/site-packages/airflow/example_dags/tutorial_dag.py took 0.047 seconds
[2026-05-24T14:41:52.042+0000] {processor.py:161} INFO - Started process (PID=25747) to work on /home/varn1t/ml-pipeline/venv/lib/python3.11/site-packages/airflow/example_dags/tutorial_dag.py
[2026-05-24T14:41:52.043+0000] {processor.py:830} INFO - Processing file /home/varn1t/ml-pipeline/venv/lib/python3.11/site-packages/airflow/example_dags/tutorial_dag.py for tasks to queue
[2026-05-24T14:41:52.043+0000] {logging_mixin.py:188} INFO - [2026-05-24T14:41:52.043+0000] {dagbag.py:545} INFO - Filling up the DagBag from /home/varn1t/ml-pipeline/venv/lib/python3.11/site-packages/airflow/example_dags/tutorial_dag.py
[2026-05-24T14:41:52.047+0000] {processor.py:840} INFO - DAG(s) 'tutorial_dag' retrieved from /home/varn1t/ml-pipeline/venv/lib/python3.11/site-packages/airflow/example_dags/tutorial_dag.py
[2026-05-24T14:41:52.061+0000] {logging_mixin.py:188} INFO - [2026-05-24T14:41:52.061+0000] {dag.py:3096} INFO - Sync 1 DAGs
[2026-05-24T14:41:52.069+0000] {logging_mixin.py:188} INFO - [2026-05-24T14:41:52.069+0000] {dag.py:3954} INFO - Setting next_dagrun for tutorial_dag to None, run_after=None
[2026-05-24T14:41:52.088+0000] {processor.py:183} INFO - Processing /home/varn1t/ml-pipeline/venv/lib/python3.11/site-packages/airflow/example_dags/tutorial_dag.py took 0.050 seconds
[2026-05-24T14:42:39.825+0000] {processor.py:161} INFO - Started process (PID=25952) to work on /home/varn1t/ml-pipeline/venv/lib/python3.11/site-packages/airflow/example_dags/tutorial_dag.py
[2026-05-24T14:42:39.826+0000] {processor.py:830} INFO - Processing file /home/varn1t/ml-pipeline/venv/lib/python3.11/site-packages/airflow/example_dags/tutorial_dag.py for tasks to queue
[2026-05-24T14:42:39.826+0000] {logging_mixin.py:188} INFO - [2026-05-24T14:42:39.826+0000] {dagbag.py:545} INFO - Filling up the DagBag from /home/varn1t/ml-pipeline/venv/lib/python3.11/site-packages/airflow/example_dags/tutorial_dag.py
[2026-05-24T14:42:39.830+0000] {processor.py:840} INFO - DAG(s) 'tutorial_dag' retrieved from /home/varn1t/ml-pipeline/venv/lib/python3.11/site-packages/airflow/example_dags/tutorial_dag.py
[2026-05-24T14:42:39.842+0000] {logging_mixin.py:188} INFO - [2026-05-24T14:42:39.842+0000] {dag.py:3096} INFO - Sync 1 DAGs
[2026-05-24T14:42:39.850+0000] {logging_mixin.py:188} INFO - [2026-05-24T14:42:39.850+0000] {dag.py:3954} INFO - Setting next_dagrun for tutorial_dag to None, run_after=None
[2026-05-24T14:42:39.868+0000] {processor.py:183} INFO - Processing /home/varn1t/ml-pipeline/venv/lib/python3.11/site-packages/airflow/example_dags/tutorial_dag.py took 0.048 seconds
[2026-05-24T14:43:23.055+0000] {processor.py:161} INFO - Started process (PID=26141) to work on /home/varn1t/ml-pipeline/venv/lib/python3.11/site-packages/airflow/example_dags/tutorial_dag.py
[2026-05-24T14:43:23.056+0000] {processor.py:830} INFO - Processing file /home/varn1t/ml-pipeline/venv/lib/python3.11/site-packages/airflow/example_dags/tutorial_dag.py for tasks to queue
[2026-05-24T14:43:23.057+0000] {logging_mixin.py:188} INFO - [2026-05-24T14:43:23.056+0000] {dagbag.py:545} INFO - Filling up the DagBag from /home/varn1t/ml-pipeline/venv/lib/python3.11/site-packages/airflow/example_dags/tutorial_dag.py
[2026-05-24T14:43:23.062+0000] {processor.py:840} INFO - DAG(s) 'tutorial_dag' retrieved from /home/varn1t/ml-pipeline/venv/lib/python3.11/site-packages/airflow/example_dags/tutorial_dag.py
[2026-05-24T14:43:23.073+0000] {logging_mixin.py:188} INFO - [2026-05-24T14:43:23.073+0000] {dag.py:3096} INFO - Sync 1 DAGs
[2026-05-24T14:43:23.167+0000] {logging_mixin.py:188} INFO - [2026-05-24T14:43:23.167+0000] {dag.py:3954} INFO - Setting next_dagrun for tutorial_dag to None, run_after=None
[2026-05-24T14:43:23.182+0000] {processor.py:183} INFO - Processing /home/varn1t/ml-pipeline/venv/lib/python3.11/site-packages/airflow/example_dags/tutorial_dag.py took 0.131 seconds
[2026-05-24T14:44:04.105+0000] {processor.py:161} INFO - Started process (PID=26354) to work on /home/varn1t/ml-pipeline/venv/lib/python3.11/site-packages/airflow/example_dags/tutorial_dag.py
[2026-05-24T14:44:04.106+0000] {processor.py:830} INFO - Processing file /home/varn1t/ml-pipeline/venv/lib/python3.11/site-packages/airflow/example_dags/tutorial_dag.py for tasks to queue
[2026-05-24T14:44:04.107+0000] {logging_mixin.py:188} INFO - [2026-05-24T14:44:04.106+0000] {dagbag.py:545} INFO - Filling up the DagBag from /home/varn1t/ml-pipeline/venv/lib/python3.11/site-packages/airflow/example_dags/tutorial_dag.py
[2026-05-24T14:44:04.111+0000] {processor.py:840} INFO - DAG(s) 'tutorial_dag' retrieved from /home/varn1t/ml-pipeline/venv/lib/python3.11/site-packages/airflow/example_dags/tutorial_dag.py
[2026-05-24T14:44:04.123+0000] {logging_mixin.py:188} INFO - [2026-05-24T14:44:04.123+0000] {dag.py:3096} INFO - Sync 1 DAGs
[2026-05-24T14:44:04.132+0000] {logging_mixin.py:188} INFO - [2026-05-24T14:44:04.131+0000] {dag.py:3954} INFO - Setting next_dagrun for tutorial_dag to None, run_after=None
[2026-05-24T14:44:04.147+0000] {processor.py:183} INFO - Processing /home/varn1t/ml-pipeline/venv/lib/python3.11/site-packages/airflow/example_dags/tutorial_dag.py took 0.046 seconds
[2026-05-24T14:44:46.269+0000] {processor.py:161} INFO - Started process (PID=26549) to work on /home/varn1t/ml-pipeline/venv/lib/python3.11/site-packages/airflow/example_dags/tutorial_dag.py
[2026-05-24T14:44:46.270+0000] {processor.py:830} INFO - Processing file /home/varn1t/ml-pipeline/venv/lib/python3.11/site-packages/airflow/example_dags/tutorial_dag.py for tasks to queue
[2026-05-24T14:44:46.270+0000] {logging_mixin.py:188} INFO - [2026-05-24T14:44:46.270+0000] {dagbag.py:545} INFO - Filling up the DagBag from /home/varn1t/ml-pipeline/venv/lib/python3.11/site-packages/airflow/example_dags/tutorial_dag.py
[2026-05-24T14:44:46.275+0000] {processor.py:840} INFO - DAG(s) 'tutorial_dag' retrieved from /home/varn1t/ml-pipeline/venv/lib/python3.11/site-packages/airflow/example_dags/tutorial_dag.py
[2026-05-24T14:44:46.291+0000] {logging_mixin.py:188} INFO - [2026-05-24T14:44:46.291+0000] {dag.py:3096} INFO - Sync 1 DAGs
[2026-05-24T14:44:46.299+0000] {logging_mixin.py:188} INFO - [2026-05-24T14:44:46.299+0000] {dag.py:3954} INFO - Setting next_dagrun for tutorial_dag to None, run_after=None
[2026-05-24T14:44:46.319+0000] {processor.py:183} INFO - Processing /home/varn1t/ml-pipeline/venv/lib/python3.11/site-packages/airflow/example_dags/tutorial_dag.py took 0.054 seconds
[2026-05-24T14:45:25.077+0000] {processor.py:161} INFO - Started process (PID=26723) to work on /home/varn1t/ml-pipeline/venv/lib/python3.11/site-packages/airflow/example_dags/tutorial_dag.py
[2026-05-24T14:45:25.078+0000] {processor.py:830} INFO - Processing file /home/varn1t/ml-pipeline/venv/lib/python3.11/site-packages/airflow/example_dags/tutorial_dag.py for tasks to queue
[2026-05-24T14:45:25.079+0000] {logging_mixin.py:188} INFO - [2026-05-24T14:45:25.079+0000] {dagbag.py:545} INFO - Filling up the DagBag from /home/varn1t/ml-pipeline/venv/lib/python3.11/site-packages/airflow/example_dags/tutorial_dag.py
[2026-05-24T14:45:25.083+0000] {processor.py:840} INFO - DAG(s) 'tutorial_dag' retrieved from /home/varn1t/ml-pipeline/venv/lib/python3.11/site-packages/airflow/example_dags/tutorial_dag.py
[2026-05-24T14:45:25.097+0000] {logging_mixin.py:188} INFO - [2026-05-24T14:45:25.097+0000] {dag.py:3096} INFO - Sync 1 DAGs
[2026-05-24T14:45:25.104+0000] {logging_mixin.py:188} INFO - [2026-05-24T14:45:25.104+0000] {dag.py:3954} INFO - Setting next_dagrun for tutorial_dag to None, run_after=None
[2026-05-24T14:45:25.120+0000] {processor.py:183} INFO - Processing /home/varn1t/ml-pipeline/venv/lib/python3.11/site-packages/airflow/example_dags/tutorial_dag.py took 0.048 seconds
[2026-05-24T14:46:08.848+0000] {processor.py:161} INFO - Started process (PID=26919) to work on /home/varn1t/ml-pipeline/venv/lib/python3.11/site-packages/airflow/example_dags/tutorial_dag.py
[2026-05-24T14:46:08.849+0000] {processor.py:830} INFO - Processing file /home/varn1t/ml-pipeline/venv/lib/python3.11/site-packages/airflow/example_dags/tutorial_dag.py for tasks to queue
[2026-05-24T14:46:08.850+0000] {logging_mixin.py:188} INFO - [2026-05-24T14:46:08.850+0000] {dagbag.py:545} INFO - Filling up the DagBag from /home/varn1t/ml-pipeline/venv/lib/python3.11/site-packages/airflow/example_dags/tutorial_dag.py
[2026-05-24T14:46:08.854+0000] {processor.py:840} INFO - DAG(s) 'tutorial_dag' retrieved from /home/varn1t/ml-pipeline/venv/lib/python3.11/site-packages/airflow/example_dags/tutorial_dag.py
[2026-05-24T14:46:08.866+0000] {logging_mixin.py:188} INFO - [2026-05-24T14:46:08.866+0000] {dag.py:3096} INFO - Sync 1 DAGs
[2026-05-24T14:46:08.875+0000] {logging_mixin.py:188} INFO - [2026-05-24T14:46:08.875+0000] {dag.py:3954} INFO - Setting next_dagrun for tutorial_dag to None, run_after=None
[2026-05-24T14:46:08.892+0000] {processor.py:183} INFO - Processing /home/varn1t/ml-pipeline/venv/lib/python3.11/site-packages/airflow/example_dags/tutorial_dag.py took 0.049 seconds
[2026-05-24T14:46:51.622+0000] {processor.py:161} INFO - Started process (PID=27116) to work on /home/varn1t/ml-pipeline/venv/lib/python3.11/site-packages/airflow/example_dags/tutorial_dag.py
[2026-05-24T14:46:51.624+0000] {processor.py:830} INFO - Processing file /home/varn1t/ml-pipeline/venv/lib/python3.11/site-packages/airflow/example_dags/tutorial_dag.py for tasks to queue
[2026-05-24T14:46:51.624+0000] {logging_mixin.py:188} INFO - [2026-05-24T14:46:51.624+0000] {dagbag.py:545} INFO - Filling up the DagBag from /home/varn1t/ml-pipeline/venv/lib/python3.11/site-packages/airflow/example_dags/tutorial_dag.py
[2026-05-24T14:46:51.628+0000] {processor.py:840} INFO - DAG(s) 'tutorial_dag' retrieved from /home/varn1t/ml-pipeline/venv/lib/python3.11/site-packages/airflow/example_dags/tutorial_dag.py
[2026-05-24T14:46:51.642+0000] {logging_mixin.py:188} INFO - [2026-05-24T14:46:51.642+0000] {dag.py:3096} INFO - Sync 1 DAGs
[2026-05-24T14:46:51.651+0000] {logging_mixin.py:188} INFO - [2026-05-24T14:46:51.650+0000] {dag.py:3954} INFO - Setting next_dagrun for tutorial_dag to None, run_after=None
[2026-05-24T14:46:51.668+0000] {processor.py:183} INFO - Processing /home/varn1t/ml-pipeline/venv/lib/python3.11/site-packages/airflow/example_dags/tutorial_dag.py took 0.051 seconds
[2026-05-24T14:47:34.990+0000] {processor.py:161} INFO - Started process (PID=27314) to work on /home/varn1t/ml-pipeline/venv/lib/python3.11/site-packages/airflow/example_dags/tutorial_dag.py
[2026-05-24T14:47:34.990+0000] {processor.py:830} INFO - Processing file /home/varn1t/ml-pipeline/venv/lib/python3.11/site-packages/airflow/example_dags/tutorial_dag.py for tasks to queue
[2026-05-24T14:47:34.991+0000] {logging_mixin.py:188} INFO - [2026-05-24T14:47:34.991+0000] {dagbag.py:545} INFO - Filling up the DagBag from /home/varn1t/ml-pipeline/venv/lib/python3.11/site-packages/airflow/example_dags/tutorial_dag.py
[2026-05-24T14:47:34.995+0000] {processor.py:840} INFO - DAG(s) 'tutorial_dag' retrieved from /home/varn1t/ml-pipeline/venv/lib/python3.11/site-packages/airflow/example_dags/tutorial_dag.py
[2026-05-24T14:47:35.008+0000] {logging_mixin.py:188} INFO - [2026-05-24T14:47:35.008+0000] {dag.py:3096} INFO - Sync 1 DAGs
[2026-05-24T14:47:35.015+0000] {logging_mixin.py:188} INFO - [2026-05-24T14:47:35.014+0000] {dag.py:3954} INFO - Setting next_dagrun for tutorial_dag to None, run_after=None
[2026-05-24T14:47:35.031+0000] {processor.py:183} INFO - Processing /home/varn1t/ml-pipeline/venv/lib/python3.11/site-packages/airflow/example_dags/tutorial_dag.py took 0.046 seconds
[2026-05-24T14:48:16.754+0000] {processor.py:161} INFO - Started process (PID=27506) to work on /home/varn1t/ml-pipeline/venv/lib/python3.11/site-packages/airflow/example_dags/tutorial_dag.py
[2026-05-24T14:48:16.756+0000] {processor.py:830} INFO - Processing file /home/varn1t/ml-pipeline/venv/lib/python3.11/site-packages/airflow/example_dags/tutorial_dag.py for tasks to queue
[2026-05-24T14:48:16.757+0000] {logging_mixin.py:188} INFO - [2026-05-24T14:48:16.757+0000] {dagbag.py:545} INFO - Filling up the DagBag from /home/varn1t/ml-pipeline/venv/lib/python3.11/site-packages/airflow/example_dags/tutorial_dag.py
[2026-05-24T14:48:16.764+0000] {processor.py:840} INFO - DAG(s) 'tutorial_dag' retrieved from /home/varn1t/ml-pipeline/venv/lib/python3.11/site-packages/airflow/example_dags/tutorial_dag.py
[2026-05-24T14:48:16.776+0000] {logging_mixin.py:188} INFO - [2026-05-24T14:48:16.776+0000] {dag.py:3096} INFO - Sync 1 DAGs
[2026-05-24T14:48:16.784+0000] {logging_mixin.py:188} INFO - [2026-05-24T14:48:16.784+0000] {dag.py:3954} INFO - Setting next_dagrun for tutorial_dag to None, run_after=None
[2026-05-24T14:48:16.801+0000] {processor.py:183} INFO - Processing /home/varn1t/ml-pipeline/venv/lib/python3.11/site-packages/airflow/example_dags/tutorial_dag.py took 0.053 seconds
[2026-05-24T14:48:54.396+0000] {processor.py:161} INFO - Started process (PID=27704) to work on /home/varn1t/ml-pipeline/venv/lib/python3.11/site-packages/airflow/example_dags/tutorial_dag.py
[2026-05-24T14:48:54.398+0000] {processor.py:830} INFO - Processing file /home/varn1t/ml-pipeline/venv/lib/python3.11/site-packages/airflow/example_dags/tutorial_dag.py for tasks to queue
[2026-05-24T14:48:54.400+0000] {logging_mixin.py:188} INFO - [2026-05-24T14:48:54.400+0000] {dagbag.py:545} INFO - Filling up the DagBag from /home/varn1t/ml-pipeline/venv/lib/python3.11/site-packages/airflow/example_dags/tutorial_dag.py
[2026-05-24T14:48:54.405+0000] {processor.py:840} INFO - DAG(s) 'tutorial_dag' retrieved from /home/varn1t/ml-pipeline/venv/lib/python3.11/site-packages/airflow/example_dags/tutorial_dag.py
[2026-05-24T14:48:54.420+0000] {logging_mixin.py:188} INFO - [2026-05-24T14:48:54.419+0000] {dag.py:3096} INFO - Sync 1 DAGs
[2026-05-24T14:48:54.429+0000] {logging_mixin.py:188} INFO - [2026-05-24T14:48:54.429+0000] {dag.py:3954} INFO - Setting next_dagrun for tutorial_dag to None, run_after=None
[2026-05-24T14:48:54.447+0000] {processor.py:183} INFO - Processing /home/varn1t/ml-pipeline/venv/lib/python3.11/site-packages/airflow/example_dags/tutorial_dag.py took 0.056 seconds
[2026-05-24T14:49:34.138+0000] {processor.py:161} INFO - Started process (PID=27884) to work on /home/varn1t/ml-pipeline/venv/lib/python3.11/site-packages/airflow/example_dags/tutorial_dag.py
[2026-05-24T14:49:34.139+0000] {processor.py:830} INFO - Processing file /home/varn1t/ml-pipeline/venv/lib/python3.11/site-packages/airflow/example_dags/tutorial_dag.py for tasks to queue
[2026-05-24T14:49:34.140+0000] {logging_mixin.py:188} INFO - [2026-05-24T14:49:34.140+0000] {dagbag.py:545} INFO - Filling up the DagBag from /home/varn1t/ml-pipeline/venv/lib/python3.11/site-packages/airflow/example_dags/tutorial_dag.py
[2026-05-24T14:49:34.146+0000] {processor.py:840} INFO - DAG(s) 'tutorial_dag' retrieved from /home/varn1t/ml-pipeline/venv/lib/python3.11/site-packages/airflow/example_dags/tutorial_dag.py
[2026-05-24T14:49:34.163+0000] {logging_mixin.py:188} INFO - [2026-05-24T14:49:34.163+0000] {dag.py:3096} INFO - Sync 1 DAGs
[2026-05-24T14:49:34.175+0000] {logging_mixin.py:188} INFO - [2026-05-24T14:49:34.174+0000] {dag.py:3954} INFO - Setting next_dagrun for tutorial_dag to None, run_after=None
[2026-05-24T14:49:34.196+0000] {processor.py:183} INFO - Processing /home/varn1t/ml-pipeline/venv/lib/python3.11/site-packages/airflow/example_dags/tutorial_dag.py took 0.064 seconds
[2026-05-24T14:50:14.058+0000] {processor.py:161} INFO - Started process (PID=28075) to work on /home/varn1t/ml-pipeline/venv/lib/python3.11/site-packages/airflow/example_dags/tutorial_dag.py
[2026-05-24T14:50:14.060+0000] {processor.py:830} INFO - Processing file /home/varn1t/ml-pipeline/venv/lib/python3.11/site-packages/airflow/example_dags/tutorial_dag.py for tasks to queue
[2026-05-24T14:50:14.060+0000] {logging_mixin.py:188} INFO - [2026-05-24T14:50:14.060+0000] {dagbag.py:545} INFO - Filling up the DagBag from /home/varn1t/ml-pipeline/venv/lib/python3.11/site-packages/airflow/example_dags/tutorial_dag.py
[2026-05-24T14:50:14.065+0000] {processor.py:840} INFO - DAG(s) 'tutorial_dag' retrieved from /home/varn1t/ml-pipeline/venv/lib/python3.11/site-packages/airflow/example_dags/tutorial_dag.py
[2026-05-24T14:50:14.082+0000] {logging_mixin.py:188} INFO - [2026-05-24T14:50:14.082+0000] {dag.py:3096} INFO - Sync 1 DAGs
[2026-05-24T14:50:14.091+0000] {logging_mixin.py:188} INFO - [2026-05-24T14:50:14.091+0000] {dag.py:3954} INFO - Setting next_dagrun for tutorial_dag to None, run_after=None
[2026-05-24T14:50:14.112+0000] {processor.py:183} INFO - Processing /home/varn1t/ml-pipeline/venv/lib/python3.11/site-packages/airflow/example_dags/tutorial_dag.py took 0.060 seconds
[2026-05-24T14:50:56.885+0000] {processor.py:161} INFO - Started process (PID=28259) to work on /home/varn1t/ml-pipeline/venv/lib/python3.11/site-packages/airflow/example_dags/tutorial_dag.py
[2026-05-24T14:50:56.888+0000] {processor.py:830} INFO - Processing file /home/varn1t/ml-pipeline/venv/lib/python3.11/site-packages/airflow/example_dags/tutorial_dag.py for tasks to queue
[2026-05-24T14:50:56.888+0000] {logging_mixin.py:188} INFO - [2026-05-24T14:50:56.888+0000] {dagbag.py:545} INFO - Filling up the DagBag from /home/varn1t/ml-pipeline/venv/lib/python3.11/site-packages/airflow/example_dags/tutorial_dag.py
[2026-05-24T14:50:56.894+0000] {processor.py:840} INFO - DAG(s) 'tutorial_dag' retrieved from /home/varn1t/ml-pipeline/venv/lib/python3.11/site-packages/airflow/example_dags/tutorial_dag.py
[2026-05-24T14:50:56.910+0000] {logging_mixin.py:188} INFO - [2026-05-24T14:50:56.910+0000] {dag.py:3096} INFO - Sync 1 DAGs
[2026-05-24T14:50:56.920+0000] {logging_mixin.py:188} INFO - [2026-05-24T14:50:56.920+0000] {dag.py:3954} INFO - Setting next_dagrun for tutorial_dag to None, run_after=None
[2026-05-24T14:50:56.944+0000] {processor.py:183} INFO - Processing /home/varn1t/ml-pipeline/venv/lib/python3.11/site-packages/airflow/example_dags/tutorial_dag.py took 0.065 seconds
[2026-05-24T14:51:41.252+0000] {processor.py:161} INFO - Started process (PID=28460) to work on /home/varn1t/ml-pipeline/venv/lib/python3.11/site-packages/airflow/example_dags/tutorial_dag.py
[2026-05-24T14:51:41.253+0000] {processor.py:830} INFO - Processing file /home/varn1t/ml-pipeline/venv/lib/python3.11/site-packages/airflow/example_dags/tutorial_dag.py for tasks to queue
[2026-05-24T14:51:41.253+0000] {logging_mixin.py:188} INFO - [2026-05-24T14:51:41.253+0000] {dagbag.py:545} INFO - Filling up the DagBag from /home/varn1t/ml-pipeline/venv/lib/python3.11/site-packages/airflow/example_dags/tutorial_dag.py
[2026-05-24T14:51:41.257+0000] {processor.py:840} INFO - DAG(s) 'tutorial_dag' retrieved from /home/varn1t/ml-pipeline/venv/lib/python3.11/site-packages/airflow/example_dags/tutorial_dag.py
[2026-05-24T14:51:41.271+0000] {logging_mixin.py:188} INFO - [2026-05-24T14:51:41.271+0000] {dag.py:3096} INFO - Sync 1 DAGs
[2026-05-24T14:51:41.278+0000] {logging_mixin.py:188} INFO - [2026-05-24T14:51:41.278+0000] {dag.py:3954} INFO - Setting next_dagrun for tutorial_dag to None, run_after=None
[2026-05-24T14:51:41.295+0000] {processor.py:183} INFO - Processing /home/varn1t/ml-pipeline/venv/lib/python3.11/site-packages/airflow/example_dags/tutorial_dag.py took 0.048 seconds
[2026-05-24T14:52:26.253+0000] {processor.py:161} INFO - Started process (PID=28660) to work on /home/varn1t/ml-pipeline/venv/lib/python3.11/site-packages/airflow/example_dags/tutorial_dag.py
[2026-05-24T14:52:26.254+0000] {processor.py:830} INFO - Processing file /home/varn1t/ml-pipeline/venv/lib/python3.11/site-packages/airflow/example_dags/tutorial_dag.py for tasks to queue
[2026-05-24T14:52:26.254+0000] {logging_mixin.py:188} INFO - [2026-05-24T14:52:26.254+0000] {dagbag.py:545} INFO - Filling up the DagBag from /home/varn1t/ml-pipeline/venv/lib/python3.11/site-packages/airflow/example_dags/tutorial_dag.py
[2026-05-24T14:52:26.259+0000] {processor.py:840} INFO - DAG(s) 'tutorial_dag' retrieved from /home/varn1t/ml-pipeline/venv/lib/python3.11/site-packages/airflow/example_dags/tutorial_dag.py
[2026-05-24T14:52:26.273+0000] {logging_mixin.py:188} INFO - [2026-05-24T14:52:26.273+0000] {dag.py:3096} INFO - Sync 1 DAGs
[2026-05-24T14:52:26.281+0000] {logging_mixin.py:188} INFO - [2026-05-24T14:52:26.281+0000] {dag.py:3954} INFO - Setting next_dagrun for tutorial_dag to None, run_after=None
[2026-05-24T14:52:26.297+0000] {processor.py:183} INFO - Processing /home/varn1t/ml-pipeline/venv/lib/python3.11/site-packages/airflow/example_dags/tutorial_dag.py took 0.049 seconds
[2026-05-24T14:53:04.508+0000] {processor.py:161} INFO - Started process (PID=28830) to work on /home/varn1t/ml-pipeline/venv/lib/python3.11/site-packages/airflow/example_dags/tutorial_dag.py
[2026-05-24T14:53:04.509+0000] {processor.py:830} INFO - Processing file /home/varn1t/ml-pipeline/venv/lib/python3.11/site-packages/airflow/example_dags/tutorial_dag.py for tasks to queue
[2026-05-24T14:53:04.510+0000] {logging_mixin.py:188} INFO - [2026-05-24T14:53:04.510+0000] {dagbag.py:545} INFO - Filling up the DagBag from /home/varn1t/ml-pipeline/venv/lib/python3.11/site-packages/airflow/example_dags/tutorial_dag.py
[2026-05-24T14:53:04.514+0000] {processor.py:840} INFO - DAG(s) 'tutorial_dag' retrieved from /home/varn1t/ml-pipeline/venv/lib/python3.11/site-packages/airflow/example_dags/tutorial_dag.py
[2026-05-24T14:53:04.525+0000] {logging_mixin.py:188} INFO - [2026-05-24T14:53:04.525+0000] {dag.py:3096} INFO - Sync 1 DAGs
[2026-05-24T14:53:04.533+0000] {logging_mixin.py:188} INFO - [2026-05-24T14:53:04.533+0000] {dag.py:3954} INFO - Setting next_dagrun for tutorial_dag to None, run_after=None
[2026-05-24T14:53:04.551+0000] {processor.py:183} INFO - Processing /home/varn1t/ml-pipeline/venv/lib/python3.11/site-packages/airflow/example_dags/tutorial_dag.py took 0.047 seconds
[2026-05-24T14:53:45.049+0000] {processor.py:161} INFO - Started process (PID=29037) to work on /home/varn1t/ml-pipeline/venv/lib/python3.11/site-packages/airflow/example_dags/tutorial_dag.py
[2026-05-24T14:53:45.050+0000] {processor.py:830} INFO - Processing file /home/varn1t/ml-pipeline/venv/lib/python3.11/site-packages/airflow/example_dags/tutorial_dag.py for tasks to queue
[2026-05-24T14:53:45.051+0000] {logging_mixin.py:188} INFO - [2026-05-24T14:53:45.050+0000] {dagbag.py:545} INFO - Filling up the DagBag from /home/varn1t/ml-pipeline/venv/lib/python3.11/site-packages/airflow/example_dags/tutorial_dag.py
[2026-05-24T14:53:45.055+0000] {processor.py:840} INFO - DAG(s) 'tutorial_dag' retrieved from /home/varn1t/ml-pipeline/venv/lib/python3.11/site-packages/airflow/example_dags/tutorial_dag.py
[2026-05-24T14:53:45.066+0000] {logging_mixin.py:188} INFO - [2026-05-24T14:53:45.066+0000] {dag.py:3096} INFO - Sync 1 DAGs
[2026-05-24T14:53:45.073+0000] {logging_mixin.py:188} INFO - [2026-05-24T14:53:45.073+0000] {dag.py:3954} INFO - Setting next_dagrun for tutorial_dag to None, run_after=None
[2026-05-24T14:53:45.093+0000] {processor.py:183} INFO - Processing /home/varn1t/ml-pipeline/venv/lib/python3.11/site-packages/airflow/example_dags/tutorial_dag.py took 0.049 seconds
[2026-05-24T14:54:25.522+0000] {processor.py:161} INFO - Started process (PID=29210) to work on /home/varn1t/ml-pipeline/venv/lib/python3.11/site-packages/airflow/example_dags/tutorial_dag.py
[2026-05-24T14:54:25.523+0000] {processor.py:830} INFO - Processing file /home/varn1t/ml-pipeline/venv/lib/python3.11/site-packages/airflow/example_dags/tutorial_dag.py for tasks to queue
[2026-05-24T14:54:25.523+0000] {logging_mixin.py:188} INFO - [2026-05-24T14:54:25.523+0000] {dagbag.py:545} INFO - Filling up the DagBag from /home/varn1t/ml-pipeline/venv/lib/python3.11/site-packages/airflow/example_dags/tutorial_dag.py
[2026-05-24T14:54:25.528+0000] {processor.py:840} INFO - DAG(s) 'tutorial_dag' retrieved from /home/varn1t/ml-pipeline/venv/lib/python3.11/site-packages/airflow/example_dags/tutorial_dag.py
[2026-05-24T14:54:25.542+0000] {logging_mixin.py:188} INFO - [2026-05-24T14:54:25.542+0000] {dag.py:3096} INFO - Sync 1 DAGs
[2026-05-24T14:54:25.552+0000] {logging_mixin.py:188} INFO - [2026-05-24T14:54:25.551+0000] {dag.py:3954} INFO - Setting next_dagrun for tutorial_dag to None, run_after=None
[2026-05-24T14:54:25.573+0000] {processor.py:183} INFO - Processing /home/varn1t/ml-pipeline/venv/lib/python3.11/site-packages/airflow/example_dags/tutorial_dag.py took 0.055 seconds
[2026-05-24T14:55:07.176+0000] {processor.py:161} INFO - Started process (PID=29393) to work on /home/varn1t/ml-pipeline/venv/lib/python3.11/site-packages/airflow/example_dags/tutorial_dag.py
[2026-05-24T14:55:07.177+0000] {processor.py:830} INFO - Processing file /home/varn1t/ml-pipeline/venv/lib/python3.11/site-packages/airflow/example_dags/tutorial_dag.py for tasks to queue
[2026-05-24T14:55:07.177+0000] {logging_mixin.py:188} INFO - [2026-05-24T14:55:07.177+0000] {dagbag.py:545} INFO - Filling up the DagBag from /home/varn1t/ml-pipeline/venv/lib/python3.11/site-packages/airflow/example_dags/tutorial_dag.py
[2026-05-24T14:55:07.181+0000] {processor.py:840} INFO - DAG(s) 'tutorial_dag' retrieved from /home/varn1t/ml-pipeline/venv/lib/python3.11/site-packages/airflow/example_dags/tutorial_dag.py
[2026-05-24T14:55:07.194+0000] {logging_mixin.py:188} INFO - [2026-05-24T14:55:07.194+0000] {dag.py:3096} INFO - Sync 1 DAGs
[2026-05-24T14:55:07.201+0000] {logging_mixin.py:188} INFO - [2026-05-24T14:55:07.201+0000] {dag.py:3954} INFO - Setting next_dagrun for tutorial_dag to None, run_after=None
[2026-05-24T14:55:07.220+0000] {processor.py:183} INFO - Processing /home/varn1t/ml-pipeline/venv/lib/python3.11/site-packages/airflow/example_dags/tutorial_dag.py took 0.051 seconds
[2026-05-24T14:55:49.061+0000] {processor.py:161} INFO - Started process (PID=29620) to work on /home/varn1t/ml-pipeline/venv/lib/python3.11/site-packages/airflow/example_dags/tutorial_dag.py
[2026-05-24T14:55:49.062+0000] {processor.py:830} INFO - Processing file /home/varn1t/ml-pipeline/venv/lib/python3.11/site-packages/airflow/example_dags/tutorial_dag.py for tasks to queue
[2026-05-24T14:55:49.063+0000] {logging_mixin.py:188} INFO - [2026-05-24T14:55:49.063+0000] {dagbag.py:545} INFO - Filling up the DagBag from /home/varn1t/ml-pipeline/venv/lib/python3.11/site-packages/airflow/example_dags/tutorial_dag.py
[2026-05-24T14:55:49.066+0000] {processor.py:840} INFO - DAG(s) 'tutorial_dag' retrieved from /home/varn1t/ml-pipeline/venv/lib/python3.11/site-packages/airflow/example_dags/tutorial_dag.py
[2026-05-24T14:55:49.078+0000] {logging_mixin.py:188} INFO - [2026-05-24T14:55:49.078+0000] {dag.py:3096} INFO - Sync 1 DAGs
[2026-05-24T14:55:49.086+0000] {logging_mixin.py:188} INFO - [2026-05-24T14:55:49.086+0000] {dag.py:3954} INFO - Setting next_dagrun for tutorial_dag to None, run_after=None
[2026-05-24T14:55:49.102+0000] {processor.py:183} INFO - Processing /home/varn1t/ml-pipeline/venv/lib/python3.11/site-packages/airflow/example_dags/tutorial_dag.py took 0.045 seconds
[2026-05-24T14:56:33.260+0000] {processor.py:161} INFO - Started process (PID=29846) to work on /home/varn1t/ml-pipeline/venv/lib/python3.11/site-packages/airflow/example_dags/tutorial_dag.py
[2026-05-24T14:56:33.261+0000] {processor.py:830} INFO - Processing file /home/varn1t/ml-pipeline/venv/lib/python3.11/site-packages/airflow/example_dags/tutorial_dag.py for tasks to queue
[2026-05-24T14:56:33.262+0000] {logging_mixin.py:188} INFO - [2026-05-24T14:56:33.261+0000] {dagbag.py:545} INFO - Filling up the DagBag from /home/varn1t/ml-pipeline/venv/lib/python3.11/site-packages/airflow/example_dags/tutorial_dag.py
[2026-05-24T14:56:33.266+0000] {processor.py:840} INFO - DAG(s) 'tutorial_dag' retrieved from /home/varn1t/ml-pipeline/venv/lib/python3.11/site-packages/airflow/example_dags/tutorial_dag.py
[2026-05-24T14:56:33.278+0000] {logging_mixin.py:188} INFO - [2026-05-24T14:56:33.278+0000] {dag.py:3096} INFO - Sync 1 DAGs
[2026-05-24T14:56:33.286+0000] {logging_mixin.py:188} INFO - [2026-05-24T14:56:33.286+0000] {dag.py:3954} INFO - Setting next_dagrun for tutorial_dag to None, run_after=None
[2026-05-24T14:56:33.304+0000] {processor.py:183} INFO - Processing /home/varn1t/ml-pipeline/venv/lib/python3.11/site-packages/airflow/example_dags/tutorial_dag.py took 0.048 seconds
[2026-05-24T14:57:22.421+0000] {processor.py:161} INFO - Started process (PID=30183) to work on /home/varn1t/ml-pipeline/venv/lib/python3.11/site-packages/airflow/example_dags/tutorial_dag.py
[2026-05-24T14:57:22.422+0000] {processor.py:830} INFO - Processing file /home/varn1t/ml-pipeline/venv/lib/python3.11/site-packages/airflow/example_dags/tutorial_dag.py for tasks to queue
[2026-05-24T14:57:22.422+0000] {logging_mixin.py:188} INFO - [2026-05-24T14:57:22.422+0000] {dagbag.py:545} INFO - Filling up the DagBag from /home/varn1t/ml-pipeline/venv/lib/python3.11/site-packages/airflow/example_dags/tutorial_dag.py
[2026-05-24T14:57:22.427+0000] {processor.py:840} INFO - DAG(s) 'tutorial_dag' retrieved from /home/varn1t/ml-pipeline/venv/lib/python3.11/site-packages/airflow/example_dags/tutorial_dag.py
[2026-05-24T14:57:22.444+0000] {logging_mixin.py:188} INFO - [2026-05-24T14:57:22.443+0000] {dag.py:3096} INFO - Sync 1 DAGs
[2026-05-24T14:57:22.459+0000] {logging_mixin.py:188} INFO - [2026-05-24T14:57:22.459+0000] {dag.py:3954} INFO - Setting next_dagrun for tutorial_dag to None, run_after=None
[2026-05-24T14:57:22.479+0000] {processor.py:183} INFO - Processing /home/varn1t/ml-pipeline/venv/lib/python3.11/site-packages/airflow/example_dags/tutorial_dag.py took 0.062 seconds
[2026-05-24T14:58:05.670+0000] {processor.py:161} INFO - Started process (PID=30539) to work on /home/varn1t/ml-pipeline/venv/lib/python3.11/site-packages/airflow/example_dags/tutorial_dag.py
[2026-05-24T14:58:05.671+0000] {processor.py:830} INFO - Processing file /home/varn1t/ml-pipeline/venv/lib/python3.11/site-packages/airflow/example_dags/tutorial_dag.py for tasks to queue
[2026-05-24T14:58:05.672+0000] {logging_mixin.py:188} INFO - [2026-05-24T14:58:05.671+0000] {dagbag.py:545} INFO - Filling up the DagBag from /home/varn1t/ml-pipeline/venv/lib/python3.11/site-packages/airflow/example_dags/tutorial_dag.py
[2026-05-24T14:58:05.676+0000] {processor.py:840} INFO - DAG(s) 'tutorial_dag' retrieved from /home/varn1t/ml-pipeline/venv/lib/python3.11/site-packages/airflow/example_dags/tutorial_dag.py
[2026-05-24T14:58:05.690+0000] {logging_mixin.py:188} INFO - [2026-05-24T14:58:05.690+0000] {dag.py:3096} INFO - Sync 1 DAGs
[2026-05-24T14:58:05.698+0000] {logging_mixin.py:188} INFO - [2026-05-24T14:58:05.698+0000] {dag.py:3954} INFO - Setting next_dagrun for tutorial_dag to None, run_after=None
[2026-05-24T14:58:05.716+0000] {processor.py:183} INFO - Processing /home/varn1t/ml-pipeline/venv/lib/python3.11/site-packages/airflow/example_dags/tutorial_dag.py took 0.053 seconds
[2026-05-24T14:58:46.440+0000] {processor.py:161} INFO - Started process (PID=30957) to work on /home/varn1t/ml-pipeline/venv/lib/python3.11/site-packages/airflow/example_dags/tutorial_dag.py
[2026-05-24T14:58:46.440+0000] {processor.py:830} INFO - Processing file /home/varn1t/ml-pipeline/venv/lib/python3.11/site-packages/airflow/example_dags/tutorial_dag.py for tasks to queue
[2026-05-24T14:58:46.441+0000] {logging_mixin.py:188} INFO - [2026-05-24T14:58:46.441+0000] {dagbag.py:545} INFO - Filling up the DagBag from /home/varn1t/ml-pipeline/venv/lib/python3.11/site-packages/airflow/example_dags/tutorial_dag.py
[2026-05-24T14:58:46.445+0000] {processor.py:840} INFO - DAG(s) 'tutorial_dag' retrieved from /home/varn1t/ml-pipeline/venv/lib/python3.11/site-packages/airflow/example_dags/tutorial_dag.py
[2026-05-24T14:58:46.457+0000] {logging_mixin.py:188} INFO - [2026-05-24T14:58:46.457+0000] {dag.py:3096} INFO - Sync 1 DAGs
[2026-05-24T14:58:46.466+0000] {logging_mixin.py:188} INFO - [2026-05-24T14:58:46.466+0000] {dag.py:3954} INFO - Setting next_dagrun for tutorial_dag to None, run_after=None
[2026-05-24T14:58:46.482+0000] {processor.py:183} INFO - Processing /home/varn1t/ml-pipeline/venv/lib/python3.11/site-packages/airflow/example_dags/tutorial_dag.py took 0.047 seconds
[2026-05-24T14:59:29.820+0000] {processor.py:161} INFO - Started process (PID=31242) to work on /home/varn1t/ml-pipeline/venv/lib/python3.11/site-packages/airflow/example_dags/tutorial_dag.py
[2026-05-24T14:59:29.821+0000] {processor.py:830} INFO - Processing file /home/varn1t/ml-pipeline/venv/lib/python3.11/site-packages/airflow/example_dags/tutorial_dag.py for tasks to queue
[2026-05-24T14:59:29.822+0000] {logging_mixin.py:188} INFO - [2026-05-24T14:59:29.821+0000] {dagbag.py:545} INFO - Filling up the DagBag from /home/varn1t/ml-pipeline/venv/lib/python3.11/site-packages/airflow/example_dags/tutorial_dag.py
[2026-05-24T14:59:29.826+0000] {processor.py:840} INFO - DAG(s) 'tutorial_dag' retrieved from /home/varn1t/ml-pipeline/venv/lib/python3.11/site-packages/airflow/example_dags/tutorial_dag.py
[2026-05-24T14:59:29.839+0000] {logging_mixin.py:188} INFO - [2026-05-24T14:59:29.839+0000] {dag.py:3096} INFO - Sync 1 DAGs
[2026-05-24T14:59:29.847+0000] {logging_mixin.py:188} INFO - [2026-05-24T14:59:29.847+0000] {dag.py:3954} INFO - Setting next_dagrun for tutorial_dag to None, run_after=None
[2026-05-24T14:59:29.863+0000] {processor.py:183} INFO - Processing /home/varn1t/ml-pipeline/venv/lib/python3.11/site-packages/airflow/example_dags/tutorial_dag.py took 0.047 seconds
[2026-05-24T15:00:10.329+0000] {processor.py:161} INFO - Started process (PID=31484) to work on /home/varn1t/ml-pipeline/venv/lib/python3.11/site-packages/airflow/example_dags/tutorial_dag.py
[2026-05-24T15:00:10.330+0000] {processor.py:830} INFO - Processing file /home/varn1t/ml-pipeline/venv/lib/python3.11/site-packages/airflow/example_dags/tutorial_dag.py for tasks to queue
[2026-05-24T15:00:10.330+0000] {logging_mixin.py:188} INFO - [2026-05-24T15:00:10.330+0000] {dagbag.py:545} INFO - Filling up the DagBag from /home/varn1t/ml-pipeline/venv/lib/python3.11/site-packages/airflow/example_dags/tutorial_dag.py
[2026-05-24T15:00:10.336+0000] {processor.py:840} INFO - DAG(s) 'tutorial_dag' retrieved from /home/varn1t/ml-pipeline/venv/lib/python3.11/site-packages/airflow/example_dags/tutorial_dag.py
[2026-05-24T15:00:10.349+0000] {logging_mixin.py:188} INFO - [2026-05-24T15:00:10.349+0000] {dag.py:3096} INFO - Sync 1 DAGs
[2026-05-24T15:00:10.358+0000] {logging_mixin.py:188} INFO - [2026-05-24T15:00:10.358+0000] {dag.py:3954} INFO - Setting next_dagrun for tutorial_dag to None, run_after=None
[2026-05-24T15:00:10.375+0000] {processor.py:183} INFO - Processing /home/varn1t/ml-pipeline/venv/lib/python3.11/site-packages/airflow/example_dags/tutorial_dag.py took 0.054 seconds
[2026-05-24T15:00:50.552+0000] {processor.py:161} INFO - Started process (PID=31662) to work on /home/varn1t/ml-pipeline/venv/lib/python3.11/site-packages/airflow/example_dags/tutorial_dag.py
[2026-05-24T15:00:50.553+0000] {processor.py:830} INFO - Processing file /home/varn1t/ml-pipeline/venv/lib/python3.11/site-packages/airflow/example_dags/tutorial_dag.py for tasks to queue
[2026-05-24T15:00:50.553+0000] {logging_mixin.py:188} INFO - [2026-05-24T15:00:50.553+0000] {dagbag.py:545} INFO - Filling up the DagBag from /home/varn1t/ml-pipeline/venv/lib/python3.11/site-packages/airflow/example_dags/tutorial_dag.py
[2026-05-24T15:00:50.557+0000] {processor.py:840} INFO - DAG(s) 'tutorial_dag' retrieved from /home/varn1t/ml-pipeline/venv/lib/python3.11/site-packages/airflow/example_dags/tutorial_dag.py
[2026-05-24T15:00:50.569+0000] {logging_mixin.py:188} INFO - [2026-05-24T15:00:50.569+0000] {dag.py:3096} INFO - Sync 1 DAGs
[2026-05-24T15:00:50.577+0000] {logging_mixin.py:188} INFO - [2026-05-24T15:00:50.577+0000] {dag.py:3954} INFO - Setting next_dagrun for tutorial_dag to None, run_after=None
[2026-05-24T15:00:50.596+0000] {processor.py:183} INFO - Processing /home/varn1t/ml-pipeline/venv/lib/python3.11/site-packages/airflow/example_dags/tutorial_dag.py took 0.052 seconds
[2026-05-24T15:01:29.914+0000] {processor.py:161} INFO - Started process (PID=31839) to work on /home/varn1t/ml-pipeline/venv/lib/python3.11/site-packages/airflow/example_dags/tutorial_dag.py
[2026-05-24T15:01:29.915+0000] {processor.py:830} INFO - Processing file /home/varn1t/ml-pipeline/venv/lib/python3.11/site-packages/airflow/example_dags/tutorial_dag.py for tasks to queue
[2026-05-24T15:01:29.916+0000] {logging_mixin.py:188} INFO - [2026-05-24T15:01:29.915+0000] {dagbag.py:545} INFO - Filling up the DagBag from /home/varn1t/ml-pipeline/venv/lib/python3.11/site-packages/airflow/example_dags/tutorial_dag.py
[2026-05-24T15:01:29.921+0000] {processor.py:840} INFO - DAG(s) 'tutorial_dag' retrieved from /home/varn1t/ml-pipeline/venv/lib/python3.11/site-packages/airflow/example_dags/tutorial_dag.py
[2026-05-24T15:01:29.933+0000] {logging_mixin.py:188} INFO - [2026-05-24T15:01:29.933+0000] {dag.py:3096} INFO - Sync 1 DAGs
[2026-05-24T15:01:29.941+0000] {logging_mixin.py:188} INFO - [2026-05-24T15:01:29.940+0000] {dag.py:3954} INFO - Setting next_dagrun for tutorial_dag to None, run_after=None
[2026-05-24T15:01:29.957+0000] {processor.py:183} INFO - Processing /home/varn1t/ml-pipeline/venv/lib/python3.11/site-packages/airflow/example_dags/tutorial_dag.py took 0.049 seconds
[2026-05-24T15:02:09.984+0000] {processor.py:161} INFO - Started process (PID=32060) to work on /home/varn1t/ml-pipeline/venv/lib/python3.11/site-packages/airflow/example_dags/tutorial_dag.py
[2026-05-24T15:02:09.985+0000] {processor.py:830} INFO - Processing file /home/varn1t/ml-pipeline/venv/lib/python3.11/site-packages/airflow/example_dags/tutorial_dag.py for tasks to queue
[2026-05-24T15:02:09.986+0000] {logging_mixin.py:188} INFO - [2026-05-24T15:02:09.986+0000] {dagbag.py:545} INFO - Filling up the DagBag from /home/varn1t/ml-pipeline/venv/lib/python3.11/site-packages/airflow/example_dags/tutorial_dag.py
[2026-05-24T15:02:09.990+0000] {processor.py:840} INFO - DAG(s) 'tutorial_dag' retrieved from /home/varn1t/ml-pipeline/venv/lib/python3.11/site-packages/airflow/example_dags/tutorial_dag.py
[2026-05-24T15:02:10.002+0000] {logging_mixin.py:188} INFO - [2026-05-24T15:02:10.002+0000] {dag.py:3096} INFO - Sync 1 DAGs
[2026-05-24T15:02:10.009+0000] {logging_mixin.py:188} INFO - [2026-05-24T15:02:10.009+0000] {dag.py:3954} INFO - Setting next_dagrun for tutorial_dag to None, run_after=None
[2026-05-24T15:02:10.025+0000] {processor.py:183} INFO - Processing /home/varn1t/ml-pipeline/venv/lib/python3.11/site-packages/airflow/example_dags/tutorial_dag.py took 0.047 seconds
[2026-05-24T15:02:51.065+0000] {processor.py:161} INFO - Started process (PID=32294) to work on /home/varn1t/ml-pipeline/venv/lib/python3.11/site-packages/airflow/example_dags/tutorial_dag.py
[2026-05-24T15:02:51.066+0000] {processor.py:830} INFO - Processing file /home/varn1t/ml-pipeline/venv/lib/python3.11/site-packages/airflow/example_dags/tutorial_dag.py for tasks to queue
[2026-05-24T15:02:51.067+0000] {logging_mixin.py:188} INFO - [2026-05-24T15:02:51.067+0000] {dagbag.py:545} INFO - Filling up the DagBag from /home/varn1t/ml-pipeline/venv/lib/python3.11/site-packages/airflow/example_dags/tutorial_dag.py
[2026-05-24T15:02:51.071+0000] {processor.py:840} INFO - DAG(s) 'tutorial_dag' retrieved from /home/varn1t/ml-pipeline/venv/lib/python3.11/site-packages/airflow/example_dags/tutorial_dag.py
[2026-05-24T15:02:51.082+0000] {logging_mixin.py:188} INFO - [2026-05-24T15:02:51.082+0000] {dag.py:3096} INFO - Sync 1 DAGs
[2026-05-24T15:02:51.089+0000] {logging_mixin.py:188} INFO - [2026-05-24T15:02:51.089+0000] {dag.py:3954} INFO - Setting next_dagrun for tutorial_dag to None, run_after=None
[2026-05-24T15:02:51.104+0000] {processor.py:183} INFO - Processing /home/varn1t/ml-pipeline/venv/lib/python3.11/site-packages/airflow/example_dags/tutorial_dag.py took 0.045 seconds
[2026-05-24T15:03:33.823+0000] {processor.py:161} INFO - Started process (PID=32550) to work on /home/varn1t/ml-pipeline/venv/lib/python3.11/site-packages/airflow/example_dags/tutorial_dag.py
[2026-05-24T15:03:33.825+0000] {processor.py:830} INFO - Processing file /home/varn1t/ml-pipeline/venv/lib/python3.11/site-packages/airflow/example_dags/tutorial_dag.py for tasks to queue
[2026-05-24T15:03:33.825+0000] {logging_mixin.py:188} INFO - [2026-05-24T15:03:33.825+0000] {dagbag.py:545} INFO - Filling up the DagBag from /home/varn1t/ml-pipeline/venv/lib/python3.11/site-packages/airflow/example_dags/tutorial_dag.py
[2026-05-24T15:03:33.829+0000] {processor.py:840} INFO - DAG(s) 'tutorial_dag' retrieved from /home/varn1t/ml-pipeline/venv/lib/python3.11/site-packages/airflow/example_dags/tutorial_dag.py
[2026-05-24T15:03:33.842+0000] {logging_mixin.py:188} INFO - [2026-05-24T15:03:33.842+0000] {dag.py:3096} INFO - Sync 1 DAGs
[2026-05-24T15:03:33.851+0000] {logging_mixin.py:188} INFO - [2026-05-24T15:03:33.850+0000] {dag.py:3954} INFO - Setting next_dagrun for tutorial_dag to None, run_after=None
[2026-05-24T15:03:33.868+0000] {processor.py:183} INFO - Processing /home/varn1t/ml-pipeline/venv/lib/python3.11/site-packages/airflow/example_dags/tutorial_dag.py took 0.052 seconds
[2026-05-24T15:04:15.441+0000] {processor.py:161} INFO - Started process (PID=32735) to work on /home/varn1t/ml-pipeline/venv/lib/python3.11/site-packages/airflow/example_dags/tutorial_dag.py
[2026-05-24T15:04:15.442+0000] {processor.py:830} INFO - Processing file /home/varn1t/ml-pipeline/venv/lib/python3.11/site-packages/airflow/example_dags/tutorial_dag.py for tasks to queue
[2026-05-24T15:04:15.442+0000] {logging_mixin.py:188} INFO - [2026-05-24T15:04:15.442+0000] {dagbag.py:545} INFO - Filling up the DagBag from /home/varn1t/ml-pipeline/venv/lib/python3.11/site-packages/airflow/example_dags/tutorial_dag.py
[2026-05-24T15:04:15.447+0000] {processor.py:840} INFO - DAG(s) 'tutorial_dag' retrieved from /home/varn1t/ml-pipeline/venv/lib/python3.11/site-packages/airflow/example_dags/tutorial_dag.py
[2026-05-24T15:04:15.461+0000] {logging_mixin.py:188} INFO - [2026-05-24T15:04:15.460+0000] {dag.py:3096} INFO - Sync 1 DAGs
[2026-05-24T15:04:15.468+0000] {logging_mixin.py:188} INFO - [2026-05-24T15:04:15.467+0000] {dag.py:3954} INFO - Setting next_dagrun for tutorial_dag to None, run_after=None
[2026-05-24T15:04:15.484+0000] {processor.py:183} INFO - Processing /home/varn1t/ml-pipeline/venv/lib/python3.11/site-packages/airflow/example_dags/tutorial_dag.py took 0.049 seconds
[2026-05-24T15:04:54.302+0000] {processor.py:161} INFO - Started process (PID=32906) to work on /home/varn1t/ml-pipeline/venv/lib/python3.11/site-packages/airflow/example_dags/tutorial_dag.py
[2026-05-24T15:04:54.303+0000] {processor.py:830} INFO - Processing file /home/varn1t/ml-pipeline/venv/lib/python3.11/site-packages/airflow/example_dags/tutorial_dag.py for tasks to queue
[2026-05-24T15:04:54.304+0000] {logging_mixin.py:188} INFO - [2026-05-24T15:04:54.304+0000] {dagbag.py:545} INFO - Filling up the DagBag from /home/varn1t/ml-pipeline/venv/lib/python3.11/site-packages/airflow/example_dags/tutorial_dag.py
[2026-05-24T15:04:54.308+0000] {processor.py:840} INFO - DAG(s) 'tutorial_dag' retrieved from /home/varn1t/ml-pipeline/venv/lib/python3.11/site-packages/airflow/example_dags/tutorial_dag.py
[2026-05-24T15:04:54.322+0000] {logging_mixin.py:188} INFO - [2026-05-24T15:04:54.321+0000] {dag.py:3096} INFO - Sync 1 DAGs
[2026-05-24T15:04:54.329+0000] {logging_mixin.py:188} INFO - [2026-05-24T15:04:54.329+0000] {dag.py:3954} INFO - Setting next_dagrun for tutorial_dag to None, run_after=None
[2026-05-24T15:04:54.348+0000] {processor.py:183} INFO - Processing /home/varn1t/ml-pipeline/venv/lib/python3.11/site-packages/airflow/example_dags/tutorial_dag.py took 0.053 seconds
[2026-05-24T15:05:33.688+0000] {processor.py:161} INFO - Started process (PID=33140) to work on /home/varn1t/ml-pipeline/venv/lib/python3.11/site-packages/airflow/example_dags/tutorial_dag.py
[2026-05-24T15:05:33.689+0000] {processor.py:830} INFO - Processing file /home/varn1t/ml-pipeline/venv/lib/python3.11/site-packages/airflow/example_dags/tutorial_dag.py for tasks to queue
[2026-05-24T15:05:33.690+0000] {logging_mixin.py:188} INFO - [2026-05-24T15:05:33.689+0000] {dagbag.py:545} INFO - Filling up the DagBag from /home/varn1t/ml-pipeline/venv/lib/python3.11/site-packages/airflow/example_dags/tutorial_dag.py
[2026-05-24T15:05:33.694+0000] {processor.py:840} INFO - DAG(s) 'tutorial_dag' retrieved from /home/varn1t/ml-pipeline/venv/lib/python3.11/site-packages/airflow/example_dags/tutorial_dag.py
[2026-05-24T15:05:33.706+0000] {logging_mixin.py:188} INFO - [2026-05-24T15:05:33.706+0000] {dag.py:3096} INFO - Sync 1 DAGs
[2026-05-24T15:05:33.713+0000] {logging_mixin.py:188} INFO - [2026-05-24T15:05:33.713+0000] {dag.py:3954} INFO - Setting next_dagrun for tutorial_dag to None, run_after=None
[2026-05-24T15:05:33.731+0000] {processor.py:183} INFO - Processing /home/varn1t/ml-pipeline/venv/lib/python3.11/site-packages/airflow/example_dags/tutorial_dag.py took 0.049 seconds
[2026-05-24T15:06:16.068+0000] {processor.py:161} INFO - Started process (PID=33679) to work on /home/varn1t/ml-pipeline/venv/lib/python3.11/site-packages/airflow/example_dags/tutorial_dag.py
[2026-05-24T15:06:16.069+0000] {processor.py:830} INFO - Processing file /home/varn1t/ml-pipeline/venv/lib/python3.11/site-packages/airflow/example_dags/tutorial_dag.py for tasks to queue
[2026-05-24T15:06:16.069+0000] {logging_mixin.py:188} INFO - [2026-05-24T15:06:16.069+0000] {dagbag.py:545} INFO - Filling up the DagBag from /home/varn1t/ml-pipeline/venv/lib/python3.11/site-packages/airflow/example_dags/tutorial_dag.py
[2026-05-24T15:06:16.074+0000] {processor.py:840} INFO - DAG(s) 'tutorial_dag' retrieved from /home/varn1t/ml-pipeline/venv/lib/python3.11/site-packages/airflow/example_dags/tutorial_dag.py
[2026-05-24T15:06:16.090+0000] {logging_mixin.py:188} INFO - [2026-05-24T15:06:16.090+0000] {dag.py:3096} INFO - Sync 1 DAGs
[2026-05-24T15:06:16.103+0000] {logging_mixin.py:188} INFO - [2026-05-24T15:06:16.103+0000] {dag.py:3954} INFO - Setting next_dagrun for tutorial_dag to None, run_after=None
[2026-05-24T15:06:16.121+0000] {processor.py:183} INFO - Processing /home/varn1t/ml-pipeline/venv/lib/python3.11/site-packages/airflow/example_dags/tutorial_dag.py took 0.060 seconds
[2026-05-24T15:06:56.392+0000] {processor.py:161} INFO - Started process (PID=34116) to work on /home/varn1t/ml-pipeline/venv/lib/python3.11/site-packages/airflow/example_dags/tutorial_dag.py
[2026-05-24T15:06:56.393+0000] {processor.py:830} INFO - Processing file /home/varn1t/ml-pipeline/venv/lib/python3.11/site-packages/airflow/example_dags/tutorial_dag.py for tasks to queue
[2026-05-24T15:06:56.393+0000] {logging_mixin.py:188} INFO - [2026-05-24T15:06:56.393+0000] {dagbag.py:545} INFO - Filling up the DagBag from /home/varn1t/ml-pipeline/venv/lib/python3.11/site-packages/airflow/example_dags/tutorial_dag.py
[2026-05-24T15:06:56.397+0000] {processor.py:840} INFO - DAG(s) 'tutorial_dag' retrieved from /home/varn1t/ml-pipeline/venv/lib/python3.11/site-packages/airflow/example_dags/tutorial_dag.py
[2026-05-24T15:06:56.407+0000] {logging_mixin.py:188} INFO - [2026-05-24T15:06:56.407+0000] {dag.py:3096} INFO - Sync 1 DAGs
[2026-05-24T15:06:56.414+0000] {logging_mixin.py:188} INFO - [2026-05-24T15:06:56.414+0000] {dag.py:3954} INFO - Setting next_dagrun for tutorial_dag to None, run_after=None
[2026-05-24T15:06:56.429+0000] {processor.py:183} INFO - Processing /home/varn1t/ml-pipeline/venv/lib/python3.11/site-packages/airflow/example_dags/tutorial_dag.py took 0.042 seconds
[2026-05-24T15:07:38.839+0000] {processor.py:161} INFO - Started process (PID=34692) to work on /home/varn1t/ml-pipeline/venv/lib/python3.11/site-packages/airflow/example_dags/tutorial_dag.py
[2026-05-24T15:07:38.840+0000] {processor.py:830} INFO - Processing file /home/varn1t/ml-pipeline/venv/lib/python3.11/site-packages/airflow/example_dags/tutorial_dag.py for tasks to queue
[2026-05-24T15:07:38.843+0000] {logging_mixin.py:188} INFO - [2026-05-24T15:07:38.841+0000] {dagbag.py:545} INFO - Filling up the DagBag from /home/varn1t/ml-pipeline/venv/lib/python3.11/site-packages/airflow/example_dags/tutorial_dag.py
[2026-05-24T15:07:38.863+0000] {processor.py:840} INFO - DAG(s) 'tutorial_dag' retrieved from /home/varn1t/ml-pipeline/venv/lib/python3.11/site-packages/airflow/example_dags/tutorial_dag.py
[2026-05-24T15:07:38.928+0000] {logging_mixin.py:188} INFO - [2026-05-24T15:07:38.928+0000] {dag.py:3096} INFO - Sync 1 DAGs
[2026-05-24T15:07:38.946+0000] {logging_mixin.py:188} INFO - [2026-05-24T15:07:38.946+0000] {dag.py:3954} INFO - Setting next_dagrun for tutorial_dag to None, run_after=None
[2026-05-24T15:07:38.973+0000] {processor.py:183} INFO - Processing /home/varn1t/ml-pipeline/venv/lib/python3.11/site-packages/airflow/example_dags/tutorial_dag.py took 0.162 seconds
[2026-05-24T15:08:25.466+0000] {processor.py:161} INFO - Started process (PID=34983) to work on /home/varn1t/ml-pipeline/venv/lib/python3.11/site-packages/airflow/example_dags/tutorial_dag.py
[2026-05-24T15:08:25.467+0000] {processor.py:830} INFO - Processing file /home/varn1t/ml-pipeline/venv/lib/python3.11/site-packages/airflow/example_dags/tutorial_dag.py for tasks to queue
[2026-05-24T15:08:25.468+0000] {logging_mixin.py:188} INFO - [2026-05-24T15:08:25.467+0000] {dagbag.py:545} INFO - Filling up the DagBag from /home/varn1t/ml-pipeline/venv/lib/python3.11/site-packages/airflow/example_dags/tutorial_dag.py
[2026-05-24T15:08:25.472+0000] {processor.py:840} INFO - DAG(s) 'tutorial_dag' retrieved from /home/varn1t/ml-pipeline/venv/lib/python3.11/site-packages/airflow/example_dags/tutorial_dag.py
[2026-05-24T15:08:25.483+0000] {logging_mixin.py:188} INFO - [2026-05-24T15:08:25.483+0000] {dag.py:3096} INFO - Sync 1 DAGs
[2026-05-24T15:08:25.490+0000] {logging_mixin.py:188} INFO - [2026-05-24T15:08:25.489+0000] {dag.py:3954} INFO - Setting next_dagrun for tutorial_dag to None, run_after=None
[2026-05-24T15:08:25.508+0000] {processor.py:183} INFO - Processing /home/varn1t/ml-pipeline/venv/lib/python3.11/site-packages/airflow/example_dags/tutorial_dag.py took 0.049 seconds
[2026-05-24T15:09:04.291+0000] {processor.py:161} INFO - Started process (PID=35211) to work on /home/varn1t/ml-pipeline/venv/lib/python3.11/site-packages/airflow/example_dags/tutorial_dag.py
[2026-05-24T15:09:04.292+0000] {processor.py:830} INFO - Processing file /home/varn1t/ml-pipeline/venv/lib/python3.11/site-packages/airflow/example_dags/tutorial_dag.py for tasks to queue
[2026-05-24T15:09:04.293+0000] {logging_mixin.py:188} INFO - [2026-05-24T15:09:04.292+0000] {dagbag.py:545} INFO - Filling up the DagBag from /home/varn1t/ml-pipeline/venv/lib/python3.11/site-packages/airflow/example_dags/tutorial_dag.py
[2026-05-24T15:09:04.298+0000] {processor.py:840} INFO - DAG(s) 'tutorial_dag' retrieved from /home/varn1t/ml-pipeline/venv/lib/python3.11/site-packages/airflow/example_dags/tutorial_dag.py
[2026-05-24T15:09:04.310+0000] {logging_mixin.py:188} INFO - [2026-05-24T15:09:04.310+0000] {dag.py:3096} INFO - Sync 1 DAGs
[2026-05-24T15:09:04.317+0000] {logging_mixin.py:188} INFO - [2026-05-24T15:09:04.317+0000] {dag.py:3954} INFO - Setting next_dagrun for tutorial_dag to None, run_after=None
[2026-05-24T15:09:04.334+0000] {processor.py:183} INFO - Processing /home/varn1t/ml-pipeline/venv/lib/python3.11/site-packages/airflow/example_dags/tutorial_dag.py took 0.051 seconds
[2026-05-24T15:09:48.783+0000] {processor.py:161} INFO - Started process (PID=35401) to work on /home/varn1t/ml-pipeline/venv/lib/python3.11/site-packages/airflow/example_dags/tutorial_dag.py
[2026-05-24T15:09:48.784+0000] {processor.py:830} INFO - Processing file /home/varn1t/ml-pipeline/venv/lib/python3.11/site-packages/airflow/example_dags/tutorial_dag.py for tasks to queue
[2026-05-24T15:09:48.785+0000] {logging_mixin.py:188} INFO - [2026-05-24T15:09:48.785+0000] {dagbag.py:545} INFO - Filling up the DagBag from /home/varn1t/ml-pipeline/venv/lib/python3.11/site-packages/airflow/example_dags/tutorial_dag.py
[2026-05-24T15:09:48.789+0000] {processor.py:840} INFO - DAG(s) 'tutorial_dag' retrieved from /home/varn1t/ml-pipeline/venv/lib/python3.11/site-packages/airflow/example_dags/tutorial_dag.py
[2026-05-24T15:09:48.801+0000] {logging_mixin.py:188} INFO - [2026-05-24T15:09:48.801+0000] {dag.py:3096} INFO - Sync 1 DAGs
[2026-05-24T15:09:48.811+0000] {logging_mixin.py:188} INFO - [2026-05-24T15:09:48.811+0000] {dag.py:3954} INFO - Setting next_dagrun for tutorial_dag to None, run_after=None
[2026-05-24T15:09:48.827+0000] {processor.py:183} INFO - Processing /home/varn1t/ml-pipeline/venv/lib/python3.11/site-packages/airflow/example_dags/tutorial_dag.py took 0.051 seconds
[2026-05-24T15:10:29.405+0000] {processor.py:161} INFO - Started process (PID=35580) to work on /home/varn1t/ml-pipeline/venv/lib/python3.11/site-packages/airflow/example_dags/tutorial_dag.py
[2026-05-24T15:10:29.406+0000] {processor.py:830} INFO - Processing file /home/varn1t/ml-pipeline/venv/lib/python3.11/site-packages/airflow/example_dags/tutorial_dag.py for tasks to queue
[2026-05-24T15:10:29.406+0000] {logging_mixin.py:188} INFO - [2026-05-24T15:10:29.406+0000] {dagbag.py:545} INFO - Filling up the DagBag from /home/varn1t/ml-pipeline/venv/lib/python3.11/site-packages/airflow/example_dags/tutorial_dag.py
[2026-05-24T15:10:29.410+0000] {processor.py:840} INFO - DAG(s) 'tutorial_dag' retrieved from /home/varn1t/ml-pipeline/venv/lib/python3.11/site-packages/airflow/example_dags/tutorial_dag.py
[2026-05-24T15:10:29.422+0000] {logging_mixin.py:188} INFO - [2026-05-24T15:10:29.422+0000] {dag.py:3096} INFO - Sync 1 DAGs
[2026-05-24T15:10:29.433+0000] {logging_mixin.py:188} INFO - [2026-05-24T15:10:29.432+0000] {dag.py:3954} INFO - Setting next_dagrun for tutorial_dag to None, run_after=None
[2026-05-24T15:10:29.450+0000] {processor.py:183} INFO - Processing /home/varn1t/ml-pipeline/venv/lib/python3.11/site-packages/airflow/example_dags/tutorial_dag.py took 0.051 seconds
[2026-05-24T15:11:15.468+0000] {processor.py:161} INFO - Started process (PID=35776) to work on /home/varn1t/ml-pipeline/venv/lib/python3.11/site-packages/airflow/example_dags/tutorial_dag.py
[2026-05-24T15:11:15.469+0000] {processor.py:830} INFO - Processing file /home/varn1t/ml-pipeline/venv/lib/python3.11/site-packages/airflow/example_dags/tutorial_dag.py for tasks to queue
[2026-05-24T15:11:15.470+0000] {logging_mixin.py:188} INFO - [2026-05-24T15:11:15.469+0000] {dagbag.py:545} INFO - Filling up the DagBag from /home/varn1t/ml-pipeline/venv/lib/python3.11/site-packages/airflow/example_dags/tutorial_dag.py
[2026-05-24T15:11:15.475+0000] {processor.py:840} INFO - DAG(s) 'tutorial_dag' retrieved from /home/varn1t/ml-pipeline/venv/lib/python3.11/site-packages/airflow/example_dags/tutorial_dag.py
[2026-05-24T15:11:15.489+0000] {logging_mixin.py:188} INFO - [2026-05-24T15:11:15.489+0000] {dag.py:3096} INFO - Sync 1 DAGs
[2026-05-24T15:11:15.498+0000] {logging_mixin.py:188} INFO - [2026-05-24T15:11:15.497+0000] {dag.py:3954} INFO - Setting next_dagrun for tutorial_dag to None, run_after=None
[2026-05-24T15:11:15.516+0000] {processor.py:183} INFO - Processing /home/varn1t/ml-pipeline/venv/lib/python3.11/site-packages/airflow/example_dags/tutorial_dag.py took 0.055 seconds
[2026-05-24T15:11:54.314+0000] {processor.py:161} INFO - Started process (PID=35955) to work on /home/varn1t/ml-pipeline/venv/lib/python3.11/site-packages/airflow/example_dags/tutorial_dag.py
[2026-05-24T15:11:54.315+0000] {processor.py:830} INFO - Processing file /home/varn1t/ml-pipeline/venv/lib/python3.11/site-packages/airflow/example_dags/tutorial_dag.py for tasks to queue
[2026-05-24T15:11:54.315+0000] {logging_mixin.py:188} INFO - [2026-05-24T15:11:54.315+0000] {dagbag.py:545} INFO - Filling up the DagBag from /home/varn1t/ml-pipeline/venv/lib/python3.11/site-packages/airflow/example_dags/tutorial_dag.py
[2026-05-24T15:11:54.320+0000] {processor.py:840} INFO - DAG(s) 'tutorial_dag' retrieved from /home/varn1t/ml-pipeline/venv/lib/python3.11/site-packages/airflow/example_dags/tutorial_dag.py
[2026-05-24T15:11:54.333+0000] {logging_mixin.py:188} INFO - [2026-05-24T15:11:54.333+0000] {dag.py:3096} INFO - Sync 1 DAGs
[2026-05-24T15:11:54.341+0000] {logging_mixin.py:188} INFO - [2026-05-24T15:11:54.341+0000] {dag.py:3954} INFO - Setting next_dagrun for tutorial_dag to None, run_after=None
[2026-05-24T15:11:54.361+0000] {processor.py:183} INFO - Processing /home/varn1t/ml-pipeline/venv/lib/python3.11/site-packages/airflow/example_dags/tutorial_dag.py took 0.055 seconds
[2026-05-24T15:12:37.693+0000] {processor.py:161} INFO - Started process (PID=36144) to work on /home/varn1t/ml-pipeline/venv/lib/python3.11/site-packages/airflow/example_dags/tutorial_dag.py
[2026-05-24T15:12:37.694+0000] {processor.py:830} INFO - Processing file /home/varn1t/ml-pipeline/venv/lib/python3.11/site-packages/airflow/example_dags/tutorial_dag.py for tasks to queue
[2026-05-24T15:12:37.695+0000] {logging_mixin.py:188} INFO - [2026-05-24T15:12:37.694+0000] {dagbag.py:545} INFO - Filling up the DagBag from /home/varn1t/ml-pipeline/venv/lib/python3.11/site-packages/airflow/example_dags/tutorial_dag.py
[2026-05-24T15:12:37.699+0000] {processor.py:840} INFO - DAG(s) 'tutorial_dag' retrieved from /home/varn1t/ml-pipeline/venv/lib/python3.11/site-packages/airflow/example_dags/tutorial_dag.py
[2026-05-24T15:12:37.714+0000] {logging_mixin.py:188} INFO - [2026-05-24T15:12:37.714+0000] {dag.py:3096} INFO - Sync 1 DAGs
[2026-05-24T15:12:37.724+0000] {logging_mixin.py:188} INFO - [2026-05-24T15:12:37.724+0000] {dag.py:3954} INFO - Setting next_dagrun for tutorial_dag to None, run_after=None
[2026-05-24T15:12:37.745+0000] {processor.py:183} INFO - Processing /home/varn1t/ml-pipeline/venv/lib/python3.11/site-packages/airflow/example_dags/tutorial_dag.py took 0.060 seconds
[2026-05-24T15:13:19.924+0000] {processor.py:161} INFO - Started process (PID=36357) to work on /home/varn1t/ml-pipeline/venv/lib/python3.11/site-packages/airflow/example_dags/tutorial_dag.py
[2026-05-24T15:13:19.925+0000] {processor.py:830} INFO - Processing file /home/varn1t/ml-pipeline/venv/lib/python3.11/site-packages/airflow/example_dags/tutorial_dag.py for tasks to queue
[2026-05-24T15:13:19.926+0000] {logging_mixin.py:188} INFO - [2026-05-24T15:13:19.926+0000] {dagbag.py:545} INFO - Filling up the DagBag from /home/varn1t/ml-pipeline/venv/lib/python3.11/site-packages/airflow/example_dags/tutorial_dag.py
[2026-05-24T15:13:19.929+0000] {processor.py:840} INFO - DAG(s) 'tutorial_dag' retrieved from /home/varn1t/ml-pipeline/venv/lib/python3.11/site-packages/airflow/example_dags/tutorial_dag.py
[2026-05-24T15:13:19.939+0000] {logging_mixin.py:188} INFO - [2026-05-24T15:13:19.939+0000] {dag.py:3096} INFO - Sync 1 DAGs
[2026-05-24T15:13:19.946+0000] {logging_mixin.py:188} INFO - [2026-05-24T15:13:19.945+0000] {dag.py:3954} INFO - Setting next_dagrun for tutorial_dag to None, run_after=None
[2026-05-24T15:13:19.959+0000] {processor.py:183} INFO - Processing /home/varn1t/ml-pipeline/venv/lib/python3.11/site-packages/airflow/example_dags/tutorial_dag.py took 0.040 seconds
[2026-05-24T15:14:01.153+0000] {processor.py:161} INFO - Started process (PID=36562) to work on /home/varn1t/ml-pipeline/venv/lib/python3.11/site-packages/airflow/example_dags/tutorial_dag.py
[2026-05-24T15:14:01.154+0000] {processor.py:830} INFO - Processing file /home/varn1t/ml-pipeline/venv/lib/python3.11/site-packages/airflow/example_dags/tutorial_dag.py for tasks to queue
[2026-05-24T15:14:01.155+0000] {logging_mixin.py:188} INFO - [2026-05-24T15:14:01.154+0000] {dagbag.py:545} INFO - Filling up the DagBag from /home/varn1t/ml-pipeline/venv/lib/python3.11/site-packages/airflow/example_dags/tutorial_dag.py
[2026-05-24T15:14:01.159+0000] {processor.py:840} INFO - DAG(s) 'tutorial_dag' retrieved from /home/varn1t/ml-pipeline/venv/lib/python3.11/site-packages/airflow/example_dags/tutorial_dag.py
[2026-05-24T15:14:01.170+0000] {logging_mixin.py:188} INFO - [2026-05-24T15:14:01.170+0000] {dag.py:3096} INFO - Sync 1 DAGs
[2026-05-24T15:14:01.178+0000] {logging_mixin.py:188} INFO - [2026-05-24T15:14:01.178+0000] {dag.py:3954} INFO - Setting next_dagrun for tutorial_dag to None, run_after=None
[2026-05-24T15:14:01.195+0000] {processor.py:183} INFO - Processing /home/varn1t/ml-pipeline/venv/lib/python3.11/site-packages/airflow/example_dags/tutorial_dag.py took 0.048 seconds
[2026-05-24T15:14:38.992+0000] {processor.py:161} INFO - Started process (PID=36732) to work on /home/varn1t/ml-pipeline/venv/lib/python3.11/site-packages/airflow/example_dags/tutorial_dag.py
[2026-05-24T15:14:38.992+0000] {processor.py:830} INFO - Processing file /home/varn1t/ml-pipeline/venv/lib/python3.11/site-packages/airflow/example_dags/tutorial_dag.py for tasks to queue
[2026-05-24T15:14:38.993+0000] {logging_mixin.py:188} INFO - [2026-05-24T15:14:38.993+0000] {dagbag.py:545} INFO - Filling up the DagBag from /home/varn1t/ml-pipeline/venv/lib/python3.11/site-packages/airflow/example_dags/tutorial_dag.py
[2026-05-24T15:14:38.997+0000] {processor.py:840} INFO - DAG(s) 'tutorial_dag' retrieved from /home/varn1t/ml-pipeline/venv/lib/python3.11/site-packages/airflow/example_dags/tutorial_dag.py
[2026-05-24T15:14:39.007+0000] {logging_mixin.py:188} INFO - [2026-05-24T15:14:39.007+0000] {dag.py:3096} INFO - Sync 1 DAGs
[2026-05-24T15:14:39.013+0000] {logging_mixin.py:188} INFO - [2026-05-24T15:14:39.013+0000] {dag.py:3954} INFO - Setting next_dagrun for tutorial_dag to None, run_after=None
[2026-05-24T15:14:39.028+0000] {processor.py:183} INFO - Processing /home/varn1t/ml-pipeline/venv/lib/python3.11/site-packages/airflow/example_dags/tutorial_dag.py took 0.042 seconds
[2026-05-24T15:15:19.316+0000] {processor.py:161} INFO - Started process (PID=36905) to work on /home/varn1t/ml-pipeline/venv/lib/python3.11/site-packages/airflow/example_dags/tutorial_dag.py
[2026-05-24T15:15:19.317+0000] {processor.py:830} INFO - Processing file /home/varn1t/ml-pipeline/venv/lib/python3.11/site-packages/airflow/example_dags/tutorial_dag.py for tasks to queue
[2026-05-24T15:15:19.318+0000] {logging_mixin.py:188} INFO - [2026-05-24T15:15:19.318+0000] {dagbag.py:545} INFO - Filling up the DagBag from /home/varn1t/ml-pipeline/venv/lib/python3.11/site-packages/airflow/example_dags/tutorial_dag.py
[2026-05-24T15:15:19.323+0000] {processor.py:840} INFO - DAG(s) 'tutorial_dag' retrieved from /home/varn1t/ml-pipeline/venv/lib/python3.11/site-packages/airflow/example_dags/tutorial_dag.py
[2026-05-24T15:15:19.338+0000] {logging_mixin.py:188} INFO - [2026-05-24T15:15:19.337+0000] {dag.py:3096} INFO - Sync 1 DAGs
[2026-05-24T15:15:19.347+0000] {logging_mixin.py:188} INFO - [2026-05-24T15:15:19.347+0000] {dag.py:3954} INFO - Setting next_dagrun for tutorial_dag to None, run_after=None
[2026-05-24T15:15:19.367+0000] {processor.py:183} INFO - Processing /home/varn1t/ml-pipeline/venv/lib/python3.11/site-packages/airflow/example_dags/tutorial_dag.py took 0.058 seconds
[2026-05-24T15:15:58.182+0000] {processor.py:161} INFO - Started process (PID=37079) to work on /home/varn1t/ml-pipeline/venv/lib/python3.11/site-packages/airflow/example_dags/tutorial_dag.py
[2026-05-24T15:15:58.183+0000] {processor.py:830} INFO - Processing file /home/varn1t/ml-pipeline/venv/lib/python3.11/site-packages/airflow/example_dags/tutorial_dag.py for tasks to queue
[2026-05-24T15:15:58.184+0000] {logging_mixin.py:188} INFO - [2026-05-24T15:15:58.184+0000] {dagbag.py:545} INFO - Filling up the DagBag from /home/varn1t/ml-pipeline/venv/lib/python3.11/site-packages/airflow/example_dags/tutorial_dag.py
[2026-05-24T15:15:58.189+0000] {processor.py:840} INFO - DAG(s) 'tutorial_dag' retrieved from /home/varn1t/ml-pipeline/venv/lib/python3.11/site-packages/airflow/example_dags/tutorial_dag.py
[2026-05-24T15:15:58.205+0000] {logging_mixin.py:188} INFO - [2026-05-24T15:15:58.204+0000] {dag.py:3096} INFO - Sync 1 DAGs
[2026-05-24T15:15:58.214+0000] {logging_mixin.py:188} INFO - [2026-05-24T15:15:58.214+0000] {dag.py:3954} INFO - Setting next_dagrun for tutorial_dag to None, run_after=None
[2026-05-24T15:15:58.234+0000] {processor.py:183} INFO - Processing /home/varn1t/ml-pipeline/venv/lib/python3.11/site-packages/airflow/example_dags/tutorial_dag.py took 0.059 seconds
[2026-05-24T15:16:38.147+0000] {processor.py:161} INFO - Started process (PID=37259) to work on /home/varn1t/ml-pipeline/venv/lib/python3.11/site-packages/airflow/example_dags/tutorial_dag.py
[2026-05-24T15:16:38.148+0000] {processor.py:830} INFO - Processing file /home/varn1t/ml-pipeline/venv/lib/python3.11/site-packages/airflow/example_dags/tutorial_dag.py for tasks to queue
[2026-05-24T15:16:38.149+0000] {logging_mixin.py:188} INFO - [2026-05-24T15:16:38.149+0000] {dagbag.py:545} INFO - Filling up the DagBag from /home/varn1t/ml-pipeline/venv/lib/python3.11/site-packages/airflow/example_dags/tutorial_dag.py
[2026-05-24T15:16:38.154+0000] {processor.py:840} INFO - DAG(s) 'tutorial_dag' retrieved from /home/varn1t/ml-pipeline/venv/lib/python3.11/site-packages/airflow/example_dags/tutorial_dag.py
[2026-05-24T15:16:38.169+0000] {logging_mixin.py:188} INFO - [2026-05-24T15:16:38.169+0000] {dag.py:3096} INFO - Sync 1 DAGs
[2026-05-24T15:16:38.178+0000] {logging_mixin.py:188} INFO - [2026-05-24T15:16:38.178+0000] {dag.py:3954} INFO - Setting next_dagrun for tutorial_dag to None, run_after=None
[2026-05-24T15:16:38.199+0000] {processor.py:183} INFO - Processing /home/varn1t/ml-pipeline/venv/lib/python3.11/site-packages/airflow/example_dags/tutorial_dag.py took 0.059 seconds
[2026-05-24T15:17:17.642+0000] {processor.py:161} INFO - Started process (PID=37580) to work on /home/varn1t/ml-pipeline/venv/lib/python3.11/site-packages/airflow/example_dags/tutorial_dag.py
[2026-05-24T15:17:17.642+0000] {processor.py:830} INFO - Processing file /home/varn1t/ml-pipeline/venv/lib/python3.11/site-packages/airflow/example_dags/tutorial_dag.py for tasks to queue
[2026-05-24T15:17:17.643+0000] {logging_mixin.py:188} INFO - [2026-05-24T15:17:17.643+0000] {dagbag.py:545} INFO - Filling up the DagBag from /home/varn1t/ml-pipeline/venv/lib/python3.11/site-packages/airflow/example_dags/tutorial_dag.py
[2026-05-24T15:17:17.647+0000] {processor.py:840} INFO - DAG(s) 'tutorial_dag' retrieved from /home/varn1t/ml-pipeline/venv/lib/python3.11/site-packages/airflow/example_dags/tutorial_dag.py
[2026-05-24T15:17:17.658+0000] {logging_mixin.py:188} INFO - [2026-05-24T15:17:17.658+0000] {dag.py:3096} INFO - Sync 1 DAGs
[2026-05-24T15:17:17.666+0000] {logging_mixin.py:188} INFO - [2026-05-24T15:17:17.666+0000] {dag.py:3954} INFO - Setting next_dagrun for tutorial_dag to None, run_after=None
[2026-05-24T15:17:17.680+0000] {processor.py:183} INFO - Processing /home/varn1t/ml-pipeline/venv/lib/python3.11/site-packages/airflow/example_dags/tutorial_dag.py took 0.044 seconds
[2026-05-24T15:17:57.345+0000] {processor.py:161} INFO - Started process (PID=37800) to work on /home/varn1t/ml-pipeline/venv/lib/python3.11/site-packages/airflow/example_dags/tutorial_dag.py
[2026-05-24T15:17:57.347+0000] {processor.py:830} INFO - Processing file /home/varn1t/ml-pipeline/venv/lib/python3.11/site-packages/airflow/example_dags/tutorial_dag.py for tasks to queue
[2026-05-24T15:17:57.348+0000] {logging_mixin.py:188} INFO - [2026-05-24T15:17:57.347+0000] {dagbag.py:545} INFO - Filling up the DagBag from /home/varn1t/ml-pipeline/venv/lib/python3.11/site-packages/airflow/example_dags/tutorial_dag.py
[2026-05-24T15:17:57.353+0000] {processor.py:840} INFO - DAG(s) 'tutorial_dag' retrieved from /home/varn1t/ml-pipeline/venv/lib/python3.11/site-packages/airflow/example_dags/tutorial_dag.py
[2026-05-24T15:17:57.369+0000] {logging_mixin.py:188} INFO - [2026-05-24T15:17:57.369+0000] {dag.py:3096} INFO - Sync 1 DAGs
[2026-05-24T15:17:57.377+0000] {logging_mixin.py:188} INFO - [2026-05-24T15:17:57.377+0000] {dag.py:3954} INFO - Setting next_dagrun for tutorial_dag to None, run_after=None
[2026-05-24T15:17:57.393+0000] {processor.py:183} INFO - Processing /home/varn1t/ml-pipeline/venv/lib/python3.11/site-packages/airflow/example_dags/tutorial_dag.py took 0.056 seconds
[2026-05-24T15:18:36.358+0000] {processor.py:161} INFO - Started process (PID=38244) to work on /home/varn1t/ml-pipeline/venv/lib/python3.11/site-packages/airflow/example_dags/tutorial_dag.py
[2026-05-24T15:18:36.360+0000] {processor.py:830} INFO - Processing file /home/varn1t/ml-pipeline/venv/lib/python3.11/site-packages/airflow/example_dags/tutorial_dag.py for tasks to queue
[2026-05-24T15:18:36.362+0000] {logging_mixin.py:188} INFO - [2026-05-24T15:18:36.361+0000] {dagbag.py:545} INFO - Filling up the DagBag from /home/varn1t/ml-pipeline/venv/lib/python3.11/site-packages/airflow/example_dags/tutorial_dag.py
[2026-05-24T15:18:36.368+0000] {processor.py:840} INFO - DAG(s) 'tutorial_dag' retrieved from /home/varn1t/ml-pipeline/venv/lib/python3.11/site-packages/airflow/example_dags/tutorial_dag.py
[2026-05-24T15:18:36.383+0000] {logging_mixin.py:188} INFO - [2026-05-24T15:18:36.383+0000] {dag.py:3096} INFO - Sync 1 DAGs
[2026-05-24T15:18:36.392+0000] {logging_mixin.py:188} INFO - [2026-05-24T15:18:36.392+0000] {dag.py:3954} INFO - Setting next_dagrun for tutorial_dag to None, run_after=None
[2026-05-24T15:18:36.411+0000] {processor.py:183} INFO - Processing /home/varn1t/ml-pipeline/venv/lib/python3.11/site-packages/airflow/example_dags/tutorial_dag.py took 0.061 seconds
[2026-05-24T15:19:16.544+0000] {processor.py:161} INFO - Started process (PID=38703) to work on /home/varn1t/ml-pipeline/venv/lib/python3.11/site-packages/airflow/example_dags/tutorial_dag.py
[2026-05-24T15:19:16.545+0000] {processor.py:830} INFO - Processing file /home/varn1t/ml-pipeline/venv/lib/python3.11/site-packages/airflow/example_dags/tutorial_dag.py for tasks to queue
[2026-05-24T15:19:16.546+0000] {logging_mixin.py:188} INFO - [2026-05-24T15:19:16.546+0000] {dagbag.py:545} INFO - Filling up the DagBag from /home/varn1t/ml-pipeline/venv/lib/python3.11/site-packages/airflow/example_dags/tutorial_dag.py
[2026-05-24T15:19:16.551+0000] {processor.py:840} INFO - DAG(s) 'tutorial_dag' retrieved from /home/varn1t/ml-pipeline/venv/lib/python3.11/site-packages/airflow/example_dags/tutorial_dag.py
[2026-05-24T15:19:16.563+0000] {logging_mixin.py:188} INFO - [2026-05-24T15:19:16.563+0000] {dag.py:3096} INFO - Sync 1 DAGs
[2026-05-24T15:19:16.570+0000] {logging_mixin.py:188} INFO - [2026-05-24T15:19:16.570+0000] {dag.py:3954} INFO - Setting next_dagrun for tutorial_dag to None, run_after=None
[2026-05-24T15:19:16.585+0000] {processor.py:183} INFO - Processing /home/varn1t/ml-pipeline/venv/lib/python3.11/site-packages/airflow/example_dags/tutorial_dag.py took 0.049 seconds
[2026-05-24T15:19:57.356+0000] {processor.py:161} INFO - Started process (PID=38893) to work on /home/varn1t/ml-pipeline/venv/lib/python3.11/site-packages/airflow/example_dags/tutorial_dag.py
[2026-05-24T15:19:57.356+0000] {processor.py:830} INFO - Processing file /home/varn1t/ml-pipeline/venv/lib/python3.11/site-packages/airflow/example_dags/tutorial_dag.py for tasks to queue
[2026-05-24T15:19:57.357+0000] {logging_mixin.py:188} INFO - [2026-05-24T15:19:57.357+0000] {dagbag.py:545} INFO - Filling up the DagBag from /home/varn1t/ml-pipeline/venv/lib/python3.11/site-packages/airflow/example_dags/tutorial_dag.py
[2026-05-24T15:19:57.361+0000] {processor.py:840} INFO - DAG(s) 'tutorial_dag' retrieved from /home/varn1t/ml-pipeline/venv/lib/python3.11/site-packages/airflow/example_dags/tutorial_dag.py
[2026-05-24T15:19:57.373+0000] {logging_mixin.py:188} INFO - [2026-05-24T15:19:57.373+0000] {dag.py:3096} INFO - Sync 1 DAGs
[2026-05-24T15:19:57.381+0000] {logging_mixin.py:188} INFO - [2026-05-24T15:19:57.381+0000] {dag.py:3954} INFO - Setting next_dagrun for tutorial_dag to None, run_after=None
[2026-05-24T15:19:57.396+0000] {processor.py:183} INFO - Processing /home/varn1t/ml-pipeline/venv/lib/python3.11/site-packages/airflow/example_dags/tutorial_dag.py took 0.047 seconds
[2026-05-24T15:20:40.906+0000] {processor.py:161} INFO - Started process (PID=39082) to work on /home/varn1t/ml-pipeline/venv/lib/python3.11/site-packages/airflow/example_dags/tutorial_dag.py
[2026-05-24T15:20:40.907+0000] {processor.py:830} INFO - Processing file /home/varn1t/ml-pipeline/venv/lib/python3.11/site-packages/airflow/example_dags/tutorial_dag.py for tasks to queue
[2026-05-24T15:20:40.908+0000] {logging_mixin.py:188} INFO - [2026-05-24T15:20:40.907+0000] {dagbag.py:545} INFO - Filling up the DagBag from /home/varn1t/ml-pipeline/venv/lib/python3.11/site-packages/airflow/example_dags/tutorial_dag.py
[2026-05-24T15:20:40.912+0000] {processor.py:840} INFO - DAG(s) 'tutorial_dag' retrieved from /home/varn1t/ml-pipeline/venv/lib/python3.11/site-packages/airflow/example_dags/tutorial_dag.py
[2026-05-24T15:20:40.925+0000] {logging_mixin.py:188} INFO - [2026-05-24T15:20:40.925+0000] {dag.py:3096} INFO - Sync 1 DAGs
[2026-05-24T15:20:40.933+0000] {logging_mixin.py:188} INFO - [2026-05-24T15:20:40.932+0000] {dag.py:3954} INFO - Setting next_dagrun for tutorial_dag to None, run_after=None
[2026-05-24T15:20:40.947+0000] {processor.py:183} INFO - Processing /home/varn1t/ml-pipeline/venv/lib/python3.11/site-packages/airflow/example_dags/tutorial_dag.py took 0.047 seconds
[2026-05-24T15:21:23.154+0000] {processor.py:161} INFO - Started process (PID=39274) to work on /home/varn1t/ml-pipeline/venv/lib/python3.11/site-packages/airflow/example_dags/tutorial_dag.py
[2026-05-24T15:21:23.155+0000] {processor.py:830} INFO - Processing file /home/varn1t/ml-pipeline/venv/lib/python3.11/site-packages/airflow/example_dags/tutorial_dag.py for tasks to queue
[2026-05-24T15:21:23.155+0000] {logging_mixin.py:188} INFO - [2026-05-24T15:21:23.155+0000] {dagbag.py:545} INFO - Filling up the DagBag from /home/varn1t/ml-pipeline/venv/lib/python3.11/site-packages/airflow/example_dags/tutorial_dag.py
[2026-05-24T15:21:23.160+0000] {processor.py:840} INFO - DAG(s) 'tutorial_dag' retrieved from /home/varn1t/ml-pipeline/venv/lib/python3.11/site-packages/airflow/example_dags/tutorial_dag.py
[2026-05-24T15:21:23.172+0000] {logging_mixin.py:188} INFO - [2026-05-24T15:21:23.172+0000] {dag.py:3096} INFO - Sync 1 DAGs
[2026-05-24T15:21:23.179+0000] {logging_mixin.py:188} INFO - [2026-05-24T15:21:23.179+0000] {dag.py:3954} INFO - Setting next_dagrun for tutorial_dag to None, run_after=None
[2026-05-24T15:21:23.196+0000] {processor.py:183} INFO - Processing /home/varn1t/ml-pipeline/venv/lib/python3.11/site-packages/airflow/example_dags/tutorial_dag.py took 0.048 seconds
[2026-05-24T15:22:01.157+0000] {processor.py:161} INFO - Started process (PID=39544) to work on /home/varn1t/ml-pipeline/venv/lib/python3.11/site-packages/airflow/example_dags/tutorial_dag.py
[2026-05-24T15:22:01.159+0000] {processor.py:830} INFO - Processing file /home/varn1t/ml-pipeline/venv/lib/python3.11/site-packages/airflow/example_dags/tutorial_dag.py for tasks to queue
[2026-05-24T15:22:01.160+0000] {logging_mixin.py:188} INFO - [2026-05-24T15:22:01.159+0000] {dagbag.py:545} INFO - Filling up the DagBag from /home/varn1t/ml-pipeline/venv/lib/python3.11/site-packages/airflow/example_dags/tutorial_dag.py
[2026-05-24T15:22:01.165+0000] {processor.py:840} INFO - DAG(s) 'tutorial_dag' retrieved from /home/varn1t/ml-pipeline/venv/lib/python3.11/site-packages/airflow/example_dags/tutorial_dag.py
[2026-05-24T15:22:01.178+0000] {logging_mixin.py:188} INFO - [2026-05-24T15:22:01.178+0000] {dag.py:3096} INFO - Sync 1 DAGs
[2026-05-24T15:22:01.187+0000] {logging_mixin.py:188} INFO - [2026-05-24T15:22:01.187+0000] {dag.py:3954} INFO - Setting next_dagrun for tutorial_dag to None, run_after=None
[2026-05-24T15:22:01.211+0000] {processor.py:183} INFO - Processing /home/varn1t/ml-pipeline/venv/lib/python3.11/site-packages/airflow/example_dags/tutorial_dag.py took 0.061 seconds
[2026-05-24T15:22:42.248+0000] {processor.py:161} INFO - Started process (PID=39875) to work on /home/varn1t/ml-pipeline/venv/lib/python3.11/site-packages/airflow/example_dags/tutorial_dag.py
[2026-05-24T15:22:42.249+0000] {processor.py:830} INFO - Processing file /home/varn1t/ml-pipeline/venv/lib/python3.11/site-packages/airflow/example_dags/tutorial_dag.py for tasks to queue
[2026-05-24T15:22:42.250+0000] {logging_mixin.py:188} INFO - [2026-05-24T15:22:42.249+0000] {dagbag.py:545} INFO - Filling up the DagBag from /home/varn1t/ml-pipeline/venv/lib/python3.11/site-packages/airflow/example_dags/tutorial_dag.py
[2026-05-24T15:22:42.254+0000] {processor.py:840} INFO - DAG(s) 'tutorial_dag' retrieved from /home/varn1t/ml-pipeline/venv/lib/python3.11/site-packages/airflow/example_dags/tutorial_dag.py
[2026-05-24T15:22:42.265+0000] {logging_mixin.py:188} INFO - [2026-05-24T15:22:42.265+0000] {dag.py:3096} INFO - Sync 1 DAGs
[2026-05-24T15:22:42.272+0000] {logging_mixin.py:188} INFO - [2026-05-24T15:22:42.272+0000] {dag.py:3954} INFO - Setting next_dagrun for tutorial_dag to None, run_after=None
[2026-05-24T15:22:42.286+0000] {processor.py:183} INFO - Processing /home/varn1t/ml-pipeline/venv/lib/python3.11/site-packages/airflow/example_dags/tutorial_dag.py took 0.045 seconds
[2026-05-24T15:23:23.335+0000] {processor.py:161} INFO - Started process (PID=40277) to work on /home/varn1t/ml-pipeline/venv/lib/python3.11/site-packages/airflow/example_dags/tutorial_dag.py
[2026-05-24T15:23:23.336+0000] {processor.py:830} INFO - Processing file /home/varn1t/ml-pipeline/venv/lib/python3.11/site-packages/airflow/example_dags/tutorial_dag.py for tasks to queue
[2026-05-24T15:23:23.336+0000] {logging_mixin.py:188} INFO - [2026-05-24T15:23:23.336+0000] {dagbag.py:545} INFO - Filling up the DagBag from /home/varn1t/ml-pipeline/venv/lib/python3.11/site-packages/airflow/example_dags/tutorial_dag.py
[2026-05-24T15:23:23.340+0000] {processor.py:840} INFO - DAG(s) 'tutorial_dag' retrieved from /home/varn1t/ml-pipeline/venv/lib/python3.11/site-packages/airflow/example_dags/tutorial_dag.py
[2026-05-24T15:23:23.352+0000] {logging_mixin.py:188} INFO - [2026-05-24T15:23:23.352+0000] {dag.py:3096} INFO - Sync 1 DAGs
[2026-05-24T15:23:23.359+0000] {logging_mixin.py:188} INFO - [2026-05-24T15:23:23.359+0000] {dag.py:3954} INFO - Setting next_dagrun for tutorial_dag to None, run_after=None
[2026-05-24T15:23:23.376+0000] {processor.py:183} INFO - Processing /home/varn1t/ml-pipeline/venv/lib/python3.11/site-packages/airflow/example_dags/tutorial_dag.py took 0.047 seconds
[2026-05-24T15:24:06.682+0000] {processor.py:161} INFO - Started process (PID=40527) to work on /home/varn1t/ml-pipeline/venv/lib/python3.11/site-packages/airflow/example_dags/tutorial_dag.py
[2026-05-24T15:24:06.683+0000] {processor.py:830} INFO - Processing file /home/varn1t/ml-pipeline/venv/lib/python3.11/site-packages/airflow/example_dags/tutorial_dag.py for tasks to queue
[2026-05-24T15:24:06.684+0000] {logging_mixin.py:188} INFO - [2026-05-24T15:24:06.683+0000] {dagbag.py:545} INFO - Filling up the DagBag from /home/varn1t/ml-pipeline/venv/lib/python3.11/site-packages/airflow/example_dags/tutorial_dag.py
[2026-05-24T15:24:06.688+0000] {processor.py:840} INFO - DAG(s) 'tutorial_dag' retrieved from /home/varn1t/ml-pipeline/venv/lib/python3.11/site-packages/airflow/example_dags/tutorial_dag.py
[2026-05-24T15:24:06.700+0000] {logging_mixin.py:188} INFO - [2026-05-24T15:24:06.700+0000] {dag.py:3096} INFO - Sync 1 DAGs
[2026-05-24T15:24:06.707+0000] {logging_mixin.py:188} INFO - [2026-05-24T15:24:06.707+0000] {dag.py:3954} INFO - Setting next_dagrun for tutorial_dag to None, run_after=None
[2026-05-24T15:24:06.722+0000] {processor.py:183} INFO - Processing /home/varn1t/ml-pipeline/venv/lib/python3.11/site-packages/airflow/example_dags/tutorial_dag.py took 0.045 seconds
[2026-05-24T15:24:48.822+0000] {processor.py:161} INFO - Started process (PID=40833) to work on /home/varn1t/ml-pipeline/venv/lib/python3.11/site-packages/airflow/example_dags/tutorial_dag.py
[2026-05-24T15:24:48.823+0000] {processor.py:830} INFO - Processing file /home/varn1t/ml-pipeline/venv/lib/python3.11/site-packages/airflow/example_dags/tutorial_dag.py for tasks to queue
[2026-05-24T15:24:48.823+0000] {logging_mixin.py:188} INFO - [2026-05-24T15:24:48.823+0000] {dagbag.py:545} INFO - Filling up the DagBag from /home/varn1t/ml-pipeline/venv/lib/python3.11/site-packages/airflow/example_dags/tutorial_dag.py
[2026-05-24T15:24:48.829+0000] {processor.py:840} INFO - DAG(s) 'tutorial_dag' retrieved from /home/varn1t/ml-pipeline/venv/lib/python3.11/site-packages/airflow/example_dags/tutorial_dag.py
[2026-05-24T15:24:48.841+0000] {logging_mixin.py:188} INFO - [2026-05-24T15:24:48.841+0000] {dag.py:3096} INFO - Sync 1 DAGs
[2026-05-24T15:24:48.848+0000] {logging_mixin.py:188} INFO - [2026-05-24T15:24:48.848+0000] {dag.py:3954} INFO - Setting next_dagrun for tutorial_dag to None, run_after=None
[2026-05-24T15:24:48.864+0000] {processor.py:183} INFO - Processing /home/varn1t/ml-pipeline/venv/lib/python3.11/site-packages/airflow/example_dags/tutorial_dag.py took 0.050 seconds
[2026-05-24T15:25:56.258+0000] {processor.py:161} INFO - Started process (PID=42321) to work on /home/varn1t/ml-pipeline/venv/lib/python3.11/site-packages/airflow/example_dags/tutorial_dag.py
[2026-05-24T15:25:56.259+0000] {processor.py:830} INFO - Processing file /home/varn1t/ml-pipeline/venv/lib/python3.11/site-packages/airflow/example_dags/tutorial_dag.py for tasks to queue
[2026-05-24T15:25:56.259+0000] {logging_mixin.py:188} INFO - [2026-05-24T15:25:56.259+0000] {dagbag.py:545} INFO - Filling up the DagBag from /home/varn1t/ml-pipeline/venv/lib/python3.11/site-packages/airflow/example_dags/tutorial_dag.py
[2026-05-24T15:25:56.263+0000] {processor.py:840} INFO - DAG(s) 'tutorial_dag' retrieved from /home/varn1t/ml-pipeline/venv/lib/python3.11/site-packages/airflow/example_dags/tutorial_dag.py
[2026-05-24T15:25:56.274+0000] {logging_mixin.py:188} INFO - [2026-05-24T15:25:56.274+0000] {dag.py:3096} INFO - Sync 1 DAGs
[2026-05-24T15:25:56.281+0000] {logging_mixin.py:188} INFO - [2026-05-24T15:25:56.281+0000] {dag.py:3954} INFO - Setting next_dagrun for tutorial_dag to None, run_after=None
[2026-05-24T15:25:56.294+0000] {processor.py:183} INFO - Processing /home/varn1t/ml-pipeline/venv/lib/python3.11/site-packages/airflow/example_dags/tutorial_dag.py took 0.042 seconds
[2026-05-24T15:26:33.024+0000] {processor.py:161} INFO - Started process (PID=42491) to work on /home/varn1t/ml-pipeline/venv/lib/python3.11/site-packages/airflow/example_dags/tutorial_dag.py
[2026-05-24T15:26:33.025+0000] {processor.py:830} INFO - Processing file /home/varn1t/ml-pipeline/venv/lib/python3.11/site-packages/airflow/example_dags/tutorial_dag.py for tasks to queue
[2026-05-24T15:26:33.025+0000] {logging_mixin.py:188} INFO - [2026-05-24T15:26:33.025+0000] {dagbag.py:545} INFO - Filling up the DagBag from /home/varn1t/ml-pipeline/venv/lib/python3.11/site-packages/airflow/example_dags/tutorial_dag.py
[2026-05-24T15:26:33.030+0000] {processor.py:840} INFO - DAG(s) 'tutorial_dag' retrieved from /home/varn1t/ml-pipeline/venv/lib/python3.11/site-packages/airflow/example_dags/tutorial_dag.py
[2026-05-24T15:26:33.043+0000] {logging_mixin.py:188} INFO - [2026-05-24T15:26:33.042+0000] {dag.py:3096} INFO - Sync 1 DAGs
[2026-05-24T15:26:33.051+0000] {logging_mixin.py:188} INFO - [2026-05-24T15:26:33.051+0000] {dag.py:3954} INFO - Setting next_dagrun for tutorial_dag to None, run_after=None
[2026-05-24T15:26:33.070+0000] {processor.py:183} INFO - Processing /home/varn1t/ml-pipeline/venv/lib/python3.11/site-packages/airflow/example_dags/tutorial_dag.py took 0.052 seconds
[2026-05-24T15:27:14.009+0000] {processor.py:161} INFO - Started process (PID=42743) to work on /home/varn1t/ml-pipeline/venv/lib/python3.11/site-packages/airflow/example_dags/tutorial_dag.py
[2026-05-24T15:27:14.010+0000] {processor.py:830} INFO - Processing file /home/varn1t/ml-pipeline/venv/lib/python3.11/site-packages/airflow/example_dags/tutorial_dag.py for tasks to queue
[2026-05-24T15:27:14.011+0000] {logging_mixin.py:188} INFO - [2026-05-24T15:27:14.010+0000] {dagbag.py:545} INFO - Filling up the DagBag from /home/varn1t/ml-pipeline/venv/lib/python3.11/site-packages/airflow/example_dags/tutorial_dag.py
[2026-05-24T15:27:14.014+0000] {processor.py:840} INFO - DAG(s) 'tutorial_dag' retrieved from /home/varn1t/ml-pipeline/venv/lib/python3.11/site-packages/airflow/example_dags/tutorial_dag.py
[2026-05-24T15:27:14.025+0000] {logging_mixin.py:188} INFO - [2026-05-24T15:27:14.025+0000] {dag.py:3096} INFO - Sync 1 DAGs
[2026-05-24T15:27:14.031+0000] {logging_mixin.py:188} INFO - [2026-05-24T15:27:14.031+0000] {dag.py:3954} INFO - Setting next_dagrun for tutorial_dag to None, run_after=None
[2026-05-24T15:27:14.046+0000] {processor.py:183} INFO - Processing /home/varn1t/ml-pipeline/venv/lib/python3.11/site-packages/airflow/example_dags/tutorial_dag.py took 0.043 seconds
[2026-05-24T15:27:57.673+0000] {processor.py:161} INFO - Started process (PID=43005) to work on /home/varn1t/ml-pipeline/venv/lib/python3.11/site-packages/airflow/example_dags/tutorial_dag.py
[2026-05-24T15:27:57.674+0000] {processor.py:830} INFO - Processing file /home/varn1t/ml-pipeline/venv/lib/python3.11/site-packages/airflow/example_dags/tutorial_dag.py for tasks to queue
[2026-05-24T15:27:57.674+0000] {logging_mixin.py:188} INFO - [2026-05-24T15:27:57.674+0000] {dagbag.py:545} INFO - Filling up the DagBag from /home/varn1t/ml-pipeline/venv/lib/python3.11/site-packages/airflow/example_dags/tutorial_dag.py
[2026-05-24T15:27:57.678+0000] {processor.py:840} INFO - DAG(s) 'tutorial_dag' retrieved from /home/varn1t/ml-pipeline/venv/lib/python3.11/site-packages/airflow/example_dags/tutorial_dag.py
[2026-05-24T15:27:57.692+0000] {logging_mixin.py:188} INFO - [2026-05-24T15:27:57.692+0000] {dag.py:3096} INFO - Sync 1 DAGs
[2026-05-24T15:27:57.700+0000] {logging_mixin.py:188} INFO - [2026-05-24T15:27:57.700+0000] {dag.py:3954} INFO - Setting next_dagrun for tutorial_dag to None, run_after=None
[2026-05-24T15:27:57.715+0000] {processor.py:183} INFO - Processing /home/varn1t/ml-pipeline/venv/lib/python3.11/site-packages/airflow/example_dags/tutorial_dag.py took 0.048 seconds
[2026-05-24T15:29:11.225+0000] {processor.py:161} INFO - Started process (PID=43793) to work on /home/varn1t/ml-pipeline/venv/lib/python3.11/site-packages/airflow/example_dags/tutorial_dag.py
[2026-05-24T15:29:11.226+0000] {processor.py:830} INFO - Processing file /home/varn1t/ml-pipeline/venv/lib/python3.11/site-packages/airflow/example_dags/tutorial_dag.py for tasks to queue
[2026-05-24T15:29:11.227+0000] {logging_mixin.py:188} INFO - [2026-05-24T15:29:11.227+0000] {dagbag.py:545} INFO - Filling up the DagBag from /home/varn1t/ml-pipeline/venv/lib/python3.11/site-packages/airflow/example_dags/tutorial_dag.py
[2026-05-24T15:29:11.231+0000] {processor.py:840} INFO - DAG(s) 'tutorial_dag' retrieved from /home/varn1t/ml-pipeline/venv/lib/python3.11/site-packages/airflow/example_dags/tutorial_dag.py
[2026-05-24T15:29:11.243+0000] {logging_mixin.py:188} INFO - [2026-05-24T15:29:11.243+0000] {dag.py:3096} INFO - Sync 1 DAGs
[2026-05-24T15:29:11.251+0000] {logging_mixin.py:188} INFO - [2026-05-24T15:29:11.250+0000] {dag.py:3954} INFO - Setting next_dagrun for tutorial_dag to None, run_after=None
[2026-05-24T15:29:11.269+0000] {processor.py:183} INFO - Processing /home/varn1t/ml-pipeline/venv/lib/python3.11/site-packages/airflow/example_dags/tutorial_dag.py took 0.051 seconds
[2026-05-24T15:29:52.313+0000] {processor.py:161} INFO - Started process (PID=44014) to work on /home/varn1t/ml-pipeline/venv/lib/python3.11/site-packages/airflow/example_dags/tutorial_dag.py
[2026-05-24T15:29:52.314+0000] {processor.py:830} INFO - Processing file /home/varn1t/ml-pipeline/venv/lib/python3.11/site-packages/airflow/example_dags/tutorial_dag.py for tasks to queue
[2026-05-24T15:29:52.315+0000] {logging_mixin.py:188} INFO - [2026-05-24T15:29:52.315+0000] {dagbag.py:545} INFO - Filling up the DagBag from /home/varn1t/ml-pipeline/venv/lib/python3.11/site-packages/airflow/example_dags/tutorial_dag.py
[2026-05-24T15:29:52.319+0000] {processor.py:840} INFO - DAG(s) 'tutorial_dag' retrieved from /home/varn1t/ml-pipeline/venv/lib/python3.11/site-packages/airflow/example_dags/tutorial_dag.py
[2026-05-24T15:29:52.330+0000] {logging_mixin.py:188} INFO - [2026-05-24T15:29:52.330+0000] {dag.py:3096} INFO - Sync 1 DAGs
[2026-05-24T15:29:52.337+0000] {logging_mixin.py:188} INFO - [2026-05-24T15:29:52.337+0000] {dag.py:3954} INFO - Setting next_dagrun for tutorial_dag to None, run_after=None
[2026-05-24T15:29:52.352+0000] {processor.py:183} INFO - Processing /home/varn1t/ml-pipeline/venv/lib/python3.11/site-packages/airflow/example_dags/tutorial_dag.py took 0.045 seconds
[2026-05-24T15:30:43.012+0000] {processor.py:161} INFO - Started process (PID=44547) to work on /home/varn1t/ml-pipeline/venv/lib/python3.11/site-packages/airflow/example_dags/tutorial_dag.py
[2026-05-24T15:30:43.013+0000] {processor.py:830} INFO - Processing file /home/varn1t/ml-pipeline/venv/lib/python3.11/site-packages/airflow/example_dags/tutorial_dag.py for tasks to queue
[2026-05-24T15:30:43.013+0000] {logging_mixin.py:188} INFO - [2026-05-24T15:30:43.013+0000] {dagbag.py:545} INFO - Filling up the DagBag from /home/varn1t/ml-pipeline/venv/lib/python3.11/site-packages/airflow/example_dags/tutorial_dag.py
[2026-05-24T15:30:43.018+0000] {processor.py:840} INFO - DAG(s) 'tutorial_dag' retrieved from /home/varn1t/ml-pipeline/venv/lib/python3.11/site-packages/airflow/example_dags/tutorial_dag.py
[2026-05-24T15:30:43.030+0000] {logging_mixin.py:188} INFO - [2026-05-24T15:30:43.030+0000] {dag.py:3096} INFO - Sync 1 DAGs
[2026-05-24T15:30:43.038+0000] {logging_mixin.py:188} INFO - [2026-05-24T15:30:43.037+0000] {dag.py:3954} INFO - Setting next_dagrun for tutorial_dag to None, run_after=None
[2026-05-24T15:30:43.053+0000] {processor.py:183} INFO - Processing /home/varn1t/ml-pipeline/venv/lib/python3.11/site-packages/airflow/example_dags/tutorial_dag.py took 0.048 seconds
[2026-05-24T15:31:27.914+0000] {processor.py:161} INFO - Started process (PID=45027) to work on /home/varn1t/ml-pipeline/venv/lib/python3.11/site-packages/airflow/example_dags/tutorial_dag.py
[2026-05-24T15:31:27.915+0000] {processor.py:830} INFO - Processing file /home/varn1t/ml-pipeline/venv/lib/python3.11/site-packages/airflow/example_dags/tutorial_dag.py for tasks to queue
[2026-05-24T15:31:27.916+0000] {logging_mixin.py:188} INFO - [2026-05-24T15:31:27.915+0000] {dagbag.py:545} INFO - Filling up the DagBag from /home/varn1t/ml-pipeline/venv/lib/python3.11/site-packages/airflow/example_dags/tutorial_dag.py
[2026-05-24T15:31:27.919+0000] {processor.py:840} INFO - DAG(s) 'tutorial_dag' retrieved from /home/varn1t/ml-pipeline/venv/lib/python3.11/site-packages/airflow/example_dags/tutorial_dag.py
[2026-05-24T15:31:27.931+0000] {logging_mixin.py:188} INFO - [2026-05-24T15:31:27.931+0000] {dag.py:3096} INFO - Sync 1 DAGs
[2026-05-24T15:31:27.938+0000] {logging_mixin.py:188} INFO - [2026-05-24T15:31:27.938+0000] {dag.py:3954} INFO - Setting next_dagrun for tutorial_dag to None, run_after=None
[2026-05-24T15:31:27.952+0000] {processor.py:183} INFO - Processing /home/varn1t/ml-pipeline/venv/lib/python3.11/site-packages/airflow/example_dags/tutorial_dag.py took 0.043 seconds
[2026-05-24T15:32:09.566+0000] {processor.py:161} INFO - Started process (PID=45494) to work on /home/varn1t/ml-pipeline/venv/lib/python3.11/site-packages/airflow/example_dags/tutorial_dag.py
[2026-05-24T15:32:09.567+0000] {processor.py:830} INFO - Processing file /home/varn1t/ml-pipeline/venv/lib/python3.11/site-packages/airflow/example_dags/tutorial_dag.py for tasks to queue
[2026-05-24T15:32:09.568+0000] {logging_mixin.py:188} INFO - [2026-05-24T15:32:09.567+0000] {dagbag.py:545} INFO - Filling up the DagBag from /home/varn1t/ml-pipeline/venv/lib/python3.11/site-packages/airflow/example_dags/tutorial_dag.py
[2026-05-24T15:32:09.572+0000] {processor.py:840} INFO - DAG(s) 'tutorial_dag' retrieved from /home/varn1t/ml-pipeline/venv/lib/python3.11/site-packages/airflow/example_dags/tutorial_dag.py
[2026-05-24T15:32:09.583+0000] {logging_mixin.py:188} INFO - [2026-05-24T15:32:09.583+0000] {dag.py:3096} INFO - Sync 1 DAGs
[2026-05-24T15:32:09.591+0000] {logging_mixin.py:188} INFO - [2026-05-24T15:32:09.591+0000] {dag.py:3954} INFO - Setting next_dagrun for tutorial_dag to None, run_after=None
[2026-05-24T15:32:09.609+0000] {processor.py:183} INFO - Processing /home/varn1t/ml-pipeline/venv/lib/python3.11/site-packages/airflow/example_dags/tutorial_dag.py took 0.049 seconds
[2026-05-24T15:32:54.625+0000] {processor.py:161} INFO - Started process (PID=45744) to work on /home/varn1t/ml-pipeline/venv/lib/python3.11/site-packages/airflow/example_dags/tutorial_dag.py
[2026-05-24T15:32:54.626+0000] {processor.py:830} INFO - Processing file /home/varn1t/ml-pipeline/venv/lib/python3.11/site-packages/airflow/example_dags/tutorial_dag.py for tasks to queue
[2026-05-24T15:32:54.627+0000] {logging_mixin.py:188} INFO - [2026-05-24T15:32:54.627+0000] {dagbag.py:545} INFO - Filling up the DagBag from /home/varn1t/ml-pipeline/venv/lib/python3.11/site-packages/airflow/example_dags/tutorial_dag.py
[2026-05-24T15:32:54.631+0000] {processor.py:840} INFO - DAG(s) 'tutorial_dag' retrieved from /home/varn1t/ml-pipeline/venv/lib/python3.11/site-packages/airflow/example_dags/tutorial_dag.py
[2026-05-24T15:32:54.645+0000] {logging_mixin.py:188} INFO - [2026-05-24T15:32:54.645+0000] {dag.py:3096} INFO - Sync 1 DAGs
[2026-05-24T15:32:54.652+0000] {logging_mixin.py:188} INFO - [2026-05-24T15:32:54.652+0000] {dag.py:3954} INFO - Setting next_dagrun for tutorial_dag to None, run_after=None
[2026-05-24T15:32:54.669+0000] {processor.py:183} INFO - Processing /home/varn1t/ml-pipeline/venv/lib/python3.11/site-packages/airflow/example_dags/tutorial_dag.py took 0.050 seconds
[2026-05-24T15:33:40.075+0000] {processor.py:161} INFO - Started process (PID=45943) to work on /home/varn1t/ml-pipeline/venv/lib/python3.11/site-packages/airflow/example_dags/tutorial_dag.py
[2026-05-24T15:33:40.076+0000] {processor.py:830} INFO - Processing file /home/varn1t/ml-pipeline/venv/lib/python3.11/site-packages/airflow/example_dags/tutorial_dag.py for tasks to queue
[2026-05-24T15:33:40.077+0000] {logging_mixin.py:188} INFO - [2026-05-24T15:33:40.076+0000] {dagbag.py:545} INFO - Filling up the DagBag from /home/varn1t/ml-pipeline/venv/lib/python3.11/site-packages/airflow/example_dags/tutorial_dag.py
[2026-05-24T15:33:40.080+0000] {processor.py:840} INFO - DAG(s) 'tutorial_dag' retrieved from /home/varn1t/ml-pipeline/venv/lib/python3.11/site-packages/airflow/example_dags/tutorial_dag.py
[2026-05-24T15:33:40.095+0000] {logging_mixin.py:188} INFO - [2026-05-24T15:33:40.095+0000] {dag.py:3096} INFO - Sync 1 DAGs
[2026-05-24T15:33:40.103+0000] {logging_mixin.py:188} INFO - [2026-05-24T15:33:40.103+0000] {dag.py:3954} INFO - Setting next_dagrun for tutorial_dag to None, run_after=None
[2026-05-24T15:33:40.126+0000] {processor.py:183} INFO - Processing /home/varn1t/ml-pipeline/venv/lib/python3.11/site-packages/airflow/example_dags/tutorial_dag.py took 0.059 seconds
[2026-05-24T15:34:23.556+0000] {processor.py:161} INFO - Started process (PID=46199) to work on /home/varn1t/ml-pipeline/venv/lib/python3.11/site-packages/airflow/example_dags/tutorial_dag.py
[2026-05-24T15:34:23.558+0000] {processor.py:830} INFO - Processing file /home/varn1t/ml-pipeline/venv/lib/python3.11/site-packages/airflow/example_dags/tutorial_dag.py for tasks to queue
[2026-05-24T15:34:23.559+0000] {logging_mixin.py:188} INFO - [2026-05-24T15:34:23.559+0000] {dagbag.py:545} INFO - Filling up the DagBag from /home/varn1t/ml-pipeline/venv/lib/python3.11/site-packages/airflow/example_dags/tutorial_dag.py
[2026-05-24T15:34:23.564+0000] {processor.py:840} INFO - DAG(s) 'tutorial_dag' retrieved from /home/varn1t/ml-pipeline/venv/lib/python3.11/site-packages/airflow/example_dags/tutorial_dag.py
[2026-05-24T15:34:23.577+0000] {logging_mixin.py:188} INFO - [2026-05-24T15:34:23.577+0000] {dag.py:3096} INFO - Sync 1 DAGs
[2026-05-24T15:34:23.585+0000] {logging_mixin.py:188} INFO - [2026-05-24T15:34:23.585+0000] {dag.py:3954} INFO - Setting next_dagrun for tutorial_dag to None, run_after=None
[2026-05-24T15:34:23.603+0000] {processor.py:183} INFO - Processing /home/varn1t/ml-pipeline/venv/lib/python3.11/site-packages/airflow/example_dags/tutorial_dag.py took 0.056 seconds
[2026-05-24T15:41:31.516+0000] {processor.py:161} INFO - Started process (PID=1696) to work on /home/varn1t/ml-pipeline/venv/lib/python3.11/site-packages/airflow/example_dags/tutorial_dag.py
[2026-05-24T15:41:31.517+0000] {processor.py:830} INFO - Processing file /home/varn1t/ml-pipeline/venv/lib/python3.11/site-packages/airflow/example_dags/tutorial_dag.py for tasks to queue
[2026-05-24T15:41:31.519+0000] {logging_mixin.py:188} INFO - [2026-05-24T15:41:31.519+0000] {dagbag.py:545} INFO - Filling up the DagBag from /home/varn1t/ml-pipeline/venv/lib/python3.11/site-packages/airflow/example_dags/tutorial_dag.py
[2026-05-24T15:41:31.525+0000] {processor.py:840} INFO - DAG(s) 'tutorial_dag' retrieved from /home/varn1t/ml-pipeline/venv/lib/python3.11/site-packages/airflow/example_dags/tutorial_dag.py
[2026-05-24T15:41:31.546+0000] {logging_mixin.py:188} INFO - [2026-05-24T15:41:31.546+0000] {dag.py:3096} INFO - Sync 1 DAGs
[2026-05-24T15:41:31.555+0000] {logging_mixin.py:188} INFO - [2026-05-24T15:41:31.555+0000] {dag.py:3954} INFO - Setting next_dagrun for tutorial_dag to None, run_after=None
[2026-05-24T15:41:31.576+0000] {processor.py:183} INFO - Processing /home/varn1t/ml-pipeline/venv/lib/python3.11/site-packages/airflow/example_dags/tutorial_dag.py took 0.064 seconds
[2026-05-24T15:42:25.384+0000] {processor.py:161} INFO - Started process (PID=2508) to work on /home/varn1t/ml-pipeline/venv/lib/python3.11/site-packages/airflow/example_dags/tutorial_dag.py
[2026-05-24T15:42:25.385+0000] {processor.py:830} INFO - Processing file /home/varn1t/ml-pipeline/venv/lib/python3.11/site-packages/airflow/example_dags/tutorial_dag.py for tasks to queue
[2026-05-24T15:42:25.387+0000] {logging_mixin.py:188} INFO - [2026-05-24T15:42:25.386+0000] {dagbag.py:545} INFO - Filling up the DagBag from /home/varn1t/ml-pipeline/venv/lib/python3.11/site-packages/airflow/example_dags/tutorial_dag.py
[2026-05-24T15:42:25.392+0000] {processor.py:840} INFO - DAG(s) 'tutorial_dag' retrieved from /home/varn1t/ml-pipeline/venv/lib/python3.11/site-packages/airflow/example_dags/tutorial_dag.py
[2026-05-24T15:42:25.405+0000] {logging_mixin.py:188} INFO - [2026-05-24T15:42:25.404+0000] {dag.py:3096} INFO - Sync 1 DAGs
[2026-05-24T15:42:25.414+0000] {logging_mixin.py:188} INFO - [2026-05-24T15:42:25.414+0000] {dag.py:3954} INFO - Setting next_dagrun for tutorial_dag to None, run_after=None
[2026-05-24T15:42:25.433+0000] {processor.py:183} INFO - Processing /home/varn1t/ml-pipeline/venv/lib/python3.11/site-packages/airflow/example_dags/tutorial_dag.py took 0.054 seconds
[2026-05-24T15:43:07.751+0000] {processor.py:161} INFO - Started process (PID=2691) to work on /home/varn1t/ml-pipeline/venv/lib/python3.11/site-packages/airflow/example_dags/tutorial_dag.py
[2026-05-24T15:43:07.751+0000] {processor.py:830} INFO - Processing file /home/varn1t/ml-pipeline/venv/lib/python3.11/site-packages/airflow/example_dags/tutorial_dag.py for tasks to queue
[2026-05-24T15:43:07.752+0000] {logging_mixin.py:188} INFO - [2026-05-24T15:43:07.752+0000] {dagbag.py:545} INFO - Filling up the DagBag from /home/varn1t/ml-pipeline/venv/lib/python3.11/site-packages/airflow/example_dags/tutorial_dag.py
[2026-05-24T15:43:07.756+0000] {processor.py:840} INFO - DAG(s) 'tutorial_dag' retrieved from /home/varn1t/ml-pipeline/venv/lib/python3.11/site-packages/airflow/example_dags/tutorial_dag.py
[2026-05-24T15:43:07.768+0000] {logging_mixin.py:188} INFO - [2026-05-24T15:43:07.768+0000] {dag.py:3096} INFO - Sync 1 DAGs
[2026-05-24T15:43:07.775+0000] {logging_mixin.py:188} INFO - [2026-05-24T15:43:07.775+0000] {dag.py:3954} INFO - Setting next_dagrun for tutorial_dag to None, run_after=None
[2026-05-24T15:43:07.795+0000] {processor.py:183} INFO - Processing /home/varn1t/ml-pipeline/venv/lib/python3.11/site-packages/airflow/example_dags/tutorial_dag.py took 0.049 seconds
[2026-05-24T15:43:58.680+0000] {processor.py:161} INFO - Started process (PID=2955) to work on /home/varn1t/ml-pipeline/venv/lib/python3.11/site-packages/airflow/example_dags/tutorial_dag.py
[2026-05-24T15:43:58.682+0000] {processor.py:830} INFO - Processing file /home/varn1t/ml-pipeline/venv/lib/python3.11/site-packages/airflow/example_dags/tutorial_dag.py for tasks to queue
[2026-05-24T15:43:58.683+0000] {logging_mixin.py:188} INFO - [2026-05-24T15:43:58.683+0000] {dagbag.py:545} INFO - Filling up the DagBag from /home/varn1t/ml-pipeline/venv/lib/python3.11/site-packages/airflow/example_dags/tutorial_dag.py
[2026-05-24T15:43:58.690+0000] {processor.py:840} INFO - DAG(s) 'tutorial_dag' retrieved from /home/varn1t/ml-pipeline/venv/lib/python3.11/site-packages/airflow/example_dags/tutorial_dag.py
[2026-05-24T15:43:58.807+0000] {logging_mixin.py:188} INFO - [2026-05-24T15:43:58.806+0000] {dag.py:3096} INFO - Sync 1 DAGs
[2026-05-24T15:43:58.814+0000] {logging_mixin.py:188} INFO - [2026-05-24T15:43:58.814+0000] {dag.py:3954} INFO - Setting next_dagrun for tutorial_dag to None, run_after=None
[2026-05-24T15:43:58.831+0000] {processor.py:183} INFO - Processing /home/varn1t/ml-pipeline/venv/lib/python3.11/site-packages/airflow/example_dags/tutorial_dag.py took 0.158 seconds
[2026-05-24T15:44:43.028+0000] {processor.py:161} INFO - Started process (PID=3267) to work on /home/varn1t/ml-pipeline/venv/lib/python3.11/site-packages/airflow/example_dags/tutorial_dag.py
[2026-05-24T15:44:43.029+0000] {processor.py:830} INFO - Processing file /home/varn1t/ml-pipeline/venv/lib/python3.11/site-packages/airflow/example_dags/tutorial_dag.py for tasks to queue
[2026-05-24T15:44:43.030+0000] {logging_mixin.py:188} INFO - [2026-05-24T15:44:43.030+0000] {dagbag.py:545} INFO - Filling up the DagBag from /home/varn1t/ml-pipeline/venv/lib/python3.11/site-packages/airflow/example_dags/tutorial_dag.py
[2026-05-24T15:44:43.034+0000] {processor.py:840} INFO - DAG(s) 'tutorial_dag' retrieved from /home/varn1t/ml-pipeline/venv/lib/python3.11/site-packages/airflow/example_dags/tutorial_dag.py
[2026-05-24T15:44:43.047+0000] {logging_mixin.py:188} INFO - [2026-05-24T15:44:43.047+0000] {dag.py:3096} INFO - Sync 1 DAGs
[2026-05-24T15:44:43.056+0000] {logging_mixin.py:188} INFO - [2026-05-24T15:44:43.056+0000] {dag.py:3954} INFO - Setting next_dagrun for tutorial_dag to None, run_after=None
[2026-05-24T15:44:43.073+0000] {processor.py:183} INFO - Processing /home/varn1t/ml-pipeline/venv/lib/python3.11/site-packages/airflow/example_dags/tutorial_dag.py took 0.050 seconds
[2026-05-24T15:45:24.210+0000] {processor.py:161} INFO - Started process (PID=3579) to work on /home/varn1t/ml-pipeline/venv/lib/python3.11/site-packages/airflow/example_dags/tutorial_dag.py
[2026-05-24T15:45:24.216+0000] {processor.py:830} INFO - Processing file /home/varn1t/ml-pipeline/venv/lib/python3.11/site-packages/airflow/example_dags/tutorial_dag.py for tasks to queue
[2026-05-24T15:45:24.225+0000] {logging_mixin.py:188} INFO - [2026-05-24T15:45:24.223+0000] {dagbag.py:545} INFO - Filling up the DagBag from /home/varn1t/ml-pipeline/venv/lib/python3.11/site-packages/airflow/example_dags/tutorial_dag.py
[2026-05-24T15:45:24.307+0000] {processor.py:840} INFO - DAG(s) 'tutorial_dag' retrieved from /home/varn1t/ml-pipeline/venv/lib/python3.11/site-packages/airflow/example_dags/tutorial_dag.py
[2026-05-24T15:45:24.412+0000] {logging_mixin.py:188} INFO - [2026-05-24T15:45:24.412+0000] {dag.py:3096} INFO - Sync 1 DAGs
[2026-05-24T15:45:24.461+0000] {logging_mixin.py:188} INFO - [2026-05-24T15:45:24.461+0000] {dag.py:3954} INFO - Setting next_dagrun for tutorial_dag to None, run_after=None
[2026-05-24T15:45:24.525+0000] {processor.py:183} INFO - Processing /home/varn1t/ml-pipeline/venv/lib/python3.11/site-packages/airflow/example_dags/tutorial_dag.py took 0.361 seconds
[2026-05-24T15:46:20.878+0000] {processor.py:161} INFO - Started process (PID=4002) to work on /home/varn1t/ml-pipeline/venv/lib/python3.11/site-packages/airflow/example_dags/tutorial_dag.py
[2026-05-24T15:46:20.881+0000] {processor.py:830} INFO - Processing file /home/varn1t/ml-pipeline/venv/lib/python3.11/site-packages/airflow/example_dags/tutorial_dag.py for tasks to queue
[2026-05-24T15:46:20.887+0000] {logging_mixin.py:188} INFO - [2026-05-24T15:46:20.886+0000] {dagbag.py:545} INFO - Filling up the DagBag from /home/varn1t/ml-pipeline/venv/lib/python3.11/site-packages/airflow/example_dags/tutorial_dag.py
[2026-05-24T15:46:20.913+0000] {processor.py:840} INFO - DAG(s) 'tutorial_dag' retrieved from /home/varn1t/ml-pipeline/venv/lib/python3.11/site-packages/airflow/example_dags/tutorial_dag.py
[2026-05-24T15:46:20.978+0000] {logging_mixin.py:188} INFO - [2026-05-24T15:46:20.977+0000] {dag.py:3096} INFO - Sync 1 DAGs
[2026-05-24T15:46:21.003+0000] {logging_mixin.py:188} INFO - [2026-05-24T15:46:21.003+0000] {dag.py:3954} INFO - Setting next_dagrun for tutorial_dag to None, run_after=None
[2026-05-24T15:46:21.057+0000] {processor.py:183} INFO - Processing /home/varn1t/ml-pipeline/venv/lib/python3.11/site-packages/airflow/example_dags/tutorial_dag.py took 0.215 seconds
[2026-05-24T15:47:12.561+0000] {processor.py:161} INFO - Started process (PID=4453) to work on /home/varn1t/ml-pipeline/venv/lib/python3.11/site-packages/airflow/example_dags/tutorial_dag.py
[2026-05-24T15:47:12.562+0000] {processor.py:830} INFO - Processing file /home/varn1t/ml-pipeline/venv/lib/python3.11/site-packages/airflow/example_dags/tutorial_dag.py for tasks to queue
[2026-05-24T15:47:12.564+0000] {logging_mixin.py:188} INFO - [2026-05-24T15:47:12.563+0000] {dagbag.py:545} INFO - Filling up the DagBag from /home/varn1t/ml-pipeline/venv/lib/python3.11/site-packages/airflow/example_dags/tutorial_dag.py
[2026-05-24T15:47:12.573+0000] {processor.py:840} INFO - DAG(s) 'tutorial_dag' retrieved from /home/varn1t/ml-pipeline/venv/lib/python3.11/site-packages/airflow/example_dags/tutorial_dag.py
[2026-05-24T15:47:12.601+0000] {logging_mixin.py:188} INFO - [2026-05-24T15:47:12.600+0000] {dag.py:3096} INFO - Sync 1 DAGs
[2026-05-24T15:47:12.617+0000] {logging_mixin.py:188} INFO - [2026-05-24T15:47:12.617+0000] {dag.py:3954} INFO - Setting next_dagrun for tutorial_dag to None, run_after=None
[2026-05-24T15:47:12.644+0000] {processor.py:183} INFO - Processing /home/varn1t/ml-pipeline/venv/lib/python3.11/site-packages/airflow/example_dags/tutorial_dag.py took 0.091 seconds
[2026-05-24T15:48:03.557+0000] {processor.py:161} INFO - Started process (PID=4852) to work on /home/varn1t/ml-pipeline/venv/lib/python3.11/site-packages/airflow/example_dags/tutorial_dag.py
[2026-05-24T15:48:03.559+0000] {processor.py:830} INFO - Processing file /home/varn1t/ml-pipeline/venv/lib/python3.11/site-packages/airflow/example_dags/tutorial_dag.py for tasks to queue
[2026-05-24T15:48:03.560+0000] {logging_mixin.py:188} INFO - [2026-05-24T15:48:03.560+0000] {dagbag.py:545} INFO - Filling up the DagBag from /home/varn1t/ml-pipeline/venv/lib/python3.11/site-packages/airflow/example_dags/tutorial_dag.py
[2026-05-24T15:48:03.566+0000] {processor.py:840} INFO - DAG(s) 'tutorial_dag' retrieved from /home/varn1t/ml-pipeline/venv/lib/python3.11/site-packages/airflow/example_dags/tutorial_dag.py
[2026-05-24T15:48:03.594+0000] {logging_mixin.py:188} INFO - [2026-05-24T15:48:03.594+0000] {dag.py:3096} INFO - Sync 1 DAGs
[2026-05-24T15:48:03.602+0000] {logging_mixin.py:188} INFO - [2026-05-24T15:48:03.602+0000] {dag.py:3954} INFO - Setting next_dagrun for tutorial_dag to None, run_after=None
[2026-05-24T15:48:03.624+0000] {processor.py:183} INFO - Processing /home/varn1t/ml-pipeline/venv/lib/python3.11/site-packages/airflow/example_dags/tutorial_dag.py took 0.074 seconds
[2026-05-24T15:48:53.349+0000] {processor.py:161} INFO - Started process (PID=5243) to work on /home/varn1t/ml-pipeline/venv/lib/python3.11/site-packages/airflow/example_dags/tutorial_dag.py
[2026-05-24T15:48:53.350+0000] {processor.py:830} INFO - Processing file /home/varn1t/ml-pipeline/venv/lib/python3.11/site-packages/airflow/example_dags/tutorial_dag.py for tasks to queue
[2026-05-24T15:48:53.353+0000] {logging_mixin.py:188} INFO - [2026-05-24T15:48:53.353+0000] {dagbag.py:545} INFO - Filling up the DagBag from /home/varn1t/ml-pipeline/venv/lib/python3.11/site-packages/airflow/example_dags/tutorial_dag.py
[2026-05-24T15:48:53.359+0000] {processor.py:840} INFO - DAG(s) 'tutorial_dag' retrieved from /home/varn1t/ml-pipeline/venv/lib/python3.11/site-packages/airflow/example_dags/tutorial_dag.py
[2026-05-24T15:48:53.385+0000] {logging_mixin.py:188} INFO - [2026-05-24T15:48:53.384+0000] {dag.py:3096} INFO - Sync 1 DAGs
[2026-05-24T15:48:53.406+0000] {logging_mixin.py:188} INFO - [2026-05-24T15:48:53.406+0000] {dag.py:3954} INFO - Setting next_dagrun for tutorial_dag to None, run_after=None
[2026-05-24T15:48:53.439+0000] {processor.py:183} INFO - Processing /home/varn1t/ml-pipeline/venv/lib/python3.11/site-packages/airflow/example_dags/tutorial_dag.py took 0.098 seconds
[2026-05-24T15:49:38.979+0000] {processor.py:161} INFO - Started process (PID=5558) to work on /home/varn1t/ml-pipeline/venv/lib/python3.11/site-packages/airflow/example_dags/tutorial_dag.py
[2026-05-24T15:49:38.980+0000] {processor.py:830} INFO - Processing file /home/varn1t/ml-pipeline/venv/lib/python3.11/site-packages/airflow/example_dags/tutorial_dag.py for tasks to queue
[2026-05-24T15:49:38.982+0000] {logging_mixin.py:188} INFO - [2026-05-24T15:49:38.981+0000] {dagbag.py:545} INFO - Filling up the DagBag from /home/varn1t/ml-pipeline/venv/lib/python3.11/site-packages/airflow/example_dags/tutorial_dag.py
[2026-05-24T15:49:38.989+0000] {processor.py:840} INFO - DAG(s) 'tutorial_dag' retrieved from /home/varn1t/ml-pipeline/venv/lib/python3.11/site-packages/airflow/example_dags/tutorial_dag.py
[2026-05-24T15:49:39.006+0000] {logging_mixin.py:188} INFO - [2026-05-24T15:49:39.006+0000] {dag.py:3096} INFO - Sync 1 DAGs
[2026-05-24T15:49:39.019+0000] {logging_mixin.py:188} INFO - [2026-05-24T15:49:39.019+0000] {dag.py:3954} INFO - Setting next_dagrun for tutorial_dag to None, run_after=None
[2026-05-24T15:49:39.038+0000] {processor.py:183} INFO - Processing /home/varn1t/ml-pipeline/venv/lib/python3.11/site-packages/airflow/example_dags/tutorial_dag.py took 0.066 seconds
[2026-05-24T15:50:20.739+0000] {processor.py:161} INFO - Started process (PID=6005) to work on /home/varn1t/ml-pipeline/venv/lib/python3.11/site-packages/airflow/example_dags/tutorial_dag.py
[2026-05-24T15:50:20.740+0000] {processor.py:830} INFO - Processing file /home/varn1t/ml-pipeline/venv/lib/python3.11/site-packages/airflow/example_dags/tutorial_dag.py for tasks to queue
[2026-05-24T15:50:20.742+0000] {logging_mixin.py:188} INFO - [2026-05-24T15:50:20.741+0000] {dagbag.py:545} INFO - Filling up the DagBag from /home/varn1t/ml-pipeline/venv/lib/python3.11/site-packages/airflow/example_dags/tutorial_dag.py
[2026-05-24T15:50:20.746+0000] {processor.py:840} INFO - DAG(s) 'tutorial_dag' retrieved from /home/varn1t/ml-pipeline/venv/lib/python3.11/site-packages/airflow/example_dags/tutorial_dag.py
[2026-05-24T15:50:20.757+0000] {logging_mixin.py:188} INFO - [2026-05-24T15:50:20.757+0000] {dag.py:3096} INFO - Sync 1 DAGs
[2026-05-24T15:50:20.764+0000] {logging_mixin.py:188} INFO - [2026-05-24T15:50:20.764+0000] {dag.py:3954} INFO - Setting next_dagrun for tutorial_dag to None, run_after=None
[2026-05-24T15:50:20.783+0000] {processor.py:183} INFO - Processing /home/varn1t/ml-pipeline/venv/lib/python3.11/site-packages/airflow/example_dags/tutorial_dag.py took 0.049 seconds
[2026-05-24T15:51:03.529+0000] {processor.py:161} INFO - Started process (PID=6380) to work on /home/varn1t/ml-pipeline/venv/lib/python3.11/site-packages/airflow/example_dags/tutorial_dag.py
[2026-05-24T15:51:03.530+0000] {processor.py:830} INFO - Processing file /home/varn1t/ml-pipeline/venv/lib/python3.11/site-packages/airflow/example_dags/tutorial_dag.py for tasks to queue
[2026-05-24T15:51:03.533+0000] {logging_mixin.py:188} INFO - [2026-05-24T15:51:03.532+0000] {dagbag.py:545} INFO - Filling up the DagBag from /home/varn1t/ml-pipeline/venv/lib/python3.11/site-packages/airflow/example_dags/tutorial_dag.py
[2026-05-24T15:51:03.539+0000] {processor.py:840} INFO - DAG(s) 'tutorial_dag' retrieved from /home/varn1t/ml-pipeline/venv/lib/python3.11/site-packages/airflow/example_dags/tutorial_dag.py
[2026-05-24T15:51:03.553+0000] {logging_mixin.py:188} INFO - [2026-05-24T15:51:03.553+0000] {dag.py:3096} INFO - Sync 1 DAGs
[2026-05-24T15:51:03.566+0000] {logging_mixin.py:188} INFO - [2026-05-24T15:51:03.566+0000] {dag.py:3954} INFO - Setting next_dagrun for tutorial_dag to None, run_after=None
[2026-05-24T15:51:03.590+0000] {processor.py:183} INFO - Processing /home/varn1t/ml-pipeline/venv/lib/python3.11/site-packages/airflow/example_dags/tutorial_dag.py took 0.066 seconds
[2026-05-24T15:51:48.891+0000] {processor.py:161} INFO - Started process (PID=6791) to work on /home/varn1t/ml-pipeline/venv/lib/python3.11/site-packages/airflow/example_dags/tutorial_dag.py
[2026-05-24T15:51:48.892+0000] {processor.py:830} INFO - Processing file /home/varn1t/ml-pipeline/venv/lib/python3.11/site-packages/airflow/example_dags/tutorial_dag.py for tasks to queue
[2026-05-24T15:51:48.895+0000] {logging_mixin.py:188} INFO - [2026-05-24T15:51:48.894+0000] {dagbag.py:545} INFO - Filling up the DagBag from /home/varn1t/ml-pipeline/venv/lib/python3.11/site-packages/airflow/example_dags/tutorial_dag.py
[2026-05-24T15:51:48.903+0000] {processor.py:840} INFO - DAG(s) 'tutorial_dag' retrieved from /home/varn1t/ml-pipeline/venv/lib/python3.11/site-packages/airflow/example_dags/tutorial_dag.py
[2026-05-24T15:51:48.926+0000] {logging_mixin.py:188} INFO - [2026-05-24T15:51:48.926+0000] {dag.py:3096} INFO - Sync 1 DAGs
[2026-05-24T15:51:48.941+0000] {logging_mixin.py:188} INFO - [2026-05-24T15:51:48.941+0000] {dag.py:3954} INFO - Setting next_dagrun for tutorial_dag to None, run_after=None
[2026-05-24T15:51:48.970+0000] {processor.py:183} INFO - Processing /home/varn1t/ml-pipeline/venv/lib/python3.11/site-packages/airflow/example_dags/tutorial_dag.py took 0.089 seconds
[2026-05-24T15:52:34.613+0000] {processor.py:161} INFO - Started process (PID=7079) to work on /home/varn1t/ml-pipeline/venv/lib/python3.11/site-packages/airflow/example_dags/tutorial_dag.py
[2026-05-24T15:52:34.615+0000] {processor.py:830} INFO - Processing file /home/varn1t/ml-pipeline/venv/lib/python3.11/site-packages/airflow/example_dags/tutorial_dag.py for tasks to queue
[2026-05-24T15:52:34.616+0000] {logging_mixin.py:188} INFO - [2026-05-24T15:52:34.616+0000] {dagbag.py:545} INFO - Filling up the DagBag from /home/varn1t/ml-pipeline/venv/lib/python3.11/site-packages/airflow/example_dags/tutorial_dag.py
[2026-05-24T15:52:34.621+0000] {processor.py:840} INFO - DAG(s) 'tutorial_dag' retrieved from /home/varn1t/ml-pipeline/venv/lib/python3.11/site-packages/airflow/example_dags/tutorial_dag.py
[2026-05-24T15:52:34.636+0000] {logging_mixin.py:188} INFO - [2026-05-24T15:52:34.636+0000] {dag.py:3096} INFO - Sync 1 DAGs
[2026-05-24T15:52:34.646+0000] {logging_mixin.py:188} INFO - [2026-05-24T15:52:34.646+0000] {dag.py:3954} INFO - Setting next_dagrun for tutorial_dag to None, run_after=None
[2026-05-24T15:52:34.671+0000] {processor.py:183} INFO - Processing /home/varn1t/ml-pipeline/venv/lib/python3.11/site-packages/airflow/example_dags/tutorial_dag.py took 0.066 seconds
[2026-05-24T15:53:19.627+0000] {processor.py:161} INFO - Started process (PID=7374) to work on /home/varn1t/ml-pipeline/venv/lib/python3.11/site-packages/airflow/example_dags/tutorial_dag.py
[2026-05-24T15:53:19.628+0000] {processor.py:830} INFO - Processing file /home/varn1t/ml-pipeline/venv/lib/python3.11/site-packages/airflow/example_dags/tutorial_dag.py for tasks to queue
[2026-05-24T15:53:19.629+0000] {logging_mixin.py:188} INFO - [2026-05-24T15:53:19.629+0000] {dagbag.py:545} INFO - Filling up the DagBag from /home/varn1t/ml-pipeline/venv/lib/python3.11/site-packages/airflow/example_dags/tutorial_dag.py
[2026-05-24T15:53:19.634+0000] {processor.py:840} INFO - DAG(s) 'tutorial_dag' retrieved from /home/varn1t/ml-pipeline/venv/lib/python3.11/site-packages/airflow/example_dags/tutorial_dag.py
[2026-05-24T15:53:19.644+0000] {logging_mixin.py:188} INFO - [2026-05-24T15:53:19.644+0000] {dag.py:3096} INFO - Sync 1 DAGs
[2026-05-24T15:53:19.650+0000] {logging_mixin.py:188} INFO - [2026-05-24T15:53:19.650+0000] {dag.py:3954} INFO - Setting next_dagrun for tutorial_dag to None, run_after=None
[2026-05-24T15:53:19.666+0000] {processor.py:183} INFO - Processing /home/varn1t/ml-pipeline/venv/lib/python3.11/site-packages/airflow/example_dags/tutorial_dag.py took 0.044 seconds
[2026-05-24T15:54:08.664+0000] {processor.py:161} INFO - Started process (PID=8052) to work on /home/varn1t/ml-pipeline/venv/lib/python3.11/site-packages/airflow/example_dags/tutorial_dag.py
[2026-05-24T15:54:08.665+0000] {processor.py:830} INFO - Processing file /home/varn1t/ml-pipeline/venv/lib/python3.11/site-packages/airflow/example_dags/tutorial_dag.py for tasks to queue
[2026-05-24T15:54:08.666+0000] {logging_mixin.py:188} INFO - [2026-05-24T15:54:08.666+0000] {dagbag.py:545} INFO - Filling up the DagBag from /home/varn1t/ml-pipeline/venv/lib/python3.11/site-packages/airflow/example_dags/tutorial_dag.py
[2026-05-24T15:54:08.671+0000] {processor.py:840} INFO - DAG(s) 'tutorial_dag' retrieved from /home/varn1t/ml-pipeline/venv/lib/python3.11/site-packages/airflow/example_dags/tutorial_dag.py
[2026-05-24T15:54:08.683+0000] {logging_mixin.py:188} INFO - [2026-05-24T15:54:08.682+0000] {dag.py:3096} INFO - Sync 1 DAGs
[2026-05-24T15:54:08.690+0000] {logging_mixin.py:188} INFO - [2026-05-24T15:54:08.690+0000] {dag.py:3954} INFO - Setting next_dagrun for tutorial_dag to None, run_after=None
[2026-05-24T15:54:08.709+0000] {processor.py:183} INFO - Processing /home/varn1t/ml-pipeline/venv/lib/python3.11/site-packages/airflow/example_dags/tutorial_dag.py took 0.049 seconds
[2026-05-24T15:54:54.355+0000] {processor.py:161} INFO - Started process (PID=8254) to work on /home/varn1t/ml-pipeline/venv/lib/python3.11/site-packages/airflow/example_dags/tutorial_dag.py
[2026-05-24T15:54:54.356+0000] {processor.py:830} INFO - Processing file /home/varn1t/ml-pipeline/venv/lib/python3.11/site-packages/airflow/example_dags/tutorial_dag.py for tasks to queue
[2026-05-24T15:54:54.358+0000] {logging_mixin.py:188} INFO - [2026-05-24T15:54:54.357+0000] {dagbag.py:545} INFO - Filling up the DagBag from /home/varn1t/ml-pipeline/venv/lib/python3.11/site-packages/airflow/example_dags/tutorial_dag.py
[2026-05-24T15:54:54.362+0000] {processor.py:840} INFO - DAG(s) 'tutorial_dag' retrieved from /home/varn1t/ml-pipeline/venv/lib/python3.11/site-packages/airflow/example_dags/tutorial_dag.py
[2026-05-24T15:54:54.374+0000] {logging_mixin.py:188} INFO - [2026-05-24T15:54:54.374+0000] {dag.py:3096} INFO - Sync 1 DAGs
[2026-05-24T15:54:54.385+0000] {logging_mixin.py:188} INFO - [2026-05-24T15:54:54.385+0000] {dag.py:3954} INFO - Setting next_dagrun for tutorial_dag to None, run_after=None
[2026-05-24T15:54:54.404+0000] {processor.py:183} INFO - Processing /home/varn1t/ml-pipeline/venv/lib/python3.11/site-packages/airflow/example_dags/tutorial_dag.py took 0.053 seconds
[2026-05-24T15:55:36.266+0000] {processor.py:161} INFO - Started process (PID=8842) to work on /home/varn1t/ml-pipeline/venv/lib/python3.11/site-packages/airflow/example_dags/tutorial_dag.py
[2026-05-24T15:55:36.267+0000] {processor.py:830} INFO - Processing file /home/varn1t/ml-pipeline/venv/lib/python3.11/site-packages/airflow/example_dags/tutorial_dag.py for tasks to queue
[2026-05-24T15:55:36.269+0000] {logging_mixin.py:188} INFO - [2026-05-24T15:55:36.268+0000] {dagbag.py:545} INFO - Filling up the DagBag from /home/varn1t/ml-pipeline/venv/lib/python3.11/site-packages/airflow/example_dags/tutorial_dag.py
[2026-05-24T15:55:36.275+0000] {processor.py:840} INFO - DAG(s) 'tutorial_dag' retrieved from /home/varn1t/ml-pipeline/venv/lib/python3.11/site-packages/airflow/example_dags/tutorial_dag.py
[2026-05-24T15:55:36.288+0000] {logging_mixin.py:188} INFO - [2026-05-24T15:55:36.288+0000] {dag.py:3096} INFO - Sync 1 DAGs
[2026-05-24T15:55:36.296+0000] {logging_mixin.py:188} INFO - [2026-05-24T15:55:36.296+0000] {dag.py:3954} INFO - Setting next_dagrun for tutorial_dag to None, run_after=None
[2026-05-24T15:55:36.316+0000] {processor.py:183} INFO - Processing /home/varn1t/ml-pipeline/venv/lib/python3.11/site-packages/airflow/example_dags/tutorial_dag.py took 0.056 seconds
[2026-05-24T15:56:22.030+0000] {processor.py:161} INFO - Started process (PID=9338) to work on /home/varn1t/ml-pipeline/venv/lib/python3.11/site-packages/airflow/example_dags/tutorial_dag.py
[2026-05-24T15:56:22.031+0000] {processor.py:830} INFO - Processing file /home/varn1t/ml-pipeline/venv/lib/python3.11/site-packages/airflow/example_dags/tutorial_dag.py for tasks to queue
[2026-05-24T15:56:22.032+0000] {logging_mixin.py:188} INFO - [2026-05-24T15:56:22.032+0000] {dagbag.py:545} INFO - Filling up the DagBag from /home/varn1t/ml-pipeline/venv/lib/python3.11/site-packages/airflow/example_dags/tutorial_dag.py
[2026-05-24T15:56:22.036+0000] {processor.py:840} INFO - DAG(s) 'tutorial_dag' retrieved from /home/varn1t/ml-pipeline/venv/lib/python3.11/site-packages/airflow/example_dags/tutorial_dag.py
[2026-05-24T15:56:22.046+0000] {logging_mixin.py:188} INFO - [2026-05-24T15:56:22.046+0000] {dag.py:3096} INFO - Sync 1 DAGs
[2026-05-24T15:56:22.054+0000] {logging_mixin.py:188} INFO - [2026-05-24T15:56:22.054+0000] {dag.py:3954} INFO - Setting next_dagrun for tutorial_dag to None, run_after=None
[2026-05-24T15:56:22.070+0000] {processor.py:183} INFO - Processing /home/varn1t/ml-pipeline/venv/lib/python3.11/site-packages/airflow/example_dags/tutorial_dag.py took 0.044 seconds
[2026-05-24T15:57:07.430+0000] {processor.py:161} INFO - Started process (PID=9900) to work on /home/varn1t/ml-pipeline/venv/lib/python3.11/site-packages/airflow/example_dags/tutorial_dag.py
[2026-05-24T15:57:07.431+0000] {processor.py:830} INFO - Processing file /home/varn1t/ml-pipeline/venv/lib/python3.11/site-packages/airflow/example_dags/tutorial_dag.py for tasks to queue
[2026-05-24T15:57:07.432+0000] {logging_mixin.py:188} INFO - [2026-05-24T15:57:07.432+0000] {dagbag.py:545} INFO - Filling up the DagBag from /home/varn1t/ml-pipeline/venv/lib/python3.11/site-packages/airflow/example_dags/tutorial_dag.py
[2026-05-24T15:57:07.438+0000] {processor.py:840} INFO - DAG(s) 'tutorial_dag' retrieved from /home/varn1t/ml-pipeline/venv/lib/python3.11/site-packages/airflow/example_dags/tutorial_dag.py
[2026-05-24T15:57:07.453+0000] {logging_mixin.py:188} INFO - [2026-05-24T15:57:07.453+0000] {dag.py:3096} INFO - Sync 1 DAGs
[2026-05-24T15:57:07.464+0000] {logging_mixin.py:188} INFO - [2026-05-24T15:57:07.464+0000] {dag.py:3954} INFO - Setting next_dagrun for tutorial_dag to None, run_after=None
[2026-05-24T15:57:07.484+0000] {processor.py:183} INFO - Processing /home/varn1t/ml-pipeline/venv/lib/python3.11/site-packages/airflow/example_dags/tutorial_dag.py took 0.059 seconds
[2026-05-24T15:57:52.279+0000] {processor.py:161} INFO - Started process (PID=10320) to work on /home/varn1t/ml-pipeline/venv/lib/python3.11/site-packages/airflow/example_dags/tutorial_dag.py
[2026-05-24T15:57:52.280+0000] {processor.py:830} INFO - Processing file /home/varn1t/ml-pipeline/venv/lib/python3.11/site-packages/airflow/example_dags/tutorial_dag.py for tasks to queue
[2026-05-24T15:57:52.281+0000] {logging_mixin.py:188} INFO - [2026-05-24T15:57:52.281+0000] {dagbag.py:545} INFO - Filling up the DagBag from /home/varn1t/ml-pipeline/venv/lib/python3.11/site-packages/airflow/example_dags/tutorial_dag.py
[2026-05-24T15:57:52.286+0000] {processor.py:840} INFO - DAG(s) 'tutorial_dag' retrieved from /home/varn1t/ml-pipeline/venv/lib/python3.11/site-packages/airflow/example_dags/tutorial_dag.py
[2026-05-24T15:57:52.297+0000] {logging_mixin.py:188} INFO - [2026-05-24T15:57:52.297+0000] {dag.py:3096} INFO - Sync 1 DAGs
[2026-05-24T15:57:52.307+0000] {logging_mixin.py:188} INFO - [2026-05-24T15:57:52.306+0000] {dag.py:3954} INFO - Setting next_dagrun for tutorial_dag to None, run_after=None
[2026-05-24T15:57:52.324+0000] {processor.py:183} INFO - Processing /home/varn1t/ml-pipeline/venv/lib/python3.11/site-packages/airflow/example_dags/tutorial_dag.py took 0.051 seconds
[2026-05-24T15:58:40.519+0000] {processor.py:161} INFO - Started process (PID=10725) to work on /home/varn1t/ml-pipeline/venv/lib/python3.11/site-packages/airflow/example_dags/tutorial_dag.py
[2026-05-24T15:58:40.521+0000] {processor.py:830} INFO - Processing file /home/varn1t/ml-pipeline/venv/lib/python3.11/site-packages/airflow/example_dags/tutorial_dag.py for tasks to queue
[2026-05-24T15:58:40.524+0000] {logging_mixin.py:188} INFO - [2026-05-24T15:58:40.523+0000] {dagbag.py:545} INFO - Filling up the DagBag from /home/varn1t/ml-pipeline/venv/lib/python3.11/site-packages/airflow/example_dags/tutorial_dag.py
[2026-05-24T15:58:40.538+0000] {processor.py:840} INFO - DAG(s) 'tutorial_dag' retrieved from /home/varn1t/ml-pipeline/venv/lib/python3.11/site-packages/airflow/example_dags/tutorial_dag.py
[2026-05-24T15:58:40.577+0000] {logging_mixin.py:188} INFO - [2026-05-24T15:58:40.577+0000] {dag.py:3096} INFO - Sync 1 DAGs
[2026-05-24T15:58:40.599+0000] {logging_mixin.py:188} INFO - [2026-05-24T15:58:40.599+0000] {dag.py:3954} INFO - Setting next_dagrun for tutorial_dag to None, run_after=None
[2026-05-24T15:58:40.631+0000] {processor.py:183} INFO - Processing /home/varn1t/ml-pipeline/venv/lib/python3.11/site-packages/airflow/example_dags/tutorial_dag.py took 0.124 seconds
[2026-05-24T15:59:33.724+0000] {processor.py:161} INFO - Started process (PID=11109) to work on /home/varn1t/ml-pipeline/venv/lib/python3.11/site-packages/airflow/example_dags/tutorial_dag.py
[2026-05-24T15:59:33.725+0000] {processor.py:830} INFO - Processing file /home/varn1t/ml-pipeline/venv/lib/python3.11/site-packages/airflow/example_dags/tutorial_dag.py for tasks to queue
[2026-05-24T15:59:33.726+0000] {logging_mixin.py:188} INFO - [2026-05-24T15:59:33.726+0000] {dagbag.py:545} INFO - Filling up the DagBag from /home/varn1t/ml-pipeline/venv/lib/python3.11/site-packages/airflow/example_dags/tutorial_dag.py
[2026-05-24T15:59:33.730+0000] {processor.py:840} INFO - DAG(s) 'tutorial_dag' retrieved from /home/varn1t/ml-pipeline/venv/lib/python3.11/site-packages/airflow/example_dags/tutorial_dag.py
[2026-05-24T15:59:33.740+0000] {logging_mixin.py:188} INFO - [2026-05-24T15:59:33.740+0000] {dag.py:3096} INFO - Sync 1 DAGs
[2026-05-24T15:59:33.746+0000] {logging_mixin.py:188} INFO - [2026-05-24T15:59:33.746+0000] {dag.py:3954} INFO - Setting next_dagrun for tutorial_dag to None, run_after=None
[2026-05-24T15:59:33.760+0000] {processor.py:183} INFO - Processing /home/varn1t/ml-pipeline/venv/lib/python3.11/site-packages/airflow/example_dags/tutorial_dag.py took 0.040 seconds
[2026-05-24T16:00:16.628+0000] {processor.py:161} INFO - Started process (PID=11303) to work on /home/varn1t/ml-pipeline/venv/lib/python3.11/site-packages/airflow/example_dags/tutorial_dag.py
[2026-05-24T16:00:16.628+0000] {processor.py:830} INFO - Processing file /home/varn1t/ml-pipeline/venv/lib/python3.11/site-packages/airflow/example_dags/tutorial_dag.py for tasks to queue
[2026-05-24T16:00:16.630+0000] {logging_mixin.py:188} INFO - [2026-05-24T16:00:16.629+0000] {dagbag.py:545} INFO - Filling up the DagBag from /home/varn1t/ml-pipeline/venv/lib/python3.11/site-packages/airflow/example_dags/tutorial_dag.py
[2026-05-24T16:00:16.634+0000] {processor.py:840} INFO - DAG(s) 'tutorial_dag' retrieved from /home/varn1t/ml-pipeline/venv/lib/python3.11/site-packages/airflow/example_dags/tutorial_dag.py
[2026-05-24T16:00:16.645+0000] {logging_mixin.py:188} INFO - [2026-05-24T16:00:16.644+0000] {dag.py:3096} INFO - Sync 1 DAGs
[2026-05-24T16:00:16.650+0000] {logging_mixin.py:188} INFO - [2026-05-24T16:00:16.650+0000] {dag.py:3954} INFO - Setting next_dagrun for tutorial_dag to None, run_after=None
[2026-05-24T16:00:16.667+0000] {processor.py:183} INFO - Processing /home/varn1t/ml-pipeline/venv/lib/python3.11/site-packages/airflow/example_dags/tutorial_dag.py took 0.043 seconds
[2026-05-24T16:00:59.395+0000] {processor.py:161} INFO - Started process (PID=11490) to work on /home/varn1t/ml-pipeline/venv/lib/python3.11/site-packages/airflow/example_dags/tutorial_dag.py
[2026-05-24T16:00:59.396+0000] {processor.py:830} INFO - Processing file /home/varn1t/ml-pipeline/venv/lib/python3.11/site-packages/airflow/example_dags/tutorial_dag.py for tasks to queue
[2026-05-24T16:00:59.397+0000] {logging_mixin.py:188} INFO - [2026-05-24T16:00:59.397+0000] {dagbag.py:545} INFO - Filling up the DagBag from /home/varn1t/ml-pipeline/venv/lib/python3.11/site-packages/airflow/example_dags/tutorial_dag.py
[2026-05-24T16:00:59.403+0000] {processor.py:840} INFO - DAG(s) 'tutorial_dag' retrieved from /home/varn1t/ml-pipeline/venv/lib/python3.11/site-packages/airflow/example_dags/tutorial_dag.py
[2026-05-24T16:00:59.416+0000] {logging_mixin.py:188} INFO - [2026-05-24T16:00:59.416+0000] {dag.py:3096} INFO - Sync 1 DAGs
[2026-05-24T16:00:59.423+0000] {logging_mixin.py:188} INFO - [2026-05-24T16:00:59.423+0000] {dag.py:3954} INFO - Setting next_dagrun for tutorial_dag to None, run_after=None
[2026-05-24T16:00:59.439+0000] {processor.py:183} INFO - Processing /home/varn1t/ml-pipeline/venv/lib/python3.11/site-packages/airflow/example_dags/tutorial_dag.py took 0.048 seconds
[2026-05-24T16:01:38.781+0000] {processor.py:161} INFO - Started process (PID=11690) to work on /home/varn1t/ml-pipeline/venv/lib/python3.11/site-packages/airflow/example_dags/tutorial_dag.py
[2026-05-24T16:01:38.782+0000] {processor.py:830} INFO - Processing file /home/varn1t/ml-pipeline/venv/lib/python3.11/site-packages/airflow/example_dags/tutorial_dag.py for tasks to queue
[2026-05-24T16:01:38.784+0000] {logging_mixin.py:188} INFO - [2026-05-24T16:01:38.783+0000] {dagbag.py:545} INFO - Filling up the DagBag from /home/varn1t/ml-pipeline/venv/lib/python3.11/site-packages/airflow/example_dags/tutorial_dag.py
[2026-05-24T16:01:38.789+0000] {processor.py:840} INFO - DAG(s) 'tutorial_dag' retrieved from /home/varn1t/ml-pipeline/venv/lib/python3.11/site-packages/airflow/example_dags/tutorial_dag.py
[2026-05-24T16:01:38.802+0000] {logging_mixin.py:188} INFO - [2026-05-24T16:01:38.802+0000] {dag.py:3096} INFO - Sync 1 DAGs
[2026-05-24T16:01:38.811+0000] {logging_mixin.py:188} INFO - [2026-05-24T16:01:38.811+0000] {dag.py:3954} INFO - Setting next_dagrun for tutorial_dag to None, run_after=None
[2026-05-24T16:01:38.829+0000] {processor.py:183} INFO - Processing /home/varn1t/ml-pipeline/venv/lib/python3.11/site-packages/airflow/example_dags/tutorial_dag.py took 0.053 seconds
[2026-05-24T16:03:24.169+0000] {processor.py:161} INFO - Started process (PID=13623) to work on /home/varn1t/ml-pipeline/venv/lib/python3.11/site-packages/airflow/example_dags/tutorial_dag.py
[2026-05-24T16:03:24.170+0000] {processor.py:830} INFO - Processing file /home/varn1t/ml-pipeline/venv/lib/python3.11/site-packages/airflow/example_dags/tutorial_dag.py for tasks to queue
[2026-05-24T16:03:24.172+0000] {logging_mixin.py:188} INFO - [2026-05-24T16:03:24.172+0000] {dagbag.py:545} INFO - Filling up the DagBag from /home/varn1t/ml-pipeline/venv/lib/python3.11/site-packages/airflow/example_dags/tutorial_dag.py
[2026-05-24T16:03:24.177+0000] {processor.py:840} INFO - DAG(s) 'tutorial_dag' retrieved from /home/varn1t/ml-pipeline/venv/lib/python3.11/site-packages/airflow/example_dags/tutorial_dag.py
[2026-05-24T16:03:24.191+0000] {logging_mixin.py:188} INFO - [2026-05-24T16:03:24.190+0000] {dag.py:3096} INFO - Sync 1 DAGs
[2026-05-24T16:03:24.199+0000] {logging_mixin.py:188} INFO - [2026-05-24T16:03:24.199+0000] {dag.py:3954} INFO - Setting next_dagrun for tutorial_dag to None, run_after=None
[2026-05-24T16:03:24.217+0000] {processor.py:183} INFO - Processing /home/varn1t/ml-pipeline/venv/lib/python3.11/site-packages/airflow/example_dags/tutorial_dag.py took 0.053 seconds
[2026-05-24T16:04:14.903+0000] {processor.py:161} INFO - Started process (PID=14082) to work on /home/varn1t/ml-pipeline/venv/lib/python3.11/site-packages/airflow/example_dags/tutorial_dag.py
[2026-05-24T16:04:14.904+0000] {processor.py:830} INFO - Processing file /home/varn1t/ml-pipeline/venv/lib/python3.11/site-packages/airflow/example_dags/tutorial_dag.py for tasks to queue
[2026-05-24T16:04:14.905+0000] {logging_mixin.py:188} INFO - [2026-05-24T16:04:14.905+0000] {dagbag.py:545} INFO - Filling up the DagBag from /home/varn1t/ml-pipeline/venv/lib/python3.11/site-packages/airflow/example_dags/tutorial_dag.py
[2026-05-24T16:04:14.910+0000] {processor.py:840} INFO - DAG(s) 'tutorial_dag' retrieved from /home/varn1t/ml-pipeline/venv/lib/python3.11/site-packages/airflow/example_dags/tutorial_dag.py
[2026-05-24T16:04:14.921+0000] {logging_mixin.py:188} INFO - [2026-05-24T16:04:14.921+0000] {dag.py:3096} INFO - Sync 1 DAGs
[2026-05-24T16:04:14.930+0000] {logging_mixin.py:188} INFO - [2026-05-24T16:04:14.930+0000] {dag.py:3954} INFO - Setting next_dagrun for tutorial_dag to None, run_after=None
[2026-05-24T16:04:14.946+0000] {processor.py:183} INFO - Processing /home/varn1t/ml-pipeline/venv/lib/python3.11/site-packages/airflow/example_dags/tutorial_dag.py took 0.047 seconds
[2026-05-24T16:04:59.343+0000] {processor.py:161} INFO - Started process (PID=14274) to work on /home/varn1t/ml-pipeline/venv/lib/python3.11/site-packages/airflow/example_dags/tutorial_dag.py
[2026-05-24T16:04:59.344+0000] {processor.py:830} INFO - Processing file /home/varn1t/ml-pipeline/venv/lib/python3.11/site-packages/airflow/example_dags/tutorial_dag.py for tasks to queue
[2026-05-24T16:04:59.345+0000] {logging_mixin.py:188} INFO - [2026-05-24T16:04:59.345+0000] {dagbag.py:545} INFO - Filling up the DagBag from /home/varn1t/ml-pipeline/venv/lib/python3.11/site-packages/airflow/example_dags/tutorial_dag.py
[2026-05-24T16:04:59.349+0000] {processor.py:840} INFO - DAG(s) 'tutorial_dag' retrieved from /home/varn1t/ml-pipeline/venv/lib/python3.11/site-packages/airflow/example_dags/tutorial_dag.py
[2026-05-24T16:04:59.358+0000] {logging_mixin.py:188} INFO - [2026-05-24T16:04:59.358+0000] {dag.py:3096} INFO - Sync 1 DAGs
[2026-05-24T16:04:59.364+0000] {logging_mixin.py:188} INFO - [2026-05-24T16:04:59.364+0000] {dag.py:3954} INFO - Setting next_dagrun for tutorial_dag to None, run_after=None
[2026-05-24T16:04:59.378+0000] {processor.py:183} INFO - Processing /home/varn1t/ml-pipeline/venv/lib/python3.11/site-packages/airflow/example_dags/tutorial_dag.py took 0.041 seconds
[2026-05-24T16:05:41.076+0000] {processor.py:161} INFO - Started process (PID=14454) to work on /home/varn1t/ml-pipeline/venv/lib/python3.11/site-packages/airflow/example_dags/tutorial_dag.py
[2026-05-24T16:05:41.077+0000] {processor.py:830} INFO - Processing file /home/varn1t/ml-pipeline/venv/lib/python3.11/site-packages/airflow/example_dags/tutorial_dag.py for tasks to queue
[2026-05-24T16:05:41.078+0000] {logging_mixin.py:188} INFO - [2026-05-24T16:05:41.078+0000] {dagbag.py:545} INFO - Filling up the DagBag from /home/varn1t/ml-pipeline/venv/lib/python3.11/site-packages/airflow/example_dags/tutorial_dag.py
[2026-05-24T16:05:41.083+0000] {processor.py:840} INFO - DAG(s) 'tutorial_dag' retrieved from /home/varn1t/ml-pipeline/venv/lib/python3.11/site-packages/airflow/example_dags/tutorial_dag.py
[2026-05-24T16:05:41.094+0000] {logging_mixin.py:188} INFO - [2026-05-24T16:05:41.094+0000] {dag.py:3096} INFO - Sync 1 DAGs
[2026-05-24T16:05:41.104+0000] {logging_mixin.py:188} INFO - [2026-05-24T16:05:41.103+0000] {dag.py:3954} INFO - Setting next_dagrun for tutorial_dag to None, run_after=None
[2026-05-24T16:05:41.120+0000] {processor.py:183} INFO - Processing /home/varn1t/ml-pipeline/venv/lib/python3.11/site-packages/airflow/example_dags/tutorial_dag.py took 0.049 seconds
[2026-05-24T16:06:23.688+0000] {processor.py:161} INFO - Started process (PID=14640) to work on /home/varn1t/ml-pipeline/venv/lib/python3.11/site-packages/airflow/example_dags/tutorial_dag.py
[2026-05-24T16:06:23.690+0000] {processor.py:830} INFO - Processing file /home/varn1t/ml-pipeline/venv/lib/python3.11/site-packages/airflow/example_dags/tutorial_dag.py for tasks to queue
[2026-05-24T16:06:23.691+0000] {logging_mixin.py:188} INFO - [2026-05-24T16:06:23.691+0000] {dagbag.py:545} INFO - Filling up the DagBag from /home/varn1t/ml-pipeline/venv/lib/python3.11/site-packages/airflow/example_dags/tutorial_dag.py
[2026-05-24T16:06:23.697+0000] {processor.py:840} INFO - DAG(s) 'tutorial_dag' retrieved from /home/varn1t/ml-pipeline/venv/lib/python3.11/site-packages/airflow/example_dags/tutorial_dag.py
[2026-05-24T16:06:23.711+0000] {logging_mixin.py:188} INFO - [2026-05-24T16:06:23.711+0000] {dag.py:3096} INFO - Sync 1 DAGs
[2026-05-24T16:06:23.719+0000] {logging_mixin.py:188} INFO - [2026-05-24T16:06:23.719+0000] {dag.py:3954} INFO - Setting next_dagrun for tutorial_dag to None, run_after=None
[2026-05-24T16:06:23.738+0000] {processor.py:183} INFO - Processing /home/varn1t/ml-pipeline/venv/lib/python3.11/site-packages/airflow/example_dags/tutorial_dag.py took 0.055 seconds
[2026-05-24T16:07:04.187+0000] {processor.py:161} INFO - Started process (PID=14847) to work on /home/varn1t/ml-pipeline/venv/lib/python3.11/site-packages/airflow/example_dags/tutorial_dag.py
[2026-05-24T16:07:04.188+0000] {processor.py:830} INFO - Processing file /home/varn1t/ml-pipeline/venv/lib/python3.11/site-packages/airflow/example_dags/tutorial_dag.py for tasks to queue
[2026-05-24T16:07:04.189+0000] {logging_mixin.py:188} INFO - [2026-05-24T16:07:04.189+0000] {dagbag.py:545} INFO - Filling up the DagBag from /home/varn1t/ml-pipeline/venv/lib/python3.11/site-packages/airflow/example_dags/tutorial_dag.py
[2026-05-24T16:07:04.193+0000] {processor.py:840} INFO - DAG(s) 'tutorial_dag' retrieved from /home/varn1t/ml-pipeline/venv/lib/python3.11/site-packages/airflow/example_dags/tutorial_dag.py
[2026-05-24T16:07:04.203+0000] {logging_mixin.py:188} INFO - [2026-05-24T16:07:04.203+0000] {dag.py:3096} INFO - Sync 1 DAGs
[2026-05-24T16:07:04.210+0000] {logging_mixin.py:188} INFO - [2026-05-24T16:07:04.210+0000] {dag.py:3954} INFO - Setting next_dagrun for tutorial_dag to None, run_after=None
[2026-05-24T16:07:04.224+0000] {processor.py:183} INFO - Processing /home/varn1t/ml-pipeline/venv/lib/python3.11/site-packages/airflow/example_dags/tutorial_dag.py took 0.042 seconds
[2026-05-24T16:07:43.586+0000] {processor.py:161} INFO - Started process (PID=15046) to work on /home/varn1t/ml-pipeline/venv/lib/python3.11/site-packages/airflow/example_dags/tutorial_dag.py
[2026-05-24T16:07:43.587+0000] {processor.py:830} INFO - Processing file /home/varn1t/ml-pipeline/venv/lib/python3.11/site-packages/airflow/example_dags/tutorial_dag.py for tasks to queue
[2026-05-24T16:07:43.589+0000] {logging_mixin.py:188} INFO - [2026-05-24T16:07:43.588+0000] {dagbag.py:545} INFO - Filling up the DagBag from /home/varn1t/ml-pipeline/venv/lib/python3.11/site-packages/airflow/example_dags/tutorial_dag.py
[2026-05-24T16:07:43.594+0000] {processor.py:840} INFO - DAG(s) 'tutorial_dag' retrieved from /home/varn1t/ml-pipeline/venv/lib/python3.11/site-packages/airflow/example_dags/tutorial_dag.py
[2026-05-24T16:07:43.606+0000] {logging_mixin.py:188} INFO - [2026-05-24T16:07:43.606+0000] {dag.py:3096} INFO - Sync 1 DAGs
[2026-05-24T16:07:43.614+0000] {logging_mixin.py:188} INFO - [2026-05-24T16:07:43.614+0000] {dag.py:3954} INFO - Setting next_dagrun for tutorial_dag to None, run_after=None
[2026-05-24T16:07:43.632+0000] {processor.py:183} INFO - Processing /home/varn1t/ml-pipeline/venv/lib/python3.11/site-packages/airflow/example_dags/tutorial_dag.py took 0.050 seconds
[2026-05-24T16:08:24.101+0000] {processor.py:161} INFO - Started process (PID=15234) to work on /home/varn1t/ml-pipeline/venv/lib/python3.11/site-packages/airflow/example_dags/tutorial_dag.py
[2026-05-24T16:08:24.102+0000] {processor.py:830} INFO - Processing file /home/varn1t/ml-pipeline/venv/lib/python3.11/site-packages/airflow/example_dags/tutorial_dag.py for tasks to queue
[2026-05-24T16:08:24.104+0000] {logging_mixin.py:188} INFO - [2026-05-24T16:08:24.103+0000] {dagbag.py:545} INFO - Filling up the DagBag from /home/varn1t/ml-pipeline/venv/lib/python3.11/site-packages/airflow/example_dags/tutorial_dag.py
[2026-05-24T16:08:24.109+0000] {processor.py:840} INFO - DAG(s) 'tutorial_dag' retrieved from /home/varn1t/ml-pipeline/venv/lib/python3.11/site-packages/airflow/example_dags/tutorial_dag.py
[2026-05-24T16:08:24.123+0000] {logging_mixin.py:188} INFO - [2026-05-24T16:08:24.123+0000] {dag.py:3096} INFO - Sync 1 DAGs
[2026-05-24T16:08:24.133+0000] {logging_mixin.py:188} INFO - [2026-05-24T16:08:24.133+0000] {dag.py:3954} INFO - Setting next_dagrun for tutorial_dag to None, run_after=None
[2026-05-24T16:08:24.152+0000] {processor.py:183} INFO - Processing /home/varn1t/ml-pipeline/venv/lib/python3.11/site-packages/airflow/example_dags/tutorial_dag.py took 0.057 seconds
[2026-05-24T16:09:10.016+0000] {processor.py:161} INFO - Started process (PID=15467) to work on /home/varn1t/ml-pipeline/venv/lib/python3.11/site-packages/airflow/example_dags/tutorial_dag.py
[2026-05-24T16:09:10.016+0000] {processor.py:830} INFO - Processing file /home/varn1t/ml-pipeline/venv/lib/python3.11/site-packages/airflow/example_dags/tutorial_dag.py for tasks to queue
[2026-05-24T16:09:10.018+0000] {logging_mixin.py:188} INFO - [2026-05-24T16:09:10.017+0000] {dagbag.py:545} INFO - Filling up the DagBag from /home/varn1t/ml-pipeline/venv/lib/python3.11/site-packages/airflow/example_dags/tutorial_dag.py
[2026-05-24T16:09:10.022+0000] {processor.py:840} INFO - DAG(s) 'tutorial_dag' retrieved from /home/varn1t/ml-pipeline/venv/lib/python3.11/site-packages/airflow/example_dags/tutorial_dag.py
[2026-05-24T16:09:10.032+0000] {logging_mixin.py:188} INFO - [2026-05-24T16:09:10.032+0000] {dag.py:3096} INFO - Sync 1 DAGs
[2026-05-24T16:09:10.039+0000] {logging_mixin.py:188} INFO - [2026-05-24T16:09:10.038+0000] {dag.py:3954} INFO - Setting next_dagrun for tutorial_dag to None, run_after=None
[2026-05-24T16:09:10.052+0000] {processor.py:183} INFO - Processing /home/varn1t/ml-pipeline/venv/lib/python3.11/site-packages/airflow/example_dags/tutorial_dag.py took 0.040 seconds
[2026-05-24T16:09:52.613+0000] {processor.py:161} INFO - Started process (PID=15656) to work on /home/varn1t/ml-pipeline/venv/lib/python3.11/site-packages/airflow/example_dags/tutorial_dag.py
[2026-05-24T16:09:52.614+0000] {processor.py:830} INFO - Processing file /home/varn1t/ml-pipeline/venv/lib/python3.11/site-packages/airflow/example_dags/tutorial_dag.py for tasks to queue
[2026-05-24T16:09:52.616+0000] {logging_mixin.py:188} INFO - [2026-05-24T16:09:52.616+0000] {dagbag.py:545} INFO - Filling up the DagBag from /home/varn1t/ml-pipeline/venv/lib/python3.11/site-packages/airflow/example_dags/tutorial_dag.py
[2026-05-24T16:09:52.621+0000] {processor.py:840} INFO - DAG(s) 'tutorial_dag' retrieved from /home/varn1t/ml-pipeline/venv/lib/python3.11/site-packages/airflow/example_dags/tutorial_dag.py
[2026-05-24T16:09:52.632+0000] {logging_mixin.py:188} INFO - [2026-05-24T16:09:52.632+0000] {dag.py:3096} INFO - Sync 1 DAGs
[2026-05-24T16:09:52.640+0000] {logging_mixin.py:188} INFO - [2026-05-24T16:09:52.640+0000] {dag.py:3954} INFO - Setting next_dagrun for tutorial_dag to None, run_after=None
[2026-05-24T16:09:52.656+0000] {processor.py:183} INFO - Processing /home/varn1t/ml-pipeline/venv/lib/python3.11/site-packages/airflow/example_dags/tutorial_dag.py took 0.047 seconds
[2026-05-24T16:10:34.836+0000] {processor.py:161} INFO - Started process (PID=15837) to work on /home/varn1t/ml-pipeline/venv/lib/python3.11/site-packages/airflow/example_dags/tutorial_dag.py
[2026-05-24T16:10:34.837+0000] {processor.py:830} INFO - Processing file /home/varn1t/ml-pipeline/venv/lib/python3.11/site-packages/airflow/example_dags/tutorial_dag.py for tasks to queue
[2026-05-24T16:10:34.838+0000] {logging_mixin.py:188} INFO - [2026-05-24T16:10:34.838+0000] {dagbag.py:545} INFO - Filling up the DagBag from /home/varn1t/ml-pipeline/venv/lib/python3.11/site-packages/airflow/example_dags/tutorial_dag.py
[2026-05-24T16:10:34.845+0000] {processor.py:840} INFO - DAG(s) 'tutorial_dag' retrieved from /home/varn1t/ml-pipeline/venv/lib/python3.11/site-packages/airflow/example_dags/tutorial_dag.py
[2026-05-24T16:10:34.861+0000] {logging_mixin.py:188} INFO - [2026-05-24T16:10:34.861+0000] {dag.py:3096} INFO - Sync 1 DAGs
[2026-05-24T16:10:34.872+0000] {logging_mixin.py:188} INFO - [2026-05-24T16:10:34.872+0000] {dag.py:3954} INFO - Setting next_dagrun for tutorial_dag to None, run_after=None
[2026-05-24T16:10:34.897+0000] {processor.py:183} INFO - Processing /home/varn1t/ml-pipeline/venv/lib/python3.11/site-packages/airflow/example_dags/tutorial_dag.py took 0.067 seconds
[2026-05-24T16:11:17.471+0000] {processor.py:161} INFO - Started process (PID=16023) to work on /home/varn1t/ml-pipeline/venv/lib/python3.11/site-packages/airflow/example_dags/tutorial_dag.py
[2026-05-24T16:11:17.473+0000] {processor.py:830} INFO - Processing file /home/varn1t/ml-pipeline/venv/lib/python3.11/site-packages/airflow/example_dags/tutorial_dag.py for tasks to queue
[2026-05-24T16:11:17.474+0000] {logging_mixin.py:188} INFO - [2026-05-24T16:11:17.474+0000] {dagbag.py:545} INFO - Filling up the DagBag from /home/varn1t/ml-pipeline/venv/lib/python3.11/site-packages/airflow/example_dags/tutorial_dag.py
[2026-05-24T16:11:17.479+0000] {processor.py:840} INFO - DAG(s) 'tutorial_dag' retrieved from /home/varn1t/ml-pipeline/venv/lib/python3.11/site-packages/airflow/example_dags/tutorial_dag.py
[2026-05-24T16:11:17.490+0000] {logging_mixin.py:188} INFO - [2026-05-24T16:11:17.490+0000] {dag.py:3096} INFO - Sync 1 DAGs
[2026-05-24T16:11:17.497+0000] {logging_mixin.py:188} INFO - [2026-05-24T16:11:17.496+0000] {dag.py:3954} INFO - Setting next_dagrun for tutorial_dag to None, run_after=None
[2026-05-24T16:11:17.514+0000] {processor.py:183} INFO - Processing /home/varn1t/ml-pipeline/venv/lib/python3.11/site-packages/airflow/example_dags/tutorial_dag.py took 0.048 seconds
[2026-05-24T16:12:02.356+0000] {processor.py:161} INFO - Started process (PID=16238) to work on /home/varn1t/ml-pipeline/venv/lib/python3.11/site-packages/airflow/example_dags/tutorial_dag.py
[2026-05-24T16:12:02.357+0000] {processor.py:830} INFO - Processing file /home/varn1t/ml-pipeline/venv/lib/python3.11/site-packages/airflow/example_dags/tutorial_dag.py for tasks to queue
[2026-05-24T16:12:02.358+0000] {logging_mixin.py:188} INFO - [2026-05-24T16:12:02.358+0000] {dagbag.py:545} INFO - Filling up the DagBag from /home/varn1t/ml-pipeline/venv/lib/python3.11/site-packages/airflow/example_dags/tutorial_dag.py
[2026-05-24T16:12:02.362+0000] {processor.py:840} INFO - DAG(s) 'tutorial_dag' retrieved from /home/varn1t/ml-pipeline/venv/lib/python3.11/site-packages/airflow/example_dags/tutorial_dag.py
[2026-05-24T16:12:02.372+0000] {logging_mixin.py:188} INFO - [2026-05-24T16:12:02.372+0000] {dag.py:3096} INFO - Sync 1 DAGs
[2026-05-24T16:12:02.379+0000] {logging_mixin.py:188} INFO - [2026-05-24T16:12:02.379+0000] {dag.py:3954} INFO - Setting next_dagrun for tutorial_dag to None, run_after=None
[2026-05-24T16:12:02.394+0000] {processor.py:183} INFO - Processing /home/varn1t/ml-pipeline/venv/lib/python3.11/site-packages/airflow/example_dags/tutorial_dag.py took 0.043 seconds
[2026-05-24T16:12:45.071+0000] {processor.py:161} INFO - Started process (PID=16426) to work on /home/varn1t/ml-pipeline/venv/lib/python3.11/site-packages/airflow/example_dags/tutorial_dag.py
[2026-05-24T16:12:45.072+0000] {processor.py:830} INFO - Processing file /home/varn1t/ml-pipeline/venv/lib/python3.11/site-packages/airflow/example_dags/tutorial_dag.py for tasks to queue
[2026-05-24T16:12:45.073+0000] {logging_mixin.py:188} INFO - [2026-05-24T16:12:45.073+0000] {dagbag.py:545} INFO - Filling up the DagBag from /home/varn1t/ml-pipeline/venv/lib/python3.11/site-packages/airflow/example_dags/tutorial_dag.py
[2026-05-24T16:12:45.079+0000] {processor.py:840} INFO - DAG(s) 'tutorial_dag' retrieved from /home/varn1t/ml-pipeline/venv/lib/python3.11/site-packages/airflow/example_dags/tutorial_dag.py
[2026-05-24T16:12:45.090+0000] {logging_mixin.py:188} INFO - [2026-05-24T16:12:45.090+0000] {dag.py:3096} INFO - Sync 1 DAGs
[2026-05-24T16:12:45.098+0000] {logging_mixin.py:188} INFO - [2026-05-24T16:12:45.098+0000] {dag.py:3954} INFO - Setting next_dagrun for tutorial_dag to None, run_after=None
[2026-05-24T16:12:45.114+0000] {processor.py:183} INFO - Processing /home/varn1t/ml-pipeline/venv/lib/python3.11/site-packages/airflow/example_dags/tutorial_dag.py took 0.049 seconds
[2026-05-24T16:13:28.182+0000] {processor.py:161} INFO - Started process (PID=16615) to work on /home/varn1t/ml-pipeline/venv/lib/python3.11/site-packages/airflow/example_dags/tutorial_dag.py
[2026-05-24T16:13:28.183+0000] {processor.py:830} INFO - Processing file /home/varn1t/ml-pipeline/venv/lib/python3.11/site-packages/airflow/example_dags/tutorial_dag.py for tasks to queue
[2026-05-24T16:13:28.186+0000] {logging_mixin.py:188} INFO - [2026-05-24T16:13:28.185+0000] {dagbag.py:545} INFO - Filling up the DagBag from /home/varn1t/ml-pipeline/venv/lib/python3.11/site-packages/airflow/example_dags/tutorial_dag.py
[2026-05-24T16:13:28.191+0000] {processor.py:840} INFO - DAG(s) 'tutorial_dag' retrieved from /home/varn1t/ml-pipeline/venv/lib/python3.11/site-packages/airflow/example_dags/tutorial_dag.py
[2026-05-24T16:13:28.206+0000] {logging_mixin.py:188} INFO - [2026-05-24T16:13:28.206+0000] {dag.py:3096} INFO - Sync 1 DAGs
[2026-05-24T16:13:28.214+0000] {logging_mixin.py:188} INFO - [2026-05-24T16:13:28.214+0000] {dag.py:3954} INFO - Setting next_dagrun for tutorial_dag to None, run_after=None
[2026-05-24T16:13:28.230+0000] {processor.py:183} INFO - Processing /home/varn1t/ml-pipeline/venv/lib/python3.11/site-packages/airflow/example_dags/tutorial_dag.py took 0.054 seconds
[2026-05-24T16:14:10.223+0000] {processor.py:161} INFO - Started process (PID=16795) to work on /home/varn1t/ml-pipeline/venv/lib/python3.11/site-packages/airflow/example_dags/tutorial_dag.py
[2026-05-24T16:14:10.224+0000] {processor.py:830} INFO - Processing file /home/varn1t/ml-pipeline/venv/lib/python3.11/site-packages/airflow/example_dags/tutorial_dag.py for tasks to queue
[2026-05-24T16:14:10.226+0000] {logging_mixin.py:188} INFO - [2026-05-24T16:14:10.226+0000] {dagbag.py:545} INFO - Filling up the DagBag from /home/varn1t/ml-pipeline/venv/lib/python3.11/site-packages/airflow/example_dags/tutorial_dag.py
[2026-05-24T16:14:10.232+0000] {processor.py:840} INFO - DAG(s) 'tutorial_dag' retrieved from /home/varn1t/ml-pipeline/venv/lib/python3.11/site-packages/airflow/example_dags/tutorial_dag.py
[2026-05-24T16:14:10.245+0000] {logging_mixin.py:188} INFO - [2026-05-24T16:14:10.245+0000] {dag.py:3096} INFO - Sync 1 DAGs
[2026-05-24T16:14:10.253+0000] {logging_mixin.py:188} INFO - [2026-05-24T16:14:10.253+0000] {dag.py:3954} INFO - Setting next_dagrun for tutorial_dag to None, run_after=None
[2026-05-24T16:14:10.268+0000] {processor.py:183} INFO - Processing /home/varn1t/ml-pipeline/venv/lib/python3.11/site-packages/airflow/example_dags/tutorial_dag.py took 0.050 seconds
[2026-05-24T16:14:54.392+0000] {processor.py:161} INFO - Started process (PID=16990) to work on /home/varn1t/ml-pipeline/venv/lib/python3.11/site-packages/airflow/example_dags/tutorial_dag.py
[2026-05-24T16:14:54.393+0000] {processor.py:830} INFO - Processing file /home/varn1t/ml-pipeline/venv/lib/python3.11/site-packages/airflow/example_dags/tutorial_dag.py for tasks to queue
[2026-05-24T16:14:54.394+0000] {logging_mixin.py:188} INFO - [2026-05-24T16:14:54.394+0000] {dagbag.py:545} INFO - Filling up the DagBag from /home/varn1t/ml-pipeline/venv/lib/python3.11/site-packages/airflow/example_dags/tutorial_dag.py
[2026-05-24T16:14:54.400+0000] {processor.py:840} INFO - DAG(s) 'tutorial_dag' retrieved from /home/varn1t/ml-pipeline/venv/lib/python3.11/site-packages/airflow/example_dags/tutorial_dag.py
[2026-05-24T16:14:54.413+0000] {logging_mixin.py:188} INFO - [2026-05-24T16:14:54.413+0000] {dag.py:3096} INFO - Sync 1 DAGs
[2026-05-24T16:14:54.423+0000] {logging_mixin.py:188} INFO - [2026-05-24T16:14:54.423+0000] {dag.py:3954} INFO - Setting next_dagrun for tutorial_dag to None, run_after=None
[2026-05-24T16:14:54.441+0000] {processor.py:183} INFO - Processing /home/varn1t/ml-pipeline/venv/lib/python3.11/site-packages/airflow/example_dags/tutorial_dag.py took 0.053 seconds
[2026-05-24T16:15:35.907+0000] {processor.py:161} INFO - Started process (PID=17170) to work on /home/varn1t/ml-pipeline/venv/lib/python3.11/site-packages/airflow/example_dags/tutorial_dag.py
[2026-05-24T16:15:35.908+0000] {processor.py:830} INFO - Processing file /home/varn1t/ml-pipeline/venv/lib/python3.11/site-packages/airflow/example_dags/tutorial_dag.py for tasks to queue
[2026-05-24T16:15:35.909+0000] {logging_mixin.py:188} INFO - [2026-05-24T16:15:35.909+0000] {dagbag.py:545} INFO - Filling up the DagBag from /home/varn1t/ml-pipeline/venv/lib/python3.11/site-packages/airflow/example_dags/tutorial_dag.py
[2026-05-24T16:15:35.914+0000] {processor.py:840} INFO - DAG(s) 'tutorial_dag' retrieved from /home/varn1t/ml-pipeline/venv/lib/python3.11/site-packages/airflow/example_dags/tutorial_dag.py
[2026-05-24T16:15:35.925+0000] {logging_mixin.py:188} INFO - [2026-05-24T16:15:35.925+0000] {dag.py:3096} INFO - Sync 1 DAGs
[2026-05-24T16:15:35.932+0000] {logging_mixin.py:188} INFO - [2026-05-24T16:15:35.932+0000] {dag.py:3954} INFO - Setting next_dagrun for tutorial_dag to None, run_after=None
[2026-05-24T16:15:35.951+0000] {processor.py:183} INFO - Processing /home/varn1t/ml-pipeline/venv/lib/python3.11/site-packages/airflow/example_dags/tutorial_dag.py took 0.049 seconds
[2026-05-24T16:16:17.333+0000] {processor.py:161} INFO - Started process (PID=17350) to work on /home/varn1t/ml-pipeline/venv/lib/python3.11/site-packages/airflow/example_dags/tutorial_dag.py
[2026-05-24T16:16:17.334+0000] {processor.py:830} INFO - Processing file /home/varn1t/ml-pipeline/venv/lib/python3.11/site-packages/airflow/example_dags/tutorial_dag.py for tasks to queue
[2026-05-24T16:16:17.335+0000] {logging_mixin.py:188} INFO - [2026-05-24T16:16:17.335+0000] {dagbag.py:545} INFO - Filling up the DagBag from /home/varn1t/ml-pipeline/venv/lib/python3.11/site-packages/airflow/example_dags/tutorial_dag.py
[2026-05-24T16:16:17.339+0000] {processor.py:840} INFO - DAG(s) 'tutorial_dag' retrieved from /home/varn1t/ml-pipeline/venv/lib/python3.11/site-packages/airflow/example_dags/tutorial_dag.py
[2026-05-24T16:16:17.350+0000] {logging_mixin.py:188} INFO - [2026-05-24T16:16:17.350+0000] {dag.py:3096} INFO - Sync 1 DAGs
[2026-05-24T16:16:17.358+0000] {logging_mixin.py:188} INFO - [2026-05-24T16:16:17.357+0000] {dag.py:3954} INFO - Setting next_dagrun for tutorial_dag to None, run_after=None
[2026-05-24T16:16:17.372+0000] {processor.py:183} INFO - Processing /home/varn1t/ml-pipeline/venv/lib/python3.11/site-packages/airflow/example_dags/tutorial_dag.py took 0.043 seconds
[2026-05-24T16:16:59.885+0000] {processor.py:161} INFO - Started process (PID=17563) to work on /home/varn1t/ml-pipeline/venv/lib/python3.11/site-packages/airflow/example_dags/tutorial_dag.py
[2026-05-24T16:16:59.886+0000] {processor.py:830} INFO - Processing file /home/varn1t/ml-pipeline/venv/lib/python3.11/site-packages/airflow/example_dags/tutorial_dag.py for tasks to queue
[2026-05-24T16:16:59.888+0000] {logging_mixin.py:188} INFO - [2026-05-24T16:16:59.887+0000] {dagbag.py:545} INFO - Filling up the DagBag from /home/varn1t/ml-pipeline/venv/lib/python3.11/site-packages/airflow/example_dags/tutorial_dag.py
[2026-05-24T16:16:59.893+0000] {processor.py:840} INFO - DAG(s) 'tutorial_dag' retrieved from /home/varn1t/ml-pipeline/venv/lib/python3.11/site-packages/airflow/example_dags/tutorial_dag.py
[2026-05-24T16:16:59.904+0000] {logging_mixin.py:188} INFO - [2026-05-24T16:16:59.904+0000] {dag.py:3096} INFO - Sync 1 DAGs
[2026-05-24T16:16:59.912+0000] {logging_mixin.py:188} INFO - [2026-05-24T16:16:59.912+0000] {dag.py:3954} INFO - Setting next_dagrun for tutorial_dag to None, run_after=None
[2026-05-24T16:16:59.932+0000] {processor.py:183} INFO - Processing /home/varn1t/ml-pipeline/venv/lib/python3.11/site-packages/airflow/example_dags/tutorial_dag.py took 0.051 seconds
[2026-05-24T16:17:39.923+0000] {processor.py:161} INFO - Started process (PID=17759) to work on /home/varn1t/ml-pipeline/venv/lib/python3.11/site-packages/airflow/example_dags/tutorial_dag.py
[2026-05-24T16:17:39.924+0000] {processor.py:830} INFO - Processing file /home/varn1t/ml-pipeline/venv/lib/python3.11/site-packages/airflow/example_dags/tutorial_dag.py for tasks to queue
[2026-05-24T16:17:39.926+0000] {logging_mixin.py:188} INFO - [2026-05-24T16:17:39.926+0000] {dagbag.py:545} INFO - Filling up the DagBag from /home/varn1t/ml-pipeline/venv/lib/python3.11/site-packages/airflow/example_dags/tutorial_dag.py
[2026-05-24T16:17:39.932+0000] {processor.py:840} INFO - DAG(s) 'tutorial_dag' retrieved from /home/varn1t/ml-pipeline/venv/lib/python3.11/site-packages/airflow/example_dags/tutorial_dag.py
[2026-05-24T16:17:39.945+0000] {logging_mixin.py:188} INFO - [2026-05-24T16:17:39.945+0000] {dag.py:3096} INFO - Sync 1 DAGs
[2026-05-24T16:17:39.954+0000] {logging_mixin.py:188} INFO - [2026-05-24T16:17:39.954+0000] {dag.py:3954} INFO - Setting next_dagrun for tutorial_dag to None, run_after=None
[2026-05-24T16:17:39.973+0000] {processor.py:183} INFO - Processing /home/varn1t/ml-pipeline/venv/lib/python3.11/site-packages/airflow/example_dags/tutorial_dag.py took 0.057 seconds
[2026-05-24T16:18:18.227+0000] {processor.py:161} INFO - Started process (PID=18070) to work on /home/varn1t/ml-pipeline/venv/lib/python3.11/site-packages/airflow/example_dags/tutorial_dag.py
[2026-05-24T16:18:18.228+0000] {processor.py:830} INFO - Processing file /home/varn1t/ml-pipeline/venv/lib/python3.11/site-packages/airflow/example_dags/tutorial_dag.py for tasks to queue
[2026-05-24T16:18:18.230+0000] {logging_mixin.py:188} INFO - [2026-05-24T16:18:18.229+0000] {dagbag.py:545} INFO - Filling up the DagBag from /home/varn1t/ml-pipeline/venv/lib/python3.11/site-packages/airflow/example_dags/tutorial_dag.py
[2026-05-24T16:18:18.234+0000] {processor.py:840} INFO - DAG(s) 'tutorial_dag' retrieved from /home/varn1t/ml-pipeline/venv/lib/python3.11/site-packages/airflow/example_dags/tutorial_dag.py
[2026-05-24T16:18:18.247+0000] {logging_mixin.py:188} INFO - [2026-05-24T16:18:18.247+0000] {dag.py:3096} INFO - Sync 1 DAGs
[2026-05-24T16:18:18.255+0000] {logging_mixin.py:188} INFO - [2026-05-24T16:18:18.255+0000] {dag.py:3954} INFO - Setting next_dagrun for tutorial_dag to None, run_after=None
[2026-05-24T16:18:18.273+0000] {processor.py:183} INFO - Processing /home/varn1t/ml-pipeline/venv/lib/python3.11/site-packages/airflow/example_dags/tutorial_dag.py took 0.050 seconds
[2026-05-24T16:19:01.793+0000] {processor.py:161} INFO - Started process (PID=18591) to work on /home/varn1t/ml-pipeline/venv/lib/python3.11/site-packages/airflow/example_dags/tutorial_dag.py
[2026-05-24T16:19:01.794+0000] {processor.py:830} INFO - Processing file /home/varn1t/ml-pipeline/venv/lib/python3.11/site-packages/airflow/example_dags/tutorial_dag.py for tasks to queue
[2026-05-24T16:19:01.796+0000] {logging_mixin.py:188} INFO - [2026-05-24T16:19:01.796+0000] {dagbag.py:545} INFO - Filling up the DagBag from /home/varn1t/ml-pipeline/venv/lib/python3.11/site-packages/airflow/example_dags/tutorial_dag.py
[2026-05-24T16:19:01.800+0000] {processor.py:840} INFO - DAG(s) 'tutorial_dag' retrieved from /home/varn1t/ml-pipeline/venv/lib/python3.11/site-packages/airflow/example_dags/tutorial_dag.py
[2026-05-24T16:19:01.812+0000] {logging_mixin.py:188} INFO - [2026-05-24T16:19:01.812+0000] {dag.py:3096} INFO - Sync 1 DAGs
[2026-05-24T16:19:01.819+0000] {logging_mixin.py:188} INFO - [2026-05-24T16:19:01.819+0000] {dag.py:3954} INFO - Setting next_dagrun for tutorial_dag to None, run_after=None
[2026-05-24T16:19:01.837+0000] {processor.py:183} INFO - Processing /home/varn1t/ml-pipeline/venv/lib/python3.11/site-packages/airflow/example_dags/tutorial_dag.py took 0.049 seconds
[2026-05-24T16:19:45.852+0000] {processor.py:161} INFO - Started process (PID=18831) to work on /home/varn1t/ml-pipeline/venv/lib/python3.11/site-packages/airflow/example_dags/tutorial_dag.py
[2026-05-24T16:19:45.853+0000] {processor.py:830} INFO - Processing file /home/varn1t/ml-pipeline/venv/lib/python3.11/site-packages/airflow/example_dags/tutorial_dag.py for tasks to queue
[2026-05-24T16:19:45.854+0000] {logging_mixin.py:188} INFO - [2026-05-24T16:19:45.854+0000] {dagbag.py:545} INFO - Filling up the DagBag from /home/varn1t/ml-pipeline/venv/lib/python3.11/site-packages/airflow/example_dags/tutorial_dag.py
[2026-05-24T16:19:45.859+0000] {processor.py:840} INFO - DAG(s) 'tutorial_dag' retrieved from /home/varn1t/ml-pipeline/venv/lib/python3.11/site-packages/airflow/example_dags/tutorial_dag.py
[2026-05-24T16:19:45.872+0000] {logging_mixin.py:188} INFO - [2026-05-24T16:19:45.872+0000] {dag.py:3096} INFO - Sync 1 DAGs
[2026-05-24T16:19:45.881+0000] {logging_mixin.py:188} INFO - [2026-05-24T16:19:45.880+0000] {dag.py:3954} INFO - Setting next_dagrun for tutorial_dag to None, run_after=None
[2026-05-24T16:19:45.898+0000] {processor.py:183} INFO - Processing /home/varn1t/ml-pipeline/venv/lib/python3.11/site-packages/airflow/example_dags/tutorial_dag.py took 0.051 seconds
[2026-05-24T16:20:28.469+0000] {processor.py:161} INFO - Started process (PID=19303) to work on /home/varn1t/ml-pipeline/venv/lib/python3.11/site-packages/airflow/example_dags/tutorial_dag.py
[2026-05-24T16:20:28.470+0000] {processor.py:830} INFO - Processing file /home/varn1t/ml-pipeline/venv/lib/python3.11/site-packages/airflow/example_dags/tutorial_dag.py for tasks to queue
[2026-05-24T16:20:28.472+0000] {logging_mixin.py:188} INFO - [2026-05-24T16:20:28.472+0000] {dagbag.py:545} INFO - Filling up the DagBag from /home/varn1t/ml-pipeline/venv/lib/python3.11/site-packages/airflow/example_dags/tutorial_dag.py
[2026-05-24T16:20:28.476+0000] {processor.py:840} INFO - DAG(s) 'tutorial_dag' retrieved from /home/varn1t/ml-pipeline/venv/lib/python3.11/site-packages/airflow/example_dags/tutorial_dag.py
[2026-05-24T16:20:28.487+0000] {logging_mixin.py:188} INFO - [2026-05-24T16:20:28.487+0000] {dag.py:3096} INFO - Sync 1 DAGs
[2026-05-24T16:20:28.495+0000] {logging_mixin.py:188} INFO - [2026-05-24T16:20:28.495+0000] {dag.py:3954} INFO - Setting next_dagrun for tutorial_dag to None, run_after=None
[2026-05-24T16:20:28.509+0000] {processor.py:183} INFO - Processing /home/varn1t/ml-pipeline/venv/lib/python3.11/site-packages/airflow/example_dags/tutorial_dag.py took 0.044 seconds
[2026-05-24T16:21:13.175+0000] {processor.py:161} INFO - Started process (PID=19636) to work on /home/varn1t/ml-pipeline/venv/lib/python3.11/site-packages/airflow/example_dags/tutorial_dag.py
[2026-05-24T16:21:13.176+0000] {processor.py:830} INFO - Processing file /home/varn1t/ml-pipeline/venv/lib/python3.11/site-packages/airflow/example_dags/tutorial_dag.py for tasks to queue
[2026-05-24T16:21:13.178+0000] {logging_mixin.py:188} INFO - [2026-05-24T16:21:13.177+0000] {dagbag.py:545} INFO - Filling up the DagBag from /home/varn1t/ml-pipeline/venv/lib/python3.11/site-packages/airflow/example_dags/tutorial_dag.py
[2026-05-24T16:21:13.182+0000] {processor.py:840} INFO - DAG(s) 'tutorial_dag' retrieved from /home/varn1t/ml-pipeline/venv/lib/python3.11/site-packages/airflow/example_dags/tutorial_dag.py
[2026-05-24T16:21:13.191+0000] {logging_mixin.py:188} INFO - [2026-05-24T16:21:13.191+0000] {dag.py:3096} INFO - Sync 1 DAGs
[2026-05-24T16:21:13.197+0000] {logging_mixin.py:188} INFO - [2026-05-24T16:21:13.197+0000] {dag.py:3954} INFO - Setting next_dagrun for tutorial_dag to None, run_after=None
[2026-05-24T16:21:13.212+0000] {processor.py:183} INFO - Processing /home/varn1t/ml-pipeline/venv/lib/python3.11/site-packages/airflow/example_dags/tutorial_dag.py took 0.042 seconds
[2026-05-24T16:21:54.304+0000] {processor.py:161} INFO - Started process (PID=19843) to work on /home/varn1t/ml-pipeline/venv/lib/python3.11/site-packages/airflow/example_dags/tutorial_dag.py
[2026-05-24T16:21:54.305+0000] {processor.py:830} INFO - Processing file /home/varn1t/ml-pipeline/venv/lib/python3.11/site-packages/airflow/example_dags/tutorial_dag.py for tasks to queue
[2026-05-24T16:21:54.307+0000] {logging_mixin.py:188} INFO - [2026-05-24T16:21:54.306+0000] {dagbag.py:545} INFO - Filling up the DagBag from /home/varn1t/ml-pipeline/venv/lib/python3.11/site-packages/airflow/example_dags/tutorial_dag.py
[2026-05-24T16:21:54.311+0000] {processor.py:840} INFO - DAG(s) 'tutorial_dag' retrieved from /home/varn1t/ml-pipeline/venv/lib/python3.11/site-packages/airflow/example_dags/tutorial_dag.py
[2026-05-24T16:21:54.323+0000] {logging_mixin.py:188} INFO - [2026-05-24T16:21:54.323+0000] {dag.py:3096} INFO - Sync 1 DAGs
[2026-05-24T16:21:54.331+0000] {logging_mixin.py:188} INFO - [2026-05-24T16:21:54.330+0000] {dag.py:3954} INFO - Setting next_dagrun for tutorial_dag to None, run_after=None
[2026-05-24T16:21:54.347+0000] {processor.py:183} INFO - Processing /home/varn1t/ml-pipeline/venv/lib/python3.11/site-packages/airflow/example_dags/tutorial_dag.py took 0.048 seconds
[2026-05-24T16:22:35.503+0000] {processor.py:161} INFO - Started process (PID=20103) to work on /home/varn1t/ml-pipeline/venv/lib/python3.11/site-packages/airflow/example_dags/tutorial_dag.py
[2026-05-24T16:22:35.504+0000] {processor.py:830} INFO - Processing file /home/varn1t/ml-pipeline/venv/lib/python3.11/site-packages/airflow/example_dags/tutorial_dag.py for tasks to queue
[2026-05-24T16:22:35.505+0000] {logging_mixin.py:188} INFO - [2026-05-24T16:22:35.505+0000] {dagbag.py:545} INFO - Filling up the DagBag from /home/varn1t/ml-pipeline/venv/lib/python3.11/site-packages/airflow/example_dags/tutorial_dag.py
[2026-05-24T16:22:35.509+0000] {processor.py:840} INFO - DAG(s) 'tutorial_dag' retrieved from /home/varn1t/ml-pipeline/venv/lib/python3.11/site-packages/airflow/example_dags/tutorial_dag.py
[2026-05-24T16:22:35.519+0000] {logging_mixin.py:188} INFO - [2026-05-24T16:22:35.518+0000] {dag.py:3096} INFO - Sync 1 DAGs
[2026-05-24T16:22:35.525+0000] {logging_mixin.py:188} INFO - [2026-05-24T16:22:35.524+0000] {dag.py:3954} INFO - Setting next_dagrun for tutorial_dag to None, run_after=None
[2026-05-24T16:22:35.540+0000] {processor.py:183} INFO - Processing /home/varn1t/ml-pipeline/venv/lib/python3.11/site-packages/airflow/example_dags/tutorial_dag.py took 0.042 seconds
[2026-05-24T16:23:16.314+0000] {processor.py:161} INFO - Started process (PID=20284) to work on /home/varn1t/ml-pipeline/venv/lib/python3.11/site-packages/airflow/example_dags/tutorial_dag.py
[2026-05-24T16:23:16.315+0000] {processor.py:830} INFO - Processing file /home/varn1t/ml-pipeline/venv/lib/python3.11/site-packages/airflow/example_dags/tutorial_dag.py for tasks to queue
[2026-05-24T16:23:16.316+0000] {logging_mixin.py:188} INFO - [2026-05-24T16:23:16.316+0000] {dagbag.py:545} INFO - Filling up the DagBag from /home/varn1t/ml-pipeline/venv/lib/python3.11/site-packages/airflow/example_dags/tutorial_dag.py
[2026-05-24T16:23:16.320+0000] {processor.py:840} INFO - DAG(s) 'tutorial_dag' retrieved from /home/varn1t/ml-pipeline/venv/lib/python3.11/site-packages/airflow/example_dags/tutorial_dag.py
[2026-05-24T16:23:16.329+0000] {logging_mixin.py:188} INFO - [2026-05-24T16:23:16.329+0000] {dag.py:3096} INFO - Sync 1 DAGs
[2026-05-24T16:23:16.335+0000] {logging_mixin.py:188} INFO - [2026-05-24T16:23:16.335+0000] {dag.py:3954} INFO - Setting next_dagrun for tutorial_dag to None, run_after=None
[2026-05-24T16:23:16.350+0000] {processor.py:183} INFO - Processing /home/varn1t/ml-pipeline/venv/lib/python3.11/site-packages/airflow/example_dags/tutorial_dag.py took 0.040 seconds
[2026-05-24T16:23:55.917+0000] {processor.py:161} INFO - Started process (PID=20455) to work on /home/varn1t/ml-pipeline/venv/lib/python3.11/site-packages/airflow/example_dags/tutorial_dag.py
[2026-05-24T16:23:55.918+0000] {processor.py:830} INFO - Processing file /home/varn1t/ml-pipeline/venv/lib/python3.11/site-packages/airflow/example_dags/tutorial_dag.py for tasks to queue
[2026-05-24T16:23:55.920+0000] {logging_mixin.py:188} INFO - [2026-05-24T16:23:55.920+0000] {dagbag.py:545} INFO - Filling up the DagBag from /home/varn1t/ml-pipeline/venv/lib/python3.11/site-packages/airflow/example_dags/tutorial_dag.py
[2026-05-24T16:23:55.925+0000] {processor.py:840} INFO - DAG(s) 'tutorial_dag' retrieved from /home/varn1t/ml-pipeline/venv/lib/python3.11/site-packages/airflow/example_dags/tutorial_dag.py
[2026-05-24T16:23:55.938+0000] {logging_mixin.py:188} INFO - [2026-05-24T16:23:55.938+0000] {dag.py:3096} INFO - Sync 1 DAGs
[2026-05-24T16:23:55.947+0000] {logging_mixin.py:188} INFO - [2026-05-24T16:23:55.947+0000] {dag.py:3954} INFO - Setting next_dagrun for tutorial_dag to None, run_after=None
[2026-05-24T16:23:55.964+0000] {processor.py:183} INFO - Processing /home/varn1t/ml-pipeline/venv/lib/python3.11/site-packages/airflow/example_dags/tutorial_dag.py took 0.052 seconds
[2026-05-24T16:24:41.179+0000] {processor.py:161} INFO - Started process (PID=20653) to work on /home/varn1t/ml-pipeline/venv/lib/python3.11/site-packages/airflow/example_dags/tutorial_dag.py
[2026-05-24T16:24:41.180+0000] {processor.py:830} INFO - Processing file /home/varn1t/ml-pipeline/venv/lib/python3.11/site-packages/airflow/example_dags/tutorial_dag.py for tasks to queue
[2026-05-24T16:24:41.182+0000] {logging_mixin.py:188} INFO - [2026-05-24T16:24:41.181+0000] {dagbag.py:545} INFO - Filling up the DagBag from /home/varn1t/ml-pipeline/venv/lib/python3.11/site-packages/airflow/example_dags/tutorial_dag.py
[2026-05-24T16:24:41.185+0000] {processor.py:840} INFO - DAG(s) 'tutorial_dag' retrieved from /home/varn1t/ml-pipeline/venv/lib/python3.11/site-packages/airflow/example_dags/tutorial_dag.py
[2026-05-24T16:24:41.196+0000] {logging_mixin.py:188} INFO - [2026-05-24T16:24:41.196+0000] {dag.py:3096} INFO - Sync 1 DAGs
[2026-05-24T16:24:41.203+0000] {logging_mixin.py:188} INFO - [2026-05-24T16:24:41.203+0000] {dag.py:3954} INFO - Setting next_dagrun for tutorial_dag to None, run_after=None
[2026-05-24T16:24:41.220+0000] {processor.py:183} INFO - Processing /home/varn1t/ml-pipeline/venv/lib/python3.11/site-packages/airflow/example_dags/tutorial_dag.py took 0.044 seconds
[2026-05-24T16:25:25.087+0000] {processor.py:161} INFO - Started process (PID=20888) to work on /home/varn1t/ml-pipeline/venv/lib/python3.11/site-packages/airflow/example_dags/tutorial_dag.py
[2026-05-24T16:25:25.088+0000] {processor.py:830} INFO - Processing file /home/varn1t/ml-pipeline/venv/lib/python3.11/site-packages/airflow/example_dags/tutorial_dag.py for tasks to queue
[2026-05-24T16:25:25.090+0000] {logging_mixin.py:188} INFO - [2026-05-24T16:25:25.089+0000] {dagbag.py:545} INFO - Filling up the DagBag from /home/varn1t/ml-pipeline/venv/lib/python3.11/site-packages/airflow/example_dags/tutorial_dag.py
[2026-05-24T16:25:25.094+0000] {processor.py:840} INFO - DAG(s) 'tutorial_dag' retrieved from /home/varn1t/ml-pipeline/venv/lib/python3.11/site-packages/airflow/example_dags/tutorial_dag.py
[2026-05-24T16:25:25.108+0000] {logging_mixin.py:188} INFO - [2026-05-24T16:25:25.108+0000] {dag.py:3096} INFO - Sync 1 DAGs
[2026-05-24T16:25:25.118+0000] {logging_mixin.py:188} INFO - [2026-05-24T16:25:25.118+0000] {dag.py:3954} INFO - Setting next_dagrun for tutorial_dag to None, run_after=None
[2026-05-24T16:25:25.139+0000] {processor.py:183} INFO - Processing /home/varn1t/ml-pipeline/venv/lib/python3.11/site-packages/airflow/example_dags/tutorial_dag.py took 0.057 seconds
[2026-05-24T16:26:08.185+0000] {processor.py:161} INFO - Started process (PID=21153) to work on /home/varn1t/ml-pipeline/venv/lib/python3.11/site-packages/airflow/example_dags/tutorial_dag.py
[2026-05-24T16:26:08.187+0000] {processor.py:830} INFO - Processing file /home/varn1t/ml-pipeline/venv/lib/python3.11/site-packages/airflow/example_dags/tutorial_dag.py for tasks to queue
[2026-05-24T16:26:08.188+0000] {logging_mixin.py:188} INFO - [2026-05-24T16:26:08.188+0000] {dagbag.py:545} INFO - Filling up the DagBag from /home/varn1t/ml-pipeline/venv/lib/python3.11/site-packages/airflow/example_dags/tutorial_dag.py
[2026-05-24T16:26:08.193+0000] {processor.py:840} INFO - DAG(s) 'tutorial_dag' retrieved from /home/varn1t/ml-pipeline/venv/lib/python3.11/site-packages/airflow/example_dags/tutorial_dag.py
[2026-05-24T16:26:08.204+0000] {logging_mixin.py:188} INFO - [2026-05-24T16:26:08.204+0000] {dag.py:3096} INFO - Sync 1 DAGs
[2026-05-24T16:26:08.212+0000] {logging_mixin.py:188} INFO - [2026-05-24T16:26:08.212+0000] {dag.py:3954} INFO - Setting next_dagrun for tutorial_dag to None, run_after=None
[2026-05-24T16:26:08.230+0000] {processor.py:183} INFO - Processing /home/varn1t/ml-pipeline/venv/lib/python3.11/site-packages/airflow/example_dags/tutorial_dag.py took 0.049 seconds
[2026-05-24T16:26:52.069+0000] {processor.py:161} INFO - Started process (PID=21395) to work on /home/varn1t/ml-pipeline/venv/lib/python3.11/site-packages/airflow/example_dags/tutorial_dag.py
[2026-05-24T16:26:52.070+0000] {processor.py:830} INFO - Processing file /home/varn1t/ml-pipeline/venv/lib/python3.11/site-packages/airflow/example_dags/tutorial_dag.py for tasks to queue
[2026-05-24T16:26:52.071+0000] {logging_mixin.py:188} INFO - [2026-05-24T16:26:52.071+0000] {dagbag.py:545} INFO - Filling up the DagBag from /home/varn1t/ml-pipeline/venv/lib/python3.11/site-packages/airflow/example_dags/tutorial_dag.py
[2026-05-24T16:26:52.076+0000] {processor.py:840} INFO - DAG(s) 'tutorial_dag' retrieved from /home/varn1t/ml-pipeline/venv/lib/python3.11/site-packages/airflow/example_dags/tutorial_dag.py
[2026-05-24T16:26:52.087+0000] {logging_mixin.py:188} INFO - [2026-05-24T16:26:52.087+0000] {dag.py:3096} INFO - Sync 1 DAGs
[2026-05-24T16:26:52.094+0000] {logging_mixin.py:188} INFO - [2026-05-24T16:26:52.094+0000] {dag.py:3954} INFO - Setting next_dagrun for tutorial_dag to None, run_after=None
[2026-05-24T16:26:52.107+0000] {processor.py:183} INFO - Processing /home/varn1t/ml-pipeline/venv/lib/python3.11/site-packages/airflow/example_dags/tutorial_dag.py took 0.042 seconds
[2026-05-24T16:27:34.519+0000] {processor.py:161} INFO - Started process (PID=21801) to work on /home/varn1t/ml-pipeline/venv/lib/python3.11/site-packages/airflow/example_dags/tutorial_dag.py
[2026-05-24T16:27:34.520+0000] {processor.py:830} INFO - Processing file /home/varn1t/ml-pipeline/venv/lib/python3.11/site-packages/airflow/example_dags/tutorial_dag.py for tasks to queue
[2026-05-24T16:27:34.521+0000] {logging_mixin.py:188} INFO - [2026-05-24T16:27:34.521+0000] {dagbag.py:545} INFO - Filling up the DagBag from /home/varn1t/ml-pipeline/venv/lib/python3.11/site-packages/airflow/example_dags/tutorial_dag.py
[2026-05-24T16:27:34.525+0000] {processor.py:840} INFO - DAG(s) 'tutorial_dag' retrieved from /home/varn1t/ml-pipeline/venv/lib/python3.11/site-packages/airflow/example_dags/tutorial_dag.py
[2026-05-24T16:27:34.534+0000] {logging_mixin.py:188} INFO - [2026-05-24T16:27:34.534+0000] {dag.py:3096} INFO - Sync 1 DAGs
[2026-05-24T16:27:34.540+0000] {logging_mixin.py:188} INFO - [2026-05-24T16:27:34.539+0000] {dag.py:3954} INFO - Setting next_dagrun for tutorial_dag to None, run_after=None
[2026-05-24T16:27:34.555+0000] {processor.py:183} INFO - Processing /home/varn1t/ml-pipeline/venv/lib/python3.11/site-packages/airflow/example_dags/tutorial_dag.py took 0.040 seconds
[2026-05-24T16:28:18.512+0000] {processor.py:161} INFO - Started process (PID=22230) to work on /home/varn1t/ml-pipeline/venv/lib/python3.11/site-packages/airflow/example_dags/tutorial_dag.py
[2026-05-24T16:28:18.513+0000] {processor.py:830} INFO - Processing file /home/varn1t/ml-pipeline/venv/lib/python3.11/site-packages/airflow/example_dags/tutorial_dag.py for tasks to queue
[2026-05-24T16:28:18.515+0000] {logging_mixin.py:188} INFO - [2026-05-24T16:28:18.514+0000] {dagbag.py:545} INFO - Filling up the DagBag from /home/varn1t/ml-pipeline/venv/lib/python3.11/site-packages/airflow/example_dags/tutorial_dag.py
[2026-05-24T16:28:18.519+0000] {processor.py:840} INFO - DAG(s) 'tutorial_dag' retrieved from /home/varn1t/ml-pipeline/venv/lib/python3.11/site-packages/airflow/example_dags/tutorial_dag.py
[2026-05-24T16:28:18.530+0000] {logging_mixin.py:188} INFO - [2026-05-24T16:28:18.530+0000] {dag.py:3096} INFO - Sync 1 DAGs
[2026-05-24T16:28:18.536+0000] {logging_mixin.py:188} INFO - [2026-05-24T16:28:18.536+0000] {dag.py:3954} INFO - Setting next_dagrun for tutorial_dag to None, run_after=None
[2026-05-24T16:28:18.552+0000] {processor.py:183} INFO - Processing /home/varn1t/ml-pipeline/venv/lib/python3.11/site-packages/airflow/example_dags/tutorial_dag.py took 0.045 seconds
[2026-05-24T16:29:00.446+0000] {processor.py:161} INFO - Started process (PID=22494) to work on /home/varn1t/ml-pipeline/venv/lib/python3.11/site-packages/airflow/example_dags/tutorial_dag.py
[2026-05-24T16:29:00.447+0000] {processor.py:830} INFO - Processing file /home/varn1t/ml-pipeline/venv/lib/python3.11/site-packages/airflow/example_dags/tutorial_dag.py for tasks to queue
[2026-05-24T16:29:00.448+0000] {logging_mixin.py:188} INFO - [2026-05-24T16:29:00.448+0000] {dagbag.py:545} INFO - Filling up the DagBag from /home/varn1t/ml-pipeline/venv/lib/python3.11/site-packages/airflow/example_dags/tutorial_dag.py
[2026-05-24T16:29:00.452+0000] {processor.py:840} INFO - DAG(s) 'tutorial_dag' retrieved from /home/varn1t/ml-pipeline/venv/lib/python3.11/site-packages/airflow/example_dags/tutorial_dag.py
[2026-05-24T16:29:00.462+0000] {logging_mixin.py:188} INFO - [2026-05-24T16:29:00.462+0000] {dag.py:3096} INFO - Sync 1 DAGs
[2026-05-24T16:29:00.469+0000] {logging_mixin.py:188} INFO - [2026-05-24T16:29:00.469+0000] {dag.py:3954} INFO - Setting next_dagrun for tutorial_dag to None, run_after=None
[2026-05-24T16:29:00.486+0000] {processor.py:183} INFO - Processing /home/varn1t/ml-pipeline/venv/lib/python3.11/site-packages/airflow/example_dags/tutorial_dag.py took 0.043 seconds
[2026-05-24T16:29:41.664+0000] {processor.py:161} INFO - Started process (PID=22673) to work on /home/varn1t/ml-pipeline/venv/lib/python3.11/site-packages/airflow/example_dags/tutorial_dag.py
[2026-05-24T16:29:41.665+0000] {processor.py:830} INFO - Processing file /home/varn1t/ml-pipeline/venv/lib/python3.11/site-packages/airflow/example_dags/tutorial_dag.py for tasks to queue
[2026-05-24T16:29:41.667+0000] {logging_mixin.py:188} INFO - [2026-05-24T16:29:41.667+0000] {dagbag.py:545} INFO - Filling up the DagBag from /home/varn1t/ml-pipeline/venv/lib/python3.11/site-packages/airflow/example_dags/tutorial_dag.py
[2026-05-24T16:29:41.672+0000] {processor.py:840} INFO - DAG(s) 'tutorial_dag' retrieved from /home/varn1t/ml-pipeline/venv/lib/python3.11/site-packages/airflow/example_dags/tutorial_dag.py
[2026-05-24T16:29:41.682+0000] {logging_mixin.py:188} INFO - [2026-05-24T16:29:41.682+0000] {dag.py:3096} INFO - Sync 1 DAGs
[2026-05-24T16:29:41.690+0000] {logging_mixin.py:188} INFO - [2026-05-24T16:29:41.690+0000] {dag.py:3954} INFO - Setting next_dagrun for tutorial_dag to None, run_after=None
[2026-05-24T16:29:41.711+0000] {processor.py:183} INFO - Processing /home/varn1t/ml-pipeline/venv/lib/python3.11/site-packages/airflow/example_dags/tutorial_dag.py took 0.052 seconds
[2026-05-24T16:30:26.126+0000] {processor.py:161} INFO - Started process (PID=22885) to work on /home/varn1t/ml-pipeline/venv/lib/python3.11/site-packages/airflow/example_dags/tutorial_dag.py
[2026-05-24T16:30:26.127+0000] {processor.py:830} INFO - Processing file /home/varn1t/ml-pipeline/venv/lib/python3.11/site-packages/airflow/example_dags/tutorial_dag.py for tasks to queue
[2026-05-24T16:30:26.129+0000] {logging_mixin.py:188} INFO - [2026-05-24T16:30:26.128+0000] {dagbag.py:545} INFO - Filling up the DagBag from /home/varn1t/ml-pipeline/venv/lib/python3.11/site-packages/airflow/example_dags/tutorial_dag.py
[2026-05-24T16:30:26.133+0000] {processor.py:840} INFO - DAG(s) 'tutorial_dag' retrieved from /home/varn1t/ml-pipeline/venv/lib/python3.11/site-packages/airflow/example_dags/tutorial_dag.py
[2026-05-24T16:30:26.145+0000] {logging_mixin.py:188} INFO - [2026-05-24T16:30:26.145+0000] {dag.py:3096} INFO - Sync 1 DAGs
[2026-05-24T16:30:26.153+0000] {logging_mixin.py:188} INFO - [2026-05-24T16:30:26.153+0000] {dag.py:3954} INFO - Setting next_dagrun for tutorial_dag to None, run_after=None
[2026-05-24T16:30:26.168+0000] {processor.py:183} INFO - Processing /home/varn1t/ml-pipeline/venv/lib/python3.11/site-packages/airflow/example_dags/tutorial_dag.py took 0.046 seconds
[2026-05-24T16:31:11.634+0000] {processor.py:161} INFO - Started process (PID=23094) to work on /home/varn1t/ml-pipeline/venv/lib/python3.11/site-packages/airflow/example_dags/tutorial_dag.py
[2026-05-24T16:31:11.636+0000] {processor.py:830} INFO - Processing file /home/varn1t/ml-pipeline/venv/lib/python3.11/site-packages/airflow/example_dags/tutorial_dag.py for tasks to queue
[2026-05-24T16:31:11.638+0000] {logging_mixin.py:188} INFO - [2026-05-24T16:31:11.638+0000] {dagbag.py:545} INFO - Filling up the DagBag from /home/varn1t/ml-pipeline/venv/lib/python3.11/site-packages/airflow/example_dags/tutorial_dag.py
[2026-05-24T16:31:11.647+0000] {processor.py:840} INFO - DAG(s) 'tutorial_dag' retrieved from /home/varn1t/ml-pipeline/venv/lib/python3.11/site-packages/airflow/example_dags/tutorial_dag.py
[2026-05-24T16:31:11.666+0000] {logging_mixin.py:188} INFO - [2026-05-24T16:31:11.666+0000] {dag.py:3096} INFO - Sync 1 DAGs
[2026-05-24T16:31:11.678+0000] {logging_mixin.py:188} INFO - [2026-05-24T16:31:11.678+0000] {dag.py:3954} INFO - Setting next_dagrun for tutorial_dag to None, run_after=None
[2026-05-24T16:31:11.700+0000] {processor.py:183} INFO - Processing /home/varn1t/ml-pipeline/venv/lib/python3.11/site-packages/airflow/example_dags/tutorial_dag.py took 0.075 seconds
[2026-05-24T16:31:52.470+0000] {processor.py:161} INFO - Started process (PID=23356) to work on /home/varn1t/ml-pipeline/venv/lib/python3.11/site-packages/airflow/example_dags/tutorial_dag.py
[2026-05-24T16:31:52.471+0000] {processor.py:830} INFO - Processing file /home/varn1t/ml-pipeline/venv/lib/python3.11/site-packages/airflow/example_dags/tutorial_dag.py for tasks to queue
[2026-05-24T16:31:52.472+0000] {logging_mixin.py:188} INFO - [2026-05-24T16:31:52.472+0000] {dagbag.py:545} INFO - Filling up the DagBag from /home/varn1t/ml-pipeline/venv/lib/python3.11/site-packages/airflow/example_dags/tutorial_dag.py
[2026-05-24T16:31:52.477+0000] {processor.py:840} INFO - DAG(s) 'tutorial_dag' retrieved from /home/varn1t/ml-pipeline/venv/lib/python3.11/site-packages/airflow/example_dags/tutorial_dag.py
[2026-05-24T16:31:52.490+0000] {logging_mixin.py:188} INFO - [2026-05-24T16:31:52.490+0000] {dag.py:3096} INFO - Sync 1 DAGs
[2026-05-24T16:31:52.497+0000] {logging_mixin.py:188} INFO - [2026-05-24T16:31:52.497+0000] {dag.py:3954} INFO - Setting next_dagrun for tutorial_dag to None, run_after=None
[2026-05-24T16:31:52.515+0000] {processor.py:183} INFO - Processing /home/varn1t/ml-pipeline/venv/lib/python3.11/site-packages/airflow/example_dags/tutorial_dag.py took 0.051 seconds
[2026-05-24T16:32:42.351+0000] {processor.py:161} INFO - Started process (PID=23754) to work on /home/varn1t/ml-pipeline/venv/lib/python3.11/site-packages/airflow/example_dags/tutorial_dag.py
[2026-05-24T16:32:42.354+0000] {processor.py:830} INFO - Processing file /home/varn1t/ml-pipeline/venv/lib/python3.11/site-packages/airflow/example_dags/tutorial_dag.py for tasks to queue
[2026-05-24T16:32:42.368+0000] {logging_mixin.py:188} INFO - [2026-05-24T16:32:42.366+0000] {dagbag.py:545} INFO - Filling up the DagBag from /home/varn1t/ml-pipeline/venv/lib/python3.11/site-packages/airflow/example_dags/tutorial_dag.py
[2026-05-24T16:32:42.386+0000] {processor.py:840} INFO - DAG(s) 'tutorial_dag' retrieved from /home/varn1t/ml-pipeline/venv/lib/python3.11/site-packages/airflow/example_dags/tutorial_dag.py
[2026-05-24T16:32:42.426+0000] {logging_mixin.py:188} INFO - [2026-05-24T16:32:42.426+0000] {dag.py:3096} INFO - Sync 1 DAGs
[2026-05-24T16:32:42.445+0000] {logging_mixin.py:188} INFO - [2026-05-24T16:32:42.445+0000] {dag.py:3954} INFO - Setting next_dagrun for tutorial_dag to None, run_after=None
[2026-05-24T16:32:42.473+0000] {processor.py:183} INFO - Processing /home/varn1t/ml-pipeline/venv/lib/python3.11/site-packages/airflow/example_dags/tutorial_dag.py took 0.148 seconds
[2026-05-24T16:33:29.252+0000] {processor.py:161} INFO - Started process (PID=24153) to work on /home/varn1t/ml-pipeline/venv/lib/python3.11/site-packages/airflow/example_dags/tutorial_dag.py
[2026-05-24T16:33:29.253+0000] {processor.py:830} INFO - Processing file /home/varn1t/ml-pipeline/venv/lib/python3.11/site-packages/airflow/example_dags/tutorial_dag.py for tasks to queue
[2026-05-24T16:33:29.254+0000] {logging_mixin.py:188} INFO - [2026-05-24T16:33:29.254+0000] {dagbag.py:545} INFO - Filling up the DagBag from /home/varn1t/ml-pipeline/venv/lib/python3.11/site-packages/airflow/example_dags/tutorial_dag.py
[2026-05-24T16:33:29.261+0000] {processor.py:840} INFO - DAG(s) 'tutorial_dag' retrieved from /home/varn1t/ml-pipeline/venv/lib/python3.11/site-packages/airflow/example_dags/tutorial_dag.py
[2026-05-24T16:33:29.273+0000] {logging_mixin.py:188} INFO - [2026-05-24T16:33:29.273+0000] {dag.py:3096} INFO - Sync 1 DAGs
[2026-05-24T16:33:29.280+0000] {logging_mixin.py:188} INFO - [2026-05-24T16:33:29.280+0000] {dag.py:3954} INFO - Setting next_dagrun for tutorial_dag to None, run_after=None
[2026-05-24T16:33:29.297+0000] {processor.py:183} INFO - Processing /home/varn1t/ml-pipeline/venv/lib/python3.11/site-packages/airflow/example_dags/tutorial_dag.py took 0.050 seconds
[2026-05-24T16:34:12.616+0000] {processor.py:161} INFO - Started process (PID=24382) to work on /home/varn1t/ml-pipeline/venv/lib/python3.11/site-packages/airflow/example_dags/tutorial_dag.py
[2026-05-24T16:34:12.617+0000] {processor.py:830} INFO - Processing file /home/varn1t/ml-pipeline/venv/lib/python3.11/site-packages/airflow/example_dags/tutorial_dag.py for tasks to queue
[2026-05-24T16:34:12.618+0000] {logging_mixin.py:188} INFO - [2026-05-24T16:34:12.618+0000] {dagbag.py:545} INFO - Filling up the DagBag from /home/varn1t/ml-pipeline/venv/lib/python3.11/site-packages/airflow/example_dags/tutorial_dag.py
[2026-05-24T16:34:12.622+0000] {processor.py:840} INFO - DAG(s) 'tutorial_dag' retrieved from /home/varn1t/ml-pipeline/venv/lib/python3.11/site-packages/airflow/example_dags/tutorial_dag.py
[2026-05-24T16:34:12.632+0000] {logging_mixin.py:188} INFO - [2026-05-24T16:34:12.632+0000] {dag.py:3096} INFO - Sync 1 DAGs
[2026-05-24T16:34:12.639+0000] {logging_mixin.py:188} INFO - [2026-05-24T16:34:12.639+0000] {dag.py:3954} INFO - Setting next_dagrun for tutorial_dag to None, run_after=None
[2026-05-24T16:34:12.654+0000] {processor.py:183} INFO - Processing /home/varn1t/ml-pipeline/venv/lib/python3.11/site-packages/airflow/example_dags/tutorial_dag.py took 0.042 seconds
[2026-05-24T16:34:50.716+0000] {processor.py:161} INFO - Started process (PID=24561) to work on /home/varn1t/ml-pipeline/venv/lib/python3.11/site-packages/airflow/example_dags/tutorial_dag.py
[2026-05-24T16:34:50.717+0000] {processor.py:830} INFO - Processing file /home/varn1t/ml-pipeline/venv/lib/python3.11/site-packages/airflow/example_dags/tutorial_dag.py for tasks to queue
[2026-05-24T16:34:50.718+0000] {logging_mixin.py:188} INFO - [2026-05-24T16:34:50.717+0000] {dagbag.py:545} INFO - Filling up the DagBag from /home/varn1t/ml-pipeline/venv/lib/python3.11/site-packages/airflow/example_dags/tutorial_dag.py
[2026-05-24T16:34:50.722+0000] {processor.py:840} INFO - DAG(s) 'tutorial_dag' retrieved from /home/varn1t/ml-pipeline/venv/lib/python3.11/site-packages/airflow/example_dags/tutorial_dag.py
[2026-05-24T16:34:50.735+0000] {logging_mixin.py:188} INFO - [2026-05-24T16:34:50.735+0000] {dag.py:3096} INFO - Sync 1 DAGs
[2026-05-24T16:34:50.744+0000] {logging_mixin.py:188} INFO - [2026-05-24T16:34:50.744+0000] {dag.py:3954} INFO - Setting next_dagrun for tutorial_dag to None, run_after=None
[2026-05-24T16:34:50.760+0000] {processor.py:183} INFO - Processing /home/varn1t/ml-pipeline/venv/lib/python3.11/site-packages/airflow/example_dags/tutorial_dag.py took 0.048 seconds
[2026-05-24T16:35:32.386+0000] {processor.py:161} INFO - Started process (PID=24745) to work on /home/varn1t/ml-pipeline/venv/lib/python3.11/site-packages/airflow/example_dags/tutorial_dag.py
[2026-05-24T16:35:32.387+0000] {processor.py:830} INFO - Processing file /home/varn1t/ml-pipeline/venv/lib/python3.11/site-packages/airflow/example_dags/tutorial_dag.py for tasks to queue
[2026-05-24T16:35:32.389+0000] {logging_mixin.py:188} INFO - [2026-05-24T16:35:32.389+0000] {dagbag.py:545} INFO - Filling up the DagBag from /home/varn1t/ml-pipeline/venv/lib/python3.11/site-packages/airflow/example_dags/tutorial_dag.py
[2026-05-24T16:35:32.395+0000] {processor.py:840} INFO - DAG(s) 'tutorial_dag' retrieved from /home/varn1t/ml-pipeline/venv/lib/python3.11/site-packages/airflow/example_dags/tutorial_dag.py
[2026-05-24T16:35:32.405+0000] {logging_mixin.py:188} INFO - [2026-05-24T16:35:32.404+0000] {dag.py:3096} INFO - Sync 1 DAGs
[2026-05-24T16:35:32.411+0000] {logging_mixin.py:188} INFO - [2026-05-24T16:35:32.411+0000] {dag.py:3954} INFO - Setting next_dagrun for tutorial_dag to None, run_after=None
[2026-05-24T16:35:32.430+0000] {processor.py:183} INFO - Processing /home/varn1t/ml-pipeline/venv/lib/python3.11/site-packages/airflow/example_dags/tutorial_dag.py took 0.048 seconds
[2026-05-24T16:36:18.185+0000] {processor.py:161} INFO - Started process (PID=24943) to work on /home/varn1t/ml-pipeline/venv/lib/python3.11/site-packages/airflow/example_dags/tutorial_dag.py
[2026-05-24T16:36:18.186+0000] {processor.py:830} INFO - Processing file /home/varn1t/ml-pipeline/venv/lib/python3.11/site-packages/airflow/example_dags/tutorial_dag.py for tasks to queue
[2026-05-24T16:36:18.188+0000] {logging_mixin.py:188} INFO - [2026-05-24T16:36:18.188+0000] {dagbag.py:545} INFO - Filling up the DagBag from /home/varn1t/ml-pipeline/venv/lib/python3.11/site-packages/airflow/example_dags/tutorial_dag.py
[2026-05-24T16:36:18.193+0000] {processor.py:840} INFO - DAG(s) 'tutorial_dag' retrieved from /home/varn1t/ml-pipeline/venv/lib/python3.11/site-packages/airflow/example_dags/tutorial_dag.py
[2026-05-24T16:36:18.203+0000] {logging_mixin.py:188} INFO - [2026-05-24T16:36:18.203+0000] {dag.py:3096} INFO - Sync 1 DAGs
[2026-05-24T16:36:18.209+0000] {logging_mixin.py:188} INFO - [2026-05-24T16:36:18.209+0000] {dag.py:3954} INFO - Setting next_dagrun for tutorial_dag to None, run_after=None
[2026-05-24T16:36:18.223+0000] {processor.py:183} INFO - Processing /home/varn1t/ml-pipeline/venv/lib/python3.11/site-packages/airflow/example_dags/tutorial_dag.py took 0.044 seconds
[2026-05-24T16:37:00.702+0000] {processor.py:161} INFO - Started process (PID=25162) to work on /home/varn1t/ml-pipeline/venv/lib/python3.11/site-packages/airflow/example_dags/tutorial_dag.py
[2026-05-24T16:37:00.703+0000] {processor.py:830} INFO - Processing file /home/varn1t/ml-pipeline/venv/lib/python3.11/site-packages/airflow/example_dags/tutorial_dag.py for tasks to queue
[2026-05-24T16:37:00.704+0000] {logging_mixin.py:188} INFO - [2026-05-24T16:37:00.704+0000] {dagbag.py:545} INFO - Filling up the DagBag from /home/varn1t/ml-pipeline/venv/lib/python3.11/site-packages/airflow/example_dags/tutorial_dag.py
[2026-05-24T16:37:00.708+0000] {processor.py:840} INFO - DAG(s) 'tutorial_dag' retrieved from /home/varn1t/ml-pipeline/venv/lib/python3.11/site-packages/airflow/example_dags/tutorial_dag.py
[2026-05-24T16:37:00.719+0000] {logging_mixin.py:188} INFO - [2026-05-24T16:37:00.719+0000] {dag.py:3096} INFO - Sync 1 DAGs
[2026-05-24T16:37:00.728+0000] {logging_mixin.py:188} INFO - [2026-05-24T16:37:00.728+0000] {dag.py:3954} INFO - Setting next_dagrun for tutorial_dag to None, run_after=None
[2026-05-24T16:37:00.748+0000] {processor.py:183} INFO - Processing /home/varn1t/ml-pipeline/venv/lib/python3.11/site-packages/airflow/example_dags/tutorial_dag.py took 0.051 seconds
[2026-05-24T16:37:44.021+0000] {processor.py:161} INFO - Started process (PID=25352) to work on /home/varn1t/ml-pipeline/venv/lib/python3.11/site-packages/airflow/example_dags/tutorial_dag.py
[2026-05-24T16:37:44.022+0000] {processor.py:830} INFO - Processing file /home/varn1t/ml-pipeline/venv/lib/python3.11/site-packages/airflow/example_dags/tutorial_dag.py for tasks to queue
[2026-05-24T16:37:44.024+0000] {logging_mixin.py:188} INFO - [2026-05-24T16:37:44.023+0000] {dagbag.py:545} INFO - Filling up the DagBag from /home/varn1t/ml-pipeline/venv/lib/python3.11/site-packages/airflow/example_dags/tutorial_dag.py
[2026-05-24T16:37:44.028+0000] {processor.py:840} INFO - DAG(s) 'tutorial_dag' retrieved from /home/varn1t/ml-pipeline/venv/lib/python3.11/site-packages/airflow/example_dags/tutorial_dag.py
[2026-05-24T16:37:44.038+0000] {logging_mixin.py:188} INFO - [2026-05-24T16:37:44.038+0000] {dag.py:3096} INFO - Sync 1 DAGs
[2026-05-24T16:37:44.045+0000] {logging_mixin.py:188} INFO - [2026-05-24T16:37:44.045+0000] {dag.py:3954} INFO - Setting next_dagrun for tutorial_dag to None, run_after=None
[2026-05-24T16:37:44.068+0000] {processor.py:183} INFO - Processing /home/varn1t/ml-pipeline/venv/lib/python3.11/site-packages/airflow/example_dags/tutorial_dag.py took 0.052 seconds
[2026-05-24T16:38:28.605+0000] {processor.py:161} INFO - Started process (PID=25551) to work on /home/varn1t/ml-pipeline/venv/lib/python3.11/site-packages/airflow/example_dags/tutorial_dag.py
[2026-05-24T16:38:28.606+0000] {processor.py:830} INFO - Processing file /home/varn1t/ml-pipeline/venv/lib/python3.11/site-packages/airflow/example_dags/tutorial_dag.py for tasks to queue
[2026-05-24T16:38:28.608+0000] {logging_mixin.py:188} INFO - [2026-05-24T16:38:28.607+0000] {dagbag.py:545} INFO - Filling up the DagBag from /home/varn1t/ml-pipeline/venv/lib/python3.11/site-packages/airflow/example_dags/tutorial_dag.py
[2026-05-24T16:38:28.612+0000] {processor.py:840} INFO - DAG(s) 'tutorial_dag' retrieved from /home/varn1t/ml-pipeline/venv/lib/python3.11/site-packages/airflow/example_dags/tutorial_dag.py
[2026-05-24T16:38:28.627+0000] {logging_mixin.py:188} INFO - [2026-05-24T16:38:28.627+0000] {dag.py:3096} INFO - Sync 1 DAGs
[2026-05-24T16:38:28.636+0000] {logging_mixin.py:188} INFO - [2026-05-24T16:38:28.636+0000] {dag.py:3954} INFO - Setting next_dagrun for tutorial_dag to None, run_after=None
[2026-05-24T16:38:28.651+0000] {processor.py:183} INFO - Processing /home/varn1t/ml-pipeline/venv/lib/python3.11/site-packages/airflow/example_dags/tutorial_dag.py took 0.049 seconds
[2026-05-24T16:39:11.294+0000] {processor.py:161} INFO - Started process (PID=25736) to work on /home/varn1t/ml-pipeline/venv/lib/python3.11/site-packages/airflow/example_dags/tutorial_dag.py
[2026-05-24T16:39:11.295+0000] {processor.py:830} INFO - Processing file /home/varn1t/ml-pipeline/venv/lib/python3.11/site-packages/airflow/example_dags/tutorial_dag.py for tasks to queue
[2026-05-24T16:39:11.296+0000] {logging_mixin.py:188} INFO - [2026-05-24T16:39:11.296+0000] {dagbag.py:545} INFO - Filling up the DagBag from /home/varn1t/ml-pipeline/venv/lib/python3.11/site-packages/airflow/example_dags/tutorial_dag.py
[2026-05-24T16:39:11.300+0000] {processor.py:840} INFO - DAG(s) 'tutorial_dag' retrieved from /home/varn1t/ml-pipeline/venv/lib/python3.11/site-packages/airflow/example_dags/tutorial_dag.py
[2026-05-24T16:39:11.310+0000] {logging_mixin.py:188} INFO - [2026-05-24T16:39:11.310+0000] {dag.py:3096} INFO - Sync 1 DAGs
[2026-05-24T16:39:11.317+0000] {logging_mixin.py:188} INFO - [2026-05-24T16:39:11.317+0000] {dag.py:3954} INFO - Setting next_dagrun for tutorial_dag to None, run_after=None
[2026-05-24T16:39:11.331+0000] {processor.py:183} INFO - Processing /home/varn1t/ml-pipeline/venv/lib/python3.11/site-packages/airflow/example_dags/tutorial_dag.py took 0.042 seconds
[2026-05-24T16:39:54.341+0000] {processor.py:161} INFO - Started process (PID=25957) to work on /home/varn1t/ml-pipeline/venv/lib/python3.11/site-packages/airflow/example_dags/tutorial_dag.py
[2026-05-24T16:39:54.342+0000] {processor.py:830} INFO - Processing file /home/varn1t/ml-pipeline/venv/lib/python3.11/site-packages/airflow/example_dags/tutorial_dag.py for tasks to queue
[2026-05-24T16:39:54.343+0000] {logging_mixin.py:188} INFO - [2026-05-24T16:39:54.343+0000] {dagbag.py:545} INFO - Filling up the DagBag from /home/varn1t/ml-pipeline/venv/lib/python3.11/site-packages/airflow/example_dags/tutorial_dag.py
[2026-05-24T16:39:54.347+0000] {processor.py:840} INFO - DAG(s) 'tutorial_dag' retrieved from /home/varn1t/ml-pipeline/venv/lib/python3.11/site-packages/airflow/example_dags/tutorial_dag.py
[2026-05-24T16:39:54.359+0000] {logging_mixin.py:188} INFO - [2026-05-24T16:39:54.359+0000] {dag.py:3096} INFO - Sync 1 DAGs
[2026-05-24T16:39:54.365+0000] {logging_mixin.py:188} INFO - [2026-05-24T16:39:54.365+0000] {dag.py:3954} INFO - Setting next_dagrun for tutorial_dag to None, run_after=None
[2026-05-24T16:39:54.378+0000] {processor.py:183} INFO - Processing /home/varn1t/ml-pipeline/venv/lib/python3.11/site-packages/airflow/example_dags/tutorial_dag.py took 0.041 seconds
[2026-05-24T16:40:37.016+0000] {processor.py:161} INFO - Started process (PID=26148) to work on /home/varn1t/ml-pipeline/venv/lib/python3.11/site-packages/airflow/example_dags/tutorial_dag.py
[2026-05-24T16:40:37.017+0000] {processor.py:830} INFO - Processing file /home/varn1t/ml-pipeline/venv/lib/python3.11/site-packages/airflow/example_dags/tutorial_dag.py for tasks to queue
[2026-05-24T16:40:37.018+0000] {logging_mixin.py:188} INFO - [2026-05-24T16:40:37.018+0000] {dagbag.py:545} INFO - Filling up the DagBag from /home/varn1t/ml-pipeline/venv/lib/python3.11/site-packages/airflow/example_dags/tutorial_dag.py
[2026-05-24T16:40:37.023+0000] {processor.py:840} INFO - DAG(s) 'tutorial_dag' retrieved from /home/varn1t/ml-pipeline/venv/lib/python3.11/site-packages/airflow/example_dags/tutorial_dag.py
[2026-05-24T16:40:37.034+0000] {logging_mixin.py:188} INFO - [2026-05-24T16:40:37.034+0000] {dag.py:3096} INFO - Sync 1 DAGs
[2026-05-24T16:40:37.040+0000] {logging_mixin.py:188} INFO - [2026-05-24T16:40:37.040+0000] {dag.py:3954} INFO - Setting next_dagrun for tutorial_dag to None, run_after=None
[2026-05-24T16:40:37.055+0000] {processor.py:183} INFO - Processing /home/varn1t/ml-pipeline/venv/lib/python3.11/site-packages/airflow/example_dags/tutorial_dag.py took 0.044 seconds
[2026-05-24T16:41:19.211+0000] {processor.py:161} INFO - Started process (PID=26339) to work on /home/varn1t/ml-pipeline/venv/lib/python3.11/site-packages/airflow/example_dags/tutorial_dag.py
[2026-05-24T16:41:19.212+0000] {processor.py:830} INFO - Processing file /home/varn1t/ml-pipeline/venv/lib/python3.11/site-packages/airflow/example_dags/tutorial_dag.py for tasks to queue
[2026-05-24T16:41:19.213+0000] {logging_mixin.py:188} INFO - [2026-05-24T16:41:19.213+0000] {dagbag.py:545} INFO - Filling up the DagBag from /home/varn1t/ml-pipeline/venv/lib/python3.11/site-packages/airflow/example_dags/tutorial_dag.py
[2026-05-24T16:41:19.217+0000] {processor.py:840} INFO - DAG(s) 'tutorial_dag' retrieved from /home/varn1t/ml-pipeline/venv/lib/python3.11/site-packages/airflow/example_dags/tutorial_dag.py
[2026-05-24T16:41:19.226+0000] {logging_mixin.py:188} INFO - [2026-05-24T16:41:19.226+0000] {dag.py:3096} INFO - Sync 1 DAGs
[2026-05-24T16:41:19.232+0000] {logging_mixin.py:188} INFO - [2026-05-24T16:41:19.232+0000] {dag.py:3954} INFO - Setting next_dagrun for tutorial_dag to None, run_after=None
[2026-05-24T16:41:19.247+0000] {processor.py:183} INFO - Processing /home/varn1t/ml-pipeline/venv/lib/python3.11/site-packages/airflow/example_dags/tutorial_dag.py took 0.041 seconds
[2026-05-24T16:41:54.473+0000] {processor.py:161} INFO - Started process (PID=26526) to work on /home/varn1t/ml-pipeline/venv/lib/python3.11/site-packages/airflow/example_dags/tutorial_dag.py
[2026-05-24T16:41:54.474+0000] {processor.py:830} INFO - Processing file /home/varn1t/ml-pipeline/venv/lib/python3.11/site-packages/airflow/example_dags/tutorial_dag.py for tasks to queue
[2026-05-24T16:41:54.475+0000] {logging_mixin.py:188} INFO - [2026-05-24T16:41:54.475+0000] {dagbag.py:545} INFO - Filling up the DagBag from /home/varn1t/ml-pipeline/venv/lib/python3.11/site-packages/airflow/example_dags/tutorial_dag.py
[2026-05-24T16:41:54.479+0000] {processor.py:840} INFO - DAG(s) 'tutorial_dag' retrieved from /home/varn1t/ml-pipeline/venv/lib/python3.11/site-packages/airflow/example_dags/tutorial_dag.py
[2026-05-24T16:41:54.489+0000] {logging_mixin.py:188} INFO - [2026-05-24T16:41:54.489+0000] {dag.py:3096} INFO - Sync 1 DAGs
[2026-05-24T16:41:54.498+0000] {logging_mixin.py:188} INFO - [2026-05-24T16:41:54.498+0000] {dag.py:3954} INFO - Setting next_dagrun for tutorial_dag to None, run_after=None
[2026-05-24T16:41:54.514+0000] {processor.py:183} INFO - Processing /home/varn1t/ml-pipeline/venv/lib/python3.11/site-packages/airflow/example_dags/tutorial_dag.py took 0.045 seconds
[2026-05-24T16:42:38.363+0000] {processor.py:161} INFO - Started process (PID=26715) to work on /home/varn1t/ml-pipeline/venv/lib/python3.11/site-packages/airflow/example_dags/tutorial_dag.py
[2026-05-24T16:42:38.363+0000] {processor.py:830} INFO - Processing file /home/varn1t/ml-pipeline/venv/lib/python3.11/site-packages/airflow/example_dags/tutorial_dag.py for tasks to queue
[2026-05-24T16:42:38.365+0000] {logging_mixin.py:188} INFO - [2026-05-24T16:42:38.365+0000] {dagbag.py:545} INFO - Filling up the DagBag from /home/varn1t/ml-pipeline/venv/lib/python3.11/site-packages/airflow/example_dags/tutorial_dag.py
[2026-05-24T16:42:38.369+0000] {processor.py:840} INFO - DAG(s) 'tutorial_dag' retrieved from /home/varn1t/ml-pipeline/venv/lib/python3.11/site-packages/airflow/example_dags/tutorial_dag.py
[2026-05-24T16:42:38.380+0000] {logging_mixin.py:188} INFO - [2026-05-24T16:42:38.380+0000] {dag.py:3096} INFO - Sync 1 DAGs
[2026-05-24T16:42:38.388+0000] {logging_mixin.py:188} INFO - [2026-05-24T16:42:38.388+0000] {dag.py:3954} INFO - Setting next_dagrun for tutorial_dag to None, run_after=None
[2026-05-24T16:42:38.404+0000] {processor.py:183} INFO - Processing /home/varn1t/ml-pipeline/venv/lib/python3.11/site-packages/airflow/example_dags/tutorial_dag.py took 0.046 seconds
[2026-05-24T16:43:22.555+0000] {processor.py:161} INFO - Started process (PID=26915) to work on /home/varn1t/ml-pipeline/venv/lib/python3.11/site-packages/airflow/example_dags/tutorial_dag.py
[2026-05-24T16:43:22.555+0000] {processor.py:830} INFO - Processing file /home/varn1t/ml-pipeline/venv/lib/python3.11/site-packages/airflow/example_dags/tutorial_dag.py for tasks to queue
[2026-05-24T16:43:22.557+0000] {logging_mixin.py:188} INFO - [2026-05-24T16:43:22.556+0000] {dagbag.py:545} INFO - Filling up the DagBag from /home/varn1t/ml-pipeline/venv/lib/python3.11/site-packages/airflow/example_dags/tutorial_dag.py
[2026-05-24T16:43:22.561+0000] {processor.py:840} INFO - DAG(s) 'tutorial_dag' retrieved from /home/varn1t/ml-pipeline/venv/lib/python3.11/site-packages/airflow/example_dags/tutorial_dag.py
[2026-05-24T16:43:22.571+0000] {logging_mixin.py:188} INFO - [2026-05-24T16:43:22.571+0000] {dag.py:3096} INFO - Sync 1 DAGs
[2026-05-24T16:43:22.578+0000] {logging_mixin.py:188} INFO - [2026-05-24T16:43:22.577+0000] {dag.py:3954} INFO - Setting next_dagrun for tutorial_dag to None, run_after=None
[2026-05-24T16:43:22.594+0000] {processor.py:183} INFO - Processing /home/varn1t/ml-pipeline/venv/lib/python3.11/site-packages/airflow/example_dags/tutorial_dag.py took 0.044 seconds
[2026-05-24T16:44:07.206+0000] {processor.py:161} INFO - Started process (PID=27105) to work on /home/varn1t/ml-pipeline/venv/lib/python3.11/site-packages/airflow/example_dags/tutorial_dag.py
[2026-05-24T16:44:07.208+0000] {processor.py:830} INFO - Processing file /home/varn1t/ml-pipeline/venv/lib/python3.11/site-packages/airflow/example_dags/tutorial_dag.py for tasks to queue
[2026-05-24T16:44:07.210+0000] {logging_mixin.py:188} INFO - [2026-05-24T16:44:07.209+0000] {dagbag.py:545} INFO - Filling up the DagBag from /home/varn1t/ml-pipeline/venv/lib/python3.11/site-packages/airflow/example_dags/tutorial_dag.py
[2026-05-24T16:44:07.216+0000] {processor.py:840} INFO - DAG(s) 'tutorial_dag' retrieved from /home/varn1t/ml-pipeline/venv/lib/python3.11/site-packages/airflow/example_dags/tutorial_dag.py
[2026-05-24T16:44:07.227+0000] {logging_mixin.py:188} INFO - [2026-05-24T16:44:07.226+0000] {dag.py:3096} INFO - Sync 1 DAGs
[2026-05-24T16:44:07.234+0000] {logging_mixin.py:188} INFO - [2026-05-24T16:44:07.234+0000] {dag.py:3954} INFO - Setting next_dagrun for tutorial_dag to None, run_after=None
[2026-05-24T16:44:07.250+0000] {processor.py:183} INFO - Processing /home/varn1t/ml-pipeline/venv/lib/python3.11/site-packages/airflow/example_dags/tutorial_dag.py took 0.049 seconds
[2026-05-24T16:44:52.488+0000] {processor.py:161} INFO - Started process (PID=27314) to work on /home/varn1t/ml-pipeline/venv/lib/python3.11/site-packages/airflow/example_dags/tutorial_dag.py
[2026-05-24T16:44:52.489+0000] {processor.py:830} INFO - Processing file /home/varn1t/ml-pipeline/venv/lib/python3.11/site-packages/airflow/example_dags/tutorial_dag.py for tasks to queue
[2026-05-24T16:44:52.490+0000] {logging_mixin.py:188} INFO - [2026-05-24T16:44:52.490+0000] {dagbag.py:545} INFO - Filling up the DagBag from /home/varn1t/ml-pipeline/venv/lib/python3.11/site-packages/airflow/example_dags/tutorial_dag.py
[2026-05-24T16:44:52.494+0000] {processor.py:840} INFO - DAG(s) 'tutorial_dag' retrieved from /home/varn1t/ml-pipeline/venv/lib/python3.11/site-packages/airflow/example_dags/tutorial_dag.py
[2026-05-24T16:44:52.503+0000] {logging_mixin.py:188} INFO - [2026-05-24T16:44:52.503+0000] {dag.py:3096} INFO - Sync 1 DAGs
[2026-05-24T16:44:52.509+0000] {logging_mixin.py:188} INFO - [2026-05-24T16:44:52.509+0000] {dag.py:3954} INFO - Setting next_dagrun for tutorial_dag to None, run_after=None
[2026-05-24T16:44:52.522+0000] {processor.py:183} INFO - Processing /home/varn1t/ml-pipeline/venv/lib/python3.11/site-packages/airflow/example_dags/tutorial_dag.py took 0.039 seconds
[2026-05-24T16:45:36.391+0000] {processor.py:161} INFO - Started process (PID=27509) to work on /home/varn1t/ml-pipeline/venv/lib/python3.11/site-packages/airflow/example_dags/tutorial_dag.py
[2026-05-24T16:45:36.393+0000] {processor.py:830} INFO - Processing file /home/varn1t/ml-pipeline/venv/lib/python3.11/site-packages/airflow/example_dags/tutorial_dag.py for tasks to queue
[2026-05-24T16:45:36.394+0000] {logging_mixin.py:188} INFO - [2026-05-24T16:45:36.394+0000] {dagbag.py:545} INFO - Filling up the DagBag from /home/varn1t/ml-pipeline/venv/lib/python3.11/site-packages/airflow/example_dags/tutorial_dag.py
[2026-05-24T16:45:36.399+0000] {processor.py:840} INFO - DAG(s) 'tutorial_dag' retrieved from /home/varn1t/ml-pipeline/venv/lib/python3.11/site-packages/airflow/example_dags/tutorial_dag.py
[2026-05-24T16:45:36.412+0000] {logging_mixin.py:188} INFO - [2026-05-24T16:45:36.412+0000] {dag.py:3096} INFO - Sync 1 DAGs
[2026-05-24T16:45:36.418+0000] {logging_mixin.py:188} INFO - [2026-05-24T16:45:36.418+0000] {dag.py:3954} INFO - Setting next_dagrun for tutorial_dag to None, run_after=None
[2026-05-24T16:45:36.435+0000] {processor.py:183} INFO - Processing /home/varn1t/ml-pipeline/venv/lib/python3.11/site-packages/airflow/example_dags/tutorial_dag.py took 0.048 seconds
[2026-05-24T17:08:52.174+0000] {processor.py:161} INFO - Started process (PID=27764) to work on /home/varn1t/ml-pipeline/venv/lib/python3.11/site-packages/airflow/example_dags/tutorial_dag.py
[2026-05-24T17:08:52.175+0000] {processor.py:830} INFO - Processing file /home/varn1t/ml-pipeline/venv/lib/python3.11/site-packages/airflow/example_dags/tutorial_dag.py for tasks to queue
[2026-05-24T17:08:52.177+0000] {logging_mixin.py:188} INFO - [2026-05-24T17:08:52.177+0000] {dagbag.py:545} INFO - Filling up the DagBag from /home/varn1t/ml-pipeline/venv/lib/python3.11/site-packages/airflow/example_dags/tutorial_dag.py
[2026-05-24T17:08:52.182+0000] {processor.py:840} INFO - DAG(s) 'tutorial_dag' retrieved from /home/varn1t/ml-pipeline/venv/lib/python3.11/site-packages/airflow/example_dags/tutorial_dag.py
[2026-05-24T17:08:52.197+0000] {logging_mixin.py:188} INFO - [2026-05-24T17:08:52.196+0000] {dag.py:3096} INFO - Sync 1 DAGs
[2026-05-24T17:08:52.208+0000] {logging_mixin.py:188} INFO - [2026-05-24T17:08:52.207+0000] {dag.py:3954} INFO - Setting next_dagrun for tutorial_dag to None, run_after=None
[2026-05-24T17:08:52.229+0000] {processor.py:183} INFO - Processing /home/varn1t/ml-pipeline/venv/lib/python3.11/site-packages/airflow/example_dags/tutorial_dag.py took 0.060 seconds
[2026-05-24T17:09:25.814+0000] {processor.py:161} INFO - Started process (PID=27957) to work on /home/varn1t/ml-pipeline/venv/lib/python3.11/site-packages/airflow/example_dags/tutorial_dag.py
[2026-05-24T17:09:25.815+0000] {processor.py:830} INFO - Processing file /home/varn1t/ml-pipeline/venv/lib/python3.11/site-packages/airflow/example_dags/tutorial_dag.py for tasks to queue
[2026-05-24T17:09:25.816+0000] {logging_mixin.py:188} INFO - [2026-05-24T17:09:25.816+0000] {dagbag.py:545} INFO - Filling up the DagBag from /home/varn1t/ml-pipeline/venv/lib/python3.11/site-packages/airflow/example_dags/tutorial_dag.py
[2026-05-24T17:09:25.821+0000] {processor.py:840} INFO - DAG(s) 'tutorial_dag' retrieved from /home/varn1t/ml-pipeline/venv/lib/python3.11/site-packages/airflow/example_dags/tutorial_dag.py
[2026-05-24T17:09:25.833+0000] {logging_mixin.py:188} INFO - [2026-05-24T17:09:25.833+0000] {dag.py:3096} INFO - Sync 1 DAGs
[2026-05-24T17:09:25.842+0000] {logging_mixin.py:188} INFO - [2026-05-24T17:09:25.842+0000] {dag.py:3954} INFO - Setting next_dagrun for tutorial_dag to None, run_after=None
[2026-05-24T17:09:25.860+0000] {processor.py:183} INFO - Processing /home/varn1t/ml-pipeline/venv/lib/python3.11/site-packages/airflow/example_dags/tutorial_dag.py took 0.052 seconds
[2026-05-24T17:10:07.889+0000] {processor.py:161} INFO - Started process (PID=28139) to work on /home/varn1t/ml-pipeline/venv/lib/python3.11/site-packages/airflow/example_dags/tutorial_dag.py
[2026-05-24T17:10:07.890+0000] {processor.py:830} INFO - Processing file /home/varn1t/ml-pipeline/venv/lib/python3.11/site-packages/airflow/example_dags/tutorial_dag.py for tasks to queue
[2026-05-24T17:10:07.891+0000] {logging_mixin.py:188} INFO - [2026-05-24T17:10:07.891+0000] {dagbag.py:545} INFO - Filling up the DagBag from /home/varn1t/ml-pipeline/venv/lib/python3.11/site-packages/airflow/example_dags/tutorial_dag.py
[2026-05-24T17:10:07.896+0000] {processor.py:840} INFO - DAG(s) 'tutorial_dag' retrieved from /home/varn1t/ml-pipeline/venv/lib/python3.11/site-packages/airflow/example_dags/tutorial_dag.py
[2026-05-24T17:10:07.906+0000] {logging_mixin.py:188} INFO - [2026-05-24T17:10:07.905+0000] {dag.py:3096} INFO - Sync 1 DAGs
[2026-05-24T17:10:07.915+0000] {logging_mixin.py:188} INFO - [2026-05-24T17:10:07.915+0000] {dag.py:3954} INFO - Setting next_dagrun for tutorial_dag to None, run_after=None
[2026-05-24T17:10:07.930+0000] {processor.py:183} INFO - Processing /home/varn1t/ml-pipeline/venv/lib/python3.11/site-packages/airflow/example_dags/tutorial_dag.py took 0.045 seconds
[2026-05-24T17:10:48.337+0000] {processor.py:161} INFO - Started process (PID=28319) to work on /home/varn1t/ml-pipeline/venv/lib/python3.11/site-packages/airflow/example_dags/tutorial_dag.py
[2026-05-24T17:10:48.338+0000] {processor.py:830} INFO - Processing file /home/varn1t/ml-pipeline/venv/lib/python3.11/site-packages/airflow/example_dags/tutorial_dag.py for tasks to queue
[2026-05-24T17:10:48.339+0000] {logging_mixin.py:188} INFO - [2026-05-24T17:10:48.339+0000] {dagbag.py:545} INFO - Filling up the DagBag from /home/varn1t/ml-pipeline/venv/lib/python3.11/site-packages/airflow/example_dags/tutorial_dag.py
[2026-05-24T17:10:48.344+0000] {processor.py:840} INFO - DAG(s) 'tutorial_dag' retrieved from /home/varn1t/ml-pipeline/venv/lib/python3.11/site-packages/airflow/example_dags/tutorial_dag.py
[2026-05-24T17:10:48.362+0000] {logging_mixin.py:188} INFO - [2026-05-24T17:10:48.362+0000] {dag.py:3096} INFO - Sync 1 DAGs
[2026-05-24T17:10:48.379+0000] {logging_mixin.py:188} INFO - [2026-05-24T17:10:48.378+0000] {dag.py:3954} INFO - Setting next_dagrun for tutorial_dag to None, run_after=None
[2026-05-24T17:10:48.401+0000] {processor.py:183} INFO - Processing /home/varn1t/ml-pipeline/venv/lib/python3.11/site-packages/airflow/example_dags/tutorial_dag.py took 0.069 seconds
[2026-05-24T17:11:33.508+0000] {processor.py:161} INFO - Started process (PID=28517) to work on /home/varn1t/ml-pipeline/venv/lib/python3.11/site-packages/airflow/example_dags/tutorial_dag.py
[2026-05-24T17:11:33.509+0000] {processor.py:830} INFO - Processing file /home/varn1t/ml-pipeline/venv/lib/python3.11/site-packages/airflow/example_dags/tutorial_dag.py for tasks to queue
[2026-05-24T17:11:33.510+0000] {logging_mixin.py:188} INFO - [2026-05-24T17:11:33.510+0000] {dagbag.py:545} INFO - Filling up the DagBag from /home/varn1t/ml-pipeline/venv/lib/python3.11/site-packages/airflow/example_dags/tutorial_dag.py
[2026-05-24T17:11:33.514+0000] {processor.py:840} INFO - DAG(s) 'tutorial_dag' retrieved from /home/varn1t/ml-pipeline/venv/lib/python3.11/site-packages/airflow/example_dags/tutorial_dag.py
[2026-05-24T17:11:33.525+0000] {logging_mixin.py:188} INFO - [2026-05-24T17:11:33.525+0000] {dag.py:3096} INFO - Sync 1 DAGs
[2026-05-24T17:11:33.532+0000] {logging_mixin.py:188} INFO - [2026-05-24T17:11:33.532+0000] {dag.py:3954} INFO - Setting next_dagrun for tutorial_dag to None, run_after=None
[2026-05-24T17:11:33.546+0000] {processor.py:183} INFO - Processing /home/varn1t/ml-pipeline/venv/lib/python3.11/site-packages/airflow/example_dags/tutorial_dag.py took 0.042 seconds
[2026-05-24T17:12:14.530+0000] {processor.py:161} INFO - Started process (PID=28701) to work on /home/varn1t/ml-pipeline/venv/lib/python3.11/site-packages/airflow/example_dags/tutorial_dag.py
[2026-05-24T17:12:14.530+0000] {processor.py:830} INFO - Processing file /home/varn1t/ml-pipeline/venv/lib/python3.11/site-packages/airflow/example_dags/tutorial_dag.py for tasks to queue
[2026-05-24T17:12:14.532+0000] {logging_mixin.py:188} INFO - [2026-05-24T17:12:14.531+0000] {dagbag.py:545} INFO - Filling up the DagBag from /home/varn1t/ml-pipeline/venv/lib/python3.11/site-packages/airflow/example_dags/tutorial_dag.py
[2026-05-24T17:12:14.536+0000] {processor.py:840} INFO - DAG(s) 'tutorial_dag' retrieved from /home/varn1t/ml-pipeline/venv/lib/python3.11/site-packages/airflow/example_dags/tutorial_dag.py
[2026-05-24T17:12:14.547+0000] {logging_mixin.py:188} INFO - [2026-05-24T17:12:14.547+0000] {dag.py:3096} INFO - Sync 1 DAGs
[2026-05-24T17:12:14.556+0000] {logging_mixin.py:188} INFO - [2026-05-24T17:12:14.556+0000] {dag.py:3954} INFO - Setting next_dagrun for tutorial_dag to None, run_after=None
[2026-05-24T17:12:14.574+0000] {processor.py:183} INFO - Processing /home/varn1t/ml-pipeline/venv/lib/python3.11/site-packages/airflow/example_dags/tutorial_dag.py took 0.048 seconds
[2026-05-24T17:12:56.600+0000] {processor.py:161} INFO - Started process (PID=28891) to work on /home/varn1t/ml-pipeline/venv/lib/python3.11/site-packages/airflow/example_dags/tutorial_dag.py
[2026-05-24T17:12:56.600+0000] {processor.py:830} INFO - Processing file /home/varn1t/ml-pipeline/venv/lib/python3.11/site-packages/airflow/example_dags/tutorial_dag.py for tasks to queue
[2026-05-24T17:12:56.601+0000] {logging_mixin.py:188} INFO - [2026-05-24T17:12:56.601+0000] {dagbag.py:545} INFO - Filling up the DagBag from /home/varn1t/ml-pipeline/venv/lib/python3.11/site-packages/airflow/example_dags/tutorial_dag.py
[2026-05-24T17:12:56.607+0000] {processor.py:840} INFO - DAG(s) 'tutorial_dag' retrieved from /home/varn1t/ml-pipeline/venv/lib/python3.11/site-packages/airflow/example_dags/tutorial_dag.py
[2026-05-24T17:12:56.619+0000] {logging_mixin.py:188} INFO - [2026-05-24T17:12:56.619+0000] {dag.py:3096} INFO - Sync 1 DAGs
[2026-05-24T17:12:56.625+0000] {logging_mixin.py:188} INFO - [2026-05-24T17:12:56.625+0000] {dag.py:3954} INFO - Setting next_dagrun for tutorial_dag to None, run_after=None
[2026-05-24T17:12:56.638+0000] {processor.py:183} INFO - Processing /home/varn1t/ml-pipeline/venv/lib/python3.11/site-packages/airflow/example_dags/tutorial_dag.py took 0.042 seconds
[2026-05-24T17:13:39.420+0000] {processor.py:161} INFO - Started process (PID=29081) to work on /home/varn1t/ml-pipeline/venv/lib/python3.11/site-packages/airflow/example_dags/tutorial_dag.py
[2026-05-24T17:13:39.421+0000] {processor.py:830} INFO - Processing file /home/varn1t/ml-pipeline/venv/lib/python3.11/site-packages/airflow/example_dags/tutorial_dag.py for tasks to queue
[2026-05-24T17:13:39.422+0000] {logging_mixin.py:188} INFO - [2026-05-24T17:13:39.422+0000] {dagbag.py:545} INFO - Filling up the DagBag from /home/varn1t/ml-pipeline/venv/lib/python3.11/site-packages/airflow/example_dags/tutorial_dag.py
[2026-05-24T17:13:39.428+0000] {processor.py:840} INFO - DAG(s) 'tutorial_dag' retrieved from /home/varn1t/ml-pipeline/venv/lib/python3.11/site-packages/airflow/example_dags/tutorial_dag.py
[2026-05-24T17:13:39.441+0000] {logging_mixin.py:188} INFO - [2026-05-24T17:13:39.441+0000] {dag.py:3096} INFO - Sync 1 DAGs
[2026-05-24T17:13:39.450+0000] {logging_mixin.py:188} INFO - [2026-05-24T17:13:39.450+0000] {dag.py:3954} INFO - Setting next_dagrun for tutorial_dag to None, run_after=None
[2026-05-24T17:13:39.466+0000] {processor.py:183} INFO - Processing /home/varn1t/ml-pipeline/venv/lib/python3.11/site-packages/airflow/example_dags/tutorial_dag.py took 0.052 seconds
[2026-05-24T17:14:20.867+0000] {processor.py:161} INFO - Started process (PID=29290) to work on /home/varn1t/ml-pipeline/venv/lib/python3.11/site-packages/airflow/example_dags/tutorial_dag.py
[2026-05-24T17:14:20.868+0000] {processor.py:830} INFO - Processing file /home/varn1t/ml-pipeline/venv/lib/python3.11/site-packages/airflow/example_dags/tutorial_dag.py for tasks to queue
[2026-05-24T17:14:20.869+0000] {logging_mixin.py:188} INFO - [2026-05-24T17:14:20.869+0000] {dagbag.py:545} INFO - Filling up the DagBag from /home/varn1t/ml-pipeline/venv/lib/python3.11/site-packages/airflow/example_dags/tutorial_dag.py
[2026-05-24T17:14:20.874+0000] {processor.py:840} INFO - DAG(s) 'tutorial_dag' retrieved from /home/varn1t/ml-pipeline/venv/lib/python3.11/site-packages/airflow/example_dags/tutorial_dag.py
[2026-05-24T17:14:20.886+0000] {logging_mixin.py:188} INFO - [2026-05-24T17:14:20.886+0000] {dag.py:3096} INFO - Sync 1 DAGs
[2026-05-24T17:14:20.893+0000] {logging_mixin.py:188} INFO - [2026-05-24T17:14:20.893+0000] {dag.py:3954} INFO - Setting next_dagrun for tutorial_dag to None, run_after=None
[2026-05-24T17:14:20.909+0000] {processor.py:183} INFO - Processing /home/varn1t/ml-pipeline/venv/lib/python3.11/site-packages/airflow/example_dags/tutorial_dag.py took 0.046 seconds
[2026-05-24T17:15:03.828+0000] {processor.py:161} INFO - Started process (PID=29478) to work on /home/varn1t/ml-pipeline/venv/lib/python3.11/site-packages/airflow/example_dags/tutorial_dag.py
[2026-05-24T17:15:03.828+0000] {processor.py:830} INFO - Processing file /home/varn1t/ml-pipeline/venv/lib/python3.11/site-packages/airflow/example_dags/tutorial_dag.py for tasks to queue
[2026-05-24T17:15:03.830+0000] {logging_mixin.py:188} INFO - [2026-05-24T17:15:03.830+0000] {dagbag.py:545} INFO - Filling up the DagBag from /home/varn1t/ml-pipeline/venv/lib/python3.11/site-packages/airflow/example_dags/tutorial_dag.py
[2026-05-24T17:15:03.834+0000] {processor.py:840} INFO - DAG(s) 'tutorial_dag' retrieved from /home/varn1t/ml-pipeline/venv/lib/python3.11/site-packages/airflow/example_dags/tutorial_dag.py
[2026-05-24T17:15:03.843+0000] {logging_mixin.py:188} INFO - [2026-05-24T17:15:03.843+0000] {dag.py:3096} INFO - Sync 1 DAGs
[2026-05-24T17:15:03.849+0000] {logging_mixin.py:188} INFO - [2026-05-24T17:15:03.849+0000] {dag.py:3954} INFO - Setting next_dagrun for tutorial_dag to None, run_after=None
[2026-05-24T17:15:03.862+0000] {processor.py:183} INFO - Processing /home/varn1t/ml-pipeline/venv/lib/python3.11/site-packages/airflow/example_dags/tutorial_dag.py took 0.038 seconds
[2026-05-24T17:15:51.268+0000] {processor.py:161} INFO - Started process (PID=29761) to work on /home/varn1t/ml-pipeline/venv/lib/python3.11/site-packages/airflow/example_dags/tutorial_dag.py
[2026-05-24T17:15:51.269+0000] {processor.py:830} INFO - Processing file /home/varn1t/ml-pipeline/venv/lib/python3.11/site-packages/airflow/example_dags/tutorial_dag.py for tasks to queue
[2026-05-24T17:15:51.270+0000] {logging_mixin.py:188} INFO - [2026-05-24T17:15:51.270+0000] {dagbag.py:545} INFO - Filling up the DagBag from /home/varn1t/ml-pipeline/venv/lib/python3.11/site-packages/airflow/example_dags/tutorial_dag.py
[2026-05-24T17:15:51.275+0000] {processor.py:840} INFO - DAG(s) 'tutorial_dag' retrieved from /home/varn1t/ml-pipeline/venv/lib/python3.11/site-packages/airflow/example_dags/tutorial_dag.py
[2026-05-24T17:15:51.288+0000] {logging_mixin.py:188} INFO - [2026-05-24T17:15:51.287+0000] {dag.py:3096} INFO - Sync 1 DAGs
[2026-05-24T17:15:51.297+0000] {logging_mixin.py:188} INFO - [2026-05-24T17:15:51.297+0000] {dag.py:3954} INFO - Setting next_dagrun for tutorial_dag to None, run_after=None
[2026-05-24T17:15:51.311+0000] {processor.py:183} INFO - Processing /home/varn1t/ml-pipeline/venv/lib/python3.11/site-packages/airflow/example_dags/tutorial_dag.py took 0.047 seconds
[2026-05-24T17:16:32.528+0000] {processor.py:161} INFO - Started process (PID=29948) to work on /home/varn1t/ml-pipeline/venv/lib/python3.11/site-packages/airflow/example_dags/tutorial_dag.py
[2026-05-24T17:16:32.528+0000] {processor.py:830} INFO - Processing file /home/varn1t/ml-pipeline/venv/lib/python3.11/site-packages/airflow/example_dags/tutorial_dag.py for tasks to queue
[2026-05-24T17:16:32.530+0000] {logging_mixin.py:188} INFO - [2026-05-24T17:16:32.529+0000] {dagbag.py:545} INFO - Filling up the DagBag from /home/varn1t/ml-pipeline/venv/lib/python3.11/site-packages/airflow/example_dags/tutorial_dag.py
[2026-05-24T17:16:32.535+0000] {processor.py:840} INFO - DAG(s) 'tutorial_dag' retrieved from /home/varn1t/ml-pipeline/venv/lib/python3.11/site-packages/airflow/example_dags/tutorial_dag.py
[2026-05-24T17:16:32.545+0000] {logging_mixin.py:188} INFO - [2026-05-24T17:16:32.545+0000] {dag.py:3096} INFO - Sync 1 DAGs
[2026-05-24T17:16:32.551+0000] {logging_mixin.py:188} INFO - [2026-05-24T17:16:32.551+0000] {dag.py:3954} INFO - Setting next_dagrun for tutorial_dag to None, run_after=None
[2026-05-24T17:16:32.563+0000] {processor.py:183} INFO - Processing /home/varn1t/ml-pipeline/venv/lib/python3.11/site-packages/airflow/example_dags/tutorial_dag.py took 0.040 seconds
[2026-05-24T17:17:19.106+0000] {processor.py:161} INFO - Started process (PID=30462) to work on /home/varn1t/ml-pipeline/venv/lib/python3.11/site-packages/airflow/example_dags/tutorial_dag.py
[2026-05-24T17:17:19.107+0000] {processor.py:830} INFO - Processing file /home/varn1t/ml-pipeline/venv/lib/python3.11/site-packages/airflow/example_dags/tutorial_dag.py for tasks to queue
[2026-05-24T17:17:19.109+0000] {logging_mixin.py:188} INFO - [2026-05-24T17:17:19.108+0000] {dagbag.py:545} INFO - Filling up the DagBag from /home/varn1t/ml-pipeline/venv/lib/python3.11/site-packages/airflow/example_dags/tutorial_dag.py
[2026-05-24T17:17:19.113+0000] {processor.py:840} INFO - DAG(s) 'tutorial_dag' retrieved from /home/varn1t/ml-pipeline/venv/lib/python3.11/site-packages/airflow/example_dags/tutorial_dag.py
[2026-05-24T17:17:19.124+0000] {logging_mixin.py:188} INFO - [2026-05-24T17:17:19.124+0000] {dag.py:3096} INFO - Sync 1 DAGs
[2026-05-24T17:17:19.130+0000] {logging_mixin.py:188} INFO - [2026-05-24T17:17:19.130+0000] {dag.py:3954} INFO - Setting next_dagrun for tutorial_dag to None, run_after=None
[2026-05-24T17:17:19.147+0000] {processor.py:183} INFO - Processing /home/varn1t/ml-pipeline/venv/lib/python3.11/site-packages/airflow/example_dags/tutorial_dag.py took 0.045 seconds
[2026-05-24T17:18:07.033+0000] {processor.py:161} INFO - Started process (PID=30780) to work on /home/varn1t/ml-pipeline/venv/lib/python3.11/site-packages/airflow/example_dags/tutorial_dag.py
[2026-05-24T17:18:07.033+0000] {processor.py:830} INFO - Processing file /home/varn1t/ml-pipeline/venv/lib/python3.11/site-packages/airflow/example_dags/tutorial_dag.py for tasks to queue
[2026-05-24T17:18:07.035+0000] {logging_mixin.py:188} INFO - [2026-05-24T17:18:07.035+0000] {dagbag.py:545} INFO - Filling up the DagBag from /home/varn1t/ml-pipeline/venv/lib/python3.11/site-packages/airflow/example_dags/tutorial_dag.py
[2026-05-24T17:18:07.039+0000] {processor.py:840} INFO - DAG(s) 'tutorial_dag' retrieved from /home/varn1t/ml-pipeline/venv/lib/python3.11/site-packages/airflow/example_dags/tutorial_dag.py
[2026-05-24T17:18:07.052+0000] {logging_mixin.py:188} INFO - [2026-05-24T17:18:07.052+0000] {dag.py:3096} INFO - Sync 1 DAGs
[2026-05-24T17:18:07.061+0000] {logging_mixin.py:188} INFO - [2026-05-24T17:18:07.061+0000] {dag.py:3954} INFO - Setting next_dagrun for tutorial_dag to None, run_after=None
[2026-05-24T17:18:07.080+0000] {processor.py:183} INFO - Processing /home/varn1t/ml-pipeline/venv/lib/python3.11/site-packages/airflow/example_dags/tutorial_dag.py took 0.053 seconds
[2026-05-24T17:18:49.720+0000] {processor.py:161} INFO - Started process (PID=31075) to work on /home/varn1t/ml-pipeline/venv/lib/python3.11/site-packages/airflow/example_dags/tutorial_dag.py
[2026-05-24T17:18:49.722+0000] {processor.py:830} INFO - Processing file /home/varn1t/ml-pipeline/venv/lib/python3.11/site-packages/airflow/example_dags/tutorial_dag.py for tasks to queue
[2026-05-24T17:18:49.723+0000] {logging_mixin.py:188} INFO - [2026-05-24T17:18:49.723+0000] {dagbag.py:545} INFO - Filling up the DagBag from /home/varn1t/ml-pipeline/venv/lib/python3.11/site-packages/airflow/example_dags/tutorial_dag.py
[2026-05-24T17:18:49.728+0000] {processor.py:840} INFO - DAG(s) 'tutorial_dag' retrieved from /home/varn1t/ml-pipeline/venv/lib/python3.11/site-packages/airflow/example_dags/tutorial_dag.py
[2026-05-24T17:18:49.738+0000] {logging_mixin.py:188} INFO - [2026-05-24T17:18:49.738+0000] {dag.py:3096} INFO - Sync 1 DAGs
[2026-05-24T17:18:49.744+0000] {logging_mixin.py:188} INFO - [2026-05-24T17:18:49.744+0000] {dag.py:3954} INFO - Setting next_dagrun for tutorial_dag to None, run_after=None
[2026-05-24T17:18:49.757+0000] {processor.py:183} INFO - Processing /home/varn1t/ml-pipeline/venv/lib/python3.11/site-packages/airflow/example_dags/tutorial_dag.py took 0.042 seconds
[2026-05-24T17:19:32.601+0000] {processor.py:161} INFO - Started process (PID=31430) to work on /home/varn1t/ml-pipeline/venv/lib/python3.11/site-packages/airflow/example_dags/tutorial_dag.py
[2026-05-24T17:19:32.602+0000] {processor.py:830} INFO - Processing file /home/varn1t/ml-pipeline/venv/lib/python3.11/site-packages/airflow/example_dags/tutorial_dag.py for tasks to queue
[2026-05-24T17:19:32.603+0000] {logging_mixin.py:188} INFO - [2026-05-24T17:19:32.603+0000] {dagbag.py:545} INFO - Filling up the DagBag from /home/varn1t/ml-pipeline/venv/lib/python3.11/site-packages/airflow/example_dags/tutorial_dag.py
[2026-05-24T17:19:32.607+0000] {processor.py:840} INFO - DAG(s) 'tutorial_dag' retrieved from /home/varn1t/ml-pipeline/venv/lib/python3.11/site-packages/airflow/example_dags/tutorial_dag.py
[2026-05-24T17:19:32.711+0000] {logging_mixin.py:188} INFO - [2026-05-24T17:19:32.711+0000] {dag.py:3096} INFO - Sync 1 DAGs
[2026-05-24T17:19:32.716+0000] {logging_mixin.py:188} INFO - [2026-05-24T17:19:32.716+0000] {dag.py:3954} INFO - Setting next_dagrun for tutorial_dag to None, run_after=None
[2026-05-24T17:19:32.736+0000] {processor.py:183} INFO - Processing /home/varn1t/ml-pipeline/venv/lib/python3.11/site-packages/airflow/example_dags/tutorial_dag.py took 0.140 seconds
[2026-05-24T17:20:21.541+0000] {processor.py:161} INFO - Started process (PID=31684) to work on /home/varn1t/ml-pipeline/venv/lib/python3.11/site-packages/airflow/example_dags/tutorial_dag.py
[2026-05-24T17:20:21.542+0000] {processor.py:830} INFO - Processing file /home/varn1t/ml-pipeline/venv/lib/python3.11/site-packages/airflow/example_dags/tutorial_dag.py for tasks to queue
[2026-05-24T17:20:21.543+0000] {logging_mixin.py:188} INFO - [2026-05-24T17:20:21.543+0000] {dagbag.py:545} INFO - Filling up the DagBag from /home/varn1t/ml-pipeline/venv/lib/python3.11/site-packages/airflow/example_dags/tutorial_dag.py
[2026-05-24T17:20:21.547+0000] {processor.py:840} INFO - DAG(s) 'tutorial_dag' retrieved from /home/varn1t/ml-pipeline/venv/lib/python3.11/site-packages/airflow/example_dags/tutorial_dag.py
[2026-05-24T17:20:21.557+0000] {logging_mixin.py:188} INFO - [2026-05-24T17:20:21.557+0000] {dag.py:3096} INFO - Sync 1 DAGs
[2026-05-24T17:20:21.564+0000] {logging_mixin.py:188} INFO - [2026-05-24T17:20:21.563+0000] {dag.py:3954} INFO - Setting next_dagrun for tutorial_dag to None, run_after=None
[2026-05-24T17:20:21.580+0000] {processor.py:183} INFO - Processing /home/varn1t/ml-pipeline/venv/lib/python3.11/site-packages/airflow/example_dags/tutorial_dag.py took 0.043 seconds
[2026-05-24T17:21:05.977+0000] {processor.py:161} INFO - Started process (PID=32030) to work on /home/varn1t/ml-pipeline/venv/lib/python3.11/site-packages/airflow/example_dags/tutorial_dag.py
[2026-05-24T17:21:05.978+0000] {processor.py:830} INFO - Processing file /home/varn1t/ml-pipeline/venv/lib/python3.11/site-packages/airflow/example_dags/tutorial_dag.py for tasks to queue
[2026-05-24T17:21:05.979+0000] {logging_mixin.py:188} INFO - [2026-05-24T17:21:05.979+0000] {dagbag.py:545} INFO - Filling up the DagBag from /home/varn1t/ml-pipeline/venv/lib/python3.11/site-packages/airflow/example_dags/tutorial_dag.py
[2026-05-24T17:21:05.983+0000] {processor.py:840} INFO - DAG(s) 'tutorial_dag' retrieved from /home/varn1t/ml-pipeline/venv/lib/python3.11/site-packages/airflow/example_dags/tutorial_dag.py
[2026-05-24T17:21:05.995+0000] {logging_mixin.py:188} INFO - [2026-05-24T17:21:05.995+0000] {dag.py:3096} INFO - Sync 1 DAGs
[2026-05-24T17:21:06.003+0000] {logging_mixin.py:188} INFO - [2026-05-24T17:21:06.003+0000] {dag.py:3954} INFO - Setting next_dagrun for tutorial_dag to None, run_after=None
[2026-05-24T17:21:06.018+0000] {processor.py:183} INFO - Processing /home/varn1t/ml-pipeline/venv/lib/python3.11/site-packages/airflow/example_dags/tutorial_dag.py took 0.045 seconds
[2026-05-24T17:21:49.886+0000] {processor.py:161} INFO - Started process (PID=32253) to work on /home/varn1t/ml-pipeline/venv/lib/python3.11/site-packages/airflow/example_dags/tutorial_dag.py
[2026-05-24T17:21:49.887+0000] {processor.py:830} INFO - Processing file /home/varn1t/ml-pipeline/venv/lib/python3.11/site-packages/airflow/example_dags/tutorial_dag.py for tasks to queue
[2026-05-24T17:21:49.888+0000] {logging_mixin.py:188} INFO - [2026-05-24T17:21:49.888+0000] {dagbag.py:545} INFO - Filling up the DagBag from /home/varn1t/ml-pipeline/venv/lib/python3.11/site-packages/airflow/example_dags/tutorial_dag.py
[2026-05-24T17:21:49.893+0000] {processor.py:840} INFO - DAG(s) 'tutorial_dag' retrieved from /home/varn1t/ml-pipeline/venv/lib/python3.11/site-packages/airflow/example_dags/tutorial_dag.py
[2026-05-24T17:21:49.904+0000] {logging_mixin.py:188} INFO - [2026-05-24T17:21:49.904+0000] {dag.py:3096} INFO - Sync 1 DAGs
[2026-05-24T17:21:49.912+0000] {logging_mixin.py:188} INFO - [2026-05-24T17:21:49.911+0000] {dag.py:3954} INFO - Setting next_dagrun for tutorial_dag to None, run_after=None
[2026-05-24T17:21:49.926+0000] {processor.py:183} INFO - Processing /home/varn1t/ml-pipeline/venv/lib/python3.11/site-packages/airflow/example_dags/tutorial_dag.py took 0.045 seconds
[2026-05-24T17:22:33.114+0000] {processor.py:161} INFO - Started process (PID=32459) to work on /home/varn1t/ml-pipeline/venv/lib/python3.11/site-packages/airflow/example_dags/tutorial_dag.py
[2026-05-24T17:22:33.125+0000] {processor.py:830} INFO - Processing file /home/varn1t/ml-pipeline/venv/lib/python3.11/site-packages/airflow/example_dags/tutorial_dag.py for tasks to queue
[2026-05-24T17:22:33.134+0000] {logging_mixin.py:188} INFO - [2026-05-24T17:22:33.132+0000] {dagbag.py:545} INFO - Filling up the DagBag from /home/varn1t/ml-pipeline/venv/lib/python3.11/site-packages/airflow/example_dags/tutorial_dag.py
[2026-05-24T17:22:33.166+0000] {processor.py:840} INFO - DAG(s) 'tutorial_dag' retrieved from /home/varn1t/ml-pipeline/venv/lib/python3.11/site-packages/airflow/example_dags/tutorial_dag.py
[2026-05-24T17:22:33.232+0000] {logging_mixin.py:188} INFO - [2026-05-24T17:22:33.232+0000] {dag.py:3096} INFO - Sync 1 DAGs
[2026-05-24T17:22:33.265+0000] {logging_mixin.py:188} INFO - [2026-05-24T17:22:33.265+0000] {dag.py:3954} INFO - Setting next_dagrun for tutorial_dag to None, run_after=None
[2026-05-24T17:22:33.321+0000] {processor.py:183} INFO - Processing /home/varn1t/ml-pipeline/venv/lib/python3.11/site-packages/airflow/example_dags/tutorial_dag.py took 0.217 seconds
[2026-05-24T17:23:19.827+0000] {processor.py:161} INFO - Started process (PID=32669) to work on /home/varn1t/ml-pipeline/venv/lib/python3.11/site-packages/airflow/example_dags/tutorial_dag.py
[2026-05-24T17:23:19.828+0000] {processor.py:830} INFO - Processing file /home/varn1t/ml-pipeline/venv/lib/python3.11/site-packages/airflow/example_dags/tutorial_dag.py for tasks to queue
[2026-05-24T17:23:19.829+0000] {logging_mixin.py:188} INFO - [2026-05-24T17:23:19.829+0000] {dagbag.py:545} INFO - Filling up the DagBag from /home/varn1t/ml-pipeline/venv/lib/python3.11/site-packages/airflow/example_dags/tutorial_dag.py
[2026-05-24T17:23:19.833+0000] {processor.py:840} INFO - DAG(s) 'tutorial_dag' retrieved from /home/varn1t/ml-pipeline/venv/lib/python3.11/site-packages/airflow/example_dags/tutorial_dag.py
[2026-05-24T17:23:19.842+0000] {logging_mixin.py:188} INFO - [2026-05-24T17:23:19.842+0000] {dag.py:3096} INFO - Sync 1 DAGs
[2026-05-24T17:23:19.849+0000] {logging_mixin.py:188} INFO - [2026-05-24T17:23:19.848+0000] {dag.py:3954} INFO - Setting next_dagrun for tutorial_dag to None, run_after=None
[2026-05-24T17:23:19.862+0000] {processor.py:183} INFO - Processing /home/varn1t/ml-pipeline/venv/lib/python3.11/site-packages/airflow/example_dags/tutorial_dag.py took 0.041 seconds
[2026-05-24T17:24:03.587+0000] {processor.py:161} INFO - Started process (PID=32952) to work on /home/varn1t/ml-pipeline/venv/lib/python3.11/site-packages/airflow/example_dags/tutorial_dag.py
[2026-05-24T17:24:03.588+0000] {processor.py:830} INFO - Processing file /home/varn1t/ml-pipeline/venv/lib/python3.11/site-packages/airflow/example_dags/tutorial_dag.py for tasks to queue
[2026-05-24T17:24:03.589+0000] {logging_mixin.py:188} INFO - [2026-05-24T17:24:03.588+0000] {dagbag.py:545} INFO - Filling up the DagBag from /home/varn1t/ml-pipeline/venv/lib/python3.11/site-packages/airflow/example_dags/tutorial_dag.py
[2026-05-24T17:24:03.592+0000] {processor.py:840} INFO - DAG(s) 'tutorial_dag' retrieved from /home/varn1t/ml-pipeline/venv/lib/python3.11/site-packages/airflow/example_dags/tutorial_dag.py
[2026-05-24T17:24:03.602+0000] {logging_mixin.py:188} INFO - [2026-05-24T17:24:03.602+0000] {dag.py:3096} INFO - Sync 1 DAGs
[2026-05-24T17:24:03.610+0000] {logging_mixin.py:188} INFO - [2026-05-24T17:24:03.609+0000] {dag.py:3954} INFO - Setting next_dagrun for tutorial_dag to None, run_after=None
[2026-05-24T17:24:03.627+0000] {processor.py:183} INFO - Processing /home/varn1t/ml-pipeline/venv/lib/python3.11/site-packages/airflow/example_dags/tutorial_dag.py took 0.046 seconds
[2026-05-24T17:24:45.339+0000] {processor.py:161} INFO - Started process (PID=33200) to work on /home/varn1t/ml-pipeline/venv/lib/python3.11/site-packages/airflow/example_dags/tutorial_dag.py
[2026-05-24T17:24:45.340+0000] {processor.py:830} INFO - Processing file /home/varn1t/ml-pipeline/venv/lib/python3.11/site-packages/airflow/example_dags/tutorial_dag.py for tasks to queue
[2026-05-24T17:24:45.341+0000] {logging_mixin.py:188} INFO - [2026-05-24T17:24:45.341+0000] {dagbag.py:545} INFO - Filling up the DagBag from /home/varn1t/ml-pipeline/venv/lib/python3.11/site-packages/airflow/example_dags/tutorial_dag.py
[2026-05-24T17:24:45.344+0000] {processor.py:840} INFO - DAG(s) 'tutorial_dag' retrieved from /home/varn1t/ml-pipeline/venv/lib/python3.11/site-packages/airflow/example_dags/tutorial_dag.py
[2026-05-24T17:24:45.354+0000] {logging_mixin.py:188} INFO - [2026-05-24T17:24:45.354+0000] {dag.py:3096} INFO - Sync 1 DAGs
[2026-05-24T17:24:45.360+0000] {logging_mixin.py:188} INFO - [2026-05-24T17:24:45.360+0000] {dag.py:3954} INFO - Setting next_dagrun for tutorial_dag to None, run_after=None
[2026-05-24T17:24:45.375+0000] {processor.py:183} INFO - Processing /home/varn1t/ml-pipeline/venv/lib/python3.11/site-packages/airflow/example_dags/tutorial_dag.py took 0.042 seconds
[2026-05-24T17:25:30.428+0000] {processor.py:161} INFO - Started process (PID=33435) to work on /home/varn1t/ml-pipeline/venv/lib/python3.11/site-packages/airflow/example_dags/tutorial_dag.py
[2026-05-24T17:25:30.429+0000] {processor.py:830} INFO - Processing file /home/varn1t/ml-pipeline/venv/lib/python3.11/site-packages/airflow/example_dags/tutorial_dag.py for tasks to queue
[2026-05-24T17:25:30.431+0000] {logging_mixin.py:188} INFO - [2026-05-24T17:25:30.430+0000] {dagbag.py:545} INFO - Filling up the DagBag from /home/varn1t/ml-pipeline/venv/lib/python3.11/site-packages/airflow/example_dags/tutorial_dag.py
[2026-05-24T17:25:30.435+0000] {processor.py:840} INFO - DAG(s) 'tutorial_dag' retrieved from /home/varn1t/ml-pipeline/venv/lib/python3.11/site-packages/airflow/example_dags/tutorial_dag.py
[2026-05-24T17:25:30.446+0000] {logging_mixin.py:188} INFO - [2026-05-24T17:25:30.446+0000] {dag.py:3096} INFO - Sync 1 DAGs
[2026-05-24T17:25:30.453+0000] {logging_mixin.py:188} INFO - [2026-05-24T17:25:30.453+0000] {dag.py:3954} INFO - Setting next_dagrun for tutorial_dag to None, run_after=None
[2026-05-24T17:25:30.476+0000] {processor.py:183} INFO - Processing /home/varn1t/ml-pipeline/venv/lib/python3.11/site-packages/airflow/example_dags/tutorial_dag.py took 0.054 seconds
